price_to_sma_4w,price_to_sma_8w,price_to_sma_12w,price_to_ema_8w,price_to_ema_12w,macd_histogram,return_lag_1w,return_lag_2w,return_lag_3w,rsi_14w,stochastic_14w,roc_4w,volatility_12w,atr_pct_14w,bb_position_20w,volume_ratio_20w,mfi_14w,obv_roc_4w,bench_corr_12w,bench_beta_12w,date,ticker
0.2639205546919689,1.5327856367635002,-2.1449082594529525,-0.25573102462465763,-0.30978380749556045,-0.05084237877671538,0.5022128273793385,0.48912228411858044,0.5049881374293375,-0.4394442215112774,-0.534534816625748,-0.24181878770581267,2.562359767490282,1.891331131754039,1.3810560712957496,0.8714127550045936,0.3304849062700302,0.10015895416469692,0.8251558526706292,0.5286083139720557,2020-01-03,NVDA
0.2639205546919689,1.5327856367635002,-2.1449082594529525,-0.02507341515226417,-0.12018755763335838,-0.050291876080862254,0.5022128273793385,0.48912228411858044,0.5049881374293375,-0.4394442215112774,-0.534534816625748,-0.24181878770581267,2.562359767490282,1.891331131754039,1.3810560712957496,0.8714127550045936,0.3304849062700302,0.10015895416469692,0.8251558526706292,0.5286083139720557,2020-01-10,NVDA
0.2639205546919689,1.5327856367635002,-2.1449082594529525,0.05738549420523361,-0.04629117998226386,-0.04970961621753694,0.5022128273793385,0.48912228411858044,0.5049881374293375,-0.4394442215112774,-0.534534816625748,-0.24181878770581267,2.562359767490282,1.891331131754039,1.3810560712957496,0.8714127550045936,0.3304849062700302,0.10015895416469692,0.8251558526706292,0.5286083139720557,2020-01-17,NVDA
0.2639205546919689,1.5327856367635002,-2.1449082594529525,-0.0054976518629031666,-0.09071743254958804,-0.04953219935810367,0.23734592546228453,0.48912228411858044,0.5049881374293375,-0.4394442215112774,-0.534534816625748,-0.24181878770581267,2.562359767490282,1.891331131754039,1.3810560712957496,0.8714127550045936,0.3304849062700302,0.10015895416469692,0.8251558526706292,0.5286083139720557,2020-01-24,NVDA
-0.8616857968957955,1.5327856367635002,-2.1449082594529525,-0.6932561554906171,-0.6555592050940227,-0.05227744363351998,-0.04274335453319796,0.22654100468195143,0.5049881374293375,-0.4394442215112774,-0.534534816625748,-0.24181878770581267,2.562359767490282,1.891331131754039,1.3810560712957496,0.8714127550045936,0.3304849062700302,0.10015895416469692,0.8251558526706292,0.5286083139720557,2020-01-31,NVDA
0.19756722004630123,1.5327856367635002,-2.1449082594529525,0.11284363723382379,-0.00540086956203427,-0.05019695307852689,-1.144208440302606,-0.05113129399102448,0.23907999081827025,-0.4394442215112774,-0.534534816625748,0.00389928487845264,2.562359767490282,1.891331131754039,1.3810560712957496,0.8714127550045936,0.3304849062700302,0.10015895416469692,0.8251558526706292,0.5286083139720557,2020-02-07,NVDA
2.31366653939211,1.5327856367635002,-2.1449082594529525,1.6706825774466008,1.319428979996122,-0.04063026072879388,1.0298025301962968,-1.1430914799665501,-0.04211037607985821,-0.4394442215112774,-0.534534816625748,1.1593414559201225,2.562359767490282,1.891331131754039,1.3810560712957496,0.8714127550045936,0.3304849062700302,0.0902694781562422,0.8251558526706292,0.5286083139720557,2020-02-14,NVDA
1.7308794624139374,1.5327856367635002,-2.1449082594529525,1.3094782108504865,1.0949252534999216,-0.03560263470956891,2.6160754061275933,1.0121592441184057,-1.147905541100004,-0.4394442215112774,-0.534534816625748,1.2595935834486374,2.562359767490282,1.891331131754039,1.3810560712957496,0.8714127550045936,0.3304849062700302,0.09805069592926417,0.8251558526706292,0.5286083139720557,2020-02-21,NVDA
-0.606246650216996,0.1806668304430238,-2.1449082594529525,-0.11228910055501962,-0.059880952487820084,-0.04026079818464675,0.13730370816469054,2.584743656451286,1.0346519007449768,-0.4394442215112774,-0.534534816625748,0.9892586078269509,2.562359767490282,1.891331131754039,1.3810560712957496,0.8714127550045936,0.3304849062700302,0.0788466004018211,0.8251558526706292,0.5286083139720557,2020-02-28,NVDA
-1.13588447925505,-0.13909262070633538,-2.1449082594529525,-0.32272672863164364,-0.25618476252223055,-0.0447934536269345,-1.595811461704504,0.1273620841541386,2.6271607321820984,-0.4394442215112774,-0.534534816625748,0.2503128939037756,2.562359767490282,1.891331131754039,1.3810560712957496,0.8714127550045936,0.3304849062700302,-0.02734811152908887,0.8251558526706292,0.5286083139720557,2020-03-06,NVDA
-2.127756252815983,-1.268970018476567,-2.1449082594529525,-1.4412509877168578,-1.2186231546172954,-0.054942693264814046,-0.3996594650155563,-1.5907974722928135,0.13864448758277884,-0.4394442215112774,-0.534534816625748,-1.7209674184978867,2.562359767490282,1.891331131754039,1.3810560712957496,0.8714127550045936,0.3304849062700302,-0.07269170763906856,0.8251558526706292,0.5286083139720557,2020-03-13,NVDA
-3.3401004775884937,-2.701569477712497,-2.1449082594529525,-2.879041906829968,-2.473806664237947,-0.07080480788583697,-1.8428257094019893,-0.4049674594902994,-1.6012839041789166,-0.4394442215112774,-0.534534816625748,-2.8655147018761022,2.562359767490282,1.891331131754039,1.3810560712957496,0.8714127550045936,0.3304849062700302,-0.09547780354361352,0.8251558526706292,0.5286083139720557,2020-03-20,NVDA
0.75136990432526,-0.5520733945078478,-0.38335630281869276,-0.033624328644115464,-0.2307433667014719,-0.06491628763926552,-2.7647062322555978,-1.8356801538586445,-0.4004295950803355,-0.4394442215112774,-0.534534816625748,-0.8139241815377734,2.562359767490282,1.891331131754039,1.3810560712957496,0.8714127550045936,0.3304849062700302,-0.08066238564302369,0.8251558526706292,0.5286083139720557,2020-03-27,NVDA
0.5009698198680452,-0.9280654835835466,-0.7214790017342781,-0.5055598740964588,-0.5971318319343074,-0.0633321807360721,3.999572975260434,-2.7496054704103345,-1.8492692142209195,-0.4394442215112774,-0.534534816625748,-0.9790985109569988,2.5848848545679113,1.891331131754039,1.3810560712957496,0.8714127550045936,0.3304849062700302,-0.282102065388059,0.7916496165685034,0.5588880882305606,2020-04-03,NVDA
1.5780203592684352,0.14190695677249343,-0.03532701571650295,0.4540778624617379,0.2115328697218771,-0.055661012987534245,-0.7609324400471481,3.956302575935053,-2.7747738335395367,-0.22200565431848043,-0.05992365041815952,0.5439480672060364,2.6864614326570715,1.831351361278728,1.3810560712957496,0.8714127550045936,0.4880069698317637,0.053168047840419896,0.6805136886859542,0.21731107630020013,2020-04-10,NVDA
2.0075181987336315,1.5687983453994465,0.9371106626688366,1.6151697102884188,1.2571289246227204,-0.04128540980596101,1.2819220795774657,-0.7631228927402427,4.016097106588883,-0.016624047554856743,0.6721837185713334,3.407054539491631,2.8788362397710627,1.5915446105208821,1.3810560712957496,0.8714127550045936,0.5674049621192703,-0.05503184886335225,0.7411809615547914,0.20240998515382455,2020-04-17,NVDA
1.077612737352615,1.304299852509836,0.6496787364213285,1.0363486401897535,0.8715894631628438,-0.0340373501941704,1.8901574597012751,1.262103172062357,-0.7631228063347975,-0.09678797861039376,0.6041329949528277,1.0143332383816561,2.778708814574683,1.7822260152930298,1.3810560712957496,0.8714127550045936,0.6296170107628971,0.039838782545183735,0.7733996432946643,0.17476802304408875,2020-04-24,NVDA
-0.10921209817165942,0.8696005133451149,0.2939349413521606,0.4329892518111091,0.41096713661069795,-0.03292384789162676,-0.2986914626127479,1.865089891639534,1.2877625824312775,-0.1921781411448348,0.43437963994677237,1.1319618031106584,2.772976425750493,1.9794922927884786,1.3810560712957496,0.8714127550045936,0.6860463415694871,0.00012200541270855057,0.7468584861789568,0.2152398964330306,2020-05-01,NVDA
1.037315111265857,1.7829910826173674,1.3040722043030095,1.5274085662480854,1.3765546156524515,-0.02317984768915132,-0.5550773536143547,-0.30487074275748277,1.8983890573188384,0.23466479399348805,1.1752122316367468,1.3850407942766116,2.5485404426231972,1.6485329734107343,1.3810560712957496,0.8714127550045936,0.9371740211658895,0.012585417499394503,0.9555863944850902,0.14007709040183777,2020-05-08,NVDA
1.965975888555793,2.110858236551721,2.1198577894707307,2.1699778569783423,2.0219286374910204,-0.009455126416332237,1.770893357671627,-0.5590441966750459,-0.2990646672934715,0.3209629531050805,1.2574555589423042,1.1535574633739631,2.6596391418273906,1.4332629054534742,1.3810560712957496,0.8714127550045936,1.0432575859180429,-0.20665689194893436,0.8288310563350858,0.136967197529829,2020-05-15,NVDA
2.062308954240545,2.3273538098796522,2.5375945966985576,2.365377340756547,2.3045247732524436,0.0040282099264937745,1.4402419575467518,1.7468549582630233,-0.5564584624412479,0.19821515429942438,1.2164673821596672,1.8926785118478602,2.462939517698349,1.0606223953139275,1.4107577529296107,1.4580351161092138,1.1079308142791318,-0.16256851984574786,0.8431583315709706,0.3809354317134347,2020-05-22,NVDA
0.5703837610886977,1.4285127997060807,2.005215586833092,1.4882909574569463,1.6254511876699922,0.006795341425816751,1.0107794026373345,1.41905685640924,1.7786561042831728,0.08757428863446548,1.044051241334386,1.9684096137513338,2.466395582560338,1.2341305973313474,1.0096715029465695,0.7605838969036522,0.5569412840097226,-0.067321011587961,0.8193611966055214,0.3680677639117014,2020-05-29,NVDA
0.04034754865442335,0.9952581268034262,1.67403629310792,1.1353180981417101,1.3424206749113434,0.005540399159322321,-0.43183546132339734,0.9933002733026306,1.4467048474625148,0.4268850152798569,1.0792073605991632,0.9832922279487092,2.1169978843407082,0.9480665355193959,0.840937571588911,-0.8696213534775845,1.1123787220259527,-0.12040509562439028,0.6483805976306796,0.36025127202525414,2020-06-05,NVDA
-0.1782023813711757,0.6817637227255515,1.2081707149943377,0.8216515589986347,1.069786441104466,0.001221537736880332,-0.030829419545437064,-0.4368657986807014,1.01555398947204,0.49117559537617594,0.8813503912664592,0.201920705158057,1.2439787261964583,0.9823277393328038,0.6904333621586025,-0.26968833481491,1.1236711433488695,1.1124981767119413,0.1554111179209253,0.40884447082816416,2020-06-12,NVDA
0.4051800892095455,0.7623659253678073,1.2629601243826085,1.0215883045537286,1.234121577246899,-0.0001686955005635807,-0.10445532048824739,-0.0393201682158955,-0.4327320816562607,0.9954983466982876,1.1040137958197171,-0.024411268348052035,0.06148706841424217,0.7065649888810681,0.7514616146097907,-0.8725485248178653,1.511447120572899,0.06164080198778436,-0.20328365166477622,-0.46370493449357814,2020-06-19,NVDA
0.01952781167623095,0.22011522902931058,0.7843242233507393,0.5756639753156864,0.8410753683043234,-0.006263743924495045,0.5357889607712671,-0.11231072735828289,-0.030149605034058204,1.6300018341671711,0.914144801632347,0.023097552283317963,-0.0540680804348979,0.47987199475122755,0.5561591410703702,-0.8392463537091667,1.932078327966226,0.4078775585621624,-0.2297108424183799,-0.5925799604816758,2020-06-26,NVDA
0.6160403537775653,0.5229767847918271,0.9860113243676532,0.9907655598237832,1.1843758508327082,-0.006516628728916408,-0.33727663727811263,0.522408678155645,-0.10406494409897353,1.5125994616459117,1.1538565929274134,0.4203769332020475,-0.12771531241089998,0.13269590143208623,0.6916953999334579,-1.6608348858004187,1.9112340630100184,0.10109561216424073,-0.2164012774301213,-0.2375040863416184,2020-07-03,NVDA
1.557924576766054,1.3188308848912684,1.6197501124390346,1.7982625984666432,1.9075552189887865,0.0031277030010410595,0.7734469946161653,-0.3431229534247489,0.5386962653078811,1.8615180346531557,1.1286350475548759,1.2520562171586294,-0.2642160350948315,-0.06816319611577046,0.9585998005387719,-0.9134185853406213,1.9079249667843903,0.04899386486707406,-0.5364471479069186,-0.3037394042516651,2020-07-10,NVDA
0.5022250630526505,0.7407580329276873,0.9956126054861959,0.9542760798369201,1.208072716937235,0.0007421600475494215,1.5014010048599866,0.7580158836755317,-0.3378015279871663,1.5246035210685402,0.809305700897245,0.6285601005092872,-0.1858410408659822,0.03753039914579826,0.6573687442867187,-0.817436822263189,1.4811967898954017,0.002047019403347457,-0.39858507103140867,-0.22464852689658033,2020-07-17,NVDA
-0.02943074673073371,0.5029671180056604,0.6755023576698318,0.6605188464700742,0.9408924140917694,-0.004954092595111623,-0.6091329737370844,1.4796881424491382,0.7772885803519005,1.3716000129503134,0.7755649541023867,0.7331781302259686,-0.2784050681022677,-0.01480526193360918,0.5323687630834885,-1.0019654239304474,1.0938101239870222,0.003903977485976208,-0.42760129577952444,-0.3991661457820281,2020-07-24,NVDA
0.28624319795019676,0.7471739065944252,0.8428795583654339,0.9516303183079746,1.1769145609910467,-0.005820754292032095,-0.14220072447173407,-0.6126333533036524,1.5081043232061986,1.5310323030229491,1.1069378529472171,0.6526624910411537,-0.5657660939210186,-0.13869122592366256,0.620254527371606,-1.2768855099040022,1.0885084328655579,0.006267828282162913,-0.9476160017660186,-0.8299229842039667,2020-07-31,NVDA
1.0266930193820898,1.0852961759977335,1.1766457166421993,1.34493574883298,1.525518714364748,-0.0010852437624242932,0.6157069448690732,-0.14973041399749984,-0.610726586003354,1.7926713646314947,1.035969983738228,0.3431288220649747,-0.7321992489371224,-0.20141312392888994,0.8189032820656647,-1.155784587856774,1.1023214499353804,0.0033397954523199844,0.2901348212180342,-0.28347210887779684,2020-08-07,NVDA
1.032049252247508,1.138501242990184,1.2949062102339621,1.3684797778144353,1.56936896174806,0.0033518002581350574,0.866463216860848,0.6016370240248836,-0.14195873280451016,1.7448494048961456,1.1367684082190528,0.9073769740418134,-0.8267901710219691,-0.25036638666294103,0.8493386005480537,-0.4757078840253976,1.1479855118574471,0.0401694587677113,0.16799564719231716,-0.46504483048881945,2020-08-14,NVDA
1.8096139058540601,1.8508270098953306,2.0098221562443968,2.173166724590533,2.3121202436366493,0.019330412010411278,0.4587857140052461,0.8502294387425948,0.6189284229634091,1.800017997364508,1.1779027960429893,1.8699474642537883,-0.6373251000989635,-0.3945299925868086,1.1824223888347496,1.8523211532760957,1.2329265709058606,0.12338791214835276,0.3497219450759525,-0.19657776875181565,2020-08-21,NVDA
1.43504559592352,1.7921267588146994,2.035329955251424,2.0382656598330025,2.2582966991182087,0.031109348006036434,1.620965431155366,0.44606991740354357,0.870670467944607,1.7917775308711217,1.2655554486890512,1.8218954074680627,-0.6774369296119521,-0.46627837963022756,1.1551142058433945,-0.4905270913992659,1.1937540894941652,0.10041200431349775,0.5324553028111148,-0.20212757174322263,2020-08-28,NVDA
0.01919453264926324,0.9035625427040116,1.2250702650390752,0.9552771888219515,1.3298247311999478,0.023604222681935016,0.5321494597872034,1.598220808495797,0.4613903033987576,1.4409291365468564,0.09626536647648658,0.8537396739002588,-0.4477095862821038,-0.017964557359444612,0.7602334165068669,2.5867882717189628,1.8346868607890288,0.03548426368240101,0.7252680449664028,0.02104117462407494,2020-09-04,NVDA
-0.9221251351073362,0.14554168277762256,0.5770299365136002,0.21372907193037702,0.64266850223627,0.005249186425980139,-0.8470807082857907,0.5188005836070644,1.6281387811422692,1.0561036601058698,-0.16573890647271008,0.1996227640920825,-0.25365297875195464,0.28673182825330834,0.46369525061459427,0.6149055363852157,1.2624321272906214,-0.0012487227080168204,0.885388958918414,-0.019804283994421256,2020-09-11,NVDA
-0.7000307928729683,-0.09262904093857147,0.36106272336281126,0.13167387299697156,0.5080466077419287,-0.011236124447453373,-0.7859893338999715,-0.8485277596059287,0.5350424567185217,1.0588576494723132,-0.16564419683586992,-0.5917571932726036,-0.29150283886816125,0.38439492509114476,0.40846787142685254,1.8993315347005002,1.3490669750188788,0.0028737954813909143,0.8656052166376415,-0.06485127992540718,2020-09-18,NVDA
0.4744024251166408,0.30408319398846967,0.6905762192716695,0.7164747973587275,0.96865986428089,-0.015001668804179212,-0.09300255867512164,-0.7879635625217868,-0.849609740622511,1.1342004516000868,0.19246258161666333,-0.4339288852975597,-0.2749622648799482,0.27728630275267957,0.63784701963251,0.9341244441935729,1.4153563040511987,0.009331592577655697,0.9447832698669376,0.18829053525302294,2020-09-25,NVDA
0.5906920453180731,0.24969544771419888,0.6498868589462429,0.6704615137718826,0.9139283731491356,-0.018770850082910035,0.8857656560798898,-0.10095679514475442,-0.7882782038420368,1.2476550939645523,0.30164273129611563,0.04813678184790655,-0.5033807215758882,0.32880370410823256,0.612098714644715,0.48365407081071177,1.4651867994083205,0.05109783614535368,0.803441694642479,0.06287927508542021,2020-10-02,NVDA
1.019900530095988,0.6459093533672438,0.9498444321514736,1.1093619581442349,1.288649382599335,-0.013991968341577366,0.13500479195707493,0.8693653109474616,-0.09256715919166954,1.2897974747156593,0.6169764897050218,0.888466900598094,-0.5827854961441173,0.2215870778822896,0.788170423201585,-0.12462735211782011,1.5134518968458925,0.10566372594849213,0.787496301535364,-0.14543836941509541,2020-10-09,NVDA
0.4634523524305063,0.5481308960284614,0.7208909122957892,0.8298023440890862,1.054759537633863,-0.014901326223649479,0.8400421008326057,0.12508300604077605,0.8900487889075468,1.1342812479963182,0.6417645435064396,0.9032827813401103,-0.5944405601345892,0.12996759794964705,0.6774499891159061,-1.1386526988315384,1.5157532626977268,0.06228195837109642,0.6816068899471208,-0.13492996546332028,2020-10-16,NVDA
-0.12112266669694327,0.28331790554873193,0.3399573974575545,0.37588555734630863,0.6486519362044354,-0.0238660703809308,-0.06573777666115482,0.824036319101651,0.13633653387638237,1.179189030188773,0.4909304633369702,0.22932474644336884,-0.5230453023095524,0.1287208721221924,0.47892764222397527,-1.5063558207177015,1.5547920424252155,0.03204849607638249,0.7973741018534393,0.09862363529282725,2020-10-23,NVDA
-1.4637996504877884,-0.7029083286139408,-0.5546885455576126,-0.7367893437205095,-0.3550278971810795,-0.0513107857601936,-0.4195027480626943,-0.07392728978575645,0.8441454852320971,0.4649490569432255,-0.37204084614356614,-0.6070819196174181,-0.16367891357340225,0.4728906387376484,-0.08635036166732905,-0.8715071614247664,1.5160011343490376,0.012192410116530486,0.9840819631341784,0.2451677060926988,2020-10-30,NVDA
1.173187092125119,0.9017929806187419,0.7770637588304156,1.2046691171304391,1.258792798677593,-0.037701127021807716,-1.5353583140261249,-0.42463950840629555,-0.06519519387393773,0.8334025410400999,1.1271630868748674,0.2503673530152999,0.6542905418855568,0.31516837706888445,0.8113864453428381,-0.8711383206166993,1.5321545779844976,0.009573634467155315,1.209827815339162,0.447947836317824,2020-11-06,NVDA
-0.45684127706233896,-0.39194527857131284,-0.20629607795746266,-0.2578743706302727,0.014017380025491962,-0.053858626064817845,2.796302685950226,-1.5308659944506657,-0.4203508860364839,0.13517874570725197,0.03869353237229796,-0.5793220799249184,0.760606602135792,0.8129947315886923,0.11085145081779102,0.04553826090574134,1.1464843963324327,-0.0016858905445491857,0.9886264144268396,0.4658782520542478,2020-11-13,NVDA
-0.5815690100870676,-0.6067886725063609,-0.35844933999876355,-0.44631885508206454,-0.20089272941343075,-0.07024095137814365,-1.7008145430429744,2.76341569656912,-1.5405931031025444,-0.04114641033178212,-0.5651832370882468,-0.5769126013710266,0.7377498140737554,0.8037909032125107,-0.06341412095188503,-0.2827900167847035,0.7949196542486049,-0.004949327807798458,0.998934521523683,0.5597971793097821,2020-11-20,NVDA
-0.5880097495285528,-0.4709464064074356,-0.2692088720300829,-0.2473278638317142,-0.08193554649313378,-0.07946941750740627,-0.41438593444598426,-1.6948944479552481,2.8080965214389924,-0.32867672327611674,-0.3713712772725553,0.24992047218852528,0.6775830199306817,0.6246725053481152,-0.01706357159664961,-1.645685591549386,0.46551908724477753,0.0032221446151835054,0.9183004765456508,0.4860669510837609,2020-11-27,NVDA
0.21220885206983042,-0.174135139953156,-0.13418632433819297,0.02109092222946108,0.11625496332262601,-0.08152575762928771,0.10994230893538448,-0.4195668494353561,-1.7066997736026759,-0.3852454073343312,-0.035119730268365915,-0.8526432557235455,0.6162499632540801,0.5634903316263853,0.12504038102960743,-1.4277365414154837,0.42567898804130727,0.002389103132900358,1.0001691290966752,0.7547619897947773,2020-12-04,NVDA
-0.48642779321132296,-0.5828650484364464,-0.5839285301773227,-0.5314128353880349,-0.3740656718189718,-0.09308952856444842,0.28069423937245513,0.10023679532111741,-0.41521395720345167,-0.39460575277333454,-0.6268074409096357,-0.4383079998934605,0.6972207057240949,0.2970620854347828,-0.33937877260908894,-1.3431762431348606,-0.051302408793708,0.005126951568471742,1.0849289909156066,0.9036268528718036,2020-12-11,NVDA
-0.17413595624626052,-0.3092568687024684,-0.41906551158437916,-0.23652536318626297,-0.16266871837542884,-0.09641947350928444,-0.8567487433422369,0.26951525191922143,0.11117552522813665,-0.11671391363452832,-0.4492215796873617,-0.12995097632181493,0.618287209587346,0.0709929393133312,-0.18249979786572207,-1.4094038016553976,0.3955354455597784,0.017737135608674404,1.1558210278967946,0.8397409277638276,2020-12-18,NVDA
-0.48781491859390713,-0.6174140249941394,-0.6181191595792983,-0.4929821004376812,-0.4019955860179185,-0.10333747087104898,0.22979459399401372,-0.8581123660493372,0.28259871560849686,-0.2424503143752701,-0.786417162450655,-0.42813996699115414,0.633129629240572,-0.04085550470338619,-0.5617640524777965,-2.10978243427031,-0.04177491057613643,0.01033688271712741,1.1689427700354524,0.8500625395952593,2020-12-25,NVDA
-0.21192411475176803,-0.3907224711554488,-0.5315713354066745,-0.3850426052271917,-0.3400844334808305,-0.10630881840464454,-0.5089485483424019,0.21905483610431023,-0.8593157826557868,-0.4673376683079926,-1.0392955100181602,-0.5781563438664311,0.5320353069329348,-0.1527412620146967,-0.5921714220668818,-2.0236977480440936,-0.5194175952153962,0.008656309704643676,1.148320445204363,0.8463803984824073,2021-01-01,NVDA
0.01956675444805015,-0.18252563004327244,-0.3367618211286984,-0.15498297379753392,-0.16284303474403727,-0.10381685713664292,-0.04455073026482755,-0.5133134518385858,0.23149897355774995,-0.45435537315363866,-0.7261331076706817,-0.07885348903800862,0.5437197957580628,-0.184098731786375,-0.32305719784849574,0.254449590270313,-0.6222482530089939,0.02138857462556753,1.1497951168661806,0.8524217001890155,2021-01-08,NVDA
-0.4487065595668675,-0.5452423601033831,-0.6001734928503232,-0.5575185224594805,-0.5106846824789572,-0.10869306477344011,0.1773825848048299,-0.05292307329073718,-0.5101483156223409,-0.9156680695453288,-1.3153924382737525,-0.5256119629535428,0.5669953710670457,-0.09836480232275176,-0.8896544338630845,-0.7276084290187246,-0.7584652756800687,0.01098571476004132,1.1536147191179236,0.819875370164448,2021-01-15,NVDA
0.548342961379906,0.19506300964935736,-0.04518259353549717,0.2821691312117466,0.1822114562753381,-0.09634225627279445,-0.698146290589475,0.1670951071569384,-0.04392485696648084,-0.5771355510255285,-0.11073954536230629,0.22636004251010314,0.47621766601256793,-0.15350778828358394,0.22994161599338916,-1.3958854488751364,-0.8478294063878494,0.017518902452608568,1.2218352552438547,1.2565350881940218,2021-01-22,NVDA
-0.4941772323417116,-0.4107453505222442,-0.4806380572997995,-0.49104847542632113,-0.45363295773422285,-0.10037667283097575,1.0698071794212032,-0.7008785453485171,0.17888092229205219,-0.7511553172426699,-1.131446666648208,-0.29859469392608273,-0.5289019901706116,0.03808631655679982,-0.8771814949652346,-0.9236994918494214,-0.8448804916583653,0.010131012414248948,0.8444412031482973,0.6131230115084817,2021-01-29,NVDA
0.27518236902211324,0.08115708323789199,-0.0545011020811222,0.10413553409510626,0.03344521928232365,-0.09195316800976215,-1.082998789891196,1.051818680238435,-0.70008983198316,-0.14784370631893423,-0.34637238324198966,-0.04907931190679881,-0.7933788539373816,-0.14588904454057516,0.001157180358288248,-1.1759300688816923,-0.440841913020595,0.006469156266811388,1.2150829234931049,0.07441660507080186,2021-02-05,NVDA
1.4514938595752176,1.134802601874696,0.8285574994413567,1.2172001385237357,1.011947153970026,-0.0630346750491021,0.7072790638560715,-1.082410027499038,1.0748138162362224,-0.37831371855322227,0.8538499592850607,1.1674526951285746,-0.3407912948007353,-0.45469380303832785,1.6438553929707604,0.9097400377634675,-0.36989398628439357,0.018068790226895823,0.1605715176251805,0.1365343500933258,2021-02-12,NVDA
0.9491693336167871,0.862040312375852,0.6910374385738062,0.8368017114797218,0.7646043121637489,-0.04656342178712893,1.6935110790198387,0.6924189374700723,-1.0864552633272586,0.25404745143500845,0.7253005750517002,0.5154733367501317,-0.3315444027473657,-0.6585524365996915,1.2107249958730584,-0.8523140262960075,0.21077296907133744,0.010876419224880871,0.18208888060304823,0.09435028229395336,2021-02-19,NVDA
-0.9660526779703724,-0.2995872231638538,-0.19432228176569072,-0.44713266517469874,-0.3031575329198678,-0.05873878315983506,-0.17180346129480437,1.6701404364143422,0.7108605302400905,-0.2781708326544985,-0.7432740687029982,0.2305285762699692,0.007599964090649485,-0.24471253845737614,-0.24115700207260793,2.146413186592092,0.11776344925596158,0.00704634450674041,0.5259620505697337,0.24974768791506136,2021-02-26,NVDA
-2.3332327565227495,-1.3345031166959491,-1.0682255050804452,-1.5127711796176624,-1.2502247822269765,-0.088919425329455,-1.5982348060559308,-0.17907769919458288,1.7009696204382339,-0.8300760038999704,-1.395534380945406,-0.9784307426364065,0.27987708040107595,0.3361292360307563,-1.6067857190503367,1.242232868065919,-0.0402272077634679,-0.0027688575899088757,0.38829262734173486,0.4331119076095516,2021-03-05,NVDA
-1.080967753151608,-0.9760211723533345,-0.7554839508398041,-0.8890737783811999,-0.8080190104475258,-0.10066745647286698,-1.7820701372355254,-1.5931999048191412,-0.17167784389866603,-0.7915442022345393,-0.9627902672401056,-1.477250726797339,0.3054388908208631,0.39420543083987436,-1.1010078322534707,0.8941463420065335,-0.5047309654244878,-0.00186313284105398,0.4317957225231261,0.5229410196574332,2021-03-12,NVDA
-0.35212383888297555,-0.8933154708816164,-0.7546200657137514,-0.7621944909045436,-0.7419615097225118,-0.10708409906406208,0.44915655219920714,-1.7754488612474957,-1.60371677518101,-0.6041278158999703,-0.9718838199896987,-1.4658096235537772,0.28901605263849905,0.3950954255570174,-1.1466204644307865,-0.44747014253534556,-0.13172346424077067,-0.0030831556153409012,0.4337974053750578,0.4949558090734263,2021-03-19,NVDA
-0.03215632149449567,-0.8835007103513537,-0.747097585064618,-0.6584937399708101,-0.6825343679803693,-0.10963099800940075,-0.1442121150111697,0.4365238487606452,-1.7882747997653956,-0.7112683739444555,-0.9776535048716823,-0.8077479598774956,0.2883316988600929,0.5256247361763672,-1.0945960239056747,-0.2252136797701885,-0.5089155549224432,-0.0009995493669995694,0.431764744413357,0.5022928199717719,2021-03-26,NVDA
0.9091874260376532,-0.027001344490750978,-0.07262095237082196,0.3075518125921784,0.12110178670343458,-0.09282498164945795,-0.13895056786592638,-0.15172444759501266,0.45172328743440077,-0.24373339238779027,-0.11462877406395428,0.6913259759706792,0.4789687723403962,0.43523245424048673,0.06464183419478747,-0.8218849328398478,-0.24767188377030436,0.009984798698246136,0.4892952566711432,0.6880628958495886,2021-04-02,NVDA
1.1711449852586753,0.5729886791257666,0.25525341250943456,0.6935651162586897,0.495104863669697,-0.07120998125572535,1.2400143369597185,-0.1465083040481425,-0.14397803052189675,-0.08256741744389372,0.40740257490449894,0.7902313309127957,0.4652467295068612,0.3629806673622803,0.6348565871495282,-0.6414481081469091,0.021915486049359115,0.006944922197771668,0.4496012053738313,0.5846087939894737,2021-04-09,NVDA
2.1207620157733746,1.817909892697496,1.1898450938630905,1.740000697688053,1.4658856532080062,-0.03192262699053608,0.6404410078142633,1.2205570649601751,-0.13869579918392255,0.2400610816262351,1.0467002590019778,1.8228202092633528,0.6621466968892284,0.2346788714259084,1.6158854017394957,2.9305737250619295,0.1436034416224355,0.022149679289652044,0.13210281467202467,0.7564724812662709,2021-04-16,NVDA
0.3796916488250402,1.0400488235435563,0.5835068324318702,0.728386818365663,0.700842390565271,-0.020450355995518307,1.7697229356198974,0.626157648711497,1.2456900921069538,0.155788135478477,0.5769022066851227,1.3895040865259434,0.6115197900637094,0.3589123160866032,0.8397585572084446,-0.11560577019168918,-0.2826396976332191,0.023171883071714052,-0.010432364314937013,0.8271523113551013,2021-04-23,NVDA
-0.34629651974543635,0.5109592718878668,0.31616756686419134,0.290818172731097,0.3533586952545614,-0.02041287916936563,-0.8654057228620602,1.7456946361631323,0.6437597204502375,-0.14151938225773536,0.39126986704964445,0.49969661968860896,0.6031647061135104,0.33080763190550744,0.5115868287432964,-1.1911179925158089,-0.5653394886101387,0.014657738503982982,0.2296269458614551,1.606659741800157,2021-04-30,NVDA
-0.7293148900752507,0.12029662206877514,0.1880980539064656,0.0052751342438629315,0.107209450526619,-0.026617350053063815,-0.4327841705415234,-0.8666946416825673,1.7774810810685862,0.052514174751626834,0.24810005168754515,-0.005916549304555881,0.28541718736094096,0.4038819384048015,0.2777745815899505,-0.37977958017209484,-0.5889087959983521,0.005685915094226008,0.32485839364759783,1.2840253832955457,2021-05-07,NVDA
-0.9448449672559959,-0.5122906756980417,-0.16721450949974465,-0.5216354558506571,-0.3627494144675286,-0.04280889520041899,-0.36745910926012965,-0.4378063211790047,-0.8680067944911841,-0.32735260013572187,-0.1650817641831035,-1.1682730734186644,0.33920628799430486,0.5813557613144211,-0.20729129948354263,-0.27402224438941164,-0.9125256357054803,-0.006845360047949765,0.442334157730088,1.3772926298194186,2021-05-14,NVDA
0.1313798019339731,-0.11021682178646182,0.2756376897791075,0.1524241716909731,0.17595382745412122,-0.04194847872571473,-0.824812225222779,-0.37304497105789264,-0.43368452043981154,-0.5291831895748618,0.37838733836052196,-0.41103245798828614,0.15604720120914517,0.41747744200446685,0.2969153211517228,0.33639591867234997,-0.9606195070241731,0.002437005940158529,0.08084764451056425,1.851264109602073,2021-05-21,NVDA
1.3471406696813482,0.6571070065430302,0.8965737677298811,1.055295068636722,0.9634393876688407,-0.021863182715989738,0.8209109132608172,-0.8264514385122886,-0.36810265329497077,-0.1366217941061373,1.2420872294405152,0.46106711871485595,-0.14272560025789893,0.25651202215154595,1.001367273022454,2.0117746939720615,-0.7066986534760032,0.014186457922212825,0.0020503987186042336,1.416925708757646,2021-05-28,NVDA
2.075490250559273,1.3745475851530715,1.4834247906473217,1.752216516361166,1.6351750461148387,0.010539769105117907,1.381405486867406,0.8050702207579798,-0.8272537157048346,0.6277452310321122,1.2199059795510694,1.3702326746962397,-0.0037409330272420555,0.01518228036735976,1.4310442384674387,1.2602876966495844,-0.05181055296823459,0.027750150163954285,-0.1786450114148928,1.605634498490973,2021-06-04,NVDA
1.1987812489642962,1.3585542812908418,1.328879152340033,1.4438094959197114,1.456888541349976,0.0303472632856754,1.3550456742334254,1.3607281047354787,0.8249390891408405,1.2682787797299728,1.2053826848114217,1.9364918706040035,-0.03162680946899677,-0.2269112681109714,1.2000289405766926,0.5981747310671923,0.4734610061117941,0.04285907406177831,-0.3938677739278593,1.3805497231074575,2021-06-11,NVDA
1.017658647330062,1.6132691725533246,1.482925698094936,1.6058117414667432,1.6588521721290324,0.05064366644731031,0.12851881160069153,1.3345957594819067,1.3876370788653623,1.3197464044074216,0.9158832428626754,1.8647351439415978,-0.06466766725536519,-0.29122665606437853,1.2419621658306672,1.6846969964109608,1.0105373143100722,0.04284946910156038,-0.3119946477841308,1.4147466816657017,2021-06-18,NVDA
0.6462439934516369,1.4749740672797087,1.408215562315596,1.420525292151684,1.5520449372760856,0.06275826607811193,0.6955441132571805,0.11865299531443264,1.3611736405430013,1.3695144389469487,1.0820462079244324,1.2402506758731988,-0.1523724642381425,-0.24911510938535028,1.1029487042013246,0.6911517414682421,1.1012459232526552,0.03732309210359787,-0.6940393508205094,0.9986730952796714,2021-06-25,NVDA
1.3625098298069864,1.930862250893853,1.9112278123463413,1.9673667292552277,2.0777715080966406,0.08702485604634635,0.2507914624295582,0.6807852515694178,0.12982505583575576,1.5095238612923243,1.2578268558105052,1.187483563184643,-0.06165979093213028,-0.37604257642484745,1.2713174629671533,0.3839961143441223,1.4413830095306193,0.03379230727921007,-0.0661370631354858,2.352422037325357,2021-07-02,NVDA
0.32802334360976976,1.0544772953447756,1.4169007186276341,1.1440599552241824,1.4043554024108658,0.08498482159162547,1.2537990263935206,0.23987051574590776,0.6990794472065419,1.2174836631315247,0.8903780706031709,0.8313393299665037,-0.24726394164228155,-0.32636758793447684,0.8944505552844054,-0.2884362508886316,1.488520128991381,0.022259056449865176,-0.26071029410968655,1.840753732563745,2021-07-09,NVDA
-1.4458511756109038,-0.4899065928409064,0.1861495087744798,-0.3973058819279887,0.04050551638409147,0.04143114968628872,-0.515333148675864,1.234222801833927,0.25257838487687545,0.40181864659055994,0.030588898881202888,-0.47818982076710054,0.15215852708937153,0.1441075271840008,0.22241022062195465,0.74538416789505,0.9954213187315248,0.009425654127687736,-0.3363998749092133,2.459396188597701,2021-07-16,NVDA
-0.17546546717496941,0.15231303866249124,0.7388452772876367,0.5342532527695112,0.7763653829966044,0.030093579600053683,-1.833841343548927,-0.5196429573831367,1.259528971908173,0.38200567391968177,0.6663592675258123,-0.014068792110721281,0.22804107211578806,-0.06079925058705969,0.5520783225742861,0.4679078253709612,0.9802257925637163,0.009133037161411464,-0.201530249105762,2.353533843745995,2021-07-23,NVDA
0.01433512172742293,-0.044837878789841294,0.47194042810302106,0.3146452412499682,0.5640396923947827,0.01447261834751401,1.2613371242890161,-1.8267733170151244,-0.5165580150949272,0.5879446482645585,0.6395066231823632,-0.6748374625984099,0.20229906446221319,-0.055138270103899205,0.44028430443782895,-1.3519168501368009,1.268246172824896,0.0028670630183871113,-0.2575442994301895,2.277948646700522,2021-07-30,NVDA
0.8063022264494591,0.2977798065704675,0.6377969981728805,0.721531721300845,0.8940024007805352,0.01266751664340851,-0.18435702630128611,1.2416958510355887,-1.8402495290312173,0.8123493925790868,1.0340746885644339,-0.11802457379897202,0.03261404420321774,-0.06316986952255423,0.6068170457026517,-1.136131348405148,1.479144522242238,0.008616859098414103,-0.5647690391224535,2.654888848877717,2021-08-06,NVDA
0.11020319108123618,0.06035822402093921,0.30094858216335413,0.3854222061199011,0.5981072548462932,0.0016065207717508338,0.6743176379182914,-0.191522935413358,1.2670967035721006,0.8194412730039804,0.9530670076681559,0.716362358088313,0.06894223755774168,-0.059846711424547755,0.469862777824055,-1.653681838746588,1.505992287494205,0.011846886652770588,-0.24181120638711406,3.216617885719916,2021-08-13,NVDA
0.40839738381225354,0.30649561295300226,0.41312885301230684,0.616281958735882,0.7815405570086058,-0.0010137922234537168,-0.28786000676667467,0.6597419463769819,-0.18428075947654549,1.113985481810132,1.2385599471314712,0.30474816582023667,-0.07963230390442542,-0.048597334294515564,0.5746442063652146,0.6658488131394203,1.8030212502668894,0.011781515158163624,-0.6281733963057357,2.3319265127686033,2021-08-20,NVDA
1.3490376430053368,1.2432207452372808,1.0881117241119846,1.4706792133688853,1.5339561245149296,0.022065030008748574,0.43277637079680387,-0.2941327550601224,0.6777695263534748,1.2222328833919254,1.227256699657061,1.145176298843462,-0.05044227387712732,-0.23144301411740675,0.9758037609913472,-0.08294934515143378,1.82295426747398,0.01818291231662436,0.009525534420899307,3.0479817584580227,2021-08-27,NVDA
0.9362053092875788,1.1346099240523266,0.9584068006958751,1.1721850534048364,1.3189883020947444,0.032361091557435356,1.451398329949132,0.42028501726106404,-0.28819063083107155,1.1172838106140734,1.173091271258138,0.8052220021073051,-0.045906317319622074,-0.2931325780593685,0.8420270615074201,-1.0030993349774069,1.8022623590170448,0.01793730079243173,0.022169276243853092,3.1116995481095464,2021-09-03,NVDA
0.08261082382498254,0.5710104931183374,0.6119388319704013,0.6310996301273376,0.8622386847469276,0.02406311480570404,0.038797560913298924,1.4301169568524652,0.43527871226724707,0.8016295844500574,0.9428497687328194,0.7339216595593466,-0.020846102594247535,-0.34674064998190707,0.6058523012479229,-1.529143115568327,1.511782733639326,0.018089144405211564,0.17572633055074707,2.802756160503654,2021-09-10,NVDA
-0.6586390834680157,0.05854287922923391,0.21625129836253795,0.10618870396909649,0.3866153190507835,0.0007307812681619874,-0.4187655128307254,0.02970597842544481,1.457905077793101,0.541763333553455,0.5610959740925578,0.19977434731042093,0.04807485555864137,-0.24470712628044414,0.3533224352877922,-1.125926084185557,1.160234501058957,0.01067842026320371,0.37694860594115603,3.207641825316838,2021-09-17,NVDA
-0.3830920519855373,-0.026815433346044436,0.23518194266093634,0.12427314496668156,0.36182609881914907,-0.017933916914966576,-0.5948301489238631,-0.42390863501647214,0.03975109299164478,0.4291147063027783,0.6460299210822827,-0.4669980115984258,-0.1430327833281706,-0.25502387564459444,0.3394680437805726,-0.7913142455486781,0.7040865354599402,0.009640589904535379,0.15391961475920896,3.045982105388646,2021-09-24,NVDA
-1.1165241039604685,-0.8110287111516314,-0.418116410133158,-0.7073741997317495,-0.3949292339372184,-0.05877662814483013,0.019673849083312905,-0.5984539522088725,-0.4196107525855682,-0.09876151854814262,-0.23244525349546258,-1.0556295053060796,0.01788728140644545,-0.06824230894397873,-0.14957667600693506,-0.820688070894148,0.2602604533205924,0.004933268793369623,0.4190014051181555,2.361207798693909,2021-10-01,NVDA
-0.6779689976295483,-0.8043908680177038,-0.4789074404819824,-0.5588731747027212,-0.33835860604057505,-0.08692739888979051,-1.2264648341071598,0.010747291312973216,-0.5963675339290503,-0.439642092191563,-0.17439099543648962,-0.8928312799659174,-0.47398264544374397,-0.0445201282711073,-0.1770706548628464,-0.6719142286346481,-0.21812708873258896,0.00917767266587063,0.8633464803273867,1.863373725078431,2021-10-08,NVDA
0.2713624278553715,-0.2974726486521749,-0.09384943804343869,0.08678196759720558,0.16649460589080103,-0.08944588348792752,-0.05219328837341981,-1.2246380566460586,0.02055220203082479,-0.03860797310475719,0.4980695805314171,-0.2701931063212428,-0.6299900405469426,-0.138765673072345,0.23034140646905576,-1.2606110115788707,-0.30607400390587347,0.013412704156329369,0.7477639442569524,1.7040377402620448,2021-10-15,NVDA
0.9045927997165204,0.17936560377104882,0.17196435935552876,0.4837345499334871,0.5024033266160208,-0.07853551369487562,0.7652746807160212,-0.060499681284405596,-1.2304853012178938,0.8593891401217723,1.0067684881248864,-0.000849438546280622,-0.5989989210813244,-0.33908668390419483,0.5673233653151263,-1.2648959783855587,0.216387736628303,0.012544249912062383,0.7871516076547127,1.7839683118599878,2021-10-22,NVDA
2.249821564133828,1.5501835628749479,1.2283307569875066,1.8049633840695225,1.677757186065513,-0.025883050062174204,0.5849210683169727,0.7499140913250115,-0.05159745949746662,1.0613332196697138,1.196944596776771,1.7695844623552202,-0.062188308929692855,-0.5010310373650014,1.5354490989933502,-0.0382396660022812,0.19856702859248174,0.018254479887040306,0.8954288263304135,2.4707828259752076,2021-10-29,NVDA
3.56074773425535,3.212942664935454,2.622120810443962,3.3142584887932176,3.1296720063051358,0.07311886416004183,2.1309887908344667,0.571116808795575,0.7690841394535368,1.4494138097883233,0.8255520005645314,3.4723577046751455,0.6032540870842358,-0.3813197583980277,2.0315756889800514,2.764179247102524,0.5258276097209568,0.02073365887912181,0.8947137522171426,3.290051467373349,2021-11-05,NVDA
2.192128549168589,2.846493681142794,2.4564453007480225,2.6690166933546653,2.7352668124973585,0.134995166484332,2.8304437566325547,2.1038430110352655,0.5880215209816365,1.4347903150686738,0.7873384023497192,3.1401088755983473,0.6085631316830363,-0.2647641502388944,1.5686614384689261,2.1173246238978916,0.7491389275745794,0.023321318604849046,0.858440334033821,3.144570607413952,2021-11-12,NVDA
2.0079095148934196,3.2713004612040573,3.0487529724780846,3.022413143382046,3.1660532573061655,0.20343047808031375,0.25800388914629535,2.79726215286931,2.140167144516603,1.630163827809363,1.2414492412566343,3.6739861286595357,0.6011492463874256,-0.21102599838632,1.5465808164706807,1.763403686024363,1.1297208451120757,0.025612988302884013,0.8588937392339866,3.1120269749445333,2021-11-19,NVDA
0.04692356091485873,1.8076656410834224,2.0991916003330338,1.577226219605392,1.960209774643726,0.20202867047164305,1.4144595342357877,0.24702070409113502,2.8423718074892608,1.1871451024596502,0.5623411923922833,1.7657032492509703,0.7803140127766701,0.03304750739695318,0.9865507199663319,0.9048283685281707,1.1833429221977376,0.018788563733368836,1.0487588616057524,2.99022307556501,2021-11-26,NVDA
-0.6025500987042661,0.8290809127932794,1.4731287539370093,0.8058680649210966,1.2624724900749689,0.1679177930954974,-0.9423378832008509,1.3934969179987782,0.25981916508359343,0.8393179735551184,0.3819689046168925,0.021291427412311232,0.8112602104556396,0.21324142284052025,0.694280442888236,2.034231290992827,0.4692230858920188,0.009275110339637937,1.05430117674483,2.9141101427587492,2021-12-03,NVDA
-0.8820331150970189,0.14455997975502197,0.9906711317893017,0.3566415704708225,0.8151384247688189,0.11992126684082531,-0.5926289249332473,-0.9429629294352955,1.4208210682959228,0.6979472109455482,0.2712133009602268,-0.3090206311661742,0.780317942837343,0.544918749589284,0.49457266844261916,2.1850237412386484,-0.1088092782718908,0.0011875444584675025,0.04726090324891093,1.45215410522919,2021-12-10,NVDA
-1.628295342298076,-1.1100788546032632,-0.06898356262000546,-0.7718253137953747,-0.24360970694841236,0.03278667424460953,-0.4214582956065076,-0.5962717232946554,-0.9452413905181335,0.2621811418742017,-0.26511052079260833,-1.6221020930403998,1.112921023010407,1.0836864171794116,0.017160775416887663,3.0897057781070427,-0.4665331377619321,-0.006824242755659585,0.28378844784039775,1.7194168374588634,2021-12-17,NVDA
-0.13183064883004983,-0.558679330819708,0.3093165913184552,0.10529406888310129,0.4169358084106775,-0.0019819097625827244,-1.5652892286822593,-0.42657818089552363,-0.594157656487271,0.556068696126223,0.14636205042147094,-0.7688060485263555,0.9247202999022022,1.0012514818902023,0.26467346742247544,-0.07041093249687438,-0.17167217452597408,-0.0018674622153926998,0.11298508625584727,1.5792362220757927,2021-12-24,NVDA
-0.07041346359579015,-0.6346877342309587,-0.02977597821594656,-0.07018262524492086,0.2173118717760007,-0.037621776073030765,1.0664809822894814,-1.560538625527755,-0.4223141212282787,0.4955443905534767,0.09512311054049899,-0.6186364770318085,0.9499085658530575,1.0401131395188037,0.15467591214645113,-0.11587736514691152,0.1270369571324272,-0.0011898877842329316,0.10410609510636512,1.5994228526443282,2021-12-31,NVDA
-1.0433827624809717,-1.3657876679290128,-0.9147814932884538,-1.0128378389953008,-0.6492118026758672,-0.10509829493390077,-0.26952230918911807,1.0485211859415466,-1.5706416821623739,0.3437468283240027,-0.3890664431373796,-1.1056395082434725,1.2314293669889318,1.4923689059059837,-0.29119651561903626,0.8344441849910053,-0.041929080158023824,-0.001166319716434563,0.329788771787551,1.5806476467771524,2022-01-07,NVDA
-1.112215003571313,-1.2050934567518659,-1.126312935561241,-0.9815863703930042,-0.7104232219336158,-0.1570410648061981,-1.4604279049589477,-0.2759532994279321,1.0714745431592254,0.2819216222693992,-0.5738377663988083,-0.5240245324542405,1.2456198354896548,1.6473953188803032,-0.38760252889857294,0.8389223428215548,-0.18547150064870507,-0.00010718718881231943,0.3035924868872337,1.59911442169755,2022-01-14,NVDA
-2.627613283989896,-2.351110076405876,-2.265395228321346,-2.413095998201427,-1.9972776292840844,-0.2521498984570613,-0.3322410970680498,-1.4565821842079993,-0.26978084410170006,-0.358840466107284,-1.6607135252248804,-2.0951033378831863,1.3889704607304556,2.5387330544335147,-1.084851126524391,0.31194673834095776,-0.4391728060578981,-0.006579914349523832,0.5199984062316303,1.2620677737090535,2022-01-21,NVDA
-1.9266753818437514,-2.2243901639896015,-2.2901824973649645,-2.239154556941009,-1.9791734939232195,-0.316923238668548,-2.5247983962666014,-0.33813086652584684,-1.4653681276312722,-0.5273923826041083,-1.6315131237800784,-2.199689965183224,0.4178225657596318,2.8412563198034317,-1.1951219144190346,2.3192790620003523,-0.7601578452063986,-0.01062801744565751,0.6039949140081857,0.5505521613381854,2022-01-28,NVDA
-0.20925147403213779,-1.2516315494504253,-1.6351213326427405,-1.1377588763448427,-1.163821562941488,-0.32421428102783484,-0.542958294141128,-2.5117678770194045,-0.33274619206277567,-0.7031458708812723,-1.2684608851994945,-1.1904125173039046,0.6066215606283681,2.507878874486005,-0.9422304140023362,0.4931874860668525,-0.6869694659761114,-0.002438521508875388,0.712996669835517,0.735105753697698,2022-02-04,NVDA
0.1019170634785567,-1.2172462484259474,-1.534360043367672,-1.1272288531927313,-1.1881864708059848,-0.3261302119663614,1.0412765396754968,-0.5470297165002258,-2.5339228719298315,-1.4456846746903267,-1.3592858632902258,-1.221998213463904,0.1929753165680855,2.276412597342071,-1.0477777020817671,0.45158299398087337,-0.7555333116238084,-0.003561191315009093,0.6047015629690642,0.3111865425656442,2022-02-11,NVDA
-0.2069023361486879,-1.030116636108072,-1.436632973088942,-1.091004913493374,-1.1857596544269091,-0.32287061511192533,-0.404948260352324,1.0235342406450003,-0.5442917605246596,-1.6117117408123316,-1.4346462405169358,-0.1552971349220273,0.17925544699217244,2.3349706405526955,-1.172857576080335,1.7410883158428407,-1.2655991100782558,-0.007758637553443859,0.5712492234936944,0.3231254875433378,2022-02-18,NVDA
-0.05548707096985457,-0.4651127629311216,-1.0635786784002186,-0.661958616774955,-0.8491824174043378,-0.3018429834611592,-0.36162601137677725,-0.41021061609520365,1.0461710168471743,-2.118233279602947,-1.3082275377974155,0.2467872569134619,0.24751328950571994,2.131093587060464,-1.1354284322151214,0.23489920243293735,-1.70959815015289,0.0059496594656562275,0.6190514239963224,0.38357735488136924,2022-02-25,NVDA
-0.7727926477525737,-0.8163350082296419,-1.3153590624161382,-1.1739547890468194,-1.2711068725551413,-0.2998673763841244,0.26415018092652737,-0.3672622088697751,-0.4057391817279173,-2.095885324118556,-1.5573081795090606,-0.7486689757287903,0.2835529209812731,2.2131821691000666,-1.4474082343001995,-0.38245179440846644,-1.7845628479586857,-0.004839499584308839,1.133293924098121,1.1016695042078648,2022-03-04,NVDA
-1.0998640393289065,-0.9518386184034803,-1.475021526460732,-1.403938750543908,-1.4860339084603518,-0.3028463821803076,-1.0409485241268883,0.2531139575243238,-0.3622466243387786,-2.0984545078403256,-1.6955465916277825,-0.9257033967264386,0.15315766650400212,2.31753363167882,-1.6211596930436047,-0.166839070485068,-1.7241660488974802,-0.005848374568193974,1.097514659030679,0.8672183452742568,2022-03-11,NVDA
1.905229182776251,1.1052259584593744,0.3333081954992839,1.0018210199815718,0.49903551906954763,-0.21933266758645342,-0.7889702557037834,-1.0407226271287948,0.2659896191644289,-1.0895750142326375,-0.27518680703510484,0.7814367762634746,1.3839374919282585,1.5963799161329522,-0.626204189962866,0.34963426183490687,-1.2251414447015292,0.011399229635219115,1.2476875687699887,1.3888062943195507,2022-03-18,NVDA
2.109924679507959,1.3889581568025666,0.8850563478390533,1.2832716430745494,0.86352820154878,-0.13893166491802666,3.432307588294685,-0.7909187609836565,-1.044239689569419,-0.5578903304730699,0.1167093687743477,1.0202719720483073,1.45521753518372,1.3069780728565454,-0.3119264419206136,0.7776821578077899,-0.5988016132442563,0.012906927253095953,1.2741091864077425,1.3776455715528713,2022-03-25,NVDA
0.5679274895414119,0.733264911111745,0.5155084540071544,0.465705019513871,0.28140777965460984,-0.10249921366891131,0.7172513764297289,3.3939323061448805,-0.7912708442448472,-1.0176138456586437,-0.1932638057491767,1.1778298794805966,1.3417285304271398,1.4298132471959144,-0.4999248723246713,-0.09637499757493175,-0.5415639431583924,0.01225232541759033,1.1170317602057738,1.3092823364788422,2022-04-01,NVDA
-2.3273313023891764,-1.003300664085249,-0.7913405507669315,-1.4033431525569389,-1.263049451710649,-0.14016959277020583,-0.7698005425457551,0.7023051957212182,3.446601686085534,-1.4048821198698869,-1.28166495953773,0.14622627560585683,1.7896551448900708,2.327188283910588,-1.3206492912927554,0.15071474404256863,-0.9378714450956467,0.011552885294205227,1.0262309209598508,1.572943299822759,2022-04-08,NVDA
-2.8850269041197447,-1.8017970596290565,-1.4777884826869685,-2.1006811806021357,-1.9106881439530548,-0.19244470254755738,-2.5623490870044905,-0.7719144695035358,0.7208720459662716,-1.3750856312028814,-1.8632247564339623,-1.9643946688442262,1.5229532583824377,2.5644304246083593,-1.7073871654085748,-0.2528062582645059,-0.8959346752091326,-0.004301973944181896,0.9691445166466388,1.838307335707958,2022-04-15,NVDA
-2.870624683143705,-2.441079006855435,-2.0924395005015555,-2.656502034911341,-2.4574435646042785,-0.24878978125172008,-1.5855560206320696,-2.5489945306568305,-0.7720257711155764,-1.5095613189267325,-2.105311018474605,-2.8251798405008595,1.662887789937653,3.0561910852322653,-1.993595759229076,0.33080338709725554,-0.8795921616844288,-0.018347552471888,1.0271343552138,1.8552531155071392,2022-04-22,NVDA
-2.1221509415118662,-2.71467051736955,-2.3327621359997943,-2.7327900433458487,-2.620918235905881,-0.2910077348783969,-1.6126071652460052,-1.5806305287506186,-2.5716211819331116,-1.252365305971895,-2.029241531439147,-2.915559901063707,1.530652790837796,3.1084239426889715,-2.042983327480585,0.4174032687059119,-0.8915327610953613,-0.02263401210664312,0.991167490152518,1.6577746120847838,2022-04-29,NVDA
-0.9936678090799861,-2.460774376155311,-2.1292985605464865,-2.179421648656306,-2.2643685001415337,-0.30283941099600487,-1.0268479973549567,-1.6074482402560633,-1.5909881469192797,-1.1675371520954325,-1.8995710269641803,-1.9281582566123339,1.5473234768360922,2.968974419253205,-1.8202658521317614,0.5662011145293364,-0.4252187954750326,-0.008137293384790016,1.0435666208208543,1.782414729897466,2022-05-06,NVDA
-1.1179124173350632,-2.5011967844296357,-2.375998877083195,-2.3753872279379027,-2.475873187547741,-0.3132194593675539,-0.004988513270783973,-1.0267437783798345,-1.6181456349856904,-1.562251463600542,-1.570863470297735,-1.709405768886512,1.5747611899811178,3.293753775609374,-1.8978300763778773,1.0617456557306792,-0.8422329105925137,-0.014738868633688324,1.066021040198396,1.8060554029397629,2022-05-13,NVDA
-1.4895170249364362,-2.4333276129562678,-2.609529052369549,-2.591035418524963,-2.70461215425716,-0.3222840613947578,-1.0681666967982204,-0.01370225151022372,-1.0300837308104112,-1.6249457486182524,-1.826256718606658,-1.5132701955896393,1.5485476056993859,3.573853043273195,-1.9737577333128076,0.4213468622684036,-1.2452480588821986,-0.020323172755431964,1.0146279665439883,1.6719489939840708,2022-05-20,NVDA
0.7419678173878212,-0.5694706847424951,-1.5250123488245433,-0.7904579243405132,-1.3139591512370883,-0.2758389682771949,-1.163440865653181,-1.0677059253523065,-0.004207112995565878,-1.2021914049855609,-1.2920000399053662,-0.13120052970336205,2.0616524159557277,2.8257049211547978,-1.3812268843973583,1.190168753317843,-0.7087905255506518,0.01004098702091291,1.1027822761521753,1.4984482540742208,2022-05-27,NVDA
0.6304586442334866,-0.2779617308045426,-1.4529356712206232,-0.7316680044322923,-1.2169700084333523,-0.23434062824874713,2.163557789168819,-1.1621579424753499,-1.071564862313881,-1.3000348267894082,-1.3149658705536227,-0.23411909155836688,2.0475526326000715,2.611340160551712,-1.3230705046833635,-0.34284837525684037,-0.3294519424665658,-0.01472210878598589,1.1479179276825855,1.6290011608333053,2022-06-03,NVDA
-1.071539977592469,-1.0921491007348754,-1.953496155712951,-1.7451479550765054,-1.997729635921285,-0.2259844388178818,-0.2172861538358856,2.1361309609101125,-1.167213572955976,-1.3531856717186352,-1.75468896065034,-0.6131584893814843,0.8892734535834688,3.1908348848209394,-1.6130001672534684,-0.838351140322711,-0.6447208283414319,-0.013654644206161097,0.9385851219154663,1.0855210749780155,2022-06-10,NVDA
-2.0703944584529754,-1.555915837533509,-2.09157469384081,-2.176806118191534,-2.3655383400111596,-0.2273384062676224,-1.813073223600968,-0.22416790681667373,2.1728641780885014,-1.3783678440365328,-1.9737502526906845,-0.6777390472972973,0.672341763073547,3.448570500991291,-1.704623415489048,0.12063430924032675,-0.6252113413332392,-0.020490373240398423,0.8195387632255735,0.8827985533324073,2022-06-17,NVDA
-0.22396519603576517,-0.5750515554961465,-1.092732268419622,-0.9368888193923557,-1.4027205725282113,-0.19421823011406522,-1.2953846585390814,-1.8061844119161539,-0.21733933798850652,-2.0040334370011803,-1.6646830266469264,-1.0330604177390132,1.1048855899191785,2.4129888484763544,-1.3405253803014054,-1.0025359846059452,-0.7776922579247024,-0.02168030572581111,0.9867165739477782,0.6077788371322536,2022-06-24,NVDA
-2.1085865790439593,-2.0845255590718557,-2.1551246653234077,-2.623180730779407,-2.7303606153172564,-0.20683802095466586,1.2891909053990267,-1.2929631495395042,-1.8193997654556702,-2.466874797398488,-2.080268970529528,-2.2050420119974348,1.2161594801199134,3.343449630845397,-1.731623823612748,-0.07376675833604314,-1.3192740514522923,-0.03101739348463754,0.974704050086569,0.6720402190071759,2022-07-01,NVDA
-0.1740420653981562,-0.9803268254552148,-1.2117891853315996,-1.1966507542207496,-1.6457370664149051,-0.17998920140468194,-2.8785112369452373,1.2693092728262236,-1.299676063245199,-2.1052291421564813,-1.6646454725641073,-0.8376013214126624,1.5302945669752006,2.739011045605528,-1.3677526193011578,-0.6042423822825734,-1.7939960341763526,-0.004423104476114606,1.0559336777459776,0.7496351550075937,2022-07-08,NVDA
-0.2314247761475805,-0.9558709528892623,-1.092926029474782,-1.0530929908007585,-1.5049026177898561,-0.15334499761897263,1.5076997806719625,-2.8624284147699712,1.295059983458965,-1.8186200571898394,-1.449506539552491,-0.3197665658684007,1.4237707014291376,2.2766573629698668,-1.2986018680439841,-0.4472586394677723,-1.395283296323883,-0.004606476837891982,1.0309306501779487,0.704959590850325,2022-07-15,NVDA
1.624723649353021,0.3312615059164745,-0.14430946229846092,0.24008246030470518,-0.41298661337434023,-0.10001659652680515,-0.2165767241274372,1.4859325640798597,-2.88902622843319,-1.237492803385363,-0.8307327579808014,-0.157005023976443,1.6828747979652072,1.896140845653216,-0.9332932079097952,0.6641612226389004,-0.9046324186241557,0.013658369804977893,1.026577078862808,0.8792204520128213,2022-07-22,NVDA
1.4505848286993421,1.0150019630717968,0.36667853908364617,0.7139588434794274,0.09350176604409974,-0.04486123871560297,1.6566416804436013,-0.22346459900748183,1.5144278607639627,-0.7936430256386968,0.07681979268754363,1.926399085840546,1.7431599357492846,1.4953221269318995,-0.7242315925099413,-0.3910651955575727,-0.45087153646931,0.10732594715489496,1.0486463412674876,0.8219986867852155,2022-07-29,NVDA
1.420409764697079,1.4175730753890572,0.773733633686972,1.0446872963554334,0.5010555108552581,0.008226010253803753,0.7515149549315379,1.6335891958473376,-0.21662711937017792,-0.4575688948847282,0.5166636040338752,1.476545704995978,1.7009873103170479,1.2439663026343415,-0.47592266338400574,-0.5788341984496221,0.006120747565096737,0.07110988023985579,1.0355949004154852,0.8174772306469894,2022-08-05,NVDA
0.2720796822322412,0.9267621604819395,0.5089410993672441,0.552064929097393,0.21157873922850318,0.038151846473081806,0.6926455454860122,0.7362731026811443,1.6639552808921694,-0.5345942403553998,0.7156100847768556,1.3722420506515065,1.5977259454023176,1.2829236499028474,-0.4225123458061848,0.7009107587744206,-0.5420995702805371,0.09320057436662169,0.9125140464906931,0.8306613839051432,2022-08-12,NVDA
-0.7819209008871226,0.24024047822470734,0.06858220061094093,-0.20633317803667667,-0.35805472848106973,0.041852814622074734,-0.39646856100128064,0.6779116964805095,0.7552703214387277,-0.5140792872487399,0.19335091100577279,0.01126404504503833,1.2708038378296407,1.2348906274898825,-0.5601912204576627,-0.5351695118466062,-0.05304074483134651,-0.00010721738019870255,0.8229753006811453,0.7206204488730751,2022-08-19,NVDA
-2.008068512086561,-1.0426652052984198,-0.7244434264433992,-1.3059415792974278,-1.2692009924381862,0.016222218246792538,-0.9610962959587701,-0.4018040908226265,0.6961694845865266,-0.6197801299113923,-0.7716194010992795,-1.1670174635273316,1.4664797248206156,1.4754225935661556,-1.1971621485272823,0.22076312804495407,-0.0346527237592757,-0.035182517230386935,0.9053219256177455,0.7518720327860388,2022-08-26,NVDA
-3.6558588812473625,-2.734961747305146,-2.0995496924711228,-2.9967557635016493,-2.715332912414291,-0.04414479618489709,-1.7397818188962393,-0.9615594697599803,-0.3972261469850519,-1.4500542059224206,-1.9100523362724082,-2.703647892817197,1.868779733391476,2.2558427135306394,-2.3041051221484237,0.9554566781439795,-0.6178521622229755,-0.05973022413871428,0.8197397655675729,1.1671258803822988,2022-09-02,NVDA
-1.6079488232252188,-2.0957844913073744,-1.6002711775126919,-1.9001421316638396,-1.9387236938988786,-0.06561918253619231,-3.036023643423945,-1.7335254625352223,-0.9640735463432722,-1.274413197268539,-1.4862423439136443,-2.263779016771618,1.8934060294017168,1.940017435026561,-1.779139211653776,-0.638652389370647,-1.0196883990025163,-0.04344541250134557,0.915756820888822,1.454013720240461,2022-09-09,NVDA
-1.7616464177013031,-2.658059735120811,-2.145229550512943,-2.508249672557541,-2.486795760411506,-0.09468324761817529,0.8564973667612179,-3.018581595559898,-1.7458202376003584,-1.2017523776190742,-1.8157386706444556,-2.5211669719895315,1.8232261359284978,2.252237873253942,-2.0646893961447623,0.34517583909058525,-1.0371422317077994,-0.07191196255334105,0.8845794487225477,1.4695989595151835,2022-09-16,NVDA
-1.505344857761506,-2.747495761521767,-2.477646651056666,-2.6362028767662373,-2.6647804891263966,-0.11819258582339606,-1.6243895668009265,0.8403495871986898,-3.0471578476421417,-1.1444351009352678,-1.985946911464082,-2.2572202444738245,1.358405045590827,2.5436337539846146,-2.075659819332823,0.7305186696566627,-1.02823014765228,-0.15947408124635687,0.8034744962350454,0.94921322785183,2022-09-23,NVDA
-1.5453159053600058,-2.494870434651579,-2.56260763199849,-2.501766518222665,-2.6281386596090623,-0.13160765332190674,-1.064317568972458,-1.6191289676430445,0.8606654400977292,-1.485510978012151,-2.02167774103345,-1.2145644931452528,1.0473457245342757,2.6211636209374394,-1.967506805257656,0.07751302432948137,-1.3602901184966905,0.8336401404219662,0.6513329487054601,0.7518623563730665,2022-09-30,NVDA
-0.8044129881716666,-1.9562300022937797,-2.4527598039076888,-2.117929418360415,-2.3767081909942536,-0.13242755550808424,-0.6745319786558367,-1.0638900129000954,-1.6299743555144548,-1.094757739193014,-2.050726942450175,-1.653189817223152,1.0470061519051235,2.382566897994205,-1.797691852113919,0.33985120104387473,-0.9609128653213878,-0.47665040158481836,0.6764315405740963,0.7528383026761268,2022-10-07,NVDA
-1.410235906792305,-2.0827999371227137,-2.748626964817901,-2.5360850318887516,-2.739068475294331,-0.13859370206656718,-0.22365199463535673,-0.6774680089784719,-1.0677006027978388,-1.6233499310906214,-1.9453512032317053,-1.554921278020429,0.6042256791635275,2.614507680174359,-1.8836164138058598,0.9310473826829172,-0.9880709229763166,0.602923594040202,0.6482797557930944,0.45496778728955883,2022-10-14,NVDA
0.6271548431842885,-0.49662706965496767,-1.670166957776631,-0.9126275414515699,-1.4864355525877497,-0.11180585432168737,-1.4012368262884627,-0.2304788147093424,-0.6763826874727608,-1.248996673483652,-1.4505897236830732,-0.2898608713391274,1.0428356477287601,2.1266517438784023,-1.396168492050074,0.40761594171398563,-0.9737772840572999,0.09352134760172902,0.7863582653073662,0.8188272523978207,2022-10-21,NVDA
2.085551132942136,0.7994310218285245,-0.4595282897726766,0.4800285249037887,-0.2947536024707956,-0.06341772952496695,1.8660070146093466,-1.3979018845705709,-0.22373020417962686,-1.2999421080315174,-0.9043154766300092,0.9602398132604845,1.4238671787400816,1.55011133705409,-0.9059531841638034,-0.06985680574530866,-1.0965581287230923,0.014798639845396939,0.6445552447212742,1.0634913385126608,2022-10-28,NVDA
1.6958196834472632,1.1408356628052305,0.03858730991453609,0.5946800721562693,-0.06017145015232575,-0.02192398206214418,1.854786613941334,1.8411478485782664,-1.4059443570081407,-1.4486275072343304,-0.7757325872436136,1.2440687610926624,1.4768316738026124,1.3692510558320445,-0.773090235592395,-0.01041346024530083,-1.123919863089962,-0.02249829357661291,0.17253236487228876,0.7114392259855095,2022-11-04,NVDA
2.7597428759742093,2.7670440921583817,1.7020113106650911,2.2224372307503995,1.4509293988025351,0.0446934319509386,0.2911436859743503,1.8300242723900986,1.8741436720036204,-1.0872743186675833,0.12021149295039697,3.698704874459934,2.125253215158753,1.0406051573122563,-0.04871828621654277,0.06473364709585466,-1.1062739624308988,-0.04425240009959323,0.553795136926365,0.7143958011436505,2022-11-11,NVDA
0.45451155647775193,1.518473475682173,1.097081595285896,0.8667585749562686,0.5121664511875529,0.07041220243639544,2.6437127104260862,0.2798745268541834,1.8628791616995013,-1.1895117772796575,-0.2511969574107063,1.7997172101407533,2.0162014051628168,1.197542948988082,-0.36559077332328715,0.17620221693701746,-0.5504971223225887,-0.023085991758009045,0.4405977292657156,0.6615229456684557,2022-11-18,NVDA
0.7464351629814492,1.7552764058480008,1.5331703263669476,1.288990079263,0.969650687422108,0.09935837274403368,-1.1466223346553557,2.6121424694790853,0.29308924107208006,-0.8511140823350405,0.4739563972194667,1.2775403121717372,1.3379750645639101,1.0030300205520735,-0.09091808900643722,-1.501641153735029,-0.6463115433259089,-0.023957563314100518,0.592301344842697,0.34408043966979107,2022-11-25,NVDA
0.6228750493638228,1.6802739211879598,1.7887066311453912,1.3878371204557893,1.1628150524807437,0.1241718081095872,0.8807087341191155,-1.1454845440413068,2.654906684243862,-0.4101762363000289,1.0622397969955883,1.4199494684511609,1.310146853171437,0.8774679788202544,0.08341080928606373,-0.855522500035959,-0.1840501033300919,-0.031890651727515915,0.6003380239880907,0.41195683934571387,2022-12-02,NVDA
0.5616405276249699,1.1092016894527337,1.6090842021629748,1.0863743890975548,0.9949045242987778,0.13637891582787473,0.5485941719889986,0.8643520268079162,-1.150328924953588,0.31836355934231153,0.9755773392853174,0.10653130596622978,1.0066006127472338,0.6848901889485652,0.13248496628176676,-0.7447405282885152,0.3319299810945604,-0.056782787463226854,0.387943546274309,0.1747723305674918,2022-12-09,NVDA
-0.29512878154840944,0.3319230309403229,1.0474652750266402,0.44975288383423373,0.4981791105405203,0.13010463101457664,0.004153022602950849,0.5351033890488209,0.884971987176512,0.03371556448086779,0.3268177831165837,0.40365977107571466,0.9031234324369083,0.9572139138963623,0.03614029688684079,-0.13823995288507984,0.7412017350046205,-0.026369991520571616,0.3165325134316851,0.14166538904058618,2022-12-16,NVDA
-1.604761084601689,-0.8550850722013582,-0.04735352969566601,-0.7421065983217666,-0.5237715477260835,0.09613588880202405,-0.5872049445708843,-0.004639600917161536,0.5515518163685287,-0.020853081248036733,-0.25073996179192115,-0.8222066870775798,1.156669391955202,1.2494107978909805,-0.34809788667398595,-0.8205126726847396,0.8159247005577398,0.01669940116771809,0.19029285579068433,0.28727969986098184,2022-12-23,NVDA
-1.688602061578049,-1.3502267071482439,-0.5749152311158845,-1.0980646945126815,-0.8860803218660812,0.059504740574156695,-1.619484804332566,-0.5908945482196268,0.004970360081552094,0.006736768580825178,-0.5012265604734549,-1.42171726225547,1.239144914673603,1.330440336083303,-0.49006642182899723,-1.3851761773255895,1.0046764276970939,0.13572986702345632,0.16651223202837367,0.33639260361719653,2022-12-30,NVDA
-0.7472511278454063,-1.03141534639667,-0.6069846239949684,-0.7253443473963578,-0.6361003559019778,0.037220928551226024,-0.8338708805736166,-1.6142665299622572,-0.5887123533747575,0.1774583501493541,-0.39756178024735217,-1.3517030702363269,0.9855162734506395,1.281582755540977,-0.31537365053863914,-1.1793845070235363,1.3953566573058103,-34.10044316177457,0.06608356635265804,0.1518417889859954,2023-01-06,NVDA
1.7373317985721017,0.3956240836849357,0.4410362764248346,0.9441017698075127,0.7597670597449151,0.05566585070108177,0.17338958034909857,-0.8354319237853912,-1.6250503114451897,0.5409712389115965,0.4656007948984383,-0.0828121067935565,1.1421868269203947,0.8719017715448593,0.5485099494121582,-0.36707505942898994,1.3938976503231781,-0.001208689654292527,0.048808506532173335,0.3480924485192893,2023-01-13,NVDA
2.001584164259555,0.9495525186316673,0.7949163553292766,1.345790706526341,1.1790489641017952,0.07957365795755272,2.353058055440775,0.1631365596329052,-0.836347982439166,0.932020089594009,0.8244096206710766,1.2520168407645764,0.9568374739543117,0.6640139322515074,0.770451149713257,-0.6360402451779339,1.875762604342324,-0.05368405126444369,0.04508232844054717,0.22764491870374257,2023-01-20,NVDA
3.0370546441787325,2.456253227611214,1.9473173152837404,2.6899263654155776,2.453360819412952,0.13254109791973614,0.876157513678336,2.323995967866907,0.17487222053827187,1.0626448706062679,1.1620674398465356,3.1700823881563496,1.3313655581953832,0.4088361519626928,1.3215306987138993,0.21028029635437648,1.8952513427947715,-0.08286170062912418,0.7375168391411235,1.3355727841743599,2023-01-27,NVDA
1.9292804587516097,2.5341194493963815,2.088326457581643,2.410874047842114,2.3683017066779515,0.16982782534768837,2.4309904754949043,0.8598400803257836,2.363109407756569,1.0014777830281583,0.9470816015430675,3.4006278493452253,0.8702769860790023,0.4447053885230631,1.1986347480394297,0.24499220324264867,1.9194426056924616,-0.13165066683958354,0.46043978113741196,1.64087311706448,2023-02-03,NVDA
0.9181108707356752,2.1504400879373686,1.8390964173611037,1.8429467422638506,1.9724927210134833,0.18505799678406332,0.5229035357819115,2.401255883769176,0.8804028749791524,0.9854330343960325,0.6261209841759656,1.9936053320515301,0.6574485414707796,0.5322737345126407,0.9974150262677899,0.4329789547377493,1.9452946703959297,-0.2919139908733366,0.41214756889647114,1.2380357556434314,2023-02-10,NVDA
0.16318171970278694,1.6197728556969064,1.6207993911517242,1.4025218463153464,1.6329597711229713,0.1844075972311926,0.01162177552420111,0.5096344456815198,2.4413481957195824,0.7365598201552341,0.653805980004742,1.4764924888870004,0.6445107182671483,0.451579081870917,0.8490834325010672,0.049467782541700894,1.9559077322707086,-3.3854664233417617,0.4103434628794254,1.2226046493777143,2023-02-17,NVDA
1.1990633789964715,2.0246752996512387,2.289504884594643,2.1022057709176876,2.2803495849221616,0.20372742225061236,-0.0251920523990631,0.0027647017105488607,0.5257601851392517,1.2930904532013272,1.0625429882756832,0.9933142066145352,0.7678415884510316,0.36857721374487173,1.0891754765105464,0.3181473286404044,1.9693873678539264,0.2899167786976972,-0.5159236909769448,0.4261790257054236,2023-02-24,NVDA
1.0753268286845739,1.5898265565436673,2.2256204709064233,1.850379943954805,2.1116833658992364,0.21179021214264945,1.4750641872267436,-0.03373144774068695,0.012468474162289859,1.270071251837412,1.2623480304487975,0.8957884323147973,0.7516386359257637,0.2949452763712229,1.043008657240281,-0.2262681726879849,1.9959118932768416,0.137456470036038,-0.5674479890310653,0.5250296239521345,2023-03-03,NVDA
-0.09637511511360156,0.5662352827428015,1.4262534684548125,0.8353365163610059,1.2300799389674981,0.1856337972582429,0.3392878846417706,1.4535785937649774,-0.02449007627146537,0.8707695066314469,0.7901924508555256,0.44231774712340427,0.8054599976981729,0.4100632439184706,0.6972504097634157,0.19391873709087112,1.4483828286717157,0.048847358566903844,-0.4835629878553392,0.5251478820879178,2023-03-10,NVDA
1.2638754711685534,1.497465515419022,2.254778546237102,2.0313063184818856,2.27174983241078,0.20196876865514188,-0.8270676775591762,0.32760327360224406,1.481663970282516,1.134197289603847,1.083916595578948,1.5116174260165787,0.5433933299208932,0.2932830541940009,1.0871010356087454,0.755485874536413,1.5095327957379787,0.04184869282067693,-0.36730137021187087,0.1585164225325944,2023-03-17,NVDA
1.354629191342826,1.5694377594285038,2.1505297487976587,1.9885351452065234,2.277235206066225,0.21425586584831657,2.0436728862900924,-0.8286874278182873,0.3414227042004321,1.3425200002740283,1.0662000280380577,1.0522141269120913,0.2554971100138209,0.18549415149861187,1.058397607036687,0.6694063870317695,1.5548681965817608,0.03593447369537773,-0.3749068447369904,-0.07576487715759879,2023-03-24,NVDA
1.316265642253559,1.5888265394508012,1.9973648632847978,1.9099781985463757,2.2392777735667564,0.22179738095526266,0.6111658573643096,2.0172805837765804,-0.8295180346748537,1.8330742446179047,1.2519256200573619,1.162768936362497,0.21216708878880305,0.10553488962094626,0.9975187853252919,-0.5197771078501727,1.8552920740564594,0.030881882049016283,-0.5049527565969892,-0.23126921945530107,2023-03-31,NVDA
-0.018529450924544784,0.8132040803431002,1.247983544427859,1.0334692248119388,1.4687738992578043,0.1955509558249962,0.544181488624031,0.5971351230383727,2.052507983711625,1.7830314755280863,1.0329456409638775,1.2882052430514919,0.11671741008403717,0.20625594016469395,0.703983105254108,-0.7796192932578315,1.6750969186947702,0.0391080078488212,-0.6451051945716963,-0.345320712907338,2023-04-07,NVDA
-0.4069337509065824,0.3278192947730993,0.7835284748541766,0.5993701797674805,1.0460188418722511,0.15684470785864174,-0.6115875933237417,0.5307287841610997,0.6143694835366608,1.6801990141011942,0.9396712618454235,0.09441213029439473,0.20065684166569536,0.2905751336747191,0.5334923778782976,-0.4762318304199808,1.290117349710425,0.013444849629378433,-0.6076037061447721,-0.25691160008693703,2023-04-14,NVDA
-0.20801660274548434,0.26092664089573675,0.6777996910799287,0.5669682340973444,0.965593923229118,0.1228569735049026,-0.31641805902881365,-0.6150667911810529,0.5471217858638963,1.593981718454896,0.9717415499301228,-0.1445848364161317,-0.32868962387360856,0.21663016275852753,0.4851158793891742,-0.2577939151466492,1.3217104995546933,0.010080390149428348,-1.076320916095343,-0.8371528584782884,2023-04-21,NVDA
0.2494687898757273,0.3195045194672126,0.685018765771829,0.6610709060136655,1.0049484140822726,0.09782432022000741,0.11418926985866039,-0.3224443706184866,-0.6131908551898743,1.5757737194937425,1.1473245127193354,-0.2638653248743485,-0.3351806628791916,0.18672858701347778,0.4830813241613388,-0.625794031423041,1.3441683977100258,0.009577141075301823,-1.0990743181625513,-0.7954617803146691,2023-04-28,NVDA
0.6113075299528011,0.40188863092545757,0.779325493259273,0.8590985418692816,1.1495752583232766,0.08453833938601532,0.29032757801643594,0.1044471078398948,-0.31686095050062946,1.467438263808398,1.1394943713926675,0.273824806888217,-0.3463071590717843,0.010041838490728906,0.5272531149169807,-0.23064279564384435,1.353518837975016,0.022775101102606943,-1.1651052541486435,-0.7676824856464324,2023-05-05,NVDA
0.08725756919212663,0.09672795417058042,0.4139532744618998,0.4498737483635928,0.7715179329226968,0.05721250786736293,0.4769563934410533,0.2790654613567712,0.11543918180305886,1.2663572882500482,0.9281751653816489,0.2594988971160265,-0.2972070222746897,-0.11696423214701764,0.391989177209421,-0.8221483936256813,1.3411112841745774,0.025487490009771258,-1.2424814110523061,-0.7752001746035687,2023-05-12,NVDA
1.3477606151019064,1.1219408740566141,1.212704700433434,1.5233249177866335,1.690330090175687,0.07823199426927976,-0.3441895671223142,0.46408379614774875,0.29226992483077974,1.4819974033382408,1.0988310386257152,1.0752389940592955,-0.2005217743302418,-0.2383718781052576,0.7938244301908646,0.2558914348212518,1.3611543417853227,0.02483034505163012,0.7708073825788978,0.8332144905909513,2023-05-19,NVDA
4.2092809863519465,3.6722131817831505,3.3656895826768687,4.03601818702099,4.005773494310711,0.20972982287342903,1.7361053634255377,-0.34997622935317935,0.4796324154047055,1.7972311777928625,1.1711350673608756,3.2569737720615612,1.343184147787681,-0.23009806733879412,1.6571227678655114,1.9254767187277464,1.4693799265923713,0.02952761607887158,-0.015168469266573564,2.070351521400143,2023-05-26,NVDA
2.5801930113378573,3.020318720343042,2.8717749308941363,3.019808190363963,3.272864564770076,0.27781575272406694,4.313859655598125,1.7123671609125155,-0.3447416339393234,1.7525293523074676,0.8168755963618003,2.976056394147645,1.1761911915569478,-0.21264298253746486,1.3510300857459392,0.9287534056434783,1.539737646706522,0.030556698046560395,-0.1722850813329145,2.865478813600434,2023-06-02,NVDA
0.7231572744947766,2.0933176997666236,2.2367818031877698,1.990094099024702,2.4185325725393954,0.2858252806992211,0.047125492353054195,4.267877174481177,1.7437313514834025,1.5923824426611743,0.7218135065470879,2.9494065027914576,1.0935405973769095,-0.1217317375724963,1.0464598477624685,-0.3185234487002277,1.0524431089877269,0.030641303661589143,-0.10749896519057345,4.200697096199867,2023-06-09,NVDA
1.1792336865403708,2.6632639780178766,2.9220857271317153,2.705665017877013,3.081942765634063,0.3317203071083014,-0.3840927123211298,0.03796204544130878,4.3316193106403045,1.9262428712442385,1.1035677350201492,2.9276511200000117,1.2050098999139818,-0.1573760110087002,1.2261534063147754,0.7790082949697468,1.4840722038495378,0.02997563866731507,0.002988197536293669,3.9842372789068725,2023-06-16,NVDA
0.5298762621656348,1.742443965100575,2.3090459612665177,1.8042104056369672,2.304919795488324,0.32255516286445013,1.6996574000352311,-0.3895350373583103,0.04811176319324983,1.7412977078234457,0.9469214743351392,0.47511187609824845,1.2802540558201716,-0.2532600779562429,0.9433966879429969,-0.7879304541919518,1.4893951846871767,0.013775481317435953,0.2633005922897194,4.2781425790187395,2023-06-23,NVDA
0.2108571989049898,1.1322243964831085,1.8780573245021235,1.3283173090855065,1.8568601659641488,0.2883847512365865,-0.33439779191508356,1.6762337188304117,-0.38480164637187786,1.7099273972683595,0.9515779087676909,0.40429695095176954,1.1951999950299068,-0.2465270833650628,0.7854067059212929,0.2539115903389266,0.9217853843994986,0.012123387978651106,-0.0166353542956456,4.043321051548222,2023-06-30,NVDA
-0.13424429785522624,0.5854235115643035,1.4942451884227903,1.008603808281931,1.5283462000091492,0.24141143223785408,-0.0899527259859631,-0.34026895055291745,1.707140103869159,1.6815681811504561,0.9832235175758418,0.5829572289838253,1.1567020483883554,-0.26451914434829293,0.6721038769574331,-1.5592405990284193,0.919055328806258,0.020168292431963112,-0.0877777747895514,3.563227924694766,2023-07-07,NVDA
0.8930706087726639,0.9007181249931889,1.7953532874763392,1.5672806944569284,1.9840951495202144,0.23561884220461637,-0.04386808516496218,-0.09793328045193826,-0.33491136530801563,1.9560889726108879,0.8613990981819605,0.3110672407012671,1.1489044941364146,-0.1568199442068449,0.8133482287989527,0.17405009606723473,1.2531329822633217,0.017832961194515457,-0.13430504237990476,3.426574673571343,2023-07-14,NVDA
0.12706160071261707,0.3497674742039806,1.0790905850300356,0.7996590164348414,1.2821691210549362,0.1845433973960859,1.1322135524117403,-0.05224631895704573,-0.08950533700105864,1.7441020780424286,0.6821846630858591,0.17794158370630234,1.2768172493938201,0.03179810367253969,0.5723843923690085,0.9921461164486277,1.6002614912975777,0.015627782973876663,0.058245905931175075,3.5154408443581,2023-07-21,NVDA
0.6990257911047986,0.7669530076597668,1.2534108222492442,1.2274508561038215,1.6160957923844232,0.1689697167835251,-0.5911736617081966,1.1136865283774464,-0.04323952825238135,1.799705660105561,1.0591120705491843,0.660100674127552,1.278212599684703,-0.018754053511065023,0.6895167821819307,-0.561738620814648,1.6233738275742078,0.013755990415370817,0.10238498494757267,3.6697164749674487,2023-07-28,NVDA
-0.43730348238844735,-0.03616733780476751,0.3958366868144133,0.3109918155773047,0.7776534878385782,0.09861715767528777,0.8664968914647346,-0.594829018008396,1.1374655211435774,1.3665040535517663,0.7138586315159929,0.19071631597035474,1.4063019078667278,0.22420352226606385,0.38859209684873536,-0.750085905626644,1.2762419344787952,0.007822141316724507,0.19999670668087097,2.918957403730993,2023-08-04,NVDA
-1.6249157250505557,-1.0460701521731923,-0.6831811961814914,-0.8841805737286392,-0.34210194911980785,-0.03281379250765594,-0.9305529706437631,0.8502628227573926,-0.5926966723318191,0.6938266505392393,0.04738206886990034,-1.1383151282608874,1.6547035988624423,0.6775424539929408,-0.05796389449327229,0.1399001510365945,0.8647023705081792,-0.0007940295608397367,0.26296941028712734,3.366109656938706,2023-08-11,NVDA
-0.43477232850074593,-0.39666359456637235,-0.20483325435213842,-0.058769260210221816,0.2666796627100268,-0.08818987521072542,-1.678006069179528,-0.9312797127144008,0.8707042749300874,0.8737210848351248,0.45476506394889055,-0.4534891710983554,0.053747449941351645,0.7061604876205182,0.1310730018222413,0.9912920827738955,0.960207748551615,0.010378618038899461,-0.30902214034128483,0.6675450037583781,2023-08-18,NVDA
0.8593725190768012,0.23013399887827662,0.28087083172947985,0.6431288522492667,0.8295686127015545,-0.0881929834332727,0.9520528984981891,-1.6722827958170876,-0.9334101491159515,0.8635930628455867,0.5648033366978557,-0.3913728280933963,0.15776742912424663,0.6852842709474436,0.34310026626638407,2.6393756428187,1.0938194301289452,0.014942073521862534,-0.14123558554438945,0.9598360418096173,2023-08-25,NVDA
1.507216902798112,0.6965770030229955,0.6413994293973704,1.0941488676001003,1.222657115835221,-0.0573134840829799,1.0058486336865544,0.9350805392320959,-1.6838016350728744,0.5529863074959451,0.8062066190138519,0.49080870009560246,0.17211805785644474,0.27951376905651987,0.5283608779740144,0.9035624780472685,1.1079397944194205,0.02500720013596964,-0.09575917325597541,0.717228697214939,2023-09-01,NVDA
-0.2863071861855858,-0.10722419571108568,-0.062455021917583384,0.005955102997123346,0.28599124024224887,-0.10168593539638203,0.8491442118090253,0.9884120535578031,0.9565966197155212,0.10924929726658066,0.0390666992025879,0.7506236539960238,0.08234713392508058,0.444102943389877,0.13821023710391436,-0.8885160873234004,0.738104393195985,0.02740169635585972,-0.3764953788031138,0.6064038703976375,2023-09-08,NVDA
-1.0592316257744563,-0.5497103564075815,-0.4612114372242464,-0.4997269121934792,-0.1987762762691144,-0.1691599445036067,-1.2233429167844672,0.8330598850076355,1.0106038366836787,-0.02759320814413939,-0.5785380739846216,-0.13355407832064076,0.1440293571932038,0.5612346341991173,-0.12619214979520182,-0.44940567150772676,0.7070213407200986,0.015780119766008797,-0.3952072537877677,0.7176032629110406,2023-09-15,NVDA
-1.5977260594215408,-1.0103032743016238,-0.951975067205803,-1.0718987794685466,-0.7560897529291708,-0.25790385066954846,-0.7933121977456158,-1.221543079361412,0.8532833784247542,-0.6560353621318321,-1.6080263075545336,-1.0881674918617668,0.2617653184436605,0.6278850647559178,-0.5372665125531226,-0.36134893744673346,0.289101354107085,0.0036149328974292285,-0.09657003306235347,0.9133946258652417,2023-09-22,NVDA
-0.2348012695522666,-0.4469326244562107,-0.5547674114922445,-0.3764656264550284,-0.24134164730535276,-0.28319588140851176,-1.0731671080342393,-0.7952232349980847,-1.2273511110146567,-0.4111400389851349,-0.9805886964802477,-1.1533746703537378,0.3339684690989418,0.542586030420677,-0.3104104424060261,-0.4957137477802639,0.3097421066726857,0.0023506693474704965,-0.1342239911494875,0.9803222431942067,2023-09-29,NVDA
0.7545771516070978,0.0076065680923354684,-0.06400113392461464,0.2628676882763701,0.2768343722687072,-0.2604488485363778,0.6912060695754894,-1.0726631864164857,-0.7956298553280737,-0.21631899137476307,-0.2606023743970955,-0.21880416022945504,0.25499168235605496,0.37914056595244444,0.22327465906929864,-0.47195545055412674,0.7259770294742973,0.008570891826138913,-0.26754985090652056,1.0592354893038922,2023-10-06,NVDA
0.4404598190793352,-0.149784408459487,-0.15147194170196612,0.06436071210904735,0.11347647954760062,-0.252272816394056,0.8110447112402905,0.6764846422749158,-1.0765849311652143,-0.2643601429017861,-0.3626997254905263,0.05439876267851599,0.22711221810296428,0.4735256143126768,0.07434516703424016,-0.3544063831820186,0.7814531777025872,0.008538696553057385,-0.310741820323846,0.9919322513228348,2023-10-13,NVDA
-1.3394392986440513,-1.1130448337816143,-0.951141391319041,-1.1147550533149613,-0.9035609794184638,-0.3178966703165663,-0.24874985324235793,0.795289157397555,0.694724349808689,-0.9105863543835298,-1.7445736942216676,-0.30173784525258207,0.3907663907447259,0.7022086454303651,-1.3092257459991032,0.5981947815987161,0.3212802265844494,0.00734400900731493,-0.23495632271525957,1.274774486647701,2023-10-20,NVDA
-1.4215820853133063,-1.100500718444371,-1.0761171782957608,-1.1816096713095896,-1.0278508735317051,-0.3710788320140604,-1.7504624688862396,-0.2553600957469021,0.8150341011095682,-0.8888080900169222,-1.9090350218274756,-0.8551650812553057,0.34755735548870226,0.7765064791652415,-1.7317410215637126,-0.17414037893959927,-0.12121353386913612,-0.0003245151316833962,-0.3521758956092977,1.1598020309392962,2023-10-27,NVDA
0.6984871799640623,0.1922153202474669,-0.15134452380527344,0.26970010960678525,0.14705630661710203,-0.3204858253518658,-0.5173828660824794,-1.744113945729198,-0.24892672748167485,-0.6909700836047337,-0.3431852862871061,-0.39907039727492666,0.5078302465805605,0.584624571883819,-0.11850644021737414,-0.20424200017942062,-0.10822084717811126,0.00030809346925116387,0.23494287971397013,0.7820702795532625,2023-11-03,NVDA
1.8473544766523322,0.961516470021646,0.48392714919694746,1.0366501238556993,0.8402023608269321,-0.22703429102686573,1.881843064633064,-0.5216749871128503,-1.7565428753587444,-0.23908152131299718,0.6759905617733436,0.29515489021466046,0.5642090455680745,0.3544316284708319,0.8876430295435618,-0.3954841643127141,0.23432935608833516,0.007283535161423256,0.9284795910732109,1.3786834934083871,2023-11-10,NVDA
1.3278106784687176,0.9358273732513261,0.6289432696096916,0.9788742517850684,0.8648197150367513,-0.15180549386640912,1.20832343462561,1.8568472441854698,-0.5186157903500636,0.21791840211326505,0.9707234971208412,1.4086124369373025,0.46656679057238243,0.14412986463307384,0.9672047291981903,-0.5155801745875267,0.6201838882993883,0.016354634667605606,0.9440325978602062,1.246493917620865,2023-11-17,NVDA
-0.09872314556356347,0.366320932766647,0.31193071568440384,0.2997028075658548,0.33208006644816734,-0.1343233430400607,0.23051054179754388,1.18913963371013,1.8900419767029577,-0.12706853051975486,0.43877561720182934,1.308581225467319,0.4190400209481447,0.1242627221764181,0.3922678875945152,-0.2531147438334791,0.16496654621252,0.01702795153043358,0.7887239717089676,1.2896480642544375,2023-11-24,NVDA
-0.688624633476446,0.05855370791377578,0.06916580484061753,-0.0865824575026485,0.004384038244425631,-0.14499957771038935,-0.6881341694888298,0.21976460576182547,1.2138746065060608,-0.4682702121150896,0.13717194552042178,0.08528501052229576,0.2929145307755172,-0.04764061544184878,0.05314165652171033,-0.37084111968693767,-0.43866976570764926,0.008221310615598823,0.7750807062625732,1.1758713625540886,2023-12-01,NVDA
-0.3028376890231395,0.18771133283477387,0.16246438476418337,0.0666298177261451,0.12010111016542692,-0.14243642230287895,-0.5124942808533944,-0.6909528220910858,0.23221773589509398,-0.6449396432744822,0.3594750297244032,-0.4036197731806135,0.22670211371929025,-0.20766604988488344,0.21619745764916795,-0.5493736260961235,-0.9767770360160031,0.007970477926872844,0.7907274601977785,1.1194122165460154,2023-12-08,NVDA
0.30383708984776975,0.29560214082588915,0.3215387960072605,0.3440963730420364,0.3551430123324959,-0.1205445540441279,0.15837514468583255,-0.5168285870726893,-0.6900383512347203,-0.17694593889602994,0.7723851030040457,-0.3263677712075338,0.07625664312610364,-0.28235045922999824,0.5533599877604267,-0.1437659123490178,-0.5488644771605298,0.00846003464086683,0.632323487882132,1.0431031740240009,2023-12-15,NVDA
0.16930164146806473,0.0005634604788944767,0.20883531237611927,0.19179533819195238,0.23511910530098987,-0.11228960015731188,0.3970645743533828,0.14825168840911604,-0.5137079871160327,0.034646158427624016,0.7544851671146505,-0.062293166644058644,0.04045298733483524,-0.28046424375126267,0.43889817825858485,-0.6762177652575436,-0.1372861442237924,0.009082579227638603,0.8639493883312507,1.193357544161193,2023-12-22,NVDA
0.16518940167848692,0.02966099424167666,0.28452580640226477,0.26180807607046724,0.29684995880902715,-0.0999786590180162,-0.1519907056055596,0.3848813895022792,0.15979876012954003,0.4454892691112256,0.9609413424272377,0.25884572856639765,-0.03621507186526974,-0.41364218530168867,0.5373318690121691,-1.6387029141227913,0.21167051850293414,0.01535231527462967,0.8822132530674567,1.0932506174826857,2023-12-29,NVDA
-0.16455408860096632,-0.10279604620547282,0.12889881816014612,0.0390434533711722,0.10887396205922709,-0.1048143831086148,0.12649220453149523,-0.15943591420599854,0.39942652561919395,0.20307541108629898,0.8341432978407576,0.03640200389306837,-0.033560365771829165,-0.43158699384041893,0.32906667236651027,-1.0778576738078858,-0.15328099078633198,0.008778238770475911,0.6020857957623748,0.5667701582342104,2024-01-05,NVDA
1.4404705593300409,1.1276698816989235,1.034272215671598,1.3200512913657225,1.2157800027141838,-0.016474976931803054,-0.2850019164624896,0.1166438764955342,-0.15178720030955198,0.49218256804633753,1.1325020041978295,0.78103174856642,-0.10099577951466902,-0.490254757984073,1.3885520956093789,1.2197944427836689,-0.03451585585724121,0.009992434202895932,0.29387425856267185,0.4726834744567736,2024-01-12,NVDA
2.1356785503427074,1.891548098932224,1.6206482590746023,2.021905619060147,1.9089330498391746,0.11128755328326129,1.9377295378511064,-0.2912993281449945,0.12779048176939078,0.8369843201155454,1.2642204108774966,1.6451964688245855,-0.06424391255183874,-0.5981040053063721,1.6928312730621176,-0.1428072270696498,-0.0033250123253088836,0.017003757846916823,0.18394188533699918,0.7922751446819231,2024-01-19,NVDA
1.5522013762985618,1.7610349833644399,1.608719871166812,1.7904911975906208,1.8103694059588347,0.2011127781191365,1.4505877683833261,1.9122514548836795,-0.28532130480304674,1.5665623136517957,1.0058698711244416,1.7676838552223062,-0.3708071609731249,-0.685045981443156,1.4179903521789765,0.17317589182905582,0.5448382684476402,0.01865040118227059,-0.3083584126526778,0.7975558547469946,2024-01-26,NVDA
1.7095945885247437,2.3020519813242273,2.232714523540078,2.343176475215097,2.379016305104511,0.3234243306309313,0.3383483445173213,1.4293133898855435,1.9461481508095757,1.843567445905923,1.2114477252751017,2.769792303881112,-0.31910182192373815,-0.7582861172026726,1.5272511392558692,-0.014865575673413808,0.9945867975611512,0.025564899256783086,-0.7325802004149335,0.6298889178428164,2024-02-02,NVDA
1.7095945885247437,2.3020519813242273,2.232714523540078,-0.25573102462465763,-0.30978380749556045,-0.05084237877671538,0.3383483445173213,1.4293133898855435,1.9461481508095757,1.843567445905923,1.2114477252751017,2.769792303881112,-0.31910182192373815,-0.7582861172026726,1.5272511392558692,-0.014865575673413808,0.9945867975611512,0.025564899256783086,-0.7325802004149335,0.6298889178428164,2020-01-03,MU
1.7095945885247437,2.3020519813242273,2.232714523540078,0.0026755125495871476,-0.09736019664581301,-0.045242483492433615,0.3383483445173213,1.4293133898855435,1.9461481508095757,1.843567445905923,1.2114477252751017,2.769792303881112,-0.31910182192373815,-0.7582861172026726,1.5272511392558692,-0.014865575673413808,0.9945867975611512,0.025564899256783086,-0.7325802004149335,0.6298889178428164,2020-01-10,MU
1.7095945885247437,2.3020519813242273,2.232714523540078,0.048380898517988546,-0.05308822662270541,-0.040743945301741885,0.5799243269062819,1.4293133898855435,1.9461481508095757,1.843567445905923,1.2114477252751017,2.769792303881112,-0.31910182192373815,-0.7582861172026726,1.5272511392558692,-0.014865575673413808,0.9945867975611512,0.025564899256783086,-0.7325802004149335,0.6298889178428164,2020-01-17,MU
0.2111103263537398,2.3020519813242273,2.232714523540078,-0.04214665389587325,-0.12087297622445083,-0.04046704341949666,0.18613710930483107,0.56616318588861,1.9461481508095757,1.843567445905923,1.2114477252751017,2.769792303881112,-0.31910182192373815,-0.7582861172026726,1.5272511392558692,-0.014865575673413808,0.9945867975611512,0.025564899256783086,-0.7325802004149335,0.6298889178428164,2020-01-24,MU
-1.2801987643465833,2.3020519813242273,2.232714523540078,-0.9933695496041889,-0.9042585530618714,-0.07611766832735163,-0.09843386153872041,0.17577408602304642,0.5830051363824478,1.843567445905923,1.2114477252751017,-0.48493657624659336,-0.31910182192373815,-0.7582861172026726,1.5272511392558692,-0.014865575673413808,0.9945867975611512,0.025564899256783086,-0.7325802004149335,0.6298889178428164,2020-01-31,MU
0.014955750591104381,2.3020519813242273,2.232714523540078,-0.036997871256576775,-0.14092066517206434,-0.058348707296640295,-1.5919772922419373,-0.10634122953277851,0.18766986257642754,1.843567445905923,1.2114477252751017,-0.22283758459677128,-0.31910182192373815,-0.7582861172026726,1.5272511392558692,-0.014865575673413808,0.9945867975611512,0.09724636312528762,-0.7325802004149335,0.6298889178428164,2020-02-07,MU
0.5006788515554538,2.3020519813242273,2.232714523540078,0.22380044045272604,0.08818257714479043,-0.03486778542527299,1.1612353391341699,-1.5869963891232264,-0.09801981359163381,1.843567445905923,1.2114477252751017,-0.12829225677110997,-0.31910182192373815,-0.7582861172026726,1.5272511392558692,-0.014865575673413808,0.9945867975611512,0.06588226119901264,-0.7325802004149335,0.6298889178428164,2020-02-14,MU
0.046917206487062706,-0.16014320838154755,2.232714523540078,-0.20368233047590992,-0.24942558633084794,-0.03863845837585569,0.3852768429911237,1.1424578766809013,-1.5974346618303836,1.843567445905923,1.2114477252751017,-0.37112198260002066,-0.31910182192373815,-0.7582861172026726,1.5272511392558692,-0.014865575673413808,0.9945867975611512,0.012797361283860127,-0.7325802004149335,0.6298889178428164,2020-02-21,MU
-1.4436390288768632,-1.0721595680239826,2.232714523540078,-1.1350340862802457,-1.0275655222938282,-0.08608350984300729,-0.5966018930056611,0.373195378300598,1.1666013983062122,1.843567445905923,1.2114477252751017,-0.34198212616726137,-0.31910182192373815,-0.7582861172026726,1.5272511392558692,-0.014865575673413808,0.9945867975611512,-0.000983188318151469,-0.7325802004149335,0.6298889178428164,2020-02-28,MU
-1.3817195287432167,-1.1786858599733097,2.232714523540078,-1.1673616064879473,-1.093946479631244,-0.12121569981620522,-1.5355740287906414,-0.6002104073358272,0.38759245433055456,1.843567445905923,1.2114477252751017,-1.082930443697641,-0.31910182192373815,-0.7582861172026726,1.5272511392558692,-0.014865575673413808,0.9945867975611512,-0.04929471583475228,-0.7325802004149335,0.6298889178428164,2020-03-06,MU
-3.234524314556473,-2.7263474567879737,2.232714523540078,-2.904488784374158,-2.558559149600898,-0.22879623103220967,-0.504841032734064,-1.5310798477424516,-0.5981462430907091,1.843567445905923,1.2114477252751017,-2.5627123523079374,-0.31910182192373815,-0.7582861172026726,1.5272511392558692,-0.014865575673413808,0.9945867975611512,-0.07627139649728995,-0.7325802004149335,0.6298889178428164,2020-03-13,MU
-4.291415931910823,-3.8595917152989307,-3.431776762926706,-4.122525844980595,-3.637171712685433,-0.356481938484425,-3.1093616379257503,-0.5092413813158556,-1.5408096658848855,1.843567445905923,1.2114477252751017,-3.4439849295141785,-0.31910182192373815,-0.7582861172026726,1.5272511392558692,-0.014865575673413808,0.9945867975611512,-0.11229123926218364,-0.7325802004149335,0.6298889178428164,2020-03-20,MU
-0.18399701635801435,-1.8372429559782462,-1.929728153258488,-1.4489979428649233,-1.6154659513645626,-0.32443753170460493,-3.0240180717549854,-3.091286732699423,-0.5060246525497414,1.843567445905923,1.2114477252751017,-1.7587140438659103,2.4230733266970708,-0.7582861172026726,1.5272511392558692,-0.014865575673413808,0.9945867975611512,-0.08034312190154533,0.9620700271325782,0.527531033994532,2020-03-27,MU
-0.040779900582338165,-1.9789683983435509,-2.1576721043390843,-1.7884107844097201,-1.8988271086310455,-0.31379249899479106,3.561257387751418,-3.0066796238662405,-3.1207841484483283,-1.4067629002918751,-0.9773449608064382,-1.9884070144080577,2.3775234555790896,2.691787010595112,1.5272511392558692,-0.014865575673413808,0.25906432942597,-0.47903152375411234,0.9196755541250735,0.5106039506877895,2020-04-03,MU
1.8851738964260254,-0.3275569796518906,-1.0406647133407134,-0.16543600457438473,-0.5955745165876862,-0.22827885017711486,-1.0697976749309857,3.5217693559211085,-3.0351050796730465,-1.034281998915979,-0.42584559549079926,0.38063615397406564,2.7468058881357145,2.5046258212304453,1.5272511392558692,-0.014865575673413808,0.40579302720725197,-0.011038895811412352,0.9913607042410061,0.4321696822162717,2020-04-10,MU
0.5235513727514908,-0.06171003560311567,-0.9401812230522033,-0.2974954469894221,-0.6417672349043866,-0.16847605064761204,2.0243928915802147,-1.0693228292452994,3.5760584129594206,-1.207661274122594,-0.47414401875719564,2.0564368160587287,2.7423867775545667,2.481210927253378,1.5272511392558692,-0.014865575673413808,-0.00033497660944399496,-0.009978498691817248,0.747233614900297,0.1359957873490904,2020-04-17,MU
-0.23218133951734812,-0.1938079992246198,-1.1115827360068262,-0.6921095374068337,-0.9242394894393676,-0.14170874540119097,-0.2983737603341562,1.9981669623999219,-1.0732022521474458,-1.3520720145370884,-0.6471201244998481,-0.11896963944569348,2.654251313618747,2.7739204251744156,1.5272511392558692,-0.014865575673413808,-0.3530506350691456,0.270275392493622,0.7736431159984579,0.11070070695866983,2020-04-24,MU
-0.25670818397176565,0.29180240061593193,-0.7365035742650986,-0.3580889756899231,-0.6309038779841367,-0.10454909093796869,-0.7392178652878331,-0.30455578203498873,2.033152195491698,-1.2918206313607665,-0.5460291151033819,0.5557420720749425,2.5292462620923475,2.8114765610645227,1.5272511392558692,-0.014865575673413808,-0.34471862950494647,0.0024648746276425587,0.7108690435545384,0.06785575223025685,2020-05-01,MU
0.8776268003171558,0.9935410860899301,0.11141411990775005,0.49348171851165373,0.11543298261122809,-0.032039213296742024,0.23878159093238802,-0.7415957000957315,-0.2987457160637671,-0.8363038274031448,-0.18772344285332895,0.14490915585098688,2.640440415593076,2.440923983956329,1.5272511392558692,-0.014865575673413808,0.01785626890475753,0.02146521833252471,0.7457107977535244,0.07487182895608446,2020-05-08,MU
-0.6242539244456204,-0.3715384283198207,-0.4826569770051853,-0.6740372414539263,-0.7912294464674869,-0.037035024886199946,1.150496007179545,0.2279642813286531,-0.7413228672449933,-1.2999751889245919,-0.6190392885563852,-0.5007785717999053,2.7287880596674126,2.882254814651978,-1.1153787563921216,0.016900017526244943,-0.3623607680940442,0.01624159652440987,0.6899742736407136,0.09595206950687646,2020-05-15,MU
-0.4791855724915368,-0.2763119287940837,-0.2291137891975223,-0.44255793284906997,-0.5999102824224383,-0.029724392192202683,-1.5690770873234872,1.1318112179080237,0.24052130017608603,-1.385236933282892,-0.5094384147111557,-0.10135731768709284,2.6495432576846216,2.6971140993400686,-0.9985179447302507,-1.2027278775697987,-0.48631991004997327,-0.025570250398524796,0.8747471540298783,0.5104876623281185,2020-05-22,MU
0.47528395179134536,0.2953498033979726,0.4935253102066624,0.37189087112404406,0.09839982442328378,0.019122686064098723,0.08602577442292896,-1.5642937975071145,1.1558198478926782,-1.0896470288022273,0.20370030062493785,0.2954129506698853,2.745981144206298,2.4347289301745145,-0.6007029309728882,0.1752114227361087,-0.09251500606478434,-0.05022568287612291,0.8064011237093173,0.5239822457166092,2020-05-29,MU
2.2722006217111277,1.559479441884285,1.5421731502217155,1.6690855166658867,1.2690871078763246,0.13187804965453231,1.065390688342494,0.07652664434899811,-1.5744444316324795,-0.473602228279968,1.0050419525063312,0.7316391164500392,2.3430956621657946,1.916676515590278,0.15541836010903456,0.20536713909422719,0.47568443500711716,-0.12790905556537271,0.47006986647164833,0.3875277920107856,2020-06-05,MU
-0.21938092057151806,0.13843742610192442,0.21286254930962847,-0.02028761532878885,-0.05632488143401588,0.12256542870587056,2.063316995869995,1.0474403004949704,0.08716497004159902,-0.6929653992759001,0.3920481076082284,0.5837348644597388,1.8700676629423687,2.4710272380449223,-0.41873944697186855,-0.6140174759025027,0.0342066011844804,-0.06017011486710111,0.10583365782587735,0.8617246281994274,2020-06-12,MU
0.04105445096514963,0.46554019298934096,0.5249347430997338,0.4514677392270504,0.3539086211603199,0.14131739187238246,-1.8231323132354713,2.0367551779578474,1.070379963048965,-0.05845381189075667,0.6970483694192157,0.8856610890255012,0.9781739291989238,1.8770019703199312,-0.10957356981174783,-1.0384199335977553,0.1537072605077685,-0.0991515758868777,-0.33242131773552874,0.1852110705143383,2020-06-19,MU
-0.9209076933202507,-0.24282721481415567,-0.09358151754574921,-0.2817975234613635,-0.24408832360381386,0.11042650624298746,0.6650499861036789,-1.8161566984007176,2.0722293182098563,0.3014545103870496,0.1484904180698672,-0.14972408474614982,0.9544136645995821,1.7010892404056606,-0.36321726937143534,-1.1186701419927367,0.23372949738952833,-0.11220258365701571,-0.33527643481937425,0.13490688088741107,2020-06-26,MU
-0.023471071243920626,0.04554145237050468,0.11632482907248899,0.05218820334254457,0.026935439068477767,0.10432013163022705,-0.9623422935013427,0.650554268138437,-1.829498399380656,-0.03917238272744249,0.1780351662332013,-0.8853562505570085,0.5875911366543528,1.3288464981674648,-0.05265852118036373,-0.4915608615770279,0.10586164685933239,0.012064797203965694,-0.966750476603822,-0.12707997543488353,2020-07-03,MU
0.11857369822685503,0.06141757343437227,0.2045785646278375,0.19294473553110913,0.15418380928296732,0.10675617353212771,0.369964518920244,-0.9627947151852696,0.6684654415485262,0.2376164802236703,0.24512194776247684,0.10421344018653872,0.5776214345813357,1.0887866992633453,0.21883238773701183,-1.1561200045523965,0.02401693107875088,0.9862890417722668,-0.20742766000778806,0.8219558233240778,2020-07-10,MU
-0.2293817516201654,-0.3835111428129814,-0.13694446340986882,-0.20554154784947976,-0.1747794051677484,0.08237621008340308,0.18595188256130477,0.358015189244968,-0.9653244421510511,-0.23570172857751923,-0.059570656580004155,-0.4879687831092269,0.551310067325953,0.9690097989681681,0.040797502612967676,-1.140708466890945,-0.3926470860395545,0.025789978694655175,-0.27726118663556487,0.6117546396573911,2020-07-17,MU
-0.16356766640569229,-0.31293787663204836,-0.11127098052339827,-0.08381909538966197,-0.08188691689842448,0.06924629650744935,-0.5685384134155888,0.1755904576612202,0.37221993445538065,-0.14739343508656988,0.0766759086430924,0.0195404271378725,0.5481886760834132,0.9658915561158479,0.17323080116602663,-0.6310836850381323,0.06439952993788953,0.8269967034809039,-0.3289896060463444,0.4750551473394955,2020-07-24,MU
-0.17039821350525883,-0.19070319223795365,-0.13399026358680335,-0.11274706198488942,-0.10945259476848934,0.055794191471207955,0.07126822613712883,-0.5723890966213891,0.1874839076695766,0.023056407644093918,-0.03985674326239415,-0.2149164852274101,0.40658520851040536,0.8689691671089992,0.11537120865381748,-1.1295093695669336,0.12594332265951133,0.10034469994717604,-0.7558273802838628,0.18604627436775267,2020-07-31,MU
-0.49410783318247353,-0.5155600559080857,-0.4656097570618563,-0.4612840920874791,-0.4118384278490978,0.021756679474356184,-0.11533837455367695,0.061896443738101284,-0.569972440357174,-0.1931256091141758,-0.39916506451580125,-0.589853198429754,0.16111193846675434,0.8340842297663968,-0.20030717725869132,-0.8236759492412192,-0.3092451075071225,0.011712658243282251,-1.096962706839266,-0.22706441195477492,2020-08-07,MU
-1.3765996740617288,-1.1425751312753814,-1.097839039376163,-1.1943745157647314,-1.0578168841958167,-0.0522368015656216,-0.6030496434944193,-0.12309986801721436,0.07234940688592267,-0.792323739465471,-1.2631476540028184,-0.9359822574547485,0.3530281311618439,1.0512869814595702,-1.053242015987439,-0.002515875613669722,-0.7253996461246996,0.00013827753923533286,-1.0151937133750697,0.005770756013555716,2020-08-14,MU
-1.8829937719455137,-1.7165907467576353,-1.6028859987877488,-1.750403115008914,-1.583207131185297,-0.1442982225054545,-1.2983456144538803,-0.6066025180924837,-0.1149907816236359,-0.7121251790068274,-2.0005439713548396,-1.535778962757819,0.3190930509584859,1.1588733816725454,-1.9258624770406734,-0.4547137759488479,-0.6459357857104188,-0.05013279402624004,-1.4807125554411407,-0.4639505629564403,2020-08-21,MU
-0.16301340859098343,-0.8228924911380949,-0.8739445877085135,-0.6539448453655167,-0.7415473267169077,-0.14903918061632665,-1.2957860459537611,-1.2958985544044987,-0.6046193409744651,-0.4742108519748078,-1.1866623356740704,-1.0148901151640735,-0.11996314588453902,0.9269619839761691,-1.0689521878835075,-0.8518113988745271,-0.6631133599428933,-0.03574346006333851,-0.9357441176731619,-0.46367990579138857,2020-08-28,MU
0.4242273354178702,-0.48761581287625405,-0.6786743971639435,-0.36415715761005285,-0.5054760292359323,-0.13381763246294562,1.1547030136846552,-1.29336107325188,-1.3026486592690985,-0.6795008994573063,-0.9744653328874222,-0.6603759376068923,-0.44567240082181314,0.7402716026947014,-0.8631353992037271,-0.3769757659234455,-0.7803926924449682,-0.0014960928894409225,-2.299027582362169,-1.5959130815808078,2020-09-04,MU
0.20154813471980243,-0.48112516458770244,-0.6805558220689137,-0.4403691391617315,-0.5604616461355785,-0.12537368057656448,0.18289102650004133,1.1359819207882802,-1.3000790285939758,-1.4355049754521032,-1.0642363015100451,-0.1615642638384743,-0.5744168620586919,0.3826614955172751,-1.0182188242885577,-1.0188956008371173,-1.317278995100011,0.012532273244214884,-2.782058638169559,-1.983853348476389,2020-09-11,MU
1.271671111571561,0.7096253364058197,0.22880914906365057,0.7731764858577619,0.476613074032411,-0.04123144495629923,-0.2815395328919664,0.17255601472055554,1.1600433929806366,-0.29785024131979837,0.2881201063685807,1.3934481602124087,-0.15373873539576605,0.048180731513449135,0.2562111237085937,0.29241615782249425,-0.7782651548013793,0.592854496988668,-4.0670833760642155,-2.542765568128983,2020-09-18,MU
0.24724526338328232,0.3234191587083885,-0.08475468681650465,0.13909612079265996,0.011184581857239532,-0.013754818144033759,1.6947615969654046,-0.2878668226062954,0.1844110187717833,-0.7471765334662634,-0.1639517227824853,0.4021196246167762,-0.13047747958921121,0.04412137958966951,-0.2257061070926601,-0.579186455473992,-0.7503909833663084,0.040851527579992275,-4.525167674088018,-2.8066002641724417,2020-09-25,MU
-0.8099068228901324,-0.2824693990577506,-0.5434800361890221,-0.5975747974624012,-0.5915265619909171,-0.03924978147565527,-0.7000712427715665,1.6713801632346,-0.28184530991115664,-0.7751641038644358,-0.8957348871295427,-0.24198142111186283,-0.039738231008383494,0.23320710688512164,-1.0356875194170083,1.6837651624229375,-0.8784477300370744,-0.05699892018209279,-4.933549733508013,-3.107743916301995,2020-10-02,MU
0.15257139181890597,0.44735072568319073,0.13434463832492874,0.3117090496219282,0.16345899155365448,-0.0013266722422078253,-1.0829749727928968,-0.7027868864933318,1.7022250544196131,-0.5350063082685339,0.04795739572010224,0.46251355141250083,0.1656428760038788,-4.719625761504944e-05,-0.07546554530810232,-0.7722675355970403,-0.9858287926010498,-0.01704615156581781,-4.1873339433409065,-2.619349944910929,2020-10-09,MU
0.7457957357185225,0.583692175295325,0.4576671547271699,0.5994939471618056,0.4474186187791503,0.04822285415297131,1.1677915660613287,-1.082386415926212,-0.7020223515367552,-0.4435835326205815,0.5339308853262091,-0.1058552884618619,0.2023633897985131,-0.08008750896707896,0.3823875011119429,-0.6184971806247357,-1.0046671678981336,-0.01364118667750639,-4.123536734992878,-2.5762978476520426,2020-10-16,MU
0.8502896790117729,0.6543582281109287,0.658876819347082,0.6957607867414666,0.5793048572036249,0.09453434329730055,0.4936869150746911,1.1489575277975568,-1.0864313525991893,-0.17744674059260446,0.7297847746508964,0.4020339049529193,0.215955225050402,-0.17631890064263542,0.8193404769983862,-0.32523659943350286,-0.5831353852668891,0.045914787477994275,-4.2133016294181305,-2.6434918784211923,2020-10-23,MU
-0.48682789570322915,-0.09415178555439598,0.11993712974264817,-0.11939337123862948,-0.07872458542212074,0.07526766025657552,0.3047133767825371,0.4806699446789781,1.1731833990709146,-0.5095057244152271,0.05718727154165151,0.45355223318246557,0.285410496440233,-0.1097472426284986,-0.009329099339281896,-0.9833144576325198,-1.010617909876775,-9.016137307358846,-3.2187848744917305,-1.9811307326676062,2020-10-30,MU
0.8230102156936709,0.7927451723830907,0.9157925083196573,0.977127756508994,0.8604506192074003,0.1347510513167206,-0.9886907054894752,0.2933271203952556,0.49642870806051714,-0.10078867382928812,1.2015779126726294,0.6643085706946773,0.3426553204109553,-0.17946404932211393,1.2016215783717048,-0.8126975844132036,-0.6302668534723965,0.1537626785394374,-1.893855714650749,-1.4329893819310284,2020-11-06,MU
1.2234100313739125,1.2186485217011382,1.1756447734446918,1.3055017418995127,1.206987837667791,0.20678171609024937,1.6017854797383186,-0.9889157581728677,0.30671227704514464,0.21932627320317102,1.2106465828463935,0.8107473353032895,0.07610102690880684,-0.2796690478837333,1.4185050925815945,-0.44023766017894966,-0.18896715006839945,0.07918032369715125,-1.1413602745604001,-1.1674427882154423,2020-11-13,MU
1.6329730056291054,1.6227058661701588,1.5471812633129762,1.6760567615090123,1.6047495385272281,0.29382697664019214,0.7783744711525473,1.5792063671059176,-0.9917764350093481,0.7564260768945783,1.0603871551067543,1.1529936545516652,0.04002926921636577,-0.40171566727380253,1.5427458002832788,0.1850930657143512,0.35664119288054685,0.05667486474378921,-1.406084960022492,-1.2644239161006687,2020-11-20,MU
1.318057611006637,1.6847289884317393,1.7438560382441992,1.7869147452038414,1.7866760593174187,0.3745594992489336,0.9534718503768211,0.7629008394172738,1.608883429505338,1.2359361230963297,1.1778806050889512,2.1464887034749274,0.05044602455675629,-0.5110686953101824,1.4691112106934576,-0.9225105795468976,0.7607803303838491,0.12148155257970857,-1.3465410094200663,-1.2161609188743063,2020-11-27,MU
2.5995637472605377,2.8860584254373687,2.8675781734085395,3.0403210646855814,2.990218351492316,0.5491385615965341,0.7037497574510958,0.9364872465143327,0.7822354277827251,1.4057915061569413,1.1483969965954992,2.613563022694191,0.42446638375331885,-0.5176195687048548,1.7875509391455573,1.4857430384440882,0.9125929361930789,0.10698587788052397,-1.676130903036126,-1.080785031306899,2020-12-04,MU
0.7442047404252431,1.7175697024664558,2.0096879028350827,1.6791071693029012,1.9077116309797666,0.5765469397724834,2.4352267318860235,0.6889200865957843,0.9580211497773993,1.0742008796872538,0.8089658679902053,1.6380168517584175,0.46504469735429743,-0.36666680349350256,1.1417630006855335,-0.2660106318070834,0.9489049971545738,0.05071765334467686,-0.9585262976731519,-0.612577294456764,2020-12-11,MU
0.26885599615068806,1.3726919549872252,1.7811694285193176,1.3757580804221887,1.6651721520751013,0.5702941824729131,-0.8227061266486689,2.4054555841286795,0.7073173494267189,1.1421530447282529,0.8873599975074213,1.1709685555798197,0.3312486624154867,-0.33439002755438846,0.9694637342496032,-0.5202753948843242,1.2732438263423278,0.038108995135348614,-0.8105194672879962,-0.6264738441895525,2020-12-18,MU
-0.41440503091688197,0.6714577175457925,1.2484260369002542,0.8279817633935911,1.1807632806020094,0.51208629812099,0.10866198943039876,-0.8243635141464777,2.445601105680694,0.8973353012554272,0.7816606600105871,0.6053944015465291,0.11757214614344681,-0.44370740955089766,0.7248901926576781,-1.8315634516487425,0.9815833733778199,0.0205479130029406,-0.45143413876108424,-0.5841253096760085,2020-12-25,MU
0.7099870614857988,1.0151133117047095,1.5827904690418977,1.3711588785708828,1.6396849955172659,0.5134105362898316,-0.3525016026726413,0.09896752410877054,-0.825139337636573,1.2171316684082476,1.2078645242281847,-0.03672752347169038,0.10025831178334957,-0.4886871540137009,0.8771941172009324,-1.2024520065260285,1.3430370687952953,0.009524491529083554,-0.5667020154475808,-0.5906196560726129,2021-01-01,MU
0.82649907431636,0.9367622151663144,1.5330196561142473,1.3541856961253789,1.634244150969428,0.5118263123749224,1.0488555089938592,-0.35821653765040534,0.10989017253145518,1.5602279602907516,0.6536457512750433,0.5951719033819036,0.10168616727760835,-0.3746028171071529,0.859192541670626,2.9443412014751735,2.0496803737207743,0.04019184025193676,-0.5893858824405483,-0.606745192610429,2021-01-08,MU
1.0490999716728033,1.045891258020046,1.6106341899390684,1.5005473414914168,1.7727313940707814,0.524774683634792,0.4090433965346981,1.0310478085767525,-0.353086345761584,1.559446667778107,0.9325339647082553,0.8727716030149212,0.0969413474161739,-0.41371487705644666,0.8886095003076359,-0.08300506501346094,2.0688750769401256,0.03740816759693148,-0.7666208259302428,-0.7415208667864494,2021-01-15,MU
0.666389831215875,0.8929442603886107,1.3832843366510674,1.3203567718509421,1.6254394195271114,0.5161188756081058,0.641054005003672,0.396756842538305,1.053779780607695,1.5563075230953565,0.8235418123046191,1.1877306483097736,-0.2193725908254344,-0.34580803144664984,0.8136195732448532,-0.36999494031744246,2.0827137555831663,0.05246221135127378,-1.9475803767361193,-1.374162007871726,2021-01-22,MU
-0.5128726858548487,0.13465223451863742,0.5315813245296147,0.32103397452116506,0.733840634082282,0.4009069599429407,0.21971091973119783,0.6267653561491611,0.41145243894306627,1.0921037950536032,0.4667735359317774,0.10264783651448042,-0.04679225052001943,-0.05173957171488371,0.45822353476797634,0.18699893662090106,1.5542028262978085,0.03346858672567066,-1.8580029218775784,-0.773441890659086,2021-01-29,MU
-0.046562146563710376,0.36786532980203923,0.6280279583761129,0.6269630160836386,0.9498105334696453,0.33720395604098585,-1.0111745544936126,0.20905817714017286,0.6443751274540335,1.4216091648310851,0.7165319607903061,0.15862544933825995,-0.0628043703760892,-0.12137994866043675,0.5246991981435148,-0.7309623074776481,1.8168041182317964,0.019947430897172068,-1.826220753995391,-0.9576622378809649,2021-02-05,MU
1.155106744836094,1.1014885006158641,1.202565044093211,1.4527115004859825,1.6562942768561069,0.3759288849875211,0.5240903137044787,-1.0112055867450132,0.2213756583573676,1.4641856670088065,1.2348983305830326,0.5309670988530556,0.02846884805658714,-0.28341129164506695,0.7958741870846691,-0.7272927841232718,1.8335850657574104,0.01738827638536165,-1.6602486131040217,-0.7546672746848214,2021-02-12,MU
1.3010430724242572,1.119344506607393,1.2491677801413814,1.462016063739298,1.689506438868969,0.41021613656719025,1.4110786285810881,0.5108109825121293,-1.0143486725146802,1.4676805215177946,1.2095872561307455,0.6631004085417687,0.019254439231164867,-0.2847540173086155,0.8275276115565732,-0.7533574808527506,1.841886389510643,0.015632957659178364,-1.8384259298706502,-0.9337473564841029,2021-02-19,MU
0.6363004385636369,0.8697512808166842,1.1035151411241892,1.1271829456754023,1.410653640028792,0.399388185857258,0.4763822550051706,1.390145187276517,0.5269516285228708,1.4080086207387434,1.093609323161746,1.2194485870040785,-0.6267358925418421,-0.13912716540669157,0.7276428498402733,0.9761159590146883,1.2349363769706607,0.03153353114066122,-1.8536339005477822,-1.5375779895700585,2021-02-26,MU
-0.3708101888931156,0.26908644725621544,0.5803673825562993,0.44033901283900373,0.7959716993967103,0.30716387609818596,-0.016469552129432317,0.46351461213881195,1.4174268716258172,1.0647507702445131,0.549925971921021,0.5852353427167352,-0.6874630268016441,0.22476588954309906,0.47980803608151373,1.6850692057958427,0.6269258225069144,0.016194689965579972,-1.7513534886692055,-1.5341543737842807,2021-03-05,MU
-0.6099419075633699,-0.027272106483758843,0.2680131459830474,0.11989556519585808,0.47122468308966337,0.19186546937915044,-0.643513426242824,-0.0250842167574694,0.4790560199159572,0.5965733787264951,0.2531814438011503,-0.27882625130124505,-0.629933258493189,0.10944961797950498,0.33564420108495907,0.9910115740147225,0.031112183637963895,0.004020042203792881,-2.000915531865662,-1.6041621274577142,2021-03-12,MU
0.010053375198087727,0.2109223665285214,0.38121332502726857,0.4106928787050574,0.6754343335375511,0.13246489868851408,-0.3656914511923137,-0.6467171257237885,-0.01573328611110628,1.037323578589985,0.6008454836357602,-0.2981502191749632,-0.6817840723927833,0.13923706969616095,0.4592863267815423,1.2344035865059961,0.15563365709550275,0.008024563575612334,-2.015242301185676,-1.6401539014329554,2021-03-19,MU
-0.34738961503183935,-0.31437501070905843,-0.03769938455837124,-0.08548581094559178,0.21236622866858937,0.023277117147260853,0.4347717081828229,-0.371292566685379,-0.6452421949347937,0.7112351406135338,0.2810965597589108,-0.5917176118242841,-0.692149997942148,0.4457702943691069,0.23122436500257273,1.1665622305930456,-0.32940857246994126,-0.004860889405588773,-2.4269211659464403,-1.8238305221435553,2021-03-26,MU
0.42674908771722847,0.09737937367577348,0.31534538826767056,0.47430015494908784,0.6527017017520441,0.003980016846916103,-0.6333165204706512,0.4222631362330324,-0.36632804621023113,0.9748422478370242,0.8419248959086233,0.08550588434028066,-0.6322504124726964,0.4853257421950821,0.5139749926896158,0.3180999232725708,-0.026994071354508514,0.0079426952677105,-2.2333242448280237,-1.7278938345077723,2021-04-02,MU
0.6291952289203162,0.3615281823896764,0.49255793580972856,0.6871865768447992,0.829348915344385,0.016453868348975716,0.7786505604852362,-0.6366082123617468,0.4372818937230646,0.9147746598452695,1.1031640937649054,0.49162769347413343,-0.6607542530298094,0.32460670545444836,0.6783109916654104,0.019075241456591254,0.07725590597019812,0.022319495401951363,-1.7110648256519159,-1.530821874157509,2021-04-09,MU
-0.36753400385336416,-0.2613298223555638,-0.10231665568682675,-0.14082645478798414,0.10763939575797599,-0.07743005330719817,0.43577651898709996,0.7631745462854841,-0.6350052030893751,0.3633705999022492,0.3257586880297513,-0.24066895746945777,-0.4631901032681638,0.397027930605692,0.2215144721301597,0.010018317350597787,-0.4718105032846559,0.007224141179068143,-2.1192201013890397,-1.5559657885002622,2021-04-16,MU
-1.2552422307858333,-0.7991445604141479,-0.6813471869822199,-0.7871318234524338,-0.49632639657557853,-0.23284908477629798,-1.010313673646646,0.4232592761986875,0.7825126024777249,-0.1895689633724643,-0.3650345647269791,-0.44897067509642963,-0.4489036763076391,0.5883576415809313,-0.2798211629285836,0.4909536812472508,-0.8855149333443623,0.008273238593385754,-2.596358112809119,-1.735726659730934,2021-04-23,MU
-0.9202848925947847,-0.7468335403066408,-0.7204647331202401,-0.6667850914637143,-0.46330882233813303,-0.3404178696458957,-1.0533784157529964,-1.0103521347183426,0.43829065463930683,-0.28145961503248607,-0.3590648530338275,-0.8522338468659075,-0.49033108731157654,0.5384610491932417,-0.3412134673860539,-0.3164185005888621,-0.8618186475553303,0.007169261629174947,-2.9876947215298686,-1.8635040261847235,2021-04-30,MU
-0.43908241984208096,-0.7296791409593095,-0.7125710030498226,-0.5896773024915574,-0.45052524534294275,-0.41386429266934927,-0.12138646468849208,-1.0530452571849436,-1.0134844073731581,0.04090953496216738,-0.7403841456195037,-1.1062914836195827,-0.89541108852949,0.4216563844358422,-0.4238702230020549,-0.6361693596182535,-0.838282344074461,-0.0024814017698003006,-3.4282162377189223,-2.2218871871976305,2021-05-07,MU
-1.2657261449345925,-1.423969440480953,-1.3057444103610678,-1.3939331986701025,-1.176760460136664,-0.5645337189165864,-0.1487120809259611,-0.12909576721886376,-1.056718445582165,-0.638871795282688,-1.5701230353551983,-1.307301991667291,-0.7100976601785066,0.8264197301217795,-1.358036944195742,0.49553418727864595,-1.1853843142481624,-0.0045773386683882105,-2.327382513263365,-1.58628081519877,2021-05-14,MU
-0.7321991485949308,-1.164363233473857,-1.1017894656344767,-1.0096219825032782,-0.9278659810693648,-0.6327161638460043,-1.4507060222695178,-0.15618558184310072,-0.12106264800877228,-1.1293130217419283,-1.3704651604382363,-0.79231322163063,-0.6949793948009687,0.7402840923958981,-1.3170930005087442,-0.13372286215987747,-1.4994551280676054,0.008181012473064034,-1.2004551975611193,-0.4709650138483809,2021-05-21,MU
0.18591692571598079,-0.540231435345873,-0.6778701293399149,-0.3602228973187298,-0.4227365116453273,-0.6042248629889445,0.10164855234912963,-1.4469441948003128,-0.1484956867014895,-1.0844464355687355,-0.8153052243322508,-0.4502619765468022,-0.5833553813570633,0.5578429184546465,-0.8769250741121589,-0.18406719431837784,-1.4399740616151098,0.008577723901865227,-1.0702346592105592,-0.16531304310564174,2021-05-28,MU
0.2299127646002879,-0.39088139626757273,-0.6843698380784692,-0.3910113049530324,-0.4513214495274189,-0.5788180427147155,0.6364311369678313,0.09201460825284882,-1.4556080262792126,-1.1632429528710446,-0.8769924812086766,-0.47982306484475834,-0.5883532190673083,0.3724876118971127,-0.9789975407765981,-1.5209744779122436,-1.1370381940149388,0.010349929804330086,-0.8460359625770404,0.09588329162887177,2021-06-04,MU
-0.8000233824959256,-0.836143539964711,-1.084504532666642,-0.9968121044066347,-0.9682335981205445,-0.6229518346807466,-0.2114771509596492,0.6221823803423239,0.10284916422820697,-1.272708300558856,-1.5944762186216075,-0.29440701229569344,-0.5501797917818992,0.30866403741298626,-1.6567510071548024,0.0984925994252939,-1.0622268033516675,0.011743330217953001,-0.8396779912124617,0.18621013732699893,2021-06-11,MU
-1.1558114427956867,-1.0316677185126308,-1.2614474769678568,-1.1911447968525581,-1.1685467109058858,-0.6731540977185859,-1.0841234732959608,-0.21840903171203388,0.6397340860006059,-1.3410306357870379,-1.9777564481651067,-0.6615988955792852,-0.5455187987402685,0.452181691059936,-1.9967198013051541,0.5919583377468773,-1.0400422868270836,-0.0033490794309724787,-0.7628705425561967,0.2578836885899017,2021-06-18,MU
0.19646503940799379,-0.19630473027167025,-0.5815489104926134,-0.24145981464743269,-0.41082314905481593,-0.598300035266841,-0.6745713969304674,-1.083525005645597,-0.2115074987617159,-1.133435335115582,-1.1064893679418815,-0.4733572135401488,-0.43216561132832804,0.1945330647114815,-1.2039270759235974,-0.20863666942285095,-1.1659155484869463,-0.002250832488329176,-0.9320655887358517,0.36000589552754314,2021-06-25,MU
-0.005940329250498134,-0.3464995169527319,-0.6386435929970011,-0.49386022311651273,-0.6063248110718273,-0.5610338789406519,1.064104825811294,-0.6775070871000145,-1.0875843680871238,-1.0868013212507546,-1.3766020101158247,-0.6115120403389962,-0.5223437609170493,0.08801407455811978,-1.3846709490050855,1.7855785699416593,-0.527627815356991,-0.010093965825738216,-1.6705436588688485,-0.15351498952295234,2021-07-02,MU
-0.35898012902059884,-0.5700084949130794,-0.7135123513991987,-0.67736996853015,-0.7607836377278789,-0.5462832384576639,-0.5045884830686841,1.0461655340889817,-0.6764222607085022,-1.5858793864667775,-1.629239595332263,-0.32091298201049434,-0.5922704649898258,0.040240924018679396,-1.5139768539700595,-0.5635554113691265,-0.961070533783402,-0.011232998557704724,-1.2507738805161368,0.2121121541371079,2021-07-09,MU
-1.1612770531978938,-1.0351755679532495,-1.0566895791325273,-1.149493931113592,-1.1677156980393477,-0.5810659925320769,-0.4877596987220819,-0.5089910109835235,1.0690890455353261,-2.058519574518005,-2.0847227989998163,-0.4745249909729607,-0.6081895629210576,0.23682640936531332,-1.8783343656776708,-0.6615027463760695,-1.3911074813626878,-0.011392073927647874,-1.2358051815453517,0.176180602262665,2021-07-16,MU
-0.5633806605477257,-0.7415485185140995,-0.8483298390735784,-0.8169469541172901,-0.9238252275426678,-0.5659590544169136,-0.9864899132450528,-0.4923074476801791,-0.5057711100611845,-1.7564734281181,-1.5814197984354108,-0.9012714109887593,-0.5860615994128584,0.08907035190489568,-1.6052454438220198,-0.3703522317594114,-1.3465612292330744,-0.00946217486302114,-0.9991690192888879,0.19357235348322577,2021-07-23,MU
0.02424123592561697,-0.3678882941641499,-0.5654784078273092,-0.44393602196468285,-0.6216437943092714,-0.5073273222373669,0.09442938566303923,-0.9867339572791659,-0.4888761684020576,-1.3027774019198344,-1.1424407353905333,-0.5530566480797287,-0.5388422238714042,-0.005921858494654834,-1.2948933166746228,-0.6015010663562099,-0.9236000588916884,0.008880797531230573,-1.3391502081143711,-0.027442015387840118,2021-07-30,MU
0.9282112323983326,0.27091569499248114,-0.04675449359096591,0.2660869153329378,-0.008637722782611726,-0.37695510293827283,0.26075628773916953,0.08485773809965187,-0.9895669910110426,-0.8649796302370971,0.09912067647915093,0.1052647463758662,-0.6208053110436117,-0.1239736174784365,-0.642934855137197,0.18783305732867264,-0.8965791950472713,0.029148888727863528,-2.7329525090976308,-1.0567375620252373,2021-08-06,MU
-1.6185105316621982,-1.3522226172075251,-1.3145646338468746,-1.5518159755047456,-1.4889623843147284,-0.4669384843557393,0.9005498332927411,0.24974935134303974,0.09560161755596999,-1.464516291999802,-1.6903587046891082,-0.7296718658379165,0.18261778766038264,0.554453407563315,-1.9623257447512534,2.8993361340903108,-1.072724524303876,0.01883958879329379,-2.290178048896186,0.27085895999162074,2021-08-13,MU
-1.4546364387553632,-1.2470632049003152,-1.2703337196566882,-1.393957935719361,-1.4152537555452256,-0.5155970901333189,-2.5734335016612984,0.8840219106957535,0.2625823839050802,-1.1983204510609209,-1.8278038341946348,-0.9095371787383292,0.06489026934773397,0.34953792960458946,-1.8942356878203594,-0.46168416091270276,-1.00210518115964,-0.001076249514250098,-2.695998676757665,-0.4623150236309791,2021-08-20,MU
-0.24493267478568387,-0.5165286822859361,-0.6982896151388314,-0.5478690279035296,-0.7504727443051431,-0.46013802510691065,-0.3057475423630883,-2.5599832943012295,0.9048910856739051,-0.9793153025754197,-1.0768356081702666,-0.6567358930114559,0.2327684478631245,0.274306128203428,-1.3886591462187732,0.5101105279577532,-0.556001533400277,0.003440780220388633,-2.239035837724412,0.2723589935969994,2021-08-27,MU
0.2546022062822312,-0.44880001897382227,-0.665925048643178,-0.5143184199485387,-0.7103216064672608,-0.4076387527854481,0.8409981463610595,-0.31186593330504125,-2.5827491716378552,-1.2661372077544284,-1.114679455579686,-1.124407180355619,0.14897417554277764,0.19495434211903875,-1.367739909174262,-1.0159190743117554,-0.6287422043772016,-0.00985376216033306,-1.927611523727765,0.6657746633296913,2021-09-03,MU
-0.004801292278042893,-0.46917738309445733,-0.6700938254606815,-0.5074371970122068,-0.6923381473198301,-0.36094253779798247,-0.17622677754727104,0.8249841146028786,-0.30614848590264027,-1.2624300918061306,-1.1561648700409364,0.06153932934770747,0.12021336879663101,0.2286736758974299,-1.3381535317926492,-1.0812782489035597,-0.877268520633902,-0.0021812970854701423,-2.1875523174804328,-0.024400856793980293,2021-09-10,MU
-0.06448064363544688,-0.3042944055190944,-0.4862449744811798,-0.3234906969290646,-0.5266309338875325,-0.3010513364934419,-0.20576249189120943,-0.1834628452151652,0.8451052891664768,-0.9291785593328259,-0.9933439064675305,0.24931270122199917,-0.08148309284930957,0.09835423724696277,-1.1420547638160472,-0.5178525584500918,-0.4882356756886011,0.016811021668500195,-2.857410193474367,-1.0375267878226002,2021-09-17,MU
-0.13378846814060497,-0.27286191745836536,-0.45175909958982313,-0.34867305951460364,-0.5277048733623249,-0.25302886889801685,0.06704938483262846,-0.2127436862918463,-0.176118549090802,-0.777834572793111,-1.044224463357299,-0.24921045655733812,-0.09034084891920295,-0.00494389384349137,-1.130038157191707,-0.19209571567427952,-0.4210265008784757,-0.005879299170115637,-2.4982787055083806,-0.4002813176022847,2021-09-24,MU
-0.741025909002733,-0.5424285146608929,-0.7579710534778,-0.809132387586929,-0.9000577049097687,-0.2598652392658558,-0.1906485138295254,0.05771400818478055,-0.2057703742270739,-1.4880457430658995,-1.6467991523557937,-0.5759311058755847,-0.04866957140736282,0.05421940898034459,-1.566462511561911,0.8353513637550382,-0.8856641670588972,-0.013891085333692202,-2.1370556752123298,-0.47699198224317185,2021-10-01,MU
-0.7611694147214342,-0.6750978554166784,-0.8226116171797407,-0.8336422478771629,-0.9340142401294145,-0.26528450382965774,-0.8528853429504608,-0.19776013165330955,0.06811398047361382,-1.4381704714652968,-1.7777527920789562,-0.6437384744981695,-0.1233350237358536,-0.04818775043210255,-1.591604891205431,-0.44609743238851396,-1.488122035772377,-0.019245603826870718,-2.3026797482779906,-0.6832820246925115,2021-10-08,MU
-0.9986412521099712,-1.0392389623102223,-1.0621798802911924,-1.1195431817075219,-1.1861464241124517,-0.2953559239260366,-0.3514301235434146,-0.8542823041937179,-0.190596980098874,-1.4894884801535198,-1.718478517669458,-1.0195018955495698,-0.10254757900944701,0.0029768208878393583,-1.8777899548996573,0.014900657081292408,-1.4860463690148327,-0.03526375614982286,-2.9119053270442325,-1.2225164145581342,2021-10-15,MU
-0.6114644755912642,-0.9399759490584655,-0.981495334561839,-0.9651777965287553,-1.0840265322225373,-0.300701103427564,-0.7590980905041826,-0.35715430466241915,-0.8554371944654232,-1.2564437643052337,-1.7516509492286056,-1.012708041387708,-0.143215619897983,-0.09999196837541985,-1.793480318992476,-0.6182026939953662,-1.4685509251339721,-0.04186258025209907,-2.6233354816780285,-0.9355156826243206,2021-10-22,MU
-0.027930546002204043,-0.5704302718208198,-0.6274303041120434,-0.5402267929160283,-0.7427892174133768,-0.2601987445595659,-0.1752252226644166,-0.7613043723949686,-0.3520106544338909,-1.1787096378799968,-1.441402436282351,-0.48681438703456187,-0.30585329967748165,-0.1712290607521941,-1.407191285063437,-0.517823409579242,-1.0920464824281813,-0.022615303437090853,-2.3404393332686495,-0.9621951130848788,2021-10-29,MU
0.848999915376175,0.1016613605393211,-0.12848370491382238,0.16879811199168046,-0.13272762633952598,-0.15522675526931118,0.2961404915753617,-0.18246993307452983,-0.761281245597399,-0.9440721355945514,-0.6960378047394409,0.09246548726642688,-1.0876502848174643,-0.32686681841973575,-0.6860994500694991,-1.0986094247534308,-1.1504682699073459,0.0014310644336364175,-0.6035001549975268,-0.6770626046847301,2021-11-05,MU
1.3522082817038668,0.7877198613147929,0.3826006810456842,0.7921356594330716,0.45314835356578886,-0.005722200240617028,0.8699615134518611,0.28482821339754993,-0.17511305689565979,-0.9474753970553982,0.30496959827077574,0.9820604406131769,-0.896984921961494,-0.4737573615896688,0.20530118872109987,0.015240034421338457,-1.1885555265824475,0.06373982453055445,-1.8370946693165282,-1.2066734051906807,2021-11-12,MU
1.751619169921732,1.5506803469780948,1.0416663215399795,1.4507083186658731,1.1091058371849962,0.1863870410561508,0.9564730207449753,0.8536975473966715,0.2981056901139345,0.7448862761861027,1.1116557976241368,1.745840315058667,-0.7558213016586136,-0.7574603774712313,1.1877319457757396,0.3750382083601192,-0.46954480715452157,0.21040607271407882,-1.755802704166858,-1.0417493499254884,2021-11-19,MU
0.8785864951221697,1.3192305527871533,0.9709802573531999,1.0989638622828921,0.9211171107060249,0.3050730653235881,1.2107629433391927,0.9394625188091096,0.8741825170382435,0.8737322498978728,0.6085169099476259,1.5486433443513377,-0.7643310802585506,-0.6807056213455002,1.0707821886629294,0.4965612866473381,0.026786638197118687,0.13360480414356485,-1.786292362048796,-1.230894964392574,2021-11-26,MU
-0.10286108684180958,0.761576465777086,0.6323716629922066,0.506092850564148,0.4795629015677223,0.3339927918151527,-0.04485298831133122,1.1915580911110852,0.9610341183457024,0.34389540410073033,0.19272728917866105,0.7833478709739758,-0.7158010771489149,-0.6288969764516836,0.640295195211105,0.9454410634360731,-0.5931687747460442,0.05541465446211958,-1.610098937585786,-1.1254336963632487,2021-12-03,MU
0.330604803163259,0.9990445006962771,1.0063821513916522,0.9138943125607715,0.859363022607875,0.40014879371821305,-0.5200180562112756,-0.05322272305443549,1.2163237054156464,0.6431199275995917,0.7588271204413342,0.6727116427259441,-0.6361198286822598,-0.6032648641701264,1.0086431427434008,-0.6560819736359854,-0.5463693111895747,0.0390393658402683,-1.2459999552731151,-0.9818521278673147,2021-12-10,MU
-0.26183352254907954,0.27727209542029924,0.5698290954935283,0.26658567463765637,0.340644169587787,0.3768467247981569,0.7387607212120016,-0.5242874373305629,-0.044228303249736124,0.35205391487703414,0.39201766817234684,-0.25823586878237226,-0.5536554574275832,-0.4840027625439946,0.5587286338715752,-0.4776624575635494,-0.6109445464390698,0.0057038949851142395,-0.9361775172793555,-0.8860890776221956,2021-12-17,MU
1.7047329052257891,1.4820603479942227,1.7334274615581027,1.7731298735411951,1.660169393134976,0.5317674378643125,-0.6667968476244867,0.7236289293847828,-0.5212613399375896,0.867698487561678,1.1989508180259936,0.8926145286305718,-0.022974600909810548,-0.4660459077076927,1.5643584722462933,1.4295756733723497,-0.4100257361529133,0.009981441894062325,-1.1383672249504924,-0.44917330212925705,2021-12-24,MU
0.7500968284423335,0.8953500941514327,1.3049582548186756,1.118377966049539,1.1758656798198484,0.5778546048397131,2.3584784962964638,-0.6697996269038481,0.7424659482790027,0.7748320232842637,0.8854206384213806,0.9850340408310672,-0.022511022714410172,-0.40991968825528924,1.1107842738718925,0.22323630463281072,0.042569166559165456,0.014009050063197878,-1.1341614826323698,-0.4464172949070242,2021-12-31,MU
0.5241329062540566,0.7466214588205731,1.1489331094435766,0.9665166645993712,1.077635135479541,0.5933251861116594,-0.354021489085948,2.3293696339788132,-0.6686171480963679,1.1292735279070771,0.8545913550892953,0.6617576497557651,-0.18606308062641244,-0.45009571046596425,0.9828057513955683,0.47432146580461587,0.5723966125744069,0.017223648756687922,-0.7462481033479433,-0.6078505132674847,2022-01-07,MU
0.35324701567464467,0.8787815435576388,1.1535209629034684,1.0598625649164946,1.1805321003915072,0.6143505246501337,0.12259108870818823,-0.3597233084704507,2.3685511574479006,1.3066714595884155,1.1536886769071182,1.2616540954455213,-0.23732184110863314,-0.40305132657472276,0.9814936395086108,0.02775457516084573,0.9467545618867215,0.04507971081757281,-0.509753626283148,-0.5024166705778148,2022-01-14,MU
-2.2524094571604483,-1.2249188222233003,-0.7481138854013666,-1.3110976067598816,-0.870694273596567,0.32840531638695264,0.4273923218887267,0.11277642466708634,-0.3546122071519524,0.2047335276682725,-0.46487254045471516,-1.3983879096717304,1.0039369741104212,0.3521572830408063,-0.31191151691869906,0.07576685364959874,0.8784479973098283,0.009357089815581992,0.46679729788200525,0.8464473081756021,2022-01-21,MU
-2.1552385891154566,-1.557196821862962,-1.107810537906139,-1.4649244056850723,-1.1098614441488153,0.07852517921561919,-2.9959340029529065,0.4149474290588393,0.12387402988060203,0.048937833618164256,-0.818458160637852,-1.552018280262396,1.0135979543777567,0.6501280113390805,-0.5562901258579948,0.8935872680680813,0.7088692530865263,0.006087666124262372,0.29932394121637795,0.9379481522590005,2022-01-28,MU
-1.033732832004867,-1.2257886120353971,-0.9274379920134195,-0.940587322726155,-0.7614409954539906,-0.05940449671531049,-0.7169489476565835,-2.97883790161079,0.42987349758754173,0.06131246538291878,-0.706466507772935,-1.4788734525647556,0.9380207303324619,0.6794258201584806,-0.4265013096077581,-0.08722657568370999,0.7406188848432138,0.0051896927585336995,0.3735450240999476,0.8267946298069432,2022-02-04,MU
1.4113686483955603,-0.14931254332900937,-0.023405796868311693,0.4129698856012863,0.3411563129629828,-0.007619785742827625,0.3036748721490704,-0.7195189481838841,-3.0069106067872,0.23581236261504404,0.11092952924087221,-0.934515627929947,1.09658820704069,0.6197994974437866,0.22316473919668992,0.7103611015736082,0.8287755879282154,0.008336478834780808,-0.5749763000631788,0.30652239296979233,2022-02-11,MU
1.1007593465248957,0.05648986364497792,0.020960612079992412,0.4009088908252422,0.3588271095840101,0.033528974900457593,1.7840560843570121,0.292297577355401,-0.7189664060507045,0.11678632348827254,0.15906533026868275,0.6872083002691156,1.0960407810248496,0.6557400009223842,0.23362863700199912,0.27578642864718456,0.8627209022874567,0.03114626652363515,-0.538591777842396,0.38337781761506134,2022-02-18,MU
0.30582011884909677,0.013485240495909335,-0.13810408272565108,0.15565010743715035,0.16944079136511403,0.0364549504819566,0.07973555531681413,1.7599040995068225,0.3056696898425405,-0.16336823715751003,0.03620269602602059,0.9340365257611464,1.075333246483693,0.7228377340361735,0.10920894503482667,-0.4133397482946379,0.48784270195459695,0.04263665839536069,-0.7246857158876066,0.17415714845524333,2022-02-25,MU
-1.5489943054601114,-0.9205543528889297,-1.0128934176377635,-1.064356249514664,-0.8735522670217425,-0.1106579036417295,-0.2692144500947912,0.07029070558554473,1.7918705762761848,-0.6075686397132177,-1.1697540726330655,-0.1757408465992369,1.2901373736023938,1.2936958443840478,-0.6800874216037076,0.6718671225465355,0.02020618544767453,0.011247992176190868,-0.7399365027297579,0.633823215567609,2022-03-04,MU
-2.7475326828928073,-1.830050961125111,-1.9429909896276214,-2.211141281651811,-1.903834826864831,-0.3590737296024199,-1.7736739141090871,-0.2756480969496706,0.08085002282781571,-0.9040553548440065,-2.0871252824346755,-1.8977195922397843,1.5836423928055083,1.8489087737528724,-1.634051884346507,0.6682298671117607,0.04802738261410604,-0.012897826179451727,-0.5906022741713169,0.9901945541530661,2022-03-11,MU
-0.5665647925553131,-0.8170187090901783,-1.0768153004553083,-0.8377297588678755,-0.8616550997504656,-0.3940458560044325,-2.1367594803332057,-1.7671250918560826,-0.2694717747517839,-0.7837006276188935,-0.8693348049150765,-1.3468978368568172,1.2660195354998989,1.6744566881162903,-1.0779602562152433,1.0280586232384965,0.12575570208071854,-0.007332952260959651,-0.6855619460601885,-0.11457526811810409,2022-03-18,MU
-0.15942662409398445,-0.9900290950658835,-1.0943432689640853,-0.9060624519789172,-0.9433985312759614,-0.4252350558203395,1.5068178232347225,-2.1270774748607306,-1.779845569408847,-0.7377893322755994,-1.0162327002287865,-1.4143086717733717,1.266700597259173,1.695446573377513,-1.2950695194454336,0.5275387267117293,0.48515848927178096,-0.013027975384706271,-0.7973036960815885,-0.25451068465420246,2022-03-25,MU
-0.2833616603094438,-1.188595673092484,-1.1550245535384251,-1.0549265003371007,-1.0927595261439293,-0.46180484530184523,-0.4281357253118766,1.4850582173396558,-2.1443584975138474,-1.3926871665083416,-1.2315316302486052,-0.863964650930434,1.2491321995737095,1.7431722201365958,-1.5045994746514642,2.823851534245785,0.5465153055257586,-0.02810668945656884,-0.4842814800026203,0.05762205887916738,2022-04-01,MU
-1.2519509058706708,-1.4818050413515558,-1.3988502767219388,-1.4919257479555146,-1.4865442179841293,-0.5328274656969548,-0.5743872295399325,-0.43319798889226996,1.5135424361758814,-1.4812610629048486,-1.6735044530472636,-0.32458437737819706,1.2117247112752962,2.0694662415473584,-1.7940356452619561,0.16832499560700698,0.1503033881903341,-0.037812226005241215,-0.41652519926395204,0.012131960603855298,2022-04-08,MU
-1.2109513178721536,-1.4337680419823027,-1.5382960909520875,-1.5543683939758035,-1.5862061934243077,-0.5882462991167501,-1.065468514463059,-0.578187441412694,-0.42901780124352046,-1.6184033894286072,-1.8967902424135905,-1.2617293179086815,0.5785784839960485,2.1467994770394094,-1.8226243573947605,-0.9592675350010457,-0.189392728622424,-0.05106410407379843,-1.2134358926695326,-0.639493465420554,2022-04-15,MU
-0.855311246001319,-1.1708318097666204,-1.5392938998799988,-1.4021453064198288,-1.5046603752313827,-0.608069659358404,-0.6336836429180027,-1.0650310265084264,-0.5758442493459024,-1.8220788811722843,-1.9710063994732936,-1.2129694957370136,0.5609534887745631,2.1913744246499194,-1.741059656831773,-0.6023936111272766,-0.2393785744370975,-0.06238831193559957,-1.2907943838772296,-0.7771974385503709,2022-04-22,MU
-0.6650784007309749,-1.1112940828541515,-1.5743622013711207,-1.3643749569837642,-1.5035419319368732,-0.6116787144414695,-0.31546294084267634,-0.6369721667903211,-1.0688560728850447,-1.347634423747455,-1.8528082362183234,-1.1573253325198107,0.5200697182410722,1.903574346591892,-1.692729481436169,-0.4558858179406161,-0.19606035688763182,-0.09262206521413675,-1.4256960079773884,-0.8963958952994048,2022-04-29,MU
0.0635102020319405,-0.7015470820520481,-1.1199110267083008,-0.7712325408393991,-1.036493245530714,-0.5468387566134549,-0.4476663394456099,-0.3214974944572376,-0.6353737687683936,-1.0680463753739908,-1.6137605672250133,-0.471058555210996,0.03887693313351023,1.6614261836028916,-1.4165146426998796,-0.9272444124355746,0.1911227077948343,-0.0856577469818702,-0.23745880399200964,-0.5068340597386456,2022-05-06,MU
0.37503160668163565,-0.2824655087080972,-0.7283883661267301,-0.39899722484513095,-0.7130981978539721,-0.4512824859106373,0.4430516599021597,-0.45256006701641704,-0.31590207755413413,-1.0912531299609824,-1.440006267756379,-0.03293549692628522,0.0704629758655054,1.5543479929169537,-1.2145811875364039,-0.029796900326063032,-0.1832578053204415,0.012385976767473298,-0.4062096342240258,-0.5835438481460614,2022-05-13,MU
-0.432021499355327,-0.6087609895335448,-0.9065242853700983,-0.8718450554981165,-1.0739571330524527,-0.4177309342381846,0.273799617480673,0.4304716375610611,-0.4486251941223155,-1.9482639004946527,-1.7742330044198742,-0.31904503471490314,0.0864273807675813,1.5402920750997715,-1.3853459851912142,-0.5342323230786575,-0.6016139206708089,0.006895174711653074,-0.36761001177099617,-0.5801216468020041,2022-05-20,MU
0.43340140378255726,0.21832786627703274,-0.22181894695681165,0.0006219000976429488,-0.34320491156697047,-0.2988941757244111,-0.8891929065177117,0.26268012595794565,0.44559439558638714,-1.6338826703949332,-1.2137204439904037,0.3997015592863978,0.09695998229326486,1.280783428382425,-0.942890553847058,-0.9336850494007263,-0.7171049164330577,-0.07441146140581435,0.1352661876228113,-0.6715032041573817,2022-05-27,MU
-0.4661156550947526,-0.3219994227654861,-0.6467925991228082,-0.6195212850280575,-0.8109764288710098,-0.2633899053959279,1.0303529476951026,-0.890276558008417,0.27567698958097675,-1.734299288374071,-1.6201130333794913,-0.3058144355213683,-0.33010987922764523,1.3335718815061581,-1.229656191448917,-1.0546782420212375,-0.3792107844748738,-0.01655985980267015,0.2181695893281246,-0.9055308204003302,2022-06-03,MU
-1.8948225443118876,-1.4522123458988077,-1.4698504211806704,-1.8045739594402885,-1.7898967303874083,-0.34772882825749796,-0.963485503453316,1.0127049118859324,-0.891887490316864,-1.7033378442111289,-2.0625238427106845,-1.380581021874915,-0.3959225329667243,1.652491245643131,-1.8192466946155765,-0.5848336758963695,-0.24993937481027315,-0.21067034931614576,-0.33157723051255944,-0.8597430085535387,2022-06-10,MU
-3.050171999764643,-2.41899679490106,-2.210030239405236,-2.751374937106199,-2.6223130481550707,-0.49452046360655977,-2.0225650601213907,-0.963928060007447,1.035204482044907,-1.6184914995081006,-1.887464212665289,-1.916263752031384,-0.04177206841229247,2.1230438585464633,-2.153110109843168,0.1273998539451047,-0.1564929189452139,0.32635270550036355,-0.0657472166438325,-0.36720460108023123,2022-06-17,MU
-1.1965416557873756,-1.736237935812967,-1.6498384867630287,-1.7537059852723351,-1.906043925971845,-0.5110379671125077,-2.113855811907438,-2.013868475371875,-0.966472146289682,-1.986452792797197,-1.608194813092842,-2.021490174178796,0.17153325523226842,1.532933057302182,-1.7407507606078534,-1.4002323452268133,-0.3467393909223754,-0.359825241081147,0.2202811282862806,-0.5613997215172715,2022-06-24,MU
-1.5121144260122805,-2.299617297830721,-2.161197877100206,-2.3871383334292804,-2.453334031526968,-0.5697334687710583,0.7428084052442363,-2.10437144962503,-2.0297151562278217,-2.1000408293132127,-1.8918828731956017,-2.282326514231672,0.27893777170589507,2.1062416911959407,-1.9604847171076552,0.7470130828436359,-0.8704246707416797,0.5080577567594095,0.2244238773255496,-0.4958471257729167,2022-07-01,MU
0.6834687567748023,-0.944816123479172,-1.2102871433721045,-0.842916142868024,-1.2601566940227191,-0.47584186270469414,-1.612099558538263,0.7276416846375031,-2.121364790192887,-1.5385494377949218,-1.1162612998646952,-0.7226947284393372,0.797356584672104,1.5039560067455464,-1.4482895075275302,-0.08881849483063246,-1.296647243681973,0.05039553693105943,0.41644919542455106,-0.1848922651029971,2022-07-08,MU
0.9698754437452674,-0.29966539142878074,-0.7585485377266968,-0.24738162738122685,-0.7367496599460388,-0.344247127640548,1.7598413542330325,-1.6069450138513866,0.7465295445656228,-1.1832461885972247,-0.7168096144738083,0.666099706992741,0.8778259647063077,1.2292015499298277,-1.2034009390299394,-0.5646460802326385,-0.8129050598374741,-0.024542104463802242,0.36478223772337426,-0.11176517216778378,2022-07-15,MU
0.6304350748691546,-0.04667665762811461,-0.7127772625689707,-0.29595909894738776,-0.7118821803229008,-0.23955009404670083,0.6010501543695511,1.7358983261499141,-1.6176360327745942,-1.0953563212029913,-0.749508491216967,0.18724697969480983,0.8745725601299544,1.2397783091670778,-1.1665615197831434,-0.5817151495730589,-0.4111719145586144,0.01821622386999904,0.28721321304109176,-0.18221223562678412,2022-07-22,MU
0.12025088070925438,0.2807810096022464,-0.5210817890447623,-0.17615883223942896,-0.5592081366681189,-0.1431265759459093,-0.2003367670136495,0.5871067117286181,1.7675606532116148,-1.0148959599603251,-0.6227081145153899,1.0964903368608134,0.8348001673534194,1.0420722048777087,-1.0475183482626638,-1.1103809876185025,-0.8096319058041256,-0.027900632646436673,0.3743113804427512,-0.24653020674274775,2022-07-29,MU
0.043727510347769734,0.40611570323709817,-0.3077829107110434,-0.07778776019086664,-0.4240952316997442,-0.05622799944933623,0.03839265293997629,-0.20736478175560874,0.6042140136929933,-0.9037335707542953,-0.5381696213066223,0.2335206319267313,0.8146279188666242,0.9535385750685179,-0.9240553286159255,-1.0615037714108981,-0.3987402134836985,-0.034502573464230336,0.6306299747740988,-0.10144196594050085,2022-08-05,MU
0.5708306796337121,0.6785507716038907,0.14751345906666147,0.3751089981446413,0.009499313853241317,0.05350901493997121,0.045608993478907164,0.02930456453446931,-0.2003233197413257,-0.8732016035933827,-0.17464818773076304,0.24141902781018137,0.8442180162817831,0.8633570739481079,-0.5567127811703237,0.11304006257119481,-0.862885009502475,-0.07418202901582782,0.6657657393250275,0.07452744015445271,2022-08-12,MU
-0.7808091638510793,-0.2971178703772987,-0.40090938325575115,-0.6352122784401528,-0.7724401196427038,0.05180838451098167,0.6172170488229344,0.036458632928248025,0.03934459324420566,-1.2202298826762163,-0.8129232828516014,-0.3658590097887344,0.7991887245718563,1.047282178232004,-1.0700894741590812,-1.0139443574202556,-0.7208539506232665,-0.046856003664888596,0.623439631192039,0.19657495150086637,2022-08-19,MU
-1.3703623378692436,-0.9768824745373432,-0.7060961109988309,-1.1199339290286032,-1.1796177443289377,0.007908649917299322,-1.3893849100877973,0.6031340968015017,0.046589302659134135,-1.213998468596734,-1.2187150579907626,-0.8502594567354518,0.8024160111428544,1.0303646054823599,-1.3712298026764547,-0.7598143078061783,-0.618795932447668,-0.009995465567556348,0.5730480641318346,0.017576356371699103,2022-08-26,MU
-1.325339459784368,-1.1723800382301826,-0.8385396902595167,-1.1988480950329976,-1.2731945303014434,-0.033659276045257654,-0.9905474258417435,-1.3861522424022903,0.62044446343753,-1.6281025072471187,-1.4018836182079564,-1.1093045193610944,0.5050221343453667,0.9610357409165792,-1.444894270423601,-0.5447785955367296,-1.0339246535848894,0.1024568168029884,0.2927367364514775,-0.2650733298548288,2022-09-02,MU
-0.350302140357778,-0.850261465637621,-0.6798797946446435,-0.7728825330282616,-0.945985776585931,-0.031031397557832487,-0.5377440026276835,-0.9907564562824688,-1.3940458485576754,-1.3805349857363958,-1.1090738939783238,-1.2721390251723337,0.07273661655158119,0.7908737554247374,-1.2189047233326669,-0.7964621632798812,-1.4358085499530482,-0.27346090773882786,0.06451754239536515,-0.600562480331,2022-09-09,MU
-1.287416201408352,-1.5926282738925943,-1.3654091101663175,-1.6153677607911157,-1.6470218457449448,-0.09689758366479767,0.22656515990507908,-0.5418604208009671,-0.9936404545001689,-1.2399445782492167,-1.7399402616331352,-1.3569100445195854,0.22219621750275273,0.9392463157594655,-1.6865194756977993,0.4802486576460643,-1.4183879712690828,0.3806912334259224,0.2661188053717174,-0.3299464768040472,2022-09-16,MU
-1.6386513748682376,-1.8981816353797671,-1.779284158820334,-1.9313239288493524,-1.9531713297610307,-0.1711432530398825,-1.5749357406348463,0.21585326985050068,-0.5390569705898113,-0.9877224031734171,-1.782384763348295,-1.3923374067744385,0.07357536573767383,0.9087779848794638,-1.862044232554627,1.2546017412773036,-1.4093025267391677,0.1613531533654455,0.22507658506272274,-0.48880188424167037,2022-09-23,MU
-1.1046729165726095,-1.6060115111444617,-1.6714488778376988,-1.5912988448096483,-1.7301164853390056,-0.20015302264802984,-1.070815935531643,-1.5701018945971543,0.22825684391838819,-1.256252560474415,-1.782384763348295,-1.2177155985424348,-0.5222368156049206,0.8702979755209742,-1.744082013624756,1.3452825235981993,-1.789112677819102,0.06840019317568459,-0.08550066290649143,-0.991254551199655,2022-09-30,MU
0.4000576118481763,-0.6512530401661095,-1.0700568787927924,-0.6603922758569263,-0.9935279118557236,-0.14973580305501472,-0.12979743254254617,-1.0703323029446754,-1.5803261164801703,-0.5897979957504198,-1.201089062097284,-0.9245986325622885,-0.40690049358337044,0.4880582286145102,-1.2963459517322984,0.8975076952053801,-1.2364498121358976,0.07445129580547778,0.04752509095662033,-0.8542432728453754,2022-10-07,MU
0.3297718804427634,-0.4826172383451353,-0.9906305676493853,-0.6146786230734907,-0.928626518485858,-0.1043730100632413,0.9248303628877389,-0.13743415410085144,-1.074224515733904,-1.239077647197864,-1.2389719209783556,-0.2581816172619085,-0.4066583741682416,0.36679218237514927,-1.3007692481516686,1.0888046901701842,-1.209842692329494,0.050307722383004315,0.07531174935689881,-0.7652654116097234,2022-10-14,MU
0.9850768483405448,0.32236401251212,-0.3338639358531766,0.19928519549072612,-0.2220005788179011,-0.005017000270908692,-0.1947400010164105,0.9080929157186841,-0.12950668105740584,-1.1140514700140456,-0.5750292455491282,0.7991364470197381,-0.1707919993222246,0.19964890062063623,-0.7213124717803758,0.03143411553895635,-1.2225788350035849,-0.00838083290234234,0.5293024598817178,-0.44770855382851776,2022-10-21,MU
-0.12962774697740231,-0.07550444395090625,-0.5665729840167899,-0.343713039604219,-0.6054542129248488,0.032729438498642675,1.012501229748951,-0.2018163120690389,0.9292670668803562,-1.2574394004131881,-0.9757872489759916,0.44920614763372946,-0.15310328624379493,0.41657184152457105,-1.0227790648186472,0.5079450245751391,-1.696751184563498,0.013279619916020889,0.10592429365839127,-0.6306059876352663,2022-10-28,MU
0.3357811201930531,0.44864820401372274,-0.060788518031684696,0.13959105065167285,-0.16971873375287702,0.09940501591505918,-0.7783289463458802,0.9950072422091439,-0.19470455173909446,-1.0733840952552007,-0.5530967385809228,0.27953913024931626,-0.1627671562376858,0.3965971432708572,-0.635909213191066,-0.3928058429661112,-1.326976183327817,0.026090767090857166,-1.0890226862588521,-1.1993382110379036,2022-11-04,MU
1.6479881047061171,1.5935941218627119,1.039316285138627,1.3896255242334228,0.9533725518019058,0.25194621727379074,0.579668653681166,-0.7803692789386926,1.0172825854299374,-0.5262757023417358,0.7149763387803124,1.3628372484377809,0.22434306800597908,0.2312768090082195,0.46564383395177045,-0.02034070466591664,-1.252398996552952,-0.022344641076691697,-0.04349616647883152,-0.8728419720821831,2022-11-11,MU
0.0853185773397332,0.44659937374837416,0.3206625692859024,0.1857055522385229,0.046616869888465494,0.2757561266097834,1.918257788811062,0.5659097189507529,-0.7805877017744408,-1.0320587112502189,-0.0338766359232912,0.13778339067573547,0.29485756868838275,0.4349907317629758,-0.27930737325646054,-0.23460501437156372,-1.2103352863752652,0.013870374976661631,-0.3494663318548823,-0.9079421733583227,2022-11-18,MU
-0.33748276923620396,0.16759594285415857,0.2559128390845335,0.05014285867800056,-0.03980949409600191,0.28052461648683247,-1.2694928176901095,1.8929477338872185,0.5827484580548177,-0.7144499825053021,0.0005165948340064157,0.4487490496310096,0.2697737548181105,0.3375766514067676,-0.30423888665674,-1.982639228072913,-1.1475800226031792,-0.0016049005148636567,-0.41627370345301334,-0.9107912718475323,2022-11-25,MU
-1.458237262219089,-0.6900545599318865,-0.366282929048957,-0.8025445937673749,-0.7505446561615372,0.21226055557752102,-0.18228109068650208,-1.2672947377904902,1.92659985443491,-0.7832781774806327,-0.7821035282473916,-0.48446448407414205,0.41618053048111187,0.6256517432056206,-0.9288704748831426,0.5383102576457902,-1.2054883952519926,0.03999781421986723,-0.9042045970034869,-1.01057065763897,2022-12-02,MU
-0.7774578421715281,-0.7050242137570792,-0.36395926010479673,-0.6437117210586903,-0.6503096087993875,0.16736932595908316,-1.2846652178576499,-0.18946491372090524,-1.2736824363984027,-0.6600514603068015,-0.7422386987799271,-1.3200954561865437,0.16426466398844605,0.5882494234244879,-0.8429179484900584,-0.6331258771746294,-1.1961918483281413,0.06499203582616873,-1.4159648601543753,-1.3148554810256292,2022-12-09,MU
-1.2113173067384346,-1.2097247578221617,-0.889451489875431,-1.1678218514830039,-1.1136176289336674,0.0885126478624724,-0.06695834921671408,-1.2823362103915665,-0.18219666294422757,-0.98252719982323,-1.3297277181573017,-1.2223438510027695,0.1597284852921364,0.8720546188859291,-1.2910968861507057,-0.1626898581368034,-1.2245481500160253,0.04650151265022228,-1.554308096240928,-1.3407215487395239,2022-12-16,MU
-1.184462654402318,-1.5227706077640073,-1.222811419616746,-1.3928545247101334,-1.3480319054369743,0.007881475184889469,-1.0526519694693246,-0.07513732962449912,-1.288914482301426,-0.7727512030433739,-1.7220880744846887,-1.4784792016929493,0.22029445369487957,0.866238188835471,-1.5468959570483272,0.985688802417436,-1.244334037706217,0.06084994651965217,-1.4075318063104718,-1.2278175428581073,2022-12-23,MU
-0.8151622121467051,-1.3950627111120952,-1.203837453604829,-1.179188350203359,-1.2203767889484944,-0.03999716345199133,-0.7792776914046423,-1.05232507964208,-0.06642056474400111,-0.5318514592574436,-1.759805777639085,-0.9851197794361763,0.07970959384557945,0.7840650501524081,-1.5418524313664066,-1.1991275861323574,-1.1327695169401049,0.039574188547606526,-1.3446496216364825,-1.2659154615906376,2022-12-30,MU
1.5399203137763036,0.2816141736455648,-0.05940924102045789,0.5418565953677166,0.1975741191273086,0.0518081151004019,-0.16808229066057648,-0.7813098369683513,-1.0559891434930573,0.015082280898801788,-0.32458312514829524,0.066790247023719,0.7323814057397505,0.5711751065437642,0.01334492872638089,-0.31201402420334157,-0.6680472757387539,0.04413713301313538,-1.6807874481338532,-1.0988088845299744,2023-01-06,MU
1.1041614812832798,0.3627370515918336,-0.046389935173420445,0.39219055442351797,0.14633338342682664,0.11394869810949863,2.32709017750821,-0.17538863974976196,-0.7815401765395242,-0.17979076426382554,-0.29076390560305093,0.5789388818671721,0.6219844688581976,0.4644209031082149,0.05865667949709663,-0.7270101274017576,-0.7694505378785711,0.012515636599945453,-2.15579964373389,-1.390543497814975,2023-01-13,MU
0.8581845085531422,0.7037967903181797,0.1535649354364248,0.5704176441645841,0.35409261231976286,0.17704115939098994,-0.0788283448561682,2.2982521751829785,-0.1679420445994356,-0.04907270280777962,0.03263575438893977,1.2001108778722962,0.5767801540919842,0.2882292961028563,0.3633813767609448,-1.4290661112393694,-0.9640389710000831,-0.009057784773721248,-1.9246449976175888,-1.2567340356387149,2023-01-20,MU
1.4383348535146965,1.6247234155904955,0.97227611178419,1.494670183575403,1.2126077709276666,0.3025470594734924,0.3562297544770245,-0.08690489521822191,2.3370394449092173,0.08886399975305775,1.1666616588613608,2.163790145299047,0.7748348405622371,0.08999189009152438,1.2467876904577706,-0.5737437025159198,-0.9953990102702261,-0.021754937857944277,-0.7846067532002682,-0.27527060637814615,2023-01-27,MU
0.47401118465518444,1.0656081188719484,0.7187739573912835,0.7807361728408263,0.7000529562462435,0.34355813679478875,1.543795112918666,0.3443989465428477,-0.07833722370714002,0.14218461962138365,0.8589498502089202,0.6096144521286063,0.4185963894467896,0.12613970115899917,0.7742242232789925,0.19627596929213978,-0.9921347509562494,-0.003997617957736203,-2.0792473633959276,-0.9455859911394721,2023-02-03,MU
-0.5906513394310484,0.2773631266409861,0.2489991500581443,0.019030251813851016,0.08336754205685087,0.3094427581569284,-0.543193760157603,1.5217164179869733,0.35843117590985346,-0.24060413610672018,0.3130760354405081,0.1867478934545307,0.3308341120580668,0.17016346035582858,0.22553829589560304,-1.0293215640901605,-1.401410573664016,0.01317521420573619,-2.037634272464791,-1.001730153398059,2023-02-10,MU
-0.8913865561075113,-0.13752816654842562,0.09791467302688922,-0.20696997661518798,-0.12035178133884054,0.2593216683841215,-0.8803090834937547,-0.5472631506040053,1.5506650909711457,-0.8564278008747407,0.14235858461423917,-0.17320548758421575,0.33984278743342194,0.04560069634850549,0.012144665833486086,-0.8286749282016685,-1.9144668635081803,0.03251650014088803,-2.039315950800436,-0.9974584184370209,2023-02-17,MU
-0.7154100772925648,-0.5227264131542271,-0.0988433944177646,-0.3869397996597635,-0.29529479890630617,0.2007507598047802,-0.37467607197124525,-0.8814693963772906,-0.5445281522050757,-0.5693557164296598,-0.03257262212654896,-1.0304877832586146,0.17140896719740023,-0.12771460700035178,-0.20023445734239828,-1.0428766938777598,-1.8586076770823272,0.06464931595684678,-1.450677043275594,-0.7523227672111773,2023-02-24,MU
-0.7260545564152943,-0.8120381609464357,-0.3683980119315219,-0.6460353580721524,-0.5442189927958722,0.1297370105557141,-0.3841646211164731,-0.3801996562549303,-0.88296874321021,-0.690439265650326,-0.3276390862591993,-1.0402596973534557,0.20612506431754335,0.04406947073431203,-0.5271419570190748,-0.6110290727907609,-1.9038993503492336,0.046529568709005126,-1.5977700191818802,-0.7383537365647065,2023-03-03,MU
-0.95188846325399,-1.1461005416414427,-0.7260969455277307,-0.9480181259603374,-0.8383782348487346,0.04662208620464078,-0.5649740112796048,-0.38960632562931485,-0.37534798732796704,-0.5020097371555601,-0.7175484880336385,-0.9665845896592041,0.13677100676924372,0.05936623003854596,-0.9015136841766462,-0.3310260793817576,-1.848147209721733,0.04302874560560921,-1.710743285610186,-0.9308136166182054,2023-03-10,MU
-0.1616713054415048,-0.7425621746245991,-0.5225899581583793,-0.4349174581343616,-0.4500233178270144,0.020625451440181117,-0.7190313005038542,-0.5688554528685491,-0.3848738378550582,-0.349331770408086,-0.35292977529877956,-0.6017079197171864,0.07613986181660361,0.0445551668380447,-0.5714002046754708,0.8302472923378259,-1.88858934958392,0.01986419394244317,-1.9089348174592764,-1.2072037262889632,2023-03-17,MU
1.114956927561877,0.26760401378740983,0.07381503517027577,0.5323428651163814,0.36570033857776985,0.07849343487109461,0.43977472012436664,-0.7215833317324413,-0.566394025844466,0.332562084038044,0.595497970408615,0.190720121334934,0.231645574100304,-0.17470572241790716,0.304164844340033,0.654926327312695,-1.3546841359949149,0.002677926393948859,-1.9609464433445372,-1.1455936386079038,2023-03-24,MU
0.5228053122626877,0.15195010023444647,-0.11307661609613599,0.1849485966919297,0.11455534538687442,0.0955914590119395,1.3065087720151798,0.42722297556040406,-0.7210569450429318,0.4657990564994154,0.4052854820869162,0.29061939493296535,-0.4181004692930449,-0.029034357708272677,0.17706463714497306,3.235668753687177,-0.5495761557500703,0.012751179884536454,-1.2750137846513974,-1.1515441265642201,2023-03-31,MU
-0.34447525283494973,-0.16719322783017582,-0.41186051878394087,-0.2518930494310872,-0.24172199237529854,0.07166627885053763,-0.372269017546111,1.2864776979494443,0.4423045735038156,0.2708047959664006,-0.03798395335039544,0.3388432100439376,-0.3658554450202285,0.1188273378832022,-0.17868054654163093,0.5316780694539156,-0.666498247184052,0.014531230988158292,-0.9871334714955865,-0.9291196308934816,2023-04-07,MU
0.4804068176229451,0.5868558851375794,0.19887849755879342,0.56625065008318,0.45224063729699354,0.12011337896277362,-0.6278158049997052,-0.377813373083833,1.31244593006773,0.07010277445326063,0.7667480426789374,0.6814282543673665,-0.1898804652170605,-0.13561015713575483,0.5810919253315442,1.7873229772347436,-0.4957648596070932,0.011691124440999248,-1.3959198398994925,-1.0323137519368228,2023-04-14,MU
-0.0100102502302789,0.18927010566984487,-0.010743884533746634,0.07962712016552666,0.07292168082005214,0.11656639734075971,1.1271119674179997,-0.6311549643502977,-0.37293147029112017,-0.11951412447428156,0.33411370890800934,-0.2417808531128008,-0.566699501084289,-0.04350303538657759,0.2057114649896178,-0.7203297788384079,-0.8470145278966296,0.031107499456286502,-2.0455715513524364,-1.5164293601323164,2023-04-21,MU
0.68160967129193,0.6465496373929173,0.4911747000734733,0.636036797142259,0.558862253003955,0.16042105429606632,-0.5629296011496472,1.108628966616745,-0.6294828632072403,0.015599857016141498,1.2428013928019088,0.34353778592030004,-0.44862359489486026,-0.054759443016979624,0.6925657069365848,0.38215771603303667,-0.7106217487725164,0.0023893314351315213,-1.5188021834068453,-1.1209213669327487,2023-04-28,MU
-0.5160488172960174,-0.16005000359059965,-0.045256955368599645,-0.1778321455582135,-0.10745360074870992,0.12338684185594963,0.8257652460418587,-0.5668286846172801,1.1323438808002733,-0.7920876907091504,0.3461682294055122,0.14175143326791237,-0.4131321840117816,0.02024708298330014,0.03637901511209315,-0.6304567050653113,-1.0846944701482042,0.0009596546780998523,-1.870007000112985,-1.2399426867198418,2023-05-05,MU
-0.48141521741464327,-0.33260438071225296,-0.1244686607990257,-0.25602494194247405,-0.19132983190936212,0.08500362835283304,-1.0093026963074232,0.809882663925591,-0.5643415787299519,-0.6832029554513641,0.2573619419607236,-0.49273321972361717,-0.4240779582609055,-0.0673909462032439,-0.07878793729435675,-0.3702300505475232,-1.0283612599743712,0.01944979532842078,-1.8713642918760045,-1.247290734728979,2023-05-12,MU
1.209518585323226,0.9237360802564745,0.9068677826997361,1.1311929430737107,0.9908883271756137,0.17563974860016737,-0.22136023791498194,-1.0093498814307738,0.8298125052736133,0.21310105027112108,1.176736011685389,0.7472753084422478,0.10129867499297063,-0.1767298788771075,1.4902363270750185,1.037671101767599,-0.5555173662745153,0.0028416043606424475,-1.486666436506102,-0.5027816424788273,2023-05-19,MU
2.154120014734147,1.669248138870578,1.5594468172270801,1.8401599792309777,1.6842791942693411,0.3166160068217446,2.0224358359747394,-0.228206834301681,-1.0124694556800895,0.6238360323017925,1.1641343770944979,1.0391197717510143,0.19710587311326033,-0.1666412052425815,1.8484889810460634,2.146306686270483,-0.02433542853295825,-0.0031033726967491003,-0.893692970944355,-0.0018436395273189927,2023-05-26,MU
0.15241830317033972,0.48430382310997655,0.6025824912813444,0.48868681587652174,0.599158948185791,0.3025740420959028,1.398267163204336,1.9962267948625851,-0.22142943810584553,0.2384484116706192,0.41079689553954907,0.8735719166391058,0.37043955941263107,0.1432082471032556,0.8041248796452658,0.25214313731530535,-0.16830173407261523,0.000555617756612398,-1.5831259977132561,0.1609141401794234,2023-06-02,MU
-1.2256817254787846,-0.28543526638251787,-0.09309154575936283,-0.35513148921029114,-0.13452746430812265,0.20859241898806027,-1.294187829285095,1.3774442761934889,2.031187446309749,0.04133727052699332,-0.16016672306743007,0.3892655502223555,0.549008138116424,0.32663833216817467,0.10598399344672306,-0.07371423043294269,-0.2528090763496954,0.002637301224013599,-0.8655229027956717,2.0940920952665403,2023-06-09,MU
-0.561484141869146,-0.023746270999966793,0.15922709874019542,0.07010711699363376,0.1876272626709898,0.17004877080337397,-1.1076281168024495,-1.2917766481136774,1.4045650418198006,0.3051552176995549,0.1802744883838814,-0.32020579679610356,0.40356917935322634,0.2640695358130163,0.41873490957784665,-0.02715830428613599,0.08315835820952043,0.0036787701745609113,-0.9401696153659056,1.3982734407882575,2023-06-16,MU
-0.6376072144923329,-0.4847424357401048,-0.2658149895802943,-0.43265163680442026,-0.2627206665040035,0.08961766250111908,0.48656780866929344,-1.1068268199529523,-1.2984745290163693,0.0260292377947831,-0.4320527608742991,-1.2734592238227098,0.457006013333528,0.2891922324016761,-0.001025293244157591,-1.427010557937666,0.17190756824912815,0.026475931320255584,-0.3850329231140354,2.003567592897387,2023-06-23,MU
-0.8439500620921054,-0.9263655411126396,-0.647777573444088,-0.7917554091890386,-0.6118955052893709,-0.009611224947681136,-0.765945317998234,0.4736122713538292,-1.111181413041882,-0.39964623855443626,-0.8202675771322474,-1.01763289421088,0.4728827655178747,0.3646630802100301,-0.3793004174879456,2.194451567134917,-0.3815025590809357,0.03017496445906924,-0.6968886947481547,1.875842248220588,2023-06-30,MU
-1.2146068712804483,-1.3546228140326961,-0.9772232187628677,-1.1153781321563299,-0.9412136795143934,-0.11849592242829413,-0.7309579793215453,-0.7680925129401572,0.48928161502592166,-0.5055728623714889,-1.2399459603619285,-0.875768029644742,0.3740699680608456,0.368081346890992,-0.7802810872627058,-0.94326878191872,-0.8652808070524286,0.025482627541836812,-0.008230981442830323,2.3577510958710537,2023-07-07,MU
0.09607411335220412,-0.6337518182013703,-0.4992824140592567,-0.28554635002611467,-0.2971341826777512,-0.12954463730281215,-0.8020259391233323,-0.7334070913668548,-0.7681553909103446,-0.18285055350874183,-0.8660912939712285,-0.7001120753038932,0.4561048073284446,0.23243151006604432,-0.2590830004354077,-0.6088036017879224,-0.49841204386623705,0.0293481783483327,0.1322375801151303,2.6245127828274257,2023-07-14,MU
0.54120549047213,-0.15140472121397844,-0.28186453933087663,0.01230126050649017,-0.04980401283084815,-0.11010455030580601,0.8929647398216901,-0.8038617826727097,-0.7330305100172027,-0.3303062601705277,-0.5488340341729459,-0.18928840547784936,0.3853713352110558,0.0524718356465413,-0.0528793890031332,-0.6664775839467119,-0.625966846034433,0.01560081923027828,-0.3431907244758675,1.6426864114404622,2023-07-21,MU
1.5624892050207426,0.8400196217406497,0.41261154360776736,0.9540071289225148,0.7735644821754155,-0.004839888548746884,0.3132869399601063,0.8765022714586143,-0.8043778521635649,0.08625760622951739,0.5726855718414788,0.8791152067153587,0.4728681019544039,-0.02629994256641433,0.8118916768127766,-0.5897816289186438,-0.27899643939011437,-0.004263813221443771,-0.49128913278613495,1.6577296032471385,2023-07-28,MU
0.46450184250158855,0.4830140213818647,0.10530180908452846,0.44219405160746755,0.3977580166247677,0.03242033169314012,1.3990690107163761,0.3018266995129284,0.8972761736854283,-0.177300164362639,0.21676214726723111,1.073796377474662,0.49678113212306524,-0.0412784091201625,0.49958217867803895,-0.9331879052846315,-0.3223610145045401,-0.0032534008625438094,-0.6797732622021085,0.7904738626262772,2023-08-04,MU
-1.151676664603722,-0.4762784434895185,-0.6599112668119,-0.7077879375515167,-0.5682633105757497,-0.047270828984563536,-0.4574558915144813,1.3782392043030436,0.31531954461198564,-0.343001369640327,-1.0145393100277074,-0.2157027859103612,0.28063069290145276,0.24702756467210787,-0.5790796769635447,-0.9270225962965655,-0.3300140539526979,0.007067288021427148,-0.7156927583058517,0.5264729314512656,2023-08-11,MU
-1.236057045909306,-0.5866632478731773,-0.6538024047020208,-0.7525893435272765,-0.6512580558716952,-0.11524869323897777,-1.5629147733498086,-0.46226514186250234,1.4053700415545658,-0.3733653791624965,-1.3512437203936367,-0.5282030618995407,-0.062076780452160175,0.436420699128408,-0.7722919492223006,-0.5969723898855943,-0.33947412008852884,0.01991512818131822,-1.3498088937286736,-0.32339126107346666,2023-08-18,MU
-0.6698837303306403,-0.5789096255410997,-0.5703154230543636,-0.6209690396244238,-0.5795441417098095,-0.156718766426354,-0.3489362695445593,-1.5581846601411877,-0.4584532308756631,-0.8475398105505292,-1.320427815583242,-1.169478621078385,-0.19840130400071512,0.2736618894551825,-0.823122878707454,-1.045881556559193,-0.7601167370065631,0.02317603212733578,-0.7060766771285679,0.05730298411809011,2023-08-25,MU
1.2815615201676722,0.43125719394989387,0.35895953544797243,0.6667593584180456,0.496410454404686,-0.06807975002679323,-0.09282721347676573,-0.3546819709393002,-1.568257892371755,-0.7771681919154005,0.2607147565208172,-0.19533161819270334,0.13540218420140404,-0.10353739212983304,0.49795919578173214,-0.4093756396773924,-0.99795137370558,0.009326172058816843,-0.18322451776238002,0.602044544440169,2023-09-01,MU
0.7657529246224316,0.246266415878722,0.2929299729254801,0.41545476855080615,0.33359829874574365,-0.019352088955071053,1.763248787436295,-0.10078296305703745,-0.349506996596862,-0.45333011056181405,0.6556111619247925,0.5305084281069127,0.10674632567344844,-0.2637633674203428,0.36602101032532375,-1.4098365259784211,-0.588778794726976,0.007665182946362604,-0.1752852245036759,0.8086610145444779,2023-09-08,MU
0.21129129615602693,0.09252484605626447,0.18719965255774462,0.2088798800249203,0.18494443577717573,0.0002048129231249696,-0.18374982982529736,1.73927635550591,-0.09239112467631672,-0.15206073778568494,0.5708696917108882,0.605841151077208,0.0412545935810649,-0.34388995648973775,0.23061085136947762,-0.4832259968827372,-0.11918397987523147,0.007529357631989892,-0.24406758253346497,0.7199629026148499,2023-09-15,MU
-0.4355417727817286,-0.0347966385258769,-0.03431346162317539,-0.07138180765857932,-0.04426515734346411,-0.011552303267619928,-0.20710830342456096,-0.19092097863287483,1.770981481715375,-0.42269029077985526,0.28841481415074105,0.44973502204985294,-0.009632872750854908,-0.3300274508797272,-0.03616879059676533,-0.20555577303508377,-0.6236150827372259,0.018331592744677466,0.21596916339633399,0.8199597696428887,2023-09-22,MU
-0.5110684376081458,-0.1459973099207983,-0.24901614741127726,-0.26176031233657926,-0.21396187259936014,-0.03986204355634959,-0.38859143671888485,-0.21407788438058556,-0.18367117598993263,-0.2757691269062004,0.048327406298071966,-0.5469071850977355,-0.08412367938332829,-0.2090534249583555,-0.28287015886943695,1.827173893621914,-0.8444552895274151,0.037459200912199016,0.20079823761226243,0.7180881852766787,2023-09-29,MU
0.07299883818316466,0.09304752107228186,-0.027336664137988267,0.0970603098561509,0.07848117847583462,-0.027888431316676503,-0.3529666112302321,-0.39399494080281555,-0.2071214764143656,0.11665350037633967,0.6264337291589244,-0.2679026493841181,-0.1642107835385393,-0.33794147306728234,0.16195288093695465,-0.23747170329149367,-0.1897721941468914,0.02546306618598483,0.10542810108803992,0.8127678991880829,2023-10-06,MU
-0.0995431531114757,-0.17250043494663705,-0.17993642423350587,-0.11292123742901972,-0.09487818664784957,-0.038868068535251155,0.4142856054178681,-0.3586775334981969,-0.3893180561537828,0.30697205333283145,0.40021764939693655,-0.3241606513454725,-0.16362997309405722,-0.3724442853226723,0.09582472589064032,-0.934391205594476,0.16312038955144428,0.02308760583912433,0.136545708523171,0.8475114850820442,2023-10-13,MU
-0.5554050180494424,-0.6062490445154451,-0.4193661526894208,-0.4928996547554451,-0.4268102683670904,-0.08478201691929209,-0.3236727788710821,0.4019538146992431,-0.3535531823606921,-0.20761492668899015,-0.33092940152882466,-0.4506814260377762,-0.4619560415753662,-0.381185180844401,-0.38854001512062947,-0.2695204254528717,-0.26422270042372575,0.021503696776737857,0.014855611729223285,0.32914151546509196,2023-10-20,MU
-0.8464522758887333,-0.7866870062187373,-0.5970275591357225,-0.7192842039426378,-0.6465530182621535,-0.1429625777807354,-0.6497865238296732,-0.32963648712813526,0.41671525599639647,-0.5304336733697628,-0.8323256965058268,-0.5455784184973048,-0.4528429347688691,-0.2333368338288542,-0.8004155485010824,-0.5570091345732349,-0.6668407403235779,0.01564152251840811,0.08982060239313559,0.440214164353225,2023-10-27,MU
0.9429895361886657,0.3941879872626115,0.2988997312724263,0.5949616509110461,0.4437974952862274,-0.060961573447948926,-0.5521867718833976,-0.652936090715124,-0.3241441900956025,-0.39463455336311704,1.0872882692442252,0.0708674152258123,-0.2734313899439544,-0.43876023623435156,0.814510319189061,-0.264487618816889,-0.6955169940874908,0.016719538766159083,0.8938242358184434,0.298559333232516,2023-11-03,MU
1.2639355730255286,0.7544574783019333,0.542671193923056,0.8656684648450306,0.7267228082528335,0.03402288545153406,1.779223022725241,-0.5561785587122151,-0.6515399533211994,-0.021339749340478747,1.0928459787738203,0.5183281292670132,-0.2740796008399601,-0.5265763641775839,1.1366322352683034,-0.26160294958483293,-0.67092830905743,0.008417601474269324,0.8889156807910116,0.2877098060108908,2023-11-10,MU
1.1098313760382756,0.9296953942176435,0.6723834431141027,0.9629799905004826,0.869448197305494,0.12210504640649113,0.56288989513076,1.7551127439328293,-0.5535565172561626,0.8482062881924309,1.1869700997486676,1.0837533962650776,-0.2762658263873145,-0.6371111013911223,1.2411283492979486,-0.49242394232783826,-0.270561864175006,0.0007451300316834309,0.9981539810302801,0.332390439500764,2023-11-17,MU
0.16029954593690426,0.6018916204243593,0.49385149369502,0.56459203422647,0.5763625551589396,0.15168212183897567,0.3981514211872241,0.5492757497547692,1.7870185149138187,0.8618938755781541,0.8453260426182565,1.2324410879615388,-0.697194217545014,-0.7512888686124407,0.9596697247572533,-1.3700915226256676,0.08864899573474569,-8.568033130118407e-05,1.037955257065608,-0.047421444942919666,2023-11-24,MU
-0.297061716268892,0.3077579062420284,0.29273946671521206,0.22387889255162557,0.3004011178952261,0.13832386384541617,-0.2906849648944919,0.3859588575819679,0.5659037388532834,0.7135262246121378,0.5836544352300238,0.14663714395449012,-0.6805348373385417,-0.6817243068613977,0.649021358680069,0.8609091517405656,-0.06909746126497639,0.008672869446573295,1.0132997061885216,0.0054420406589780115,2023-12-01,MU
-0.5196037364063566,0.019305177210418696,0.0982122721921257,-0.0411657981305733,0.06740263915981921,0.09781368934448166,-0.3509473661376929,-0.29693333570718816,0.40051764506501786,0.053062207101822786,0.36954662689733575,-0.3012902240146404,-0.6651731999547437,-0.7843691691475925,0.37571070588364386,-0.5530033664549086,-0.4732332256535238,0.016685784331328304,0.9369008063570744,0.0017700135494794047,2023-12-08,MU
0.8699358777335324,0.7772945332188953,0.8152682153834186,0.9283637787465655,0.8927647478239706,0.16830582913745132,-0.36082497233020255,-0.356675713127069,-0.29102669443352575,0.5930994297763869,0.9888275016626709,0.176956950902708,-0.3936485136590078,-0.7498114585062596,1.198526080473478,0.7377322876622611,-0.32370572583391555,0.01548071859722356,1.0087201952874194,0.627393587154139,2023-12-15,MU
1.4934269324616243,1.1334953207263925,1.2550533254169776,1.415718357197541,1.3647038250075394,0.2808692157192487,1.4263177599038068,-0.36646808224917476,-0.35152599921238487,0.8975478842032595,1.1236527751612124,0.8341556381854796,-0.34204707608231905,-0.6908767306168969,1.4387366078050874,3.2036597638291506,-0.057579395086411356,0.0032210054710958636,0.7555991937055211,0.5643558283622396,2023-12-22,MU
0.6329967459174453,0.6955788855569182,0.9279134230172635,0.8617563640554134,0.9437666554264623,0.309098927449051,0.9986878602216707,1.4052528151879704,-0.36144243624771816,0.8927617349542326,0.9279258074155539,0.8366676550583367,-0.2991261326948018,-0.7188886037108481,1.0435450618888789,-1.3350953624041115,0.3004116545554776,0.0009303819665351492,0.7301226825922427,0.6078193902075728,2023-12-29,MU
-0.32398548341781025,0.23733021831900866,0.5161926006451777,0.32292161266190617,0.49160731889300036,0.26759321233312394,-0.34636517967327457,0.9813130727317507,1.4327259110175181,0.7632893348318008,0.6593681559846097,0.7436771199921739,-0.26213413002504055,-0.6928308430922933,0.6844348859860774,-0.20735079099720582,0.466457047477127,0.001883473297607303,0.7379857606505974,0.3621247474277088,2024-01-05,MU
-0.6314906952475624,-0.021175724629220783,0.21079620551903605,0.03506454213746078,0.2257152019263111,0.1979683669708084,-0.5303123487544361,-0.3521330678371681,1.0034149127880638,0.5342307752126112,0.509983495088097,-0.13852230138242141,-0.3213106948516216,-0.6537490209940541,0.4690356721741834,-0.28528014481213976,0.47225065972355906,0.010543014643759478,0.1418809898910196,0.10180513560134122,2024-01-12,MU
0.48440457007972176,0.5391823337688577,0.6007320566409441,0.7103493595181767,0.7872393651543613,0.21908235534492634,-0.3595112155829023,-0.5344928970815308,-0.34692579925776257,0.8598118671582479,1.2263205525682392,-0.1406519403429707,-0.3405333336651395,-0.6758369781571556,0.8746957476882462,-0.39883403567945436,0.5140781524016691,0.016661793554451923,0.05398614900690297,0.32582492271285274,2024-01-19,MU
0.4477790855889505,0.37963270769119756,0.4948313892808001,0.5615305835502871,0.6724057544451292,0.2173237659100111,0.9940489181224864,-0.365165662335332,-0.531596101400844,1.1143829518037593,1.009711185344992,0.021300810251120142,-0.7134105633396381,-0.6636433938769842,0.75753895464185,0.7057291468052099,0.9597438783414975,0.007381352468548513,-0.6959066455996047,-0.024601545516866795,2024-01-26,MU
-0.08501986876646997,-0.06713149015861947,0.18761338744943998,0.1521389015918238,0.3185051683472104,0.16476523649316718,-0.018204958628073392,0.9767141615698809,-0.360123514860244,1.114125462689169,0.7840965412741873,0.06093720828570249,-0.6843424199840402,-0.6382705829308096,0.47958384684315236,-0.46223593156217635,0.8845134068436817,0.007208819680591128,-0.9352298951200688,-0.05807196894867197,2024-02-02,MU
-0.08501986876646997,-0.06713149015861947,0.18761338744943998,-0.25573102462465763,-0.30978380749556045,-0.05084237877671538,-0.018204958628073392,0.9767141615698809,-0.360123514860244,1.114125462689169,0.7840965412741873,0.06093720828570249,-0.6843424199840402,-0.6382705829308096,0.47958384684315236,-0.46223593156217635,0.8845134068436817,0.007208819680591128,-0.9352298951200688,-0.05807196894867197,2020-01-03,AAPL
-0.08501986876646997,-0.06713149015861947,0.18761338744943998,0.029205784074265752,-0.07553167979920745,-0.04248999813669526,-0.018204958628073392,0.9767141615698809,-0.360123514860244,1.114125462689169,0.7840965412741873,0.06093720828570249,-0.6843424199840402,-0.6382705829308096,0.47958384684315236,-0.46223593156217635,0.8845134068436817,0.007208819680591128,-0.9352298951200688,-0.05807196894867197,2020-01-10,AAPL
-0.08501986876646997,-0.06713149015861947,0.18761338744943998,0.14791514150603394,0.02971947753757149,-0.032890228730315677,0.6545682515829626,0.9767141615698809,-0.360123514860244,1.114125462689169,0.7840965412741873,0.06093720828570249,-0.6843424199840402,-0.6382705829308096,0.47958384684315236,-0.46223593156217635,0.8845134068436817,0.007208819680591128,-0.9352298951200688,-0.05807196894867197,2020-01-17,AAPL
0.27633300308912806,-0.06713149015861947,0.18761338744943998,-0.009217347613184552,-0.0904861259279328,-0.03364836873080709,0.3597157906359033,0.640162983907587,-0.360123514860244,1.114125462689169,0.7840965412741873,0.06093720828570249,-0.6843424199840402,-0.6382705829308096,0.47958384684315236,-0.46223593156217635,0.8845134068436817,0.007208819680591128,-0.9352298951200688,-0.05807196894867197,2020-01-24,AAPL
-0.4618760098378937,-0.06713149015861947,0.18761338744943998,-0.38413659124498406,-0.39756352075398715,-0.052386888863148504,-0.15362930532909685,0.3478549005640391,0.657942501235864,1.114125462689169,0.7840965412741873,0.09841034120382981,-0.6843424199840402,-0.6382705829308096,0.47958384684315236,-0.46223593156217635,0.8845134068436817,0.007208819680591128,-0.9352298951200688,-0.05807196894867197,2020-01-31,AAPL
0.07410387922694889,-0.06713149015861947,0.18761338744943998,0.0473615529157412,-0.047782305871117495,-0.038041325677742224,-0.6297659272069992,-0.1610603739205825,0.36193091637314817,1.114125462689169,0.7840965412741873,0.038265653800169344,-0.6843424199840402,-0.6382705829308096,0.47958384684315236,-0.46223593156217635,0.8845134068436817,0.006181177494981278,-0.9352298951200688,-0.05807196894867197,2020-02-07,AAPL
0.2677535758805026,-0.06713149015861947,0.18761338744943998,0.13866496290078706,0.0380209014951784,-0.021919269214639308,0.5292688008015152,-0.6330882583199965,-0.15343224169588437,1.114125462689169,0.7840965412741873,-0.06417591339592638,-0.6843424199840402,-0.6382705829308096,0.47958384684315236,-0.46223593156217635,0.8845134068436817,-0.0004589030613507085,-0.9352298951200688,-0.05807196894867197,2020-02-14,AAPL
-0.39439575253787057,-0.2852130928276472,0.18761338744943998,-0.3924768909879442,-0.39430816856755374,-0.04456020771530427,0.14822976573647487,0.5159447827629124,-0.6314406517344342,1.114125462689169,0.7840965412741873,-0.37860450242330346,-0.6843424199840402,-0.6382705829308096,0.47958384684315236,-0.46223593156217635,0.8845134068436817,-0.006399801820757957,-0.9352298951200688,-0.05807196894867197,2020-02-21,AAPL
-2.3551434403076517,-1.7377868937524334,0.18761338744943998,-1.8657527262543951,-1.6303313549184206,-0.15619837308809328,-0.7920822905734451,0.13819385722820826,0.5321504732869988,1.114125462689169,0.7840965412741873,-1.2534283416933367,-0.6843424199840402,-0.6382705829308096,0.47958384684315236,-0.46223593156217635,0.8845134068436817,5.770301579801906,-0.9352298951200688,-0.05807196894867197,2020-02-28,AAPL
-0.8889645022742768,-1.0235667807883082,0.18761338744943998,-0.8859714986184849,-0.8874802616638173,-0.16968965068901073,-2.4226610702628255,-0.7940039410941676,0.14961349766916862,1.114125462689169,0.7840965412741873,-1.0981930774263322,-0.6843424199840402,-0.6382705829308096,0.47958384684315236,-0.46223593156217635,0.8845134068436817,-0.0002655264237021077,-0.9352298951200688,-0.05807196894867197,2020-03-06,AAPL
-0.8719225812707757,-1.2814136048704008,0.18761338744943998,-1.1842338677793804,-1.153812197187333,-0.199131720225711,0.9068835434874943,-2.410511927158571,-0.7943951131451567,1.114125462689169,0.7840965412741873,-1.5134525383835242,-0.6843424199840402,-0.6382705829308096,0.47958384684315236,-0.46223593156217635,0.8845134068436817,-0.11755214972511184,-0.9352298951200688,-0.05807196894867197,2020-03-13,AAPL
-2.953719795281334,-2.9034955484179443,-2.585787698357571,-3.0563723784422483,-2.720393196290185,-0.3427266905985366,-0.8218244532898092,0.8903009652491229,-2.4313840236973725,1.114125462689169,0.7840965412741873,-2.5852770522477724,-0.6843424199840402,-0.6382705829308096,0.47958384684315236,-0.46223593156217635,0.8845134068436817,-0.3219624493244558,-0.9352298951200688,-0.05807196894867197,2020-03-20,AAPL
-1.160287044054135,-1.8469487650523246,-1.8671189534496817,-1.6663595601590817,-1.6906939323611205,-0.3534473726387732,-3.3001669145336443,-0.8234894490332494,0.9112496949484828,1.114125462689169,0.7840965412741873,-1.0708308059007579,1.1483648949325562,-0.6382705829308096,0.47958384684315236,-0.46223593156217635,0.8845134068436817,0.058155849959697074,1.0953985408764684,-0.20767601624242243,2020-03-27,AAPL
-0.7709735700470305,-1.7472923259498425,-1.919399884067574,-1.6553852164205376,-1.7147935891449833,-0.35807716732924133,1.3296709024270077,-3.2804454886343213,-0.8242541982436408,-1.3626962710228416,-1.2622278092102206,-1.6891089448431522,1.0501989851260862,1.1036549407850718,0.47958384684315236,-0.46223593156217635,-0.33370371489750167,-0.3074519364020943,1.0926319525640218,-0.24376610660089434,2020-04-03,AAPL
1.523337436333811,-0.2406914516164114,-0.8862182313946794,-0.14786639210979152,-0.5033485224139411,-0.2582029277004766,-0.5918807431667965,1.3094399548188227,-3.312339518708618,-0.9178219798275158,-0.4791870276060113,-0.5675859519976162,1.444503325337167,0.9622030967444357,0.47958384684315236,-0.46223593156217635,-0.18193777029982294,0.02948591913386334,1.1652758653402058,-0.23024467778140834,2020-04-10,AAPL
1.5427194263123964,0.6248027685331675,-0.2772596273147695,0.47964692598307723,0.07365812048840036,-0.13596081796481801,1.8613787219523488,-0.5955299978315498,1.3356991154404414,-0.8894238926578322,-0.04288628161301637,1.7784765743097843,1.5524811637884561,0.7962305899920952,0.47958384684315236,-0.46223593156217635,-0.16176355089621852,-0.042706268234955776,1.1656521924157117,-0.2930889390258924,2020-04-17,AAPL
0.8596598252337848,0.5729981165841179,-0.19569046583629293,0.3151909770320119,0.015541496930228335,-0.05265110003212379,0.8696225537881361,1.836559494961089,-0.5934065334688601,-1.01301732634901,-0.037878320427302034,0.982632240095495,1.5398245965281645,0.8674467121142586,0.47958384684315236,-0.46223593156217635,-0.4867898258205257,-0.062074054207628016,1.1576197661819148,-0.2990132356784266,2020-04-24,AAPL
0.41181076003774764,0.8553255068271192,0.11203372779791722,0.44422521721861474,0.18276879553298597,0.02189739816342453,-0.11892661554983573,0.8533615127259212,1.8694971846037665,-0.9155345411941688,0.14182708394504911,1.4632387551384245,1.5132491076658936,0.9056529044910864,0.47958384684315236,-0.46223593156217635,-0.4218556619829493,-0.08408165473207332,1.1245452578309982,-0.2800242271842008,2020-05-01,AAPL
1.1370959297496055,1.6489126732357422,0.9317606194382548,1.1922200529210347,0.8791612272234091,0.13986663060306273,0.26005602457673394,-0.12665714491696606,0.873842224856379,-0.5145003068191352,0.786981351000328,1.1407971860491501,1.665866036217221,0.6720814270216249,0.47958384684315236,-0.46223593156217635,-0.02703280161958846,-0.12993619679076443,1.1502077542725149,-0.2439746841916961,2020-05-08,AAPL
0.5284271187491619,1.0380797668209094,0.8606542534855504,0.7471730911931921,0.5897219957130448,0.1966111564761893,1.2402675888924695,0.24905513097875934,-0.1185931287118396,-0.6896090359766651,0.7154967437526335,0.5372038171965109,1.6311256649066115,0.6707937034245637,0.016766153152949367,-0.09541783278094165,0.009305487972374628,-0.1411754668907748,1.155447479560285,-0.2549661058051663,2020-05-15,AAPL
0.6355175961214096,1.0914866869334612,1.1013580075834977,0.9573687462959545,0.8228605063711094,0.25890149338334806,-0.270913166670459,1.2208081314997852,0.26187936786828764,-0.6068151906348304,1.1181494721411827,0.8763120527240235,1.14225562586765,0.5538466798077948,0.281944161466174,-1.261317788525806,0.016539011953351643,0.7021131258972275,1.0682945213217967,-0.2994756216658799,2020-05-22,AAPL
0.09633763675869392,0.6092737735029099,0.9696017983267013,0.6333067816685976,0.5979904988091057,0.2787886759950281,0.5272717568594069,-0.2773321547485523,1.2459443396236352,-0.4660878112580714,1.0761447299455595,0.6400899509977326,1.0929829774287163,0.5380792455555136,0.23314666835365283,-1.2723562603541898,0.27195593446744415,-0.002469039560718091,1.1319366332021097,-0.3029550202365401,2020-05-29,AAPL
0.5944601305677387,0.8088998820857256,1.258534640063605,0.9468270452961305,0.8984120066340288,0.32205298939436444,-0.18366643628253818,0.5139649719612813,-0.27117716932159985,0.3366288188407952,1.2586681517819294,0.3446597822082836,1.0343645565066828,0.09624234460461277,0.5540982777023629,-1.3599804096077346,0.7967771787943694,-0.004948937772822018,1.2593252636109526,-0.03283640548157184,2020-06-05,AAPL
0.5480762298683238,0.7925309777518689,1.1466417339191493,0.9357630635935706,0.9313210857831223,0.35484846364912676,0.6415031576381339,-0.19083830472006816,0.5301455785662793,0.2455955755965948,0.8879444763883014,0.6243099352704826,-0.5389963821317344,0.014871700836263239,0.6659769017333469,-0.2321249235545246,0.7468761789684498,0.12522113531279236,0.9160429181518744,-0.7158837497670345,2020-06-12,AAPL
0.7189285687775837,0.8597118112290394,1.1813162325015725,1.0530768724716386,1.0693264455803715,0.391954594285034,0.26844320586969816,0.6272106328997317,-0.18358745461050044,0.5881093004889844,1.1059220664792775,0.5863844653195334,-0.672017868429421,-0.18714093794580053,0.7921566742264967,-0.33603556944184587,1.4705911000302356,0.0890592597079602,0.8288145976622966,-0.6601794489967057,2020-06-19,AAPL
0.4110703396952021,0.6727458350488426,0.964010647759374,0.8822728816385869,0.9561830052696053,0.4035483400523214,0.453101250458079,0.2573699365616146,0.6448260457972118,2.009343421689135,0.8708974228635635,0.7219403113909292,-0.8456698433934354,-0.40358535925718825,0.7635044317396915,0.005289535284088962,2.183341923518734,0.2690977948441858,0.8092671696603694,-0.8636485469008134,2020-06-26,AAPL
0.5267759662765555,0.7904903341220255,1.0049509284438038,0.9806674870137384,1.063349950782452,0.4221021579031395,0.07239595827978336,0.4404345069376732,0.2702995208461087,1.9862524021770884,1.0605850442574658,0.6011083088871682,-1.3300323032884764,-0.6488269773765926,0.8514704598357579,-1.4204071161256135,2.165560274874584,0.1647281840823146,0.18507755417182173,-1.2822282132954728,2020-07-03,AAPL
0.9543048759247044,1.1199677934852612,1.3003116085022168,1.3507644578619387,1.413544076360979,0.47724075671241256,0.40615045932030963,0.06301444431400101,0.45568349309001344,2.271855025199998,1.2264059997249026,0.8978793809528506,-1.3377610558954347,-0.7779466551065861,1.008372005574563,-1.1788804229036958,2.166543285072863,0.09522077964141686,0.14415421253121483,-1.1482757607015568,2020-07-10,AAPL
0.5459200270881986,0.8555243200515597,1.0573673180368084,1.0187224440728366,1.1620753954554905,0.4842220413996796,0.8422095280282063,0.39388886941827417,0.07348157236887497,2.2454032747760233,0.9031077728599156,0.6306698472930987,-1.3537295148147677,-0.8235191025021907,0.8346081994326453,-0.5086521859627051,2.176692802542568,0.0700083586685395,0.15344280314063755,-1.2157104409048545,2020-07-17,AAPL
-0.4512670226296315,0.10441305196674683,0.4142955923433443,0.23166630212821088,0.483652467902022,0.39718121880560314,-0.052963434032346254,0.8261850428643686,0.40854812901467397,1.544714563880959,0.5319957069454669,0.15914000788545443,-1.0369149408810754,-0.6308938252260098,0.4698511175818619,-0.6153131588402792,1.697530612075201,0.02826385024466358,0.25202768582822166,-0.8634800518853242,2020-07-24,AAPL
1.522492744502218,1.5100201428481357,1.6364049293858283,1.8554375457955472,1.8860206244515547,0.5197009586892554,-0.8267923889341765,-0.06126318110642866,0.8463214330169097,1.8056730725276653,1.2515950102459532,1.2013959830457304,-0.3113934376352022,-0.6692857158602249,1.073235903876461,0.2696719444651077,2.082787904583474,0.03141845818462255,-0.5916105238969278,-0.38458741911335553,2020-07-31,AAPL
1.6896917518035992,1.6689191583872514,1.808729740356329,1.9397109575713227,2.0334146188601063,0.6346945287637239,2.5346248315424655,-0.8284145147481997,-0.052370632752801564,1.8494192602537707,1.022476479833566,1.141656323095076,-0.3656464272461827,-0.6926420513684736,1.1359285546810935,1.0856875866210973,2.1111549930009192,0.03474275980470293,-0.719789812184662,-0.44900460286380983,2020-08-07,AAPL
1.4433463861759983,1.6437966345885382,1.8302342110720402,1.8342032770287287,2.0034376163816883,0.7185166469013715,0.7301613285011317,2.503995945315566,-0.8292416638352851,1.829704793210948,1.1725351272277371,1.4424446593773876,-0.366346428956591,-0.7406689726007378,1.0990090087103086,0.9413014966685879,2.136825266320135,0.033988320254754664,-0.757949754037967,-0.4750316621290806,2020-08-14,AAPL
1.583954372742153,2.144886758011628,2.317419795568441,2.3555788035666296,2.520614342761047,0.8653206811421309,0.4878766321114262,0.7151037436252372,2.5453899591199347,1.9856649657221983,1.230301666926834,2.7502586026102542,-0.33088676746461965,-0.7647085632050821,1.2869792792872587,0.4711056866084237,2.1520853484326694,0.057751771020050045,-0.4903549500716904,-0.3317151809133101,2020-08-21,AAPL
0.8172948234787651,1.6188363389076843,1.9302073826705641,1.747034936354446,2.041496316278388,0.9011818836186786,1.3594551513188275,0.47490980053359627,0.7338327496378065,1.9671130989454795,1.0005908491542066,1.2825725887457406,-0.2764340473374359,-0.7229934365106991,1.056978344423109,1.3807515074929284,2.1854286699021976,0.05291576918392913,-0.9611149682477232,-0.615772133081832,2020-08-28,AAPL
-0.2178918932950609,0.794244895448064,1.2207939544926374,0.861414452758905,1.2647107334193493,0.7962355910449882,-0.06617985327473883,1.3389671857580896,0.49059558371442025,1.6199093164756244,0.2887390385524375,0.5162940733945478,-0.09147570549663993,-0.16695717751812117,0.7268245833023427,1.722155325374915,1.4650875069508196,0.025061893728137052,-0.46024995916148564,-0.2793710041296465,2020-09-04,AAPL
-1.5508528553555814,-0.4088451193213384,0.1797894832896372,-0.33756769147492854,0.16424088071470894,0.5257513890494555,-0.6873014403885322,-0.07436555157673043,1.365600452163543,0.8426961164477805,-0.29241435041561953,-0.47532258917599174,0.3241656877601963,0.1915245070512718,0.24935468918663786,0.016435560790084285,1.0653797771715419,0.008373353549332973,0.12062242135129621,0.137426105752641,2020-09-11,AAPL
-1.7335747251972156,-1.1482835588170361,-0.4341736177775248,-0.8746831841764857,-0.3974285826150825,0.22431523029768743,-1.469404192485353,-0.6901272788805236,-0.06563900837898685,0.4589154951919092,-0.6464662069879453,-1.4818926324192079,0.48268870204900094,0.4637307942765825,-0.04854214592718987,0.708541045699915,0.5982235954563697,-0.0053326539531004,0.22372523491339966,0.3654541400540756,2020-09-18,AAPL
-0.29716949637522866,-0.6486409424411728,-0.10727459762768568,-0.1526625187994695,0.12886325253440978,0.0872530388566016,-0.9629839363463862,-1.4654810124353657,-0.6892023485100063,0.5361914503303676,-0.45766540161912583,-1.1287304785420047,0.515542551681326,0.3966819261420281,0.14736874782029183,0.2617748376213679,0.19394607160313226,-0.005247230737219146,0.4634672201632294,0.7991513605464513,2020-09-25,AAPL
0.17936881702167048,-0.5948626358867232,-0.17153003925744767,-0.09665999046667259,0.1280704446817992,-0.01480428351870917,0.7910231237584671,-0.9634308210859067,-1.474379702736802,0.529725368112416,-0.40912202070425696,-0.8264226617654128,0.4730537969928229,0.373482318854021,0.11965210671537242,-0.5602974946298569,0.18307246415311684,0.006933011661574349,0.5034609136896973,1.0910881334810723,2020-10-02,AAPL
0.6459932314604774,-0.20491372684395942,0.017612565462955095,0.2849710889623783,0.4220141588913609,-0.038142738646011566,-0.01060866172518274,0.7754403426937232,-0.9659686074222756,0.5657547469800253,-0.1821303332667988,0.13113818693107732,0.4790670284489468,0.2712026435886687,0.252731007623293,-0.9479867428324646,0.2169653627845576,0.018115759014010493,0.41379744914323946,0.8884526173117142,2020-10-09,AAPL
0.4561304589792236,0.0836884517544822,-0.0029454378986669676,0.37440492455499585,0.4892574644724215,-0.04134173935952732,0.502255321207686,-0.01927390187913983,0.7949338047683883,0.48754184489143804,-0.04085837513075617,0.7371603202755187,0.3515442763569599,0.2862349674100186,0.29444721352444475,0.36176432830939764,0.3088006503102573,0.03740812280964195,0.3350897391539735,0.7909042109164434,2020-10-16,AAPL
-0.33297343314517397,-0.20825146877225612,-0.40332941406392414,-0.18219927147070364,0.000945925833451501,-0.12891978215411037,0.187156041616574,0.48916441125388843,-0.009849355376066222,0.25101943359473566,-0.3151303931462935,-0.04113964126619248,-0.28308386690403836,0.38873620279004156,0.010047232332037808,-1.120905968431333,0.017089356984989063,0.022241239254753742,0.5204971854472222,0.24878095707823497,2020-10-23,AAPL
-1.2066965086099746,-0.7143441585042627,-0.9091116324289225,-0.8508423759810344,-0.6105438708020884,-0.30029224549110184,-0.7345469206465826,0.1767842256370952,0.5050307983094117,0.12371646063603914,-0.9240327896197313,-0.5754564309929726,-0.2194273890291559,0.5482390277597793,-0.4302104213956548,-0.4245893545060498,-0.019987326950635424,0.0105303292895043,0.5895398154072242,-0.03360760083368545,2020-10-30,AAPL
0.4120833145160243,0.2776100277784335,-0.09104564843616904,0.3350543857961975,0.34637921297653945,-0.25204099372884575,-1.1013152855834625,-0.7369650625521198,0.18869280051460202,0.005330344504587709,-0.5817355212900973,-0.11186770084274217,0.09288848905800223,0.2493254220510143,0.16908280117301364,-0.705719402189368,-0.050770527047897154,0.010874684037638293,0.8841517267407031,-0.23508949973545107,2020-11-06,AAPL
0.4891055452924988,0.16313598447012345,-0.007488243917565841,0.25847226244514215,0.29155230597216253,-0.22162670274434448,1.5372586703262143,-1.1005684642038893,-0.7366335601874177,-0.1607645598469924,-0.5264650767531251,-0.2224956881052079,-0.1954978854471661,0.23010634844854186,0.1561777332268196,-0.7420140405727338,-0.1339691643841582,0.008683250775572136,0.9402871479412999,-0.43495037406806697,2020-11-13,AAPL
0.05755150110594497,-0.11209043939464447,-0.11767479061518796,-0.05559665501543849,0.024827786036013048,-0.24416153416030772,-0.04294840515227912,1.5152363804795783,-1.1048437648224945,-0.4179412469859037,-0.7126415234018756,-0.06576005031097368,-0.18974865858544077,0.21929890174539934,-0.04730584335757047,-1.579556234721325,-0.494682101097069,0.00962106861618318,1.0588514054913105,-0.3006974900134308,2020-11-20,AAPL
-0.39765349743690775,-0.24141200395023096,-0.15142765592607607,-0.17765047822253915,-0.09440418634422104,-0.27918850845867427,-0.420946964339639,-0.05133457516174797,1.544102952317322,-0.9549863366857811,-0.7853661521697974,0.3790356675160331,-0.2254288232164419,0.11382086754177687,-0.17312419457831432,-1.6634660660100493,-0.8675369661926566,0.012192126902558347,0.9175914364075832,-0.3730109292405871,2020-11-27,AAPL
0.3870358385974473,0.27996134709383297,0.2526790912452511,0.38114216289568564,0.36967107294781676,-0.21482303218127574,-0.24538778044498338,-0.4260712620721504,-0.04231623279387828,-0.6583513555916428,-0.2365315565988997,0.005971339666456147,-0.4170753691858051,0.016325434559409963,0.32083004883998667,-0.863546351013982,-1.076674959614067,0.011473466068688872,0.7213952293742519,-0.4570318890969099,2020-12-04,AAPL
0.28104791787678407,0.24766051146389598,0.1496716506926287,0.251104263245522,0.2740377196367585,-0.18116651543056728,0.7481455033195842,-0.2520270353671263,-0.42180077981607056,-0.4536102550595866,0.7466716832474484,-0.025198519986298584,-0.5818703617636701,-0.4149102787220716,0.4125161415843968,-1.2337912434002043,-0.5262115384180591,0.01036482860117386,0.7354947760099754,-0.6118185649669998,2020-12-11,AAPL
0.5795506323808032,0.5272615989053386,0.39620088048123553,0.555153590106096,0.5445155134433276,-0.10108701653791144,-0.10612896702633698,0.7329327271609758,-0.245551437704618,0.32006862000604863,0.8958808880915119,0.43622782392687753,-0.6388341378496903,-0.5457302520649319,0.8801898292464169,-0.4382282941691751,-0.021357823803644312,0.01763930377338168,0.8881712477575372,-0.6235650899233741,2020-12-18,AAPL
0.783827111773067,0.7497294662089707,0.690122775408244,0.878563340268518,0.850531665811643,0.021512904512385397,0.4980928146972726,-0.11396993145707918,0.7518876238394978,0.9224298359477954,1.004077526029495,0.8930687272467445,-0.5914852269857492,-0.6624708831981556,1.2566165505714744,-1.2073823474257181,0.5156035420773937,0.0239343554262176,0.6291205070275019,-0.6859500661905192,2020-12-25,AAPL
0.4773440739656904,0.6331578286253057,0.6299096578185827,0.6800351393225674,0.7168885020298151,0.08874273468971244,0.6283669602144661,0.4850378243634285,-0.10574517007588628,0.7714060410343804,0.6150757618994788,0.4882004637015156,-0.6165549336076116,-0.722811780671946,1.0508382874617572,-1.0930470759683173,1.054513795876174,0.02233425429622427,0.5931898613457403,-0.6581728138614005,2021-01-01,AAPL
0.010636452110913781,0.40235860102574783,0.48165306032858035,0.4027200607401928,0.49561024350917293,0.09504217076920352,-0.031128601577525304,0.6141877919880385,0.5008519281545172,0.6861630276077376,0.5468151754708029,0.43034878342890287,-0.6061848125374729,-0.6810935928981284,0.8361751960167704,-0.2145995723921292,0.5412561110991142,0.014617923125219192,0.5098738412388472,-0.6861645955687427,2021-01-08,AAPL
-0.7388917306364441,-0.19936731202783717,0.0035038333439277834,-0.2075582792544086,-0.03425909674232312,-0.007937490066996017,-0.21702026348520387,-0.03961676850910534,0.6316382073577437,0.10712440737058647,0.023096779159052488,-0.2221084205768151,-0.5874760993245307,-0.597099027764918,0.29400114575828407,-0.7385523508596017,0.13099555822932274,0.007342644877446166,0.568380095164961,-0.6778237388434951,2021-01-15,AAPL
0.7613599137184072,0.6648765102868418,0.7281603134549157,0.8832848330727823,0.8810445270436246,0.10385218625303959,-0.8022438302887154,-0.22390431092014407,-0.030449963210471012,0.5056225864837062,1.1852179373409542,0.21317337030251177,-0.5120618693107917,-0.691737013162089,1.1780515167346666,-0.8746950806023863,-0.0009839317348772844,0.007375723303808577,0.22172538361815342,-0.48097610484464665,2021-01-22,AAPL
-0.25699778968824455,-0.1264929190729129,0.08511667705942358,-0.027765541980683865,0.12174353855643183,0.029562474354274792,1.5671521542706432,-0.8040777935844926,-0.21707240236974928,0.2972467668415771,0.09770113119378308,-0.3029743661603358,-0.5899560364269393,-0.42379266535572857,0.43664344649847464,0.7277495134608657,0.5036117105257756,0.0007303606294584366,0.11413580791146719,0.06180875333974713,2021-01-29,AAPL
0.29444831866054627,0.1670007795343305,0.34948288073382294,0.3745562740809133,0.44746790358294314,0.042639650025340516,-1.0543781931613507,1.5448719038467247,-0.8045965999026391,0.872250347451045,0.5428777330203335,0.06882539964828435,-0.5519390256643528,-0.5556980053479252,0.7558272741215943,-0.7011217164740996,0.5788080479441678,0.006694080441109814,0.09366854261525727,-0.19189286857482715,2021-02-05,AAPL
-0.2152788648441588,-0.06708479082758471,0.12213044396446143,0.10546680510211653,0.2165146856390362,0.003760012876925196,0.5560304912756457,-1.0540364071894834,1.5741139535178423,0.44664191755695226,0.2769319751352546,0.32216787824402626,-0.5686928065630577,-0.6813446027725719,0.5217635384060632,-1.1504391957341438,0.5268751705111869,0.007477220585754743,-0.049407402374292475,-0.2637247288542908,2021-02-12,AAPL
-0.6915095359034477,-0.5522690277066059,-0.3771833993300808,-0.4731883970074486,-0.2971871416276204,-0.13396348452888715,-0.31360791243251107,0.5424755379222901,-1.0577221533152,0.03429411064086383,-0.29531022868779405,-0.8187327987881264,-0.44107572133002493,-0.5845086144254622,-0.027826185256595217,-0.986238607430616,0.13442615779119474,0.0026563026627002663,0.3865225742518554,0.08226945330399836,2021-02-19,AAPL
-1.5945083335914378,-1.2273359681534401,-1.0167811996168739,-1.2239517698234583,-0.9831801317771215,-0.37790899198056543,-0.8645653953070656,-0.31965847368942174,0.5590173693115675,-0.3466925077926583,-1.1911307247596927,-0.9488887954199329,-0.28004999070719583,-0.2906772411126099,-0.8531051332402528,0.9670488777876178,-0.024704081285496882,0.002422025656878172,0.6259883343023389,-0.015409920310295986,2021-02-26,AAPL
-1.023717433058251,-1.0990721564274903,-1.0001129129655897,-1.0042636159895721,-0.8715823899476359,-0.5292903117757046,-1.3287579035462342,-0.8658615655868404,-0.3140397566567787,-0.3011269453973345,-1.5386151183623566,-1.2313715862972405,-0.28004906801053786,-0.16936509036151284,-0.8549778388352121,0.9141177078401759,-0.1734716188883966,0.004103621749179363,0.5835120005060194,-0.06001267729125636,2021-03-05,AAPL
-0.5433644786079413,-1.070683661354609,-0.997694578379332,-0.8816768910190479,-0.8203019742380436,-0.6227692833104895,-0.10593635424419792,-1.3260484059815285,-0.86716316344073,-0.5962486093681117,-1.5429073344589461,-1.1770999148296277,-0.3425812661880328,-0.16508342943886065,-0.9391239840383855,0.4110872245097134,-0.618924174713685,0.0023682322633371638,0.43080331991115584,-0.18320897025490196,2021-03-12,AAPL
-0.32028049055879515,-0.9583715652878987,-1.0071983494383745,-0.847638921234449,-0.8297851041621147,-0.6845653730219755,-0.1878868313013009,-0.1137789807931651,-1.3331805051442025,-0.6575212410804756,-1.665413104223937,-0.9172420207664722,-0.45277412927611815,-0.10778775952958426,-1.1791097672349968,0.6780167863230208,-0.5491717918091197,0.000345490266260773,0.6937934268159794,-0.18106874673037743,2021-03-19,AAPL
-0.12141807059865356,-0.7180913436317298,-0.8473790158355616,-0.60134163659823,-0.6522528186590925,-0.6842236940322265,-0.2851973826864364,-0.19502228058014653,-0.10555180009442956,-0.8293552374586067,-1.5217036866456417,-0.25868130034681086,-0.4456409750297037,-0.18825481499218524,-1.0676455037713646,-0.14709518571962488,-0.9970315028932489,0.008271509485143033,0.6941269355525872,-0.16532655539013155,2021-03-26,AAPL
0.1027912778014892,-0.3774287192086848,-0.6564180346674966,-0.35199463780815865,-0.4534438371497354,-0.634013703049488,0.054079621374105,-0.29149310762744063,-0.18782444084503278,-1.0548415317827873,-1.3108515331776411,-0.1418317737096834,-0.42397104268114577,-0.3365044322933522,-0.8944629307600177,-0.9117084040094089,-1.0440612570064114,0.006241265535460727,0.742552195391266,-0.1625849981901977,2021-04-02,AAPL
1.196156156347105,0.6424758333696523,0.07070397159240974,0.6214873597270908,0.38120517141339944,-0.41711318359423183,0.13727369080433652,0.044856165025516974,-0.28551753944376085,-0.5165919857254928,-0.13290895983838802,0.6057242361576748,-0.1709689622949096,-0.45378434948950586,0.2064426808462355,-0.358760036965774,-1.0483711966907814,0.013562788783141932,0.7119607646234553,0.058490252028480835,2021-04-09,AAPL
0.7947119180800487,0.7001007285535367,0.19090999963834765,0.5253508110432911,0.36212959113973675,-0.2534907480267385,1.3405038333270842,0.12733232582333162,0.05509323028444924,-0.428723307789763,0.0037304262830476827,0.7727667902111844,-0.5987904865228227,-0.5249589794634312,0.28063059639433524,-0.40446598325174205,-0.5921496043749087,0.022241790660940543,0.7202193386049889,-0.27668766432970937,2021-04-16,AAPL
0.306731191065366,0.5442182021250535,0.18598207812192294,0.3596542395900689,0.2665542488178666,-0.14803605783898396,0.02793156905038848,1.3201794048414663,0.1386143522181858,-0.1499572998558387,0.022576476007311913,0.6863042597332135,-0.7511839201040292,-0.5449439487454933,0.22511977539422795,-0.5189881826326894,-0.19133623041915945,0.02100128619621675,0.5322114568248594,-0.38976691860628976,2021-04-23,AAPL
-0.42934621485233765,0.13949265999609164,0.002017461466560016,-0.04288020555391945,-0.050807212823005765,-0.1346931835067592,-0.10823068639627767,0.01893375273374801,1.3465746327555765,-1.0119508567348146,-0.3143113978019653,0.34356026369609155,-0.8140037570087021,-0.6287664175730309,-0.1923697803373254,-0.014147157305076529,-0.6140697896991717,0.014443584335895187,0.4955339924384053,-0.14016635407148118,2021-04-30,AAPL
-0.48750007107239757,-0.07476219810499608,-0.04448188445786995,-0.18520717725002458,-0.17252208101512573,-0.1490660143564351,-0.514860678098422,-0.11605351440829517,0.028842384744427515,-0.6390463350667999,0.1051164969032987,-0.4232034080759905,-0.8158794926165907,-0.7544801751661099,-0.3533153437847741,-0.2727432768136797,-1.167181209884369,0.008110174874319464,0.6246884207122605,-0.06310429363094473,2021-05-07,AAPL
-0.6614591883144911,-0.42932190482836763,-0.24324957881544235,-0.45638554486362903,-0.41257630442240767,-0.20879350080967565,-0.2713374823984421,-0.5191745639076856,-0.10785515172445226,-1.2453596715891415,-0.3256441287574982,-0.6763657782626463,-0.8889873411642928,-0.6889721593587778,-0.6925929219721892,0.09531386906883973,-1.1830716582167586,0.001968413995076558,0.6326705409486916,-0.2159546984405516,2021-05-14,AAPL
-0.6476610723865621,-0.6719977068105029,-0.42729563626519185,-0.6011511519515662,-0.5580583572279635,-0.28109883221060766,-0.5131262144497389,-0.2777528089183729,-0.5160836871412773,-1.2820582615313718,-0.5838436909076858,-0.8173479965178208,-1.1992459624222078,-0.6388874467973461,-0.9161152817456198,-0.7209798664764168,-1.5136429224509098,-0.0027527994560801066,0.030044238008572068,-0.40377603735785056,2021-05-21,AAPL
-0.5252743816701504,-0.7701675418172274,-0.51189835441059,-0.6030758865962192,-0.5863529737533281,-0.3369157907905358,-0.4164294175612749,-0.5174550675088863,-0.2716031531194593,-0.9787734269859873,-0.7167906902872423,-0.6946072068742646,-1.1921492025411757,-0.7210343989144442,-0.9770799838141724,-0.8477806562189142,-1.1933141950424282,-0.002390231035372568,-0.04155790359495617,-0.3573584293159292,2021-05-28,AAPL
-0.1624468469888601,-0.5700882362811426,-0.4455281204091641,-0.40618620092581853,-0.4416403549614697,-0.3437046902768574,-0.24802314950241808,-0.42159269867146865,-0.5143424049695623,-0.007200200102115025,-0.5092605495353872,-0.5438569148560831,-1.191427701767796,-0.9055265879913644,-0.8009166748319309,-1.339022935557552,-1.051052926193851,0.0020594580193722413,0.19687853315575257,-0.14418548070259213,2021-06-04,AAPL
0.06782847707312166,-0.35368497422071754,-0.38165979584348847,-0.23536186439822301,-0.30429323737611425,-0.31572551189737524,0.05596720642431911,-0.2546396629694441,-0.4172654736590189,0.10497538523615284,-0.27254405070197707,-0.26192096714131075,-1.2015766853675207,-1.0704983594800945,-0.5365919587286873,-0.9810562013844466,-0.6010774356476796,0.007721679303185541,0.16624514484363623,-0.15092779942354584,2021-06-11,AAPL
0.34989983697290106,-0.011870774295147452,-0.2052963152212368,0.050921014975593176,-0.05676855200642439,-0.23920832576892087,0.0799381467173464,0.04672746149156577,-0.2481971669241868,0.38371056074149856,0.08122063989883395,0.09394912309400828,-1.1757088366120259,-1.1361940509796251,-0.07409119062036201,0.008902191482999661,-0.08990237695287885,0.014001106603489964,0.0120584012601998,-0.19236095886614912,2021-06-18,AAPL
0.42063761963737967,0.2191580707160081,-0.07129799514736514,0.22629363923842008,0.11323869680761205,-0.143539418240715,0.3118477613497208,0.07049154875911454,0.056988235808508175,0.674061310569045,0.5734035803824984,0.3386177537102369,-1.1662871599523765,-1.2047903824968076,0.3792188359974907,-0.7002259020118428,-0.1947127574948535,0.01979195838780629,0.15110921586972076,-0.015167695413378745,2021-06-25,AAPL
0.894892512603986,0.7490991005714481,0.3961146250674663,0.7355717683131127,0.5796701285948717,0.02962778924334932,0.237552169129803,0.30039994004197274,0.0810534106556076,0.9310793642901911,1.2593918660565002,0.717680935279983,-1.4915341750176008,-1.2467843881996832,1.2336480639440623,-0.9302457517308952,0.24542229130889062,0.019759725712051354,-0.250933250948703,-0.5912550493403939,2021-07-02,AAPL
0.9614348025005819,1.0066886401685058,0.704957981202904,0.9559941376347968,0.826249272665816,0.21366843177782066,0.8008619196591689,0.22674546860590997,0.31387470830303177,1.0511111484288593,1.1878033576994063,0.958723686783274,-1.3965645271287963,-1.289472806300917,1.428912649365828,-0.24798985072808188,0.2955938355583834,0.02002355356782713,-0.4811909824235614,-0.5031816385318117,2021-07-09,AAPL
0.5559519630392228,0.8592460623742847,0.71580614771139,0.7802448342650579,0.7333094712036994,0.3294967069478853,0.5356515816230764,0.785194236430628,0.23928704527083933,0.6895727433008305,0.8264848369635595,0.8076963299237826,-1.3998549922333532,-1.3627129628582484,1.2154961588061526,0.43893990178615,0.3427636356495679,0.019801170709805922,-0.6466090667724314,-0.622439315186014,2021-07-16,AAPL
0.308904089944773,0.7609842559273852,0.7576142644802553,0.7212671972237534,0.7209276269632257,0.41053727360850994,0.029724820106659517,0.5222724844967213,0.8048112789409048,0.7412374396398457,1.0905131964422576,0.7551520727931874,-1.4884988521209057,-1.3366482673998308,1.1279595527271502,0.06344808583107374,-0.15596304796051894,0.019983505968509757,-0.9073858176575664,-1.0434595836553635,2021-07-23,AAPL
-0.25200176231153293,0.2858921007714747,0.45744361840390096,0.26776344965857385,0.3543146923954811,0.3829280721838859,0.13828004840155883,0.020711529244511116,0.5385583460948196,0.41786309450283565,0.7620023938267665,0.11181756762784742,-1.4398586861719773,-1.2608545055351963,0.724731316669729,-0.01231756275311222,-0.6252295190914964,0.014806340399997594,-0.8084563481125197,-0.9094455411113311,2021-07-30,AAPL
-0.2270116746806247,0.11443682480471588,0.3713857641220151,0.19002842989525714,0.2836206409438714,0.3412480679539095,-0.45847413234172313,0.12832999923415347,0.030642685428771597,0.7773682520461083,0.8227090690346048,-0.18017805070374407,-1.540450135308759,-1.3182369249159374,0.647748430755264,-0.9809179087636131,-0.18625162210033475,0.013731162098881812,-1.560042093251068,-1.1158933849247592,2021-08-06,AAPL
0.06833925473228371,0.15981315474492458,0.42995435479988536,0.33379773111231664,0.4014936217920304,0.3333367173545962,-0.06793580838158755,-0.46327459595909426,0.13962466600812531,1.0351041636600622,1.183397467350474,-0.08068246703633114,-1.6321808730494773,-1.3973094835371258,0.7668539662549742,-0.8168154429771949,0.2507230647423562,0.012279199985724484,-1.933947564783088,-1.4421476941366889,2021-08-13,AAPL
-0.047270627810824785,-0.08269943874683128,0.2181004467386383,0.1242674929218577,0.2218097604775435,0.281210889895661,0.23650010858968898,-0.0761063539769262,-0.4594754746109728,1.2820012818670723,0.8594353994898816,-0.2637622844473153,-1.6343924861351837,-1.402508752354061,0.5743843863469552,0.2219819515227091,0.7895237779226035,0.007177306788987462,-0.8502191107105292,-0.88991726516062,2021-08-20,AAPL
-0.09131942881373337,-0.14212491741002478,0.10791897453962754,0.07174044443675108,0.1660691318962684,0.22549464537625344,-0.24017756693711065,0.22570248663772718,-0.06740186649608225,1.595009446559761,0.9038022424709223,-0.07830597724604621,-1.6200152604048625,-1.4241832763329367,0.4973759489214863,-0.9982997612668347,1.1795272373364996,0.011234673997267396,-1.3927899514558908,-1.2070113019854114,2021-08-27,AAPL
0.3835230850667269,0.23122700959600148,0.33349443081274366,0.4580728667787933,0.49000176647523247,0.2585802368585502,-0.0797599034189192,-0.24686178248300542,0.23823084887061127,1.8316310765180157,1.1940440838231527,0.23089915731220848,-1.5604827041684486,-1.4269790760669965,0.792118578123325,-0.029860611208352674,1.205600968266793,0.011760417798899723,-1.2712183462732987,-1.043710489391744,2021-09-03,AAPL
-0.30533071698012054,-0.2387806294117319,-0.13417948143164024,-0.13328859454438896,-0.010300764234115972,0.15980587392734436,0.5638935263586214,-0.08782841505972294,-0.24032074180679588,1.1246547842349282,0.4075621117071049,-0.26268070383012765,-1.3360576925236112,-1.2923212622801123,0.29333216357953057,-0.26861622894508413,1.085209745906786,0.008011163244367198,-0.49042545887581335,-0.4085087031146588,2021-09-10,AAPL
-0.6161338701730004,-0.45585472361389173,-0.4014762718340064,-0.3964421280204563,-0.260719052651288,0.023686936415511346,-0.7544960921820613,0.5502707203229565,-0.07927244441266389,0.7657032309692614,0.020963851731254233,-0.38019701045837484,-1.2695774424125983,-1.2312974560631895,0.013643242798474104,0.8928523769935637,0.5780939523359373,0.007613232207932234,-0.3277821403801425,-0.18676663978788693,2021-09-17,AAPL
-0.44984781792570006,-0.3977949673449021,-0.3838170246732052,-0.2953958179247418,-0.20808557139437064,-0.06560279652291964,-0.4830738636132035,-0.7567420862103162,0.5669113155559596,0.6745036754154161,0.029606963875088845,-0.35349182629818005,-1.4587802335116777,-1.227273835792141,0.02107289227119994,0.08888214695880782,0.1273844309063586,0.008334209416215228,-0.8568997739118481,-0.6447072854799895,2021-09-24,AAPL
-0.6366631187655217,-0.7158459686525821,-0.6541262351688707,-0.6360800106710575,-0.5235254593267831,-0.20692803756922212,-0.02330703507621144,-0.4876620481636185,-0.7566611559007039,0.1419632040335166,-0.780332576587315,-0.912248746510005,-1.4886223673838406,-1.143987176902809,-0.367029067867782,0.5253202819510531,-0.3038634991073212,0.003781394743712661,-0.20428449545207472,-0.8291041611050464,2021-10-01,AAPL
-0.4031309718283132,-0.632843096907262,-0.6200790240458902,-0.532522389096561,-0.4734750558474832,-0.29723913461386037,-0.655406594257022,-0.03186269684424763,-0.4841719123394517,-0.2794353446197879,-1.2874705064791623,-0.609741469579103,-1.4984647207185893,-1.1626260162079078,-0.41239451537066196,0.027181363115880285,-0.6772963688082793,0.007822263408174056,0.041295962059053205,-0.7109859693701465,2021-10-08,AAPL
-0.10014170439583714,-0.4368649830459717,-0.472404805907248,-0.3115669709026239,-0.31162440279374043,-0.32191206815409723,-0.09810032231790883,-0.6585076637303109,-0.02259764856901801,-0.5465288819130626,-0.9425406724357306,-0.32778928650546935,-1.502640945896147,-1.1819789997297976,-0.30928776248802053,-0.21755226951698067,-0.715043714270602,0.012811822023208845,0.10273440039739828,-0.5637596984519033,2021-10-15,AAPL
0.3588730451557941,-0.11622221538749342,-0.23365674273017456,0.01632881045263377,-0.041204392005495805,-0.2714694853032237,0.11571977152625916,-0.1060105685301802,-0.6571821173679098,-0.3281209482891346,-0.2580156708109307,-0.15023440099236665,-1.4645037198242243,-1.2085655461867935,0.032659484344100445,-0.355787970219013,-0.8141562583498615,0.012364327613754387,0.11354064548069356,-0.4959636566143427,2021-10-22,AAPL
0.2622338464542169,0.02457672840872532,-0.18057147481569608,0.04507452450023752,-0.0060414554652258555,-0.2220822531464024,0.3509136992008218,0.10596440231175687,-0.09768496316152654,-0.4138271823055068,-0.06066349552295118,0.18116668323425175,-1.4617744945028817,-1.223703266537555,0.14215572921972588,0.05719846999846717,-0.3286337818108903,0.01748637494146752,-0.19101431814280861,-0.8588101490575838,2021-10-29,AAPL
0.1970327936113819,0.13978425288358337,-0.08157558310813842,0.1141676403551066,0.063900901065391,-0.16563541158873543,0.00520559634527359,0.3391287652333752,0.11697570017840417,-0.013786940269739695,0.24173865461044386,0.26876860167906,-1.4871137250996254,-1.2826041095190959,0.4061956821747728,-0.4722862644647983,0.11907231783925828,0.016850982250862005,-0.05839223236808989,-0.9877054221140791,2021-11-05,AAPL
-0.14875059677736258,-0.012581213642113814,-0.17825464823807377,-0.07312940072280576,-0.0840798402575932,-0.15770332723454092,0.07553449408487276,-0.003596110175358472,0.35309422215857006,-0.18376157772846383,0.01204315865818497,0.06753958729575885,-1.4827210320108555,-1.2506535344186391,0.22172634334043353,-0.8107479899896582,-0.21851541068777844,0.013051174662419647,-0.048200676170388077,-1.007828797451585,2021-11-12,AAPL
0.813385341547917,0.7130958283149926,0.4475958201895893,0.720601416202025,0.60048384349507,0.0188904346972528,-0.2840104122849348,0.06612589667476491,0.006027071701489284,0.2957256854968817,1.1965773024803188,0.45286733614188573,-1.0997853402490263,-1.2255897993834042,1.9248186163104555,0.6753948615873091,-0.11833130094458315,0.0135892870148804,-0.1583372718490419,-0.503174102997552,2021-11-19,AAPL
0.10212007785390738,0.2500534648603422,0.1862479223223438,0.20329407935743343,0.20080565421277613,0.051342609688627895,1.1434499269753418,-0.2903163799788599,0.07663244638508233,0.05159053729592738,0.1794179388652289,0.1655068326983329,-1.129211941713677,-1.157951586288058,0.9556956529190338,-0.1697718402784772,-0.13895627686918155,0.009477787060461906,-0.016263850347558475,-0.6998337092588913,2021-11-26,AAPL
0.3940110683708867,0.4536015122945073,0.438935165338854,0.4861560251975458,0.45456223269065915,0.1389806071516648,-0.5510800922261138,1.1248259406172727,-0.2843259028245341,0.2757544320432867,0.3795004805821317,0.35247169565995284,-1.1906930883507765,-1.0595616308674953,1.3573831227765232,2.3536820077327367,0.07856841687416279,0.011228941400890317,-0.8862476543200488,-1.194214527979448,2021-12-03,AAPL
1.5827146827894354,1.468291121485163,1.37121111467459,1.6183383897815418,1.46880002042607,0.4677189627022925,0.4503094397661005,-0.5550814289529556,1.1487460681398596,0.6956813071696653,1.2510955441567495,1.4544466896336132,-0.6420926449864636,-1.0569161279410857,2.135215562985884,1.4377814137030067,0.19032457554476234,0.01574508979344367,-0.4608151566027081,-0.5539731188822373,2021-12-10,AAPL
0.27720323907263494,0.5834220945050385,0.6964784254571642,0.567550151838197,0.6391168112493473,0.4933025425980416,1.8380164053738268,0.4376667876864618,-0.5524454870201059,0.4985454280452803,0.42356539188428133,0.3190166604060889,-0.4373190297440626,-0.9244189680781975,1.0651850373116685,2.81829870165204,-0.1203300821502384,0.00927041501523872,-0.13040937773918526,-0.3357848417147143,2021-12-17,AAPL
0.2954585655749554,0.7014768629870944,0.8218691762773055,0.7442426703255339,0.8047114712263336,0.5524686761769205,-0.967266913856594,1.8133987793964357,0.45288070723258894,0.8242693996108136,0.8174416036051384,0.8255992715957297,-0.5355449511732615,-0.9219084823235233,1.1460209144845253,-0.4388612718159655,-0.08310287096830074,0.013023629211560231,-0.37808174750362833,-0.4506896579401236,2021-12-24,AAPL
-0.007673539804967022,0.5354928789680915,0.7027776529741802,0.601405047796055,0.6992482699262379,0.5634647137052786,0.4133599796179862,-0.9676768393927953,1.8460430260925564,0.8345824312184323,0.916293493679757,0.5908717728795989,-0.5442238627114241,-0.9501636417258544,0.9773683065683647,-0.6000616001889482,0.28869129940443194,0.011180533524832134,-0.37614535389387654,-0.4594238597492196,2021-12-31,AAPL
-0.40674403296327294,-0.06933240713218605,0.22692020127323026,0.025338378943580066,0.2036889545949296,0.429786789899342,0.002545066578843786,0.4010361764248744,-0.9702684221725266,0.761506611985015,0.4553207078011106,-0.6081907819354306,-0.424718726837239,-0.8385819483756275,0.5042222247062945,0.4776358783382781,0.20398830756404862,0.006106149929291143,-0.059190836782370915,-0.4478480675087809,2022-01-07,AAPL
-0.3594784606205469,-0.11882383715723599,0.15196472417160253,0.025093535314207358,0.1767197806969092,0.3172908568141078,-0.679767100067321,-0.00623368136674557,0.41578599137661754,0.7772539566919419,0.5073500097762137,-0.15693432673790936,-0.42764870242468084,-0.8041970022988395,0.4538579072631497,-0.03746934388783135,0.13342383714435438,0.011923649357148423,-0.07417591048372794,-0.44467321580042546,2022-01-14,AAPL
-1.182507029696808,-0.9311030251523627,-0.5411093555809466,-0.7929996959431784,-0.5529585823211487,0.028717696501723268,-0.03525762067712803,-0.6826579548278182,0.003356082861152894,0.1423857709603365,-0.4677090263208453,-0.9399220477537424,-0.1740802654749224,-0.6072142518478135,-0.2299006256963518,-0.21376161678682606,-0.22612680590780584,0.008136026738222257,0.5071239463356974,-0.2704878705053152,2022-01-21,AAPL
-0.07330597473289607,-0.43995201823460806,-0.1700860470948816,-0.1109293554642549,-0.02910257216900605,-0.042797138872715426,-1.2437027893171375,-0.043710156962493495,-0.6816383891921385,0.2566929342020866,0.10697228198746508,-0.6099692795338238,-0.10448249747387474,-0.5762778641585784,0.1874729298964443,1.774686407690432,-0.703965873520768,0.00980511077100815,0.7381612240893762,0.07159728640459015,2022-01-28,AAPL
0.176225059212225,-0.21711828005056819,-0.1490916466654145,0.017135004307549835,0.06534545875040383,-0.06939232327149333,0.7521138614580525,-1.2417272599445695,-0.034595214308854344,0.2874365692615162,0.28209362806139343,-0.2328658507626284,-0.12315539541842284,-0.6037022887728786,0.24898342618647232,0.11265172158129583,-0.6437210274795879,0.014479209114838534,0.6477018448694677,-0.06688739513181771,2022-02-04,AAPL
-0.13426309207170678,-0.46502657453089924,-0.4050106091587105,-0.30842820130198517,-0.22138615568704836,-0.16788420170036117,0.11224082766602501,0.7368668410488186,-1.247791022272785,0.07558571979543784,-0.0754232925296969,-0.4670740964912224,-0.2532817760928644,-0.5002626392296744,-0.039624533057142655,-0.22790804877547524,-0.9648459079721904,0.010310978932707483,0.6002229208837078,-0.16238594463424438,2022-02-11,AAPL
-0.4352379578805628,-0.48400295520635195,-0.5321206163153009,-0.3918023478383304,-0.3166719500133993,-0.2654261650000064,-0.5231923917261718,0.10251547938746276,0.7558715823864193,0.07339069351710487,-0.2844918633616905,0.01839543934036368,-0.28475413972757646,-0.43803515987441094,-0.18346100449503414,-0.5741550377969687,-1.0081350015779962,0.010544930341352537,0.5674555646766086,-0.17337926413732288,2022-02-18,AAPL
-0.5688023868761021,-0.5506113397987654,-0.6869209491692527,-0.5366818214477183,-0.46534166341218053,-0.3754630957553538,-0.27349699469087824,-0.5274343804738161,0.11348307989499663,-0.36645310962698974,-0.6977575428074345,-0.5243842302348355,-0.3037077783226168,-0.3510913444466814,-0.41708838731525205,-0.20142918784674466,-1.3841001587923003,0.005298417236865521,0.5055650689907023,-0.2582294001931165,2022-02-25,AAPL
-0.5008884054179072,-0.5951041170603274,-0.7094492794675582,-0.5960903298712127,-0.5449040299020587,-0.4738571849045801,-0.3946356305926151,-0.27989368607819487,-0.5244481543994134,-0.27938103625510347,-0.8824835102216027,-0.7206000014004549,-1.0145532650666833,-0.3636929363823205,-0.6217710376561022,-0.19151614924395027,-1.3445856126748708,0.0014350304752066016,0.4754596696814241,-0.8377652803746177,2022-03-04,AAPL
-1.1037577611027778,-1.057692997959097,-1.1236447710481143,-1.1399046501439913,-1.0341420138225754,-0.6726741880165306,-0.31410277360425226,-0.39998697736548183,-0.2737711548860423,-0.8055293941747228,-1.8105006787477478,-0.9730120728582963,-0.9828495260835789,-0.28705786520318544,-1.3787501216067215,0.4815867185842758,-1.885381901843528,0.0007149023443554089,0.5082788308528908,-0.8097954869928261,2022-03-11,AAPL
0.10782131513186934,-0.38783999177720846,-0.5301704075785052,-0.2692896702431913,-0.3492713276494076,-0.6246821256067334,-1.0652347423548607,-0.3201490645434652,-0.39538601096085374,-1.1947863448315852,-0.6734352050298652,-0.4278150674656602,-0.7819567549076826,-0.47019853980419124,-0.6626789246424477,0.308409399347001,-1.9612821997252874,0.004643517616912337,0.7032660229034207,-0.9782746547011373,2022-03-18,AAPL
1.0869041903206131,0.36293797518072696,0.10962724698381801,0.5057187338688597,0.31704416658530765,-0.39810952112450165,0.951338540535326,-1.0647992716956394,-0.31453656322662593,-0.3845268922358471,0.4386627293683152,0.26602605197601886,-0.5189903853379887,-0.6051979045141926,0.27740680700581744,-0.1354539768524972,-1.4281494524793348,0.008762050185122518,0.598036559962126,-0.8250195177650796,2022-03-25,AAPL
0.6925291582199172,0.3141174319407981,0.07372666497143773,0.30122040055985894,0.1915977181480849,-0.2584680800429975,1.0546730544400766,0.9343723456959964,-1.0686213817719974,-0.6190560371464262,0.3962079253245302,0.33913685910276803,-0.5711952735440333,-0.6245873140299025,0.19824285845890643,-0.06339308614322806,-0.9995490862338118,0.008525409876361021,0.5130234103897066,-0.8311374278804102,2022-04-01,AAPL
-0.24768035169897148,-0.010602971103037678,-0.15881202641967745,-0.12301227740902652,-0.1432955992679286,-0.24432477917608217,-0.17223557076328644,1.036815152534764,0.9558794534688254,-0.8496136724959752,-0.040759316235578075,0.6089343294509934,-0.5385402376710645,-0.5132679080725165,-0.32840247108848053,-0.5377677873286641,-1.3620239628876598,0.009198563755805095,0.5469436996812305,-0.8350058083297801,2022-04-08,AAPL
-0.8322127042169324,-0.3456819378657287,-0.45405481420890415,-0.4941075743091746,-0.46123068840200404,-0.31891098497846715,-0.5676205511231228,-0.17950607985018566,1.0596201959870155,-0.8268723448590981,-0.37270779437851026,-0.1855596228375887,-0.7116843363575767,-0.5362479469317936,-0.9818901947635256,-1.182534751959314,-1.2885681760263008,0.0050936739815997285,0.3322743099445315,-0.8369881938866572,2022-04-15,AAPL
-0.8760657536426069,-0.5763079907797642,-0.6189577452548279,-0.6940926196421575,-0.6530834991203719,-0.4226964724989273,-0.6401569547520484,-0.5714791548606107,-0.17211165207577508,-0.9979651907368582,-0.7731618601945619,-0.8992085829401391,-0.8366421402074167,-0.4752165213010485,-1.431592703704058,-0.548793867121037,-1.2646859704835058,0.0011575855753378805,0.6592920191806051,-0.9073560147325359,2022-04-22,AAPL
-0.8910630267190575,-0.833689291422985,-0.7929281374819768,-0.9017643162242409,-0.858477998732989,-0.5492738490799459,-0.5127400158227587,-0.6433896183151185,-0.5690509697647094,-0.7483651303976421,-1.2468390074332778,-1.0869721418858391,-0.8324205584421255,-0.41760900329078016,-1.818614550056085,0.6425315250485759,-1.309200521500619,0.000492151567574151,0.6619639285128726,-0.9132772638254316,2022-04-29,AAPL
-0.5399447474743209,-0.8685340504156593,-0.7487639577628996,-0.7732279470563942,-0.7860420468971474,-0.6149812527458006,-0.592560102055454,-0.51707220151523,-0.6418725284841909,-1.1915171680505259,-1.262733175282164,-0.898776772161009,-0.8465941932261668,-0.453531016194476,-1.6774948277232216,0.9163420984448271,-1.2579515058690955,-0.0006857273241881882,0.632853764242713,-0.912852832248107,2022-05-06,AAPL
-1.2624186182629802,-1.4840670851401794,-1.2638249279324616,-1.4309366382252728,-1.3630724822001432,-0.806997935606067,-0.14573313983392017,-0.5962034943118165,-0.513954688118643,-1.6769686427083643,-1.4186802078410592,-1.201025190842367,-0.6484624659880045,-0.10580774181816195,-2.4195009038922755,1.612730120959963,-1.7684884282495215,-0.0030179306784595327,0.4073074017977181,-0.816149770928532,2022-05-13,AAPL
-1.7656365493646007,-1.8991096608210454,-1.719437379318289,-1.935713914090285,-1.8382003016651671,-1.0554313830281452,-1.2991824945704546,-0.1532323470007971,-0.5940885630529988,-1.8248538565755068,-1.7509016740892973,-1.5460973103781137,-0.4951941937761894,0.22231610808711771,-2.6850344847227907,0.5503878250491168,-1.7790586688637764,-0.004351951075812961,0.5851051793421177,-0.6281095412874478,2022-05-20,AAPL
0.059445425059678814,-0.7408331951219993,-0.9225800405638763,-0.6316058901136085,-0.8265413855353262,-0.9601011556876243,-1.3001200348472253,-1.2967282128108706,-0.1455050347970238,-1.1717113931811216,-0.8803716874512946,-0.6851805686612115,-0.04063098194829142,0.08150721879751929,-1.5486488308802329,0.18318116271732196,-1.3829810336454365,0.00108204627964442,0.8867121505679139,-0.4529911467584224,2022-05-27,AAPL
-0.10884480903002132,-0.8470534953090559,-1.140991691005425,-0.8876908589828544,-1.032920591096978,-0.9273261647914097,1.4540415465563645,-1.297657662748239,-1.3034888293285634,-1.2221698264667227,-1.188128086242333,-0.9136299957469808,-0.11270725374174498,0.025389786632630862,-1.7305164059395102,-0.8807514306665996,-1.0567356430905563,0.0020783356357486917,0.825398389516098,-0.48580203034327213,2022-06-03,AAPL
-0.8960937008481289,-1.2523676568100641,-1.5293580858233582,-1.423083550615875,-1.4865918624637562,-1.0007785308505126,-0.6446389577820238,1.4327373642855261,-1.3044300552634194,-1.3879573280485233,-1.784134754374394,-0.8455605688527121,-0.22277579528756308,0.2909027621427061,-2.0682442442700113,-0.7615933336159656,-1.4202762094208101,0.003805503211025176,0.9082239145843637,-0.11640315505030535,2022-06-10,AAPL
-1.4662956279522839,-1.4315359259394767,-1.685003933426349,-1.6478535584401843,-1.708509985491963,-1.089594320285727,-1.1560651060541305,-0.647832944685955,1.4605586854127532,-1.3189540209656745,-1.9415409630527676,-0.6365450881212598,-0.5493168755972496,0.3733060802654933,-2.1237211128592395,0.6089917373991145,-1.3981406234426197,0.0035672620231628187,0.8895338177087079,-0.402043545770977,2022-06-17,AAPL
0.21360414948472264,-0.4148554642296969,-0.8764712323169871,-0.5042470160891651,-0.8043641617198709,-0.9167121588017131,-0.8643717772287405,-1.1548458307002734,-0.6463721511632796,-1.282343532406765,-1.2636636342272978,-0.7192478102525108,-0.11073017735078107,0.0893482224852558,-1.4066712794140683,-0.958754754532903,-1.5438825455045226,0.002634497028076999,1.0979151026585199,-0.4069617065260422,2022-06-24,AAPL
0.05932831592962781,-0.45523333509031916,-0.8962669053653305,-0.6791693308470954,-0.9224895022023941,-0.8032942181622391,1.258586665195364,-0.8656696183017674,-1.1598088177727615,-1.8530306958220446,-1.446890784886108,-0.6412478955174253,-0.11339421934784562,0.09787957109075233,-1.4642915388190265,-0.530383598657826,-1.9790661227656954,0.00218047388488839,1.0479036490613927,-0.4464816576809216,2022-07-01,AAPL
0.8413574297999183,0.25073671321948293,-0.25922874287806613,0.0918537390474824,-0.2627905190885289,-0.5485408517145846,-0.47831518018036273,1.2389691265463376,-0.8669687842110672,-1.4509248859153285,-0.8751103802202693,0.37390565145956267,0.08715273363841691,-0.002990448763512253,-0.9246834694836827,-1.203741730760533,-2.1840969426209056,0.006433304733367527,1.1076558696959546,-0.40678394755357516,2022-07-08,AAPL
0.6031631412165281,0.3790049249490147,0.01582902281193883,0.26986761744824284,-0.05293204636874462,-0.30141802522673516,0.925887847708129,-0.4829444289549319,1.2643354318743947,-1.2120482296137882,-0.4216122500152589,0.9761166163573579,0.11009104523583467,-0.0665709619977596,-0.6935442702566273,-0.5431417607582767,-1.7964458708889093,0.013160077502588552,1.0527797256123885,-0.3719605674254869,2022-07-15,AAPL
0.6943253653450723,0.6646632558069041,0.2996424185343868,0.46623991020183414,0.17604072737787807,-0.05813632931290561,0.25516858454672603,0.9091412751592677,-0.47939452157157186,-0.9189203176308355,-0.10825956639414151,0.5086260752038384,0.12211874708658793,-0.07807434879405993,-0.4223579507011342,-0.5649210425914475,-1.4362053463296705,0.013331872393043183,1.0519884476718937,-0.3857295065774949,2022-07-22,AAPL
0.9821789910469765,1.1809257640590944,0.8347542448931272,0.9620699743497306,0.6668231782921855,0.24590257415830394,0.3422825519832133,0.24420986625538074,0.9303287088847897,-0.5105162492553262,0.9275193447444989,1.222164547484574,0.23294491524196545,-0.16765403619037347,0.07374702932256859,-0.4458751004312222,-1.030427412145165,0.019204144046680686,1.0949235572788105,-0.35506987188685046,2022-07-29,AAPL
0.7552431528773769,1.1063357138952152,0.9244327455021009,0.9095580885456498,0.7090660339479883,0.4811651649865485,0.8584087216999085,0.33057209898703804,0.2569727143353402,-0.2728488149706969,1.1232019625108387,0.8423370329850789,0.025439898502501026,-0.26161680629299827,0.25328163681085963,-0.7572092467165616,-0.561276817374893,0.01920047838868511,1.20224660048339,-0.45552494166542895,2022-08-05,AAPL
0.8690426500886702,1.1933710027324067,1.1523718042464286,1.1389245572774243,0.9785999606792929,0.7220081086441836,0.21181166858533035,0.8422444484351309,0.3444291441773269,-0.07980838870935646,1.2602624862777827,1.0298168779763315,-0.23306608843016613,-0.41545230761999297,0.6924240202654679,-0.7476571354623694,-0.03574798936090462,0.018446539083246154,1.2129753200186417,-0.5620114482340274,2022-08-12,AAPL
0.2614901144456458,0.8208892003041364,0.9780987778762705,0.7652895658105554,0.7258954085542993,0.8281551436619718,0.608460256936302,0.2012270911967782,0.8625843089544437,0.29813671649646345,0.9351422460473717,0.7429017824279716,-0.4670628829452352,-0.6036163808062929,0.681022631782884,-0.6731631437922594,0.6004267545465684,0.013416709802312252,1.153519691549492,-0.6618294838435359,2022-08-19,AAPL
-0.6947601554107439,-0.04090396063688035,0.3618572841882565,-0.05003190921008885,0.05414027457826639,0.7186689884502456,-0.19074169104486124,0.5944528701147778,0.2134453536775071,0.36992107303107147,0.37108702203195193,-0.18346910542380915,-0.3788201026593752,-0.64396797162741,0.21899685081960601,-0.7702747176769568,0.7405882510791874,0.008791132530428495,1.2759311726934048,-0.6473113562337858,2022-08-26,AAPL
-1.3408478818634453,-0.7197813934972193,-0.2386980441184901,-0.6777472094134659,-0.5042432314542589,0.47953432688928577,-0.9627594692694922,-0.19785250481220612,0.6116532468529738,-0.3083287089367336,-0.18653960741086262,-0.7572653272999165,-0.4371519776131271,-0.6008867431673759,-0.25565885390006465,-0.136018987716164,0.2144718948276279,0.00425511055233207,1.2338873554864416,-0.6397253663782164,2022-09-02,AAPL
-0.7363925998829881,-0.6693871567541808,-0.2777293562293955,-0.4682987303147897,-0.37385689821239004,0.32873114161242034,-0.9930255087157014,-0.963208291008288,-0.19069052361245384,-0.08014881629167063,-0.07515637681290452,-1.0000461499810651,-0.5951182217482279,-0.6543725315982541,-0.1337413872773608,-0.7239684552700988,-0.1869892053705501,0.004360775696007759,0.9881804926556657,-0.7812757533257157,2022-09-09,AAPL
-0.9374063702066688,-1.1445314488969636,-0.7398272279682135,-0.9294785387505259,-0.7978130633340405,0.10132178917183694,0.05127107291335313,-0.9932131549748469,-0.9657432579204688,-0.010054199086818984,-0.5513891859388801,-1.3116046613266708,-0.6806920664342071,-0.5162169590619027,-0.5645000666434388,1.300532677894633,-0.3488344555212414,0.0026605634975155183,0.9459611864770693,-0.8295951686686941,2022-09-16,AAPL
-0.5692840174814523,-1.0601990644960537,-0.8140647066321822,-0.8058186821275979,-0.7430894173827963,-0.0544280426231505,-0.8963038151631766,0.042071852441172446,-0.9961282792128584,0.24930925415806685,-0.7531359792370358,-0.9567364055893353,-0.7161846068585492,-0.481426062448864,-0.5606732396557367,0.5864927497395388,-0.35114589138799396,0.00138257676821357,0.7669197770635956,-0.9375491746340242,2022-09-23,AAPL
-1.6048345590516817,-1.765930955796279,-1.529689906742183,-1.6570378223368805,-1.4971978543389195,-0.3591027565420253,-0.16220100815543473,-0.8973261043147649,0.05227364085873923,-0.6731982855685368,-1.7445543896409101,-1.2388130856056474,-0.5107048279066425,-0.1773264106049978,-1.3447800209315077,1.4916311986021458,-0.8265005548075814,-0.00019436390922175173,0.2802131500120477,-0.838395683941533,2022-09-30,AAPL
-0.8112175407631823,-1.334021987906852,-1.366988842974582,-1.2136652573874673,-1.2004930852703537,-0.5019494375948227,-1.600084480234874,-0.1695581087405987,-0.8990263533644951,-0.4865388179803716,-1.8236694374537072,-1.210809703747614,-0.5287415058791195,-0.20790630104036903,-1.2370439978492314,0.3818993521975592,-0.8593391897734057,0.0008942303582774595,0.4197424754325918,-0.8080025737365643,2022-10-07,AAPL
-0.6366287338963297,-1.1638011171037732,-1.4019257169762784,-1.1524288346337583,-1.190369915432412,-0.5956562696640606,0.11752736947248295,-1.5950336175591342,-0.16203764159808182,-0.9198207100886021,-1.7866094189975439,-0.9666416909045972,-0.5850653572150168,-0.18607256118273705,-1.2921370295838925,0.3167884351666692,-1.2042933480287124,0.0014276146064630772,0.3182128280711116,-0.8207404086039738,2022-10-14,AAPL
0.7003416255662533,-0.26530956980159964,-0.7683822843807664,-0.22935260239169936,-0.44741900371826715,-0.4733660504708455,-0.35054899312154597,0.1077564019085019,-1.6055737207985907,-0.6523653596890795,-1.0681747929963117,-0.4379240337198346,-0.5147280592487681,-0.32124054673558433,-0.7167115112046046,0.06550679104365006,-1.188551277754048,0.007471072701168551,0.4089302596762134,-0.8031994210137782,2022-10-21,AAPL
1.2223606837420866,0.44115646708683376,-0.18048446453667658,0.44483376952241116,0.15078123913593944,-0.2282356888209832,1.0320280379724063,-0.35628077780100237,0.11879040415319095,-0.4696267007987445,-0.38368638876890243,0.8495715176022184,-0.3405541943777398,-0.38666270572258965,-0.21177468669951305,0.9439160548779572,-1.0902446419338814,0.01600439136570791,0.40302618143233404,-0.6575126266913974,2022-10-28,AAPL
-1.0292789397168125,-0.7993147814126835,-1.1075703057416209,-1.0998095643352286,-1.09464804202521,-0.35096971157517853,0.9103111642619447,1.0143655472654483,-0.3511260601123434,-1.3630070754780153,-1.7680599338033243,-0.3470736835303497,-0.005137275723112072,0.03875771034884327,-1.4487158550279529,0.9420467996601175,-1.5293642690874552,0.008530544293219245,0.36079132875098635,-0.40928393440491734,2022-11-04,AAPL
0.10186039924733246,0.16898335671578074,-0.25491898287893,0.011451403373923027,-0.19359145855142396,-0.2162864689085672,-2.1190048884452946,0.8936990079712016,1.0368861574366608,-1.0285608770954442,-0.8517311477406712,0.4725307309813572,0.350948903428099,-0.033324945328599476,-0.6719981613921873,0.46745960990668234,-1.4667623179753466,0.015509480138174657,0.6659904304840961,-0.486291975876522,2022-11-11,AAPL
0.16866330512753752,0.29161843729690773,-0.08269424333067653,0.07926022500596756,-0.1026800992590145,-0.09156374284934933,1.3496011187770343,-2.109476093109896,0.9146907903848055,-1.2296659591669734,-0.7230271060639021,-0.0026766855930919274,0.3056824178178977,-0.08449798505161274,-0.607143124573918,-0.16677511827153393,-1.4505416221044982,0.015088660264141322,0.5957409050439243,-0.48345291607023944,2022-11-18,AAPL
-0.004698529494049085,-0.0870008728094545,-0.25178928440150233,-0.25213765027963136,-0.3527613375585419,-0.06023159609695095,0.062280507801332784,1.3291981868620155,-2.126534108779053,-1.2945697487255972,-0.8232904850047438,-0.6677761295897048,0.24248610313653185,-0.028690925057226608,-0.8589124559699999,-1.5881533736556097,-1.7733276484169143,0.009634282060836849,0.4817352370585762,-0.5286035480009185,2022-11-25,AAPL
-0.354749421586398,-0.19622210104318671,-0.21965574753809194,-0.277182573667503,-0.3667944430697019,-0.0403295266918012,-0.5099216125876587,0.0529862833415092,1.3557076814516555,-1.0938618804806204,-0.5647819707855083,0.33803625644997426,0.23584965757787946,-0.009515624514866526,-0.8732785707645343,-0.002968628948719666,-1.7883532744004909,0.010513508684434531,0.521195198649604,-0.45664020556166757,2022-12-02,AAPL
-0.8556682103341895,-0.708209946282378,-0.5520526001666334,-0.7333098532868415,-0.7491696943915462,-0.11917559633710306,-0.16642576105813342,-0.5142781191965843,0.06332635603420751,-1.030217637966459,-1.2040699004616462,-0.6934791646969017,0.223828427782508,0.12908946621257159,-1.244453004432796,-0.4777709901783771,-1.7638794496281773,0.004684161066218464,0.5514395969074212,-0.35386720934294885,2022-12-09,AAPL
-1.3466836673168674,-1.2246880711784858,-0.9838245317846396,-1.2697673957265334,-1.2231477652173597,-0.2894636368075277,-0.8210820799692083,-0.17374640487901782,-0.5111252051774985,-1.3082722104580227,-2.023634768251305,-1.2204518194552751,0.31384636511485847,0.48963343657347913,-1.6670087099715067,0.7847059255137117,-1.8067410384954856,-0.001250743115365054,0.8654887843072826,-0.04463142342669787,2022-12-16,AAPL
-1.1829246873478383,-1.218533420585577,-1.1316726698132729,-1.2838605232842077,-1.2825173497623832,-0.42300004918633793,-1.1029814836261003,-0.8227534818930287,-0.16627900284826225,-1.2027988258671496,-1.8507434701186607,-1.210031795797364,0.09217155456671845,0.38983069525990866,-1.7125690580029722,-0.20318101834791716,-1.7329086102756954,-0.0027357795807607856,0.888220000302744,-0.20667933921687323,2022-12-23,AAPL
-0.8484476539757233,-1.3011861689110678,-1.2117251354283671,-1.2363454367485913,-1.2843042018421265,-0.513472460731469,-0.4860818868009081,-1.1022202840827189,-0.8235089065052403,-1.2476983604851004,-1.673679853370341,-1.3079559029603622,0.08486560629608396,0.3555329716678774,-1.7658111133901748,-0.8119499912553367,-1.6618957762038566,-0.0025631965243136357,0.8912981485536008,-0.2106169128921054,2022-12-30,AAPL
-0.4454315316395683,-1.1262068235111813,-1.18860059734096,-1.056903442023206,-1.1677130721168227,-0.5437465779545376,-0.39450358478535413,-0.4906441141427414,-1.106516513022432,-0.880549035169119,-1.5542220620259097,-1.0228563418042766,0.08249523249553105,0.17322386068967247,-1.748159116060116,-0.33180392542678294,-1.5779876875244039,-0.0032296833051988078,0.979661982754552,-0.1039725281481263,2023-01-06,AAPL
0.30779948683649344,-0.4953303744747811,-0.7683474673155571,-0.42969850483273425,-0.6616792622145543,-0.44137096161577594,-0.17294435566474534,-0.3998560710243578,-0.48719176066710773,-0.7396748848929816,-1.0294223621116023,-0.23891378122951862,-0.03602906357908912,0.010774252691955742,-1.2745673386677556,-0.6282770277136493,-1.1891412638142913,0.0028168098676562094,0.9292306410182523,-0.16731487004845097,2023-01-13,AAPL
0.5381415583506097,-0.10159123829251837,-0.45282960639823383,-0.11840244489657913,-0.37896673037989814,-0.29467562987865453,0.5873409097519143,-0.18020874841663695,-0.39525344605515056,-0.5523915597134855,-0.7118908241733793,0.1416124292443999,-0.18284640554024398,-0.14345445386605957,-0.938485485654578,-1.0800188723714232,-0.8234231405781134,0.008104473478589355,0.9973055762938623,-0.25392603312847645,2023-01-20,AAPL
1.095493666355626,0.6480724623112364,0.06510411484113074,0.544687235323999,0.22059442722534342,-0.04358671985492297,0.28755910006804936,0.5735157686332211,-0.17282322335224914,-0.5839267969401462,0.11104230031119317,0.8167206851408441,-0.588689535315494,-0.28244105598485686,-0.10429966862541222,-0.5560615689573795,-0.8632073939540496,0.013801035216146193,0.9906995478494445,-0.5012671237330104,2023-01-27,AAPL
1.360609366051513,1.26557176878035,0.6312058636589407,1.0724076854622993,0.7475548360526555,0.2683835830974523,0.9274489100414326,0.2763208735033326,0.5904508752965804,-0.5794753272307214,0.9729148919290544,1.4155611659357128,-0.7666522268818953,-0.3694437715610873,0.6996023925465458,0.6091182138917277,-0.8883274477296119,0.02200062613483086,0.7349006124462882,-0.2527713389030106,2023-02-03,AAPL
0.3409504541071383,0.7718321174712304,0.40522252770437683,0.4925228565404566,0.34420348063980577,0.4012906185271412,0.9322569513039677,0.9106888665789292,0.28949056344262253,0.062437751287249224,0.6415373184233056,0.8093432724556112,-0.7390868102307182,-0.5703930247585218,0.3697954811533067,-0.5427017080774896,-0.3814173439874626,0.015483523707155751,0.9055686356559169,-0.19488980541785433,2023-02-10,AAPL
0.046134808954851954,0.6600834087982599,0.48302666667543687,0.4449507540909946,0.34674411048823306,0.49520710453482686,-0.5113211667821255,0.9154554176925748,0.9318959080659205,-0.37011874851374926,0.7983437678010937,0.6863668247930383,-0.7667956245303073,-0.7514287749117335,0.41884846906746875,-0.5692693068200851,-0.4564553841451639,0.015627724797566737,1.0172603987451159,-0.1786333479432891,2023-02-17,AAPL
-0.7404841257307044,-0.032122156298026366,0.0833323095687266,-0.18972105053560032,-0.16652256176305158,0.4334654026023248,0.05462871271639794,-0.5156655961835696,0.9367228506989816,-0.7660437308160586,0.2036991263363533,-0.19520755102390497,-0.6722865087402493,-0.6866680772548909,-0.16474564682310558,-1.3857540690431212,-0.8545963967714484,0.010792468177444064,1.1727366963686765,-0.08775000233807978,2023-02-24,AAPL
-0.07792128807664934,0.09904305281894034,0.32699465017037793,0.1463935364745084,0.11280258206471591,0.4484514137215037,-0.8221217865258739,0.04540051808036566,-0.5125302612990404,-0.38259394951770465,0.643574623931761,-0.4375820867427706,-0.7312931220663859,-0.7044602033468663,0.1737880696142131,-0.813203354588588,-0.5348322407580384,0.009075407045863286,1.1597925892457477,-0.044903229098126565,2023-03-03,AAPL
-0.32549635765598106,-0.2585019124081031,0.06747606979962112,-0.148840926389818,-0.1296479895037678,0.393533522717848,0.40272055695184417,-0.8237842164842967,0.05564448021448022,-0.49709991056851915,0.38596166871206455,-0.39976041129825235,-0.9324418817149451,-0.672908909209341,-0.07194359760739853,-0.4319277021735763,-0.06015365930711471,0.009230517789263828,1.0695342853071246,-0.45055714511332723,2023-03-10,AAPL
0.4393446924025024,0.09443590391980491,0.369697932594767,0.3478880885233122,0.2905267132742302,0.4496785541616577,-0.4327458785353681,0.3904885647907959,-0.8245527003560436,0.08536815516126302,1.0478106474047437,-0.11530594047015165,-0.9281704709991047,-0.784655889009731,0.5342892702474359,0.49196486373080095,0.4251762141240217,0.009938133164504545,0.9930374988045417,-0.6291593262023906,2023-03-17,AAPL
0.6626893208467598,0.366488678453554,0.5372581794239134,0.6204031714474569,0.5497601423071311,0.550171486716616,0.6617860218009679,-0.4377683596070012,0.40510474301493443,0.7548075845572535,1.0984889622222989,0.5481890215185858,-0.9718886432212008,-0.9716654703965335,0.8221370459118927,0.016039244480646243,1.0132821161261034,0.014461831040800375,0.9944849965083813,-0.6617385528253804,2023-03-24,AAPL
0.7911264902710516,0.6260625575382801,0.6303924327100937,0.7726235921156845,0.7185637774159865,0.6616553185220126,0.4827519398544971,0.6473184696432752,-0.4336460779001318,1.0647834231426037,1.2574873770887876,0.5442294981494883,-0.9992203402156278,-0.9906394421994892,0.9946987810324702,-0.6781234886550882,1.4606126027993713,0.014229286548733169,1.0461437904450928,-0.70129190836322,2023-03-31,AAPL
0.24904208339611272,0.46265446361737783,0.438806913885454,0.514349260146664,0.5333822113981204,0.6897002936446366,0.39496682416558354,0.46982933090978185,0.6651886459502208,1.1943613618235007,1.0939821189058452,0.6920682588065019,-0.9990544325634643,-1.0023338290816814,0.818803826672349,-1.2743289893672374,1.814129719854628,0.01534719595767643,1.0704220286274224,-0.6449458499990244,2023-04-07,AAPL
0.003933715800885094,0.37464566705272706,0.3174256102078304,0.37764576189468263,0.4317536829887646,0.6756759636782076,-0.15611740040424424,0.38280174148184337,0.48545074526866067,1.2298953802433445,1.124297925835945,0.3182376741903252,-0.9896509824874522,-1.0104378171570354,0.7097401017651441,-0.6757497310059855,1.8487386677552988,0.01390840646619467,1.102225330380035,-0.6269710126288623,2023-04-14,AAPL
-0.16084833252945913,0.1745483245626586,0.1985558952952785,0.21835573783646817,0.2995618062232208,0.621822815167873,-0.06938861542271196,-0.16352699841561574,0.39732052875641716,1.1030053781636513,0.959252639865995,0.003984563493469873,-1.124125926957863,-1.0482993715152253,0.5780997359555922,-0.7496985875699074,1.845881194205025,0.009310877810229953,1.046243210425799,-0.6890248417262013,2023-04-21,AAPL
0.2459921983923284,0.3449940018121185,0.4031170621177702,0.45185147907513634,0.4985928081930569,0.6264783279802928,-0.1505984254359675,-0.07754662427446778,-0.15593011796972608,1.1390572622994681,1.2478699686247017,-0.002792622292980328,-1.293550999868238,-1.0595537699047546,0.7097421262850692,-0.6521259896550882,1.8519838245350042,0.009211089934354837,1.147506454171976,-0.8239535960474463,2023-04-28,AAPL
0.4331456733112441,0.38972159719921384,0.5174218665388713,0.5686950855657751,0.6109135902306247,0.6529708729736526,0.3808954596458665,-0.15805564847396594,-0.06886038481185837,1.0378194774017149,1.19146943584393,0.2158833311768468,-1.3664005934319683,-1.0856235268765646,0.7751215650860224,0.48727920071110575,1.8652628955838286,0.013297961574386282,1.0048270941322497,-0.9012191415359835,2023-05-05,AAPL
0.12151460505133788,0.16150840489140444,0.36038435294278454,0.32389283553926107,0.4131246140414426,0.611342183537459,0.28480409590556316,0.3688518033345562,-0.15038944680852934,0.6950922065406588,1.069747967896097,0.14523160154216125,-1.3438029605617754,-1.2597131675612334,0.6168337484268221,-0.6008433595687327,1.8346752873406025,0.009542998997997404,0.9084238322658834,-0.9004914473430188,2023-05-12,AAPL
0.11691991897204945,0.2075538796442228,0.36242597618679673,0.37396511139159166,0.4553258900764675,0.5845367884600466,-0.20911785081190123,0.2735896431661219,0.3831938468922617,1.1098204438090296,1.1386739576505431,0.2925097784649147,-1.6131972751182453,-1.2771095739076934,0.6684534432459365,-0.48851239696603405,1.8290176781890937,0.01325632013808747,0.6482500104944758,-1.2612215274751581,2023-05-19,AAPL
-0.022926684335456138,0.12625153050734314,0.24888915513319235,0.24846201163900158,0.34776112746940474,0.5276129268316686,0.1416230302629171,-0.2160700907311608,0.2867247288085092,1.0709092271892815,1.1665597015232032,0.0523026842338962,-1.6231293187907307,-1.2823192146277012,0.6190701856506421,-0.5234766142916533,1.4048287827503265,0.013088338072307193,0.060526658006371276,-1.4594164347975684,2023-05-26,AAPL
0.37617589962319775,0.3679626565145437,0.40193972582176196,0.5140565592974569,0.5733112426802185,0.5425611409506109,-0.10192314108192384,0.13164413341979736,-0.20913892373385778,1.8816119513709073,1.1921239701368591,0.12753449592711472,-1.7137478475989039,-1.3298718787556199,0.8562384456841284,-0.10630741968124292,1.7337612001367562,0.01242023600841429,-0.6518284958370812,-1.5146749800452783,2023-06-02,AAPL
0.14110353791357988,0.22062346319614187,0.2682739340970209,0.33708772535009285,0.4297196183168625,0.5069260233392058,0.43924944728662635,-0.10980039895007829,0.1429807897988833,1.8217079113304657,0.9068919449618078,0.16806860568474108,-1.79789832100644,-1.3240870527270927,0.7586539294185555,0.51764914824098,1.7603762104463165,0.016687645376429416,-1.3971243548220726,-1.6387913954602051,2023-06-09,AAPL
0.30114718972939797,0.3140533167135516,0.36781680065904815,0.4674132355155217,0.5418934368734407,0.5072075448020605,-0.1287966574894245,0.4267022354725,-0.10152281018964474,2.224809140166983,1.088751747747003,0.22988871902646868,-1.853807714865514,-1.3873718566025146,0.858094673325255,0.36404934084802487,1.7764745240334412,0.01698035358951464,-1.2308614607216135,-1.735157473481393,2023-06-16,AAPL
0.18194479068806646,0.28001134189573107,0.35636725992538903,0.41741383527328474,0.5047281491930382,0.4913833251863901,0.2659555891482738,-0.13644201506054493,0.441777235713636,2.2000005829086464,1.1773495651543155,0.3030664564789891,-1.904891120515003,-1.4526727926059801,0.7896200008277742,-0.9332256675687945,1.7478110170615389,0.0164621688505413,-1.7695866044529982,-1.9641175705291312,2023-06-23,AAPL
0.5976367654239432,0.5910077343514564,0.6134334441688749,0.7368451273127532,0.7864416823056904,0.5588936593903154,0.042322139798487896,0.2549037862924348,-0.12850197175766287,2.21152917108583,1.221242254564962,0.37117759058937577,-1.8191871075394614,-1.4808067556033109,1.0025891441393853,-0.021639201692817765,1.7457967885031167,0.0162123318438132,-2.112819670105659,-1.949760208430653,2023-06-30,AAPL
-0.0025042206460671895,0.2092573308251816,0.3059075770611899,0.29456396873678065,0.4208241081793853,0.494182803649265,0.5764265763881924,0.033200142575248906,0.26780212480649407,1.649646612276147,0.8983058540797407,0.21241868671292471,-1.70517849375665,-1.5157403066592467,0.6698303090899964,-1.2438163222977152,1.7326926696623386,0.012744893507292843,-1.5944812137312248,-1.7076205218223544,2023-07-07,AAPL
-0.150476536741561,0.07657098877697911,0.18258675213696585,0.16954004464762565,0.303271805937839,0.4047437839448996,-0.4365401541150158,0.5626956185952163,0.043289527700405034,1.6853086538665285,0.8992725380488004,0.01648873056006207,-1.7092477300709668,-1.5149333515220604,0.5802338238152479,-0.32366223488661183,1.3169397312752498,0.012120668430662014,-2.4790953683386685,-2.0165753390342536,2023-07-14,AAPL
-0.15721564727255527,0.019593523348935358,0.14405322000743376,0.15251392410662143,0.27407087782419126,0.32449701189628744,-0.1288491882501143,-0.4415298931509359,0.5794936355084566,1.6995309062491133,0.6700795831477004,-0.009846687625912587,-1.7439109816178218,-1.5092433628688036,0.5589349575994461,0.3593991237659739,1.7309976474587472,0.012691393138346777,-2.456171948406013,-2.066610896420224,2023-07-21,AAPL
0.19027530015414545,0.1482852682982338,0.24567990991826738,0.3048060471297875,0.3935504545980277,0.29815820225191086,-0.011246771900497181,-0.13649409251624764,-0.437455269534924,1.794752127534084,1.0384464966103457,-0.1716304282326285,-1.7521146725037673,-1.5172312207852272,0.7151013452674791,-0.5840588707530733,1.7341762733078252,0.012271442810832261,-2.0351622923523034,-1.937601093257659,2023-07-28,AAPL
-1.0030012666924608,-0.7561221628839577,-0.5257580429012165,-0.6997578858602617,-0.4783902487835958,0.005346706055072646,0.23671787397611857,-0.019906505594601682,-0.128554709027265,0.2231104716979364,-0.3400617215851903,-0.6517541301315868,-1.152104263798234,-1.327293338734328,-0.22954496764570723,0.378598422733276,1.2595669839441852,0.011557366594462814,-0.5792164080814441,-0.9924613729227979,2023-08-04,AAPL
-1.1000790201200996,-0.9598453431308929,-0.7460187928165007,-0.8606235210404629,-0.673388626344439,-0.2716161791392742,-1.4079037362097782,0.22591837285594404,-0.010489974089931282,-0.25559467695315036,-1.18673593951049,-0.8329359859894622,-1.114214083592012,-1.3486179765999575,-0.5753505628493012,0.7630199072220273,0.7362214561471948,0.008159444540653786,-0.416127576099608,-0.8700625628704792,2023-08-11,AAPL
-1.0152755814841696,-1.084031935104826,-0.9166547225584882,-0.9483379080850467,-0.8048291489823515,-0.5125006653564737,-0.5233044694856231,-1.4045112635618953,0.23844947033626976,-0.41701859254815105,-1.5879251708652875,-1.0357015731700676,-1.0855760717912297,-1.2624105506210686,-0.8814950439952447,-0.08886177896072299,0.3444157176564665,0.004985198935291795,-0.04755944363668094,-0.6334490335699364,2023-08-18,AAPL
-0.11999317990049232,-0.6941222764823826,-0.6910869301765115,-0.5259972874676092,-0.4981256742751323,-0.5910176252182989,-0.4654698111073118,-0.5275454910778973,-1.4126374758839566,-0.33445849915377535,-1.0955368557406577,-1.009724044454493,-1.1186306385432212,-1.26847619060017,-0.6193681380557262,-0.2840817300347269,0.3415999076200969,0.005173762875459462,-0.057451458362700034,-0.6749519216978482,2023-08-25,AAPL
0.8459843952481357,0.03337361130984005,-0.1588410574203222,0.2434139141344645,0.13806888143475785,-0.4480682151012795,0.2972133871313771,-0.4702099067416064,-0.5245606727589227,0.12561070549732584,0.16166639387032375,0.1144015357791741,-0.8750954710240489,-1.2667896830037977,0.2396654215829477,-0.08448647130302522,0.7348305139371527,0.00825491972873454,0.23150133871632922,-0.39078647823012735,2023-09-01,AAPL
-0.386528263897771,-0.6162533085908385,-0.7232157674461009,-0.6052024035056762,-0.5619541966651287,-0.5489117519174193,0.9687903082573271,0.28589185058951827,-0.4664986547870547,-0.6499207200114426,-1.3030229378637965,-0.23599969939894117,-0.6753509924512004,-1.0407202020144408,-0.8762789193222535,0.36775765714746705,0.27069510038930394,0.008399669840033538,0.229592512783658,0.05231325038205471,2023-09-08,AAPL
-0.743435861505572,-0.6937833709580473,-0.8425439451627629,-0.7398756729073012,-0.7032446715183894,-0.6583387108679609,-1.2065206322882631,0.9516735164489544,0.2991828034366729,-0.7754382297175542,-1.71463681725414,-0.22915332636283473,-0.6731520561787039,-1.0245871397084336,-1.261698308243832,1.4110841130742002,-0.30783203398922715,0.007551536516757321,0.4650269086161356,0.24262471030712748,2023-09-15,AAPL
-0.6665421549304155,-0.5368534139979148,-0.7746442708716028,-0.6497187351976113,-0.6569315271821745,-0.7159016697982119,-0.451539045497721,-1.2048659598191465,0.9733998275754302,-0.9686339195441402,-1.7432072204859859,-0.4412447904712581,-0.795239683927396,-1.025129790733851,-1.3047320167665037,0.2238067711835135,-0.7944818967270532,0.004427679199979068,-0.11996618027829967,-0.41610992362410903,2023-09-22,AAPL
-0.5698483210386226,-0.6953827922212275,-0.885043379613277,-0.8065130256303468,-0.8102766624506349,-0.7935129954829824,-0.15253424657182363,-0.4563993542308073,-1.210462694758138,-1.1821548775245374,-1.7111886763243802,-1.0934955040365855,-0.7905817074117708,-0.9283944106372093,-1.668325453425391,0.06783465274052222,-1.1578515740223543,0.0014190811677017748,-0.17537891835598746,-0.4339810864226727,2023-09-29,AAPL
0.15067813114861747,-0.2584946352824914,-0.49015989375972063,-0.2609807529551942,-0.37454156284888607,-0.7103969980871051,-0.5001980854761863,-0.15997476478081488,-0.4525131245554234,-1.2341434066246344,-1.0123817661735799,-0.28879513301998827,-0.6799463176624638,-1.017350367609096,-1.0255263488570856,-0.2259256955696329,-1.1997125401506172,0.004502665586544486,0.29022618842588976,0.1922512976446219,2023-10-06,AAPL
0.19337546714238618,-0.202311354560302,-0.3588847809061667,-0.1683118544707388,-0.28680847566997847,-0.6129902884120652,0.5335491559439896,-0.5046384995571068,-0.1523328780439173,-1.0499796217164998,-0.861046442380148,-0.06411580289272674,-0.6783626807380846,-1.00513781214679,-0.9072208588860268,-0.4389846023293123,-1.1440616489235789,0.00823016474609706,0.37645206954382143,0.25611626333905624,2023-10-13,AAPL
-0.4176126705731869,-0.565813741563923,-0.5836712763936722,-0.5914564526823481,-0.6332169261949088,-0.6349972657717654,0.008775655210885285,0.52018820133133,-0.5013634529388447,-1.249720928814843,-1.5253616207147982,-0.350200026676236,-0.6831897796562348,-0.9297874754378183,-1.4757181070609773,0.10005616576792702,-1.154121747927864,0.008272242742925715,0.3637631137770855,0.23824314856789144,2023-10-20,AAPL
-0.8564767227133993,-0.7113291479938502,-0.7809293185343635,-0.8385530578947301,-0.8556232999966582,-0.7071067692501755,-0.7334647761022536,-5.685850664689187e-05,0.5364476553604651,-1.4458172337313622,-1.8352834590601605,-0.4070954480448318,-0.9069566355105582,-0.8707889209697218,-1.7916346622713286,0.11030112586610254,-1.6283006375385047,0.00825834991431518,0.27757786712251475,-0.11180472080445436,2023-10-27,AAPL
0.11065819033823339,-0.1051701218850292,-0.30889119424757516,-0.1324705212118059,-0.2833822845365272,-0.5829288095005143,-0.617273177702061,-0.7358922561843606,0.00961116518155914,-1.2297457435530663,-0.9068028468189056,-0.29628411025079693,-0.7507545443805645,-0.8902232565616843,-0.9336891652902036,0.40697756888846987,-1.5708766598623003,0.008576673371115074,0.40673060600745714,-0.5269393123632793,2023-11-03,AAPL
0.9990737101382655,0.48955309602240754,0.18579567047013237,0.5114604799628941,0.28588409053308633,-0.31441764988773174,0.7764803369875309,-0.6207033128060595,-0.7355471615167454,-0.3545724087029744,0.8026045860598923,0.12428150702176646,-0.6118313569733015,-1.038708733641462,0.02916381626946997,0.2673646342980752,-1.1002364390194244,0.008954447057626188,0.43787963292129783,-0.3582617896550462,2023-11-10,AAPL
0.8664451518438336,0.578218357878461,0.3118484726196292,0.5504229387008813,0.3760998266774781,-0.0827784412201598,0.8935079391409053,0.7610230503508605,-0.6188987907359816,-0.07381855478917655,1.0976135986626054,0.6038035734338575,-0.6216295901744655,-1.0607992452939479,0.39366499553201834,-0.19371937652761761,-0.6423160698736463,0.012394628863313314,0.42786845100799853,-0.3855351391163505,2023-11-17,AAPL
0.2878697715644912,0.42430667719968834,0.3235077406566955,0.38221380648468845,0.2811877488453404,0.06246924299594505,0.18940072672057134,0.8770407833345651,0.7803338473979857,0.08894110110209212,0.9020041065791226,0.8832141910632614,-0.8180259057794685,-1.1155319783124007,0.4240652699478629,-1.5162273700337316,-0.32070206246441624,0.015279506209055858,0.2702553670385429,-0.5641260322123389,2023-11-24,AAPL
0.027923146301899543,0.38538760029781066,0.32832220084475233,0.3175791762492737,0.25695397736535297,0.16253945973994965,-0.10310279710357907,0.17900954062463767,0.8978215084296621,-0.004425270101275141,1.0580569701682414,0.47619164795390156,-1.09146223591688,-1.1758610086146144,0.5365267587765917,-0.7066829568625564,-0.6952635273870248,0.014504133310715976,0.5165936979582431,-0.7595101453597968,2023-12-01,AAPL
0.2436366210519014,0.5336304490574968,0.46914325195802853,0.47032510375999387,0.4115799851384499,0.2830046702158604,-0.008896444441962139,-0.11096987533697075,0.19094630992408015,-0.24334607353776236,1.2347614106547316,0.17963102598008998,-1.1248883584769913,-1.244551800696236,0.8966405767621475,-0.2588630649955092,-0.6972425792027926,0.014029797129600235,0.5044375440138502,-0.7967023914011822,2023-12-08,AAPL
0.22834888420907795,0.4379408974123396,0.4577218972831233,0.4194770009610288,0.3958059323867727,0.364771480010656,0.2929105693020553,-0.017576459874693497,-0.10270710367473697,0.5138093300963468,1.0631429173202411,0.10647645691339559,-1.135145445607594,-1.3601402570084273,1.022639921770485,1.1284033319392934,-0.13723765604423233,0.014590936363313678,0.520768817203312,-0.6793945450443309,2023-12-15,AAPL
-0.26269860178703636,-0.036784177984882,0.14018864457213243,0.017076395279566108,0.06802411712696516,0.31786020015205696,0.04207600851937718,0.28162616317207,-0.008130407024719526,0.4559096540952264,0.6708372305821959,-0.08877741036049495,-1.1370107039694453,-1.3595587969111989,0.5454063405211201,-0.5332189860507675,-0.008312419650193005,0.012298383908455932,0.373050983836888,-0.729329098000994,2023-12-22,AAPL
-0.4019734722996982,-0.2361861145034511,0.013978073141603766,-0.11123315869639917,-0.049296919733120906,0.24125447040586767,-0.49319424574984433,0.03295613524284727,0.29486307037105064,0.3964898667574167,0.5651038273959074,-0.19638029276949406,-1.1806787872740712,-1.381456952733078,0.3613716873842196,-1.3910003740245318,0.11310860298602912,0.01011718049926245,0.4528063667528166,-0.75593018730898,2023-12-29,AAPL
-1.1938203901209326,-0.9218004076753049,-0.5928987470242311,-0.862037667155104,-0.7063477148246337,-0.025512881929141078,-0.22974779663744263,-0.4976950982374211,0.04304242883007567,-0.07386419818491317,-0.5564740355599289,-0.9012825387892869,-0.8903225070135481,-1.26205986975429,-0.6409860451675639,0.06545011660011907,0.10556091278093217,0.007141939725380364,0.6696114982809332,-0.47849123193528575,2024-01-05,AAPL
-0.4167919306225078,-0.5885576998120581,-0.40184382060964163,-0.42717751012103766,-0.38721634000356575,-0.12379497575571663,-1.1959233777443334,-0.23652201405707113,-0.49433207971964277,-0.1344339474032238,-0.08808056401681726,-0.7683230811859905,-0.9527225190820372,-1.3140718028481477,-0.25909209525892035,-0.37313006643760466,0.0997044283331758,0.006428481968169532,0.6016791061721188,-0.45452244913173245,2024-01-12,AAPL
0.2214667047701893,-0.23893896198506848,-0.21137100778335663,-0.031120389733318137,-0.06858506973037086,-0.09584297124526507,0.3433299397598781,-1.1943601524248648,-0.22984996999691384,0.027927505467578752,0.4692497626699598,-0.34680490773388956,-1.0116672669398952,-1.2869809717831682,0.21738074928118964,-0.11236096082508049,0.1201742645338567,0.009098462381411506,0.5308322315787766,-0.330650210138317,2024-01-19,AAPL
0.3137401905262537,-0.19325807336768913,-0.23644352217312933,-0.027508781756681592,-0.05990525311756291,-0.07145770509956864,0.4188130325740013,0.3316104485145644,-1.199823780289978,0.3998570297320385,0.5542315371094009,-0.2600653801689864,-1.1318120499900346,-1.3136317872669179,0.2194138259597758,-0.1355838908095386,0.5771137946940119,0.011390779776110794,0.4672728937004023,0.0567359842087508,2024-01-26,AAPL
-0.48825239374729057,-0.5373744276435425,-0.5707733754329751,-0.4938434839056109,-0.4543347077297841,-0.17695003868908918,-0.04860819035992216,0.4064421732167066,0.3454806494445393,0.2830423296104163,-0.18987355177618143,-0.030748530685045922,-1.2392116542522873,-1.2028539444555313,-0.3870760584264995,0.7789305978550098,0.5030367398699483,0.011165447975094304,0.027844109799458255,-0.27964759807808226,2024-02-02,AAPL
-0.48825239374729057,-0.5373744276435425,-0.5707733754329751,-0.25573102462465763,-0.30978380749556045,-0.05084237877671538,-0.04860819035992216,0.4064421732167066,0.3454806494445393,0.2830423296104163,-0.18987355177618143,-0.030748530685045922,-1.2392116542522873,-1.2028539444555313,-0.3870760584264995,0.7789305978550098,0.5030367398699483,0.011165447975094304,0.027844109799458255,-0.27964759807808226,2020-01-03,AMD
-0.48825239374729057,-0.5373744276435425,-0.5707733754329751,-0.31557335145298154,-0.3589288564048902,-0.05199515702446716,-0.04860819035992216,0.4064421732167066,0.3454806494445393,0.2830423296104163,-0.18987355177618143,-0.030748530685045922,-1.2392116542522873,-1.2028539444555313,-0.3870760584264995,0.7789305978550098,0.5030367398699483,0.011165447975094304,0.027844109799458255,-0.27964759807808226,2020-01-10,AMD
-0.48825239374729057,-0.5373744276435425,-0.5707733754329751,0.20866168201283863,0.0719759451247934,-0.038362454208213145,-0.2898061104030456,0.4064421732167066,0.3454806494445393,0.2830423296104163,-0.18987355177618143,-0.030748530685045922,-1.2392116542522873,-1.2028539444555313,-0.3870760584264995,0.7789305978550098,0.5030367398699483,0.011165447975094304,0.027844109799458255,-0.27964759807808226,2020-01-17,AMD
0.16059521925338469,-0.5373744276435425,-0.5707733754329751,-0.07250274535644305,-0.1465269986131383,-0.0399257525945027,0.906403113741676,-0.2960620651364512,0.3454806494445393,0.2830423296104163,-0.18987355177618143,-0.030748530685045922,-1.2392116542522873,-1.2028539444555313,-0.3870760584264995,0.7789305978550098,0.5030367398699483,0.011165447975094304,0.027844109799458255,-0.27964759807808226,2020-01-24,AMD
-1.0086370988632314,-0.5373744276435425,-0.5707733754329751,-0.8536597810375375,-0.7902665913345213,-0.06716404703365661,-0.33574976478671503,0.8898246812875433,-0.2901443849895376,0.2830423296104163,-0.18987355177618143,-0.5416356509597346,-1.2392116542522873,-1.2028539444555313,-0.3870760584264995,0.7789305978550098,0.5030367398699483,0.011165447975094304,0.027844109799458255,-0.27964759807808226,2020-01-31,AMD
-0.07975816620837452,-0.5373744276435425,-0.5707733754329751,-0.07023142608581587,-0.16488505441155632,-0.05468349008140771,-1.3330482793816552,-0.3416092568117484,0.9107673765373763,0.2830423296104163,-0.18987355177618143,0.026783563837254772,-1.2392116542522873,-1.2028539444555313,-0.3870760584264995,0.7789305978550098,0.5030367398699483,0.03128014077866828,0.027844109799458255,-0.27964759807808226,2020-02-07,AMD
1.64772646197787,-0.5373744276435425,-0.5707733754329751,1.1117697603735264,0.8346631899487834,0.0023370160713182897,0.920653436729119,-1.3303017587710804,-0.33626865305503867,0.2830423296104163,-0.18987355177618143,0.4934378293746746,-1.2392116542522873,-1.2028539444555313,-0.3870760584264995,0.7789305978550098,0.5030367398699483,0.06128571277435093,0.027844109799458255,-0.27964759807808226,2020-02-14,AMD
0.5717699459113806,0.43136246820477375,-0.5707733754329751,0.2969234229503608,0.20641819770540912,0.007137623389738751,1.8994121976771194,0.9039520336118432,-1.3374877473039608,0.2830423296104163,-0.18987355177618143,0.25140505355030235,-1.2392116542522873,-1.2028539444555313,-0.3870760584264995,0.7789305978550098,0.5030367398699483,0.03927856467504856,0.027844109799458255,-0.27964759807808226,2020-02-21,AMD
-2.26407262989846,-1.3806512539368525,-0.5707733754329751,-1.6339109958645297,-1.396298138366714,-0.07509711435093884,-0.7935465431018208,1.8742647674770179,0.9250737203907382,0.2830423296104163,-0.18987355177618143,-0.5365757471518862,-1.2392116542522873,-1.2028539444555313,-0.3870760584264995,0.7789305978550098,0.5030367398699483,0.03378242873121384,0.027844109799458255,-0.27964759807808226,2020-02-28,AMD
-0.9684809221910657,-0.630359650514106,-0.5707733754329751,-0.5766938168002036,-0.5836125083841134,-0.08562389413296662,-2.7773304353469723,-0.7954555581121354,1.9076801775181396,0.2830423296104163,-0.18987355177618143,-0.4546151509829514,-1.2392116542522873,-1.2028539444555313,-0.3870760584264995,0.7789305978550098,0.5030367398699483,-0.006257101887129803,0.027844109799458255,-0.27964759807808226,2020-03-06,AMD
-1.7659672529280082,-1.587370603930731,-0.5707733754329751,-1.6476533390218089,-1.4882815868817698,-0.14198110043443593,1.1068646673448108,-2.7621207351550368,-0.7958651219426804,0.2830423296104163,-0.18987355177618143,-2.0506114473123884,-1.2392116542522873,-1.2028539444555313,-0.3870760584264995,0.7789305978550098,0.5030367398699483,0.47327529302113214,0.027844109799458255,-0.27964759807808226,2020-03-13,AMD
-2.2723107540243923,-2.3801650864043196,-2.1032315324717143,-2.4626181039606108,-2.2161255015478845,-0.21830311462183,-1.8753657213764068,1.088556387068772,-2.7874476648947293,0.2830423296104163,-0.18987355177618143,-2.4882138399082954,-1.2392116542522873,-1.2028539444555313,-0.3870760584264995,0.7789305978550098,0.5030367398699483,0.15210854134798138,0.027844109799458255,-0.27964759807808226,2020-03-20,AMD
0.6648069452064777,-0.5800699692343737,-0.6641188478263625,-0.1700614198363233,-0.40869522417928367,-0.16856083555209472,-1.8970713912140773,-1.8679393675062654,1.1120169845464491,0.2830423296104163,-0.18987355177618143,-0.04457727085883502,2.1460781064087175,-1.2028539444555313,-0.3870760584264995,0.7789305978550098,0.5030367398699483,0.0027219119112663484,0.9776314339681499,0.3636084072397665,2020-03-27,AMD
-0.43155189722363413,-1.396213838197395,-1.3880567730703233,-1.229203400421609,-1.2570664091865527,-0.1803360768289696,3.052487287904953,-1.8894577320725918,-1.8819371474817121,-0.9082058871770214,-1.2350895336240721,-1.329854262829292,2.3021465429675914,2.234080587038284,-0.3870760584264995,0.7789305978550098,-0.0870316868814658,0.20736456117177957,0.8837230699533613,0.4417273464720423,2020-04-03,AMD
1.6322909394748495,0.35615746377524254,-0.1601502319722607,0.49460293543048023,0.1557462167313321,-0.10532604425592884,-1.6789158083487998,3.017389598428333,-1.9037281466428462,-0.5536633968782799,-0.3670029601637326,0.6331308896334483,2.6389141255172452,1.901492451144935,-0.3870760584264995,0.7789305978550098,0.08740926336541764,0.01769962667474906,0.9596759213742893,0.35267269409718927,2020-04-10,AMD
3.0714381709940484,2.4118038058841895,1.4019812171044674,2.31367596064076,1.781084794500012,0.05077611378692073,2.328769404708976,-1.673184684551739,3.0652882362324414,-0.1403805995131725,0.865409518890703,3.4782416660122686,3.1508551867338546,1.549398015785652,-0.3870760584264995,0.7789305978550098,0.1762433112455807,-0.033494500529658265,1.0070160720934191,0.5008482896952919,2020-04-17,AMD
1.8386016664987468,1.8857827506059421,1.1379629945745227,1.566393385059662,1.3080713125650636,0.13508942093162904,2.942879042429008,2.299916911787101,-1.6847149506085255,-0.281940849973903,0.8024397928649953,1.538732949227272,3.0250093358111183,1.759665150345083,-0.3870760584264995,0.7789305978550098,0.27593334860540225,0.013879024709148844,1.0569249475594222,0.468320134934675,2020-04-24,AMD
-1.234438214658128,0.22554760686806966,-0.12427502490138204,-0.33898621195780937,-0.2395196294423976,0.0914751682163573,-0.2639941849859457,2.908727198084742,2.3387252734875057,-0.5628977847430081,-0.14211010104543426,1.2347093532008884,3.2887094635092002,2.5894791334074556,-0.3870760584264995,0.7789305978550098,-0.1092193644801028,0.011365647019189682,0.8253005367636979,0.5347894747549659,2020-05-01,AMD
-0.44872580055154243,0.7506949982738609,0.5759714519892161,0.4577082028161595,0.41649400310411044,0.10246639469594884,-2.157806012950261,-0.2704728792031047,2.9552490988511817,-0.26210174541425424,0.35415310870572286,0.6102494671965796,3.14296441885606,2.219656887047213,-0.3870760584264995,0.7789305978550098,-0.06171755824177782,0.018005616781478696,0.8728357464030438,0.40717143696560565,2020-05-08,AMD
0.1367853867475566,0.5183732506149623,0.7615070817005226,0.5238387585860834,0.4944362151731179,0.11463495525325415,1.0702882316590272,-2.147942390115494,-0.26423098773813797,-0.33432032567655057,0.5055812874606957,-0.6241563214560536,3.1131690756811228,2.167468414180375,0.3293803458261522,-0.05921386952681834,0.004646370676907646,0.03767145086668708,0.8596562830322041,0.3913263232203168,2020-05-15,AMD
0.5873380886653856,0.47774517039039616,0.7757927959747584,0.5616682171821965,0.5489352523545972,0.1261981929682162,0.21360497985649482,1.052295581320335,-2.165487768254301,-0.5486856791079814,0.6510116141100228,-0.41156786928646166,2.5951535679068,1.9557653058716684,0.40651561728135094,-0.9308713123844933,-0.007795428523673003,-0.02742236985746356,0.6973503140265709,0.36986569994877416,2020-05-22,AMD
-0.27402727001165916,-0.17824160609225745,0.4137992799565946,0.06483805056596866,0.14003974684836526,0.10291278320775984,0.19385755858741158,0.20300492740282086,1.075296759586475,-0.5153771240084711,0.5203819729391901,0.4289267601257585,2.577464401387502,2.1005146462479574,0.1221676487146857,-0.7397302967836065,-0.35462347108608644,-0.022154121174310787,0.6999221567441588,0.36056957044195004,2020-05-29,AMD
-0.5185498787371341,-0.47224343721853407,0.12044472339768128,-0.16554482669719778,-0.06876957336072623,0.0685249666456311,-0.5788821618256029,0.1834279130424769,0.2152457148134614,-0.10268869180595853,0.41236202186939497,-0.2698187224202624,2.3177500818081884,1.692179297603258,-0.015365993023752664,-1.171554458667568,0.04948935431902804,0.0022168685066641827,0.5544360695458117,0.4263034645165157,2020-06-05,AMD
-0.31151793113648363,-0.29354896596644087,-0.03201607379314324,-0.09552129939017501,-0.029598923851922036,0.044964372402257466,-0.3651003285713024,-0.5826435854684807,0.19542066248716392,-0.24298530121358913,0.43110546967249763,-0.3675021348965033,1.9782230979848319,1.7220560608192126,0.01797929073601189,-0.101719638031327,-0.027637257215070408,-0.001997658831021229,0.7173342307115832,1.4555081577702564,2020-06-12,AMD
0.03874469686246139,-0.06985088676341548,-0.018407468731479856,0.03212176748938125,0.06651846752099504,0.03417178374544057,0.006434264895265248,-0.37070654505336065,-0.5803568521081727,0.14269756630817718,0.5418813918756072,-0.4033885293749833,1.3741461882423491,1.3939174903151375,0.07610979332804378,-0.9903465191327286,0.06220866248360578,-0.00821340871245453,0.4672509787473627,1.1438531940202021,2020-06-19,AMD
-1.1434216938841202,-1.0251243158078598,-0.8953563789681593,-0.969114640630814,-0.7952607677026073,-0.041518692639775076,0.11696544971197438,-0.0023780442051475506,-0.3657345997681301,0.15580735109377208,-0.2330285695116298,-0.8536792125973899,1.3228443408565649,1.6651964669630919,-0.59035203880371,-0.8435472866591929,0.14753786798235086,-0.0020166698480550468,0.49113487113971066,1.0743041972383105,2020-06-26,AMD
-0.24461671237070168,-0.48652201560437053,-0.5432811171243193,-0.3004852097094454,-0.28271624589853656,-0.05714115962395749,-1.507075373532523,0.10719933113602287,0.0072605703929562275,-0.1129259615163116,-0.03409407629057359,-0.37966518555623624,0.9020650309407083,1.2807056158407568,-0.20017239908817003,-1.8149507208860343,-0.19617891716565053,-0.027668323240214367,0.18385784688541965,1.1019946372290133,2020-07-03,AMD
0.8375409256296151,0.2779241670443879,0.11420783730592654,0.5051915962891872,0.3960101967190746,-0.014211379859522135,0.6787800812720203,-1.5028271166320784,0.1182262753738701,0.4589611358529841,0.5606094050010367,0.1321052174589944,0.0640566178572507,0.9998141849714532,0.34021786504876766,-0.8905740460565851,0.24794674539407982,-0.03985696459170447,-0.238483589172215,0.23978705446064486,2020-07-10,AMD
0.45239642090723875,0.08914422576860975,-0.021362658242755538,0.144275947498268,0.12156268546358037,-0.00455862062121785,1.0933552814430518,0.6641658818583678,-1.5121989767208344,0.03238955525358555,0.024260722331119776,-0.12508816205298687,0.07113502185283989,0.9849143446958009,0.1373051309758739,-1.0480821516951555,-0.1361683375732338,0.028669823544028684,-0.27489971126793683,0.118440145194473,2020-07-17,AMD
3.5991729035879114,2.8231042580040766,2.231220157529412,3.0421675573683133,2.668086033900606,0.22099598640354343,-0.40165034349991546,1.0751635780435131,0.682249512463323,0.3936236567708653,1.1809953994981066,3.097865151138933,1.5087556145673877,0.4235440878032685,1.6614823709451774,1.9789756664606475,0.007189875844453802,-0.07800380990997546,-3.9357942651681848,-2.384425716585793,2020-07-24,AMD
3.7644671242369703,3.709195988662461,3.1702250097548674,3.6794432623351945,3.4506222669307998,0.47086137316574317,4.588518902890895,-0.4069411580379178,1.0984544905504443,0.7645357890344114,1.096568000105237,3.9172055175544287,1.6597432534723762,0.25702580035534905,1.7813679739091155,1.4677400452694966,0.15269046128602848,-0.16909276663156236,-3.7858660462411655,-2.189288411589265,2020-07-31,AMD
3.4153026746756527,4.148119185665215,3.818149422599697,3.8971118988876663,3.868515102810791,0.7127298595639333,1.9627100890926674,4.540166297966385,-0.40242830010566016,1.5588087147145155,1.0537715113319015,4.257232993798655,1.7358347115465063,0.042818144138911364,1.756739255933633,0.5293872141460498,0.7469125119380519,-0.5688562844200872,-3.8048977481320727,-2.1935927166513878,2020-08-07,AMD
0.5923456839016189,2.627956817882576,2.7659119859196335,2.219086482767056,2.521737317752513,0.761149916237251,1.6032305120226098,1.9370164408391368,4.607358298292612,1.1385384243055408,0.7454058406981393,3.8975515093050492,1.88663053477575,0.3196583287950556,1.1470255052704939,0.11865312096305851,0.5258171725571241,-0.18555281725237988,-3.5271248870216785,-1.8269669187285138,2020-08-14,AMD
0.29838959116602326,2.155220911300217,2.6469081096107994,1.999202079120789,2.3609177186180657,0.780979631590419,-0.8864334011023007,1.5806389297375267,1.9712269055874998,1.1759272858979881,0.9634332033566139,1.5521352966858462,1.788635272499068,0.2315837011717519,1.0668022958260461,-1.2710513689403289,0.5052945659117992,0.2766263640577425,-3.554912055642937,-1.896024777116675,2020-08-21,AMD
0.21961269867927977,1.6207785547640141,2.3861200769138544,1.7084385645611708,2.1151697189918095,0.7678289438004745,0.42853549065743096,-0.8875408652610544,1.610334142500159,1.1942755246603163,1.079287480545071,0.6576655517905079,1.7231978079259953,0.2358855861680196,0.9447230140030332,-0.9601364099441994,0.5397389547113662,0.05358445371194255,-3.532651050868671,-1.893823889243046,2020-08-28,AMD
-0.44096398769480033,0.4625113812986686,1.459621141867968,0.6964882052958927,1.1989951014067108,0.6476377572611165,0.24566442104051753,0.4160807330531313,-0.8891171367345017,1.005175894184096,0.36235425274274674,-0.5464140996885565,1.8664034022420948,0.6890594293543139,0.595083536879089,0.6372830116154122,0.30551712676860326,-0.009643079732710332,-3.0440960850688183,-1.3643360504952333,2020-09-04,AMD
-1.5000500156963157,-0.8383875614964602,0.38228571085897,-0.39385682027117097,0.16935438917790208,0.4303697785229424,-0.8781295301803739,0.23478771726140538,0.43102116038100385,0.6247569542168142,-0.05509361642476403,-0.7860981425674228,2.119263402455052,1.1348761040016662,0.2000335372313893,-0.8922440549840693,-0.00846039201612261,-0.007197888580741515,-2.1609573057502063,-0.5389150841551158,2020-09-11,AMD
-1.3388409530330463,-1.152679987100106,-0.10177628109722985,-0.5841423010241246,-0.10106696846244814,0.2318047901342956,-1.3801362327804572,-0.8793086511369997,0.24743118806409672,0.5157176311481501,-0.15890300574916208,-1.1772918081433368,1.8926713751868274,1.1922532701447257,0.05773087078381815,-0.44464235694719983,-0.407108824469238,-0.03576306794834201,-2.301468014687639,-0.7716103209015213,2020-09-18,AMD
-0.1130238656593851,-0.6887450679179443,0.019665765649854373,-0.02307014619404008,0.2947669277259193,0.1290043439071992,-0.46382074951917673,-1.3769833749338347,-0.8807806216374263,0.588703448036272,0.07153955999249251,-1.0171185081026373,1.8918361539971587,1.0784226577770077,0.1678311947051384,-0.2811504056468733,-0.06586900493713808,-0.024329336615254656,-2.2114217242084773,-0.5394069541662521,2020-09-25,AMD
0.8383032902046401,-0.06233399191358481,0.20903644955107864,0.49646154407128407,0.6993801353630786,0.10136682346749615,0.6256413044611954,-0.46857507544125043,-1.384760812852577,0.9715221340457695,0.3468933037670146,-0.2773788478765658,1.8712659317953702,0.9633647662984338,0.2993941303556635,-0.23410365775512193,0.2720758657606744,0.014415285684300849,-2.2721017306279756,-0.432741484253787,2020-10-02,AMD
0.721127542388282,0.10056434837172659,0.066370509441752,0.5174719886449711,0.7039316844572296,0.08188837317702799,0.7366749707716245,0.6114856568030927,-0.46484311040844517,0.949359616146129,0.371427252428765,0.5156397748426016,1.8154712060144174,0.970909625751689,0.29076409489045757,-0.12037873479125259,0.530421963256911,0.07648411979139605,-2.6983536942506223,-1.011261147437387,2020-10-09,AMD
0.2224256954271515,0.12375774261089187,-0.0690953838118957,0.3493514293091605,0.5459573444255288,0.04797886235228356,0.15761101689038806,0.7215611775620532,0.6289018365073042,0.8612519803607873,0.37300821748817015,0.7020577116375215,0.163164031237498,0.8967475452296473,0.2200645175682945,-1.0074977349736327,0.23810932509907873,0.2367682014518879,0.06978284425273247,0.38423580575968436,2020-10-16,AMD
-0.2988901489351879,0.009412973751540828,-0.26077782093826574,0.032427152865117256,0.25044353303563743,-0.014620843376304156,-0.1145637058618435,0.14749415452047737,0.7403719983370518,0.8333535653448519,0.21129208909457056,0.17976356968421245,-0.2867258847275494,0.9530395736469257,0.08577606495668293,-0.997168251035408,0.1978829619143471,0.07288569784950746,-0.03503666816239431,-0.09293450700756148,2020-10-23,AMD
-1.5178851736746246,-0.8894806427506753,-0.9718339071599148,-1.034618408436385,-0.7071698022129853,-0.18277765398232587,-0.3929026002845177,-0.12233188419300356,0.15903162839511034,-0.1945491547567391,-1.0863595026083224,-0.9477769528891372,-0.44419844869214914,1.1274820171036923,-0.37197724046630076,1.373481536302603,-0.4176624487863078,-0.0015810980530491536,0.682165670442537,-0.23477070976769965,2020-10-30,AMD
0.8602139309513481,0.5518681316402565,0.2623887218454888,0.7181620047196748,0.7255870862732973,-0.12062319842195406,-1.6015499871826877,-0.3982689019385069,-0.1142130675544482,-0.06793371117821363,-0.1164299499028426,0.03608203226065545,0.36189716966856206,0.6752092887952097,0.23329415613381788,-0.36518271681954306,-0.5648211987169566,-0.0003738645634941048,1.1227929243030268,0.12657004495565405,2020-11-06,AMD
-0.0996909808998213,-0.25023038177760465,-0.2501984745836432,-0.1576341721180485,-0.009295746590966497,-0.16802669245681986,2.413923922645036,-1.5964864781717476,-0.3936461677644724,-0.7449107391279394,-0.8486392310224686,-0.43718323662929426,0.44220180172330376,0.8313690208953938,-0.1202392722834611,-0.534211850951228,-0.6939485937481702,-0.02091442188485736,1.0863000256937936,0.22512973533137148,2020-11-13,AMD
0.5054906555478731,0.10622028156511035,0.1475106640365199,0.28962844540516586,0.3501166593867652,-0.15329700690835488,-1.0668818578033985,2.384336603744167,-1.607044988946926,-0.34183807116019965,-0.3204610885711979,0.029512634563719043,0.48270240945742815,0.5998739342602002,0.0889986971100541,-1.1687254990141687,-0.24863009350491833,-0.0036405998528876585,1.0183564767581998,0.32691180106409157,2020-11-20,AMD
0.3840095505476721,0.38116009718439187,0.39997359839848096,0.5300329716724648,0.561233204930324,-0.11113830168235876,0.583107304740152,-1.0664321736502684,2.424214550841713,-0.3396083988537096,0.09912030060660507,1.1205903030575468,0.43399458473488783,0.48813624135516903,0.31529476473982304,-1.5433566967081354,-0.27871177820659376,0.04150584737024035,0.992197284113191,0.295859557864429,2020-11-27,AMD
1.4518634421896541,1.1696799338996229,1.0224407071949577,1.2972662113049342,1.249289981496872,0.018410598990922285,0.415051465826502,0.569318696773461,-1.0702749723603462,-0.08179377274481435,0.9177757960356928,0.5719106044454518,0.34417594732025836,0.37809983530461133,1.3405824368142583,-0.01711198046360612,-0.20550954514566833,0.03465921633376344,0.7898204774875466,0.3428497683909159,2020-12-04,AMD
0.3260885222216855,0.6553086008894422,0.5601997660374077,0.6034544102879307,0.7008543273604472,0.04054436105548796,1.2910086688461888,0.4027130662497895,0.5862006271379275,-0.008220814343888667,0.5608729446170089,0.8372911435016631,0.3653690927263432,0.13436366138206896,0.9222268997487776,-0.9554982696421779,-0.041332767505709474,0.04802151597680155,0.7904651035097602,0.3705442742484811,2020-12-11,AMD
0.6177675988458033,0.9929854506861848,0.8625274459736998,0.9724070256399031,1.0328895685143658,0.1061252178042771,-0.5894145491322523,1.2711113502024993,0.41748412715526406,0.5711047568797616,0.978543890355255,0.9048649401204878,0.3745173472654219,-0.038594818901739505,1.2299691760239966,-0.3771622105469773,0.36421383479858815,0.04291958526283006,0.8089520794946716,0.36917021323927524,2020-12-18,AMD
-0.4923168340326173,0.11311198027769216,0.2916751824443518,0.1429356600710788,0.3340312891742227,0.053891506801146634,0.7127727492794965,-0.5930850853859305,1.2968848928973045,0.3701636961779404,0.40558887232132135,0.20610193800870488,0.45833201096409903,0.048193574560066135,0.5492358956548478,-1.5521552956422606,0.47160363162082936,0.020869823596875912,0.8054184755316026,0.43911662632898024,2020-12-25,AMD
-0.3928717903178271,-0.003200659846925956,0.19484943197492188,0.039347662913618894,0.2190101145370581,-0.0020277916612928353,-0.9046940284895009,0.6978652160985626,-0.5909306443329865,0.23905580700375811,0.3916485757191469,-0.47074269100194877,0.46229760579151635,0.018861482352690116,0.4337238672224983,-1.6441296908806513,0.1541649320920607,-0.0013141492306768675,0.9256139069190409,0.6274527673408448,2021-01-01,AMD
0.05488399746310098,0.15666079346825412,0.40221871927400216,0.3485122977722015,0.4619278739861439,-0.007216161836950202,-0.14949508297063868,-0.9056439157665801,0.7163758124381835,0.20185260101209232,0.7917415760179207,0.023163832701410418,0.4729988077659503,-0.08213745994881826,0.6598236280234769,-0.14432832301876827,0.1444534648656374,0.02060945696528114,0.9359840808236708,0.6380311647018664,2021-01-08,AMD
-0.8868655229565018,-0.7556448570704453,-0.3623888735088687,-0.6257412743770668,-0.38820307178562313,-0.1367859764146248,0.4361507267570202,-0.1569618271089487,-0.907449550295205,-0.27144105866495755,-0.19513080685025697,-0.9546973312987528,0.6616734761516422,0.22627944401469538,-0.13163627765702016,0.6336913406477906,-0.4257226203187107,-0.005627430729851995,0.9588724979243648,0.79423111233255,2021-01-15,AMD
0.03615198526231053,-0.237702020583373,-0.022963522017206577,0.06087235654736486,0.14711862324435737,-0.15188114026373092,-1.3478087677877526,0.423630254808282,-0.1492817668835958,-0.07103184186782353,0.4120100896652975,-0.16218502820332228,0.39464108777475254,0.21886851008488042,0.3347921234336106,-0.2897874625917666,-0.02391522512328162,0.01049900155746557,0.8620522054409259,0.9018633468712464,2021-01-22,AMD
-1.1773014880511605,-1.0551215266385787,-0.7970239807611873,-0.9594546296344811,-0.7421411584507762,-0.29307516711167664,0.8091880171118766,-1.3449348741310219,0.4386663334947122,-0.37780613049872136,-0.5358188625144091,-0.8311680977854838,0.02174444579919571,0.5860375111090778,-0.5651024696495063,0.8730894662149062,-0.14983557500268382,0.0002407311634261629,0.6874599439258289,1.3592650133133215,2021-01-29,AMD
-0.33121225994705633,-0.6915105039780173,-0.6085011662900366,-0.5029131525526227,-0.41613279805129605,-0.34571056363466107,-1.523326345802559,0.793448485285514,-1.3523062621381345,0.05996532575992214,-0.23622515628175078,-0.8698229299336332,-0.09347221970846188,0.3373104511413036,-0.3510117465293138,-0.8074212340869388,0.07202997583922878,-0.0008534876932172715,0.28814771849376897,0.4933779071033622,2021-02-05,AMD
0.6422040935521395,0.13682834889745202,-0.059338481853896174,0.33167708485672,0.27060883307647393,-0.2780570881865377,0.3474495845601124,-1.5189378539868406,0.8131701079456929,-0.13407912850715423,0.412241550150819,0.29352020895537023,0.012038823210479287,-0.0064931786946038315,0.37536553592974653,-0.3034199230485632,0.05066997417960372,0.026346827960075408,0.39153612009697814,0.741645167386573,2021-02-12,AMD
-0.09124726419818686,-0.392137870497124,-0.5286568597161801,-0.35406102215942614,-0.29664350493421565,-0.30899622385646647,1.0779048465919205,0.33569454356245654,-1.5285138348087142,-0.11871890673668914,-0.4719973417381854,-0.5561923394556697,0.09949968527082799,0.041144618384524344,-0.26769764491826853,-1.2531788277194102,-0.3149253835153038,0.005986784095422876,0.47096577323815275,0.829904596341425,2021-02-19,AMD
-1.14121805148531,-0.9643754762950184,-0.9910534726973919,-1.0156045803735756,-0.8817787326933476,-0.41452970371201614,-0.9378890714686505,1.0598464700103893,0.34961648939131107,-0.5482151205345958,-1.235563256175195,-0.36993565966490455,-0.049404013366824026,0.33562681427021407,-1.0242162864803204,0.2645043690955221,-0.7334726288128588,0.009239781791369812,0.5971684869483666,0.22880416945392149,2021-02-26,AMD
-1.9887806941787207,-1.5381911801666301,-1.5330293719797088,-1.6900945369377398,-1.5039340295092762,-0.5761621187417053,-1.1533446800043536,-0.9385525079437508,1.0829433169539564,-0.9532130556211668,-1.527931445264668,-1.1838920020244548,0.0989880084412485,0.8152809423547717,-1.7971028303878425,0.2239807095549092,-1.0920674503624095,-0.013712379435955152,0.5913422863937686,0.3668075278524405,2021-03-05,AMD
-0.7225882050001429,-1.0666917070276207,-1.1331694484791917,-1.0328476472898591,-1.0317160505670713,-0.6182186651926348,-1.4116265614746946,-1.1521488800900124,-0.9407750896184408,-1.2043892932908316,-1.15378394308871,-1.4357689102286704,0.03747271255140128,0.6526560625621162,-1.4293420599922442,0.07435618647659266,-1.6385325775549067,-0.009379282012493216,0.5739436264230771,0.31869981541814724,2021-03-12,AMD
-0.5860306322937034,-1.1224097902655086,-1.2467887246659404,-1.1538061963365134,-1.1671585340901232,-0.6588411244244347,0.4529124416814929,-1.4082019633590594,-1.157077697184825,-1.1884627228533542,-1.4186257624864251,-1.2772379151835465,0.003667828217604869,0.7724111440899728,-1.819551637842563,0.17913671898070116,-1.2160334561134458,-0.016008986554221505,0.639838586197403,0.310022348218726,2021-03-19,AMD
-0.5645213952164241,-1.2237023121446926,-1.3115253488438376,-1.2058279231929308,-1.246131724220637,-0.6892674243482281,-0.5738273863854053,0.44024732745331335,-1.4163749363185594,-1.5381086445720615,-1.6382168073559784,-0.9863289060116922,0.0020169872713774006,0.8443182139468772,-1.874035781070362,0.19424388100700557,-1.698980088976264,-0.02095571911322519,0.5905075262053148,0.28708405025429207,2021-03-26,AMD
0.18268463102852836,-0.5646055770539139,-0.7722085921665048,-0.4618411710425238,-0.6563908076312265,-0.6193441414544322,-0.5072275651226427,-0.5776324293264892,0.4554939420684153,-1.1233293517026401,-1.1484613976487643,0.02978793919827552,0.07247896115818014,0.7191276404057929,-1.3699203886821458,-0.6665058704178589,-1.3969645159618873,0.003948646145595958,0.6333432404061616,0.3368135390396015,2021-04-02,AMD
0.4835260113632847,-0.11238835047337374,-0.5290686470770266,-0.17306940399975926,-0.3990521703496086,-0.5231737907894242,0.7299302181595407,-0.5116073195417129,-0.5752822053361157,-1.0136461587022605,-0.926207049328433,-0.07145831435280678,-0.04417828833148885,0.6434837022431413,-1.1246520106424702,-0.4648863016661819,-1.0881336273391173,0.0017160674430323293,0.5644588587073855,0.11488277596503027,2021-04-09,AMD
0.1436764126626939,-0.06224460571116773,-0.49889071022963594,-0.28010890717056486,-0.4603232810745354,-0.45343346573488913,0.24264720591044606,0.7148746276098091,-0.5084205668738081,-1.2247909404823367,-1.0073895747205404,0.08508988183932287,-0.19762538615262706,0.6398928975836508,-1.159174252787392,0.6955005320686543,-1.5831043364890394,-0.003068254995888889,0.42097917433764753,0.02733515194457882,2021-04-16,AMD
-0.03411448362706902,0.06447841693332755,-0.3998063681640325,-0.18608245199104034,-0.3623713202626131,-0.38216439951603237,-0.26309456440679946,0.2317965386601703,0.7336007307553024,-0.8772491058533483,-0.7503331400886247,0.3464489795105806,-0.43952846867603734,0.41980230553401804,-1.0181314044191379,-0.07553090343635763,-1.102097182088916,0.04284061063714973,0.07878008053426178,-0.2584598108869008,2021-04-23,AMD
-0.3359159126249796,-0.16853899106253564,-0.4729646434303973,-0.3673421392079213,-0.49475864776547307,-0.3428133672578817,0.004489490317263835,-0.2695810217419799,0.24440211165871248,-1.282714005151453,-0.9131948733388945,-0.19820328725480893,-0.48140172889342675,0.4343271655160349,-1.1061517056298034,1.8259614421660948,-0.9790757049285697,-0.010770548910285055,0.18173985081501037,0.13252148305037745,2021-04-30,AMD
-0.775116277409426,-0.5528779606260548,-0.6623110148196784,-0.7560629022403629,-0.8160965217757781,-0.35341111593494934,-0.3789097225770702,-0.004306036691982922,-0.2633278305708115,-1.0438699033798922,-1.2897919079266038,-0.6705095394900004,-0.7777457259613261,0.3812943783842919,-1.4102578351396016,0.520882733142761,-0.9091417588243598,-0.03821309844317244,0.46479963014678993,-0.09383353166388968,2021-05-07,AMD
-1.3617385391748205,-1.1154404796549569,-1.028633302676662,-1.2839552811272006,-1.2755827996951798,-0.41818670675625025,-0.752415250645557,-0.3843967733153069,0.005308150517653644,-1.474685697446872,-1.7857808223560945,-1.0560735350914963,-0.7399211111275119,0.600958475740161,-1.8218857635413424,0.16497510211084576,-0.9321025845056998,-0.05466460793880133,0.5109736798125931,-0.06833425247381465,2021-05-14,AMD
-0.38878264121337547,-0.7160083780414751,-0.6430820631279978,-0.6724903393415791,-0.8059535966979714,-0.39642590797081473,-1.0981695830639866,-0.7546792009309344,-0.3795982812599219,-1.8041279809379847,-1.377289060959398,-0.8429866483821944,-0.7430476020103379,0.4842803170231689,-1.3838028877736788,0.22299754351828424,-0.9400313168096193,-0.03617987343378794,0.17447225137844705,0.43854740842131607,2021-05-21,AMD
0.43790584041157876,-0.2509514633823233,-0.3026135716551376,-0.1411834961885172,-0.36065597628694535,-0.3151259756054855,0.4957359002094329,-1.0974499069726438,-0.7545721341605076,-1.2888534126057627,-0.5781539403291949,-0.41931397101457774,-0.9403473105534197,0.29719922764761547,-0.9311372180747878,-0.4661219773201423,-0.6068578797900097,0.0026425919343890402,0.10120818173326668,0.15032428749632032,2021-05-28,AMD
0.6336065037858387,0.0022713322592416573,-0.12469805951829835,0.05730574892344322,-0.1628027475550821,-0.22428057552553282,0.5521581267427947,0.4827012484558299,-1.101685695918115,-0.796400912518039,-0.2748851848928586,0.050828188757074705,-0.9848410787567649,0.020067865912835277,-0.6604564940047845,-1.18090855899931,-0.2256278543499573,0.09792831877475044,-0.07917223771149498,0.05033233311185123,2021-06-04,AMD
0.14138886995370148,-0.022769745752231403,-0.1809563505932792,-0.053424876958460044,-0.21972590370107012,-0.1621023933256591,0.20895171669690568,0.5386365892800793,0.49848574816507296,-0.2498851937770012,-0.3294744246740066,0.5290547135411466,-1.0326071904921807,-0.2682212994242511,-0.628801652830181,-1.1082955808343267,-0.12252494816218402,1.5374177576892984,-0.2938441799343358,-0.1366923402195581,2021-06-11,AMD
0.4844602965520891,0.45273786424208273,0.1491440621992154,0.39166396661660535,0.18504030565024807,-0.05911341187374032,-0.18965209060791371,0.19839181876162537,0.5551297817403001,-0.1756936953808821,0.34580480619999027,0.5885570909269596,-0.9907176414768747,-0.396975016157203,-0.033798548014215696,0.23947332607196095,0.34107239229272507,0.1129015502417061,-0.4206312385366756,-0.15140616105232435,2021-06-18,AMD
0.3763745330266724,0.519948543900402,0.21829764568399657,0.382997972897556,0.2262866658076212,0.02351367967983127,0.6130746935781158,-0.19677230689114616,0.21057415874698318,0.14956092170157048,0.5419188481828989,0.34704374629216,-1.1124343863373942,-0.4864855557265356,0.17640036838166373,-0.5162159473404344,0.31323852616014397,0.06638299576445292,-0.7622272089693227,-0.4828117177787244,2021-06-25,AMD
1.6628542391880363,1.556662169680886,1.1737763885325625,1.503151891239948,1.2372553923695415,0.22773233724966707,0.07743433872234934,0.599027487284824,-0.18959663973855986,0.8977070452355582,1.1811981383039456,1.144683525159326,-0.5211309855619596,-0.605169608068454,1.7424567790590981,0.7585316731711821,0.8090636809854491,0.06667827227178233,-0.16490954478538872,1.3390692450657025,2021-07-02,AMD
0.25437261720467785,0.6648372279557221,0.6263493970088893,0.5646151976269942,0.5265358716476485,0.2762880097532641,1.788082267125803,0.06800934693611786,0.6162858237668803,0.27223911669046114,0.5975055487804216,0.7714656195197986,-0.40321888008209567,-0.47899120926594585,1.0208909168877398,-0.5059160891237189,0.4263033137688983,0.07884715100426518,-0.2453900418817492,1.5560484525576879,2021-07-09,AMD
-0.9097193875001846,-0.22154330512431963,0.003616091296197204,-0.31232746005282624,-0.20377564244608362,0.20325587358272396,-0.8554757332209892,1.7638955390374809,0.0785397596912899,-0.30431741420098973,-0.1398844670024052,-0.12759380975135284,-0.21711036264644432,-0.27367928393936936,0.14639332507747752,-0.7045875394169215,0.06856145097693052,0.017615747750012605,0.03345307885426803,2.1925645564030476,2021-07-16,AMD
0.09669775230479266,0.44709439405216406,0.6264130683289167,0.5566009591174818,0.5197555197884914,0.2502948378405312,-1.1265446892345228,-0.8568503411456831,1.7959125867735999,0.12038772162885977,0.7814850151888032,0.408722104188043,-0.046575410175688864,-0.3771106537440325,0.9560467810686722,-0.6553507243470303,0.5333636191675547,0.014962323547711886,0.24251415702889487,2.367314962726,2021-07-23,AMD
2.4118308865248044,1.914757301100827,1.9330680755205116,2.1798282069900323,1.972640118169492,0.5027289884112136,1.1882860273268234,-1.1255801551406195,-0.8580377680774907,0.6499241067266754,1.1893169826382266,0.8009440820139728,0.5334983736484498,-0.3714902790764187,1.9038959938647462,4.583670365213998,0.8055715732533013,0.029734368280360534,-2.1937161012483335,0.1334175539212384,2021-07-30,AMD
2.1114351726702925,1.8729753077109648,1.963192955500781,2.047268421698675,1.9871353509191083,0.6960462986569101,2.6255909176668952,1.1692751357036713,-1.1301723502984435,0.8409168273388316,0.42955748090245116,1.5842896426411484,0.27371338401986023,-0.20836781317141578,1.6014843293714924,7.0244250433838165,1.1183221786247466,0.10245514010819139,-3.3355326021964684,-1.3222472493930704,2021-08-06,AMD
0.9108716726800317,1.4477987663886749,1.6452392938203313,1.5292497760953014,1.6242301754535402,0.7808526148282201,0.5377978542092382,2.594177055552494,1.1937584281570577,1.0612113118246083,0.4592758361425232,2.243865664322938,0.30622889996372477,-0.16360493390998387,1.244901273201327,2.7680073079865237,0.6942383954570801,0.17872243872582738,-3.1761079623383632,-1.0464690071035916,2021-08-13,AMD
-0.752703170614138,0.3847205803659733,0.7766375590878161,0.4115903686112682,0.6797123244394961,0.6826622223954943,-0.05753054513816631,0.5244002361999923,2.6367136510978204,0.9338787332433587,0.054482072564165436,0.9255633227823771,0.5454364642912115,0.05299761835335105,0.6533556124113354,1.0096423593351094,0.46901481949137147,0.11155732714649495,-2.706569483116237,-0.09175952899611092,2021-08-20,AMD
0.22774728097758717,0.9351629021164914,1.1798896302610475,1.0366911759273951,1.2043706690534999,0.6900360931139377,-1.0949687195825448,-0.06579088112789462,0.5407130561071984,1.0294172624989677,0.4461924274868452,0.1719423585637674,0.5946149725603243,-0.08573613156331833,0.900746584019093,0.040924147266313736,0.533334797912496,0.06255393922538625,-2.50098451919594,0.19368999301292014,2021-08-27,AMD
-0.028185707202924116,0.451927684057395,0.7618813719337895,0.5644910217543374,0.7999384477499987,0.6204522272103076,1.036677908415272,-1.0942766647812803,-0.05695569808457995,0.8591300488220046,0.2907307836284299,-0.27011046513074793,0.6193502772574137,-0.01334286366612576,0.6539088713587251,-0.5534807001883421,0.5836476080533097,0.013995113450612119,-2.495020140096908,0.24374613518307298,2021-09-03,AMD
-0.6386672129509712,-0.38807143394642823,0.11880137922960746,-0.15909831785362327,0.14749499782635475,0.4492134762548484,-0.37006133799403707,1.0189752924667743,-1.0984722492030106,0.513024108203548,-0.07537472005401964,-0.6763064383478226,0.7587233471262497,0.16900844846810117,0.28208354104470834,-1.6079846097170685,0.38546794777803856,-0.001875816363578082,-1.9391610335984186,0.9956985882881515,2021-09-10,AMD
-0.843949583196816,-0.7037358769956301,-0.15963477475127608,-0.3317446104835294,-0.056731776850883694,0.28037454807045437,-0.9063599544141004,-0.37562474431529325,1.0415543074489686,0.45035145188062603,-0.17776010737438785,-0.3191330754946936,0.7898439600685058,0.2340120911531438,0.13530945067819003,-0.7979383860144474,0.2955978209529462,0.0008147878716365218,-1.679262810148592,1.4592702338125167,2021-09-17,AMD
-0.24290813022367308,-0.47959614508386395,-0.066825449837686,-0.09529011656497348,0.09444143250310486,0.17667855348959147,-0.35671552917648164,-0.9072954658755665,-0.37071511190978124,0.4080571114278414,-0.13328682233523165,-0.6926246459500011,0.5061730791838014,0.19460006419126166,0.18048492596570317,-1.0759983380980493,0.033215635465291535,-0.0009319349600851282,-2.374869191401743,0.3355942290514343,2021-09-24,AMD
-0.5214565311733205,-0.7565973785826624,-0.47421967293871076,-0.5149690203710736,-0.3017166486282717,0.02838204375049345,0.2044604358457961,-0.3623941008144764,-0.9091220253073541,0.18761221112136847,-0.5032453203397961,-0.8465880470099311,0.4775887450591685,0.3760173319549065,-0.08523617564951202,0.18003957049170685,-0.2874630558506866,-0.0032325223500162623,-1.8884734113109118,0.2851010533716678,2021-10-01,AMD
-0.02678562059711765,-0.37835460978835694,-0.37835026717227566,-0.1578752212788074,-0.04386368079112577,-0.03809288955784369,-0.702423278762215,0.19393929463098517,-0.3573168380521698,-0.04553877626161106,-0.2728561975709133,-0.26667441332777553,0.2993712871842556,0.2656509372117729,0.027002512749391794,-0.9452742505285655,-0.3159455276523483,0.0053103054830086,-2.058467081219514,-0.05346051236535073,2021-10-08,AMD
0.887665171324498,0.3253566992937253,0.11375762891749334,0.6151709900187707,0.603397848838776,0.026474518867608324,0.3309253490973229,-0.7051186260018751,0.20606522177379227,0.4234090352644341,0.35034227815100955,0.4353133873671638,0.2767560457815768,0.10150011322455701,0.43964191057044155,-0.7355603986845444,-0.05188412695108837,0.017673574642662584,-2.207936931896641,-0.09828835314051429,2021-10-15,AMD
1.598930409017045,1.074688362380355,0.7005710620811939,1.2466904036052684,1.1824987733028163,0.18059497602620445,1.0854890359787122,0.31931290109174054,-0.7043836338506614,0.9399389644131537,1.0300338978359715,0.898283434185751,-0.4318410006404737,0.007571709719174663,0.8470212337184555,-0.8487127406034288,0.19256772147640921,0.01759008478423015,0.0393749143749959,1.4385391445891569,2021-10-22,AMD
0.8414549361435789,0.9602638556374656,0.6538963043428077,0.9310092397335807,0.9670974964808328,0.2572371746287124,1.112193662008056,1.0673652129649058,0.33302729385848745,0.8008954676872208,0.585763588565135,1.2554346242285834,-0.46877946030537254,0.026251414015999525,0.7653735015735814,0.40546545100158743,0.30739631743159274,0.038323466815730615,-0.593261293858167,0.38935750829942206,2021-10-29,AMD
2.101095720295289,2.2424089637347335,1.8590565293747245,2.2697988315589828,2.1853539425673896,0.5498293756801435,-0.06791470460649492,1.0938393961071156,1.090557321304038,0.8530153114012071,0.8706865594032542,2.3363273624222276,0.18344306285416523,-0.19335756766305295,1.4895830500449618,0.46421765765185136,0.25250721160994655,0.03981326478742724,-0.20522909315931495,1.3903777422210162,2021-11-05,AMD
2.334326597976179,2.7514843492502243,2.4654945361239426,2.7150308707158994,2.7016722078432753,0.8828771734542532,2.2934263376099806,-0.07608543231315976,1.11736692855209,1.0190006170610109,0.7990147317022875,2.5217051321212285,0.08170999512218789,-0.37290148907893034,1.626924093419549,1.6931806115855474,0.13531512714717403,0.04383984790639776,-0.9265861712025025,0.4780890944731808,2021-11-12,AMD
1.9831539811411762,2.7313141158517755,2.6962848802543924,2.6186109924832417,2.7399071158935646,1.152587706461858,1.4022416681181724,2.264878831487528,-0.06738067975783461,1.144122527925541,1.0678439180733574,2.330184989898097,0.05017829451477513,-0.35432784771805553,1.4706588763036847,-0.32494512259468433,0.819251560905496,0.042864355319106935,-0.9941398668919795,0.36738994592988455,2021-11-19,AMD
0.644211335139699,1.9152204080495687,2.257525045911018,1.8401511290131463,2.1283290365962437,1.2264612214977586,0.7897842433703745,1.3813844838141796,2.3032432657325783,1.4799593415294743,0.8829852307047563,2.248251339895788,0.019737624595496592,-0.2343649497841882,1.1372696102962265,-0.8287926401859812,1.3472471713024985,0.02714596432175144,-0.5992866472573385,0.3461394863298163,2021-11-26,AMD
-1.0144937456883025,0.4270213302579416,1.099990705246205,0.41748847664223965,0.8757811506504273,0.9958651814800783,-0.19961869964910253,0.7742121530066772,1.408555171306292,0.7036314411633754,0.20263607129679106,0.23455231571062818,0.20699371274466766,0.22967824238268728,0.5884008146670722,0.18842371780865205,0.7292490199607672,0.012181630549821201,-0.47385416192796276,0.5943591371390664,2021-12-03,AMD
-1.4392272216812694,-0.35950556216597224,0.4334438002302948,-0.205628335148875,0.2634297545201022,0.6757207558537869,-1.3914387490471976,-0.20665291082745676,0.793690054094045,0.49800802130202915,-0.08119868753956931,-0.8047793667122219,0.3094127098538144,0.46428195492856,0.2850510996493615,-0.5255833602378666,0.2844310927357379,-0.0008959364386902762,-1.8092549737005796,-0.6590095450549478,2021-12-10,AMD
-0.9876748485147218,-0.6210495622295186,0.16022576091325388,-0.286087467445471,0.11083146260689136,0.39450134250860525,-0.8154598691981284,-1.3881883581185719,-0.19960242951054716,0.7003747463560506,-0.12278642172051624,-1.2441456713233237,0.3432495023185112,0.6921599884146177,0.1804960953181932,-0.10431431747735176,0.08233438022707695,-0.009462620930551408,-1.6831710236740138,-0.6993593844590088,2021-12-17,AMD
0.4543478343133788,-0.17748647561226635,0.49109403038741883,0.43885599076551846,0.6745551100898639,0.3090358783317013,-0.23422042448390923,-0.8171797870038316,-1.3961077615682438,0.9356190000600975,0.3133632449943014,-0.7425394538134271,0.2511508120352427,0.6921410640325136,0.432800882270409,-0.8943055722176633,0.38041529742615765,-0.00322136934774314,-1.9692006498662498,-0.8746835928938771,2021-12-24,AMD
0.14958452030263947,-0.4456380091195302,0.08448451488416048,0.09059434615541889,0.347350932438324,0.1675950416212939,0.9716945749372509,-0.24095604614590072,-0.8178645937006801,0.7851578094217816,0.1919581892419181,-0.26173977844152047,0.3284583110051895,0.8437365883525241,0.2615960266616704,0.04870093680914772,0.687845130796923,-0.0031557880642620892,-1.9440025980067608,-0.807781598270449,2021-12-31,AMD
-1.277407140801255,-1.2925267392259776,-0.8680472744869917,-1.0084215788648359,-0.6453641976687431,-0.16771213345079963,-0.4069960185909788,0.9545527212688845,-0.23434018063677486,0.3929456733461791,-0.4297895536540628,-0.6665662674888858,0.6462083095119998,1.393402607453772,-0.2715510930765449,0.980458965097866,0.5505068827766153,-0.005669756591341346,-1.212736639315604,-0.2812343712396059,2022-01-07,AMD
-0.5673676460842237,-0.6863801154029201,-0.6232864410451425,-0.4209894583812804,-0.2270475840725674,-0.3188566070859418,-1.6253338456488882,-0.412240703563253,0.9763155115077496,0.44080050121462605,-0.2749967941536837,-0.31006245640039043,0.5619425778879946,1.39561144861898,-0.11578963599330834,1.5404410026545752,0.09851099845318492,0.008375457362083569,-1.2949941428165959,-0.39067070092799605,2022-01-14,AMD
-2.2375890108537986,-1.9134216495909808,-1.8668148055920906,-2.0015781598247235,-1.6217078736816133,-0.7397137215667028,0.5387886836901152,-1.6200650980022857,-0.40779499011321246,-0.35648904001993664,-1.6375073513399472,-1.882808217478403,1.1783704430226862,2.2086523595935885,-0.9093267419321706,0.6427098452706237,-0.24979356260487312,-0.0026436020419769004,-0.217074757937203,0.4796140490867595,2022-01-21,AMD
-3.018043077500827,-2.78225754450614,-2.670195485311103,-2.9537883704389762,-2.530644453530281,-1.2288006468265198,-2.517220276480065,0.5253825154916257,-1.630922346511171,-0.9241919808096528,-1.8052363667235451,-2.593440314082064,0.8994779298351588,3.049820235397208,-1.4965352647750458,2.7772235316590885,-0.6660737035178504,-0.01002538566104688,-1.0921929218721202,-0.2453183169009903,2022-01-28,AMD
0.22801045617890237,-0.9167511722157383,-1.245446777128154,-0.6357128237678056,-0.739162931514057,-1.1845966698593697,-2.1953577400003765,-2.5042551512885924,0.5417077807366658,-0.46545441070029875,-0.8531469388451376,-0.8089689523855983,1.63890172714655,2.511893803906003,-0.7575380259206028,3.130391144289706,-0.4967504240064016,0.012383729481756589,-0.8111710774820915,0.4341314185880771,2022-02-04,AMD
-0.5127816771604926,-1.6399138543004936,-1.776946208179021,-1.5661323476775262,-1.5246808448453506,-1.2995725179836337,3.0252281800778347,-2.1851700711224713,-2.5263149610408164,-1.0894852610160235,-1.3934938759564448,-1.7621034000142355,1.6358508242271583,2.9431282574026914,-1.2682713808983122,2.196540935971864,-0.9898514838229175,-0.009554481434944887,-0.8724521372195396,0.45558721583556394,2022-02-11,AMD
-0.19210680675371047,-1.2187799936600952,-1.5085391956925578,-1.229368247718587,-1.2996201824211926,-1.3155449168606115,-1.6544124939152252,2.990365718291784,-2.2031871186437577,-1.4245616396130416,-1.35978692822654,-0.6199161931768893,1.6474593865055416,2.7527855667376158,-1.3023819662276095,2.6786781898974152,-1.6140804620336076,0.012591593248475998,-0.784127246682487,0.597902202927582,2022-02-18,AMD
0.35053099760820744,-0.2150155944961059,-0.8262510110717008,-0.3012215228007295,-0.5532240641140839,-1.1528644904606138,-0.025935663888432735,-1.6488928171729262,3.0379219674079203,-1.4343567319212305,-0.9848630574770505,1.0532885654229398,1.7382812716196858,2.45039167421425,-1.0181767216311393,1.6675394951332148,-1.4821363519565176,0.04899858324646541,-0.7039324567499187,0.6975581470635509,2022-02-25,AMD
-1.1456310150493596,-1.2258370459439913,-1.628106771493824,-1.5688710550972356,-1.5846835622571174,-1.2252672408605436,1.0188647587864914,-0.0344686423651161,-1.6601153087517995,-1.6316548673972586,-1.6408502607007074,-1.3247556022945701,1.928014395869417,3.0710636155606736,-1.6470105193409128,1.9452487993213858,-1.8677926840725982,0.009133273561741644,-0.04472669426222862,1.9386084304627427,2022-03-04,AMD
-1.4958697287836078,-1.265328237599263,-1.7641511568606862,-1.7323544774554118,-1.766702609392837,-1.2922104637490843,-2.019531461761634,1.001315858288826,-0.025236611046123236,-1.5272275778088065,-1.8199895495285858,-0.9387516974144411,1.9344305853926596,3.0100980843307745,-1.7413569762294066,1.1114667184047013,-1.8844750604096587,0.009661497104702722,0.036108104369997576,1.980988810204213,2022-03-11,AMD
0.1193819178642462,-0.2017330489121865,-0.8251561725681417,-0.45393290595868596,-0.7566098464900622,-1.1213971452323468,-0.8170860873139278,-2.0108610549171626,1.023671130771129,-1.1453618518569568,-1.280402487816078,-0.28338300922737997,2.053694976431107,2.587632208663401,-1.2696840143091537,1.0292099954039202,-1.4594394712883019,0.0072945007603262895,-0.11273869279508862,0.8889657801716383,2022-03-18,AMD
1.2681640848036733,0.2687316235462685,-0.14980836760229477,0.23205499388037637,-0.15037508369687644,-0.8588565157206167,1.460350782952624,-0.8187919719555904,-2.026669632187004,-0.958291078259767,-0.9149896384901377,-0.3550275356429672,2.163525654990964,2.149155194350371,-0.9340969986524014,0.8250482927446533,-1.034851917928644,0.007104522956202457,-0.018040982208982134,0.9633614071226195,2022-03-25,AMD
-0.7320442731406173,-0.7618336430867374,-0.9494854634582087,-1.0726868368965796,-1.1780630692509968,-0.8542295268836303,0.8600306907029391,1.438992156232754,-0.8194972048047016,-1.3955109506772896,-1.5905030954145678,-0.2727544575674798,2.2106470825215854,2.7491066235793937,-1.3826175344778215,1.0376392910032473,-1.3531953394087997,0.007974166567118166,-0.40668365823930197,0.7950873554973363,2022-04-01,AMD
-1.8596971574094083,-1.3938411110527666,-1.3304911634518166,-1.6807719276176356,-1.702515583991778,-0.9360717260843475,-1.8646695634950816,0.8438524209410944,1.4668927246774472,-1.4717236338151882,-2.0056968946095086,-0.5296668722395346,2.202625256081455,3.0671891968091356,-1.6242051694074096,0.27949381811919577,-1.667531185322961,0.009740754242598324,-0.3334411919237735,0.7677187944954349,2022-04-08,AMD
-2.466733901599223,-2.024404211834442,-1.8625780221275816,-2.2917087235100015,-2.2532052971571743,-1.0786710548304235,-1.3316548157860812,-1.8573355102435938,0.8642126542415856,-1.4112110671486702,-2.100891897125309,-1.8200242823055799,1.986083710902074,3.203463377278888,-1.8809684076960536,-0.7040129937862003,-1.635368736300882,-0.012465457348451621,-0.5711843002012937,0.8525985784425563,2022-04-15,AMD
-2.0600502285521958,-2.188195718330044,-2.19588446105815,-2.4760268358804867,-2.4752842702878075,-1.1977229424103666,-1.5515050510873172,-1.328920319825233,-1.8711989408673833,-1.6297148759162932,-2.096735000406921,-2.548317915316262,1.7763467076780526,3.354355541313357,-1.9265138241268103,-0.4489753252792641,-1.5932790640205994,-0.027744787010107474,-0.26687507876168565,0.8306724688389989,2022-04-22,AMD
-1.5298308540782208,-2.2132203627121947,-2.2008465036426506,-2.366575176889164,-2.458435746864166,-1.253702007274165,-1.0859185994445353,-1.546873396076039,-1.3360888057246725,-1.383349818168529,-2.007186801226541,-2.078872830368743,0.6980462920077803,3.228739544745761,-1.8582160289520129,-0.006382290984514783,-1.5915431272520628,-0.032898791592327656,-0.0004781205420658768,0.1391836841052636,2022-04-29,AMD
0.8706046005052885,-0.8999113365404632,-1.1689482606386818,-0.7160991477667772,-1.1759523620146333,-1.051046996276492,-0.6673732598336575,-1.0853046410678835,-1.556803316212155,-0.800305848320459,-1.3297009626356335,-0.7428485867813256,1.137049176287434,2.4935869266885007,-1.3312701315496387,1.9839640284751798,-1.087166472388479,-0.003952694355541738,-0.7693328021641912,-0.0310776185200127,2022-05-06,AMD
0.7071889403835911,-0.6559043616626794,-1.0544354748331914,-0.6433467379678914,-1.0732397407637362,-0.8668791930642016,1.9468120252313579,-0.6703710650649451,-1.0893865512351337,-1.4282863805523556,-1.3054751564473592,-0.062421720326024534,1.1305603864789302,2.206907481729619,-1.286495083042982,1.3067915351609904,-1.6143160276843875,-0.019632016864792337,-0.785735365169236,-0.06212092845209696,2022-05-13,AMD
0.06925700127611505,-0.4560619485614697,-1.005274788569166,-0.760529863438323,-1.1285753683592883,-0.7261126688932809,-0.17152719639506242,1.9212555665318776,-0.6691958262970613,-1.2171428117714274,-1.2960380956005668,0.2742062962671155,0.9407574833566824,2.153905180905462,-1.323477742260884,1.460837200623233,-1.0844998766964147,-0.04533743840627532,-1.0192084183471455,-0.3909652864356,2022-05-20,AMD
0.983364383368873,0.7795639905517543,-0.10266690314284954,0.4270253921864814,-0.1119698725908724,-0.4403035071405387,-0.43780041735958963,-0.17880381827434472,1.9552663432617885,-0.9045107324765204,-0.5984627200415824,1.4486205597918558,1.0059862749005355,1.7654629815690097,-0.7802131088386688,0.4376480597327099,-0.5876400823458393,0.0027045056393885753,-0.4375064077075993,-0.3605881913439904,2022-05-27,AMD
1.2069907946533547,1.208982338253843,0.2747350793219578,0.7498180088659877,0.2624163328103035,-0.15865854035452243,1.564554528768952,-0.4427792811748529,-0.17140049294642407,-1.0208155809590351,-0.2767498811540415,0.7454704196109176,1.0059961174800987,1.4355870398226558,-0.44036421935541503,-0.4508164721311646,-0.6432430039363565,-0.0060338945811350235,-0.5773166467221346,-0.38855488817241984,2022-06-03,AMD
-1.0346336247490786,-0.30371931728768103,-0.699425092397202,-0.8568353461238103,-0.9868864335003481,-0.16041521606977943,0.5846770039345722,1.5422966940987548,-0.438720487126028,-0.9885970134258343,-1.1909240478486356,-0.2825427242835784,1.0753599621024705,1.863466427730236,-1.1747637322116056,-0.4037028078692652,-0.5631341190170094,-0.0020525457250114496,-0.6260041710791111,0.0907148536130537,2022-06-10,AMD
-3.1430057391575055,-1.9213264530502439,-1.7433819647365407,-2.4128965365616937,-2.285904499189837,-0.36982888152214644,-2.0828762354526393,0.5708748505239609,1.571506116231473,-1.2197416566126795,-1.9544121241786543,-1.3656389144327763,1.3238351380319946,2.707160984557303,-1.8970644447664253,-0.3047966208335081,-0.5061905082277517,0.03584723136809646,-0.6586125306668255,0.3393192155376355,2022-06-17,AMD
-1.3012076377089787,-1.2277312371211775,-1.0117225663678522,-1.2569603272403245,-1.4238709218667864,-0.37583030533124506,-2.6569237889187893,-2.0736592059923646,0.5877764971334013,-1.35928325649114,-1.552078097680461,-1.5471264021097018,1.3924464816642408,2.1689743321490096,-1.4605920625322981,-0.9962427225979181,-0.6225346587187826,-0.002030135797978055,0.029877099162892058,0.21570633505108944,2022-06-24,AMD
-2.626608838225398,-2.6867721537180853,-2.2189918265937827,-2.878864237052349,-2.7666371058412738,-0.5778909545724912,1.0918118808178758,-2.6427531167665106,-2.0902634268354103,-1.8669890583116704,-2.0482177301750766,-2.926818802567175,1.8119848275747386,3.254840287712335,-2.076948376634805,-0.33554595042191976,-1.0614271055066016,-0.045106854427059834,-0.057963035842214475,0.4244620989677495,2022-07-01,AMD
-0.4284148292284865,-1.694619520193024,-1.5043001586327633,-1.5617238886064424,-1.7946105272023607,-0.5635174995904005,-2.9147736796883033,1.0736334959233662,-2.666567675890295,-1.422553598283476,-1.4455216411018774,-1.6751252349754218,1.926560995924703,2.5011321874119856,-1.5981366090347544,-1.022746269880101,-0.9258769116622677,-0.010617587685689064,0.08902566897986061,0.3918243639364659,2022-07-08,AMD
0.026769324054872964,-1.2597396284804252,-1.256358230579265,-1.039920721321144,-1.3848298437557118,-0.48032773159033104,1.2645427028280498,-2.898377937122725,1.0969050225091432,-1.18542851173952,-1.2650182311597014,-0.3041748922210744,1.8928753911014602,2.2758059335960126,-1.424167670691673,-0.701869979109736,-0.553691708488026,0.13483239706863615,0.021836293134264273,0.37454093213500766,2022-07-15,AMD
1.6573202956436437,-0.03739526217660564,-0.5176024411119949,0.11034720883649039,-0.418518364731704,-0.2676557513593523,0.27132532362204365,1.2448737675967816,-2.925431226081474,-0.7039075177800774,-0.6434493925686763,-0.15314115884034943,2.039880628381278,1.958117016857782,-0.9210365933645263,-0.40770293801833857,-0.21864886648022594,0.07507816694870072,0.11299723585752114,0.5062429247556405,2022-07-22,AMD
1.8127381582104207,1.0993590380278742,0.18319509640082243,0.8897506685432743,0.32334793930867145,0.004881596450715134,1.4287271861905775,0.2602271835842528,1.27031488388063,-0.3379293528980257,-0.07701213662373217,2.202337699747426,1.8579713411448764,1.652068956738029,-0.47096544667921947,-0.7526846282968566,0.1091805125126297,0.4554705041773929,0.6489963767451352,0.6434241789317525,2022-07-29,AMD
2.1361826357071902,2.0700665199688495,0.962399031634231,1.6333505066008245,1.0872825349683803,0.32574864151802757,1.1778020715774944,1.4076414497531402,0.27319296877899174,-0.030396500238687955,0.6201407829155915,2.263357834757023,1.997174541431536,1.400954340612396,0.12766551505238322,0.5062983331985134,0.5360546797194531,0.2090878175429657,0.6573624739423471,0.788057787209418,2022-08-05,AMD
0.7213496037206679,1.466615866239926,0.7292824505305928,0.9897337120742407,0.6922513328610904,0.4993243728343927,1.3710376307369347,1.1588816494119114,1.4351448092402632,-0.3587312601536614,0.48853570328398727,1.8610310160968593,1.9939796960717935,1.3215234466860182,0.19273485462543724,-0.45506297625814607,0.04063106788794843,0.07308364935759704,0.6927456346350744,0.9936395710430742,2022-08-12,AMD
-0.6532694620919445,0.62382476979501,0.2652675313296962,0.08486083833075016,0.001664107497706782,0.5118929242986768,-0.39140687538667124,1.3504497162012759,1.1832332578836895,-0.5154084282371069,0.05459294300787232,0.5204444871500576,1.869259353155436,1.3673812747045797,-0.13772334116324325,-0.9871792766670312,0.22788368565248499,0.017746468340016752,0.6611826500428152,1.1130484053285434,2022-08-19,AMD
-1.4467258990233103,-0.3289677310457122,-0.1107209090081318,-0.6009799979646008,-0.5676941854988964,0.42349116544029275,-1.0050663578628505,-0.39678608413636135,1.3772284646216424,-0.6127199966800299,-0.3695675977100885,-0.5582085285006096,1.869201610543896,1.3262188951731642,-0.5248545789543055,-1.1626065740725244,-0.26269897999587555,-0.008889093646201354,0.74644808959278,0.9703186187319262,2022-08-26,AMD
-2.6726162873522603,-1.8065530600133977,-1.18735832751484,-1.9811202584498981,-1.757205525682444,0.1694955844680377,-1.0288480355349674,-1.0051500997258824,-0.39214456287330735,-1.2009879249989508,-1.3423811441824494,-2.1326458523439205,1.9303911880911668,1.8593013501372513,-1.4439504078846221,-0.6344973892076503,-0.7751888427332279,-0.030888576362726794,0.7246278973998718,1.1463386165232394,2022-09-02,AMD
-0.7788151192766783,-1.1770662415617157,-0.643699343234686,-0.9159906076074883,-0.9576780024269207,0.10161200840781023,-2.2996431639920374,-1.028726557581117,-1.008216463342956,-1.1586212406373542,-0.8790944389345023,-1.5827150917895616,1.5568176519499712,1.5275387607626967,-0.9630484537601041,-1.1767770002512066,-1.2314269953149688,-0.015315930606843567,0.6349218534037974,0.9406608326227134,2022-09-09,AMD
-1.7694489424819317,-2.203262459989129,-1.547285331791391,-2.023468357333796,-1.9058583050657396,-0.08918512079623851,1.0444449919102847,-2.2885555823363153,-1.0320916315399804,-1.0976464936952852,-1.6081536024470222,-2.018526451243614,1.7226462925421255,1.8668655735401618,-1.6522089697043716,-0.5505928895017754,-1.1501416866518754,-0.022446486796887,0.8362886879354997,1.338269468582848,2022-09-16,AMD
-2.5799274719576157,-3.0105315371168744,-2.4609721923462233,-2.9416271250022707,-2.735405759156459,-0.34024173179756,-2.0218632675279427,1.0266753512768791,-2.3078825094663373,-0.9759724056748338,-2.0087639060601,-2.4716077260741116,1.439507808776538,2.294912615165217,-2.0640375936822757,-0.39811941933345235,-1.0808929939155292,-0.034134887093697656,0.933691228834536,1.117616518351317,2022-09-23,AMD
-2.819784230960403,-3.132349113299728,-2.86694549309573,-3.1620365890184785,-3.0205009342756597,-0.5474758673469008,-2.150763790843564,-2.013172738774539,1.0493519249005405,-1.3061127700317379,-2.0678208020091295,-2.0860973345949896,1.324794941359678,2.600797840058355,-2.089368256957733,0.040836031496583304,-1.4720577280595826,-0.055845807888279364,0.8963746152874733,1.1930869967383708,2022-09-30,AMD
-2.5515397182567194,-3.26866573733144,-3.2778149594175368,-3.448438653387116,-3.351151977145655,-0.7207379472547649,-1.3538930745745752,-2.140960937629474,-2.029010604747518,-1.0827514992953062,-2.0946534984155165,-3.006282692832767,1.3687901438482268,2.895318418894577,-2.0938661706081705,0.7219985007989361,-1.4504594695046835,-0.08347752953298816,0.7219771742124153,1.0856748875087352,2022-10-07,AMD
-1.9116299878643255,-3.0522146863479285,-3.3536843651636286,-3.3083283196609616,-3.3423060127955466,-0.8205766100252762,-1.5341014348801543,-1.3509666774594316,-2.1584178617659404,-1.4065211861831037,-2.0181963498464204,-2.595137625022601,0.9849165078969012,2.9968819590107176,-2.000008288055097,1.0089884850881004,-1.4689704769025091,-0.1384846772785576,0.5932990607066333,0.782554373689215,2022-10-14,AMD
-0.2749920694985433,-1.9737776671912646,-2.7368994218249627,-2.2043023415542438,-2.556031286848859,-0.7750998998200717,-0.9034408596708278,-1.5296199613228665,-1.3584144875501711,-1.3537404869780445,-1.8237938737097643,-1.4256714045773515,0.8578158858702064,2.6379290229683865,-1.7182823692505746,0.1353384250707806,-1.520434637937469,-0.14659906425645297,0.5253610321248701,0.4725260845303638,2022-10-21,AMD
0.894815609011802,-1.0169063599546604,-1.9891906953470677,-1.221641972962851,-1.7924802518113379,-0.6339567755517292,0.8012701931023545,-0.9044015609484597,-1.539331282913611,-1.5390451616110097,-1.6084663036020905,-0.44054180320837194,0.6569069964802863,2.1848175259599856,-1.4375409444453708,-0.050870728194172876,-1.6395963696329134,-1.3965658862382502,0.6530162989210577,0.3649873419275393,2022-10-28,AMD
0.630722611803789,-0.4516358106300568,-1.5995665201212776,-0.984170509290988,-1.5615759027812064,-0.4905655865116953,0.8509936458107368,0.7855989867497344,-0.9061914550196069,-1.8834406348288288,-1.5963161327500963,0.30341645012406904,0.6947968344737253,2.0044078776733634,-1.3465783097076438,0.5544611529598553,-1.6835442839033188,-0.09187666648801603,-0.00345926208953377,-0.03629455726213833,2022-11-04,AMD
2.4348797508106093,1.642566079405582,0.07047096782974203,1.0128097637896403,0.12528850853387505,-0.18070524634492127,-0.0773018752762259,0.8348933596429641,0.805221157388541,-1.7464031055905929,-0.8533549392186965,2.3012772241287824,1.7482369568035518,1.4392153685986502,-0.7705637058620696,0.06799985277500575,-1.96636890111643,-0.09983956675473099,0.5805926024180078,0.46621303665838754,2022-11-11,AMD
1.57405536861651,1.718080860339241,0.46182093689030473,0.919433428094288,0.22926179012475684,0.06347317439983279,2.8305210390239295,-0.08539159803982298,0.8551400829209187,-1.6427766775595751,-0.7538314596852494,1.9275141628101555,1.7496332342420369,1.3828773205603653,-0.7063459407496216,0.32601227046085673,-1.430558832167157,-0.1785155499035734,0.5525545567855433,0.5471548055943066,2022-11-18,AMD
1.0214420072261028,1.6914995096613354,0.7548526905329344,0.9074273581319977,0.3668765935041979,0.2597709814687487,0.17007226456102045,2.7973387683658415,-0.07680475327039309,-1.4222041089084927,-0.49662699610728306,1.5878490163509653,1.4464112989743247,1.2789986868486616,-0.611477490278891,-1.5260652434854047,-1.091545970216068,-0.48047385009497373,0.5317712710061175,0.3870965404666042,2022-11-25,AMD
0.08495327985039647,1.2223201049374355,0.8732195938358946,0.607480284387376,0.23530918887970506,0.3853775601100393,0.2561337251720349,0.15984787003966314,2.842449393693152,-1.2757438706721025,-0.22885488284524474,1.5349307700084531,1.3105728721544896,1.2860272969652844,-0.6038166493047246,-0.7378938964852135,-0.692793703714887,0.19689038709842874,0.4222195797292254,0.29965850386740733,2022-12-02,AMD
-1.3656331167112603,-0.2408487969707838,0.038620010159816476,-0.6642683291835841,-0.7606327631051265,0.35220606759357137,-0.16830526337565557,0.2451666783689201,0.17154186371925442,-1.1092929836974392,-0.589071748123464,-0.7097048608189228,1.2136225902866133,1.434603975080032,-0.8960676026099132,-0.8811030569780701,-0.6090282381891211,0.015428456831585132,0.3303349418636348,0.297937685785852,2022-12-09,AMD
-1.7131215612648842,-0.9502574698977978,-0.4000480214223552,-1.127328027594109,-1.1574242396579963,0.27541164635902077,-1.6710254957142279,-0.17560968836089896,0.2579416491212173,-1.5519857773906938,-0.9215853843680882,-1.220469624372495,0.9174442951417897,1.7253405622109488,-1.0061605567045404,-0.5776892962572424,-0.5898908533353113,-0.03141950054539372,0.2313937108898957,0.1006550860536203,2022-12-16,AMD
-1.2694305352182154,-1.1594094398247534,-0.5459737008724902,-1.1002513593054148,-1.1670567244310375,0.21384776250905158,-0.968245887068967,-1.6653624599863242,-0.1681658938647926,-1.2427169286815232,-0.7483415048977856,-1.4852517912520267,0.7722303585891188,1.5875337592978285,-1.0023398517729436,-0.9799125834446168,-0.48205028520581605,-0.04800291091351146,0.15022291128650903,-0.03387194217408066,2022-12-23,AMD
-0.4813957988702187,-1.1680051488932062,-0.5849844242550963,-0.875827163650543,-1.0056600392615898,0.1840137767784841,-0.375868349032505,-0.9686473647275144,-1.6767936195790336,-0.7649762713044279,-0.7141120743883081,-1.440283835105463,0.5294838177881851,1.2527127004517529,-0.9362516536829216,-1.8675970972592504,-0.3227838851472777,-0.0358856286116438,0.5973305958514685,0.027634225591651154,2022-12-30,AMD
-0.3821331064886005,-1.1388115536896033,-0.7973263483007422,-0.8889804788616461,-1.0265259269959648,0.15690919383692556,-0.05972346606505683,-0.38138164477037934,-0.9712512439241303,-0.4955279639514474,-0.825015094967233,-0.8426190105973308,0.44439366911077377,1.3350402420042926,-0.9471528734285933,-1.332462967860469,-0.1757348873746731,-0.04613300430876179,0.462026005102968,-0.04818125390469047,2023-01-06,AMD
1.2887883854139643,0.17489327388913165,0.07249585287528935,0.5035624556896746,0.13724820212294,0.2671493662288319,-0.3559600719200077,-0.06796487862821875,-0.37654495146849126,0.37381591168195116,0.1388857935315736,0.48874182947795103,0.7111494724734001,0.7897224003202378,-0.21817730360908227,-0.7739899444895567,0.33074606691400216,0.001614959195516821,0.6194530350563779,0.3592223427372446,2023-01-13,AMD
0.5884347026792831,0.12546314085716287,-0.15853566255163437,0.16703378536781918,-0.07101913488240132,0.32022520085918743,1.8607626707340557,-0.36164516264391283,-0.05915723982163207,0.5298747867458825,-0.049236384808162136,0.49360735679939244,0.6857568070225778,0.8330133588622213,-0.24443634473994422,-1.5848933440235813,0.8316570681555232,0.022472106425788976,0.53463100885739,0.31418691425077216,2023-01-20,AMD
1.303447979462868,1.078014465951945,0.4291207871652805,0.9791922439564035,0.6692401295340717,0.44124977838479723,-0.36668145597429685,1.8359487598487476,-0.35655841094233115,0.6410832595552253,0.6927645765299966,1.1733677878766497,0.8031339191405614,0.6610447857137483,0.5346884987932385,-0.41128569322382685,0.8169381836401416,0.04526164325072507,1.1027240107742822,1.0558358252671358,2023-01-27,AMD
2.526036774417187,2.5234122124561775,1.7280703189901212,2.399463240352682,1.9996550301011193,0.6893618283964082,1.245847241638203,-0.37227402839471296,1.868878711565089,0.9121048772258776,0.9544044720989109,2.7563968341100655,0.6048153722219944,0.5629229689051817,1.4965136173546802,0.8092772488169605,0.8824763225469042,0.4548995819652886,0.64964205917667,1.4731469499574579,2023-02-03,AMD
0.6333349879615852,1.3202865816653828,0.9921938192862181,1.02686404522867,0.9681306926089388,0.7399258962718407,2.4341975341190856,1.2263396356106522,-0.36732194289874853,0.5259952239879163,0.40134453691316413,1.0296369795343112,0.7556993107722568,0.7929416190420756,0.8102287428475171,-0.7103930743129205,0.8428099431484677,0.05753784791981155,0.8009512534514274,1.6925118974030082,2023-02-10,AMD
-0.6227885237631778,0.4979111099978694,0.5451842769693812,0.26274193237372273,0.35206565133069784,0.6901843808660408,-1.0982059561729016,2.4044352676433816,1.2515459270987512,-0.1493235683442437,0.045589930247399185,0.7920461019254876,0.8151840606890793,0.7753377450761229,0.41206933304235954,-0.7866508325498046,0.3608575329257278,0.0745082810530345,0.7045899454643644,1.6861898949943601,2023-02-17,AMD
-0.879640277164039,0.14419400772437826,0.4516794116900112,0.0808134154721616,0.19021783819807742,0.6225867891841245,-0.7912165501779571,-1.0974859662061942,2.44456786193177,-0.2473219251421801,-0.0023274369102928272,0.055427651758420945,0.8170373261833519,0.6944221358901702,0.2940643591808943,-1.0392795247916524,-0.1557247471540329,-0.029348562596698553,0.6148207283698968,1.4266022769972606,2023-02-24,AMD
0.22678115234586343,0.32753212175412644,0.7533132977868499,0.53136095386617,0.5683544350170734,0.6116911964003771,-0.2242533362675487,-0.7931456714535977,-1.101722212016986,-0.14259901506546463,0.39853869957377225,-0.7171231539900202,0.5431558314222021,0.5040055943924554,0.555568035781665,-0.6002084431699362,-0.11863285835488026,-0.024791720883923233,0.4641977133715784,1.1720872589352447,2023-03-03,AMD
0.43271518267874653,0.26881367073515566,0.6949141967130823,0.5224548805897975,0.5757246959220819,0.596277192962976,0.6645486987364383,-0.23107496716937653,-0.7935259693512573,-0.07055829969968315,0.5329400487323199,-0.127974867145809,0.39106821694138194,0.4747070456379587,0.5817441880106283,0.47273138907628093,-0.0671704769506765,0.020378136677319542,-0.0469737050982268,0.4673445893534257,2023-03-10,AMD
2.769885410696719,1.982326618273537,2.21806938496898,2.506646014229324,2.339471263857441,0.8179134505918815,0.12532302903962989,0.6500573065426213,-0.22433390980588255,0.9736465294149251,1.186325601821853,1.8892552111924006,1.1110976631521707,0.3352990908188105,1.5921525486319814,1.3508374873562774,0.5103898852210116,0.12975367324287,0.28280987676904523,1.2223050488363671,2023-03-17,AMD
1.5551834893663927,1.5195892315624375,1.8078743331873368,1.825004091534221,1.8717075965274705,0.9161365079539421,3.1887545801793578,0.11548479019853777,0.6679621835205215,1.240283560225196,0.9087996861497795,1.9584727402460482,1.1168201110427103,0.3098222696410861,1.252241130946289,1.4801276461721538,1.0603874942296636,0.44890355258101544,0.14396069109222007,1.1467505233116566,2023-03-24,AMD
0.6374902561560333,1.2873599639505429,1.409056343961255,1.323233396559874,1.493107210802124,0.9287958077199804,-0.10946498335498817,3.1524809960012306,0.12661671001514435,1.3210457737797323,0.9135802666874281,1.505525632230586,1.082485387306023,0.33493227108462226,0.9889987638926626,-0.0649403671200538,0.9100618855167777,0.2188968596210771,-0.07167067098708832,0.8789211244096594,2023-03-31,AMD
-0.9972812966056177,0.3033182176721684,0.530331050581463,0.22237224573644782,0.5415834895130789,0.7888463968728207,-0.11871856417485065,-0.11727716021785894,3.202091222449809,0.8591093465174003,0.4722114210386277,0.7766872126249073,1.1304800377456248,0.623785321784895,0.47917487626212035,-0.992950099701564,0.8005696531643569,0.08592731915307628,-0.14645946319362418,0.9466736437572207,2023-04-07,AMD
-0.8458086828550653,-0.03098021579405996,0.2281926039913443,0.01866823996414979,0.3195054732199486,0.6413669262974032,-1.1520317729982934,-0.1264508888848355,-0.10909430095103688,0.865834713335168,0.2847653394330429,-0.7968538939516694,1.1193794993982809,0.615475965719285,0.3455371960137969,-0.5116938626496315,0.6929670324207327,0.024150138949123188,-0.11961927168763808,0.9494525301594207,2023-04-14,AMD
-1.0610967608868946,-0.6540174687938829,-0.26827528014907853,-0.4839261147434315,-0.1661718497359773,0.45071148087350416,-0.27061064223216347,-1.1508473025847166,-0.1183842594453448,0.4014304640878724,-0.07869148755038134,-1.1010335765661952,1.1227240257217943,0.6372916377471405,0.0703252213177866,-0.6791988137057725,0.354436460045585,-0.005447435068821238,-0.1618054171399001,1.1664563624528992,2023-04-21,AMD
-0.4140987661641554,-0.6553588402390658,-0.1946025766685994,-0.30797422281679926,-0.07929580976446281,0.3149368803259633,-0.7841969936165764,-0.27703224089184336,-1.1557596288790934,0.5024219185797646,-0.16178707669715928,-1.0223674232462954,0.5695084445453397,0.6161542519541789,0.07026105067167164,-0.356218331651605,0.044405496879598244,-0.0047937721117763685,-0.34792212368412134,0.5574547925689083,2023-04-28,AMD
-0.17105245151211468,-0.7077173019773613,-0.22055633335874444,-0.23366763872106533,-0.060996763183873745,0.21178015430870992,0.06244107386167999,-0.7861866889245448,-0.2708734555993134,0.31604554151974035,-0.132596045281992,-0.5026420644336901,0.4378236113913492,0.6982152177663079,0.03991332565677363,1.8453366006885368,-0.47778400717366226,0.0171824064266137,-0.5167436704365286,0.41562060294814657,2023-05-05,AMD
0.8058330947536477,0.04938798661849068,0.21317361247990876,0.4742312920722598,0.5186371973197624,0.2188070702107192,-0.03469071492415804,0.05314546382519709,-0.7864788175109989,0.06776456998558258,0.3525271359143032,0.07788195236545845,0.42439828278685565,0.34991255759019474,0.34580066539190346,0.9567738994749316,-0.4844256516314481,0.04442439978453191,-0.5312432025552514,0.39082482971253163,2023-05-12,AMD
2.036146376470964,1.2979629404183455,1.0700748628597871,1.6326105352851608,1.5467492928962885,0.38210193092320294,0.9612435246273143,-0.04314814322330058,0.06348755331180823,0.8845468834330956,1.0264969648630604,1.4565319062815087,0.670297986032617,0.21829196076838497,0.9524207611968956,0.6928072020717025,-0.3712193290985646,0.07920717795031762,-0.22604168234865651,1.1495149921184773,2023-05-19,AMD
4.039838874786503,3.4528024108634976,2.7805274773428326,3.606881668110279,3.401554839446799,0.8165240336879299,1.874971203868121,0.9441918564647985,-0.03402607993613982,1.5453082544149004,1.2394996975223411,3.4126335547682434,1.495673697975913,0.035944105150205595,1.7870946526452696,1.0554360161606826,0.12466381250417984,0.07487986481929264,-0.21836087699670864,2.013571177018704,2023-05-26,AMD
0.9448497630897466,1.830984277235666,1.4982696804793199,1.6016155870781414,1.798009225678719,0.8748855649601703,3.495001508839555,1.8500346829378806,0.9658233760316285,0.9747007030911552,0.4593518288952678,2.4595141330819135,1.7904731450967146,0.41745164235712434,1.0069196258097655,-0.03206123673832314,0.4748714281714308,0.03590371730315571,0.08421374685903324,4.178346248289853,2023-06-02,AMD
0.8171153072541378,2.0892164989137294,1.9196975581320306,1.9019986654419108,2.100970312703177,0.9708380885610687,-1.4352887373007361,3.456085220497032,1.8831431012808126,1.0388574596153621,0.8865455251002367,2.454905287408461,1.1674816785720217,0.36059802846781736,1.1372704000858767,0.3427105892501834,0.5789245159250371,0.031075568325860812,-0.9669476673418246,2.8548799199835893,2023-06-09,AMD
-0.5505601516698907,1.011271397819927,1.2482009061522243,0.8698910781617645,1.2195554008181793,0.8788179440547041,0.953503558289105,-1.4316599505884422,3.5095420689540906,0.7612832564354183,0.4730660424650043,0.9178061439649949,1.2599653667402497,0.6000344638248853,0.7299144084634299,1.5541542728143112,0.7028757772954878,0.00798964044131791,-1.8062498916031562,1.1545690855732347,2023-06-16,AMD
-1.5239799724131624,-0.4123180423248157,0.19739226280945954,-0.45775481494567827,0.018291181460372497,0.5819508048021423,-0.8304844847387998,0.936518680808748,-1.440130132883883,-0.09061402679196491,-0.22143097934215208,-1.4212603537836042,1.5289066151709336,0.7626998835012758,0.14596799687045148,-0.3250659677886021,0.2681113921983561,-0.006334174781098974,-1.0734889410063466,2.4945084913780047,2023-06-23,AMD
-0.7219675308147302,-0.3127937084422397,0.38296511836382946,0.004455169459021212,0.33316081642138246,0.4105013004024983,-1.6463930618122713,-0.8320747502595592,0.9580529823398194,0.02293789200403943,0.03272711346208068,-0.546792929068787,1.394239758257265,0.6049593834687259,0.26555866238914644,-0.12841811568691994,-0.21354682996036795,0.006172012692253471,-1.2953230400989577,2.2197376146025363,2023-06-30,AMD
-0.36104184748871365,-0.6253505112759351,0.14279814085447684,-0.132685314157051,0.161048041540873,0.24598590027559095,0.5113289259975479,-1.6409425873529382,-0.8329482740059485,-0.0097079500383839,-0.015498094543408227,-1.0737714522672588,1.392283366924999,0.6411481948824371,0.15972370050736193,-1.588107937686052,0.09496770250668811,-0.004042099618124245,-1.3330938853276824,1.9343085826813688,2023-07-07,AMD
0.29268241143439333,-0.46478843786504687,0.17532708923105578,0.13233975384863403,0.34169371497396983,0.1539876681297039,-0.2472828883789206,0.49815971696245287,-1.652064350659506,0.3099942504245891,0.16501952789254445,-0.5551720367070048,1.2947162146804418,0.6741638568538176,0.23835920306059058,-0.11592188086890022,0.4136767015680738,0.01279747125071216,-1.6915599056029536,1.2218351711950568,2023-07-14,AMD
-0.6065047198249851,-0.7839002247882109,-0.4244332146202999,-0.48277970894600636,-0.22161106818092768,-0.02134556044199537,0.31285225150821483,-0.2539057897994924,0.5141400732519978,0.12023284863985718,-0.1601727241641796,-0.18072083051110405,1.4125900004719922,0.9752228902271078,-0.09742935349975972,0.2522314233912022,0.2716795377275907,0.011547798790466263,-1.3995765479284956,1.5278711580298576,2023-07-21,AMD
-0.22024285693557022,-0.5074162066593026,-0.41564831163872895,-0.21880064063479196,-0.04996272454718761,-0.11968413359175946,-0.9081542739818887,0.3013957621288013,-0.2474539956863585,0.3171482656576239,-0.02918346529160979,-0.3276806920373025,1.4056217325894047,0.9640798648700626,-0.03841310685774454,-0.5315363757736179,0.19296728418183035,0.010296516666393793,-1.4326443588263946,1.528209505500683,2023-07-28,AMD
0.15641550136127366,-0.0799400937235256,-0.31753469045479593,0.07460066657156053,0.17051485390196805,-0.14986803058340362,0.197829995770468,-0.9090743016773141,0.31488314731296835,0.3637123595294067,0.15719910295163758,-0.05128260437248011,1.362751483595158,1.0057672756502452,0.08252636913082258,1.7213344903071164,0.5840513197865768,0.0271832045819576,-1.8417365593682626,0.2870823622951135,2023-08-04,AMD
-0.9118073803742611,-0.8064208591599348,-1.0254443007714396,-0.8764117114725537,-0.6611180866339204,-0.32614696226992923,0.3280834108895224,0.18736607077550788,-0.9109233987037476,0.014911698765135076,-0.6877314218991812,-0.883439952323277,1.2788299834008785,1.330059210734863,-0.4640900126136212,-0.28511236145223334,0.6334817036553356,0.01158116163472978,-1.9191545768984437,0.13743522620539678,2023-08-11,AMD
-1.052650735689256,-0.9790469285703604,-1.0640035725219097,-0.9742241933502727,-0.8060211495439158,-0.47895102252758215,-1.417991864381822,0.316495486891314,0.1994087161142125,-0.21013207812409473,-1.0818076854627838,-0.6865545824890956,-0.20235810495361062,1.4267581553501272,-0.6240925362684902,-0.33157189455372266,0.27022676825973013,0.013681035307492906,-3.2017227351841973,-1.8705330057553704,2023-08-18,AMD
-1.1691834218017279,-1.1819532493820306,-1.2370344155649171,-1.176140552768432,-1.0344592576643972,-0.6265856218871597,-0.48621268804417006,-1.4145123380010316,0.3301741834239642,-0.6681158834001644,-1.839545829023238,-1.0803177073982222,-0.3578293462217653,1.4913118314908909,-0.8753038780670437,0.11307321722526734,-0.1382603622718675,-0.0009548129336802201,-2.796386790943258,-1.62319921302949,2023-08-25,AMD
0.4314366252997314,-0.33113876496316363,-0.5036111907588022,-0.17964921302630946,-0.2475895499828709,-0.5834895651499523,-0.6785973294885634,-0.4907737866596132,-1.4227652625027734,-1.290373628867518,-1.1084177481358233,-0.7337924721605448,-0.28015491374085993,0.8874906561214281,-0.4510103367494833,-0.5074455363453894,-0.23762347005745527,-0.0039039966334686064,-1.612598359541603,-0.8653040123128892,2023-09-01,AMD
-0.1177935873931674,-0.5719479197468368,-0.6997940324915022,-0.5674583294574251,-0.5731088483714178,-0.6030767212458498,1.143647073750422,-0.6814982785791276,-0.48732307611618225,-1.0888965623597826,-1.4496110591450222,-0.3748426571386823,-0.29963088079974337,0.8255961244800902,-0.7766745415272678,-1.1590501009828504,-0.31884565011291444,-0.0033753801474496877,-0.7496116322040159,-0.12805090516504847,2023-09-08,AMD
-0.7892469212787963,-0.9649435356503674,-1.048942817193748,-1.017052419529863,-0.9719800976590655,-0.6809424596835202,-0.6849784788006554,1.1250213861488312,-0.6804640200115943,-1.674990532444076,-1.9167207094192884,-0.5819477196592275,-0.5314872663121042,0.9103743089327183,-1.254113348636251,-0.6885251174058488,-0.7522105261262607,-0.003976124363497643,-0.8001286005422052,-0.37916669831916383,2023-09-15,AMD
-1.5117343690830605,-1.350330890543128,-1.4034121515435987,-1.4672882257252542,-1.3901497538769776,-0.8016569044303431,-0.9139386483349343,-0.687824362882292,1.1489439899382896,-1.6882860975074696,-2.03552875948652,-0.7700835535934069,-0.5432492873101445,0.987247008462114,-1.8331129928117758,-0.6040998225867714,-1.3498785510488107,-0.0036389484296529,-0.692299010317879,-0.4571579379531217,2023-09-22,AMD
0.055144722548517676,-0.39368018056946813,-0.7305736610863838,-0.4402071134908432,-0.58570763157356,-0.7368415463748534,-1.0724323702072167,-0.914808760786285,-0.6868702548961562,-0.9074792060742131,-1.0901868288464998,-0.7823284584377802,-0.22999359790886714,0.662948123257705,-1.3086455132053705,-0.4750203559627247,-0.953592166151648,-0.0025749061226300425,-1.0368134613559714,-0.3645177925732481,2023-09-29,AMD
0.8454574379716767,0.13329583489140745,-0.2615322048045467,0.10648352979850702,-0.11516132484792177,-0.5953207257747775,1.1147003865586673,-1.0719347888806903,-0.9167305125877037,-0.8780040397798052,-0.5506480584006765,-0.1607435733599349,-0.1615864014185182,0.5522384476809645,-0.8783818383765989,-0.48403555379887747,-0.5294477309984948,0.009046492642917394,-0.9355762910207234,-0.019059055183519222,2023-10-06,AMD
0.25792452678409944,-0.1153128902845969,-0.41430357449662747,-0.21954698509402887,-0.35303544027163714,-0.5246257019956755,0.6476222283316098,1.0963244893178214,-1.0758473049370425,-0.9395003234017156,-0.813093682898785,0.05364457377502479,-0.21914198347229044,0.5988334200929433,-1.0431497767252949,-0.410076367459265,-0.46262096550449433,0.00893940424295189,-1.003311993958269,-0.12756703920625975,2023-10-13,AMD
-0.6242436812064738,-0.4965846118859851,-0.633548041091181,-0.604127422655387,-0.6656613421155371,-0.5203370746645399,-0.49236837877405687,0.6332769001457587,1.1198835075375846,-1.2314923300368243,-1.1986373825452057,0.2524787287846267,-0.2145157650688833,0.5435781985362709,-1.3248862056053121,-0.44191228597841675,-0.8965667088982555,0.009010396801015558,-0.9856124584825136,-0.1110007078833532,2023-10-20,AMD
-1.3503070758698432,-0.9510809660512914,-0.9936154472988459,-1.1595433218874769,-1.1446629388536311,-0.5928563981713303,-0.6942446464114218,-0.496876357935869,0.6509691717797621,-1.2459799683457016,-1.6870238665831763,-0.7960095455929019,-0.19340539723713304,0.6406846891681717,-1.8675515463219732,-0.37643205473133245,-0.8036793151180041,-0.006672613245942345,-0.13203711620425143,0.6368904041886323,2023-10-27,AMD
1.399566690337575,0.8485222679345948,0.459792800193567,0.8649753521350348,0.5313425742629905,-0.34473914079344375,-1.085455775184991,-0.6970105697246677,-0.4935029660958209,-0.5697417801016683,0.33778729664262147,0.15152913104797278,0.7285582838520093,0.4604487315876086,0.15557246496018848,1.242770459247336,-0.28555603808563035,-0.001355351250111997,0.687080789660545,1.3990663210490955,2023-11-03,AMD
1.889481830536462,1.3167618953428204,0.9396344296969369,1.294930644015212,0.992470105493813,-0.07064419501856596,2.8371191174710098,-1.0848458106691214,-0.6961728496625571,-0.4370946017969731,1.1247184481477495,0.8630085613165006,0.7772933961337081,0.24030035508911002,0.8310783717192872,-0.11298412480787366,-0.4539519037822315,0.0135419861126855,0.7394968655783314,1.4920682545630515,2023-11-10,AMD
1.3373490067165041,1.1560540449242473,0.9672072129989605,1.1387108802039403,0.9608650208740009,0.13146053849404996,0.8916445074906229,2.803879909852067,-1.088921907520984,-0.006268287446778731,1.0921828332633239,1.3529852218177794,0.713295353772294,0.059348793814822505,0.9294346079876857,-0.34040184077253166,0.014048408086475563,0.03149404935717345,0.9493377439959242,1.5646410334720708,2023-11-17,AMD
0.46765228789381813,1.0419090981718047,1.0104569007107653,0.9825123873082449,0.9009231015036662,0.27159924460796747,0.17977364712562519,0.875193431840919,2.84907341050446,0.15421507710647914,1.0042723654453125,2.0808412347206238,0.6033233332005576,-0.07214264782750078,0.9399953732768656,-1.4245295498596373,0.4107677975008903,0.051354703190833045,0.9125374246934984,1.6340846357068597,2023-11-24,AMD
-0.06235790151222795,0.7275655326260054,0.7978186656929892,0.5964054320425558,0.6170579691186168,0.3200363777818564,0.12358532947466029,0.1694655362247566,0.8959507512573741,0.27438890564422147,0.8163614745143675,0.45361775138827276,0.5530854957361895,-0.15387367781555045,0.754012414315137,-1.1037340293913083,0.8960917704571546,0.024767756448507736,0.8831700216315203,1.6110877865753834,2023-12-01,AMD
0.7182083955977129,1.18635610560363,1.235592705066236,1.1524934319489535,1.1244731437654951,0.4525940777220379,-0.26582785098275413,0.113762085807224,0.1812813843564038,0.28451350618730475,1.0803204501082373,0.5030680797240665,0.49276454487802185,-0.19416385985760332,1.1659114095891916,0.795982269966703,0.9547454543218874,0.024802154496604775,0.8519632100627866,1.5255147855197315,2023-12-08,AMD
1.5396554460038478,1.6989252813920996,1.7531419021099979,1.7946722340105046,1.7442933802673997,0.6761061029232692,0.9920221713400944,-0.2722907219007634,0.12487217920610946,0.7348815365248005,1.0806059665884717,1.0820093228765213,0.36134670776155303,-0.252149241612946,1.4776696904421698,1.586020524597505,1.0851728801129326,0.027531106679481228,0.7924154169538254,1.5729866256085876,2023-12-15,AMD
0.9125683185745399,1.1302138142028908,1.4821395561136097,1.3344787764508537,1.4205617179532357,0.7754516065286854,1.3052497824173108,0.9747049042434173,-0.26607186224222285,1.0145230605025521,1.006203333564292,0.9752949204976326,0.33184246727645933,-0.2557564810337872,1.1769382354289655,-0.3348292271113159,1.4780845868054746,0.028475341368990634,1.02426095988002,1.7543618707373299,2023-12-22,AMD
1.045325890360278,1.4059503046359716,1.7919972282609606,1.6497303548768283,1.7417398824697246,0.9161605952143855,-0.07131140405002193,1.2852295725815213,0.9967230197521382,1.4788831485686158,1.0535654194954656,1.6105694882494563,0.35292378935798224,-0.32942935681674984,1.2436024533943026,-0.587419140495831,1.8393981369383738,0.04016252637268679,0.8772825391031775,1.6599395560908883,2023-12-29,AMD
-0.5294104602388022,0.3232101311905372,0.8282641596540207,0.41245089705431287,0.6953620136382983,0.7877125025120566,0.8819602000578577,-0.07945282053451751,1.3111819911302904,0.8287209288920268,0.5389176858934432,0.3970852115174935,0.5457363614173899,-0.12603611650807822,0.6344615715587669,-0.17503945369273263,1.3810362596406567,0.022993800522512542,1.0217216847928252,1.6372582270050058,2024-01-05,AMD
0.3110496458662158,0.7382143707023926,1.1197905489352895,0.9549911607268795,1.1447572131864991,0.78380367545693,-1.2130877593821021,0.8655926934408094,-0.07079073230530601,0.898460883964296,1.0040236727221297,0.20840186717606396,0.44696928385380763,-0.20188142223110878,0.8328461059877726,0.4751501116961946,1.4237826030516156,0.018847424828989642,1.0040860036207508,1.7586802371276735,2024-01-12,AMD
2.728951027063561,2.522934188676242,2.592731615871865,2.9230775669510085,2.9152749282618142,1.1940897339718999,0.9115918998365015,-1.2113764170414052,0.8862283728778181,1.3807527827355892,1.2648865866372008,1.9040206407137505,0.8641036344247927,-0.2887182065616493,1.5010071473377975,2.441788352453045,1.5361913372378488,0.022556528609516787,0.2977490161535328,2.1788435714038985,2024-01-19,AMD
2.0488068201301246,2.065863041740211,2.3116374912055413,2.335856819313167,2.5174450091148257,1.4167046613342897,3.284526402376373,0.89496869166272,-1.217055638540253,1.5610837282369088,0.9836176009608932,1.506803750680063,0.42234007963816794,-0.12378103291262894,1.2250537521360825,2.881681767611872,1.9258333156141556,0.027519944068579577,-0.15958059400889335,2.212942192958276,2024-01-26,AMD
0.839452084843073,1.524588572843143,1.9166307586701214,1.7172353929548136,2.026351311008707,1.4618948915517591,0.18367233359813037,3.2474263720540866,0.9159765607867105,1.8341832684386747,0.995905298715841,2.199404266680115,0.45670795182478907,-0.030502554253994618,0.9865287757143569,2.1901427655279013,1.3935764143556872,0.04301710580706057,-0.19523729290450353,2.438410026437888,2024-02-02,AMD
0.839452084843073,1.524588572843143,1.9166307586701214,-0.25573102462465763,-0.30978380749556045,-0.05084237877671538,0.18367233359813037,3.2474263720540866,0.9159765607867105,1.8341832684386747,0.995905298715841,2.199404266680115,0.45670795182478907,-0.030502554253994618,0.9865287757143569,2.1901427655279013,1.3935764143556872,0.04301710580706057,-0.19523729290450353,2.438410026437888,2020-01-03,ASML
0.839452084843073,1.524588572843143,1.9166307586701214,-0.2958469199829843,-0.3427306884088055,-0.05533821598829188,0.18367233359813037,3.2474263720540866,0.9159765607867105,1.8341832684386747,0.995905298715841,2.199404266680115,0.45670795182478907,-0.030502554253994618,0.9865287757143569,2.1901427655279013,1.3935764143556872,0.04301710580706057,-0.19523729290450353,2.438410026437888,2020-01-10,ASML
0.839452084843073,1.524588572843143,1.9166307586701214,-0.1633766816287601,-0.23459750573572455,-0.037138920551829796,-0.23723709392326078,3.2474263720540866,0.9159765607867105,1.8341832684386747,0.995905298715841,2.199404266680115,0.45670795182478907,-0.030502554253994618,0.9865287757143569,2.1901427655279013,1.3935764143556872,0.04301710580706057,-0.19523729290450353,2.438410026437888,2020-01-17,ASML
-0.27894566603966275,1.524588572843143,1.9166307586701214,-0.3370119980819919,-0.37502828075184724,-0.05933227864624115,0.1058968167966134,-0.24394668376535825,0.9159765607867105,1.8341832684386747,0.995905298715841,2.199404266680115,0.45670795182478907,-0.030502554253994618,0.9865287757143569,2.1901427655279013,1.3935764143556872,0.04301710580706057,-0.19523729290450353,2.438410026437888,2020-01-24,ASML
-1.0024396800968935,1.524588572843143,1.9166307586701214,-0.863289209322878,-0.8130142066027612,-0.1748247705045125,-0.38355423015295104,0.09622621304730053,-0.23736870920622,1.8341832684386747,0.995905298715841,-0.7601714303072264,0.45670795182478907,-0.030502554253994618,0.9865287757143569,2.1901427655279013,1.3935764143556872,0.04301710580706057,-0.19523729290450353,2.438410026437888,2020-01-31,ASML
0.46435999338290257,1.524588572843143,1.9166307586701214,0.21871687299300338,0.06332860261291177,-0.019399258698724012,-1.0571665018909686,-0.3890012019275684,0.10711412945175106,1.8341832684386747,0.995905298715841,0.0032212694956674625,0.45670795182478907,-0.030502554253994618,0.9865287757143569,2.1901427655279013,1.3935764143556872,0.03285701782369939,-0.19523729290450353,2.438410026437888,2020-02-07,ASML
0.9291126992270247,1.524588572843143,1.9166307586701214,0.5081397391809507,0.32905451912274003,0.1504703986336529,1.436648772854746,-1.0568006546979043,-0.3842610473227435,1.8341832684386747,0.995905298715841,0.21658843742887093,0.45670795182478907,-0.030502554253994618,0.9865287757143569,2.1901427655279013,1.3935764143556872,-0.23666850952729251,-0.19523729290450353,2.438410026437888,2020-02-14,ASML
0.0901385576314258,-0.008148902676008405,1.9166307586701214,-0.07944022789406908,-0.13220369190363596,0.12578840492700052,0.5420633530959702,1.4154946784743976,-1.0605214234433502,1.8341832684386747,0.995905298715841,0.044126205867107186,0.45670795182478907,-0.030502554253994618,0.9865287757143569,2.1901427655279013,1.3935764143556872,0.03516416922928369,-0.19523729290450353,2.438410026437888,2020-02-21,ASML
-1.7435781258073384,-1.1060118317844487,1.9166307586701214,-1.264381673172904,-1.1202475572020907,-0.18607957655638555,-0.7187047094081737,0.5286289267121211,1.4430975372438084,1.8341832684386747,0.995905298715841,-0.3775910118304186,0.45670795182478907,-0.030502554253994618,0.9865287757143569,2.1901427655279013,1.3935764143556872,0.02466029019194529,-0.19523729290450353,2.438410026437888,2020-02-28,ASML
-0.7393888958754868,-0.5945888789627505,1.9166307586701214,-0.5735666090092142,-0.5925365089730663,-0.2326934388872166,-1.8608467103203081,-0.7212595588973466,0.5449953235220137,1.8341832684386747,0.995905298715841,-0.7362723202350102,0.45670795182478907,-0.030502554253994618,0.9865287757143569,2.1901427655279013,1.3935764143556872,0.015679087314441172,-0.19523729290450353,2.438410026437888,2020-03-06,ASML
-1.8989079017210861,-1.688706511266251,1.9166307586701214,-1.787048518171581,-1.6123196585783632,-0.5770838650680461,0.6152691828948523,-1.853545645709879,-0.7207290700524233,1.8341832684386747,0.995905298715841,-1.8882527079938225,0.45670795182478907,-0.030502554253994618,0.9865287757143569,2.1901427655279013,1.3935764143556872,2.130530258167748,-0.19523729290450353,2.438410026437888,2020-03-13,ASML
-3.430416485130974,-3.08926869062447,-2.7227080604489933,-3.28875244829336,-2.902144391918867,-1.1886919070111925,-2.0857137112645567,0.6012030396408491,-1.867361059293231,1.8341832684386747,0.995905298715841,-2.812184812086642,0.45670795182478907,-0.030502554253994618,0.9865287757143569,2.1901427655279013,1.3935764143556872,0.2941627054474653,-0.19523729290450353,2.438410026437888,2020-03-20,ASML
-0.23293482882193564,-1.353287737342197,-1.361552118934761,-0.9936509246893209,-1.141596961640003,-1.05636180237505,-3.004911558051079,-2.076472196304371,0.6184889400594322,1.8341832684386747,0.995905298715841,-1.0128305558398365,1.8356578003740534,-0.030502554253994618,0.9865287757143569,2.1901427655279013,1.3935764143556872,0.0474405490914849,1.1962040379287817,0.28676640240801754,2020-03-27,ASML
-0.00534004992208057,-1.404910927552114,-1.507860022042657,-1.1995598102312526,-1.3121992442009436,-1.0030469057282654,2.926440582744207,-2.9877379864716356,-2.0931120573314814,-1.2303979598717418,-0.7028083607308033,-1.569225064714054,1.8455660024032017,1.2746647268762896,0.9865287757143569,2.1901427655279013,-0.9980534352916445,0.29158499694319295,1.2320529071380402,0.34770564343915034,2020-04-03,ASML
2.1380055063154244,0.29514640967389133,-0.3093502870698552,0.47316669990275273,0.0652192054612361,-0.5189123502032379,-0.7032191939657438,2.892430591204981,-3.0159234544475746,-0.7808837537056619,0.14676349282042758,0.4176329832430865,2.288827456972379,1.130760120582867,0.9865287757143569,2.1901427655279013,-0.8453323821926906,0.0282752663995966,1.2884881112401874,0.33161273332297714,2020-04-10,ASML
1.8899891100598079,1.2357123496349607,0.3572585520547743,1.1197370277932817,0.6929942168887901,0.04234402151690818,2.250833262493779,-0.7059076729947348,2.938746016298062,-0.5473097416228343,0.6438448133823763,2.948920152001803,2.382989785240758,1.040618000493453,0.9865287757143569,2.1901427655279013,-0.4632303542543125,-0.023764214934213733,1.2637802008871308,0.2197002364486789,2020-04-17,ASML
0.9354891208205658,1.020254411458384,0.23536141439498642,0.6901176124564146,0.43386503326009523,0.3589686300645675,1.1010716587616844,2.2226533058435005,-0.7051826779558256,-0.6134611888449851,0.582308283689073,1.1471112771379746,2.3138095734401762,1.1514962261876354,0.9865287757143569,2.1901427655279013,-0.46142080982798606,0.00038495753160716216,1.2902867388402537,0.1996199886285251,2020-04-24,ASML
-0.5840354385478822,0.4734062579776819,-0.14377874353049017,-0.07737902453576387,-0.15684113093330584,0.37423167939782004,-0.27246366954349127,1.0828133682372947,2.260482748730866,-0.7006837555282781,0.24341033263567888,1.0209966828682244,2.20421658799953,1.4705646430421893,0.9865287757143569,2.1901427655279013,-0.47972168811862137,0.0013605314387512232,1.2431043227802279,0.1708606887655449,2020-05-01,ASML
0.6337028391274937,1.3336455282647235,0.7940056894845002,0.9510102608619171,0.732095858524336,0.6999755715687105,-0.9217456580704945,-0.27886927782895315,1.1062012024895294,-0.28907040500732556,0.9153726471970314,0.6608911100367251,2.3593514916611533,1.21432500844908,0.9865287757143569,2.1901427655279013,-0.08802910970151406,-0.001586137094451338,1.2543434039231376,0.19298552674947272,2020-05-08,ASML
-0.13065986770883384,0.3303372055194131,0.4079459075351079,0.17579007082399709,0.13372421995098194,0.7073318129334561,1.5123796173118296,-0.9225484013004462,-0.2727337675311121,-0.6558813710243312,0.6008730981329107,-0.30303921601370404,2.369891942817722,1.317858490988444,-0.17476014643552373,-0.28498823166609355,-0.501830750987499,0.04930037233758961,1.2314950822128499,0.19422901857360664,2020-05-15,ASML
1.1702713570341279,1.0945614389457903,1.2182449084221596,1.166544988381724,1.0005709499799147,1.0374163149744993,-0.8344061886344819,1.4905720168901453,-0.9245682132378493,-0.4954559824350365,1.0943831373609978,0.565659373366089,2.2771238928810633,1.1296144314973153,0.5975922833789045,-0.7725254235124894,-0.4750405383206336,0.012388337753083224,1.2373112441854042,0.49711861175435834,2020-05-22,ASML
0.9617641379864295,1.0201504926513458,1.4285756631818178,1.2222274657703422,1.119174684424676,1.3232464661930339,1.5281946174959815,-0.8359626124992222,1.5191260947763776,-0.29274585442009,1.2543591795433093,1.3184281765370893,2.2686620878154113,1.0589190670041826,0.7626418004987736,-1.4154825770067112,-0.14971210864644927,-0.011272134536294205,1.2525347535470328,0.49966417399520385,2020-05-29,ASML
1.7874387849037823,1.6730183116286976,2.030231467522819,1.9039675702774075,1.780733418304685,1.809403983382428,0.44498047933516216,1.5062505443036824,-0.836885394902937,0.27614402019320966,1.1309535113779146,1.2552042197395539,1.9446758842892353,0.7784940141031224,1.2072932169303947,-0.8325240634511518,0.3307641916886317,-0.016270010334896202,1.1629913094555622,0.5565559163650898,2020-06-05,ASML
0.16492110429917675,0.8450439656193792,1.1335213049540769,0.8591424489980466,0.9553024005485697,1.8058822785919744,1.39102384901072,0.4323838125850232,1.535003266885026,0.016286775087385304,0.8561798421048217,1.2482984917221869,1.0735233971413332,0.904990803461288,0.7110767045001681,-0.35939720641092526,-0.20287392353537323,-0.010368631594665861,1.0074328968471717,0.8420441487663627,2020-06-12,ASML
0.5631643833998772,1.1570462017706333,1.359893326368907,1.226764777735374,1.2939770268673312,1.943980670590748,-0.8461568374389327,1.3702634669094476,0.44753079759382897,0.545962955438904,1.1239077329807392,0.8707656330620298,0.5153147373192507,0.5787585242999925,0.8913010474871231,-0.9835562985129562,0.4596154935876817,-0.013558994761102184,0.8848931842063688,0.5922074087001291,2020-06-19,ASML
0.16408907286538477,0.7728027378118661,1.037415697886853,0.910593011322985,1.049948326194472,1.9238481586352985,0.7979721136114283,-0.8476118611405244,1.397293252711363,1.2236807832849743,1.0401037879201458,0.5967692655630983,0.39443170585820214,0.21375428583636236,0.7565826973173524,-1.4130209042687871,1.1114680200753697,-0.017940373253953014,0.7907497264018807,0.3774577593918416,2020-06-26,ASML
0.5650408363297966,0.8492046454665303,1.1025533753769012,1.0273601861292614,1.1635279758393662,1.9526474101448514,-0.07514270550320504,0.7823293674573915,-0.8486822378548268,1.0901786138661298,1.199117793384372,0.13475390018025327,-0.0072988957029157435,-0.1573461850313243,0.816464405872347,-1.7148769432615951,1.0318273183653537,-0.018322505291572793,0.35777470058288885,0.2397302382961741,2020-07-03,ASML
1.0327331178190917,1.1444846600431478,1.4802314729937516,1.4704927747198708,1.5723484726087897,2.1710240150585514,0.44309790802732113,-0.08325106044370513,0.8019101124884017,1.3723739405327249,1.1857829868889953,1.0839526021735149,-0.03147334455384731,-0.30977970903139285,0.9765796323478126,-1.1388785895637072,1.0483313895609536,-0.04492702704953169,0.48963758880309055,0.6448738897565198,2020-07-10,ASML
0.0874667286719262,0.4276893246994644,0.8707244465880756,0.6587569524609649,0.8931897100094215,1.9790100810808609,0.9667594975633805,0.430517486596137,-0.07463709536973771,0.9412510470378493,0.7734191527584847,0.2980204889213769,0.05623632453632576,-0.2995662839332333,0.6318105384451006,1.4513881556998613,0.2925321193119392,0.0014935810344402845,0.5634837847977373,0.6866626169863519,2020-07-17,ASML
-0.8061957750669654,-0.27112916486607774,0.19351926837645794,-0.07086664398356263,0.23735376173136416,1.4809725598068288,-0.6899052184232642,0.9496602302797482,0.44564082552216583,0.47964698375836046,0.329501600213976,-0.11265868759301119,0.043237345996333026,-0.2086823454010064,0.30405394611700826,0.3131573664293334,-0.3350016622060723,0.06446896570091779,0.6499630314920831,0.6348275572720237,2020-07-24,ASML
-1.2868770598090975,-0.7227288889375538,-0.31230616270800354,-0.5734907574685778,-0.25198348575813206,0.8423475824419603,-0.8798884669671058,-0.6927085880693291,0.9713610333590265,0.2732290655602804,-0.04189740092420833,-0.7098458868019718,-0.03681399955132942,-0.017555294685934558,0.03149301401310457,0.41917739979255336,-0.7699517337430166,0.17198230881063842,-0.49221290468678836,-0.04554567931864489,2020-07-31,ASML
-0.2593448071368518,-0.4052035159264552,-0.1433973401346259,-0.09427940305663679,0.09430268698920646,0.5428558585009833,-0.8164310197461498,-0.8810524094871949,-0.6918163625162524,0.6063778274898495,0.28666898908945243,-0.9098817234924188,-0.16073889784249284,-0.1533311249825302,0.17776325887921243,-0.6480073003786101,-0.40039341284177604,0.36790121158001277,-0.6501815042410919,-0.20114468523126997,2020-08-07,ASML
0.1760932378252907,-0.2816665483961606,-0.1262783693771942,0.03437254857055639,0.17314541794222363,0.35994617759559683,0.5016217676488037,-0.8181425571785095,-0.882546473155984,0.42645656310910873,0.3685305494804192,-0.5384918333516026,-0.43255116072287103,-0.2530065650130149,0.20287637465500627,-0.9340914132483193,-0.4099463297371889,0.0372398358941829,-0.6251128401406153,-0.45863313080244617,2020-08-14,ASML
0.1702401701247217,-0.2906576170119479,-0.19555172151051495,0.0021522593312769283,0.12486920491797988,0.19796574059726027,0.11869888208150932,0.48853632483433634,-0.8188395620354763,0.6785720115013307,0.2788916272573581,-0.14998629614699022,-0.44770713707781706,-0.28701306648146263,0.17906227453892143,-1.2258889111879774,-0.053510527589102505,-0.006459293317608923,-0.7828055170983123,-0.6212529127145676,2020-08-21,ASML
0.2122014639158665,-0.07490527181895612,-0.05073810518435536,0.18152308348653964,0.2615541210711493,0.15419124886540506,-0.08009303486178289,0.10891780515491667,0.504394754124948,0.4839572835659064,0.40469608751467084,0.37852498633846915,-0.7627460887746981,-0.4560940948171059,0.26801105555449994,-1.068974659357776,-0.08614903144668765,-0.027691907079217877,-0.5517084381199379,-0.8374251464798343,2020-08-28,ASML
-0.4369191058527441,-0.35475380914981614,-0.4228850653514758,-0.3064133985152373,-0.1661420099859757,-0.11197726639665037,0.22740828446909797,-0.08815867180322164,0.11996652221227276,0.09812435611311185,-0.24231841760954365,-0.22299230826488878,-0.803247958223791,-0.18739088720663236,-0.057118593159631886,0.7656836482493478,-0.5156659583250709,-0.0036703976594992015,-0.5579868263238019,-0.9896743385182418,2020-09-04,ASML
-0.7147841133916216,-0.5274864460818851,-0.6354291121385837,-0.5626961216273489,-0.41857205558686195,-0.44423224173552284,-0.7040733721925485,0.21668911881895297,-0.0796068854617667,-0.5034883985036037,-0.8371155150021361,-0.5334916973809946,-0.9104172857769887,-0.24482968669383562,-0.31072003935206866,0.03162625679273555,-0.9318306079251965,0.02524518693582626,-0.6243580826473798,-1.3012867724497268,2020-09-11,ASML
-0.26350083670017044,-0.2842310645443453,-0.45811329760645564,-0.26240669303076325,-0.20187982243593808,-0.5623302934610175,-0.5329170284996915,-0.7067544802403283,0.22910328297346774,-0.07848123435738481,-0.5962897343495572,-0.3902837333039344,-0.8869918084839009,-0.3234387257106493,-0.19304279520846365,0.3152829516993981,-0.4516472657010751,0.018616036774116013,-0.8331877325433504,-1.356346852719595,2020-09-18,ASML
-0.3244627252034835,-0.5078995901111198,-0.5850777326980089,-0.4529375617504913,-0.38324774633748454,-0.7407559381726865,0.22814081005202627,-0.5370751001997067,-0.7060402141278471,-0.5457888844387302,-1.1349049829209754,-0.6906595333874544,-0.9396626825518424,-0.3954719858700146,-0.4471855346409095,0.09094239178940534,-0.8618162415106533,0.06948405078780813,-1.2182928757856477,-1.4541075057408765,2020-09-25,ASML
0.15149756833263675,-0.20672951975366605,-0.2767977208455372,-0.09766492950644454,-0.10475512731988323,-0.7056829513295952,-0.4190802745860958,0.2174153232008263,-0.5342110206624175,-0.37390803443444937,-0.5957703110671239,-0.19397457284013922,-1.1778595038571742,-0.39336668222246146,-0.17341499414878436,0.17452307463489866,-0.7831303516988402,0.006710688849795947,-2.029942702060251,-1.822601747295916,2020-10-02,ASML
0.7517271880491058,0.34779930418441224,0.2145209008626712,0.4774442700841587,0.38880548910962454,-0.388147486617259,0.3478046929810456,-0.42422068059047424,0.22983868826077186,-0.23647567199138714,0.4796621599795408,0.46596133263391143,-1.0281443406773996,-0.4794761829572402,0.695031665211253,-0.4916672511470572,-0.7242538648767984,-0.019320473186947535,-1.6319336483351017,-1.620661023589538,2020-10-09,ASML
0.36458670214514816,0.2150019761056869,0.1147581631850048,0.2425137711366874,0.21898315207523109,-0.24058066176941523,0.798381268301507,0.33604658763754663,-0.4199267517322672,-0.7419158564359188,0.1270942858997927,0.23338767332289106,-1.173033822205091,-0.45243623542184164,0.5843359466700341,0.4024411524476873,-0.6542197764860344,0.013905373728420134,-1.9744809980144395,-1.8055536811382853,2020-10-16,ASML
-0.3000918207637713,-0.05603151616343437,-0.16088214169370965,-0.13473330743613288,-0.09273797920502942,-0.3055192027639258,-0.22696177924749436,0.7827349914188255,0.34997299381437375,-0.65766667790017,-0.30046223984147197,0.1814500076158808,-1.2680439732189877,-0.48407551721982467,0.014999316284148627,-1.3065059858000108,-0.37193365453573,0.006274074675530227,-0.35910790429980805,-1.2847414416544898,2020-10-23,ASML
-1.0810613762656645,-0.6031018201090346,-0.6058664950218466,-0.7182160483548974,-0.6035389514537519,-0.6424859548497117,-0.5196269486593726,-0.233760038115606,0.8023208756472887,-0.6892103067999313,-1.189934786008525,-0.4618667157400959,-1.1609238257037338,-0.42599062303773744,-1.1995435281157416,0.7010713249188728,-0.31916948035005926,0.048257231038452655,0.08985370084116398,-1.224363325735976,2020-10-30,ASML
1.0610790786766728,0.7197837908312323,0.5310821308689344,0.8583247343840038,0.7103125507105548,-0.11684586868922096,-0.9586507006691078,-0.5238997047726908,-0.22705300021614697,0.4430104646732901,1.19938096634733,0.16614946337665162,-0.24292394633894643,-0.5884037178306568,1.4891209476059042,1.8822703655609652,0.34239670826583074,0.04159075670017062,0.7077541587330809,-0.6050592389862883,2020-11-06,ASML
1.2740583435543502,0.9110663217005139,0.7617953083948432,1.0023064980771161,0.8947247758130944,0.39543214609073923,2.2036267810623533,-0.9591349783059866,-0.5208686948637832,0.45567636341034795,1.189655301881219,0.516933031019767,-0.2211232861758924,-0.629981325399158,1.5798356318362015,0.8474883438018297,0.43547701456635857,-0.01134906803740652,0.6893781993293113,-0.5629912180546491,2020-11-13,ASML
0.8626522637855566,0.7593067617328924,0.7560971979611442,0.8240254464950234,0.7975330451166198,0.7223332017986664,0.464513101924609,2.175854184464994,-0.961618336930061,0.4434628516920908,1.077917455011667,0.8180144821776023,-0.22466979219459118,-0.6896001523403602,1.3093672935354763,-0.7586129372321525,0.4627838060394973,-0.029781275986322523,0.7862035783643414,-0.4521396807415206,2020-11-20,ASML
0.5693941542352821,0.9069560539873714,0.9461671219735885,0.983507641668675,0.9747215975138849,1.0774170290611762,0.042603904296336044,0.4517478818332674,2.213090689192256,0.5914606204742165,1.2325814190656643,1.630639565904598,-0.3016080918275687,-0.7547310696849211,1.4122355261868842,-1.6148751197080782,0.4592293717817653,-0.04180376980468597,0.7437652823417151,-0.5187329330006852,2020-11-27,ASML
1.0850429444210141,1.3894047278735426,1.3550630269797566,1.4391661898896684,1.4174853306111739,1.6290253326849045,0.4756008558578857,0.03347947563577587,0.46714020682397805,0.7720697163355734,1.2626895409484231,0.9907887008692153,-0.302831616180697,-0.7762599469403421,1.582123174791047,-0.11300644788275194,0.5272162501907751,-0.051835117852129214,0.6717759393743169,-0.3659092882856535,2020-12-04,ASML
0.18318305994221334,0.7636961183312393,0.8629326827338506,0.7085731676407586,0.8361053827305684,1.6546628683908948,0.9699024020380926,0.46273995593843464,0.0435723998707718,0.7774286270943562,0.7849685944266942,0.43027488723917345,-0.20112426664438074,-0.8708242426849281,1.004253885593821,-0.29476335164777473,1.0111387237142133,-0.027013864508708338,0.7749741937805334,-0.2111685496854757,2020-12-11,ASML
0.6498540964643714,1.0787286289416451,1.183500743987203,1.147993319819187,1.2307177011782406,1.9308138334145022,-0.5877669752308281,0.9527760136114665,0.4782715489325533,1.1339197626521376,1.1610300401697204,0.8472908009212644,-0.21986382860169884,-0.9353882684225898,1.215876296330466,-0.5526580801387231,1.4086542760610976,-0.04242555752638688,0.9997122497142322,-0.14064497770100157,2020-12-18,ASML
0.4022724050400939,0.7690079363804648,1.0640925130312517,0.9676507472089234,1.1039573060308563,2.043021948041948,0.8534860327673018,-0.5914517289345539,0.9745162932189694,1.1264163220889682,1.2279160167357226,0.6459661652717865,-0.21318168774975166,-0.9274710570275316,1.048104995831258,-1.6266603956144132,1.3705910405035076,-0.06064123866991349,1.0037954646246072,-0.14180298078994805,2020-12-25,ASML
0.3458817404791841,0.5963471155153287,0.9528136115853938,0.7985192382891989,0.9704996972017192,2.02227763276203,0.09188580392473014,0.8373642389833771,-0.5892765934894814,1.2847451999866804,1.143669341714995,0.1821690586106822,-0.2461077282500957,-0.9497080449931352,0.9054757898923902,-1.7835766638449508,1.7663066877155138,-0.1688530342439736,0.9632005401727625,-0.11003642200455067,2021-01-01,ASML
0.6099856873222331,0.8353742727223618,1.1606853846863483,1.0811809636299303,1.2237291704141946,2.179583464381958,0.04352995630372807,0.08233610575388597,0.8576422679484212,1.3437256357568856,1.147541244307028,0.8238696163037299,-0.2621115917734774,-0.9974899357515145,1.000612469736341,1.5523296772092654,1.8109330969657285,-0.16201015975130428,1.0468516091630629,-0.09277290377540155,2021-01-08,ASML
0.8313534603850805,0.95318413939514,1.253570004158997,1.2219216291644144,1.3683865738652206,2.398939697391058,0.6496267511545208,0.034397536439771705,0.0930480364898112,1.3429673108892881,0.9305691027070444,0.661540705460545,-0.3712984004752732,-0.9358058081340597,1.0174841866334328,0.5249469427007437,1.8452929243342335,-0.5694638932249098,0.7761940998949113,-0.37470877510402534,2021-01-15,ASML
1.5490846851118427,1.542992641454809,1.7021647593939762,1.8506590429292191,1.9546489183356397,3.0159956250976423,0.5370838356580114,0.6352641252905022,0.04450209237356774,1.5539450204142526,1.1982888638280176,1.3008504487871717,-0.6049283333993263,-0.9826877272750735,1.232948117866869,1.0598072287785336,1.8773158640737988,3.558799426875835,0.5717239393194186,-0.4161979974414478,2021-01-22,ASML
-0.1986927509499055,0.4424859706454961,0.7263878080691955,0.5280123401726778,0.8349636533548758,2.591390118003184,1.3084067360430005,0.523692379146636,0.6529815747822588,1.0778268116371845,0.6512154401144458,0.5736703790224776,-0.6441773947106878,-0.7404704690422044,0.6540744836442485,1.3247259949519836,1.436967074765001,0.33321379716936667,0.14620326759320523,0.007786025647922032,2021-01-29,ASML
0.07464708163662655,0.5706580560791323,0.8521584755755529,0.7728285830260226,1.0216967052401504,2.4049718079983804,-1.2505456297742659,1.2883592838295326,0.539996230606434,1.4388647420875609,0.9315550949127948,0.49888176915712373,-0.6418157462888355,-0.7974216122927545,0.7258185465564588,-0.3775359301533541,1.844246315935084,0.0739781113611053,0.01843965505069467,-0.3402593195937828,2021-02-05,ASML
1.020986365876796,1.2400748857805892,1.4079368648529038,1.5264439809252248,1.681354866114233,2.8030573255919458,0.5016263868910198,-1.2485110513100008,1.3143513553712298,1.4346557243975693,1.2081400625972893,0.9079990106967455,-0.4931608399323709,-0.9319813880798399,1.020663119599016,-0.23050401533170425,1.8335456967149844,0.044798688304020576,-0.26486830017959895,-0.30197308116953514,2021-02-12,ASML
0.67147422614076,0.8088177959391899,1.0523335588910023,1.0193252601970408,1.2653170106295744,2.748078646093406,1.348226216598345,0.48854090421561175,-1.254660763302489,1.3237487100136351,1.0138624650556682,0.12625711220129038,-0.43302635320300514,-0.8833181019142002,0.8111462494526547,-0.537960207259899,1.8259133343792582,0.0022199904613214912,-0.09797078990587742,-0.19397194339429036,2021-02-19,ASML
-0.540092711590437,-0.031253109556548926,0.36822123467290907,0.1378134347996684,0.48326730906714993,2.019917174551691,-0.23837060677223373,1.327835149160561,0.5043993915263278,0.870413217698165,0.5180857093573095,0.2814826554579067,-0.2762873955945021,-0.6914847372913989,0.4215872649148226,1.1862898077316102,1.1846769070478091,0.00018506029692765233,0.20861906310991346,-0.236271793898946,2021-02-26,ASML
-1.6913442328278503,-0.9619214908984791,-0.48333463355711187,-0.8221209328504283,-0.40701901507293825,0.6957584048467975,-0.9607055164784079,-0.24507041516398498,1.354327374257889,0.2669003442878404,-0.30963717362673443,-0.6608341651174944,-0.014151153623976735,-0.24336772048995922,-0.06571517088233135,1.4931128267529836,0.6410989874724695,-0.03823820749791743,0.07840531556631808,-0.06556365753752798,2021-03-05,ASML
-0.8323457600230859,-0.7560590910164006,-0.38146673844012013,-0.4655165346842363,-0.18887130781469763,-0.11004916840087256,-1.4070118600273764,-0.961172062442613,-0.23850667812060183,0.15609334003506964,-0.23809611850498988,-1.1336368410115287,-0.0878987276903573,-0.21451974747548877,-0.007159643621908931,0.9583979763830623,0.14509361174851204,-0.022937466983457326,-0.03886781423031268,-0.18107738301458348,2021-03-12,ASML
-0.07541863047321037,-0.4823018951949228,-0.30169686131736084,-0.2040576931989782,-0.021041622534712357,-0.5615375985886483,0.2335898202239189,-1.4036270836686013,-0.9636812306307213,0.36719487847293203,-0.05624003877011127,-0.9430210562929116,-0.0858675585144104,-0.22103819303604205,0.06068081392772088,0.3373114449392125,0.21325504219433175,0.0033735632209962395,-0.07703524064328059,-0.2102859727017537,2021-03-19,ASML
2.1403519026197215,0.9635542670642616,0.867410314519623,1.4449465954384266,1.3838692511311468,0.3497619957663335,0.1995112265939528,0.22281731209503267,-1.411742093558145,0.6699927468840488,1.2329248308963432,0.6440014485320075,0.532616866935106,-0.3225829326262418,0.9399088171411477,2.7218074425975134,0.42660328386303686,0.0856070078984147,-0.5595373163472379,0.04025107058256458,2021-03-26,ASML
1.4974042839182278,0.9601517172888298,0.8575272908701057,1.265516330031846,1.2960766474156293,0.9774818662679366,2.4552904268985785,0.18903279371243858,0.23530911957999562,0.6964014037343912,1.2156158564233854,1.5624917358097035,0.5168401522937669,-0.29106694335977606,0.9197305481794937,1.4712558445094426,0.5933411999642791,0.37817991374843973,-0.71499766993218,-0.13392985088820641,2021-04-02,ASML
0.5710076230673975,0.7967498513407915,0.6415254156482326,0.8470333692513958,0.9732522045104874,1.160493379762877,0.2005788970293064,2.4253461430036904,0.20109655619186115,0.6428120816020375,0.879394083508477,1.3102383735132017,0.5247087305125385,-0.20157717297335412,0.7624724750944184,0.8362109456932492,0.7228882392956998,0.09717294101912052,-0.8651708136067559,-0.2795436769349896,2021-04-09,ASML
0.13734025757859844,0.8883161150306338,0.7149671526145944,0.8102726046619325,0.9537141875319164,1.2833439110079072,-0.20870893511267505,0.19009125087300752,2.4657436750857187,0.5949217677773447,1.1049991052245631,1.3073690581114625,0.3724709949581559,-0.24145654878065412,0.7817235623783514,-0.32257634257436235,0.7117733520128918,0.06607944685784935,-1.1520766857300597,-0.4596261048033656,2021-04-16,ASML
0.5514373176866947,1.1125631119871222,0.9220152181675784,1.0410753247926983,1.1661137145795726,1.585192505325008,0.1943661333730253,-0.21566470369824958,0.2021684238529448,0.6272642462773983,1.258376720811713,0.3742501790453607,0.1554931382175417,-0.28891953951072696,0.9194157310911912,1.735230741729972,0.809522263564214,0.0439136576526555,-1.7703015682586756,-0.91069530463384,2021-04-23,ASML
-0.2191162342421326,0.3259085954250836,0.4072409263767523,0.30591517421103526,0.5386329053298233,1.1954274385661272,0.5765749847895059,0.18393209917116687,-0.2087284005053441,0.1352457852729896,0.7327782732879135,-0.10481139494941369,0.24918234158331992,-0.2686732367761601,0.5451854944814266,-0.8891504529014717,0.7819528844031569,0.014005451890206043,-1.6229203999413677,-0.4452767444172352,2021-04-30,ASML
-0.0451053392947782,0.2539002803395997,0.5161226416882738,0.4095838380224841,0.6039277643881842,0.9644878955374193,-0.7446507122856214,0.5628427463322571,0.1959312365818389,0.6234952174003412,0.9721797128041206,0.10380441160303992,0.05619037876608376,-0.3183072107928869,0.6004071295841162,-0.0471882189443217,0.7842349868851788,0.04451698086799457,-1.8543981715749376,-0.7677379811091727,2021-05-07,ASML
-0.3963743090238642,-0.2046423510171577,0.26352025731304035,0.05505078503452172,0.27789696433699784,0.46355805765766406,0.21553559370319894,-0.7469816652931099,0.5796426273328376,0.37383963584076957,0.7624593532099778,-0.20192077939390882,0.07381856332983863,-0.14368792376350067,0.3807550032543848,0.7589825570991601,0.32750450564278066,0.014416081763159649,-1.783073251285234,-0.7372428559177007,2021-05-14,ASML
-0.43214597527381593,-0.40333505191459357,0.0251022276216367,-0.17505587871299974,0.04447932360922779,-0.14432585706884157,-0.42664749238181016,0.2049188813559063,-0.746777071849447,-0.08010253837832929,0.5967788980944543,-0.6422136474707546,-0.03624305140507111,-0.12163867703911577,0.20229596068923011,-0.11722529826987554,-0.04542563998171971,-0.009983060281905166,-2.4873974998666486,-0.9793500580811275,2021-05-21,ASML
0.43248771602941294,0.18578346878610116,0.38672699448870174,0.47890444331788057,0.5737928315519474,-0.05276493624334756,-0.36822456875338644,-0.43172259840728233,0.2171839182888036,0.2531790984823829,1.1911582447063584,0.13872862178209,-0.3129421806568972,-0.22837578728281585,0.6334273598230498,-0.6360109657853131,-0.0008882836468923571,0.0037767274305296277,-3.033844045475174,-1.59909045722656,2021-05-28,ASML
0.47545692176450216,0.20901672809725882,0.3055189712161853,0.4515484230577738,0.5534415392776693,0.0064095626949811305,0.8957823667457956,-0.3738038251526909,-0.4275237177725572,0.6661888394892761,1.1798881712482594,0.07174395194331562,-0.3081136668557762,-0.28554363449274206,0.6323701461780409,-1.1051108594864805,0.3698992120622908,0.0018600503272267908,-2.97567087428058,-1.5085667009885684,2021-06-04,ASML
0.5045706397722602,0.33500268032510994,0.3102185977159849,0.5340765787412501,0.6269597622772414,0.13887137740231223,0.07983739987236593,0.879295584165305,-0.3688711219623828,1.392559840724551,1.1381474157226275,0.40693705486369175,-0.30852566767262457,-0.5217627464278513,0.6825374677548308,-1.1949216328316064,0.7575276925009251,0.020939554654417256,-2.9982762041121416,-1.5174207413210767,2021-06-11,ASML
-0.47415000214689235,-0.1492230807299266,-0.13718603030842227,-0.11030273580567351,0.07104015002142139,-0.3412793942051965,0.23359055166708548,0.07039167129136485,0.9001048772637447,0.8959549650911747,0.5024731468730479,0.17858713486841923,-1.1494841665268742,-0.4579578801904758,0.24055177319926038,-0.21454794125614385,0.7374153602970653,0.024590908906233656,-2.5874759790391746,-1.6722590848419028,2021-06-18,ASML
-0.11789462548753145,0.035726338981224535,0.02222234435213064,0.12711658668401127,0.24528166959699396,-0.5051531641206337,-0.803338004443999,0.22281803722633872,0.08095226775465707,0.9247250701576455,0.7334863563669163,-0.11670058168625932,-1.140253057599232,-0.5169061896349647,0.38074255329554746,-1.3835803246071907,0.7102983606462048,0.019306564206906646,-2.5567463160612087,-1.6184607698965896,2021-06-25,ASML
-0.11029253735505005,-0.007638738012785652,-0.027880768421635293,0.06389432572396261,0.17697679402268882,-0.6877958398610613,0.2782120822390817,-0.8051625257557884,0.2353098538986114,0.37198421298993883,0.5905443005333831,-0.20108343469522652,-1.1484097799261506,-0.694444967432296,0.3156022640853461,-0.8607021648453854,0.6089841492873231,0.018670114044307403,-2.037692881065853,-1.1554159187124333,2021-07-02,ASML
0.03921583627882316,-0.03916156885103273,-0.03170091752182861,0.05887277145758905,0.15776166020233517,-0.8302899783630823,-0.09474935282018984,0.267054514125535,-0.8056950754750697,0.2941059840041573,0.667659086944564,-0.325893091995937,-1.1579507261799726,-0.7513281506550927,0.2896172928159653,-1.275963829022634,0.20944030715941495,0.01742523584944482,-2.1160817071672837,-1.194171234971788,2021-07-09,ASML
-0.18962567063125013,-0.21967530456324963,-0.11192043926351111,-0.08118518692553597,0.023731742209206784,-1.065768621845999,-0.029317861457737102,-0.10268851563608278,0.28010680061966425,0.27189720334434986,0.2867702609417758,-0.04303299832215296,-1.247134543782323,-0.7347455485276951,0.16370013928678126,-0.6848383180567774,0.15226774274818367,0.020481280555637287,-1.2739555056324345,-0.7595106840716744,2021-07-16,ASML
1.0652069520914522,0.6927427573658262,0.6344320667264841,0.9224662980645519,0.8771662157720749,-0.28311560535054014,-0.23286110908953828,-0.03782165385363163,-0.0943208203334139,0.6960403220483213,1.0793397518405312,0.5304174366052268,-0.8939849279777777,-0.6977206767979105,1.0081266512605416,0.507717179558703,0.230894383984632,0.02470334249516764,-0.6936174615547702,-0.01519685081778866,2021-07-23,ASML
0.9990528047540087,0.8208915038096043,0.7575552240294245,0.9531151175860181,0.9489062611902762,0.40557119511142503,1.4676276301194702,-0.23960846072534256,-0.028632104709607937,0.6497705572617313,1.2264303143011026,0.7475271435353064,-0.8871708056245088,-0.8175687511988619,1.2092021497673962,-0.6130806271881344,0.11678329254964229,0.023502462105647437,-0.7641854481770243,-0.03650858261998135,2021-07-30,ASML
0.7947385575341722,0.9033356216007472,0.8131580794632833,0.9358858685355234,0.9730862774830278,0.9644192984824841,0.319819922115558,1.4462062091231134,-0.23297552150208894,1.1725109259265816,0.8981278652886938,0.9021241452938905,-0.9496633064017179,-0.8274248854704416,1.3813226350430055,-0.9375788589001396,0.134899371936448,0.022920529241141324,-0.9749598663287825,0.28095832605059,2021-08-06,ASML
0.26488520716595076,0.7275198745457006,0.7002026048999453,0.745586524351769,0.8374089303312439,1.2319166855261603,0.26032306738445626,0.3083033064445577,1.4741981785839307,1.1366629053900517,0.9915051878967237,1.0305607477822238,-1.007308696560933,-0.9181424306330472,1.1666866962757867,-1.00101395673495,0.5805451035409214,0.036484052499225976,-1.0692932186678614,0.09681857417249008,2021-08-13,ASML
-0.009956531637999557,0.4870113975178804,0.549474737186511,0.4997193221287363,0.6361809943816834,1.1937407377708678,0.001344152777232697,0.24931986938740366,0.3218782092251405,1.3485964173343714,0.9694768062828514,0.21072881217007836,-1.110236953207542,-1.0057349526760782,0.9298619568094534,-1.1798794273878486,0.7965670366449167,0.020214745606666536,-1.2360478388543399,-0.22373126571052285,2021-08-20,ASML
0.6757987049974357,0.8975368308369587,0.9630770265938025,1.0136801076225155,1.0854045477307432,1.711018794938182,-0.1476807200855546,-0.007424232093309727,0.2621474604746243,1.6957550812748117,1.2326708545314338,0.49616180071166,-0.9851899129805544,-1.0901360488359864,1.2448248283187198,-0.7780202491750745,1.3082106434146623,0.01823341164614949,-0.9310450308919783,0.13264329907694017,2021-08-27,ASML
0.8112457139687779,0.9347818812107268,1.0933810930440584,1.0888454075092533,1.1808389364951768,2.2241445646581046,0.8967587055806506,-0.1551631209501969,0.0021504480275259343,1.6636277452738457,1.1846671834566256,0.5764170332402943,-0.9743431626279361,-1.1481518790598022,1.2201918978927109,-0.4498314329254824,1.3133237252879888,0.017826432580436907,-0.8785994404488795,0.21414686422454365,2021-09-03,ASML
0.3998650293702797,0.5869547931947837,0.8741403265816639,0.7812104260034236,0.9377568337517128,2.301177687728267,0.4171389014743446,0.880263497855405,-0.14746027137562287,1.6415195398853821,1.001259581600696,0.5161542969219949,-1.1889306596978388,-1.156753959132805,0.9723382442283119,-0.14503377973301979,1.3417487945751219,0.018090649843530066,-0.5563298630969088,-0.18681766833475139,2021-09-10,ASML
0.00023253341948420143,0.37742022150830473,0.6827392891352144,0.5530155055699669,0.7417383407595345,2.0990958557821737,-0.11377925544176647,0.40478248873778233,0.9010850542815664,1.598123697036095,0.7385860789091181,0.5363539815928016,-1.1603501290323843,-1.1148025503707595,0.8029630994139125,1.2726178891701778,1.419099459996292,0.02924725987544382,-0.34374733029617216,0.00848167348574725,2021-09-17,ASML
-0.0016468576541075707,0.3115118755214685,0.5880764188912682,0.4940794107767724,0.6806980764871358,1.859083521168671,-0.109164362302872,-0.12155420305025763,0.4195797689295675,2.270290539747124,0.8696398684771645,0.12005470178211543,-1.1785627735300117,-1.0833030195696827,0.7331498315853435,0.42139032324289266,1.3405014280662222,0.029698271319904844,0.6859760657432468,1.0076879161491907,2021-09-24,ASML
-2.2914401162921036,-1.497595469167149,-1.02170316484624,-1.5365813855799686,-1.095284631454268,-0.6313677864250277,0.05886483934392061,-0.11697913332239215,-0.11342553330308945,-0.02827002336685337,-0.9859863926917546,-1.434718086631799,0.1789700813950863,-0.4409610474061916,-0.5898100011432116,3.8775780189851887,0.5462467419831416,0.014143743645961292,0.8518214532509191,3.173624841723488,2021-10-01,ASML
-1.8741802443911497,-1.571777895177069,-1.202620280241689,-1.4484239321954748,-1.1329501928080927,-2.5026548248386313,-2.7735379569523255,0.04960008979604501,-0.108792498097521,-0.15934721955235817,-1.1545887007847129,-1.5583242098895438,0.19277754517485363,-0.3612239343264274,-0.7748800120770711,2.1570456745803397,0.009792109570381187,0.002367016337937462,0.8055340230937452,3.2316430342622198,2021-10-08,ASML
0.0007326039664993621,-0.6862588254267223,-0.5236102541155542,-0.2897645868170503,-0.23645749257408744,-2.720553036722033,-0.4111357639064262,-2.75836098328761,0.05989725990186863,0.20938780649184088,-0.3375921273033901,-0.968216663573669,0.14658574679971687,-0.4144891854403313,-0.1697611870450779,1.068183805713187,0.3720796897819757,0.003000699236397978,0.7623135691664662,3.4674547995457483,2021-10-15,ASML
0.7316088728195299,-0.4535666426973157,-0.4175895646794651,-0.10764226061348567,-0.09793177477793018,-2.666393986282932,1.334522952373087,-0.41634472567248726,-2.783640277510031,0.31128471462765894,-0.16346088721679616,-0.934809033711868,0.13482936173108795,-0.40212929483202986,-0.09266321969828728,1.932196677059638,0.4892003662377442,0.005751972017944194,0.9458298234076049,3.6318106853335563,2021-10-22,ASML
0.5652901891227416,-0.1881034632587884,-0.30356289617517,0.03745945814343871,0.022219948020066906,-2.43299298822623,0.13526268005253878,1.3142501348507956,-0.41195100959433734,0.013756753778037022,-0.23459793910769047,0.5787842485399276,0.12753455652066828,-0.5787023558364297,-0.010260807153020286,-0.17182304321132402,0.4639351000773151,0.019271928030314297,0.4779213444627022,2.4053770154993406,2021-10-29,ASML
0.6963428194295448,0.3828030584003059,0.07091073407235299,0.5060099252538736,0.4311992166368507,-1.6928895786564715,0.1391130472297025,0.12533866873614585,1.3405702397639718,0.1310180380566975,0.4213812234944321,1.1622877845950677,0.18730462643117737,-0.5946716397352542,0.35332000775875055,-0.4007917748757804,0.4766737125927133,0.03350717375679469,0.4724077102951192,2.0839476721730112,2021-11-05,ASML
0.40973422403493975,0.465539876998196,0.058399184507110145,0.3973548553039198,0.36939002612206945,-1.1908876820189234,0.6780532357496662,0.12915580984499256,0.13659543578145816,0.053557653437690346,0.5052402910393191,0.45534286620339104,0.1843823689197614,-0.5969421534280445,0.33620851884474395,-0.7068186762776185,0.4894928716867009,0.02887739387197168,0.3687822164691438,1.8858841601071459,2021-11-12,ASML
0.1904556277967051,0.5692847192504492,0.09708120489744237,0.3269823158477317,0.328819799567956,-0.8468380286096697,-0.03093944284316118,0.6634453085219821,0.1404609395210395,0.05271125882589305,0.6055799524431673,0.3797115557704992,0.08020865959015175,-0.5714595509951222,0.3407477841670591,-0.36172184948160124,0.5283322013106048,0.023796045694219142,0.15117150484334702,1.4929677170817583,2021-11-19,ASML
-1.3954143097333263,-0.6575602586428251,-0.7262927338569054,-0.898770901146599,-0.7139780922724516,-1.9481022780426263,-0.01215423550835108,-0.03942924208686667,0.6815198095660457,-0.5704482558544133,-0.7555372158154323,-0.5638545741862676,0.3389051568981227,-0.20343471605228192,-0.7882220879453207,0.05671805200833956,0.40815120586987375,0.014827834357377077,0.39806441324591224,1.6418053390664056,2021-11-26,ASML
-1.2235492909931105,-0.8947287095882627,-0.7709529633296796,-0.9178415562872188,-0.7876437944013939,-2.827511239222727,-1.715324671428566,-0.020806138404393357,-0.03026006085534092,-0.9910859360537789,-0.9457110082785298,-1.0307254142720876,0.3387497593892742,-0.0861457316137108,-1.0964266539692435,1.3045939728370721,-0.036492443854532326,0.005473932052975555,0.389588352261716,1.5333856393116714,2021-12-03,ASML
-0.5678154568040579,-0.7289989437680349,-0.5718098241500926,-0.6200060360151591,-0.5841567671272696,-3.172225505253843,-0.37261383960746436,-1.7092793637325752,-0.011401005118477798,-1.1256370131431346,-0.7587956094508875,-0.9683563521085103,0.35140488608539283,-0.01783224752492776,-0.9642458618060964,-0.03432431955647921,-0.37856640684620174,0.0065307447668756504,0.2715562909232014,1.120465684921424,2021-12-10,ASML
-0.7118140168680935,-1.1257149182826223,-0.8490933845116678,-1.0276081097915746,-0.9559912468255507,-3.8537831615262457,0.11210656992170896,-0.37815521956367926,-1.721266944201098,-1.3187930303306006,-1.337835046587508,-1.3446259794990545,0.3786057098917077,0.1961896555423523,-1.5195368022431517,0.6483270316219538,-0.7615702111535452,-0.0009589330853231167,0.26679262295085515,0.8426136134501143,2021-12-17,ASML
0.4652903335038893,-0.3237641790043095,-0.27712023130604413,-0.07562062571537728,-0.19292914596100316,-3.3253515062253385,-0.8692927447699855,0.10238238019680654,-0.3732776479168689,-0.9054000922567071,-0.3358799875510561,-0.039282479779158656,-0.29748274863266205,0.06930757488426947,-0.606243809031324,-1.2873055901218264,-0.9084160835834779,0.004696870335681049,0.23233061639279165,0.18891261299282705,2021-12-24,ASML
0.1753660611993835,-0.30753218896836676,-0.4102659385265966,-0.19530854937748715,-0.27867971343084336,-2.9953228102027647,1.1131961541494664,-0.8705481212166046,0.11334829435667203,-1.0010844431025805,-0.3840370418593322,0.022656069187730166,-0.31413750220028364,-0.024055541823952222,-0.7117445246430034,-1.5769909787075411,-0.6067921006691703,0.008126401117856426,0.24383647982882004,0.17479744221850238,2021-12-31,ASML
-0.6668142004058728,-0.7463031299954619,-0.867409105975778,-0.818638377582669,-0.8016635351952,-3.373479150745391,-0.24871813651031432,1.0948332374183987,-0.8719090970585949,-0.410912609373023,-1.1613517510320663,-0.5416390106337979,-0.4793033198029609,-0.11596054223663262,-1.3909775178237713,1.3916645939728576,-0.5211089572762171,-0.0017383819458307013,0.5948695595249902,-0.1696558047762854,2022-01-07,ASML
-0.9254909866643106,-0.7152357050341562,-0.9568828275802957,-0.87701833920609,-0.8806586575607653,-3.6987481662704624,-1.0393231167354078,-0.25532865270883554,1.1183733616903386,-0.4114166926261814,-1.2905770513262471,-0.3170738312821538,-0.4903033826788403,0.0313370733182228,-1.4830024378165274,2.4018216622610358,-0.609846154623188,-0.00566782277559671,0.5740725627604237,-0.1773329338620811,2022-01-14,ASML
-1.5558631607774893,-1.347930477859224,-1.4632296913889413,-1.5366625278074797,-1.4628349769368434,-4.595806254260825,-0.4065369629214899,-1.0391112459053515,-0.2488948860648227,-1.308369702874982,-2.110310918309264,-1.4136976392697802,-0.34346472471101613,0.15730738964893068,-2.061889051833566,0.86173032908472,-1.1023411548120126,-0.013643772968759196,0.6614855297261597,-0.36420680577509035,2022-01-21,ASML
-1.9584801917493582,-1.9290596162032008,-1.906127540267508,-2.098586962173803,-1.9879282558056801,-5.79322407593191,-1.3394391707273472,-0.41178560923415947,-1.0426078923768356,-1.6921993194097682,-1.7956550384762664,-1.907755802001241,-0.38087875352167433,0.46274133316684674,-2.3838645528444182,2.6316546554445663,-1.7401824105903176,-0.021630411982708625,0.02136572795110146,-0.5742659088351536,2022-01-28,ASML
-1.0661658735663626,-1.5629669505821078,-1.6241489569561494,-1.5934865892167998,-1.6494808359503468,-6.153357871569061,-1.4251158867372347,-1.3366375010406746,-0.4073341298041984,-1.7346134954666659,-1.6940194422139447,-1.4441076280019223,-0.36073409535156686,0.4645060370521419,-2.0274286562507364,0.03326894936876041,-1.7103150209987084,-0.011975222549383248,0.17504542095458947,-0.5371439879991463,2022-02-04,ASML
-0.9718800230097205,-1.7513625255822296,-1.730999650872618,-1.7475735704696302,-1.8183558713425945,-6.490285653203064,0.09003355431245584,-1.4215748848548673,-1.3439037625200028,-2.244493824981831,-2.0125374649924956,-1.6145576139978968,-0.39292980485094336,0.5728740353946835,-2.088478416826105,-0.5561058590819371,-2.0457526487465723,-0.010268449234381251,0.12588167662107336,-0.536881487602971,2022-02-11,ASML
-0.036992327125051336,-1.108212437115481,-1.3366863751451148,-1.091946728098899,-1.3230879197441174,-6.0522127922720275,-0.8104567301455097,0.08049983980481207,-1.4299172908129656,-2.067728799951613,-1.750819048342008,-0.8426686475016355,-0.49802128903727816,0.4918174145024316,-1.7134796555452376,-0.41697399244953043,-2.3589701860007937,0.0026779727071357035,-0.18348162058041437,-0.7480501873253292,2022-02-18,ASML
0.37530619165441503,-0.48867682655382394,-0.9659601132118495,-0.5710737892715138,-0.8939487016293506,-5.142619392591971,0.4341300862669026,-0.8122198216622677,0.09118850531435627,-1.9167180469487617,-1.234822644579399,0.043819993713178185,-0.4030783870169763,0.5255952707453873,-1.4294292363493957,0.30285522415947597,-2.3243984708029055,0.028888514954100164,-0.08916023315676211,-0.6451859440655073,2022-02-25,ASML
-1.4014017435816741,-1.4741124096461033,-1.7801624724876912,-1.8242436046331991,-1.9010827988966146,-5.491989350811926,0.40869390917650006,0.4216270510809144,-0.812841786309155,-1.907597034879777,-1.9400034741575032,-1.034925026646172,-0.0405255375836267,0.9424914653836847,-1.957582126733719,1.463849783832866,-2.350172726844977,0.005644473092462899,-0.36157415767949186,-0.24594060101582368,2022-03-04,ASML
-1.3557950935385021,-1.2935560009338087,-1.7349974863091995,-1.6647475472790172,-1.8159635880730058,-5.539032588651565,-2.1032986352794394,0.396410371019975,0.43663774946323997,-1.8996346577251866,-1.7570101952244215,-0.8423732852976331,-0.05748293253032351,0.9747602675103487,-1.8337934467543586,0.8338383477297926,-2.3283701945663013,0.00148156810054313,-0.5615409627853878,-0.41017576346328427,2022-03-11,ASML
1.3151257107872687,0.5484383369160462,-0.24772360299318016,0.3846851562055274,-0.15149666561911304,-3.6918182355744302,-0.3875395613351106,-2.093905374301332,0.4111015776802591,-1.1592409045128604,-0.5292408742361056,0.17524072048910846,0.8263923743740317,0.6142605957691918,-0.9278699755326264,1.5253066859283848,-1.8126468742337654,0.007783128423455983,0.31430916073673204,0.23475873418936055,2022-03-18,ASML
1.3780819435298077,0.5837534316888243,-0.0034336634424815293,0.37243641522729565,-0.06271182237303173,-2.172316476651215,2.772216672443449,-0.3929521423931983,-2.11076611119495,-0.9402701803089796,-0.4312907551988577,0.008978101911792517,0.8411023761967027,0.5010673183801504,-0.8013637538273354,0.08436765793530973,-1.3883735703308855,0.008004505571381437,0.30096907766585235,0.16716995741402518,2022-03-25,ASML
0.2036938666283437,0.17222373095032797,-0.18191391963784664,-0.12312087464738874,-0.39826313834492155,-1.3803919260925377,0.06970791160618722,2.7395375290919395,-0.388262045637781,-1.4573130350777792,-0.6876590569544934,0.8199924912289784,0.7986350501995946,0.5618404854219873,-0.9328145083193643,-0.5896723891032873,-1.648780777580009,0.012882533471827495,0.18672663537805267,0.17286267887705112,2022-04-01,ASML
-1.6601368333505384,-0.8695998888496016,-0.8690667196956982,-1.1952112070196055,-1.2598107016064595,-1.6958936830182825,-0.6462721987396056,0.06034959366777233,2.7839158210023562,-1.674549504024396,-1.3786706220121392,0.1175143234498293,0.9710124354660976,1.054780467265469,-1.4665666292231672,-0.41530034521316533,-1.8791741242073023,0.0170043446617671,0.26972606701983803,0.2946861564121489,2022-04-08,ASML
-1.4814174911422484,-1.006949720179142,-0.9521993613849019,-1.2444088606156236,-1.33008651281987,-1.9639751230274796,-1.6681618466762578,-0.6494520918771146,0.07078295844691414,-1.5669510595658598,-1.5082694841400968,-1.3047558560028907,0.8799815587659228,0.9742945203646229,-1.5044881213521053,-0.9976887775198762,-1.8000657726937814,-0.003703538657685521,0.30017491446909345,0.6516443090399751,2022-04-15,ASML
-0.5911843616646832,-0.6805629224991022,-0.7577355304560197,-0.848778971477468,-1.0286302063145234,-1.807959578321461,-0.5163981577330001,-1.6625235223055297,-0.6480118127172773,-1.4324549556765163,-1.2061047109136331,-1.2649384465306277,0.7604485152917708,0.8336205618168007,-1.3120043751366406,0.24315555164476438,-1.291767336318231,-0.001657518113392642,0.17280250405577838,0.32684068446987014,2022-04-22,ASML
-1.1948723972186146,-1.468714536949812,-1.3291179532227957,-1.5786768699806033,-1.6364974401964536,-2.2738165932325822,0.1648238682600291,-0.5206987761313847,-1.673918712964731,-1.405043115065594,-1.7194416006223745,-1.6101978873329648,0.8884067453174666,1.1633323279242815,-1.6793147365904109,1.7599520554934958,-1.3179913891964021,-0.009771904406567597,0.2704047240007274,0.4874598608409068,2022-04-29,ASML
-1.0499811406384278,-1.5769884792368438,-1.3839196815562773,-1.4864404566173919,-1.601799888438332,-2.5251908249322113,-1.434631779180305,0.15464476385414072,-0.517627210915384,-1.195914340249339,-1.8972122248847403,-1.054951100926243,0.8639819431086025,1.1158189742670823,-1.642847951709544,-0.01033511886463343,-1.1885280907322069,-0.013909588154112659,0.25099627314478995,0.49709886123779023,2022-05-06,ASML
-0.7680467873761495,-1.342529983298765,-1.313663567266223,-1.2858249940146513,-1.467196676803795,-2.519678020404633,-0.4179656159212267,-1.4310086615729007,0.1662728349241276,-1.2817343728375052,-1.456786835234116,-0.9215795402346786,0.8112327235282233,1.107731175702996,-1.6048758252226705,0.33518009318915215,-1.6153422648504252,-0.022177863503611287,0.3373550861715646,0.49197875342000164,2022-05-13,ASML
-0.7098753129701958,-1.30875460748739,-1.4075970486998997,-1.3957051352957557,-1.573213021772616,-2.560337682290861,-0.21775909444225067,-0.42311564067707613,-1.4394705921298643,-1.2311745550536823,-1.717868558503914,-1.2736869978798806,0.7570067493492542,1.1822035288163577,-1.7371249560777624,-0.5908229008533699,-1.2836992721876772,-0.036050973496068436,0.22508239803940963,0.32344843083504765,2022-05-20,ASML
0.8695321743672171,-0.029733649281819,-0.5744560737702795,-0.09216020502234396,-0.5128779414421566,-1.5259349171817407,-0.6403585414325259,-0.22463676626501572,-0.4188077111215527,-0.9623617406491344,-0.8654738820175735,0.1095544708359351,0.7616170520233723,0.8743907595435187,-1.036235599509055,-0.6288593389468472,-0.9431126095754824,-0.019038783710240852,0.6829549940225476,0.1134877214607804,2022-05-27,ASML
0.06182556040389419,-0.33785564583037697,-0.8730817928515412,-0.5389295594797459,-0.8249394033140817,-1.0352874548042648,1.5855387590240224,-0.6435894654386891,-0.21781413781885692,-1.2339496381399917,-1.1982367361627415,-0.05526934842347665,0.7926103965335675,0.8257112173050789,-1.2817647375247438,-1.7383686942553656,-1.088282615770313,-0.017267968792200564,0.7058578605773888,0.22336618987749174,2022-06-03,ASML
-1.1911238107656246,-1.0666625263378648,-1.375160398948867,-1.3764468681596302,-1.496589751406261,-1.2806831730850217,-0.741427269289228,1.5630998446188404,-0.6420749076421727,-1.0598667911707222,-1.9086216551707356,-0.6803452712576418,-0.15874299301331907,0.9807741288388231,-1.8149354030373939,-1.342757554839166,-0.9361051758331003,-0.014646692878918417,0.2680837348885124,-0.36954121146290503,2022-06-10,ASML
-2.433080030524126,-1.8136694644748335,-1.9371552411039827,-2.221393934507409,-2.2173456054689096,-2.072368495362764,-1.481215290264687,-0.7437860384327593,1.5925728396869128,-1.2841238088346327,-1.9540377816715926,-1.2268437152735265,-0.01107838001509718,1.3063014340988763,-2.205487248833809,0.3339245280016252,-0.8831560885798075,-0.029745706507051883,0.3080532380169829,-0.13439161424035806,2022-06-17,ASML
-0.28937573328808547,-0.7428494469168834,-1.0174202899547715,-0.8675097409389364,-1.174333176165377,-1.664534300686374,-1.8004955566398753,-1.4771901884177232,-0.7435409568548078,-1.7848111226990984,-1.383206906048978,-1.271413838867481,0.4825168688280319,0.6838686977468937,-1.5031799075829235,-0.9888527307789668,-1.1466642115772319,-0.02308655637897363,0.7855735391584869,-0.03914049914912848,2022-06-24,ASML
-1.7686145072338357,-1.9916374510718133,-1.9787209046279035,-2.2625296576791527,-2.3024707973895864,-2.3048017296708405,1.4714045718207895,-1.7937152817263584,-1.4862372323005686,-2.111151836422219,-2.0299025359898897,-2.0126814813346443,0.7286920014986479,1.379354149495599,-2.083096482869361,-0.21676204552195422,-1.6411391406907947,-0.03988247499924502,0.6502323573151332,0.07117981323639509,2022-07-01,ASML
-0.9904266636205281,-1.6711075234653145,-1.7413113467854853,-1.78674714485026,-1.9777224301567797,-2.425113113762809,-2.426275647437424,1.449950558368383,-1.8067726531735824,-2.0138622786741793,-1.5959417769180841,-1.3996188478140785,0.7551828240118122,1.2983999472671786,-1.844203643124053,0.6775756327989444,-1.6355953938752867,0.004832037266309846,0.5524266757280007,-0.1444353162784942,2022-07-08,ASML
-0.07824131176401254,-0.9653824726055479,-1.1429519501451035,-0.9150510489056798,-1.2952088210458055,-1.8830412734990982,-0.004357897798709469,-2.4140953129733296,1.4779899681974564,-1.5400285767948538,-1.2077237035346642,-0.21316862633679196,0.8687278346055357,0.9836856594584297,-1.4838649382334534,0.042048475255725956,-1.211660841083096,0.15298507769764552,0.610063594368771,0.015841106448563166,2022-07-15,ASML
2.119301433423224,0.6209757218792802,0.0021894868962678885,0.6283097909235038,0.010059912604393529,-0.3531323344396151,0.7757331260388348,-0.013077077823774543,-2.435012810496794,-0.9470702625111029,-0.3668731245138671,0.06585775096116475,1.2767258517960873,0.7995079708508818,-0.7758639719455834,1.9041682136949358,-0.6666464008348367,0.12958836166374338,0.5025638953708332,0.22965034606159562,2022-07-22,ASML
2.3251260086814285,1.572243357073409,0.7207072836796479,1.334936464498804,0.7320951690989881,1.4100824276434927,2.0994705096642523,0.7602822873280078,-0.003574018448116127,-0.7263057687264419,0.8639126484650963,2.155998538350743,1.4136683990411691,0.5680840772623514,-0.3071946359741426,0.26399330629528706,-0.6905832368232762,0.4949112673901082,0.5687149679405674,0.2699914868943037,2022-07-29,ASML
1.1993686070626455,1.4763267407950422,0.7478922723288258,1.0469077964871327,0.6401012330655055,2.6272512740948186,1.230294461279014,2.0725967113450534,0.7795836990138078,-0.41120220057130424,0.9764533871247955,2.1611687104542083,1.4098150119556692,0.4263464830548813,-0.17608280634281548,-0.6981130050516022,-0.1124032283796948,0.16512394275986497,0.5825439317251432,0.3073395326948999,2022-08-05,ASML
0.21503804693000342,1.0939849203761154,0.6461287866851556,0.7094668355357291,0.45920245716943875,3.3391660233223113,0.004112685564156404,1.2109210652420843,2.108524958687877,-0.35526272397157993,0.9526296217470088,1.6061567340685239,1.3757611265576435,0.43238964541354,-0.07663038315802818,-0.3533915740601218,-0.061418883074296736,0.0676385312636191,0.5809708826069784,0.43592595156752756,2022-08-12,ASML
-0.9471984074750006,0.2710941438232614,0.13335883869091736,-0.18285422812575003,-0.23783001350304148,3.2008611162650857,-0.17208646778670492,-0.004679589874553604,1.2359320056535719,-0.5533053695926116,0.3801640098701645,-0.05459573550231942,1.2314694856953694,0.5666670843852435,-0.4239981877189823,-0.9928898620421319,0.08192388658207156,0.013470482144599906,0.4992139884991741,0.47312881912872984,2022-08-19,ASML
-1.659873100497212,-0.7312698436013839,-0.4483758117350559,-0.9875406999997571,-0.9194660928048126,2.452593373034595,-1.0937466762646246,-0.1793582635315924,0.004929864469801524,-0.6792378935265287,-0.278458127709216,-1.2138634606414325,1.3112411732443376,0.727232439070648,-0.9462493023349405,-0.7570296159740983,-0.31504049262164335,-0.008774000238332335,0.5397245954295714,0.3905799463966459,2022-08-26,ASML
-2.3041576485577906,-1.7597902670422212,-1.1807213813118527,-1.824631894088765,-1.6651099960948246,1.2318690360708002,-1.3012632134124738,-1.0930651668718625,-0.1719619629456119,-1.2841462162215334,-1.0756283215525446,-1.9153106589584818,1.3487843284830812,1.032217387551586,-1.5633382110305851,0.23947581187134606,-0.7851698044249096,-0.025267635035388588,0.565114517997191,0.5559774937170405,2022-09-02,ASML
-0.35639103405985223,-1.0514871948510824,-0.5801661717974109,-0.702122972808803,-0.8047043310615491,1.0503376573139778,-1.6459014557560363,-1.2987909764545378,-1.0972454017887256,-0.9262420861277719,-0.4451642118194054,-1.387870310546291,1.2478368147861183,0.849635795214779,-0.9282440283891581,-0.8583103354829823,-0.7512793147187911,-0.012005165199447235,0.49512470705797546,0.580156399340124,2022-09-09,ASML
-0.9354491381128148,-1.65815935756394,-1.153379998646779,-1.4097298072327702,-1.4056495311600374,0.40270108318368825,1.1789744116563747,-1.6404552235249528,-1.305577727891938,-0.8803304193064152,-1.0745084533200766,-1.5003391611553027,1.1633363324111268,1.0334320598555722,-1.4354904902159669,-0.11796644761799448,-0.7935261782083358,-0.01779430482007975,0.42523309534861037,0.5431583254639967,2022-09-16,ASML
-1.4935555001044662,-2.0416425856145577,-1.7315132299737133,-1.9412870946885277,-1.8916429535001498,-0.4602242437738231,-1.348078691433401,1.160043872987674,-1.6515708120016743,-0.7808528570783556,-1.6546224895106558,-1.5147287321727227,0.814575719454065,1.2342467809390938,-1.7937953066884493,-0.09515472805513445,-0.7380905019103124,-0.024929358317688003,0.44092641676886174,0.23469447289235262,2022-09-23,ASML
-1.8670767642223254,-2.1287632628512165,-2.0823258044479194,-2.1381331435116744,-2.1189805204714722,-1.240155579318515,-1.3338934639317848,-1.345202468517907,1.1844102066655744,-1.2283148685152039,-2.0422975238930623,-1.220872569997072,0.8769564057532178,1.3527698709469083,-1.9050413106235287,0.3329844689414361,-1.0850249730636572,-0.03530620266782975,0.7475099539700001,0.6577477447553242,2022-09-30,ASML
-0.3470529765267414,-1.246705518550381,-1.6616706182250685,-1.2601659980229807,-1.4655011865642371,-1.2637111435848034,-0.9918602890562008,-1.3311396499493546,-1.3525772469075468,-0.6549403187537716,-1.6896786475536458,-1.414553373991979,0.8617091512617143,1.0997464751600403,-1.5010008652116997,1.4030197919866436,-0.6164357283425448,-0.016370684657608048,0.9282472327499676,0.7465823490184366,2022-10-07,ASML
-1.9080319286031244,-2.2263118945556686,-2.539733078033833,-2.550472810458306,-2.5311130005684612,-2.0414988164993524,0.6935598428400661,-0.9920579903740535,-1.3383362544433681,-1.041139998831507,-1.8756770330356098,-1.8965618674654703,0.6347700227411239,1.828072806928401,-2.060664824821471,2.6515369679470266,-0.6815870460962163,-0.043784095534753945,0.7865696281412475,0.5730524182832516,2022-10-14,ASML
1.653009676247947,0.2016268664444766,-0.7067569807234105,0.18699752596864022,-0.36452100330568726,-0.9460298881316018,-2.4256768862245006,0.6788181040658868,-0.9949584788421438,-0.6154843344124094,-0.6536480854787503,0.26557089228984115,1.9889878967657701,1.2257596862912292,-0.8628740850942579,2.731775849419485,-0.5197746715213093,0.02448127077461378,0.6946239137515667,1.6345281602284087,2022-10-21,ASML
1.9523191100411248,0.8615588920107872,-0.005283039248247815,0.7857161660409624,0.23175899676743236,0.33361978217502997,3.8341104573172795,-2.413501718665288,0.6970873762260943,-0.8234572421160637,-0.2573342030543782,1.292037522090143,2.0966446615154317,0.8139031417513032,-0.4562881751208077,1.7580946098059391,-0.5300816253664955,0.21543823964986977,0.7968099668033748,1.8168293843414278,2022-10-28,ASML
0.6970931007577061,0.45268506109406786,-0.21340283568394755,0.056087327070949336,-0.2659471289477138,0.8958248929350652,0.9246172148207361,3.7922678877733524,-2.43441169543395,-1.2355155400597895,-0.5368629290781335,0.4646762100431103,2.1124632149949267,0.9138732866347355,-0.7281481662514607,0.6352184926760931,-1.039370860425308,0.02331768903990741,0.8465196958055181,1.8288878913446247,2022-11-04,ASML
2.8838139965935596,2.952771778276968,1.9852819578662306,2.6276885587516285,1.9970218671414623,3.0907124409095297,-0.8325266966107004,0.9078816069755458,3.849984122439422,-0.5369637033386965,1.1982541885801634,4.314456036525297,3.1679745520957074,0.570812703527546,0.7026382080901151,2.3380609173503277,-0.7480201540874439,0.5047492078998115,1.0796334676854107,1.9015214703975014,2022-11-11,ASML
2.093282075889298,2.7400543292360777,2.1501340123855814,2.2742570316510835,1.9173820559860961,4.6682191800681485,4.024483145007177,-0.8340993392222538,0.9290530808857294,-0.4410942674296848,1.057863994082257,2.2439526900656332,3.051025861718075,0.44189913723083274,0.7518886131727073,0.36047517819276087,-0.26972458212375955,0.10620371716348613,1.0535800657932066,1.929575738093188,2022-11-18,ASML
1.0304974622292962,2.027070207386184,1.8575282618862332,1.613783797887774,1.4972356974387995,5.464154908956993,0.3947568351580195,3.98099778774046,-0.8349985142206141,-0.2711720199060658,1.0184221318342779,1.6032094403831556,2.841738462718229,0.4599131319931064,0.5982352787658115,-1.5273614217893003,0.0031898896068266944,0.030703229162462917,0.9833520662332291,1.810826912282668,2022-11-25,ASML
0.2895861179682942,1.7497990277598927,1.917805036784106,1.4565552260436065,1.4464709018998962,5.9695050128098694,-0.170039171425571,0.38259356453759436,4.041105203188277,0.027330682177551982,1.1217768929487633,2.2877549235913786,2.7931591598227437,0.40300891964840974,0.6249215506050445,-0.48804841227205265,0.3417312428047952,0.09380349788585335,0.9660032826416791,1.8817789518022052,2022-12-02,ASML
-0.14989914375089328,0.8541407186508354,1.500253128231122,0.8759202128569408,0.9954692169890831,5.8872406960463595,0.29402529707248515,-0.17732863395537285,0.3971097142401227,0.2866457246491854,1.0155096405028703,0.06591762455967094,2.6509555525768107,0.3366142701064049,0.45558065334015846,-0.7661663773708907,0.3375010833814651,0.01996687949397495,0.9265845266594056,1.9291117015059884,2022-12-09,ASML
-0.7646425887291272,0.005629377471807973,0.7952534591612095,0.11937880257403187,0.34571728611207725,5.170861593532802,-0.3689533101725168,0.28273127159469463,-0.1699066182535704,-0.06125838832552387,0.43704631694630985,-0.531540459681746,2.5587343832603504,0.6156368360480632,0.19189641863722198,0.5027692875307113,-0.08827381607776077,-0.010203282764360586,0.9067042567762362,1.9817009436037465,2022-12-16,ASML
-1.2049693309311242,-0.6636230591656779,0.13293821439961298,-0.45446571190151325,-0.18533776149219972,4.089861537571978,-0.8372091733140068,-0.3745262780255441,0.29598218035899365,0.020543220069295005,0.16158138492857108,-0.8502570293134646,2.5350404143056204,0.7082741108046094,-0.04410629318771314,-0.7855541095687181,-0.10989849003494942,-0.015175580690462712,0.8961482736855383,1.9969403985131498,2022-12-23,ASML
-0.8930994116951021,-0.9676232918845762,-0.1380241419774962,-0.5180268703649066,-0.29742602581117594,3.1277146963949525,-0.8524686508714937,-0.8387414093140142,-0.36960272820958523,0.23703005352366835,0.1019268562213528,-1.1073521917786253,2.554099438184599,0.6379864156976618,-0.07817896180391894,-1.6083360169311365,-0.07537671439335816,-0.027019679994606693,0.8848337478188949,2.006045540300512,2022-12-30,ASML
0.823848367529312,0.026698170000522374,0.40739818808149875,0.5910527332210598,0.612224792076571,3.191751305810813,-0.29281286001353746,-0.853869207885971,-0.8396993986750848,0.6460269763746724,0.6954656996089719,-0.28203256146345973,2.053743573925012,0.4640236571014294,0.4273219242498961,-1.3079073621432002,0.2062909216099029,-0.014922116534281684,0.941033512471297,1.719707839461603,2023-01-06,ASML
2.1971464714528,1.1767009066949523,1.195066297978599,1.6828962071871316,1.5912895806881773,4.12846124662742,1.5068944041210715,-0.2990428685284725,-0.8550188642866666,0.8055780649818655,1.2538496583282501,1.0386851998516835,1.334295561967715,0.18568820917553636,0.9083076308756123,-0.5034151000858268,0.2141255043283065,0.011666608674984168,0.9649487504244283,1.1761044073574658,2023-01-13,ASML
0.9818013690589068,0.7905240179317751,0.7542809450754381,1.0006941848004738,1.0751572409605663,4.306796631543266,1.8078161269909485,1.4851341373846758,-0.29316295473329446,1.2249859530472393,0.9466289500356088,1.2837019449997644,1.3714172764777226,0.14990299198003887,0.649783749202129,-0.6918152309629013,0.6642793737661529,0.011968671755261747,0.8490929167268565,1.1645376054846568,2023-01-20,ASML
0.5723730548506281,0.9966774725448773,0.7568008805453916,1.0583971035652522,1.154143406788086,4.480993136647484,-0.4269665064709262,1.7834591090196443,1.5136193181169901,1.0291705658092092,1.026610829642065,1.6721990704128447,1.2395942024566402,-0.10245054053572378,0.6729181459136003,0.6467370278634675,0.6837692736018379,0.05553506608325265,0.6225662875789327,1.1525387897866106,2023-01-27,ASML
0.2929272381185453,1.0153733799583302,0.7997235715517829,0.9755282218842483,1.107687050666595,4.527793556355038,0.3869492601663847,-0.43203885962026184,1.8157240243833723,0.9751559181966982,1.0207563853339492,0.9685655958615572,-0.2870125948657474,-0.09427415695896027,0.6381424465283244,-0.2555812254966071,0.6657354213880994,0.054203796585744195,-0.42301468083183374,-0.3270310345632108,2023-02-03,ASML
-0.3351144195946952,0.36120244269129265,0.35715565839335617,0.281153257411042,0.5127010966348374,3.9129983064305818,0.20160594558124303,0.37485336364513666,-0.42784398596977513,0.9407731040915265,0.6638824817719124,-0.28036169522152365,-0.20727599173257516,-0.0679820707347193,0.3622988758886254,-1.0017516689196775,0.7037770186790897,0.019736628056906964,-0.09647177451930303,-0.10544377038794465,2023-02-10,ASML
-0.49788108112089285,0.018666652531971344,0.2009174503747217,0.07640115233414502,0.3069644301149093,3.1974610842928866,-0.7110999461146645,0.19110943668957855,0.3892714461117679,0.29011879482715797,0.3648779139362695,-0.1947930595571392,-0.2014311431403941,-0.3380838804904818,0.2570008975840115,-0.8855956454798058,0.16638812862171742,0.023147721622376074,-0.09423189213108339,-0.09689138674222846,2023-02-17,ASML
-1.1527934713680512,-0.795883717135703,-0.3473125525042308,-0.6289817375349608,-0.3399839995086415,1.961531878373476,-0.2515847291733236,-0.7137204195750326,0.20319950993787425,-0.27117151307181064,-0.30456163707367934,-0.8767512445529809,-0.06517729390370237,-0.21398058907919215,-0.1114831145139395,-0.9726656897741393,-0.3047042168485097,-0.008661349217715183,0.07043454472066452,0.03574405485363693,2023-02-24,ASML
-0.27990889105371264,-0.5345580815108776,-0.10286449317978505,-0.18743547924157233,-0.02379645381062263,1.3388159290152752,-1.0604807671543441,-0.25817050861317326,-0.7130944109154875,-0.09139623612032637,0.07455559296840271,-0.778333222367605,-0.05026322094548459,-0.28430091730869905,0.05027935764080965,-0.5008236326772699,-0.2297406767740775,-0.007294316574479216,0.23502137608593857,0.29936199061815516,2023-03-03,ASML
-0.9786459561015296,-1.0903484119075906,-0.7052438845723927,-0.8920063837726167,-0.6625262261478985,0.20691007945009637,0.42586314881293413,-1.0600863200904118,-0.2517727478761425,-0.5702600268647386,-0.6471629833461174,-0.9862966106449855,0.03122597053131638,-0.15030806126540067,-0.47341812927908633,0.05443468977607366,-0.6976193531210723,-0.012812578106697852,0.32175900204812496,0.3352734806754648,2023-03-10,ASML
0.17603087801723893,-0.4397730792633588,-0.3068793192956197,-0.13127465594945723,-0.0738875654285559,-0.03685637801189992,-1.1560657965021954,0.4134314517139334,-1.0638487177454434,-0.23064956412226276,0.0009255729296907974,-0.49861018362647647,0.01439534582216039,-0.18327325727695618,-0.0782285007273168,-0.14369513975166737,-0.282662905156502,0.009151356863658113,0.24732232375483557,0.06032712126684182,2023-03-17,ASML
0.37497622848381446,-0.13118536956456694,-0.2261590137652918,0.10209341401086017,0.11434060028522332,-0.023059882520886917,0.8472139803377692,-1.1548465151902378,0.42833831302696235,0.09657294511925102,0.27708342292476484,0.15519892053675588,-0.0064888294353104775,-0.3772066243845301,0.14082219467449597,-0.25344434399584337,0.24383716422708163,0.038875697908111344,0.22425005884084195,0.05210671475902511,2023-03-24,ASML
1.0462072826876594,0.49790515532482654,0.1646144515985506,0.6349177364594116,0.5783605810998295,0.47495221570685764,0.2651798169203349,0.8311463101303561,-1.1598095109351154,0.5448241011268049,0.9391428611599825,0.33660520776724073,-0.20558950616160518,-0.45280961690303484,0.6638683249429729,-0.38465818905721916,0.6250220279242946,0.03151259517176426,0.8852950716089797,0.17652163778655475,2023-03-31,ASML
-0.09917588831568079,0.044342885379793,-0.18948916523928933,-0.00282861582211161,0.05993826693063471,0.29936703079704136,0.7968800077225885,0.2541347084548899,0.8513455588280542,0.3431750525465321,0.3809968451253269,0.5543229590168293,-0.6387590309628525,-0.3746996702934724,0.1383203481959904,-1.1062991529721329,0.5824799815136493,0.04682828213573611,1.2028105954761146,-0.13249779566339165,2023-04-07,ASML
-0.07200131556202559,0.1827778353356694,-0.07677639465505294,0.10655666850987205,0.14525536443779138,0.25657642970146877,-0.7565254572698957,0.781246685704797,0.2670233028629801,0.09343500495415588,0.2930958221634597,0.19143735465305667,-0.6495562248364574,-0.49997118908330956,0.23754546724252856,-0.3862682098929026,0.2294398573275014,0.03634616784124139,1.13490881640038,-0.1842738070765114,2023-04-14,ASML
-0.9134638005966284,-0.4607536044910467,-0.5152569785516415,-0.5589108250908512,-0.42937082822554473,-0.3842099860345784,0.12009638053026034,-0.7587539392480147,0.8008137133131837,-0.7750508847071397,-0.7064031670125048,-0.4306387817883754,-0.5687755890202355,-0.45334098964997066,-0.40374829723699723,1.7400213140229233,-0.33198388340395024,0.004048923151485589,1.08416096116792,0.07125072687899048,2023-04-21,ASML
-0.5244184653494864,-0.41404578512890566,-0.4277524979728213,-0.448040407469321,-0.3729701307327453,-0.7946127665241567,-0.9911438738511616,0.11030324413588329,-0.7586984988280292,-0.6485034932545795,-0.6311158563110867,-0.8157734170732979,-0.5928904712971078,-0.513507918454589,-0.39469791694159845,0.5098331959249882,-0.7737980586548001,0.007357667844260488,1.094232285571677,0.1350321864198214,2023-04-28,ASML
-0.025241355159683104,-0.24322145717695198,-0.18925291406252467,-0.12064354661257866,-0.11890980862066379,-0.8203686357353532,-0.06167174556194209,-0.9913477573483886,0.12136951450655194,-0.6816687466818427,-0.14719022281765284,-0.31995736762062055,-0.6045955676298195,-0.6021110262525241,-0.14810709441315503,-1.0241297223664767,-0.9899314823187237,0.020949303702357626,0.9072213619482985,0.13555862071124689,2023-05-05,ASML
0.017580701735821366,-0.33314667064916603,-0.22882572541571763,-0.20286349825790476,-0.19327265383999234,-0.9061036169991838,0.3064519328452192,-0.06989634578885512,-0.9942392472658421,-0.8447650250772913,0.03159732466638716,-0.474520589514058,-0.6061734889201256,-0.7033609705206346,-0.2781352760755728,-1.1229060843255212,-1.1480988143899862,0.0057051980772040425,0.9063795127658592,0.13350113386901966,2023-05-12,ASML
0.9385053788302374,0.4226612012153588,0.37419266860078076,0.6324544031442196,0.5181426512065272,-0.19576811501619676,-0.20793670895345523,0.2950506738932851,-0.06111317839435468,-0.15741808485148318,1.0882864201615288,0.5894104373185046,-0.5429701767672,-0.7613047147541923,1.01788038625368,0.3115625727037323,-0.672609597221526,0.03574122594760018,0.7809658021405903,0.3396709021023976,2023-05-19,ASML
1.3752455407029796,1.0576618520879204,0.8650976599850576,1.1613654764399979,1.0223801912247,0.9001085074502306,1.1686479879400287,-0.21489914132924556,0.3084576677189556,0.20078153046225342,1.1259678260039068,1.1282985109694534,-0.4370362677575391,-0.7082715812006998,1.7535086745595918,1.5497468051155852,-0.10075774687177537,0.03430481440356412,0.8159099150880603,0.44855540984465053,2023-05-26,ASML
0.5025615405973886,0.6766763694827667,0.5281209207000784,0.6313202157508447,0.6302207897085701,1.285190993322341,0.962840052424285,1.1498065593338451,-0.2079531385708536,0.457405077549907,0.7882372821010682,0.7397326566199619,-0.6674940908691713,-0.696185539152482,1.1225499042470455,-0.21355146288168564,0.29748182995178235,0.017657590507769345,0.39842964087621663,0.559696969707566,2023-06-02,ASML
-0.21700281384869877,0.3925091396477561,0.2901289128223204,0.2754087988054312,0.34562412567816964,1.2433073980992693,-0.40698887969981884,0.9457746073051281,1.1740431877150752,0.22545562127889024,0.6015326112889501,0.6636640338749568,-0.7229301069325437,-0.714968208867776,0.7391207415053702,-0.5347821530210898,-0.10701322900977187,0.01638784696812608,0.5821865463955089,1.3904202694178893,2023-06-09,ASML
-0.24212593285451453,0.29061313613790485,0.27956864095946443,0.25654340075824494,0.3290647370317006,1.1815592543467137,-0.349166553312297,-0.4122336262759024,0.9674261800982479,0.7534174566423046,0.7293991030493946,0.09456447724934676,-0.7303462338641056,-0.7625635306970305,0.7199405401364948,0.1183639937028745,0.36824682395486147,0.014878793146410618,0.10089091685356139,0.6654973872077531,2023-06-16,ASML
-0.6381758827639344,-0.27517916901546347,-0.08872870518067642,-0.2681445277020256,-0.12684186242685302,0.6042393607833838,0.022284390409321557,-0.35491026751364907,-0.4077878231576455,0.17875164454769532,0.104221904412063,-0.7049878830974845,-0.7565615048934737,-0.7673807245854783,0.18690383853849546,-0.9727330280392019,0.007833550110813695,-0.001399645003562217,0.10279515638616214,0.5027750563996136,2023-06-23,ASML
0.09400227421277481,0.02933093916627173,0.20873935984240347,0.1909802846946785,0.2391694168330802,0.5857727831514695,-0.7308002175407667,0.013335305430419312,-0.3497381856560859,0.2814102825332787,0.7378093400795571,-0.25389133662650293,-0.7930606574273529,-0.8637350178975767,0.6008403538689834,-0.14406605430827257,0.012995764620606235,0.012039627687604582,-0.0655853310638889,0.47905684760443956,2023-06-30,ASML
-0.5422914679078561,-0.5603818035589405,-0.2283615229694957,-0.3844162301065246,-0.25769237772217646,-0.003583337768684647,0.5662370114057573,-0.7332506909636969,0.023173005916196407,-0.3508165561988144,0.0770970118716831,-0.4875616243655928,-0.671639167440821,-0.8164327031456237,0.01200500636920186,-0.39328118343562973,-0.3850563431815626,0.012411780132594273,0.25321270211163416,0.7858678529302305,2023-07-07,ASML
0.799381414807562,0.28934031942337307,0.42845857819104977,0.6055516883526617,0.5652201143244432,0.5111398275428495,-0.8287300560169446,0.5525939826768549,-0.7328721280433538,0.3918908252098703,0.9047404543549077,0.1324256444666655,-0.5653482014165282,-0.7905417873113971,0.910153263251055,0.8356658760971265,0.032476083375597445,0.013565597943197562,0.25621662326757283,0.9489926659085194,2023-07-14,ASML
-0.8184193089769447,-0.6547719795557216,-0.4849392278414052,-0.6044934423338587,-0.45026644440191504,-0.2893481159160513,1.3569723830398084,-0.8303354610726854,0.5692640133108864,-0.3057673184488314,-0.3144704759076322,-0.31158658909980896,-0.14442395184455617,-0.4180323998870006,-0.24609340231487623,3.5376502343486735,-0.29694233268714254,0.00158690141709379,0.41872196200947076,1.5749777442472697,2023-07-21,ASML
-0.09451655219056442,-0.21271987559709793,-0.21776961284399318,-0.10563464433697224,-0.06572767335579117,-0.43418730166926356,-1.5846898122585318,1.3365058420925315,-0.831186948274371,0.1663310990411729,0.18820726060760434,-0.33171070827294985,-0.12163274677471339,-0.5126323762601624,0.17007971828499888,0.2727522247402101,-0.24114430375074689,0.0038306343136057675,0.6456578895381921,1.8866297340579246,2023-07-28,ASML
-1.04094001152225,-0.8041817266201285,-0.7865119785559767,-0.7972112092361399,-0.6678305616196828,-1.2306243392466893,0.5225302077112493,-1.5797717951703332,1.3631079236265289,-0.2079375987744085,-0.9097891028754573,-0.4698195723043545,0.03626314389459796,-0.3443397981828983,-0.6871385686851293,-0.49646204001983657,-0.19868528534654764,0.003100515129558311,0.6721626693987969,1.4021556347637718,2023-08-04,ASML
-0.8884707680800581,-0.9662360178782536,-0.9769818690438189,-0.9628640662153621,-0.8546541212418659,-2.0131120305761527,-1.107051626282263,0.5092643391799729,-1.5901185333076153,-0.4450198248048998,-1.479973120708327,-1.3028117650854767,-0.15304343649262753,-0.2568034146373064,-1.0748822107370983,-0.7130370665793302,-0.485683995459083,-0.010538166363652084,0.5340448096381873,1.0128566239011083,2023-08-11,ASML
-0.821249025257188,-0.9947146786505295,-0.9812571766145135,-0.9251936213749198,-0.8704997741989279,-2.5763914437455795,-0.5634844537700308,-1.1062553041566108,0.5253853894413779,-0.4729668431635234,-1.7806747556971765,-0.7141519498006836,-0.35943512621166196,-0.2267052468405703,-1.18146518043892,-0.5892748428509116,-0.7622916139701414,-0.004035703892717575,0.10743291129598222,0.44835338156294136,2023-08-18,ASML
-0.479979079064605,-0.9205043367569443,-0.9632956829295272,-0.8585360253305045,-0.8527919386336513,-2.9311720568685335,-0.3060577725359419,-0.5673787492342804,-1.1106026562223166,-0.885708229377031,-1.7303072334743723,-1.053649355308601,-0.361865869832035,-0.2478107278591322,-1.2702482855499866,0.07696366112653949,-0.7732213760297497,-0.019783883709870102,0.19500258463281453,0.5194192446837123,2023-08-25,ASML
-0.02524327847618665,-0.6445450876805168,-0.743930640423431,-0.5226542022153376,-0.5981908629886753,-2.8638966052684554,-0.24901364359384182,-0.3121734864010232,-0.5648986125868085,-1.1930882932907543,-1.4411392543962567,-0.4543163999821822,-0.33429439689325563,-0.5028485663879158,-1.0184265589642971,-0.9161792789439591,-0.9693366900366528,-0.008750218837546031,0.13846944116397963,0.2578451427063772,2023-09-01,ASML
-0.8101766804231382,-1.0041821765526517,-1.1334200970982138,-1.0911594104760276,-1.0838817368896967,-3.3056319610698965,0.18994413170402252,-0.2556216097658087,-0.3064599356522664,-1.3474170335338056,-2.0492169364328294,-0.7012104320608519,-0.2515412231965334,-0.3429839714965633,-1.7619477434639539,-0.8084379444665442,-1.3481514971491133,-0.010381029364371715,0.3787667503049111,0.7610040027523227,2023-09-08,ASML
-1.3333431377077944,-1.378577691660715,-1.4741144743712413,-1.4956698083655386,-1.458941247872975,-3.977644072071311,-1.0759066898659857,0.17954825639008098,-0.24919155484571795,-1.477013643228126,-2.06009742354267,-1.034320104167084,-0.2045601262565132,-0.16598716431222985,-2.2278750450020146,1.7914801980157127,-1.4254474207707588,-0.021708641965239334,0.32097519659570994,0.8404343657666039,2023-09-15,ASML
-1.1609793782326223,-1.2793151135661032,-1.4675680258534347,-1.4210618090398737,-1.4493284920067986,-4.385894757339908,-1.028473629902436,-1.0753791275072548,0.19149185114105702,-1.5907507840409496,-2.021301702518028,-1.1095473716247668,-0.33624785517660016,-0.16702086247566894,-2.149858585543758,0.1689570040532455,-1.8612572589906058,-0.029080937928145978,-0.13499898927422518,0.142157032382585,2023-09-22,ASML
-0.5404028493656207,-1.0488960408844694,-1.3275437465739655,-1.1472380445906565,-1.2629607022158038,-4.410540564330488,-0.4195585821259872,-1.028355382816332,-1.079335282840325,-1.4438813051337125,-1.707004778933093,-1.2254195177833311,-0.3502228972415501,-0.1396156977890259,-1.9425479948673008,0.3825931108179294,-1.8976879842764351,-0.01839343609203174,-0.15136103123459946,0.12176988923007516,2023-09-29,ASML
-0.0075594253177558935,-0.7279389044999105,-1.0192265160104823,-0.7877542664633492,-0.9841965357350182,-4.063449780099635,-0.08174280233239373,-0.42469486065933093,-1.0317157540441264,-1.6527283185830195,-1.5645910938425016,-0.6779002051614004,-0.8326517101233704,-0.1722641893466596,-1.6528815579023357,0.03927521429167112,-1.910989393263748,0.0030500664456614493,-0.5814841825993858,-0.5366618343913483,2023-10-06,ASML
0.04542574150402377,-0.546531177890982,-0.8728565375161201,-0.6258421279824142,-0.8461966411437017,-3.5985268390637586,0.13748342285434278,-0.08979420289476431,-0.42040693959463155,-1.4547079821902862,-1.525469378717659,-0.2100150448407218,-1.1048235411841183,-0.19053849106017468,-1.506078774431134,0.3412369605653445,-1.511643906886624,0.058916643849711674,-0.18023520016270747,-0.663154768686001,2023-10-13,ASML
-0.5443949543086215,-0.7694368933905119,-1.0121596467936154,-0.9346080026562964,-1.0922863525693918,-3.4466737247411245,-0.05744346150238634,0.12754024802739303,-0.081263138497817,-2.417904265851731,-1.8309112464215211,-0.35886425286071394,-1.2825495303020555,-0.27626914337121455,-1.6569908290471733,1.5446934164038015,-2.0598944763645433,0.0702764438231319,-0.3391040943219347,-0.969073152645012,2023-10-20,ASML
-0.22884817313035852,-0.386608588051708,-0.7472130207109812,-0.5906473775327953,-0.8128236297491158,-2.994335310959802,-0.7223134187449518,-0.06570454896507777,0.13882490876677098,-1.906170375781854,-1.5518901327366792,-0.2352780455231405,-1.336465020175208,-0.5562915809516721,-1.4131214512328452,0.1576678885719956,-1.4830257323842735,0.045971960395452094,-1.619001029728411,-1.5408435425462301,2023-10-27,ASML
1.1425084249714212,0.6815640500730628,0.13375672673361458,0.5440166797580344,0.1572698724945686,-1.628105117125324,0.17883314415381785,-0.7248371275097618,-0.05686827210563429,-1.4022636445195877,-0.39015039850330147,0.42528279792316515,-0.6762239112104346,-0.6453994739886446,-0.582817630461118,-0.017265016172588254,-1.0095361376113492,0.03663928268028406,-0.04014900039128432,-0.6517033821245486,2023-11-03,ASML
1.2070783620027836,0.8837729885381848,0.42332684964976897,0.7180646880273648,0.3893472374952438,-0.34798612091730347,1.5271151336182183,0.1685331491584086,-0.7243519659463814,-0.7354020737364452,0.4340646482567431,0.6624376344787493,-0.6320669954835426,-0.7624451096866431,-0.2687175916365176,-0.5616009399402104,-0.6141434550940975,0.02769868790608512,0.08450618062791815,-0.5512248568173969,2023-11-10,ASML
1.087408907827548,1.1039131358114442,0.7638215536717763,0.9512814123056611,0.672119185677083,0.9118809641990034,0.40141803114000396,1.5051803756427333,0.18033718407956512,-0.2186466279787374,1.225212520294819,1.3615456163372028,-0.5728220354470956,-0.810768905402446,0.1677858420461435,-0.658516830414917,-0.24327581619751298,0.07844623566456199,0.2013345949480073,-0.44140851870803066,2023-11-17,ASML
0.4401328213736263,0.9216172555664359,0.799728507375879,0.7592764348307937,0.5905430554033672,1.75833483807998,0.5487098747307487,0.3891972788970252,1.533919539340531,-0.07282478434969229,1.1202740848283348,1.263652897233625,-0.5815140861845752,-0.8482424474784854,0.25303438398959965,-1.8350315891067146,0.05553780327739561,0.05327200756430752,0.2951991341998025,-0.2747737073958881,2023-11-24,ASML
0.10243339631462949,0.6887329575711748,0.719899031095747,0.5405858999929518,0.4591973446248649,2.228556482231876,0.004366288141137331,0.5352180933540518,0.4037970967139709,0.0013336786391862556,1.1458968762888295,0.41949570692752636,-0.7837736993444532,-0.9293366922976152,0.41202861987949096,-0.9451561812198662,-0.34906639378437637,0.041532375559741486,0.38004618855909994,-0.4380660520595646,2023-12-01,ASML
-0.02961557032973126,0.5200142714118159,0.6410285082479125,0.4316347687680665,0.39956531093789893,2.4872372129659106,-0.1031086537860864,-0.0044281757165364885,0.5516679739608662,-0.07602128270771648,1.1015909576989267,0.2075532868452478,-1.0295499677094735,-0.9372650173318783,0.4736942054426691,-0.700764035531376,-0.3337345451180345,0.03589407963215161,0.7933463217294489,-0.558507848344497,2023-12-08,ASML
1.063910505095951,1.1249560353570063,1.26251116257162,1.2501098113324463,1.1353543197624039,3.475757031974025,-0.01928383974778306,-0.11097568148026346,0.005184464009165286,0.9683297379975321,1.139896978954002,0.5932255832578454,-0.8333872713312891,-1.0007737020298313,1.288418547431381,1.124817816779517,0.13190619714809107,0.03676056241028394,0.6673428847666768,-0.19886620058524598,2023-12-15,ASML
0.6125822651016468,0.7154484091272231,1.0194880538547095,0.8833551360195243,0.884598348443382,3.901526561515086,1.338160413268395,-0.027874218974358773,-0.10271298338103299,1.5999546192388667,1.1325547213965468,0.5174681077984475,-0.8249644707815537,-1.036214998752476,1.0457098520186288,-0.6276333638093922,0.6774782307459615,0.025082420474960822,0.5878161431298,-0.21047366644699345,2023-12-22,ASML
0.2845048015678153,0.5245025935787411,0.8619233752983958,0.688338413061317,0.7491001452419609,4.024512467587369,-0.1401269231309017,1.3178562069152084,-0.01855863725618998,1.846181982225682,1.118198193353995,0.5587036464899684,-0.812809223320739,-1.0547858404957011,0.9010175104763892,-1.871974001545802,1.0533879151482952,0.021275684481077927,0.6428470157638677,-0.16682071690018696,2023-12-29,ASML
-1.1719375146902022,-0.4890231972610908,-0.0441868814822899,-0.42085105268957057,-0.1998176672199669,2.964617527261451,-0.02429849639302329,-0.14767450816165595,1.344222000244579,0.7578562304945715,0.20958286799418407,-0.16873205676990924,-0.38601631419895965,-0.85534978937916,0.1385024244871891,-0.7066318558526398,1.1338304273857038,0.010015794035827846,0.7527277165459808,0.21065473137104332,2024-01-05,ASML
-0.6570505187749881,-0.377352165776199,-0.06755116399075227,-0.21792276865823484,-0.07291961561028296,2.2819321319962054,-1.4099562691565508,-0.032845602519498474,-0.13987677893640107,0.7653376618809532,0.34780355040654165,-0.7144643640882914,-0.5112711533754591,-0.9213718746588189,0.2103066710162111,-1.0342848394166944,1.1062261870967498,0.00576601763989057,0.47487561198380995,0.06342866152718582,2024-01-12,ASML
0.49623346841972116,0.23530050468985575,0.3475464405062175,0.5127217584082286,0.5307085066203849,2.451688453062588,0.12424316929230501,-1.406546084535556,-0.02359300751829348,0.9909233955236793,1.1265833322513006,-0.1937917154846768,-0.41818134700648707,-0.9513736400982215,0.6481381825114492,0.7578179195992429,1.1388756538045621,0.018241105892644598,1.0023812912396164,0.8586857626502902,2024-01-19,ASML
2.5810338299889635,1.6598666371921083,1.5536427041219654,2.059940046062732,1.9080847717174116,4.242255191925781,1.001351875518531,0.1144142489115276,-1.414698077747701,1.6032002966241738,1.097055257841086,1.0193385870311273,0.044849720552863334,-0.9111705561102691,1.425798373847863,6.56790613846192,1.9282233327275955,0.03570856260537491,-1.007505598237202,0.7068539687905502,2024-01-26,ASML
1.8434541691347903,1.5778486419480922,1.5551393235970696,1.825116976474303,1.815512738263286,5.478085856808253,2.493311101979516,0.9839540993757949,0.12553260512346945,1.6286657970279235,1.2320397702385721,2.062982406978627,0.04449722482997685,-0.9402045083354841,1.2599654745274154,-0.04010185393916468,1.9435741475603239,0.049747847859591666,-0.8968444001784975,0.9742140388909456,2024-02-02,ASML
1.8434541691347903,1.5778486419480922,1.5551393235970696,-0.25573102462465763,-0.30978380749556045,-0.05084237877671538,2.493311101979516,0.9839540993757949,0.12553260512346945,1.6286657970279235,1.2320397702385721,2.062982406978627,0.04449722482997685,-0.9402045083354841,1.2599654745274154,-0.04010185393916468,1.9435741475603239,0.049747847859591666,-0.8968444001784975,0.9742140388909456,2020-01-03,MSFT
1.8434541691347903,1.5778486419480922,1.5551393235970696,-0.14143065226966803,-0.215864888499936,-0.04390586942042484,2.493311101979516,0.9839540993757949,0.12553260512346945,1.6286657970279235,1.2320397702385721,2.062982406978627,0.04449722482997685,-0.9402045083354841,1.2599654745274154,-0.04010185393916468,1.9435741475603239,0.049747847859591666,-0.8968444001784975,0.9742140388909456,2020-01-10,MSFT
1.8434541691347903,1.5778486419480922,1.5551393235970696,0.12473100234119466,0.006646505821312457,-0.01726361983497694,0.18031451011753338,0.9839540993757949,0.12553260512346945,1.6286657970279235,1.2320397702385721,2.062982406978627,0.04449722482997685,-0.9402045083354841,1.2599654745274154,-0.04010185393916468,1.9435741475603239,0.049747847859591666,-0.8968444001784975,0.9742140388909456,2020-01-17,MSFT
0.07172655526914395,1.5778486419480922,1.5551393235970696,-0.13534428123537198,-0.19813909348562025,-0.027253492485054202,0.5158458653282794,0.1700017319343272,0.12553260512346945,1.6286657970279235,1.2320397702385721,2.062982406978627,0.04449722482997685,-0.9402045083354841,1.2599654745274154,-0.04010185393916468,1.9435741475603239,0.049747847859591666,-0.8968444001784975,0.9742140388909456,2020-01-24,MSFT
0.33648297647672276,1.5778486419480922,1.5551393235970696,0.1582557798640018,0.04634705423995334,0.00263394578696787,-0.3527465111102539,0.5026376781573647,0.18182437358876122,1.6286657970279235,1.2320397702385721,0.3819701032063115,0.04449722482997685,-0.9402045083354841,1.2599654745274154,-0.04010185393916468,1.9435741475603239,0.049747847859591666,-0.8968444001784975,0.9742140388909456,2020-01-31,MSFT
1.232182182490544,1.5778486419480922,1.5551393235970696,0.9095597549690616,0.6868427279452801,0.1184047416984144,0.4389098920868253,-0.35845933269360514,0.5186747695734188,1.6286657970279235,1.2320397702385721,0.9614089161710792,0.04449722482997685,-0.9402045083354841,1.2599654745274154,-0.04010185393916468,1.9435741475603239,0.2255471183194103,-0.8968444001784975,0.9742140388909456,2020-02-07,MSFT
0.852199436557163,1.5778486419480922,1.5551393235970696,0.6718712063601316,0.5279340312371832,0.16996378248837557,1.3213950845027458,0.4263656104047479,-0.3533322169831811,1.6286657970279235,1.2320397702385721,0.6955012082654364,0.04449722482997685,-0.9402045083354841,1.2599654745274154,-0.04010185393916468,1.9435741475603239,0.13064663084756778,-0.8968444001784975,0.9742140388909456,2020-02-14,MSFT
-0.23015604458953864,0.2904658040007205,1.5551393235970696,0.021803293745117483,0.005525090556647983,0.11812064379322026,0.013789907614952005,1.3012355516140093,0.4414363456545242,1.6286657970279235,1.2320397702385721,0.4852237444955658,0.04449722482997685,-0.9402045083354841,1.2599654745274154,-0.04010185393916468,1.9435741475603239,0.19580263062119338,-0.8968444001784975,0.9742140388909456,2020-02-21,MSFT
-1.8427659071062474,-0.9327091645766157,1.5551393235970696,-1.1573605982700403,-0.9877982430479962,-0.08727051102249675,-0.7417845667949664,0.0049141242856476156,1.327390763622968,1.6286657970279235,1.2320397702385721,-0.6527498360064409,0.04449722482997685,-0.9402045083354841,1.2599654745274154,-0.04010185393916468,1.9435741475603239,-0.025022975638737847,-0.8968444001784975,0.9742140388909456,2020-02-28,MSFT
-1.326252733811252,-0.9698684583102216,1.5551393235970696,-0.9798639058646533,-0.8908420553895939,-0.20507234389305384,-1.8087437452716724,-0.7441402527023311,0.014645129613336338,1.6286657970279235,1.2320397702385721,-1.290639490977272,0.04449722482997685,-0.9402045083354841,1.2599654745274154,-0.04010185393916468,1.9435741475603239,-0.07801038628294514,-0.8968444001784975,0.9742140388909456,2020-03-06,MSFT
-0.927411582333951,-1.1008488639655283,1.5551393235970696,-1.0090567080386812,-0.9511330788971295,-0.2927418064823229,-0.1789110561137126,-1.801892294060841,-0.7438996589684053,1.6286657970279235,1.2320397702385721,-1.48006417576139,0.04449722482997685,-0.9402045083354841,1.2599654745274154,-0.04010185393916468,1.9435741475603239,-0.10818818257643296,-0.8968444001784975,0.9742140388909456,2020-03-13,MSFT
-2.3844128112599035,-2.4456913970857554,-1.9913843192850542,-2.439801479965208,-2.1667214422450027,-0.5667258830121282,-0.43649407971795195,-0.1861239602704592,-1.8150532670823238,1.6286657970279235,1.2320397702385721,-2.264970618229833,0.04449722482997685,-0.9402045083354841,1.2599654745274154,-0.04010185393916468,1.9435741475603239,-0.17323317545410652,-0.8968444001784975,0.9742140388909456,2020-03-20,MSFT
-0.4472484308258347,-1.3708083835601417,-1.2248135252706043,-1.0342861256866311,-1.0967378033085835,-0.5537243382515368,-2.5755558822327176,-0.4414842163448014,-0.1788133800924264,1.6286657970279235,1.2320397702385721,-0.9164317412285078,0.6086764427052482,-0.9402045083354841,1.2599654745274154,-0.04010185393916468,1.9435741475603239,-0.3113000164441419,0.9695386331430202,-0.6020151738861842,2020-03-27,MSFT
0.33842377427607373,-0.7992383747390192,-0.9473943612225455,-0.546980795085878,-0.7073426323932972,-0.4655741760703292,1.496318156938266,-2.562087360161709,-0.43740901401020266,-0.6772034494362266,-0.8628352915639105,-0.6720470301175784,0.6262830874383515,0.5765469000885636,1.2599654745274154,-0.04010185393916468,0.06129480417243449,0.07037972131489997,0.9277592206768506,-0.5833361541663237,2020-04-03,MSFT
1.5864640359542623,0.25958351848737143,-0.2673175508304613,0.36888123946927953,0.07069410475848582,-0.24932288786409443,0.3691334234810123,1.4746491560721797,-2.5848798957112096,-0.34854746787884755,-0.20056344116247984,0.09069324023243505,0.7651210357602954,0.5584862189382712,1.2599654745274154,-0.04010185393916468,0.2333608778216437,-0.04681738244349665,0.9375891694314767,-0.7126787172654344,2020-04-10,MSFT
1.8540627349157337,1.3023567552873045,0.45865774442247853,1.1958216762500242,0.8324677625766257,0.06183978804571127,1.1998357692342594,0.3571912655980801,1.503001493594087,-0.0952170315041853,0.5876087132707304,2.358903504203488,0.9406619746087306,0.4700435646815827,1.2599654745274154,-0.04010185393916468,0.3291471228438345,-0.0673752776624189,1.0070274821855987,-0.6914550473771516,2020-04-17,MSFT
0.5876319866762432,0.8560239208666223,0.19451542929193283,0.5601911087370867,0.3873879088099814,0.19571274422945723,1.3442296173873785,1.1807252111387936,0.3713855718139804,-0.33934246739203433,0.35045190159070505,1.1897246873804166,0.9493262921602508,0.6330391354708749,1.2599654745274154,-0.04010185393916468,0.024924491104510175,-0.052666130157444896,1.0652494564819674,-0.6615797138172239,2020-04-24,MSFT
-0.016801492112091112,0.7228586541289174,0.24154049809889538,0.370841716332877,0.27033826622599727,0.26572477854997456,-0.5398982837131322,1.3238730379016026,1.2053535744067927,-0.2816500754656391,0.35162280579843347,0.9183875507943493,0.7504703399386369,0.7354616145635688,1.2599654745274154,-0.04010185393916468,0.11210588400205128,-0.09370069881772082,1.0856924373881505,-0.7246253307550357,2020-05-01,MSFT
0.5514035816314928,1.2156911385953724,0.8410965479795716,0.9231022713454288,0.7728237613993059,0.42472213840694684,-0.12772567858757922,-0.5439961118955847,1.3503150636171726,-0.16933123276388964,0.9436300997791376,0.7747754226177964,0.8567872649027148,0.5163026755904406,1.2599654745274154,-0.04010185393916468,0.10653152466120698,-0.32878263671893326,1.1236343105998068,-0.7007571706772858,2020-05-08,MSFT
0.2572757178988366,0.6445582213410229,0.7261014298945522,0.5415050665402263,0.4988137285183159,0.47592157792905565,0.9175580688545564,-0.1353802779833157,-0.5412197205844872,-0.5480547219914471,0.8546245189711938,-0.032868336805485274,0.8168539235930122,0.4949418156008666,0.46043393363835017,-0.366779465902511,0.1296314634751021,0.00047783772842801956,1.1375823806896388,-0.713067492026466,2020-05-15,MSFT
0.0898450779796131,0.38155675889898755,0.657678684306097,0.41401526013414713,0.4132175336875965,0.4889804330617304,-0.27864233321128407,0.9008833766715199,-0.12742678262384494,-0.5647366333319894,1.013436542340043,0.21717776293874932,0.46831590658602995,0.4175678106080083,0.412529341169161,-1.1882577027329888,0.09074914635405308,-0.569422890068592,1.009524587136477,-0.7360318809869242,2020-05-22,MSFT
-0.1848082330763661,0.09299310713531471,0.524961877528319,0.24224562026021096,0.27841295060018667,0.4614830530550937,-0.044776562693950715,-0.28499462380217605,0.9219661840068145,-0.3882962102648119,1.0354905761344755,0.2031260925378753,0.46695122645204873,0.40844648817817775,0.31224503516966123,-1.0883806511449865,0.08035614283234545,-0.0082660820543492,1.0007179551749419,-0.7404669922209278,2020-05-29,MSFT
0.15341539286000463,0.16444324034511373,0.6015090945217288,0.38939220561408694,0.4076753431201649,0.4680332080703473,-0.15542267342446414,-0.05314695693851742,-0.2789367207598641,0.3321022743004122,1.2335214324986712,-0.11175618854300798,0.43380532881406664,0.0791699299604859,0.44497697681391385,-1.1303072402055854,0.6052179414125582,-0.002010026124820971,1.2232469987088816,-0.4734594289331818,2020-06-05,MSFT
0.07416223558252968,0.11682491825303506,0.3732692645854996,0.2762954734376848,0.3201691063906989,0.446747376668943,0.26002277255768125,-0.1628382664604735,-0.044151577187989,0.36439654420647893,0.7173004129648338,-0.012603477756841246,-0.6465242225310937,0.007469632998602723,0.3822166500109414,-0.43436291467835836,0.560613699073847,0.17080357521511347,0.8948845246918099,-0.8230751489800543,2020-06-12,MSFT
0.5365751998890053,0.4285542577815275,0.5541025654155977,0.6312478628502993,0.6306034325086243,0.5064995143967481,-0.07762923846447524,0.24902216590217363,-0.15523265987942877,0.6454802123742475,1.0575173470822528,0.2969873725740753,-0.891222007044069,-0.19357791797271567,0.6461865107992991,-0.9072670688584361,1.1380565142062529,0.09427794774857072,0.7307316233563038,-0.9182079215398196,2020-06-19,MSFT
0.31170764472618384,0.3135246419570324,0.40857924752404207,0.4995701286423205,0.5392033593341937,0.5234341549232123,0.5839963642728981,-0.08571613630484895,0.2618459851289065,1.9219026122259117,0.9073809393479664,0.3661669653411735,-0.8760514620278423,-0.3927119282741471,0.6186335518195288,-0.7156456662561295,1.7952526828309183,0.3611948261059689,0.9647391949417986,-0.8415366842390488,2020-06-26,MSFT
0.8132022987244509,0.7674656716127916,0.7343217922924414,0.9390162916221818,0.9344196572104728,0.6392765505284923,-0.0204467990318369,0.5702000843228836,-0.07713340338872057,1.9051187931522882,1.1640106585774623,0.631093891734285,-1.006330045441068,-0.6152338395587027,0.9249118835380101,-1.5263230315632672,1.7518197647234757,0.16669123644368938,0.9062280329942584,-0.6628760800676244,2020-07-03,MSFT
0.8710110205885523,0.970151188012546,0.9474605607694739,1.1012485282818165,1.1134142088879766,0.7733381861502744,0.7848882675500539,-0.02902714270521886,0.5870931817412711,1.9279823458911318,1.1112562190184874,0.9470446085216184,-1.301792451925211,-0.741877296223814,1.003346642099351,-1.028235743965951,1.7321197702800841,0.09420305838371575,0.6994817889362267,-0.9150702703202919,2020-07-10,MSFT
-0.35091873296609843,0.13017685339736967,0.2582845424394886,0.13922292649891982,0.31145778466823043,0.6409552618069773,0.5199066463238368,0.7693584261510917,-0.019726168365470413,1.0343528767857035,0.4298358689212522,0.0896688274400879,-1.073230242797717,-0.6622421386963848,0.458594258797615,-0.759300911478201,1.261827888905295,0.03820993613781193,0.6191266194213789,-0.7115262357238152,2020-07-17,MSFT
-0.6171067000507736,-0.11107395604672424,0.057361419761459496,-0.0449712067262228,0.12883114929853368,0.4841650019450747,-1.0430466308718294,0.5066634173554595,0.7887748312148886,0.6056392408243165,0.2620817231156478,-0.03475832028644962,-1.0537018398013294,-0.6617395809195896,0.31051288648330105,0.21718722674910076,0.6569095872512805,-0.0007094809840357399,0.6390632447755943,-0.7333390016792144,2020-07-24,MSFT
-0.23628514304807466,-0.022207984974645236,0.15257201059346998,0.1289033939369842,0.2508840553873663,0.3986547430809272,-0.2706341734496927,-1.042802628629525,0.5227515143101406,0.9974071173263737,0.45684612422337345,-0.30783675805321475,-1.220568502283846,-0.775709325087019,0.36504503722104015,-0.8927967519090491,0.6871059507068996,0.002323789647155152,0.36115334724602594,-0.9293726906767158,2020-07-31,MSFT
0.5013710805394503,0.2372652485827347,0.39256462667881115,0.4800079631666868,0.5418762523084336,0.4184921752770117,0.20350667493209804,-0.2770555690508576,-1.046346044391035,1.1546077541293527,0.8726458428235759,-0.3035648869909029,-1.1990757540545274,-0.8217865995371424,0.627414732432569,0.3629113591580508,0.7243800732507908,0.006694861511250777,0.21774005462252619,-0.9037164188881139,2020-08-07,MSFT
0.017031459449294434,-0.08278576656969688,0.10678348526225155,0.10285520985626934,0.22204813365591353,0.33445458676892453,0.5291576600618497,0.19299376402983096,-0.27089707932275864,0.6690684674267114,0.570523774521205,0.0031742132212427467,-1.1367971049533248,-0.812361758493404,0.4261638113854152,-0.7567169247922845,0.34645710555264614,0.00824898742631459,0.3495009466840246,-0.7743454763580269,2020-08-14,MSFT
0.16077091856932563,0.06189846032855034,0.20319626586745232,0.2892100575057413,0.36916609171881304,0.31458252318865176,-0.43450119393668124,0.5158346010927692,0.20510771143544526,0.895671926457876,0.9279949787862771,0.2739207383190486,-1.143516167895272,-0.8971391502258952,0.6115744449352538,-0.8174765666516741,0.3114282948191218,0.04139971795554257,0.39294643638141913,-0.8131411322270796,2020-08-21,MSFT
1.0376026376367653,0.8154195142491806,0.7822485082490671,1.059207582330017,1.039966822432419,0.5093233897739734,0.2714553964331539,-0.4395085278218881,0.5320388956308874,1.1857974363467154,1.1281493604327575,0.7830859491781214,-0.8955014015942396,-0.8602821307088652,1.2172306081379376,-0.03930744668019009,0.3687478989909047,0.037477936970382396,0.2877846748514724,-0.5901275843172276,2020-08-28,MSFT
-0.34039269751873813,-0.047732253142217386,-0.024453797413380652,-0.06540606003270347,0.10281538593801802,0.35424744925577334,1.2192117123320985,0.2603561339548504,-0.4354082937968814,0.45885353812363977,0.05613531359950628,-0.16137217935119474,-0.5336033776722968,-0.5344003124942102,0.37437251886277423,0.6421263544672968,0.23006004478837583,0.0060588664822065355,0.6765966853318227,-0.11058671891189381,2020-09-04,MSFT
-1.169432206917935,-0.6549753575806269,-0.5406697971229775,-0.6889200077609253,-0.46442659411952375,0.055696344464307844,-1.2879897880851399,1.1999339529336261,0.2733235529323023,-0.02668657704794866,-0.7090020534439138,-0.43744934067534613,-0.4186941737397636,-0.3419658405873574,-0.2117433710742958,-0.06585233255337479,-0.16042756421695287,0.0038523918923351395,0.744840949555202,-0.27073883423688705,2020-09-11,MSFT
-1.2287605463299087,-0.8639898783018856,-0.7280938445413131,-0.8056434093531727,-0.6217342846508704,-0.21491059205837534,-0.9924601564361677,-1.2856320918233075,1.2248056882069587,-0.16309044121290922,-0.9583254566487251,-0.771141042777759,-0.3951558425556538,-0.29603211802891316,-0.48500203843488743,-0.02274816704248644,-0.603681470370218,-0.013838791620188976,0.8932418910482555,-0.16735586704346492,2020-09-18,MSFT
-0.056348559669997605,-0.4549229938104735,-0.38874559100811507,-0.25569134064723803,-0.20533063322174805,-0.27983869293067676,-0.4524378421283538,-0.9926526813036637,-1.2922521220785055,-0.16213744688386927,-0.8597656080086438,-1.0569920221764257,-0.45280519427252025,-0.4101517677772108,-0.092372327381177,-0.085485344081218,-0.5956213528948774,-0.011096384989979566,0.7728690930286379,-0.11510142789819434,2020-09-25,MSFT
-0.018522616055011404,-0.5085281672584029,-0.43807640800591574,-0.3497025127186714,-0.3021400451906635,-0.35436834277875795,0.5407408551053967,-0.4572903948535379,-0.9955607044205945,-0.24453648696564803,-0.9981254996046176,-0.5825245588540824,-0.5185419849076488,-0.3997453213861094,-0.25487564479013014,-0.32270905676403017,-0.6265299607425246,-0.011501699729066422,0.7302066288579513,0.004335487248527279,2020-10-02,MSFT
0.6068036128041532,-0.002608789010773645,-0.04141985665380676,0.22169861491720072,0.16954074135113548,-0.2525749700560454,-0.2716411828499561,0.527317840986031,-0.45341545453513027,-0.25195247066962306,-0.30673358045662974,0.24743518306003273,-0.5605682601482038,-0.5379854796135494,0.325297138869595,-0.8596135642759474,-0.6192288022412212,0.006358690083074253,0.797021732336398,-0.11307344323858512,2020-10-09,MSFT
0.5003113554214951,0.17106309462113786,0.06186267958499495,0.3292377543171122,0.2797073535210305,-0.13625405176168282,0.7139609799426433,-0.27805388864010044,0.5436676265276932,-0.34735769783118836,0.04833679492909089,0.5818861874707466,-0.5666299132596058,-0.582476021007368,0.5337303725669517,-0.4666996014918474,-0.634742627067065,0.03460295001534938,0.8134404296172099,-0.0321809194262319,2020-10-16,MSFT
-0.009545018580357285,0.06681054225681392,-0.1427334924997996,0.004055340881943948,0.02017274173330596,-0.13229451801515832,0.1928296098174345,0.6990431931335815,-0.27190804747810715,-0.09506805762727355,-0.2679998312500388,0.09713018435919918,-0.5464195016610277,-0.5930177348572341,0.21869723340688602,-0.9779107372718661,-0.5728503543454027,0.00863154092061628,0.9705788398282023,0.16054339573371715,2020-10-23,MSFT
-1.1810709164224804,-0.6520363970517554,-0.7411849564799015,-0.8340336334755535,-0.7000228340938067,-0.3634873981601778,-0.4121920283747198,0.18240883477613914,0.7175687142733955,-0.4945500582806712,-1.5370272970142675,-0.4121219626808574,-0.3907125224654138,-0.4505006379723808,-1.0454006602518502,0.6002828799618652,-0.5263937138989592,0.004688255282433211,1.0489662996135298,0.007942844508984307,2020-10-30,MSFT
0.5729045572853279,0.4423978551041081,0.17850994150090904,0.4924233568867245,0.3889388412651588,-0.1703772274500515,-1.2806322449560696,-0.41739187529178867,0.1943886726452571,-0.07418246697880232,0.42277624644983397,0.06392617677686196,0.07445717414878979,-0.4574771122872768,0.8088603873704125,-0.017740644020222348,-0.10986001447891762,0.008394993783411252,1.2106932517912226,-0.10016659438850328,2020-11-06,MSFT
-0.0079210534761061,-0.09435938287407626,-0.1661676922123858,-0.07875467135296631,-0.06741850833157739,-0.1762143234497617,1.7682616958133515,-1.2783380393223784,-0.4130114264492264,-0.4308841904115215,-0.24217586409115985,-0.3799071736077814,0.11910505759143163,-0.31905718752099743,0.07471998629263521,-0.07092613190015921,-0.17726269187153643,-0.011542893648004433,1.235702461818704,-0.006589599529985227,2020-11-13,MSFT
-0.3951804733216953,-0.4364763536474896,-0.35307819602473095,-0.4299355079287096,-0.37254263348769057,-0.279998457759803,-0.7126294433249819,1.7442460058692397,-1.284865654977853,-0.4806244140955649,-0.7557976190869607,-0.46799313159319267,-0.10239049241202484,-0.2820560770150659,-0.5085759148709037,-0.7349379243039506,-0.15720049629982416,-0.015035171403714355,1.2562853707523576,-0.12647061912058885,2020-11-20,MSFT
-0.25472595372421264,-0.22720549037313176,-0.13502006962797625,-0.11945220394198086,-0.12983845507361644,-0.2718393956471483,-0.5949799155171499,-0.7152367182574012,1.7760140968365035,-0.47525704195821994,-0.3082599757874189,0.31765719934478753,-0.25003617117499194,-0.3317092400813287,-0.03431260591161083,-1.297172558236748,-0.20335911845206117,0.006184074974335265,1.285904657691881,-0.23753178665036417,2020-11-27,MSFT
-0.13488091828409116,-0.2706224742295097,-0.21764097963818782,-0.19858588457140597,-0.19957751412096644,-0.2854993557327657,0.2862346445083655,-0.5986024264176071,-0.7146299208848291,-0.9233153041932093,-0.3887039450956399,-0.597408260068181,-0.37458941243957583,-0.46256474847662193,-0.17488993111652268,-0.4036855315454202,-0.25891054952272463,-0.016782548979020054,1.2081609824540362,-0.19798778306557846,2020-12-04,MSFT
-0.17399581255071989,-0.29198296651150946,-0.3197966052645875,-0.2729134425989676,-0.26940637150707913,-0.3153156216259471,-0.2028967171583319,0.2750078471006315,-0.5965178892847286,-0.5551501832477764,-0.24943803134362316,-0.3632976563401227,-0.39666618447371554,-0.6797491436792843,-0.34785571410824667,-0.3043530016488241,-0.14069500914626912,-0.02081480265962793,1.1714269568158688,-0.23374902840699138,2020-12-11,MSFT
0.12319880936870826,-0.007410351788347476,-0.11961011992104222,0.028089266576097182,-0.020975744524929306,-0.24899514647004534,-0.22259959409759675,-0.20990264125945568,0.2881609011835965,-0.043888503551942154,0.31671447337989944,0.08413991243478774,-0.42782764765960213,-0.7827470330320836,0.1701333534497773,0.6830052644854824,0.38013167413516097,0.009469328279354483,1.2455516135260314,-0.25269728276607456,2020-12-18,MSFT
0.3254356766167538,0.07777997432564851,0.0030140300712367092,0.1931392432563959,0.13050691375194845,-0.14431321002742525,0.3221923762781591,-0.22943549567746366,-0.20289333356133257,0.2086132738583457,0.7565146805020978,0.04901549317971493,-0.4300255406092425,-0.8837981102274642,0.523091784799477,-1.289797648748555,0.7978694232469667,0.008736788476232193,1.1783562726067136,-0.29357638250015816,2020-12-25,MSFT
0.11221623427455414,0.06429590397004137,-0.039844474569103165,0.07312673284947163,0.045179401029703775,-0.09368041985584903,0.21437511611668716,0.3106552879300196,-0.22267366644515416,-0.0027152644993667556,0.6594285856658745,0.07217426990622554,-0.5164593810429348,-0.9380242148278908,0.3906424598165489,-1.5262244390762758,0.7267773368464694,0.016574236222136187,1.1378111217418512,-0.3260855281475869,2021-01-01,MSFT
-0.27764525749088886,-0.12065013650981335,-0.16847285225673467,-0.15398141908948748,-0.14211347886250897,-0.1196265607825688,-0.15658996049637539,0.20376841790721456,0.3242599899789114,-0.05146459528884108,0.3268441801869616,0.004479863408367905,-0.5177540152222064,-0.8868978352568153,0.05332788324530057,0.049309310196403264,0.24718923676247273,0.01783437059958542,1.082402720505158,-0.3562772089748572,2021-01-08,MSFT
-0.7662319856267338,-0.5302791844232213,-0.4723277801748,-0.5605278990866902,-0.4968199486078578,-0.25994366147055337,-0.35746205655571206,-0.16399548063330466,0.21601887863311395,-0.6357473046642842,-0.5010573210360048,-0.4916105999475916,-0.4766676632399809,-0.8693869400772416,-0.5954645813747408,-0.351734384824567,-0.15368418614662613,-0.022092865748706912,1.1070462256326767,-0.34051498265395846,2021-01-15,MSFT
0.3436829024448321,0.14241572507955932,0.03562884363098443,0.23613788185553283,0.1570262920070851,-0.13403960730114062,-0.7037477416682018,-0.3631341861666062,-0.1564045357899651,-0.31894336420594294,0.8165679596651647,-0.1300555833677669,-0.5499933172233484,-0.8851032418163591,0.7586457015592918,-0.23552008136960714,-0.16920633077119884,-0.0137885468989563,1.0046136119449907,-0.15050241124697547,2021-01-22,MSFT
0.6559906431654415,0.35001326081626294,0.27011306616675784,0.4459805482069314,0.3603202359413245,0.03363190431793036,1.0012932745038772,-0.7064316596874856,-0.35806630017963387,-0.02754272397062606,0.4375425499069067,0.1182298650204137,-1.1427114643877607,-0.8469453830556509,1.1230376811419536,2.285059827875081,0.374354750060031,0.019939533031317513,-1.1582881216087817,-1.2524945010407396,2021-01-29,MSFT
1.0284484269171439,0.702068419754652,0.6204416821848376,0.8203607259261811,0.7166349826120636,0.2875997364472381,0.3512368069940894,0.98389600404832,-0.70571330348487,0.7778215662517917,1.0512285223201727,0.6397791049986052,-1.152589804202754,-0.9584671264751817,1.6196567958840606,-0.2622115476138758,0.8965339636877271,0.06681527457726542,-0.8797874629398503,-1.2951007601017825,2021-02-05,MSFT
0.5502218373259146,0.6605988336684335,0.6041497080219355,0.7110154852049632,0.6715433205732871,0.46002630955052126,0.6685603789057958,0.3394490848246041,1.0060305694742,0.35901372699025347,1.1825625608585284,1.068589902089702,-1.2661483336015367,-1.169354186588163,1.386571914047078,-0.8856259804248348,0.8554491218002711,0.1426558910119677,-0.9398240928740574,-1.4071262031368814,2021-02-12,MSFT
-0.05924764640558616,0.34130951905786616,0.3504852526575187,0.3103163078301707,0.3576952128670439,0.46895357058225995,0.07852761396691983,0.654034368621485,0.3534186001531081,0.5705595092076162,0.8562263116909266,0.3448711756952196,-1.2218386428401724,-1.2806016617420246,0.9248157595692368,-1.0668475794973937,0.4733886552026296,0.06786240149615941,-0.781858733583706,-1.3378590180945433,2021-02-19,MSFT
-0.7774692478868687,-0.1880919548560512,-0.09037413673464653,-0.2576620977957025,-0.12941548273015585,0.289588828507376,-0.3855790799099462,0.06909318795369285,0.6719896344058883,0.3954679260190117,0.0906252542838299,-0.21924887058543097,-1.0805524178121277,-1.1684688309747417,0.2436379646198475,0.7795229301797261,0.34676315076534464,0.005688324088753007,-0.07074997225260887,-1.16400071671594,2021-02-26,MSFT
-0.6416225025776995,-0.3121369233309511,-0.19244900064479947,-0.2974217409301616,-0.19214371688101778,0.12886327937881037,-0.7744701713298593,-0.3910085785986831,0.07963733281920961,0.204326552736085,-0.010837000972846912,-0.6168491200128862,-1.0836428183156375,-1.109063853396835,0.13415974884932977,0.7026428149666191,-0.10376590195464078,-0.01828349508125069,-0.07968935743170934,-1.1820686568110002,2021-03-05,MSFT
-0.12171933685033408,-0.24892318191115217,-0.07953059741954191,-0.07495954981610987,-0.02680252465371954,0.06874423035516214,-0.19050389661433959,-0.7765438025449597,-0.38629385716856207,0.38083952757016604,0.3685363796743394,-0.5640717838688463,-1.098804317341927,-1.0775655150137462,0.3302599761629414,0.2337598941753664,-0.0686404945551522,-0.011597294604611513,-0.12166992883024796,-1.1960648518085732,2021-03-12,MSFT
-0.35150209438498287,-0.561622134808198,-0.33763315918583464,-0.39274627342547447,-0.30958109116637406,-0.08222166330406737,0.1942616202946731,-0.19761676238702067,-0.7767137571431084,0.15647407505456,-0.24021950933529143,-0.63868131971247,-1.0545657340166419,-1.0102446039655835,-0.08942170920701012,0.6025731066301525,-0.13912455433528528,-0.019902012117964385,-0.10782948375520836,-1.1541517168982176,2021-03-19,MSFT
0.0757699131888886,-0.2757818945338432,-0.1304395739941812,-0.04755399299614093,-0.039136406923481346,-0.09275326677446029,-0.5440349502155186,0.18382848797009585,-0.19045179436453047,0.18081989257549202,0.36653287064309115,-0.10152579716355058,-1.0220334996332971,-1.0284935888426463,0.29074835193174486,0.20081389266367491,-0.17401210570866865,0.005006692244492477,-0.03723254607195379,-1.0930952170418213,2021-03-26,MSFT
0.33582252371013405,0.023845977868395346,0.032319340979321036,0.20323932753754717,0.17466624302516998,-0.018848122919953525,0.35146472474439727,-0.5480970817598355,0.19582631264170103,0.23066056068191915,0.9475521443955344,0.14890777242665673,-1.0284233371008673,-1.032633697760896,0.5825147875780272,-0.3010026851478,-0.11511105403573345,0.04457933409558234,0.29174185194742136,-1.011117750907499,2021-04-02,MSFT
1.0106705755572314,0.6439809166684939,0.4324956278260444,0.7677613701100755,0.6765642956215029,0.2295355292689299,0.3191077350039777,0.3396750357986557,-0.5453726491491221,0.5707587241000676,1.255105626098798,0.4869919530237669,-1.0350332507603426,-1.0576519802855477,1.213519305655116,-0.15201046815209465,-0.026204447669384023,0.03370561034356918,0.369088978117273,-1.0205018746286874,2021-04-09,MSFT
0.7623718181761099,0.7579698298075931,0.5023516704575167,0.7644968832891302,0.7195942414564572,0.4320604147550231,0.8776006756710869,0.3075972650267607,0.35364741389361515,0.7914998013658656,1.2479685280474884,0.8931940974364749,-1.211888956548194,-1.1311622566906505,1.1900085604215493,-0.3242036831510083,0.3897259384163432,0.08454641941135134,0.20201877752409805,-1.1705887345404282,2021-04-16,MSFT
0.29936096037294196,0.5828654151067864,0.4107385187836497,0.5457300454746751,0.5669026043639372,0.5204303300754759,0.2158499982804198,0.8612707888052051,0.3211632223637776,1.1475320949051626,1.222867969695477,0.6529016754220727,-1.2225946625911304,-1.1470391117881649,0.9847117208655575,-0.5483027563593524,0.7515252487582706,0.06238998819209683,1.0408038284705148,-0.7910424010378097,2021-04-23,MSFT
-0.5710289350252259,0.0002656955134909012,0.013323611887427794,-0.06540852304710597,0.05400671820439719,0.3769090165928205,-0.10135949355139781,0.20523057283396515,0.8818517103299434,0.4295498531726393,0.32425060133458794,0.09794375694969164,-1.1933596690413057,-1.1256296266970354,0.41252235586498215,0.7114229369819519,0.2658150127176467,0.026748083820781473,0.6546632181527532,-0.6109774545569159,2021-04-30,MSFT
-0.4866372402935598,-0.09111240026091744,-0.003176089628658854,-0.09473692153612559,0.008179928213803995,0.24687677917925585,-0.7509712678064318,-0.10924161531707016,0.2174995588532144,0.27987610524588524,0.33510789307195776,-0.37041622991749995,-1.198156922316147,-1.2124162391115354,0.3432282410915265,-0.1919074830391497,-0.2761814540440905,0.023786478656897803,0.6273215250177856,-0.620016707029307,2021-05-07,MSFT
-0.5800533125427502,-0.41191905195653666,-0.1996988810654974,-0.33702846060884695,-0.2196799630069213,0.055834114491885925,-0.1097179225158113,-0.7532476786884884,-0.10095694684809739,-0.26594182221577223,-0.03869839621837834,-0.675359384867373,-1.189377972367742,-1.1749613626634619,0.03912916536424251,0.3292486467507707,-0.725069787294195,0.0033456382367001644,0.639816322012586,-0.6430767703872986,2021-05-14,MSFT
-0.47387695689534937,-0.584900255448731,-0.3402815725824501,-0.43532639205174223,-0.33356451714557145,-0.1324498016955659,-0.438540084481955,-0.11752791668455166,-0.7531224747364312,-0.485908335447607,-0.2480527175684295,-0.7688157177817995,-1.3054624970793158,-1.1139721880959312,-0.15501786756317873,-0.6074388517332674,-1.0607027541064034,-0.009748705969999067,0.44384263422860326,-0.37749913081688546,2021-05-21,MSFT
-0.08282469528038659,-0.4125484776382388,-0.2232096388614967,-0.1780108737764392,-0.14296526034959003,-0.1946749305351526,-0.30571542891765546,-0.443512565469501,-0.10934823446622144,-0.1520154408079393,0.14400129042016452,-0.3214786161923091,-1.299104137849288,-1.1177008842166765,0.05462712480638952,-0.9121993420470528,-0.7573672379327774,0.005868009452951108,0.5646432017800496,-0.23117186783353955,2021-05-28,MSFT
0.025870003738830263,-0.33166847931962806,-0.23116998745288161,-0.1420629408989772,-0.12315771380151612,-0.23045938942096636,0.2028770575118629,-0.311834096976954,-0.43946306202758706,0.35007347535182715,0.24049609491990243,-0.292700543998074,-1.3109442601569883,-1.1677420222635473,0.09323067137311776,-1.0341350495503103,-0.6573763187457616,0.00406594471311536,0.5670686738014687,-0.17084982707257504,2021-06-04,MSFT
0.37553380304919504,0.027834887609871684,-0.04656176485697015,0.17049486140515716,0.13847120139970157,-0.14839117172610458,-0.049396494225048854,0.19236957978270786,-0.3061162462128393,0.6050806323027454,0.8252270253450247,0.10742429710725022,-1.357964692093169,-1.251035227636914,0.5450784222015599,-0.6857525861662593,-0.21013295051573982,0.022182732534855608,0.5613411673384916,-0.23837917367020378,2021-06-11,MSFT
0.21262507795120691,0.10987458943253416,-0.06489382265345599,0.14617975663542138,0.12978302347603166,-0.08841730092130534,0.3821904876002593,-0.05772702158066464,0.204475618863376,0.5345154801728323,0.9503367921463668,0.25115411636357526,-1.3858738917887785,-1.2984893744219017,0.5567049186812663,-0.020917427583181054,-0.22095012998487862,0.04445209663872422,0.6176965934343642,-0.26609316852539805,2021-06-18,MSFT
0.339522457543692,0.2968339984363288,0.07332371407499648,0.31527742871840053,0.28469260936993496,0.021611142164594477,-0.021804302757380607,0.3701356560723254,-0.04878967059268721,1.0174688469170683,1.0158464028634269,0.27965805891476386,-1.3952804186677625,-1.3336207127330986,0.8019478114099063,-0.28727150173140703,0.2666701976346442,0.04178219861885112,0.621710605047218,-0.20910094146085806,2021-06-25,MSFT
0.7621192109086358,0.7396340857321083,0.4804179100313217,0.7601924513132153,0.6883146542796913,0.27350231744981796,0.2598765770994449,-0.030372932090428212,0.3844939658602026,1.141192002481162,1.2408045366799627,0.6770974607109047,-1.4650756222080488,-1.3740371175767767,1.2847342348517536,-0.6322268292010872,0.2351640356733374,0.039372264257916956,0.3861603906682761,-0.20669356506646924,2021-07-02,MSFT
0.4035851029133882,0.5598529572259194,0.4305780269949559,0.5359380668492754,0.5353941408553025,0.3963194962669538,0.7320608209939143,0.24887723201200587,-0.021089008709297096,1.0369527687984295,1.0506256000778555,0.4215949131702187,-1.47830983354091,-1.4225553237666202,1.0223245305695887,-0.6700732906003806,0.23070039803249087,0.03612282782171528,0.32118216548712936,-0.22879041701303404,2021-07-09,MSFT
0.21392594329667539,0.47015713646617313,0.46804966927940245,0.477083775807533,0.5056252150473157,0.4724618822888106,-0.11090933205853185,0.7169868447806671,0.26169921494712384,0.7803392720019663,1.0228828725297223,0.46018551378411926,-1.4787607419120483,-1.4881075129459185,0.9640123228929482,-0.2707707595547432,0.23098429481137567,0.03254584328260285,0.10412337395455111,-0.36630611882835074,2021-07-16,MSFT
0.39664942630984956,0.6348360846761579,0.6720847152209746,0.6953682900183611,0.7104071385778304,0.6152458453958222,0.05303909274477487,-0.1187090451675606,0.735739709414969,0.8882134545531244,1.245128278761143,0.554460840791819,-1.6328934236832269,-1.4452297349493508,1.1562790837999244,0.10454600685238694,0.25619475301705064,0.031009669950622053,0.5821457031692531,-0.6448679395569271,2021-07-23,MSFT
-0.059750090906384425,0.2169025949001885,0.3853745989662297,0.27007568043574065,0.3646487187158086,0.5644886208814663,0.4447862976746583,0.0438246154555163,-0.11054432767781784,0.5592124953873788,0.9295537634511265,-0.02750227272473864,-1.5562360054979958,-1.4161269296392525,0.7650593584696638,0.12637931294414775,0.29475519921076965,0.01875094328633295,0.7023534385353056,-0.40939815409399344,2021-07-30,MSFT
0.05298520191923529,0.2367085472539012,0.414608496980626,0.344067502815618,0.4247536087512072,0.5477183163520729,-0.4269634179635102,0.4321913065811051,0.054048611129249635,1.2930419361057088,1.2214530930840048,0.10566056545262262,-1.6522199871085044,-1.505624009544196,0.8487061643505004,-1.066438881391117,0.8081078631956358,0.017120549934328738,0.5382447295826049,-0.2214336373400168,2021-08-06,MSFT
0.07528033242617223,0.1950589995783739,0.382940204583073,0.3494802408941333,0.4301980522168483,0.5325790404235109,0.15900691327971744,-0.4320357977645789,0.44733585256643327,1.3471420485634884,1.262671376561333,0.1200309972641255,-1.7247525047208117,-1.5349620457862674,0.85512278246066,-0.9872003118442882,1.241623587517015,0.015128484929275699,0.5369414715450241,-0.4140112722233041,2021-08-13,MSFT
0.6230053022725021,0.490462653563245,0.6346186054410266,0.7108011850638306,0.7465292903486815,0.6619607612605263,0.08199944137794322,0.14887800526671316,-0.42784088532081954,1.8154469146226262,1.1919022813784343,0.2038126369887819,-1.6436260844454247,-1.5551787185664157,1.141854347499132,0.4783911234141232,1.797574525203909,0.014858333210788725,-0.6204827332848931,-0.7903216753640683,2021-08-20,MSFT
0.05448686565785336,0.16672733857187402,0.3163228402457167,0.29643728577837003,0.40698189429063814,0.596439066137938,0.616977061074581,0.07253505583892667,0.16043301233195228,1.6547440989003153,0.9393028168037292,0.21486855090405585,-1.545571899217794,-1.5458546736512064,0.7580897344168964,-0.4175922491337278,2.2062570612498673,0.0164496167251491,-1.9789160149504694,-1.4129515173004945,2021-08-27,MSFT
-0.0545672867364001,0.09748411845602924,0.23177776262438876,0.2280648860683328,0.3414767667800805,0.5112128950681504,-0.40550058500626,0.6028961799853361,0.08312280867722315,1.6220740640855182,1.0150396385254592,0.11345043406377305,-1.557021137762256,-1.569676994431451,0.663448661526645,-0.62264096446259,2.2087383815183705,0.016534206934425283,-2.221203183846255,-1.5494178199540218,2021-09-03,MSFT
-0.4633214842228475,-0.2119180154522295,-0.06238208232756323,-0.10240642529524009,0.045412208835934234,0.30321136206916804,-0.04411673457696034,-0.4107581745603996,0.6202035322494045,1.2407533384213894,0.6604299001579832,-0.15326639919146093,-1.4634576381480018,-1.5658041172593027,0.3598953018960327,-1.1749084862114851,2.2325201327800386,0.010678954499683051,-1.570820691933486,-1.2138626194845674,2021-09-10,MSFT
-0.11984763030696727,-0.09533809316009162,-0.024301534781655445,0.03196956258078262,0.13555620794548984,0.1874216384371775,-0.45589776957979683,-0.05249282269254866,-0.4062936776803852,1.1935283586559162,0.8773815094181333,-0.38349221999847904,-1.4737842666110548,-1.5594009021147957,0.419966862617249,0.7008882721685513,2.2418138874988234,0.010533955231189869,-1.8481710014675028,-1.3735263861060207,2021-09-17,MSFT
-0.14772346499037253,-0.19505028559094065,-0.10539278703468954,-0.05385664060192003,0.04676697290778045,0.057326718558447426,0.12462186906994256,-0.46072046546780565,-0.0434891551548815,1.1331116085278918,0.8130985857760306,-0.2658346892524683,-1.6299818987589902,-1.5285962530775208,0.3165992766876051,0.3047556151912705,1.7443390761927524,0.009942723502897413,-2.7885638158533523,-1.9099471474945613,2021-09-24,MSFT
-0.6247097726597103,-0.6185640937941358,-0.47946100197064057,-0.5150053463821055,-0.36791026310080704,-0.23657483680117591,-0.16115460702535447,0.11478968076584656,-0.4568889836524455,0.414350017061186,-0.13199491790814485,-0.6030807854722893,-1.4614307073093742,-1.420029199455588,-0.13425755797881034,1.3176636515251305,1.1622957918271422,0.0015508911542386678,-1.2918282175661138,-1.2798232983039586,2021-10-01,MSFT
-0.2315889895030714,-0.39459271120513334,-0.32877061572665717,-0.22345612866975226,-0.1573180530442355,-0.3518819102490543,-0.7490350510705979,-0.16852073734556328,0.12591279364557162,0.21635392203330261,0.10846283191728161,-0.2803995848133065,-1.4400130079569904,-1.4149299418126164,0.04375494352366721,0.3347881873902276,1.1834947919895116,0.008048449028672517,-1.182624637646585,-1.1835954327698524,2021-10-08,MSFT
0.312458381279697,-0.008396615751902944,-0.061532449222486095,0.14693676533432623,0.14415959885450835,-0.2886224720862985,0.22989699040298,-0.7513281701954223,-0.16098712685615868,0.47086997703548833,1.0932689220107485,-0.12912280424224165,-1.4401599299469077,-1.4059814450290755,0.4005594309559255,0.047785841470880865,1.1992681045041547,0.007395726661361958,-1.2949686240636036,-1.1465377339356353,2021-10-15,MSFT
0.47130278588447033,0.14522842015663423,0.031086205897837484,0.25239096128876165,0.24200415742410536,-0.18937598384292387,0.444295522881169,0.21915634890142258,-0.7511786463458829,0.5226442235397796,1.0903793169694354,0.03013981595348391,-1.4792909816975908,-1.4184646625387114,0.589330917311462,-0.5895299958252027,1.1857051940607934,0.014654193504680049,-1.3787695173079153,-1.2457389023244039,2021-10-22,MSFT
1.19396862658052,0.8954153921259215,0.638633311027638,1.0070420484364204,0.9096013523150753,0.21807766006167512,0.164473963416389,0.4317047668426291,0.23160177250745181,0.7949695722175673,1.2409259566830597,1.0250361525274718,-1.1315032824684408,-1.426036720111478,1.4328242993239917,1.281401788655529,1.2275738600681758,0.027062826568368573,-0.574976782150879,-0.5501308127306118,2021-10-29,MSFT
0.7929632216308099,0.8523704542103383,0.6524445906726196,0.875483499333096,0.8517530901833368,0.49774010008882513,1.1840250155207668,0.15429787845298606,0.44684314843920697,1.08940927901672,1.1082610896803995,0.9613987556364937,-1.1313595948977888,-1.4035671348311622,1.3633805284571303,0.2222024503784977,1.237560292325704,0.02582108954151084,-0.8402628935910149,-0.857925767486715,2021-11-05,MSFT
0.32548489575810025,0.6810266068944437,0.5793078826013112,0.6343673637453153,0.6800370426685071,0.6186749177033429,0.11233263704851237,1.165050893551742,0.1659215545346597,1.0323754618071412,1.1463319365077016,0.6750573144710285,-1.2012176327319508,-1.3845889800623572,1.1652274744445976,-0.14201335458682265,1.2723751892163722,0.024671128939927945,-0.34359239098026007,-0.7329404803528816,2021-11-12,MSFT
0.2186226192303205,0.7212039013821414,0.6735805552329972,0.6836662863122829,0.7409935129279108,0.7377598296548216,-0.09427633584445769,0.10260649651698454,1.189480665462528,1.0859223916380591,1.1629206896619866,0.7183748420956918,-1.2459835020233758,-1.3812356202277447,1.1656608668739403,-0.3466412339347479,1.2998483133374847,0.024273311553443207,0.33925970473792505,-0.48081911675863453,2021-11-19,MSFT
-0.5412652546943438,-0.0004901657452295203,0.17209531178000972,-0.0230018406913865,0.14197885938664762,0.5079102962011959,0.24711215884987803,-0.10221958047738978,0.1135752501985039,0.2664148082138146,0.3005801894527213,-0.2901774565758099,-1.058843333781742,-1.297565221778184,0.5132697693051823,-0.17297502156968306,0.8464056194573496,0.015304742869511003,0.6865784133865445,-0.269763675475026,2021-11-26,MSFT
-0.7533908105628321,-0.38910465207455336,-0.10949555676882572,-0.3205197653014364,-0.14215574801210137,0.18251574854175873,-0.8376655750459017,0.23622296207122956,-0.09384594383347318,0.18700629919230488,-0.021458358317809602,-0.57777374642694,-1.0500807284956304,-1.1750507349345625,0.17160220117466157,1.698429931793173,0.2612995139765175,0.00661787927939107,0.7202724376538138,-0.29537841034104934,2021-12-03,MSFT
0.29445276609441823,0.1562496790709559,0.37492777596774957,0.40598820884240594,0.44889687930941674,0.24937368956824943,-0.4956851923983232,-0.8391938726072027,0.2488846172199464,0.5378214570084815,0.9214750693921503,-0.08845331683148855,-0.8748868525406456,-1.126302494632518,0.8078537756103608,0.8002687786068151,0.34906334161098196,0.007717539393974983,0.9257898303187642,-0.13179750263645537,2021-12-10,MSFT
-0.5219072997506673,-0.6065564024606059,-0.2619812328782649,-0.4242980539260495,-0.2613057047822871,-0.07840642990299457,0.9636496299669408,-0.5001645496986339,-0.8401575946133462,0.11828022543589087,0.016683165305806703,-0.7449355270406905,-0.6310397785022707,-0.8885457671093249,-0.00035592398689197885,1.9199597666906336,0.0724949924814406,0.0002616474523245169,1.0071695769063669,0.036303433573537845,2021-12-17,MSFT
0.04748543773231704,-0.2223484453138507,-0.051275978096701195,0.00981808958371943,0.07361370324650722,-0.14362976279569248,-1.1191932824084998,0.946577198740355,-0.4968328187769203,0.23276444528628315,0.5424674275379031,-0.12282486755981677,-0.7143046433020398,-0.8892653968014518,0.3640053923054247,-0.6324459818065472,0.037548995871608606,0.0053684591421857214,0.9507612074813532,0.04544599066251635,2021-12-24,MSFT
-0.05373256750578132,-0.16643179975329864,-0.10975368679939139,0.008775205210232647,0.06379547695509898,-0.19462649447541494,0.4784264289939114,-1.1182921859905866,0.9682389402519229,0.2730932927661685,0.621165668896793,0.10355860313110829,-0.7142013763334286,-0.9105263631582037,0.3458517110650064,-0.9800440444816712,0.3882830539134175,0.012661286654871224,0.9956553422933679,0.0679720906567963,2021-12-31,MSFT
-0.9548503884789569,-0.8895651502714775,-0.7957199330316973,-0.8629962263099943,-0.6928879568772932,-0.6312812409793833,-0.04172196412509173,0.46554114628660337,-1.1227920436238714,-0.033693726871888305,-0.45453959722449044,-0.9792634007881891,-0.4430363096570526,-0.710890696562474,-0.6187824619331848,1.3354729606803757,0.3142251473857877,0.003750968565641685,1.1083953841789285,0.13883417091565703,2022-01-07,MSFT
-0.9896090213102454,-0.8871559155454496,-0.9131541912177759,-0.8756252826541464,-0.7577789557172773,-0.978824503731785,-1.327842831448927,-0.05011871749232392,0.48110822996093605,-0.22064051572059074,-1.037777454008104,-0.6206601944465163,-0.4417488147794413,-0.6608995804345132,-0.8134534631597808,1.6611211506621182,-0.20108959750541733,0.0032706319901896694,1.0878574184061802,0.14769508561832861,2022-01-14,MSFT
-1.2946333422436906,-1.2743047128803096,-1.2544913120350871,-1.2815595938873652,-1.1481898068007674,-1.4219567486124696,-0.35093235903263786,-1.3251412303384091,-0.04108497038205266,-0.6908060905455601,-2.0844399232757618,-1.2604659012367638,-0.6635177288665303,-0.5147857490073984,-1.4102111478854373,1.2114152182077842,-0.6424569419365054,-0.004369114693004477,0.937797202898067,-0.5774731078301818,2022-01-21,MSFT
-0.09779928223969277,-0.7416584993570731,-0.8250391383306751,-0.5943912185729981,-0.6284167711730274,-1.459644679688742,-0.9559125418211113,-0.35666083552319533,-1.3322618357157112,-0.5479409592716477,-0.6334441779505116,-0.9812700052433193,-0.554237742362514,-0.4063112352758277,-0.9253582260079115,4.570372242891947,-1.2027705718105886,0.0033694820072180404,0.799577545331907,-0.39000672980864837,2022-01-28,MSFT
-0.1161861496283173,-0.6610408821579018,-0.8230489629710814,-0.6095037564182663,-0.6559702107394805,-1.4799740427750274,0.6173438896425606,-0.9564204479195783,-0.3515109331114025,-1.0776817946004627,-0.7398435609107866,-0.4795870580673455,-0.5582677877807141,-0.4726969053673618,-1.0532199858620321,1.154437448568742,-1.1459943816343021,0.002104458179734061,0.6721720095205314,-0.507880556334167,2022-02-04,MSFT
-0.5758957223247214,-0.9523939473485267,-1.0408637320407361,-0.9563483624997018,-0.9622264029819995,-1.6277830950086274,-0.2659029684102065,0.603259843070519,-0.9588694138327332,-1.3667035167730615,-1.2397462498074205,-0.6804612803385067,-0.5707712785465185,-0.34857341340540976,-1.525131996572107,0.5193830281553046,-1.5270061859234811,0.002004505157324845,0.6592800853351508,-0.4714380482520712,2022-02-11,MSFT
-0.8806671085568437,-0.9950943511584185,-1.144344507999819,-1.064777270094187,-1.0839297644030859,-1.7712248729312408,-0.7741195195953762,-0.2723651911155489,0.6205718028937525,-1.4752850183114041,-1.5385218504214515,-0.47573922141811326,-0.6079506787552441,-0.24743501892998485,-1.816334253044335,0.15933793588230363,-1.8552975556052664,0.0021043961335408556,0.6274852654583629,-0.49130033566174686,2022-02-18,MSFT
-0.09928191244983756,-0.4297630141068561,-0.790976313905093,-0.5169865844803211,-0.6554991930166463,-1.635842038352726,-0.529114710678778,-0.7761961766981255,-0.266147274971286,-1.4143835945925762,-0.9860586967076254,-0.546909280289592,-0.5247579520541658,-0.20279914231580293,-1.4162510606557914,0.29585106241039255,-2.16680923337913,-0.0022640910608665277,0.6435656268556916,-0.42508910448243226,2022-02-25,MSFT
-0.33777041955850384,-0.6167787705927947,-0.8964830393319353,-0.7582890469124788,-0.8551574211538887,-1.6096441495965916,0.45935256907129507,-0.533305593813617,-0.7763617269266203,-1.3300098519865908,-1.251464177075485,-0.6955078807642311,-0.7935784393820877,-0.18754689585818562,-1.6701161602068184,0.005002925148102896,-1.8158706043488002,-0.0018938233545401342,0.433885170131501,-0.6039046662245602,2022-03-04,MSFT
-0.7587068913633622,-0.8753030914276584,-1.102325998964443,-1.0490188459668528,-1.1098885461395087,-1.6886971880263204,-0.5829671561321004,0.4466318808932093,-0.530393755170703,-1.3752686848849878,-1.6486482911927642,-0.6796288894864424,-0.8792301700876876,-0.11398233570390034,-1.9021414226695454,0.45264844994517467,-1.8015200583600024,-0.003192528956181959,0.46905325618888477,-0.7081723135311466,2022-03-11,MSFT
0.39951690038011756,-0.05417789673921402,-0.35904257796058503,-0.0486274648211475,-0.2941230330409683,-1.323398747816569,-0.7406059055903157,-0.5866933290329951,0.4619593868852907,-1.3533787894631624,-0.7145021704487731,0.12276817812544209,-0.584055303849981,-0.2725894114558183,-1.0361675573718783,0.28473136857751663,-1.7849241528913633,0.008884349121386246,0.7709385844762445,-0.7738859046926818,2022-03-18,MSFT
0.5066105271221689,0.10193592932660939,-0.1660193762520445,0.034942981116173215,-0.18621865592298975,-0.9809739766519413,1.1848919953254566,-0.7429717625478442,-0.5844579053431957,-0.9667306532999629,-0.5653864026420861,-0.06860807161476085,-0.5737356087709699,-0.4267695852416414,-0.8540908023711457,-0.6825055381678413,-1.4051151061812428,0.0074313931909187085,0.7649085929589376,-0.812379955937997,2022-03-25,MSFT
0.5511073268890517,0.3183998272737844,0.032879275667517076,0.19692693085991927,-0.011701055438340702,-0.6272202957900922,0.06584144099578412,1.1659103919062495,-0.742716364211142,-1.1000075597971306,-0.3020270071776437,0.3322504117686371,-0.7683312002483272,-0.5195309115736226,-0.5696223990789069,-0.32148998118903704,-1.3313378521400765,0.019233223150853837,0.7411038074885387,-0.9286414259052203,2022-04-01,MSFT
-0.534009150669454,-0.21203786833296595,-0.34034893974280556,-0.3996183266762769,-0.4787699997456367,-0.5867384386376169,0.21203043417342707,0.05651648808743933,1.1903510535379944,-1.3521323292159528,-0.7576607535601422,0.2701128711954637,-0.6857367482705315,-0.3543155600539607,-1.0402990137447106,-0.4619050468627847,-1.6030081274372565,0.022328872842671318,0.8151800119205374,-0.8705534613687066,2022-04-08,MSFT
-1.326704320225094,-0.8833995916754088,-0.8630308389109899,-1.0636595560657076,-1.041516232047237,-0.8216690432869919,-0.857468333560105,0.2014439689855973,0.06690128796828099,-1.2717982037301339,-1.4813882651368293,-0.851895162179613,-0.6186871349048217,-0.3047365671396624,-1.6786054869125457,-1.004434385482995,-1.542706540262999,0.009436229247203573,0.7697855123877855,-0.5697505160628218,2022-04-15,MSFT
-1.2478192034476907,-1.0111140283475797,-0.9680858385521988,-1.1331492917098467,-1.1378450374194757,-1.0261677044834425,-1.173573420644862,-0.8588257466896145,0.21366497927682526,-1.3035392891542332,-1.8145492618300252,-1.104892748075616,-0.7396141001391223,-0.25279507885978053,-1.7593542339366568,-0.7883989180916872,-1.471477682141858,0.00017383656858946454,0.9934909370492692,-0.6896125233444312,2022-04-22,MSFT
-0.48533365263489653,-0.8023166491067569,-0.7782759172309877,-0.7999299438281717,-0.8945103382901851,-1.0438258037165073,-0.5046393761725837,-1.1722030603606746,-0.8600382017265269,-0.9577396346797935,-1.5581065019567175,-1.1524199140809432,-0.7135272730191343,-0.2585638219322145,-1.5542036321432169,0.9238320989487246,-1.4881781465141037,0.0030988222399245236,0.6542866404831688,-0.8004812546239574,2022-04-29,MSFT
-0.2962477783928773,-0.8934998714598907,-0.8196033963521662,-0.8004792366541723,-0.9075143710221348,-1.0458470861803002,0.10052525856954757,-0.5090414649143082,-1.1773859610451316,-1.367637413633885,-1.7631148161807064,-0.9069152838092255,-0.7648249791275038,-0.3490733251729374,-1.565276519895878,0.15722275152511714,-1.315284764614449,0.00147720734277217,0.6311742050216439,-0.8332442268085948,2022-05-06,MSFT
-0.9395051308782533,-1.2792303298809307,-1.2105021892959094,-1.2698873657135272,-1.310953123458549,-1.2160165694902763,-0.31160903839991805,0.0909010077399458,-0.5058222032360407,-1.5538151500847643,-1.5422200689247232,-0.8370443574646698,-0.6682395423746917,-0.13968839765475638,-2.0361203557310232,0.8984434137362177,-1.874441127041086,-0.003134429142694227,0.5491604721663902,-0.7801879536322542,2022-05-13,MSFT
-1.1559113150841565,-1.37523571761938,-1.3698941109556317,-1.4099218660626962,-1.462308480349724,-1.3860381142782676,-1.0257008764741473,-0.3176768485897508,0.10172145455641887,-1.5091137069422849,-1.8102254329324343,-0.9183408202879823,-0.7514497952236389,-0.025766726003228158,-2.2579248691284937,-0.24089118540109225,-1.8464078101555148,-0.005744361109284212,0.5511716141050614,-0.8841883595946739,2022-05-20,MSFT
0.4295598277929801,-0.26557096594328583,-0.6108749301125364,-0.24729034096782626,-0.5299477965331082,-1.0657011129991574,-0.6819081789409974,-1.0256065563774956,-0.3120330246511231,-0.8375390168331494,-0.7949913417520271,-0.36936513068012616,-0.325841213951725,-0.16652580069940504,-1.2115363729450959,-0.6182200567161585,-1.4613460558566964,-0.006690896824432854,0.8400879792835193,-0.7123242214567199,2022-05-27,MSFT
0.2691791840506288,-0.2627441892385124,-0.6964828924187632,-0.39057237862150057,-0.6155483462899323,-0.8517390292219762,1.3510007650323321,-0.6847805576368349,-1.0289321003683016,-1.1287590665077138,-0.9530684992338349,-0.3843852131049078,-0.3691839841454973,-0.22805368152889807,-1.2890245470433737,-0.7145858578836118,-1.0665166104836559,-0.006727484702005605,0.8094452387024667,-0.7123316214357747,2022-06-03,MSFT
-0.8549258463644247,-0.8956366814613925,-1.1653095222230858,-1.1223005497314715,-1.2078325480669216,-0.9445367228857148,-0.34291496494121815,1.330585755115409,-0.6837878850745107,-1.2869968774575717,-1.7891172939086015,-0.5064457884145553,-0.5452176361422871,-0.010497761601357057,-1.9005026518620065,-0.9491328035066653,-1.4644481323395548,-0.0044111396669542,0.6671833027596367,-0.5597198089677635,2022-06-10,MSFT
-1.165600475510666,-1.0021740453190808,-1.2057002302892792,-1.1837657607342056,-1.283117785797387,-1.0274240934735122,-1.2703885597953322,-0.34871262612807835,1.357112829995938,-1.216723295762613,-1.8294069226935445,-0.4243026154640856,-0.5783958409557045,-0.013949756088069636,-1.9337322998058581,0.44454461414178903,-1.4445078942334355,-0.007236562006325986,0.5833658781898319,-0.5643127724652043,2022-06-17,MSFT
0.4401201311638467,-0.013922523216219953,-0.3638038271994215,-0.06798599118401964,-0.3738737495919858,-0.6733876714662294,-0.5115215517643885,-1.2681827502463021,-0.3434620210424738,-1.2235956004937238,-0.910932483535375,-0.43155943973391947,-0.1833845864868655,-0.2540805491553798,-1.0073622811542302,-0.8635917036602331,-1.5895418376007067,-0.006860002725585847,0.8776563930306628,-0.5602784649720028,2022-06-24,MSFT
0.027970782108310735,-0.30920022971490096,-0.5503505976233563,-0.4779617088675283,-0.6739155374476553,-0.5332202455016923,1.3343645203760508,-0.5158642519787696,-1.27458169984475,-1.434038801337141,-1.2829073339551995,-0.5916147028533306,-0.206240203192312,-0.13391123285606402,-1.2872305100682822,-0.5972830135296602,-1.9763884189746388,-0.008120070359129842,0.877920016639208,-0.5949809263101551,2022-07-01,MSFT
0.3554928846380516,0.028293393463462966,-0.21754572302383315,-0.06223583988215856,-0.30981725577199254,-0.2627240356737704,-0.6783590646238657,1.3140930700148936,-0.5127314340346921,-1.3720040895733936,-0.8989881543308119,0.24961260109117248,-0.2653007900961824,-0.1901527057542884,-0.8859007676026233,-1.3747148870363632,-2.1620874187159487,0.0023384467928538924,0.9625172365585453,-0.7492664835758677,2022-07-08,MSFT
-0.6291436592212103,-0.509143755240908,-0.5712810519419512,-0.602620711109843,-0.7295731669137236,-0.24197083038352885,0.4331356791591232,-0.6812620697792953,1.3404111849391112,-1.3502624611245264,-1.1058494341438085,0.06367995759971715,-0.213170586296151,-0.057967443113965705,-1.2901932423389546,-0.22307713240535096,-2.143103083618392,0.004218656772400695,0.8440991876283949,-0.7181697914563214,2022-07-15,MSFT
-0.223227345817305,-0.2631952158430972,-0.3854894195664334,-0.3599207005108769,-0.5260284961121343,-0.13484237869364354,-0.8689697796038293,0.4206412250348826,-0.6802248184801242,-0.9659669725582335,-0.8653788720703837,-0.49373985364266365,-0.2108005787468191,-0.14675852235285677,-1.0653958160947061,-0.7625153738009048,-1.8069388414613379,0.004557970642626729,1.0755842588316635,-0.6504766963996437,2022-07-22,MSFT
0.8831196754749082,0.6296669786352371,0.3524543464408806,0.5802241178205159,0.2863496464400777,0.3006456315676458,0.1266232659903299,-0.8702279430217112,0.4356394331425043,-0.39269000164486123,0.6039326191554105,0.45441233208177234,0.05785530327122203,-0.21685317071663754,-0.15046125003935365,0.5470058671346737,-1.3350636604571542,0.025444603534855774,1.0332081761891805,-0.5196026172383084,2022-07-29,MSFT
0.7496561707597487,0.5444798676177616,0.3588728819220158,0.4817171277788944,0.27226457762695117,0.614109762060152,1.2858044249649174,0.11677380698249408,-0.8715848622518637,-0.41818056323840513,0.7599528843611558,0.24080705575653835,-0.07244842003975908,-0.3182404875940695,0.013300002157641874,-0.9224557999469212,-0.8692758568621847,0.024987934994685126,1.0457171890101211,-0.5960722061974111,2022-08-05,MSFT
0.7348404838916716,0.6850084554690292,0.5592763847960442,0.6994485288018674,0.5127187945853773,0.9472433329686899,0.009986084201946766,1.2659520154311341,0.1279220584569974,-0.19212622284219125,1.2657191055340866,0.9379852974547329,-0.12787031660960438,-0.4340013183352077,0.5254363736403886,-0.7513891997737597,-0.4006741436614866,0.04666064740805966,1.0378196956509247,-0.539237730523708,2022-08-12,MSFT
-0.08893899461863099,0.3384613324456378,0.32733929550082363,0.2579384619623403,0.18996254822014697,1.0365417699201005,0.4455225324614456,0.0011431252997089706,1.2916601900938784,0.0037674696366890546,0.7898983614325492,0.6273694338732095,-0.3438276781401104,-0.5375504119556312,0.44850447761033585,-1.1033025867965414,0.1457933754817088,0.02839786769215246,0.9621584324916186,-0.6214990127847703,2022-08-19,MSFT
-1.1292120947458653,-0.5239338587179837,-0.3263478914709739,-0.6392503155224404,-0.5586404842153029,0.749586185828863,-0.44901759987232537,0.4329211881589131,0.010826352610746715,-0.2294321437825707,-0.370291370062387,-0.6296376486176278,-0.14830538322222117,-0.4245792583454586,-0.5302567363694336,-0.775503034116967,0.252591375330636,0.009583594084635825,1.0148174102564433,-0.5448222443975823,2022-08-26,MSFT
-1.5394138389797714,-1.0048638620031263,-0.7751545338916992,-1.0902488486753585,-0.9754648118777938,0.340967832837232,-1.271192042442656,-0.4538996669782505,0.44807498163921755,-0.8837785805426811,-1.143106559722315,-1.0644146127192486,-0.24160467746248598,-0.38941997298027825,-1.2388636470199759,-0.5583204677205912,-0.18548830956892434,-0.001866583318943943,0.977563081714448,-0.5608700362955891,2022-09-02,MSFT
-0.47657906802324834,-0.6716864707905658,-0.5209472762394342,-0.5350496245889403,-0.5576686824309999,0.21863599877281184,-0.9413107260945938,-1.2689792993810274,-0.44998176662365924,-0.6408715347994878,-0.6034858352104209,-1.056823361440944,-0.23436300503965704,-0.48639964487495235,-0.666352423217167,-1.146353736323639,-0.26875171854336993,-0.002055041708415445,1.0977372357518689,-0.4033548459121309,2022-09-09,MSFT
-1.1963495391268157,-1.4802055785163268,-1.1731661328472285,-1.3715759329260824,-1.2788277212654475,-0.18921092052784064,0.4634658416485813,-0.9419446360011545,-1.2753883411428422,-0.6923082026247948,-1.8703109847318178,-1.5146543674187183,-0.278828623015326,-0.2754660615037418,-1.7696864131531453,0.3649923818446135,-0.31130736057795994,-0.005698232126883173,1.0794254845305769,-0.3968636824584452,2022-09-16,MSFT
-1.171029519899765,-1.575324837826158,-1.364471684977036,-1.4591379562562532,-1.4092066211500334,-0.5383615799207575,-1.478317156332727,0.4507096587061339,-0.9442101954521348,-0.7196689561214119,-1.9532995979537005,-1.234588616260225,-0.2842614095285706,-0.22142021945441862,-1.9401693455052051,0.40433073454021157,-0.23562218090478887,-0.009406080330546605,1.0401493283833119,-0.4372937452357428,2022-09-23,MSFT
-1.1333823973186468,-1.5519100562177532,-1.4562099171284637,-1.4503376432340336,-1.4552077572684023,-0.801174426148502,-0.6337534047141652,-1.4743170634242837,0.4660888295586332,-1.2757818822142717,-2.1012361300512703,-1.0423289292859659,-0.3520142910367043,-0.28259167293502396,-1.9782150862332915,0.5006467943497702,-0.6859332788525109,-0.01345145823633598,1.0135711642370753,-0.3916774540117897,2022-09-30,MSFT
-0.4331762281039908,-1.1774184616724361,-1.345766481460999,-1.1355214232150999,-1.2386735964242532,-0.8879118296728338,-0.5113766939056545,-0.6370413265892977,-1.48332770522527,-1.1008073604743582,-2.0268522578245474,-1.2496772103476903,-0.3943769853407391,-0.2716905129689463,-1.7774370603584393,0.41060374553318213,-0.22530137474619444,-0.008591215852554266,1.0983673051807747,-0.40919040501780496,2022-10-07,MSFT
-0.5744209139971872,-1.1283543589918483,-1.4720636005817909,-1.2308872886726554,-1.3399294583697057,-0.9753568934589476,-0.025742364065413602,-0.515720644145524,-0.6354438048121105,-1.4269217763703783,-1.6828801626055212,-0.8305086167689723,-0.40653709706473523,-0.17185637938833206,-1.836911245463915,0.719270944269126,-0.6234988928948135,-0.011687900551189104,1.1720015574418856,-0.2935114931870807,2022-10-14,MSFT
0.4684305966327552,-0.289915478810404,-0.8472801013807765,-0.34952930313548725,-0.6292257879130791,-0.7344571556077116,-0.568329763644648,-0.034277010589020745,-0.5125860067107827,-0.8580820722882924,-1.0677268635825796,-0.10144310161175553,-0.5655398709422734,-0.3737621828870013,-1.1768386081656668,-0.0917395486556498,-0.18273985522116484,0.005815863286828278,1.2674581839205306,-0.5213456361365137,2022-10-21,MSFT
-0.11363795632871597,-0.4806254291513325,-0.9475728315028942,-0.6383444132832778,-0.8407583962514817,-0.6304667946604395,0.9431316780758457,-0.572182247357056,-0.025042551322891522,-1.069962801497406,-1.351260292100211,-0.1440982524789806,-0.5792006834300745,-0.17542364137047572,-1.3804294730834543,2.27474311876804,-0.729987965746466,-0.0020507777091754355,0.9560260977136977,-0.6570946630513533,2022-10-28,MSFT
-1.0604865534857157,-0.9611379935958299,-1.3058654643842464,-1.2889897905326246,-1.3748220305774919,-0.754196631360603,-0.5966303512431411,0.9262363029168741,-0.5697629703423096,-1.8977994403161316,-1.7752531137712622,-0.7325667663597221,-0.6127745261820944,-0.12528056008925356,-1.823518657162441,0.9982511638874347,-1.2894023546244766,-0.024814356360762794,0.9627807850333732,-0.7074833059556123,2022-11-04,MSFT
0.6953133895896337,0.3672220752074132,-0.15330026246507544,0.23273734989806458,-0.1305423889759759,-0.3395803015962801,-1.2400100064910777,-0.6002386199979376,0.9476403281938384,-1.2275752924350634,-0.69146308757978,0.45131067482348275,0.20308082607416275,-0.2333238955259523,-0.7936928901025677,0.9029269151725005,-1.1927082128880775,-0.0010553888064948403,1.1458616503120784,-0.3947842132649401,2022-11-11,MSFT
0.27035349260577574,0.06849581902216492,-0.2746399649742472,-0.13634773163358388,-0.37655801945909484,-0.1264180795838643,1.9711904878178343,-1.2380663433403043,-0.5981748132032046,-1.5287089472286113,-0.9110103840640844,-0.263007418781837,0.09073355719847923,-0.2373132880513069,-0.9586041849375613,0.08442735659849247,-1.1778022402550212,-0.020821292020705724,1.1218239002267518,-0.4260841432867799,2022-11-18,MSFT
0.5259007374169758,0.2920258945905055,0.008173652613346757,0.147479075809457,-0.1031331366660337,0.14196029757654144,-0.5111039460901636,1.9454236594507113,-1.2440837223798666,-1.2944585600677558,-0.4106179264462401,0.1994327888572989,0.06044453633747043,-0.29780035154181306,-0.6823592870926877,-1.4234784017453874,-1.242398083157157,0.001567286815822238,1.0785824321696496,-0.4149182575476317,2022-11-25,MSFT
0.4204241567614118,0.534372703875926,0.3472032099495602,0.42277670221434993,0.1772942989992468,0.4515919910857463,0.34027457236522135,-0.5154502499594751,1.9797406424538684,-0.8052440936931282,0.5337277219726236,1.0953007230242058,0.05387545966539383,-0.368713364150823,-0.3882264809744142,0.1157791577270268,-0.8290482480510052,0.04844913649524625,1.0818279863454368,-0.3568380661098619,2022-12-02,MSFT
-0.3167652867062842,-0.0715153069221361,-0.050692251578288446,-0.19831416251782763,-0.29732954821593627,0.48212203816539745,0.4204367229204552,0.3285814468770205,-0.5123121866691525,-0.7577284361928659,-0.06798733439295415,-0.29025635892744495,-0.1256635146949026,-0.28797089780067514,-0.7357191229628565,-0.5701599775117059,-0.8152215275292901,0.004819607087539756,1.044383479541778,-0.43020783579138583,2022-12-09,MSFT
-0.44184830236738637,-0.12945004780358715,-0.10651308953974017,-0.24679499026225282,-0.3296382841318436,0.48381298056747213,-0.8105786870192553,0.40805185221206214,0.34241327079039746,-0.9808684643399721,-0.11374220847357913,-0.12988592867296556,-0.16628941350137177,-0.20887887760056856,-0.7075635318228484,2.2461837572718832,-0.5850034760797578,-0.010241445223542357,1.0028272986533309,-0.41219891116736324,2022-12-16,MSFT
-0.7433179784880454,-0.453608877919316,-0.3717701385943653,-0.5418803853543689,-0.5758123684715043,0.37831845808093645,-0.18358951374323557,-0.8123407261305589,0.42289055477046544,-0.6793101417454515,-0.39902212077751414,-0.5631645657725416,-0.15849413311031185,-0.2885100120175451,-0.8933048595870955,-0.2068580135383555,-0.5482267615206695,-0.03339411690049731,1.012895624876856,-0.3788465473992239,2022-12-23,MSFT
-0.3583525003978578,-0.5164953522754658,-0.3485023138218283,-0.4252134123248182,-0.4898044393190443,0.3285509059189136,-0.570291489297936,-0.1907620459703286,-0.8129642226197301,-0.4717557398653192,-0.3269876475971348,-0.7738640853681895,-0.1586957942065501,-0.3472079680410902,-0.7820907899506556,-1.4274345321895805,-0.44126103970500025,-0.030690309915230637,1.0105354281884293,-0.378941486862917,2022-12-30,MSFT
-1.1663783179758451,-1.137712195895599,-0.9441804393408232,-1.13637987525309,-1.095481661356128,0.04718011019697326,-0.047226790234686525,-0.5741270446428464,-0.18351022967333191,-0.7241689007574457,-1.311028679385437,-0.981765941052435,-0.0087827771606656,-0.01162065000668268,-1.628624751789524,0.4846714134805558,-0.45489717484427883,-0.04472962420150457,0.5156568407217569,-0.40649029811434273,2023-01-06,MSFT
0.124670186431124,-0.4006321922336344,-0.3549282279374786,-0.22361157066000206,-0.36811234922260183,0.1252207359297311,-1.2526432039672837,-0.05557604067038648,-0.5717324079309614,-0.41472108510023714,-0.3659781509711946,-0.4493066988087481,0.013395919873956543,-0.19560684235855808,-0.6097209153305181,-0.19630815548731395,-0.4731914554041741,-0.008219789383039505,0.4993233229831229,-0.32845009391855645,2023-01-13,MSFT
0.17524370633609526,-0.3044707256385059,-0.33162146679170484,-0.18123851195951232,-0.3171119487484261,0.20058891755131056,1.0199433333406878,-1.2505905248543714,-0.04661143706257797,-0.25492491361330033,-0.3005528839901083,-0.20076855829037785,-0.018710096210821824,-0.2708953643003705,-0.4763651803297016,-0.3869174646665273,-0.05946107606799051,0.07048081564051864,0.7434604358856133,-0.21527066831937566,2023-01-20,MSFT
0.6519299638374013,0.14491770779661634,-0.10380306648574955,0.19576153335074187,0.019487485122924853,0.38643733432560673,-0.05495943944302693,1.0023851254730565,-1.256766583478614,-0.37779696307588545,0.2241828418822671,0.047592965553717774,-0.1960598748538483,-0.3106181429047192,0.35015637320235243,1.1646426962855871,0.03961852712692663,0.08341979814386472,0.5595642909992553,-0.29371646305661464,2023-01-27,MSFT
0.7693329558903388,0.577348180638264,0.26400047701594376,0.5877037319676129,0.391824152615633,0.6685660135402869,0.4679583349334251,-0.06324196233845703,1.0247539454173247,0.0047824286758089895,0.8529463278485064,1.03811230766415,-0.7569208773031175,-0.4278920212522682,1.0598192359185705,0.13844939316467728,0.6360470793828935,0.41328633829759887,-0.08348833255383242,-0.6328083750936698,2023-02-03,MSFT
0.653052467674917,0.6925285986745184,0.37608945392102916,0.6178993055914294,0.4730850338546937,0.9032844376744792,0.6127968445267625,0.455163384808024,-0.05437448485941914,0.5420512982972895,0.46234619925011144,0.6133575935303538,-0.7936328319813774,-0.4713858187888221,1.1243089397301969,1.0321047339624272,1.1571753529773132,0.1996349117933015,-0.4850417974112849,-0.9042707774603196,2023-02-10,MSFT
-0.04592440402768023,0.3399018091594014,0.16215977397416492,0.208576450682107,0.16769581480729956,0.9403023753483504,0.20270599242573742,0.5987520358831331,0.4705989837318775,-0.15575368446304397,0.2039490337042233,0.4147169196916876,-0.7861062313412974,-0.5138498494182342,0.6513676256974776,0.43614792802197905,0.6226540140307277,0.07841548782277684,-0.5276005374657342,-0.9160007385691514,2023-02-17,MSFT
-0.7495029892290169,-0.16402183487980723,-0.17184067980821502,-0.31688657179375834,-0.26921840781932244,0.7741870944937651,-0.43180142245567127,0.19219999087274342,0.6160068824354107,-0.2810680876400935,-0.31725031041757223,-0.196021127393725,-0.7582089355581286,-0.4269191683932783,-0.0308967334456477,-0.9432383140380094,0.2695115283349644,0.017422111881986436,-0.4059355685859586,-0.908442643303085,2023-02-24,MSFT
-0.24275535684289395,-0.057806242844863985,0.033783672284004404,-0.014141705970053556,-0.02726943142601212,0.7385199436243212,-0.7492991360416487,-0.436832053545415,0.20430388128622964,-0.2861676266344718,0.04063246483441175,-0.3366396148143074,-0.8207748768841601,-0.4596288804449132,0.32552348637237283,-0.4414221116237556,0.33077871784186647,0.013139748271936124,-0.5699317572021388,-0.9563888281806009,2023-03-03,MSFT
-0.49358155766587675,-0.44521818515137757,-0.2470878552567103,-0.38707794136917156,-0.3448621102809318,0.5697621192784866,0.31067348470551776,-0.7515899762915279,-0.4326979089749469,-0.7189889233303527,-0.354394392806872,-0.7145076899187175,-0.769437925018319,-0.454107657545277,-0.19667843284403463,-0.6340665473992453,-0.05100530654656735,-0.010585729245025086,-0.305138287257043,-0.8533236833368729,2023-03-10,MSFT
1.4403099518465108,0.7918373988187409,0.822294001451925,1.0797513549542064,0.9004368740868857,0.9568287388582147,-0.6044241098327001,0.2992357966121381,-0.7514437694877013,0.3263123078885677,1.061654076004341,0.4656703818536906,-0.12892542242408614,-0.4754032309943156,1.4865804448200097,1.9832928345260188,0.43264123548860883,0.021320270592563393,0.0366304836774562,-0.20735873971603866,2023-03-17,MSFT
0.9015768049971669,0.6348625587575848,0.7178058011451958,0.8143301683676335,0.7430838288198055,1.169827934935104,2.1137819615022653,-0.6079651237145383,0.3126958153427989,0.3699531760890556,1.1213070790996875,0.8397809425929257,-0.1284815986306862,-0.5616418484787287,1.3018053161372982,0.6611716459679368,0.39974729378459384,0.05294070180312901,0.0006134897343387127,-0.20294073395001463,2023-03-24,MSFT
0.8321673173230765,0.8025826966174242,0.7869693434864612,0.9035820436208651,0.865612910489973,1.3706872288193936,-0.056012843583087314,2.0867846650192274,-0.6059992106144476,0.6929011967830434,1.2192426357034063,0.870341768411197,-0.4339690773219943,-0.570106779843006,1.301145996513991,-0.31264333371014047,0.7744072574125869,0.045905887135378326,0.44769838772816195,-0.3094201657413914,2023-03-31,MSFT
0.284147533256094,0.7723891829502832,0.7269404010804786,0.7731782647098101,0.794293168038341,1.4756100413303208,0.36845119918162955,-0.06428627631222608,2.1228926717015306,0.7239626931856911,1.2436032879198653,1.2507995708548993,-0.531735080302011,-0.5738237820944143,1.1299313899613683,-0.9327855364556388,1.0123398649426745,0.07549320332894069,0.3018511564906608,-0.4307729181347201,2023-04-07,MSFT
-0.20430426223350145,0.3549407574414206,0.37015818622996427,0.2997370269211408,0.40800486519261386,1.363990089360834,0.07720525322645276,0.3565149284336473,-0.05543203014155333,1.075503374023974,0.962929164409074,-0.04608484464864057,-0.47343191924730743,-0.675624409561234,0.7217776976720601,-0.5173861366702651,1.024423832297677,0.030344981815512456,0.2669463582231243,-0.3922623596822974,2023-04-14,MSFT
-0.3178108483183047,0.1255197815425328,0.23308727876903598,0.15665187047214033,0.27796026107704147,1.2047682393575576,-0.468416286192426,0.06778223829333344,0.3707006655546143,0.8657583742413993,0.9214151802812406,-0.09409068877173166,-0.47930379719223154,-0.7267855238263399,0.5816326968284014,-0.8668002250240596,1.0231388867206714,0.009034185218985276,0.3778034717321858,-0.18343324258768387,2023-04-21,MSFT
0.8018036250304172,0.7661117820297251,0.843031952184081,0.9611722282770919,0.9677034857757404,1.3894452998689217,-0.1538175078191109,-0.47313095573669645,0.0783097736145531,1.1306349787791985,1.1939885347270116,0.3173123470064701,-0.32676293215633695,-0.6844275954731558,1.0974947476820809,1.5042435494172317,1.1168664507886361,0.013878546174490067,0.2380258280286618,0.0005793197597210334,2023-04-28,MSFT
0.6962275008751275,0.5546248438650674,0.804137833360674,0.8116063990535881,0.874173546321566,1.4719091413789989,1.2308606083634888,-0.161246952350214,-0.46945671305423586,1.080292806502902,1.2023890796334666,0.3135219897033258,-0.32630160854594814,-0.7874995621641062,0.9627479621535515,-0.5382751127928536,1.0898085470601528,0.014393513138998566,0.47032424686678387,0.25664949026376666,2023-05-05,MSFT
0.2044898367031959,0.32081798823384633,0.5824791162835176,0.49462030972616494,0.6182482991808089,1.397183300900504,0.06973106004628613,1.2114823268595787,-0.15362118404747685,0.8811891185504832,1.0638079010682853,0.4393481479198943,-0.355924437219919,-0.9013245533409302,0.7444558627018867,-0.45771927609761165,1.088714919753525,0.014927593008076149,0.5090472247362244,0.2428981393747882,2023-05-12,MSFT
0.30393106160375155,0.5266949413407481,0.7079779532752447,0.7187130802180794,0.814167190260548,1.422240822242408,-0.2276027368588218,0.06037254235246693,1.2365003783753135,0.95399339562009,1.2337665621589826,0.7584406870513274,-0.4903706922212006,-1.031443273187645,0.8537490389141922,-0.5454183979190008,1.0541018697593707,0.029682284316530735,0.28312363126117224,0.11296988922884041,2023-05-19,MSFT
0.7843802091256085,0.8703359297040456,0.9517796056926786,1.0511357318222128,1.1196815254166435,1.5811724284116437,0.4593858678937869,-0.2343954646956311,0.07080619788815457,1.28781476696757,1.2462243362843153,0.49154602924789004,-0.4620835393042093,-1.0824982646841386,1.0649787008360367,0.2516647614076103,1.555411534188349,0.022905585057958044,0.361359448618977,0.1376397435864701,2023-05-26,MSFT
0.5338059057110851,0.7296100389155208,0.7664604582050342,0.8359984590662074,0.9610106520704124,1.6088815802410779,0.6967772049048284,0.4466648923693521,-0.22769647755986472,1.6781489845710058,1.1890040598176097,0.4588948807567556,-0.5862117907434871,-1.0732021911387584,0.9324214889826564,-0.41048920991188514,1.8602379966058886,0.02202022403770661,0.2210455803154874,0.5677113351272102,2023-06-02,MSFT
-0.2624116157309369,0.17768820460009768,0.3492146709586023,0.2594861220806899,0.46672517598614033,1.3615468965679902,0.00655922500841541,0.6820077024689395,0.46199281661210456,1.2627068065511886,0.8400821690357793,0.267030401507063,-1.1580542890147991,-0.9863590877168277,0.5920850193423365,-0.4118988532873765,1.435858770476774,0.02311269578795271,-0.6662356950639308,-0.36153464054237383,2023-06-09,MSFT
0.2960862733696442,0.48708219171769757,0.6629227686954612,0.7151591823173499,0.8434027883911713,1.358905769143325,-0.5940422013282904,-0.002254162413379581,0.7003173863837455,1.6540098749500531,0.9753405196366418,0.4008209933757756,-1.0889774863090413,-0.9615259119909694,0.8332069263506943,0.3085669071294877,1.7738218346411394,0.023558537741543574,-0.27863470420899944,-0.21162329101183827,2023-06-16,MSFT
-0.16155619605630372,0.07013211027374573,0.301221521443626,0.2234982911683704,0.41913472572114857,1.121147178961777,0.7301871821757305,-0.5976728040688937,0.007386021749269802,1.0651248943762994,0.5927982414908575,-0.19939969042957942,-1.0023734723946756,-1.1256534077531475,0.5291131503836195,-1.0033239387213368,1.3882414928948001,0.011255658229474537,-0.0098793135361337,0.00677752051162161,2023-06-23,MSFT
0.08420259475950509,0.1294475150459291,0.3356161750575103,0.31417859580474067,0.475889324377753,0.9622188111240643,-0.5159680152815316,0.715129374200085,-0.5955764887541006,1.1197644634741715,0.8044999751565497,-0.121703992033198,-1.0019930914859294,-1.130329016526339,0.5493147310020363,-0.6565922350843227,1.3639806418158822,0.010357080834621316,0.19842613666353945,0.28771490034565383,2023-06-30,MSFT
-0.2591230939367859,-0.12996380395552984,0.09622407041653809,0.06464710122225224,0.2443697463639286,0.7096145262417862,0.168178060751613,-0.5202723455187671,0.733858704948364,0.875118331228433,0.638427836855671,0.02270071239725222,-1.0382976283335186,-1.1807744430145746,0.3790905715558281,-1.2968176616664628,1.3427913212039158,0.012519613430555023,0.23361743514883912,0.11252226934039432,2023-07-07,MSFT
0.16014953748471752,0.03832228838030999,0.17938389532463506,0.2785647434832649,0.4051874263579593,0.6010794396922569,-0.30611364962140125,0.15797001192984275,-0.5171953774880252,0.9422085245789192,0.9914703721891486,-0.18110490816314231,-1.0536780217524535,-1.1116366383808227,0.5033756550611987,0.08088687475345925,1.3793987931681475,0.011393290688663378,0.09921175379217609,-0.019577880852407546,2023-07-14,MSFT
-0.050798556801369445,-0.06554804321496155,0.03996177557843081,0.10469276111082348,0.2444934959983161,0.42697966014624045,0.3003039061452288,-0.3122288813049727,0.1696402134163378,1.1120141505789538,0.4213517400972714,-0.027768559757095954,-1.341752230859296,-0.9831592416751362,0.3974135940499845,2.0364123629857214,1.8056109096368151,0.006298437126902127,0.9125449639606309,-0.2783095173053816,2023-07-21,MSFT
-0.32841002282046966,-0.2748818129632202,-0.18999226312468606,-0.16788450784748676,-0.009816651321086708,0.15353441326108566,-0.20679781834982539,0.28895570051152375,-0.3065160324017092,0.8997553142170084,0.22319613739724412,-0.310554900837598,-1.2890138676737934,-0.8537159734172474,0.2156700422609061,1.1474575044284967,1.2337075199973961,-0.005102836750491141,0.6204029607668015,-0.28368970047719,2023-07-28,MSFT
-0.8034736645412638,-0.6629401447856673,-0.5464611706828757,-0.5657667585466677,-0.38338929509332104,-0.25585110285194906,-0.41387345362568856,-0.2137700785823527,0.30228547189804567,0.09574010940328526,-0.7904255022450308,-0.49874043850948957,-1.181355935029251,-0.9534416284024958,-0.18774314239256792,-0.570643184404046,0.8142809279937764,-0.007107017396328877,0.7409015798442503,-0.45030279765933545,2023-08-04,MSFT
-0.8567952503390768,-0.8159653199500244,-0.7498829611608535,-0.7433767458071214,-0.5826786733228135,-0.6640802373368164,-0.6957957051494624,-0.41905879097842547,-0.20680977076078721,-0.22075857299598148,-1.2529107423685952,-0.865947181557511,-1.204723442444838,-0.8923492997068923,-0.49398959436985157,-0.6599841962552068,0.47187324020097426,-0.01487306177608174,0.7144989810304955,-0.49273231640120385,2023-08-11,MSFT
-0.703588607297901,-0.8794238180837112,-0.8260208400325317,-0.7793585835306505,-0.6624983354268047,-0.9997037571093511,-0.5033183657307007,-0.6985482438733374,-0.41469946171869226,-0.28967820827960633,-1.5336038891379162,-0.9290716496701771,-1.3891654305206333,-0.824536043371678,-0.712024007335409,-0.739208592595944,0.1340627354177674,-0.01305958880831383,0.4960298112248208,-0.8352944747077883,2023-08-18,MSFT
-0.09300076676720215,-0.5643926832785007,-0.6078829456342835,-0.42617175514393857,-0.40489811369217404,-1.0950869979814724,-0.34725689753893607,-0.507731853900368,-0.6977300059222941,-0.3848062828115901,-1.4019738010439373,-0.6333741483608896,-1.3473529887318536,-0.8272751577183475,-0.5137307122797192,-0.6513707134489449,0.11880635946384518,-0.0017046599411860838,0.5022494019649818,-0.7625143034317169,2023-08-25,MSFT
0.22713358966834088,-0.31766708805432203,-0.44722651783605033,-0.1803265593557609,-0.21234987988484924,-1.0463725389103073,0.24163376857126317,-0.3530170907798883,-0.5044959996382615,-0.6559469848886053,-1.0497954909003497,-0.21324704664174815,-1.3725208392911148,-0.9370192816569013,-0.3363908603894966,-1.0045736790250646,0.03022098410444802,0.008060573844677897,0.6397936082470851,-0.9012880176046135,2023-09-01,MSFT
0.3502511044149836,-0.0607428028821141,-0.26447879306592853,0.006852713321551431,-0.052734059937062316,-0.9088084645172707,0.18824397597985149,0.23079184660077953,-0.3478210226444592,-0.554883683742358,-0.701957971123881,0.12362451691780334,-1.576665529652353,-1.0041853296203236,-0.08535125510066933,-1.3937130428390954,-0.04723576385244528,0.01838654591640561,-0.10350629083012872,-1.3228933577240365,2023-09-08,MSFT
-0.09900712520158005,-0.1515130984404014,-0.3736053783778474,-0.19899094284386765,-0.21868740603236467,-0.8840921413709362,0.1788952032740382,0.17786277186157562,0.2433846902949327,-0.40603932505548057,-0.9530688524542902,0.12278481851427121,-1.6097055576985095,-1.0201833190127956,-0.42578042426546114,-0.406390116060573,0.37457018315653107,0.01895811600347921,-0.16808922455253422,-1.3660653259470437,2023-09-15,MSFT
-0.7966601404496828,-0.5524080512020463,-0.7087306801218664,-0.6955438235819408,-0.6457305860566944,-1.0843342475469215,-0.3489087641032112,0.16859467275033432,0.18978501176515758,-1.3727324340865565,-1.7721318185444264,-0.41597273898426407,-1.5024673537892501,-1.0374580638046789,-1.4803546873295195,-0.31367948041650784,-0.0893088380464546,0.0055257397547914654,0.05825066484009085,-1.235251232647528,2023-09-22,MSFT
-0.6845405228131531,-0.5477046912538773,-0.6967594331338999,-0.6468235993716805,-0.6350678229424568,-1.2107344832087155,-0.8532508576747538,-0.3546547028513346,0.18039948716658227,-1.2154744830150104,-1.7345596383166066,-0.5969829562849598,-1.5043330777714448,-1.0328033345879093,-1.7051852275537074,-0.41009561070423717,-0.09460330142369829,-0.004738794847582009,0.05203982874898865,-1.2357197477983366,2023-09-29,MSFT
0.11486133874708199,-0.14391903807730194,-0.31129878624695484,-0.13514086328469313,-0.2231557129927146,-1.0657319269450651,-0.20167979049038415,-0.8546446647727978,-0.34947938302613024,-0.9662280924169019,-1.0474016109157243,-0.43761967214743036,-1.4155140556240755,-1.0606174736061627,-0.786016419717993,-0.4542468872295876,-0.10962323344208501,-0.002427630580546521,-0.17481955220266937,-1.0796042684979001,2023-10-06,MSFT
0.18162336906535387,-0.17973508450674308,-0.2588267739248658,-0.14484818013609754,-0.2218363386752657,-0.9425143425948558,0.5294412577830331,-0.20869621584677672,-0.8558041461011026,-0.848361888396347,-1.0193390210035136,-0.32072176421362475,-1.4128820997308658,-1.0447621558763904,-0.7242674096833828,-0.49803089741442685,-0.08073992677558896,0.00799113105844624,-0.15568904485353816,-1.0649238783273864,2023-10-13,MSFT
-0.030019891746235018,-0.23712689103470275,-0.2629859998805344,-0.20850678871947595,-0.2686414568526973,-0.8632407357452048,-0.10382191212660774,0.5161157515571521,-0.20167162291159305,-1.2209483668833463,-1.0826231757554536,0.010131867957605624,-1.4285289380763522,-1.1373197945469067,-0.7835096941474476,-0.13008182317250044,-0.12671238987224595,0.00779935491466343,0.22471325903258751,-0.94514038340138,2023-10-20,MSFT
-0.053828576750151215,-0.124386179004281,-0.17541072825238013,-0.10407281785453804,-0.17680700892043452,-0.7428214159857459,-0.18829100550647043,-0.11168278488301929,0.5323236082313565,-1.0348802766961762,-0.46201496685640125,0.132480191398499,-1.512283490928524,-1.1895314139731685,-0.521181776103264,1.536275691242616,-0.22864498926019242,0.026773470636730197,-0.3968239987821746,-1.263207556287014,2023-10-27,MSFT
0.9132005648827896,0.6471087239291051,0.42839166359498904,0.6876123233640523,0.5116592839544273,-0.26582801163502334,0.044037010625746914,-0.1954229670348925,-0.10342904568255194,-0.08004229641251243,1.1462584663643092,0.42416806948665176,-1.1837366072055628,-1.2709712032662333,1.2694513499532973,0.006218774388182091,0.43421622944657884,0.025883688984704552,0.48449830298089797,-0.9962731647613404,2023-11-03,MSFT
1.241637129622564,1.0731251547139176,0.7843452660499651,1.0525839477101662,0.8846162433189754,0.30670122183411236,1.1308228887607483,0.03490021522544072,-0.1882302039397296,0.6768504929287407,1.2417813514298792,0.8587417674155495,-1.1182151216277947,-1.3014535933829061,1.730177454174372,0.23566635507131045,0.9183502800741657,0.02598805870318304,0.4890127474411523,-0.9224774515947016,2023-11-10,MSFT
0.6467428971231529,0.8386187516734194,0.6828682860475443,0.7744358685436039,0.7130816509357777,0.6388617809684329,0.7349693961415097,1.1123078652145504,0.04501114002740175,0.9830669795829705,0.940716329791746,0.9153972021830572,-1.1151033246938242,-1.3091884950737953,1.3478650106280017,0.5236702293507105,1.3695189927185005,0.043422926180043446,0.3143621641640761,-0.9894333369156021,2023-11-17,MSFT
0.38114120571787014,0.8064437906468866,0.7702206161457392,0.7865586375572583,0.7649135343036637,0.9140308360944278,-0.08426560608630194,0.7198703208891026,1.1360693905160124,1.2608126647306872,1.1534367324939667,1.0218301419122464,-1.1119893328367632,-1.354700792613438,1.296705015943808,-0.24755445163542064,1.758108524435127,0.03512522393254593,0.4809300721248835,-0.8279367449104719,2023-11-24,MSFT
-0.07350259802115376,0.4786939748558017,0.5788953284141124,0.44681752235713307,0.5034925718340363,0.9590157253399025,0.24084214883518987,-0.09229523655610189,0.7386597187524071,1.0416151679370305,0.8277737688712663,0.2992625299605827,-1.0878041504547133,-1.367632569270221,0.9564837869682357,0.3012594106514288,1.7813005038879173,0.020673452492271153,0.5720673940735627,-0.7332170133188203,2023-12-01,MSFT
-0.157686156225162,0.2554185959667471,0.4562845223220979,0.276036582920932,0.3633277145662217,0.8997788414047461,-0.2697082310511377,0.23000705800839247,-0.0837958598971682,0.943551362168817,0.8152470484267892,-0.12984338946121976,-1.117053945009463,-1.357723242044814,0.7820418532704767,0.03523271557017818,1.3289617871418273,0.008782316694017734,0.5502075180791155,-0.7692076448767866,2023-12-08,MSFT
-0.35163675618566465,-0.0584824666012897,0.22268174308704605,0.04046357420478708,0.15571015693346374,0.7216194005074178,-0.14331956989843225,-0.27613761690984856,0.24258995854356458,0.6792125001498601,0.658678255271452,-0.23438247100388707,-1.3027553834428562,-1.305641231342907,0.5426465872443161,2.360489742136349,1.428991132350988,-0.005056049319978625,-0.5071563236931408,-1.2741844909441855,2023-12-15,MSFT
-0.1136631603779028,-0.1222776210296809,0.18467749157403252,0.09893010201285088,0.19036735931062285,0.6009879077683626,-0.2989341938356288,-0.15083960454380005,-0.26996749685969396,0.9418305446585179,0.8309033745641182,-0.3208143318640521,-1.3308525079182276,-1.3445151330719705,0.5476654177178101,-0.4053193741488509,1.4333615020340342,-0.004562025695172552,-0.5407470700098661,-1.3068124892178632,2023-12-22,MSFT
-0.05749346778566157,-0.17385544712278403,0.1066484946632704,0.06589232943419666,0.15161649071110578,0.4807727124651584,0.05800886270053424,-0.3051113793738435,-0.14308197663605068,1.7208730260152654,0.8962157422425602,-0.21953426278972393,-1.3711796214333667,-1.421739185049663,0.4842363169930661,-1.5484721591560107,1.7654961610814572,0.0022314700122929854,-0.4958482547717642,-1.3342875777359697,2023-12-29,MSFT
-0.4065731755446273,-0.4416301907602447,-0.21132715307879804,-0.27485996918973354,-0.1533277812485589,0.20077079999516337,-0.05930828392434975,0.048751499652990256,-0.2993083527412709,1.2885766926034716,0.5077303063140021,-0.4058025085010335,-1.280938852938009,-1.3975599536624028,0.1502472245022028,-0.7071460527289061,1.7685021569129296,0.0029922351143640935,-0.185014424841542,-1.25966210498738,2024-01-05,MSFT
0.43964909361553317,0.1605749186476664,0.1981383408073235,0.39469809041246956,0.39743747090525466,0.32607065383354245,-0.5284839731714607,-0.06755327922898448,0.059037918243330594,1.3982301558187402,1.1562364842586166,0.16139773208724834,-1.1443860386361602,-1.4317089738256956,0.680378025709268,0.08245974604931199,1.7830236301579259,0.01845879085782067,-0.0973491319802482,-0.9860280912609364,2024-01-12,MSFT
0.6430207207516611,0.40244636895854086,0.30495017138523123,0.5648845399074394,0.5607321247178335,0.5197989239732854,0.8891418633262019,-0.5326802991450067,-0.058740425517004424,1.4926589891745128,1.2657191055364032,0.30466734091007286,-1.138769172970063,-1.4424126509343347,0.813115940878549,-0.40206063220544086,1.7916582038449376,0.017671946628613266,0.2682335352403136,-0.6335591159088467,2024-01-19,MSFT
0.542748081848253,0.4468848779167271,0.3219716120730549,0.5369560378387278,0.5596268750335586,0.6612905539507358,0.3450498473918708,0.8727123838054267,-0.5297605381082655,1.585940473002022,1.140842999834246,0.390447938301817,-1.4043221262093126,-1.4456050178763244,0.7847952232155804,-0.19808623483753698,1.8001454499908356,0.019566501282819827,-0.47230746916561256,-0.8876999507645618,2024-01-26,MSFT
0.3491794223745575,0.5230424496214112,0.4121914616828334,0.5748439919606887,0.6103877909224978,0.7953837287317878,0.10880897330489117,0.3333155145052667,0.8934382686988831,1.616302753725449,1.1012361003294842,0.7737424590102652,-1.5408690103457134,-1.488533278016576,0.8056438676929976,1.1638384294146555,1.809170495697814,0.032464719501464234,-0.7127968923160942,-1.1273297804648896,2024-02-02,MSFT
0.3491794223745575,0.5230424496214112,0.4121914616828334,-0.25573102462465763,-0.30978380749556045,-0.05084237877671538,0.10880897330489117,0.3333155145052667,0.8934382686988831,1.616302753725449,1.1012361003294842,0.7737424590102652,-1.5408690103457134,-1.488533278016576,0.8056438676929976,1.1638384294146555,1.809170495697814,0.032464719501464234,-0.7127968923160942,-1.1273297804648896,2020-01-03,GOOG
0.3491794223745575,0.5230424496214112,0.4121914616828334,0.07640994160396548,-0.03668427554277464,-0.04164688548520675,0.10880897330489117,0.3333155145052667,0.8934382686988831,1.616302753725449,1.1012361003294842,0.7737424590102652,-1.5408690103457134,-1.488533278016576,0.8056438676929976,1.1638384294146555,1.809170495697814,0.032464719501464234,-0.7127968923160942,-1.1273297804648896,2020-01-10,GOOG
0.3491794223745575,0.5230424496214112,0.4121914616828334,0.24792976971342198,0.11345725907410394,-0.029689128488688175,0.7882208056936517,0.3333155145052667,0.8934382686988831,1.616302753725449,1.1012361003294842,0.7737424590102652,-1.5408690103457134,-1.488533278016576,0.8056438676929976,1.1638384294146555,1.809170495697814,0.032464719501464234,-0.7127968923160942,-1.1273297804648896,2020-01-17,GOOG
0.27043439373340866,0.5230424496214112,0.4121914616828334,-0.02581409370885279,-0.10077540043676252,-0.03396831139665361,0.5110004926502237,0.7726622067412061,0.8934382686988831,1.616302753725449,1.1012361003294842,0.7737424590102652,-1.5408690103457134,-1.488533278016576,0.8056438676929976,1.1638384294146555,1.809170495697814,0.032464719501464234,-0.7127968923160942,-1.1273297804648896,2020-01-24,GOOG
-0.4183450213419254,0.5230424496214112,0.4121914616828334,-0.3357588587590603,-0.3555164071472253,-0.05020886295589895,-0.2969147717129821,0.4978341177731021,0.7921204702315456,1.616302753725449,1.1012361003294842,0.2155173265865413,-1.5408690103457134,-1.488533278016576,0.8056438676929976,1.1638384294146555,1.809170495697814,0.032464719501464234,-0.7127968923160942,-1.1273297804648896,2020-01-31,GOOG
0.018206287093387733,0.5230424496214112,0.4121914616828334,0.0280733464691327,-0.060706941097808054,-0.039141872314799,-0.5302770661782844,-0.30310938350025846,0.5138103487675865,1.616302753725449,1.1012361003294842,0.046250067419424015,-1.5408690103457134,-1.488533278016576,0.8056438676929976,1.1638384294146555,1.809170495697814,0.048458803371099944,-0.7127968923160942,-1.1273297804648896,2020-02-07,GOOG
0.43249712227080694,0.5230424496214112,0.4121914616828334,0.2669031758902371,0.14704371669210647,-0.016622843003725785,0.43762159324617317,-0.5344579189701826,-0.2972809918669154,1.616302753725449,1.1012361003294842,-0.01785855184535209,-1.5408690103457134,-1.488533278016576,0.8056438676929976,1.1638384294146555,1.809170495697814,0.020509582397241034,-0.7127968923160942,-1.1273297804648896,2020-02-14,GOOG
-0.09977716884283917,-0.028486255303867364,0.4121914616828334,-0.1445084943586789,-0.18073259125644217,-0.025698335812538282,0.3776914544105054,0.4250884287130124,-0.5315606801218383,1.616302753725449,1.1012361003294842,-0.14590140282313693,-1.5408690103457134,-1.488533278016576,0.8056438676929976,1.1638384294146555,1.809170495697814,0.04219243415070135,-0.7127968923160942,-1.1273297804648896,2020-02-21,GOOG
-1.7340711427372706,-1.2355057950188817,0.4121914616828334,-1.3403762039556872,-1.1813777784524258,-0.1073469589136176,-0.5535092998449915,0.36567544650048767,0.4401429822538141,1.616302753725449,1.1012361003294842,-0.8310033299221253,-1.5408690103457134,-1.488533278016576,0.8056438676929976,1.1638384294146555,1.809170495697814,-0.06464601365277217,-0.7127968923160942,-1.1273297804648896,2020-02-28,GOOG
-1.724948158319345,-1.455700695249658,0.4121914616828334,-1.4375704201672042,-1.3124065149704087,-0.17064432037749455,-1.9050094531466821,-0.5574896741506961,0.3799772460723758,1.616302753725449,1.1012361003294842,-1.319036438511987,-1.5408690103457134,-1.488533278016576,0.8056438676929976,1.1638384294146555,1.809170495697814,-0.11739728858016703,-0.7127968923160942,-1.1273297804648896,2020-03-06,GOOG
-1.8626557230828444,-1.885802928583397,0.4121914616828334,-1.864372319936023,-1.7120225137551244,-0.2421819104698789,-0.6823323191091414,-1.8973272938918462,-0.5548842443393257,1.616302753725449,1.1012361003294842,-1.9778880819365792,-1.5408690103457134,-1.488533278016576,0.8056438676929976,1.1638384294146555,1.809170495697814,-0.15460953958529475,-0.7127968923160942,-1.1273297804648896,2020-03-13,GOOG
-2.704350962577064,-2.832509925422196,-2.5171955912984014,-2.895394641044654,-2.6131821792126146,-0.35548132102337615,-1.2256775590842957,-0.6852010377617793,-1.9116974146823986,1.616302753725449,1.1012361003294842,-2.6743302896162566,-1.5408690103457134,-1.488533278016576,0.8056438676929976,1.1638384294146555,1.809170495697814,-0.2788328282208682,-0.7127968923160942,-1.1273297804648896,2020-03-20,GOOG
-1.2415284054879672,-2.176225151319374,-2.1258007466279847,-1.991672171216003,-1.9712973346470362,-0.37859941589753016,-2.3154153000184934,-1.22385757527494,-0.6842136926223703,1.616302753725449,1.1012361003294842,-1.7408048176180944,0.18352847231046868,-1.488533278016576,0.8056438676929976,1.1638384294146555,1.809170495697814,13.150364859646558,1.0444822137226453,-0.8427210932006198,2020-03-27,GOOG
-0.6424630068644857,-1.9109515146700637,-2.054523321788616,-1.7580059350809805,-1.826206461167152,-0.37804823580892405,0.5176485212439365,-2.3041916154808884,-1.2296949312596703,-1.5711582164197555,-1.561511432376771,-1.5993276426163225,-0.00944119956655706,0.5379206855554316,0.8056438676929976,1.1638384294146555,-0.5545055541211968,0.16790523162096904,1.157513535976611,-0.9100838896837241,2020-04-03,GOOG
1.3655797533103253,-0.4432203853198066,-1.0711140906665357,-0.30709574265305023,-0.6662398018987193,-0.2839262250005629,-0.33869500725753515,0.5044247783699293,-2.3237166489097247,-1.0495385325227604,-0.8220615369870915,-0.3141767161165361,0.4555635461646392,0.43768014750924333,0.8056438676929976,1.1638384294146555,-0.3844015018130604,0.017451651911866463,1.2212015496805237,-0.7922922680419158,2020-04-10,GOOG
1.613128862372615,0.5418696810306873,-0.42351270613200553,0.39930921451317136,-0.029568925896588008,-0.16382400287703927,1.7409683855721292,-0.3445290838291733,0.5204845120895298,-1.038678999650759,-0.3545734134045918,1.4569814159420649,0.6336376171889194,0.30805421609225203,0.8056438676929976,1.1638384294146555,-0.36063967408487047,-0.026639978375752084,1.2472038718040253,-0.7769353840725933,2020-04-17,GOOG
0.8131326444622816,0.5834570060956643,-0.3561955772451169,0.20941371131432499,-0.10771736602695793,-0.08319434520372362,0.9420443162624519,1.7171882184623204,-0.3392254738622727,-1.2627273899933829,-0.38022643794788996,1.066099481200867,0.6280420704072598,0.3716821837381394,0.8056438676929976,1.1638384294146555,-0.3644293647768523,0.011500251387673808,1.238465876568148,-0.7794110881413941,2020-04-24,GOOG
0.5498561896379287,0.9756409989653776,0.06285482493614268,0.4909370229054979,0.1873999642956836,-0.0005706336658227496,-0.18532297961611005,0.9251583243015583,1.748613491141357,-1.048538511490052,-0.1113245636696318,1.5106693778866225,0.630481866094518,0.44544046955397965,0.8056438676929976,1.1638384294146555,-0.2658854590728417,-0.028096469790563756,1.1228570131425213,-0.7792143604751126,2020-05-01,GOOG
0.8740659322868319,1.4235574959381696,0.6776415168543443,0.93832932794788,0.6341188828095216,0.09726487232412089,0.4540287497575941,-0.19248055320345073,0.9465486917439743,-0.6944358932642603,0.32985984450897354,1.0160098397571031,0.7030334870383125,0.38553759381448177,0.8056438676929976,1.1638384294146555,0.055875704611504914,-0.03441576785813908,1.1448498706988652,-0.7781208186486399,2020-05-08,GOOG
0.308306480142066,0.8582139165870177,0.639383580683992,0.5191149956809913,0.3569922726165595,0.14205341908224664,0.7981239034764279,0.4413540025446386,-0.18525051014678245,-0.9072103364227758,0.23102285364998393,0.354936582206276,0.6928332003834357,0.47079727580783987,-0.26111610808298674,-0.735001440812567,-0.024401455929726104,-0.0006421265008339296,1.1431427149950468,-0.7797572201616503,2020-05-15,GOOG
0.36016650648815185,0.8235376135959859,0.878394537806744,0.669956163500502,0.5304102880087573,0.18820873069249683,-0.3275307332991149,0.7824798474783705,0.45661463857452683,-0.9238772444702706,0.4734259553101803,0.6369150715322758,0.3721413873535444,0.39928444908118155,-0.06291575499752101,-0.9392778439304328,-0.00845207519947368,-0.03257499760616564,1.0619925231464198,-0.7765207055400573,2020-05-22,GOOG
0.2304067202619208,0.5798611357346811,0.9268496985371317,0.6152172773179824,0.5292125355149462,0.21921795950399112,0.3605152054105027,-0.33346115001500026,0.8020624990696781,-0.7403504115197205,1.1703039909472202,0.4587508672137308,0.31794755964989596,0.35667763459734314,0.043882090295203895,-0.9902183652839764,0.24908370493032975,-0.04137623887228617,1.1592341153759518,-0.7773540366686267,2020-05-29,GOOG
0.1849553577442468,0.3924751976406887,0.8425135640913065,0.4941477823467754,0.46008272665152705,0.23226865467361354,0.10741219280500237,0.34864741692903434,-0.3280173109130516,-0.1229441166207878,1.2020780717401678,0.058487306244144145,0.1093230250313497,0.04175831995171415,0.11964743622588603,-1.0685648147646583,0.7461220741379972,-0.07282120368550274,1.089865067746177,-0.7489112648597099,2020-06-05,GOOG
-0.30035220967744247,0.016577782181046472,0.4183304590925913,0.10490308897479039,0.14657817330636919,0.20754205834446882,-0.009940876628521092,0.09772851238417636,0.36273347380689575,-0.04534894737657306,0.8181041308019817,-0.0016202153966004649,-0.7969621260753761,-0.016719311116265016,-0.0036624222332442766,-0.6794478695980032,0.8378811463193416,-0.03749393956735041,0.701848929433654,-1.0239569261466872,2020-06-12,GOOG
-0.11931647330168488,0.008277175471138161,0.343578652973472,0.1815800057974745,0.2096577915325827,0.19236889257875903,-0.44676073056523546,-0.018611879316860456,0.10863546270589912,0.46385221758230644,0.9539739504405395,-0.12364780134126316,-0.8014434709577803,-0.24517437694119878,0.10772919566592229,-0.3181054437937758,1.4400663891975594,-0.07912010472460035,0.9555320477349067,-0.7473676921283783,2020-06-19,GOOG
-0.873304763930337,-0.6625913502861932,-0.339075461797958,-0.5341511056276567,-0.4041505471295403,0.11583731990342525,0.10746205248644758,-0.4516622729290593,-0.009178945082811089,1.0114068057270373,0.4184121507856133,-0.6755026671067306,-0.5698036739053285,-0.22520799891496912,-0.27652938131406485,-0.07149197733153888,1.6403770067286352,0.0400504519375794,0.8707219981951673,-0.5603504420140692,2020-06-26,GOOG
0.4820166825012439,0.16615978797391803,0.2523900970656757,0.4241226870287424,0.38188477718810276,0.1379360786986001,-1.0369866956129834,0.09777794181024442,-0.4477160251125526,1.162591554485298,1.1128713501260228,-0.09588830849755701,-0.793952084994979,-0.4318338212792114,0.41394146673464166,-0.9370231335552416,1.5901575544764734,-0.027319258923188823,0.497670940198472,-0.5742992339155204,2020-07-03,GOOG
1.0719256126000227,0.6380943392234373,0.6295678249360495,0.9042790870931655,0.8212284628606232,0.199406120253749,1.2638894354753558,-1.0367949865192654,0.1086855183957107,1.392336218092091,1.2486282369886665,0.5367102948672459,-0.8272432650326128,-0.5678985908538258,0.8369432295324266,-0.9459765682415749,1.5810661958695935,-0.16014079191864247,0.47359953716772907,-0.3850431495845976,2020-07-10,GOOG
0.4286727273098573,0.29688919891717963,0.30162047774011996,0.4192218306244,0.4476690820784661,0.20265250736620452,0.8214159698013963,1.2442261375001442,-1.0402622863163193,0.9800124138041792,0.7319420008303232,0.2545320296462819,-0.7829198647735959,-0.5876403760810477,0.5651034972458653,-0.7299907562916677,1.5884635169276164,-0.04403629119107107,0.5358257713406834,-0.38134927097498555,2020-07-17,GOOG
-0.12538245254529543,0.17479507100454011,0.16156579870583382,0.23432693153850623,0.29838012600600516,0.18614210869349807,-0.43700711070261933,0.8055709190017137,1.2696590484034938,0.7519897016239856,0.593448851939846,0.7175638492463463,-0.7896855303521455,-0.5961048383196316,0.4439632310497293,-1.0335182232429156,1.5741345545113068,0.007222801206894599,0.8655281220520947,-0.3028307074631636,2020-07-24,GOOG
-0.5571749326173807,-0.11565544842053406,-0.08934356828492067,-0.1110518695691009,-0.0019352075559451976,0.13791894403207916,-0.17370937151733248,-0.4419928202185568,0.8254461311595569,0.5579567801155518,0.27570867113267233,-0.14658417554454162,-0.8531355791822984,-0.5508826521027583,0.208182761024987,-0.18696412409989624,1.0855774026857752,-0.8687479599212338,0.05209260254280805,-0.6152646929286992,2020-07-31,GOOG
-0.25685728379003264,-0.10531692548580784,-0.08146720306144031,-0.05011383028071604,0.030017578276642445,0.1036538341473888,-0.4756134024079694,-0.1809671626990849,-0.43792406182213983,0.4513923320092288,0.18125070981370056,-0.5218381712508592,-0.8735183085425112,-0.6817185231903499,0.22589913850743223,0.1927328161203942,0.5214278972323425,-0.09743108788987173,0.010021986192411476,-0.5966528611991169,2020-08-07,GOOG
-0.05923402516787925,-0.07543826761542474,-0.04863841305258632,0.010262992622906128,0.06824091037372548,0.0809829885372172,0.010810050536098077,-0.480265965700015,-0.17359124663495146,0.2205737233648755,0.2484874709409299,-0.30000268990971485,-0.9002919488623256,-0.7570217262015354,0.26688721341450933,-0.6302624838741852,0.5310089806549919,0.07162165977904145,-0.09336303049374069,-0.6784375147335833,2020-08-14,GOOG
0.6542802974099626,0.2872406328646215,0.34580442817744456,0.5263702992604745,0.50678890700236,0.11379833111776258,0.0304169193695316,0.0019599813608785752,-0.4766821225711219,0.6350428934017044,1.0327352687807434,0.13954881147616718,-0.7959694590487291,-0.84731639501135,0.7993593816890815,-0.10851484572930693,0.5547500545111919,-0.16029129707287806,0.002913067415421555,-0.5638595123573414,2020-08-21,GOOG
0.9290402369576255,0.611157936888346,0.643856241105095,0.8388553028439284,0.8027071754923417,0.1725623282430835,0.7420965882488639,0.021397656158167588,0.011653558121130583,0.7218291004871802,1.1055578939213586,0.6924904881091176,-0.7413347521405977,-0.8904042994656821,1.1652084839891805,0.9123237604744581,0.6406546931012125,-0.14512110457291666,0.13586720619203677,-0.4785497015190121,2020-08-28,GOOG
-0.04427922972559906,0.1336154893207164,0.19336198507298172,0.17617117691038814,0.2644971116905488,0.14995024807438495,0.6024368102653838,0.726936010142061,0.031337505472080876,0.28115564897958245,0.022953072533345636,0.30720923194399624,-0.6771806160934672,-0.6215379436676269,0.6249228775934755,1.1995885891945428,0.09202722757938146,-0.16172077555132292,0.2392078082199264,-0.49527222092729567,2020-09-04,GOOG
-0.9506004943151477,-0.4314016741580734,-0.30941664618501874,-0.4642446687113738,-0.29639045629410266,0.06329560635112887,-0.7167411034276416,0.5884814017205753,0.7458149292754686,-0.16346532624182605,-0.5918743963401388,-0.18010102299029726,-0.5247528365319861,-0.4445594235049159,-0.027248725951012295,-0.37440103429664384,-0.26995605745255313,-0.0020729581401342863,0.49052615003846883,-0.5001240991044505,2020-09-11,GOOG
-1.3501940191631836,-0.8656918912626627,-0.751557117426535,-0.8967582644190993,-0.7087206587921792,-0.051599921438977216,-0.9290956758057135,-0.7193128975102663,0.605606120810113,-0.3379271681291519,-1.122856321772845,-0.9183321251525406,-0.5821150088948175,-0.28838820612146143,-0.6838942748991651,0.35411011724325986,-0.30641874518615175,-0.1108326819766294,0.5193777548670856,-0.5407838979113203,2020-09-18,GOOG
-0.9375243950607821,-0.949979167781188,-0.83776712151668,-0.8794741830627452,-0.751740343459657,-0.14115302377676306,-0.8520135525372127,-0.9298349933465906,-0.7187577447445853,-0.4837499444039357,-1.2542649355067115,-1.310770141418797,-0.9029920831929962,-0.2795624303630898,-0.8825975938520163,0.15660628437933555,-0.7372750747529554,-0.11004875506034745,0.2674259645928276,-0.8446363962485215,2020-09-25,GOOG
-0.3365729767813614,-0.8075097758389106,-0.7087871885854351,-0.6366068791925826,-0.5933111390870822,-0.1867206006759481,-0.3159678782584707,-0.8534180367429551,-0.9319471253608242,-0.06969791950128168,-1.1365816303739005,-0.9805900937563735,-1.1079229219171225,-0.4193567599794733,-0.801189201857749,-0.2801120766336782,-0.3143351033819029,-0.12463151126101644,-0.008869809538941986,-1.0258203082587656,2020-10-02,GOOG
0.43557994516535425,-0.35822250923529947,-0.3430435392371102,-0.09800663082280849,-0.16193382293398978,-0.1665279918325477,0.038662150054384545,-0.3219980746041532,-0.8545619768699355,-0.27916429127207987,-0.9873446533402519,-0.28657157334793393,-1.0023063254641484,-0.5924218221980109,-0.20338776925738802,-0.6603811802765769,-0.32524116430933947,-0.18717732159296335,0.16543531483271715,-0.9077879729987046,2020-10-09,GOOG
0.808867741633833,0.11388703226655651,-0.00497107368719736,0.3216727309723961,0.2052031980853468,-0.10499848088211801,0.5745326448277278,0.029571736070790448,-0.3164089999797625,-0.3734819807730516,-0.38996493969960083,0.41868300327861374,-0.9144859793369108,-0.6680842388095417,0.38172137018808994,0.17246522431110484,-0.284977973617808,-0.10904510052095624,0.011550215030099214,-0.8203617274666875,2020-10-16,GOOG
1.0172611479078641,0.6643158135999714,0.340901916526758,0.7121782380780579,0.573851522878366,-0.012158953571185524,0.5599478395067219,0.5608180303850143,0.039615149805598035,0.08526341571749065,0.3128537806582725,0.9257653699937889,-0.8680790089653264,-0.7147762747879234,0.9362786267935845,0.21767672205483046,-0.24649975480089428,-0.11700985815602993,0.037396333638326826,-0.7009134529672607,2020-10-23,GOOG
0.2416630257623324,0.47157837125024604,0.14348864953532275,0.3356006960439881,0.29876922902320424,0.022853437649571394,0.6518767488708099,0.5463590820837909,0.5775922585247477,-0.010932742015776493,0.10621282941293692,0.7152380549406444,-0.8413499401078639,-0.5789379115410381,0.6003938929134621,0.9052099482974822,-0.13863168997745784,-0.08818783718356846,-0.05843269743099853,-0.9699439935124972,2020-10-30,GOOG
1.1621685139971758,1.3277597055954096,0.8821819500850748,1.240138580080169,1.1049169077274634,0.15257952682277182,-0.3501010825078022,0.6374947070460805,0.5629501174209626,0.6028194894631073,0.9875600642596438,1.1610362161507262,-0.5033895928054325,-0.6160101842020523,1.5156572252657385,0.9486950011289481,0.35671055342137964,-0.473798922146482,0.4593175149858475,-0.9177304328062544,2020-11-06,GOOG
0.7121769147668541,1.10137321343347,0.8628083017377602,0.9919059746017486,0.9611528680065713,0.23058311627065942,1.4403594670849638,-0.3558367323533499,0.6552404176889688,0.6121601364547062,0.9289909177343454,0.873737105716083,-0.5731195437786044,-0.5742816679987309,1.3496843790470903,0.032122185777130635,0.8081533847306945,0.1937053459101371,0.38265282147964186,-0.9765193367616751,2020-11-13,GOOG
0.01937942083462663,0.5305029100805903,0.5930477512565548,0.45171031574299736,0.5335925068835101,0.22984985754369516,0.02695145932625353,1.4191733519194996,-0.3506763886725146,0.38802099633154585,0.6432153205889465,0.28161427764477664,-0.5891382609754999,-0.5361417210781257,0.8560893343277368,-0.618479264427572,0.45168914802089294,0.01715450311057448,0.24185503505659423,-0.9838233392933633,2020-11-20,GOOG
0.1025435111211211,0.5776194685138901,0.7907549096848532,0.6455004177620386,0.7075658385456272,0.25058045259338646,-0.4842607784946652,0.017962100694595785,1.446822818954192,0.3273832784584123,1.0616646116638038,0.6694055514324879,-0.6570203132674122,-0.6008221842133916,0.9883605080600573,-1.13375314097046,0.42281191756353437,0.2856311518639706,0.18913124204330983,-1.0415018692141513,2020-11-27,GOOG
0.2993757731660471,0.5277457271986917,0.8281833872383141,0.6746548297710356,0.7485881811799842,0.2695506925943138,0.39960485096421805,-0.4888387207712597,0.02785842201320704,0.23977973828296692,1.1185251784233967,0.07216132875660068,-0.8565232451204425,-0.6214020178149613,0.9730962029968551,-0.4845199849481035,0.373986621219872,0.069427392728489,-0.09905085793949223,-1.1788148269955792,2020-12-04,GOOG
-0.21873780428240822,0.006846863981513601,0.3801492523152923,0.14410220051905107,0.2994056972184423,0.21807325636175046,0.221165856949521,0.3873997452415891,-0.4853634932203782,0.2786901306804037,0.764374474907183,-0.23182614261039897,-0.9524005324584499,-0.6960170701805948,0.5516814699768828,-0.8079938248750996,0.5327843790066398,0.007192982729520118,-0.022300481803706803,-1.230519847149703,2020-12-11,GOOG
-0.7435271747745841,-0.42860389016218914,-0.06222543788748672,-0.2944808423123558,-0.10040672471710978,0.12069121334380352,-0.5870606914917473,0.21050055923292266,0.4019767885647626,0.38941124749790385,0.3754370769818075,-0.3109453147795664,-0.86544070836189,-0.6627859510697167,0.16943745422829967,0.5641529563938603,0.402398635743717,-0.004846320114780073,-0.4874932823005735,-1.3263812105336952,2020-12-18,GOOG
-0.5117572796449499,-0.4750256895100005,-0.15462669033587384,-0.2318299739329754,-0.08635758390221142,0.04829141844917648,-0.6450024146193065,-0.5907515399471386,0.22283631522449454,0.7996322077773484,0.4355083102970776,-0.5188476467324092,-0.8601248534154278,-0.7820611629677706,0.14893279152495253,-1.6503906035279998,0.5424638140606346,-0.005812735742777567,-0.46765171280639667,-1.3208123931177769,2020-12-25,GOOG
-0.15825121256060293,-0.3761712516711513,-0.19441296645952924,-0.14756492248491218,-0.04391674200880243,-0.0005180573696068184,-0.04789082545541695,-0.6481932651361998,-0.5885675332079543,0.9394347528794413,0.4830400849159657,-0.6174805151718893,-0.8981975496441257,-0.7903674741609994,0.16041462203425452,-1.295236661655526,0.9210001553127345,-0.007367457893782761,-0.601211570573066,-1.3516739342465056,2021-01-01,GOOG
0.3854172984196452,-0.018859884548227894,0.004244558704488082,0.20494846250792417,0.23999563512251285,0.0034326065658267977,0.005721012348735423,-0.05623434571563137,-0.6467370368219839,1.0334637235961712,0.9373573111357325,-0.13081965103081322,-0.9178342274673889,-0.769302604183395,0.41047928408223466,0.5916767239036247,0.9740082099655222,0.032587533686218105,-0.5106684686186133,-1.3381842974761577,2021-01-08,GOOG
-0.4173079339070878,-0.5056459805982101,-0.4364805629164868,-0.3819746793821609,-0.2639517362034288,-0.06603937015986874,0.4413733458383183,-0.0030851418639100863,-0.047278082738390625,0.4349376589655394,0.1387308965846436,-0.22904633903200242,-0.8451112479108207,-0.685849963244403,-0.05635079511056396,-0.7942605033016524,0.6375360445249139,0.06879392356177212,0.19115219246008514,-1.0600065618733403,2021-01-15,GOOG
0.9363824633445008,0.5371245118730461,0.3419481140764042,0.7535430739104721,0.6865214928396179,0.020572039613040466,-0.8404918341537182,0.4288078062141079,0.006544513908206148,0.7075106051137929,0.9940743157370052,0.556798185423959,-0.45484278277142703,-0.6989014313775858,0.7629866016415109,-0.16730018339444447,0.6373159734441227,0.06736076925373549,0.3550557630672038,-0.35591886961952446,2021-01-22,GOOG
-0.001201198720225438,0.08117234361712598,-0.05142474368553644,0.08904193039796716,0.15045869091885075,0.006570115699879014,1.5874348487726841,-0.841995743007689,0.4439094837347466,0.20247539385576432,0.4693468165872821,0.1615467821253053,-0.6834337520037697,-0.6249397208802414,0.308888677839739,0.5288130693022313,0.11831435048475164,0.014253368122936943,0.06523428066855884,-0.09371382406277372,2021-01-29,GOOG
1.9463534356892813,1.57131110766462,1.2140302105532743,1.6872469206759761,1.5401638542296856,0.20619257698076493,-0.7510892813575141,1.5649795723935331,-0.8429949643102118,0.8452291915177952,1.1409096328307475,1.1453959771522129,0.16155723986927442,-0.7483719864674966,1.4097418174530965,1.279008341301302,0.17801201320139512,0.015377887300093599,0.5276595161161578,0.9975622398011925,2021-02-05,GOOG
1.004170657667061,1.2598570088721186,1.0612800603782713,1.2513194659060194,1.2521546121574325,0.31272144225098564,2.45383995672686,-0.7533646738623276,1.5944763833430875,0.6063042251479811,1.1111372147588003,1.589348719605323,0.11682666399681188,-0.8910831950979787,1.1958047523455688,-1.1813651386169761,0.06426870760292135,0.04411018650027844,0.46839136315057156,0.936760527318999,2021-02-12,GOOG
0.4671916218057786,0.9149365908861291,0.89247355971146,0.8736770821117587,0.970382311020203,0.34683243215623893,-0.07712856268262161,2.4239081894099503,-0.753240952222354,0.5605730662316116,0.8821465404057094,0.6610032970277435,0.1216406811008466,-0.9419905295399327,1.0155332451306558,-1.2605440240405508,-0.011441155708191307,0.013046658984052302,0.422676721116372,0.8223830147273485,2021-02-19,GOOG
-0.6201465410509113,0.2655659107815499,0.45798867174135055,0.22546220212143533,0.41996045320455094,0.28106790552984406,-0.15532452183321896,-0.0852197810168514,2.464287502826049,0.4274752083114949,0.4037604021645299,0.6984775891059807,0.19434731412308667,-0.8438442605898882,0.6079440830556426,0.12238490659568793,-0.09059403622957005,0.01771539573928526,0.316906275043445,0.32053514609758765,2021-02-26,GOOG
0.02568991382063356,0.46525590333950456,0.6738272368134938,0.5407802697778366,0.6737547040383409,0.27030337586240344,-0.6830605452849197,-0.16274096185117215,-0.07663075935036716,0.47208711788115987,0.9372189949366698,-0.2113647637931289,0.1558122193439313,-0.879079156641026,0.8204660945565825,0.19459441323620302,0.006874723690182536,0.009477939331880117,0.04691524487509666,0.08318208132242665,2021-03-05,GOOG
-0.3121517017249842,-0.07706914378115289,0.2860403797544941,0.08339867282548692,0.27322581530380335,0.1938139461248789,0.5066281794755084,-0.6859229798374826,-0.15513412243467434,0.20076693716949487,0.5902615023632579,-0.42961370630432444,0.13467818516087293,-0.821535568369667,0.48593528339217057,-0.08518595589971818,-0.4446263372374596,-0.01044586798510835,0.23183538221966649,0.2091810289668914,2021-03-12,GOOG
-0.35321325788535274,-0.29725147878636327,0.059046080473245846,-0.10341349099075114,0.08404535407320689,0.10317886144844138,-0.529652446756637,0.49349953470815616,-0.6849447816006962,0.3133766524193087,0.4509424958941499,-0.49510360957692595,0.15412990124376086,-0.7905639803286971,0.31948864212906997,0.06651334416151967,-0.511808427124089,-0.018215015098302933,0.2448959475616986,0.2273843584927533,2021-03-19,GOOG
-0.42251641571262216,-0.4899234148584238,-0.09919636875065538,-0.18260039842961837,-0.017297827327639063,0.01744684759881433,-0.29398743235292796,-0.5338386895922947,0.5094208471564876,0.5044417608215789,0.39400978675896137,-0.26069003482669134,0.1654197294666589,-0.7953814702475592,0.20587260499149354,-0.007074886290140145,-0.46885042336055094,-0.02407840201638519,0.21614118255703685,0.22921109998980563,2021-03-26,GOOG
0.47299214422482005,0.08461498896037209,0.25929431359266314,0.39669957408136763,0.4536275717119764,0.03218237557414659,-0.1975084173116215,-0.30020730510184485,-0.5309336051964875,0.6927670169146144,1.1546069432706112,-0.1345159960281808,0.20428055418306676,-0.7928185513877705,0.6016036633996725,-0.8098543620409622,-0.19335235636620324,-0.02182582269488602,0.2581606602710862,0.24251172037321622,2021-04-02,GOOG
1.3018084741579203,0.8131787549540949,0.7308771270400282,1.0818355328944818,1.059242331579749,0.14788528034711154,0.7781925959255394,-0.20456083880132714,-0.2943421445511516,0.9054896263782676,1.2476360743282624,0.690290719978035,0.1611171347108611,-0.820872018808388,1.0664771138891367,-0.010708569523691367,-0.09841785388123851,0.0031292450147291082,0.2666699390742137,0.15127675156688292,2021-04-09,GOOG
0.7977533217487129,0.7274296993388661,0.6154609603506662,0.8298453318601697,0.8857368193602401,0.20488248663882913,1.1233359457239798,0.762720533650642,-0.19748385123170514,0.8430829224132194,1.2147196445526705,0.8293046915849257,-0.05915143013778724,-0.8760466218298759,0.8994353620916103,-0.45433743430054974,-0.1415565982325286,0.04337554201242008,-0.000691221099207751,-0.07445081156183023,2021-04-16,GOOG
0.31529882767546197,0.6134024855805266,0.4952521626995484,0.6701773257956167,0.769578688585109,0.2263198433468324,-0.035809809895474096,1.1048855294397335,0.7820528375678735,1.181368240399506,1.2049351596685118,0.9410883044403915,-0.18016837216661286,-0.9066846448964775,0.7874139881997173,-0.5349358509760693,0.20816659295347942,0.12265315056846512,-0.1865714530117857,-0.13665329022752518,2021-04-23,GOOG
0.5251858978360937,0.9171936817533692,0.7963148248513047,0.9559945841342639,1.0312033437478585,0.28928721905440613,0.0082501712516343,-0.04425758116081718,1.1285530148107792,1.088265538032169,1.043953307986144,0.8538539123938014,-1.050267744071741,-1.026236856542233,0.9409849698825681,0.9780898920986659,0.301104364108002,0.10497191847430053,-1.256421449344785,-1.2695387724948803,2021-04-30,GOOG
0.18859181291516408,0.6018384922455596,0.6229353546259547,0.6113204876769099,0.7537858114215299,0.28405868315298854,0.6108370146378904,-0.0005778078942255631,-0.035149574293307964,1.372884971321038,0.9643278570431161,0.1744463365163686,-1.0362030656807073,-1.031517544965558,0.7519320575627325,-0.19968497311644806,0.3261772112849461,0.04533147984469179,-1.0465254321815123,-1.154387711664768,2021-05-07,GOOG
-0.5324020691293794,-0.04044690643070511,0.1700223147983983,-0.0172672642646313,0.20405554770511367,0.17523726791720046,-0.21556351797514117,0.596809118002592,0.009083615439908018,0.39450087170089987,0.2444768807993712,-0.1853936764350908,-0.9082763228389779,-1.0938468158592458,0.36858349905454535,-0.005536700652689664,-0.22125194099644097,0.01171472210638982,-0.8307418650079329,-0.9600101803579565,2021-05-14,GOOG
-0.3541632397781277,-0.09593101647142678,0.17854711469039997,0.07944990215794008,0.25313179597124447,0.10131866766032456,-0.752023772564449,-0.22246013613999122,0.6140393480638033,0.45918851801118354,0.461443728348406,-0.14306523208182403,-1.0244242719108405,-1.0654925788221514,0.403040188607368,-0.9634591028777524,-0.20362222949084774,0.009837235818002436,-1.3748394587502795,-0.9498832861096073,2021-05-21,GOOG
0.19050580281863733,0.07010351714528773,0.35139430719047215,0.3446499256351213,0.4602044443519172,0.0846802707233635,0.09616735043972807,-0.7542911010412738,-0.21560993010212684,0.6416365624027185,0.9597031433088675,-0.2498906003233931,-1.0440451923620395,-1.0651201535682109,0.5684804207152667,-0.4089173652525684,-0.14223117066033292,0.005179594703364768,-0.5337924049656951,-0.40971642002173253,2021-05-28,GOOG
0.40917809918193104,0.16803055670718506,0.37469577962318973,0.41011914377447967,0.5124068289307785,0.08220962782552718,0.3827217054984578,0.0865807054140869,-0.7541791171008717,1.0907747747871974,1.2497522258417453,-0.06252366564964588,-1.1372946682171834,-1.1190376471718941,0.6750237145941423,-1.3877826720226338,0.25155669152271865,0.021347144331081955,0.3961920097100889,0.07034611960411477,2021-06-04,GOOG
0.4995746331229872,0.3432183520512336,0.4591844972267034,0.5659337559594622,0.6482978883358993,0.10712263242124981,0.1716689377452684,0.370662289918831,0.09734641461932438,1.0738755979399228,1.1803054616501092,0.4881000451637162,-1.1818358530321407,-1.1781896222771606,0.8038516534515886,-0.3276968706098462,0.2332968842967201,0.04961294410946482,0.33312678790285666,-0.019399824623247193,2021-06-11,GOOG
0.1399475034124741,0.19970823795913617,0.27168036018049635,0.3632076385074285,0.4800753255023761,0.09250957647027745,0.3287835325406456,0.16143076501267595,0.38502727208206056,1.3628360421214494,1.0594126528168228,0.3619419390380863,-1.1907011572900377,-1.2221114840936687,0.7262046354958301,0.291038293365822,0.715346917462492,0.023555502035377856,0.4983083398843644,0.05825124543346714,2021-06-18,GOOG
0.1084419984317986,0.2587142036151609,0.24311796498193858,0.3600286484520507,0.47283092751144995,0.08002628475259392,-0.1483592178813756,0.317189566965429,0.17314481374469748,1.5338043547290507,1.1665053672395964,0.20811225829827934,-1.2843383031443094,-1.2890400556547126,0.7004169650212806,-0.3186997261446348,1.1664471793354387,0.02114172957523795,0.1127876025037097,-0.2569139511733221,2021-06-25,GOOG
0.13452173219355862,0.31653736526916065,0.2795278327633455,0.38441088653226774,0.4901940515916948,0.07428066733454794,0.075795677549286,-0.1558357637682769,0.33087705739313505,1.627310945827869,1.250199156481848,0.18021119578606534,-1.6065360137856908,-1.2932927064220077,0.6973676032696091,-0.5251257920096101,1.5947398159311492,0.022144095713479604,-0.9658549405375173,-1.1351100318370948,2021-07-02,GOOG
0.11480063690431905,0.22331233511709925,0.24406862487953318,0.31878790911115457,0.43107960465829265,0.05800834749265158,0.11570801793594471,0.06638482630227571,-0.14814143648179742,1.5250665472777578,1.1097204283455955,0.013437772979934398,-1.6079824492871924,-1.3737696525092473,0.6326620810841326,-1.4481520712376763,1.5859538094767727,0.017604386374845973,-0.8296016287011551,-1.0489466426162433,2021-07-09,GOOG
0.21721403051404556,0.25967506771181076,0.3113631575128232,0.4005425302266544,0.4970184932558214,0.05982313941882748,-0.009600758554639467,0.10595275014698882,0.07689465661386106,1.3590521321075117,1.0849849786222425,0.18007126693354727,-1.603514857997338,-1.4728820087831092,0.6940105222605477,-1.1373347371597426,1.5613913564909314,0.03453314903018153,-1.1152456336156409,-1.1881053527388734,2021-07-16,GOOG
0.6919581091255423,0.6149954512052602,0.657285632478339,0.7985535267894435,0.845474853703707,0.13556976605271512,0.18716414032673767,-0.018274696232250937,0.11696390038237861,1.5315717747142572,1.1429953738871228,0.4865420265773785,-1.5718226583093229,-1.400269932257239,0.9650933831531219,-0.647336874507889,1.557522086333682,0.030543629967994153,0.30095654460759547,-0.6369923811588144,2021-07-23,GOOG
0.06519676502428864,0.21086358271633796,0.34855698769656007,0.31738075578299707,0.44840864350408155,0.10753472491899475,0.6891523984407357,0.17679225446085975,-0.008837489936848337,1.1294993923941938,0.698415586007518,0.18456476057190535,-1.5023854489963533,-1.345145031202323,0.6512230422619164,0.9928643271980896,1.5968095764442347,0.013699515711941003,0.36738234653109236,-0.4484906860965592,2021-07-30,GOOG
0.0547127938033332,0.24281735876661587,0.3427401733358914,0.34971094185751966,0.46812593187138213,0.0905989804793346,-0.470322176298907,0.6744486929350675,0.1887009310624129,1.010587864007727,0.9133752430377455,0.24611365875457933,-1.7648613386419638,-1.4432795450596907,0.701130124442222,-1.0719974201318516,1.2054503701629034,0.013835934900339904,-0.3411056196613611,-0.9088710234492378,2021-08-06,GOOG
0.01359540427403955,0.21507458835705437,0.3041598276431814,0.3329788366090798,0.44829135272095794,0.07361583592073838,0.1129450422472732,-0.47502039929873924,0.6926626052825194,1.1498547016393537,1.0756303002242495,0.17800163335481956,-1.7628254981924478,-1.5081266883760736,0.7513893819285964,-1.2862651974048935,1.664592132151124,0.012946646382405336,-0.298080229218945,-0.8840645588439139,2021-08-13,GOOG
-0.004274127453073803,0.08244363990990355,0.18875827510318693,0.20102607767797795,0.3279019585222155,0.03442227899518071,0.05100176422023854,0.10321361707248008,-0.471370095595394,1.8328521209757693,1.067672786897143,-0.2158733481487999,-1.7742191651008814,-1.5938005856823727,0.6748454982566447,-0.7877891980439528,1.7958662668326562,0.012149747488454892,-0.3242200310934435,-0.9234594324157265,2021-08-20,GOOG
0.5213907642811639,0.4488080368394348,0.495499465948045,0.628792737038096,0.6890345561309102,0.08670219710554598,-0.1257504760386985,0.041804867700196466,0.11419006288441838,1.914326225497925,1.2081451836718413,0.34542116799853756,-1.6465729537981448,-1.6154992764529934,1.01135172926292,-0.7154669895046254,1.7983881581870795,0.025216146375536874,-0.09825484900067241,-0.6183616425031876,2021-08-27,GOOG
0.2762024607306426,0.29058096811714285,0.3869462214191093,0.44270133389148264,0.5414658561553168,0.09302178186098753,0.6688400679062252,-0.13342212009843957,0.05200327345936226,1.8630896928302019,1.016198524503657,0.23644613618221358,-1.649326186011402,-1.6439188157346187,0.855284164162384,-0.34433260898988566,1.796573992290993,0.02515829038559399,-0.3659966699678232,-0.7423668374662206,2021-09-03,GOOG
-0.23790152472688272,-0.07555640587815751,0.07754883007753856,0.0393042419881309,0.19130948834539743,0.01746737991848111,-0.10171187566905104,0.6543116440947343,-0.12544381515923206,1.326503650360639,0.5977833019996855,-0.03404882289999611,-1.5552636349512643,-1.6114581180301681,0.5126856463904315,-0.9394039080086152,1.4441953119701916,0.017650179947959505,-0.007304913767401346,-0.5695273129237794,2021-09-10,GOOG
-0.40298464274546025,-0.15610320429847352,-0.044171650837415644,-0.06623531497882147,0.07767770367244611,-0.06479980699757418,-0.48630630635390093,-0.10959095661503629,0.6722704229196415,1.1270069259061886,0.467885322221386,-0.06480851885584214,-1.5368027700951583,-1.6042557956503756,0.38006507678510776,0.9734918748961255,0.8450874087433591,0.007468956584779054,0.1883587862012102,-0.4353672560469239,2021-09-17,GOOG
-0.17832673876397154,-0.13568925232553758,-0.04583442128891617,-0.00934974191308263,0.10256816920786753,-0.11922809145416613,-0.1880938482827271,-0.49086659710655806,-0.10131071425023733,1.1993597310189874,0.6248879249933305,-0.37054933047081373,-1.5390295504415723,-1.5642168582390994,0.38917909153626673,0.02919195049171301,0.33125369411945904,0.00829021704258985,0.47303582888295326,-0.062088924052754624,2021-09-24,GOOG
-0.7462598009579807,-0.6660912252294049,-0.5202280708699343,-0.5920702414740754,-0.41763812288407376,-0.27817996507471193,0.019710571371472068,-0.19522751114483605,-0.48741706245818733,0.28794559014744225,-0.31940810214718846,-0.7548328657958052,-1.2963597892920737,-1.390055365332041,-0.20422289409895664,1.3520937623098361,-0.24654224612909842,-0.0011789516521297115,0.8609975956806071,0.05253583770772731,2021-10-01,GOOG
-0.18303039476622757,-0.371315519141563,-0.3161491721123801,-0.20919878678841805,-0.13516869071943635,-0.32753150560238825,-0.9121652713406901,0.010783696712586693,-0.18803227165156103,0.3994377461325875,0.04958658497233138,-0.3694680850126222,-1.2704690947729087,-1.3328404670067622,0.0842155251646311,0.16686325644004937,-0.7030517642493839,0.005901567443576409,1.0247331462244325,0.23543700541117282,2021-10-08,GOOG
0.03490829639839758,-0.2658523094254397,-0.2257936434595981,-0.08138512017576634,-0.0434285059805137,-0.3385920968538038,0.34643110668751154,-0.9130506868378158,0.02058906868163335,0.44166302176245315,0.31550523178186796,-0.24207919190607208,-1.4212337557459094,-1.2893880196631362,0.19916103682320457,-0.23229052983311146,-0.6341577307382777,0.015934398904377416,0.6864435490458108,-0.10576666146003537,2021-10-15,GOOG
-0.25066340638255796,-0.4669072043731062,-0.45776210893769814,-0.38090808863651154,-0.3089617919635091,-0.40393074302222015,0.07925419085265503,0.334684854466047,-0.9149501640942937,-0.002336995915470535,-0.24773605770397908,-0.4996696157228745,-1.4093946665472374,-1.1948647092756208,-0.211514264985932,-0.3536423097958981,-0.9917757668152474,0.007299230582820555,-0.12674913264428717,-0.5127423522055864,2021-10-22,GOOG
0.6696849139427918,0.3329297476659595,0.14458269157807224,0.4628868997119555,0.39351251954576033,-0.28284151887181175,-0.5191287471180278,0.06981349497161228,0.34859400767876975,0.21494577150733848,1.106322489215814,0.49804040529082066,-1.0634742278404534,-1.2534139511253448,0.8649913090123171,1.6251114520271808,-0.8264727245604803,0.021107151917585623,0.25929250539805493,0.04676436870171502,2021-10-29,GOOG
0.477285377753066,0.3338756098213219,0.1462287042881153,0.3776256731894357,0.34939184815565033,-0.19846791587181567,1.1285335882737861,-0.5234058023741774,0.08036676602380378,0.5151682726432785,1.0343377924578894,0.3157109222914541,-1.0641968893165008,-1.2327343567721427,0.868581858457771,0.29787007952445166,-0.9079750241068334,0.02038208460395011,-0.10397871069569764,-0.3729399602197446,2021-11-05,GOOG
0.2569011213463346,0.2766717496662378,0.1070381299766832,0.26554357610837703,0.2720023643484586,-0.15083384543992506,-0.011423528881959175,1.110038319844666,-0.5203685347926722,0.4444280545023916,1.0296691388030506,0.23457399049479435,-1.0661585367211592,-1.1901790946232849,0.8142391341094984,-0.542097404728061,-0.5588595210223735,0.019283643013028835,-0.17253995445609263,-0.45503573920732965,2021-11-12,GOOG
-0.08118453046629229,0.22152214630215672,0.09594939809899156,0.1716630148575233,0.20048886799632862,-0.13015597393371067,-0.08078501033344325,-0.020081737282689995,1.1337710903315878,0.3875166659974414,0.9559684643253819,0.4561239662090481,-1.182402887049477,-1.175359551905728,0.7548564388235982,-0.28063172666623176,-0.49427238672874296,0.027754311100087168,-0.46799478541005646,-0.7745521404028852,2021-11-19,GOOG
-0.8428402704865616,-0.452876802576596,-0.3786543801524676,-0.5105555113389001,-0.3850495526860066,-0.2542384190865713,-0.09269419578784911,-0.08884467599390095,-0.01066742593839155,-0.24730334751305952,-0.21063307634156161,-0.5758695490286165,-1.0017702315495254,-1.0226901517003137,-0.2998671422298145,-0.8764537378252685,-0.47937577576965934,0.01705321904904067,-0.004076678132762007,-0.5240900945209452,2021-11-26,GOOG
-0.6645038354849858,-0.5025916869108262,-0.4014538852225212,-0.47836846857663284,-0.3938527329664461,-0.3452161859779486,-0.9916857069707302,-0.10065109322094005,-0.08030158122721628,-0.6994975511383784,-0.2572399577650294,-0.6470350121758129,-1.0293361695210432,-1.0314715294090668,-0.41905427685841645,1.1117125062637536,-0.934606542859477,0.007392481206428884,-0.2056191294422828,-0.7047835818955333,2021-12-03,GOOG
0.18961256288662642,-0.05808944683626032,-0.0249829404133814,0.07820283331802094,0.054697808489078986,-0.30029970201601486,-0.1659538789489448,-0.9918849148140731,-0.092257584068297,-0.27951534008093365,0.747428752153319,-0.3115371450027763,-0.9180252179353655,-1.0041361820883719,0.5332426966789681,-0.09261310536964244,-0.923139724485431,0.008026169494374994,0.04545667334596961,-0.6095528762415752,2021-12-10,GOOG
-0.3585896320125205,-0.5935433114583457,-0.4236636456440217,-0.4797268322868417,-0.4167962374326297,-0.3768661701991796,0.6511606421338166,-0.17327859479373658,-0.9947832104396256,-0.486212258657838,-0.2111221175532263,-0.6700744070717558,-0.8049360795108109,-0.8921960973744805,-0.5322869106100622,1.2156806976667043,-1.035465404509753,0.0003263623294191156,0.2690163052778796,-0.5428281566999476,2021-12-17,GOOG
0.07998991147726298,-0.21881699460694823,-0.19088077129709724,-0.07229983294507457,-0.09366926780724473,-0.35086062015813574,-0.8440623953380397,0.6367847798265904,-0.16580526567625214,-0.211854508334593,0.4972628552058198,0.009211682467013683,-0.9015496663990532,-0.8797748874303151,0.19465777341052512,-1.0477362346748458,-0.644993302131629,0.004918157854710296,0.1135144297087521,-0.6111485865864866,2021-12-24,GOOG
-0.3226849812061132,-0.37769748317423496,-0.38245726868379853,-0.31578714258313295,-0.30080728418189334,-0.3771313543396222,0.41976134165565365,-0.8455354926604391,0.6545214957933624,-0.4257809071301069,0.09519825001162485,-0.1232399782490041,-0.9003262143909518,-0.885765966556003,-0.3256178985655254,-0.8404540789310588,-0.27996056793283464,0.006947395803843518,0.25830631079422123,-0.5432411441299603,2021-12-31,GOOG
-0.9753178310747087,-0.8967072805710496,-0.8730362279414509,-0.9433198433267714,-0.8483063314567849,-0.5228417605827005,-0.4325165352299344,0.4073822990314437,-0.8465795620837067,-0.5118513148621204,-1.1576776841039154,-0.9383116287076698,-0.7272227463575004,-0.766621801582781,-1.7951519975846137,1.0780981201133808,-0.2755429684202389,-0.0014471061293638012,0.5072719225152051,-0.498414733680822,2022-01-07,GOOG
-0.4942554302840969,-0.5549727153121536,-0.6920399647130704,-0.5601437811198169,-0.5684819121192326,-0.5565477369421746,-1.089161009512868,-0.43754099537940183,0.4222125184470163,-0.5567441753173862,-0.9113057983687175,-0.43894439590286594,-0.7281590065932656,-0.7879538342268345,-1.1981461902954702,0.5716691336752886,-0.3167565827361666,0.007920943080205939,0.6336181884458837,-0.42891387495869654,2022-01-14,GOOG
-1.2728681368708323,-1.2606972556308864,-1.2519173640120809,-1.3267146755781665,-1.2339651849432862,-0.7296957456901664,0.2374347184640108,-1.0885190713271524,-0.4334158330003571,-1.103055711628345,-2.0966117307473944,-1.2636636205029672,-0.806265174929631,-0.5779337536836532,-2.445959613523081,-0.013247735120700859,-0.7054789368179883,0.0014697913433247014,0.9237565908822573,-0.7345472832950571,2022-01-21,GOOG
-0.42277879644559235,-0.8886625152051087,-0.9499588164322863,-0.8209982211613049,-0.8647735724607074,-0.7599754386846556,-1.3840109750505474,0.2266290314600409,-1.0926417078650603,-0.7996422376582633,-1.0375506357632467,-0.940302142373661,-0.7504668399747341,-0.596647829331507,-1.7823922946123743,2.016261335312895,-0.8464703561329203,0.011104234011612903,0.9237372862326803,-0.556440594443333,2022-01-28,GOOG
0.7550489138437203,0.024501031591761917,-0.24437527434374923,0.1426316862967544,-0.0698158062055719,-0.5862646826927088,0.314701536967269,-1.3808246807950182,0.23916913288302116,-0.795389085018649,0.14870397448627234,0.1268174061366234,-0.410248994799978,-0.606487482838175,-0.4116925225715844,4.043340131752144,-0.6255200346728127,0.028450450700626104,0.709689017668386,-0.33613722457937456,2022-02-04,GOOG
-0.3140762936887361,-0.6637756561494748,-0.7697340008822633,-0.7123618493795406,-0.7564278725211986,-0.6096992101394162,1.1898929414642099,0.30322908950329547,-1.3886507875084435,-1.187520292396106,-0.9439696028657536,-0.6072937752343971,-0.2557527352662737,-0.4068162421711137,-1.5566268158187844,1.2742516609185968,-1.1109345288247872,0.015442881570493906,0.8060195970133143,-0.060109521901597206,2022-02-11,GOOG
-0.8559482360835972,-0.8116815131289196,-0.9574983957308046,-0.9363796354091855,-0.9624156512881291,-0.6652009368631998,-1.2534539081957106,1.1708681832573136,0.31673970268252477,-1.3243493871840917,-1.3943302983049664,-0.22996922573111586,-0.3147042947539697,-0.30792445149560677,-1.9049570968289014,0.34188517945617003,-1.4621067926709568,0.014720602784589762,0.7727578187276871,-0.10168045983704437,2022-02-18,GOOG
-0.31535636597547484,-0.3340969635958132,-0.6284447129785582,-0.4305506627927364,-0.5631720343420529,-0.6050503528362345,-0.623610249163364,-1.2513942332528323,1.1953716593948716,-1.1404526784762679,-0.8960741243240523,-0.17477304040484432,-0.252032286402601,-0.24734976986765644,-1.3358546232096868,0.13415118103593923,-1.8114982776121624,0.012079671583618024,0.8396744403390571,-0.03380149572201509,2022-02-25,GOOG
-0.27045783609519847,-0.49725196339983696,-0.7038359839493075,-0.6047628531042122,-0.7045914482592095,-0.5841907853487034,0.4318685722228963,-0.6269856996205185,-1.257580474747287,-0.9838534668929039,-1.1908845571653417,-0.9180888084335621,-0.36493997409690887,-0.24054458750940602,-1.518347409366041,-0.2010298195466332,-1.4834635054237644,-0.000791058441094993,0.7876318313747868,0.07051118353718124,2022-03-04,GOOG
-0.37956744506282186,-0.5436395988392156,-0.7510190183986094,-0.6761740744536078,-0.7700395111357308,-0.5750402478412184,-0.4521160518404186,0.4193850523757495,-0.6252607744909194,-1.0308284214362577,-1.3933479432053062,-0.49223499251032415,-0.4146944157003902,-0.16391795936251188,-1.6003556154876384,0.5779623194993542,-1.4820470168906437,-0.0009371814649344599,0.6509528395819721,-0.09121955603606517,2022-03-11,GOOG
0.31612763238442465,-0.040714751019689924,-0.23567883882354204,-0.01956037291812778,-0.22342738528607886,-0.43667139395797183,-0.35516902045976595,-0.4569713813984601,0.4343673449558284,-1.0227281465875429,-0.6154700575393871,0.16746253249339316,-0.3325008250110217,-0.2502085210558698,-0.8527570935114959,0.6980350212638935,-1.3910911536841584,0.009339701555239385,0.42162575964926996,-0.6871872661025114,2022-03-18,GOOG
0.7382773683488348,0.29214425664108784,0.12434863428696875,0.340422968912348,0.1151834614892429,-0.2510478928692561,0.7470222351093425,-0.36086093742352066,-0.45309239922530115,-0.5944355714153816,-0.0350663274938123,0.19795929244657196,-0.27347079283012393,-0.32158352418257796,-0.26560152266381687,-0.3015253623607606,-0.984899543729065,0.008850335268212849,0.5552230757144722,-0.6304375370632878,2022-03-25,GOOG
0.302859846179927,0.24501004440275115,0.04194501871667506,0.13297329416064316,-0.012860721249983272,-0.13950410207870803,0.49417759303101105,0.7318191519967671,-0.3557642497008004,-0.8206068471315616,-0.13608643633848302,0.31000065263582255,-0.41620951622968216,-0.35990557465290923,-0.29718798990498063,-0.22499337430677757,-0.8933428878177665,0.008715772816009411,0.4067630912020085,-0.7370130435389735,2022-04-01,GOOG
-0.7688666575556686,-0.3612828603007956,-0.405620594887125,-0.5380867537062058,-0.5566094144060323,-0.18002352108014746,-0.2347790145460722,0.4811563884159241,0.7507599398375684,-0.976579308163632,-0.9586633681833632,-0.019277072567146718,-0.3220223432232725,-0.12620051120066658,-1.0863338052176603,-0.9122873351275536,-1.1567762533564754,0.01107377026375798,0.4800977795232329,-0.6745300411577815,2022-04-08,GOOG
-1.4069667724239738,-0.9406774012147936,-0.8780809399169361,-1.0799982524062872,-1.0304587105665293,-0.31459441394912285,-0.9896227555502433,-0.2415098159530821,0.49692131496988784,-0.9442903416831612,-1.7896044869585228,-0.8625995836914301,-0.43245433678774314,-0.06915905794283518,-1.812197407621326,-1.1037784412072396,-1.0806570035698961,0.0017833620826290635,0.2635207587253201,-0.602577850015013,2022-04-15,GOOG
-1.7824563052069944,-1.4838157170555237,-1.35754912009354,-1.6097768343450134,-1.5171914555028827,-0.5154800736147506,-1.0417226130722732,-0.9898397652710897,-0.23490096662804089,-1.3214675849634356,-2.0621672404587232,-1.6024379513496685,-0.3202868791247099,0.15087442985906524,-2.3264592241415616,0.010450414922218359,-1.0685202622115206,-0.006481912025273778,0.41889190193678455,-0.511110126281145,2022-04-22,GOOG
-1.5850873584186813,-1.738892233638999,-1.5476295630697656,-1.77448809819897,-1.7175155662205095,-0.6953674095822581,-1.2154209255073942,-1.0414900362093775,-0.9927121491450658,-1.1678348632305415,-1.9510829095319617,-1.8469817279169887,-0.6742057047281653,0.271227407369869,-2.419097016892579,1.706515555141349,-1.1596405585474616,-0.010790384001013304,0.7235680586619054,-0.7360849099056889,2022-04-29,GOOG
-0.7763390052040952,-1.5176101175694148,-1.3941324951140146,-1.395571709482481,-1.4663858406401675,-0.7601851851852826,-0.8324627965216063,-1.2136894495187862,-1.0450168216130593,-1.2981061946720704,-1.8910054461804617,-1.4469297695988999,-0.7849418471851399,0.2754561292017606,-2.0632005527615056,0.4627267446161278,-0.6940350436169199,-0.0019669355805457503,0.6896426676714851,-0.8318633902960236,2022-05-06,GOOG
-0.19843152081708676,-1.2132364009737153,-1.2505741653226292,-1.0725421531582535,-1.2328689663177779,-0.7451047053218389,-0.020705446210287085,-0.8340359905477722,-1.219397976807593,-1.847422060190009,-1.4758315300583562,-0.9895086798804922,-0.7837357019240375,0.0033263687397621557,-1.8313041033654547,0.5611579734398504,-1.4096275680292256,0.008035540700166233,0.5149267940482571,-0.9031706757414885,2022-05-13,GOOG
-0.9902256653735326,-1.5633138016926862,-1.6596129810539446,-1.6253140406962974,-1.7020467436448763,-0.8164615480127645,0.003969257166415279,-0.029283557933201528,-0.8349343629275068,-1.7998962348469654,-1.8479908762556536,-1.0046491346933155,-0.7527339000278234,0.18358535058385309,-2.161409734257864,-0.2410152305773939,-1.3320186325699959,0.007849897938997822,0.5606695032130354,-0.8819794392600411,2022-05-20,GOOG
-0.30219610009832565,-0.8809365364629815,-1.2784400404292666,-0.9830872826114782,-1.2120804974093198,-0.7543784122089823,-1.2477162724500372,-0.004821780582089439,-0.01998583233763938,-1.440199430011183,-1.2583357932110686,-0.4191863982158185,-0.6272116972071403,0.16261950975973555,-1.7135049107407154,0.7854655325260904,-1.348915792435923,0.028597115268612635,0.6382495425291262,-1.0307276841684498,2022-05-27,GOOG
0.04860890010328857,-0.4512459071632379,-1.0444497683627194,-0.6459036323898385,-0.9312950611711263,-0.6396344233172825,0.4469227827484716,-1.2457061094286177,0.004785872226381539,-1.5982102844747546,-1.1162934731476566,-0.33756985290020414,-0.5867419874883211,0.005566623156410002,-1.471658089265914,-0.43645896019756125,-0.9570285857725588,0.024938780623376164,0.6155609732842061,-0.964440772315691,2022-06-03,GOOG
-0.27363620891777485,-0.5787698902513079,-1.139074195112446,-0.8857307917911443,-1.1102225648311903,-0.5800787921172119,0.1531782752805938,0.43430935523164893,-1.251820283209504,-1.6229759587134254,-1.368710395316147,-0.6351687438751922,-0.7988160254211863,0.1291610389858715,-1.5772682866799363,-0.5609114901442671,-1.3369037444074503,0.010978560150810711,0.2706251747085416,-0.9610475784152456,2022-06-10,GOOG
-0.8331162284487283,-0.8104181400010505,-1.220564276079394,-1.1263851170188044,-1.3064143840293065,-0.5642809759721523,-0.6249134381193648,0.1430996644770356,0.4494807365897976,-1.6842474802332483,-1.6553716771571463,-0.37034630960723114,-0.9773977275223428,0.1767809087845695,-1.6723321171230636,0.45208431313613456,-1.3225561895756879,0.009652779901398656,0.06187843565449847,-1.150067135053537,2022-06-17,GOOG
0.7688933083949379,0.2989317891007108,-0.18837165815584275,0.18030950404679413,-0.2268824948851925,-0.33300778117524077,-0.7079111655520917,-0.6282776429359636,0.15458146079268462,-1.4005709551251342,-0.7964758569261227,0.18774045678912055,-0.2248060231640393,-0.07037161301818687,-0.8971508830561595,-0.412831981421318,-1.4354275248045305,0.007052711038796808,0.6940735886185739,-0.668135889598496,2022-06-24,GOOG
-0.6316545614823301,-0.6386738999844497,-0.8137690248133702,-0.9059170066901564,-1.0679883461639113,-0.3211723077588586,1.6595496383895931,-0.7105591560351084,-0.6265690865429957,-1.9600400384354844,-1.557550785054408,-0.6716515642939703,-0.08076640645278882,0.26002793945721453,-1.4615701689592442,0.11391273197551188,-1.8624452969815315,-0.00308079492898992,0.6249388436707823,-0.593963675289531,2022-07-01,GOOG
0.9019451485466028,0.5175945288687087,0.18249780975785426,0.3953031327578641,0.019129647260853637,-0.09679475949801308,-1.5725985907270836,1.6364720600802025,-0.7098930946196194,-1.3206786538148878,-0.6611542584482477,0.427682361488642,0.35241234344733763,0.17420272096906914,-0.6537677202385144,-0.37322832014906404,-1.9225149970178734,0.005978139601431506,0.7171519295539092,-0.3660354963216288,2022-07-08,GOOG
-0.5712993280495198,-0.3330122955417969,-0.4021091714051973,-0.5187494641020873,-0.6792363055215621,-0.06591750183813111,1.7084138667008095,-1.567784912714655,1.666874670601661,-1.340369710911743,-0.950570424495427,0.14041674659288234,0.3591481787900137,0.37038497007898696,-1.1095715757356408,0.2983109092058666,-1.9526922018221025,0.0063994532516771395,0.514017677877394,-0.4156226731260938,2022-07-15,GOOG
-0.9031184384358536,-0.7522349377761507,-0.7355780051676998,-0.9281720971607077,-1.0164609559561026,-0.10687937072361917,-1.2436810634260504,1.6849146231025198,-1.5779797787693148,-1.2739626282121583,-1.4116576388179203,-1.002421810589144,0.3597516794484351,0.5341027758554124,-1.3364853941260744,0.37185459188205966,-1.9940840972739342,-0.005123374696797079,-0.003865605636934598,-0.6762794206179376,2022-07-22,GOOG
0.19802520332407048,0.11904182304393957,-0.027659009806544836,0.09323114175590273,-0.17390034206937302,0.025598983050261006,-0.8365572108087015,-1.2417057215332497,1.7159309939541525,-0.6559891609653851,0.2020024415317346,0.3480552250055331,0.5711280203499504,0.2958298763424742,-0.7003710063138171,0.3272430218871104,-1.5576323083019905,0.007263494667404947,0.15335626004727074,-0.5334368195861215,2022-07-29,GOOG
0.5533849091278304,0.19489637802443932,0.09592609570320136,0.17790858967841985,-0.05598009891058237,0.14549637171997978,1.2520866274783946,-0.8380950728048138,-1.2477692109728808,-0.41142029408692454,0.4717387836490409,-0.39622052742381886,0.5744211197275552,0.1542580108679404,-0.5186183584911521,-1.0339425698862799,-1.1427624981014666,0.00618751305007522,0.2452022345401249,-0.4642502900532809,2022-08-05,GOOG
0.8662627856920724,0.4611623247403413,0.3751169670829941,0.5308525903842081,0.28996983178834573,0.2993410849168593,0.1151790733455552,1.2325251797649361,-0.8390448731749529,-0.2753444655340105,1.2657191055243378,0.5077166225911768,0.43767960322734084,-0.019769676603719945,-0.022167129736442255,-1.27403739667196,-1.2859252894342919,0.016964896804930116,0.11631368856034999,-0.5105350344182825,2022-08-12,GOOG
-0.29863748684298025,-0.013210453028091236,-0.05052569709481838,-0.10883587453300506,-0.19816152587648028,0.3129163275952147,0.5478818297959146,0.10542836999118115,1.2578098412108898,-0.48332048849713116,0.4413497168828616,0.5288592277625628,0.49214947711320556,0.030675995294517325,-0.2909288618779928,-1.2723437724282605,-1.183147734691016,0.022034295552118353,0.32283685171810383,-0.21728773540155846,2022-08-19,GOOG
-1.2103093291578972,-0.7644248275390255,-0.6080210695421928,-0.8452531807871506,-0.8138249078194756,0.1980097200122167,-0.7977455086540288,0.5343971938877687,0.11643287640515676,-0.46906452867672227,-0.6524655123476609,-0.6535666292217006,0.613382167940894,0.10619342975058935,-1.1148913077614229,-0.9972349947347356,-1.1320138605609,0.008821706133996951,0.476200273597538,-0.17926352131182005,2022-08-26,GOOG
-1.2716648917793114,-0.8974727473919671,-0.8128036396183089,-0.9951096567098666,-0.9730402376712656,0.07960027816208563,-1.1739688208496732,-0.7996182894274826,0.5508366738160055,-0.6938529894223158,-1.3952415093266501,-0.9574609794288318,0.6067577035583517,0.01727014426885299,-1.5044992197534413,-0.6912810301947815,-1.0283548224576258,-3.847179935426332e-05,0.5583713404320775,-0.04455452811035611,2022-09-02,GOOG
-0.2891213435090332,-0.5526105087582889,-0.5751861997648169,-0.5071065423862579,-0.5971511785336905,0.06237755037840986,-0.5555099349186005,-1.1725950485287597,-0.8000805944671449,-0.6428404387873007,-0.8294707801708596,-1.026476412228272,0.5899418544480666,-0.05254730152384141,-0.8982016002779798,-1.1942003299790651,-1.130492126158076,0.0004731467492762188,0.6251681542729172,0.10595879823581394,2022-09-09,GOOG
-1.104639910126402,-1.3686124652385,-1.1726545064858183,-1.330347132455986,-1.2936757121259088,-0.08248603677155412,0.3860488961369498,-0.5594730450947883,-1.1777829156471225,-0.8085095055048375,-1.8306874263426403,-1.322801426244541,0.40148180592150334,0.20369623237764736,-2.0783153983569673,0.7402663187186542,-1.168003263802162,-0.0034457724620479296,0.5070127277322862,-0.05331929209606181,2022-09-16,GOOG
-1.3946485408127207,-1.6402787649094608,-1.49404564921091,-1.6033977779096897,-1.569157730603773,-0.23680633661300385,-1.44837006675517,0.373960769149197,-0.5568927443090012,-0.8361669958098521,-1.955559443062249,-1.2036718089211775,0.2529557288548505,0.3206322230107609,-2.3253984035826956,-0.3791892669961351,-1.0799489881596538,-0.00521309084164842,0.4056944682208501,-0.25333300961371463,2022-09-23,GOOG
-1.4106485525891161,-1.7045509757188926,-1.605088811489328,-1.6726756005134964,-1.6815294038252797,-0.3640015825996937,-0.908121558933076,-1.4446283970044198,0.38836754257150113,-1.3730080136057523,-2.0957926388006847,-1.258573909951546,-0.2871395970863275,0.27485199464448423,-2.2934568540886215,-0.2648826945655948,-1.5095620533329843,-0.006826164349073037,0.2894021599613592,-0.6433083632548049,2022-09-30,GOOG
-0.18117264679760553,-1.0141768328435932,-1.2148144861186256,-0.9810791396681519,-1.1595259764058645,-0.35707148631024427,-0.6805246348213476,-0.9090418689372779,-1.4532628876571712,-0.9239359652143228,-1.671729024169918,-1.2058263274930539,-0.2835436703104453,0.06203074195974508,-1.745031863840801,-0.5349579108365035,-1.0900088567218607,-0.004929248592111179,0.3807284301503521,-0.6098114876418378,2022-10-07,GOOG
-0.33612727796487424,-1.006160621253698,-1.3536109381043344,-1.10677256451311,-1.270205714981198,-0.3647463351194103,0.513463751702338,-0.6834089525685336,-0.9108905550455437,-1.5899822622687994,-1.8802696357642656,-0.7968201267972509,-0.31690093010336745,-0.07885435517647463,-1.8080402919289746,-0.354769707499646,-1.5311124468748518,-0.0038667643413430063,1.1551295549436378,-0.20520888416020627,2022-10-14,GOOG
0.4014741063863135,-0.3514211022628891,-0.8593651681166271,-0.41803734511492935,-0.7092344651205341,-0.2664548976822476,-0.5638867870081435,0.5002761205632076,-0.6823989019665875,-1.0823362555762388,-1.3615688590168065,-0.052351527358271734,-0.5481433683307579,-0.279371688686054,-1.295520458775286,-0.08765267366442643,-1.0411185904238842,0.008572462912062836,1.1322829190029737,-0.5550765145236403,2022-10-21,GOOG
-0.5889762419425587,-0.7655509444203236,-1.1551084458587826,-0.962736164178811,-1.1343531164633782,-0.26318208905315693,0.6704072451214004,-0.567777610608272,0.516283291383028,-1.1014639737201999,-1.6067969086767413,-0.216166507501904,-0.5212022271501902,-0.045975011052821695,-1.6326829376509884,2.209850090571517,-1.0845834902733351,0.002329702319552122,0.44275249211821777,-0.7994286537354598,2022-10-28,GOOG
-1.9644682583683248,-1.6300647165514373,-1.8351697410760026,-2.029901374189974,-2.023264254473498,-0.40401665400000064,-1.0030213167719448,0.6558652976289667,-0.5653025274772394,-1.9286278039625127,-1.8350327135804991,-1.3801076397109038,-0.36673015226330613,0.2767540217400047,-2.182127932637964,1.8826479169441872,-1.7055483847480888,-0.015318604479114551,0.42478186832284226,-0.6914592473634875,2022-11-04,GOOG
0.1082828832567618,-0.2599331007435986,-0.7165385046096163,-0.4116236257390337,-0.7496569645344261,-0.2877035453103261,-1.9798392446646713,-1.0031227059584322,0.6738437610214659,-1.420436343612685,-0.9843607054032958,-0.29539610161526997,0.4156658754514056,0.11336224410780525,-1.298603841660991,0.6254423467801583,-1.6296409147210824,-0.0006079187870395887,0.8403134450837668,-0.36203480008318484,2022-11-11,GOOG
0.5220503806329948,-0.1021248287192084,-0.5057101238895381,-0.24597813796549217,-0.5742625615427045,-0.16845887135934393,1.96235499440671,-1.97151135484682,-1.0061633827870604,-1.607536512133169,-0.893611013121321,-0.5707191883887851,0.357798647183626,0.0636013747676749,-1.1556769112032967,-0.07230041467060946,-1.5817106314499203,0.000785772963944283,0.7507162368284168,-0.3753953310111083,2022-11-18,GOOG
0.4264556670602681,-0.15080613194903666,-0.435791982418825,-0.27263288260757795,-0.5548878883640809,-0.07500157279700893,0.07025056266832995,1.936664410380499,-1.9868213770568002,-1.4810295093234687,-0.7190052014564855,-0.16316963229106046,0.35044072018547706,0.04561036162195265,-1.1066941398515695,-1.619652386114779,-1.5384346796320187,0.009803646565029923,0.7957996269642224,-0.30462274880132006,2022-11-25,GOOG
0.3449529783065494,0.23825119244993181,-0.02299680163384134,0.12394151871639617,-0.18653266541637814,0.0558988817434338,-0.16678011282534813,0.06088756201773893,1.9708704149534078,-1.0492829666095498,-0.10033650957206838,1.1634171915761717,0.36342429604307913,-0.008352086068755997,-0.7977041112355513,-0.12216258622916366,-1.1468528673196596,0.04025731634601816,0.7946623570622726,-0.22917688891672544,2022-12-02,GOOG
-1.0224127169292707,-0.6819595620297412,-0.7137430075854518,-0.911843251372236,-1.0061742612743878,0.015883030474804844,0.46870330528571175,-0.17409769882979997,0.0713277427787673,-1.2394592189763114,-0.997932972762487,-0.5844191427885583,0.38386959972821466,0.3400982928426983,-1.3529802269476237,-0.21233736419600022,-1.1327824014629768,0.01397180799022583,0.7312013315955231,-0.1351734606454813,2022-12-09,GOOG
-1.134844738601288,-0.8017595545709867,-0.8705908892081102,-1.0495556718874284,-1.1375799732329348,-0.034737089078444014,-1.521618938773439,0.4559019265693009,-0.1666347476430495,-1.4896183212305283,-1.2535622670159254,-0.8727221402278506,0.3451064779049144,0.529021086986002,-1.4366147048005773,1.1102659337870058,-1.5236434500127898,-0.006009085219365411,0.7180616487051152,-0.0924524612715521,2022-12-16,GOOG
-0.967930072207493,-0.8331387243817623,-0.926847883836802,-1.0148330831176733,-1.1300894903810563,-0.06961971989583618,-0.5592281743661414,-1.5172451807272507,0.4713468827114139,-1.2446644787038434,-1.1188119765262268,-0.9497905851473999,0.3221256335681028,0.38687940529776077,-1.442125957990699,-0.4429684581219128,-1.4315434269601532,-0.01005786294698715,0.6755718214959077,-0.10908118697675726,2022-12-23,GOOG
-0.575811257263825,-1.0049296121277742,-0.9507683857644129,-0.992872650490466,-1.1282383423851257,-0.09327765081113844,-0.33879120126765927,-0.5631591986470839,-1.5267997156215378,-1.1056440574203465,-1.2872385028039128,-1.299580568669545,0.25697561816949016,0.3522154550869592,-1.513741834115156,-1.375362649943982,-1.36335171565012,-0.019831332189055723,0.7392903580287067,-0.13198104876635966,2022-12-30,GOOG
-0.43788553318618206,-0.9475428857632822,-0.9368817655884604,-0.9100971051787137,-1.0720939639807423,-0.09987283301077057,-0.34726877778738713,-0.3446244477499566,-0.5606256008984642,-0.9935978709486415,-1.3761328428913246,-0.7142681356670835,0.24621697602680556,0.38855985116312075,-1.544859106106253,-0.6840382994005747,-1.0129977351255748,-0.02213085584728125,0.7755167545259783,-0.054702333503864886,2023-01-06,GOOG
0.46555096978532146,-0.2554417944191895,-0.3801273501802699,-0.16193348647475259,-0.45194331044065433,-0.006532553526813073,-0.2459743305977512,-0.3530288685098188,-0.3393220460302637,-0.9158311617355914,-0.652508428025009,-0.06925186293998596,0.28168830459960176,0.20305072606684615,-0.9838835795285369,-0.29203747786905154,-1.0226083264203099,-0.005065796884367684,0.8168340819997445,0.07775176707790202,2023-01-13,GOOG
1.319099137907583,0.572356980695292,0.27325241584560617,0.6425125029693226,0.26904833659215294,0.1758064582041906,0.8220290982586844,-0.25260852398821404,-0.34783294959653976,-0.43389488469372905,0.35806869922632395,0.6626792462415756,0.3864602473847063,0.08163156107227448,-0.11746214195709645,-0.004774161538303167,-0.6080129009058477,0.01562586574356189,0.9520095873083814,0.28101252494757734,2023-01-20,GOOG
0.9516796161537782,0.7633035217907875,0.292925873744584,0.6111097633343548,0.3278574330880897,0.3177963285550815,1.133011500513927,0.8061787565745039,-0.24614029370318957,-0.5832853448076684,0.5810808355261501,0.9200604513928011,-0.11238214945469333,0.025442827297614396,0.28391079510547157,0.39893299893099693,-0.5707327293911955,0.04022327688640687,0.5120679692624658,-0.23624242105901924,2023-01-27,GOOG
0.9516680219369298,1.1354225197765901,0.677645760012221,0.9565334829248187,0.6954714484663219,0.47869910165646096,0.13068768382121526,1.1144775907264215,0.8260616699472725,-0.07150777811163059,0.786610345061987,1.4291946614380842,-0.6029045601790175,-0.13293100517301526,0.9520151606643842,0.7369446799618885,0.1088278739061341,0.08019044968324941,-0.08036435640008659,-0.46337855071953254,2023-02-03,GOOG
-1.1755010640873618,-0.2755219671685394,-0.35805313797603383,-0.5857131687487896,-0.5486161023919833,0.3884150993154216,0.6800748775473212,0.12080315163248417,1.1382666061391302,-0.10153049233044781,-0.7615683288141176,-0.06188323518106751,-0.09405777495831007,0.1835493921624379,-0.6297835287895428,3.4517387936039836,-0.08854471715705098,0.024389799937471916,0.006360421830144422,0.08054069385012479,2023-02-10,GOOG
-1.0092954321538752,-0.3868690551464831,-0.360107392870948,-0.5472775733728008,-0.5411492486945004,0.3163670891849163,-1.9104242902874535,0.6654495049162793,0.13200245432617305,-0.6822288191455557,-0.8007781354852898,-0.6662598357088955,-0.09398389834131596,0.05008036652072694,-0.659859162265057,1.1705971467848113,-0.6496120486096059,-0.006400779023106635,0.008410104482190236,0.08299864480475269,2023-02-17,GOOG
-1.5218772886241116,-1.0691641748563914,-0.8057690115202051,-1.147234217054222,-1.0686389692825164,0.17399547055592282,-0.18127201644152394,-1.9026954046451103,0.6835493988413952,-1.049443246475707,-1.5617366381719506,-1.2368707038086397,-0.047135364005700266,0.21898503517053539,-1.3865825051032952,-0.41470807366609963,-1.0518929563260961,-0.023766954101761988,0.09916125291696859,0.07278755709455709,2023-02-24,GOOG
0.0011789299836162893,-0.5615887751886173,-0.32847213890060983,-0.36023722104402245,-0.45236154380515914,0.16337300713809216,-1.1316343145245753,-0.18846454710516292,-1.9171335386294903,-0.7388317215093357,-0.8835550137528838,-1.1815556855534897,-0.14956968769063975,0.08007250099678163,-0.6420013727594057,-0.17947778267514994,-0.728526836293913,-0.02031191281779172,-0.05409760990785598,0.0016238962350435845,2023-03-03,GOOG
-0.4301108585460551,-0.9179455326812982,-0.642405043819446,-0.7214330723724449,-0.7562669559778645,0.10452281710273746,0.8154221801384693,-1.1306258604017982,-0.18118362182684727,-1.0846974143516461,-1.320668111577918,-0.6083435415483445,-0.12753051226604298,0.0966076774950508,-1.0455066221819806,-0.15139048030757501,-0.7189631013388571,-0.018535193292190145,-0.03911717289999399,-0.06609484962847839,2023-03-10,GOOG
1.5391172360163323,0.4897957326877532,0.42889213846948376,0.8197923088849366,0.5378611400315649,0.2645872335429487,-0.7087658414985891,0.799628851695553,-1.135281983922076,-0.05607684138384907,0.34211259795205884,0.46907429804704276,0.42785659975958296,-0.0922489248421188,0.6707406558509571,2.0548207722724343,-0.18086373759109037,0.02139306249472731,0.3780680844661463,0.5784752028224334,2023-03-17,GOOG
1.3520532414733877,0.8546782667669898,0.6357055067399858,1.0005378951977137,0.7732512912646817,0.4189818798375511,2.1454418513624325,-0.71140645670541,0.8194287787123092,0.22566590116622146,0.8649085328594016,1.3726679751271156,0.4170768709890425,-0.24977276050355818,1.0040857683840556,0.1958550928772644,0.29803101007243454,0.06507641404823937,0.36149499526444345,0.5881239348270098,2023-03-24,GOOG
0.43349658421982346,0.6152366723625537,0.2853495436860239,0.4603554302966193,0.38329546883243526,0.46420666426607043,0.5056199643122702,2.1181713514120366,-0.7107511304679692,0.16249230139135185,0.5657542959075227,0.6687966192607981,0.44461571458346477,-0.16657989586179012,0.5918036975428794,-0.20529960625117122,0.22449723327834617,0.021984241937252905,0.06551296699819488,0.36731746197022963,2023-03-31,GOOG
0.48706785529831337,0.9902278953049407,0.6274305514719306,0.8672446341609713,0.7673485264961053,0.5560660354145489,-0.4810542714182903,0.4925000197608585,2.154677022912253,0.39873725448875114,1.1632772154377764,1.4558264745729994,0.43073885672379214,-0.19122803337696523,1.0110027894214135,-0.9291720700768437,0.457348223628364,0.06083906351607657,-0.32321420341661655,0.148754234387327,2023-04-07,GOOG
0.2595700704233779,0.8087320180869536,0.5911881572698577,0.6676004302740508,0.644864058547995,0.5969989704597546,0.7222674674480598,-0.48565988368537577,0.5084086684980691,0.451581096943562,1.2406893915333999,0.3395462574957416,0.3098501312928405,-0.23456172615105866,0.8758039075552322,-0.8224285489087488,0.4830777409161917,0.03013762445071702,-0.0795346916844925,0.19747979955019176,2023-04-14,GOOG
-0.38034811222054343,0.11578518022893165,0.2000179942093183,0.04936214013003984,0.13777797201069583,0.5323513916571815,-0.0367979539503289,0.7072780012617775,-0.4821443807242418,0.0803969112472529,0.6609959745143965,-0.2673998210274413,0.36901509045105324,-0.1686650652573187,0.4202765331673941,-0.7018590863562407,0.16082516943519368,0.005795417098935602,0.2166114544224046,0.6806394308829528,2023-04-21,GOOG
-0.1518285571494657,0.17214905653846643,0.39846008012580614,0.24302784628267288,0.294220725797687,0.5034476392965576,-0.7163175882323978,-0.04523719819984129,0.725907856240273,-0.08693113914698423,1.0365114515109035,0.09808179950700427,0.31988322807905567,-0.28272350306769245,0.5455179644576132,0.27825338982510245,0.20758782202127035,0.031952789180389095,0.16707644236124738,0.6992995552888982,2023-04-28,GOOG
-0.39389733351743883,-0.28607090076010205,0.10819706749018373,-0.09712785774653335,0.0012854995578028695,0.4236672642660543,0.2646465802739973,-0.7188930369651281,-0.03614160293980707,-0.2644122505822557,0.7105742870304159,-0.4696887835057223,-0.11107672582315173,-0.2880119515447957,0.2572720562017777,-0.898407955538375,-0.14032750898842825,0.012746500713951545,0.10758094187777871,0.28681542636655066,2023-05-05,GOOG
1.3181298127276626,0.8212377795317711,1.0201022337710484,1.1613881517391327,1.07744682785074,0.5487311794994941,-0.46485610459344523,0.25360607328067825,-0.7183325646265193,0.027915530418854643,1.2063641257746647,0.4176103510470167,0.24998546578429126,-0.4923643940293024,1.1611310681786442,0.8715168338165288,-0.08955158815597576,0.0177329541251763,-0.4544579737706454,0.27607874678889255,2023-05-12,GOOG
1.4319525828577029,1.1534539012138805,1.2142083928103335,1.3854773863234906,1.3364722536155438,0.6856287714517487,1.8631532339240777,-0.46960149610047563,0.26648796995688095,0.8372009849201194,0.9759092681130737,1.169925279658834,0.010827674382405898,-0.6810699031916385,1.2927098552552028,-0.11843831078029346,0.6045290629968434,0.0395951444316864,-0.8791795291802142,-0.11209575721994249,2023-05-19,GOOG
1.0233287876994084,1.0658088843241,1.1380359354540255,1.2137303338783445,1.2507532915372617,0.7674093711548885,0.6876336055510107,1.8383186940929541,-0.4658825356703049,0.9104719458317339,1.1224941157233836,1.1290526189709642,-0.01299369021029715,-0.693932563205612,1.182767819560051,-0.2073024245851428,1.1386576002358944,0.033460955489298526,-1.1382635128505911,-0.3792839265790166,2023-05-26,GOOG
0.1911702222313175,0.8035117982363681,0.834365588332609,0.843378394170873,0.967226505948853,0.7679341447888317,0.19007792439804605,0.6729430062022339,1.8712786725364845,1.295797770048796,1.101982543391451,1.3030930268150738,-0.12944185331932284,-0.7277452140770028,0.9413128810128051,-0.7225433830699874,1.4887502768322551,0.03527458576486607,-1.7643841426038045,-0.4707994801142118,2023-06-02,GOOG
-0.3775750602605142,0.36443817199661854,0.46786876188228826,0.3506433253993612,0.5468686517109328,0.6788270464560511,-0.15863348514813996,0.17968089454351466,0.6911378417145924,0.9975847259412791,0.6963096493273979,0.11027295707807817,-0.5824813464375345,-0.6354175475722817,0.6247452545567578,-0.5352731434034725,1.057934233586979,0.01130369862696366,-3.526807300926514,-2.0374295783636813,2023-06-09,GOOG
-0.22235636151035854,0.24136596204867355,0.43120651194207316,0.3298958762576021,0.5106613848679957,0.5970441343163851,-0.47060982311231253,-0.16602137104745943,0.19162616980088354,1.2817700364219209,0.7977466117434783,-0.19788996379082957,-0.603827983445354,-0.6736338645672019,0.5757959793325935,0.04054326302314226,0.5745951016025314,0.011502961955382569,-3.755312100909649,-2.275721608352916,2023-06-16,GOOG
-0.29156509585653184,-0.05945358001004276,0.2012017144369584,0.09336313260834267,0.2876382046193022,0.48466099972335736,0.04535387868520851,-0.4753055639144131,-0.15845609394529442,0.8673469352585214,0.5124624261948706,-0.42232492433886043,-0.6390887163217349,-0.8168816565396709,0.41316164612031325,-1.0671895445044615,0.11159419308601509,-0.000555262348060224,-2.860296567616297,-1.5960152103106184,2023-06-23,GOOG
-0.44921198461154666,-0.4515466285610197,-0.05689324309593267,-0.18819550452559897,0.015636721341610312,0.3405574900542953,-0.2814016769350756,0.03620571960292215,-0.47165887320587546,0.5183572340310559,0.2759875603165671,-0.551171947253256,-0.6620365724097923,-0.7985684598015806,0.2080692260221977,-0.5238330651421061,-0.32469279471105794,-0.001414597307091593,-2.3828127868231084,-1.16813346694241,2023-06-30,GOOG
-0.4743556422212688,-0.5615053196139951,-0.20057944611332224,-0.2856695684386212,-0.10696021191479253,0.20402446802183516,-0.4311606483708208,-0.2877301562532088,0.046333184958226685,0.6409055154413675,0.09634696438906712,-0.44847721879984814,-0.6484727101235711,-0.8199674051942333,0.0895501764971831,-1.462686213914384,0.0216623582845112,0.0005778991525333889,-2.263044749564061,-1.1299933892453908,2023-07-07,GOOG
0.34718592831380335,-0.03844479475422116,0.1153606953193688,0.2684503666619239,0.33573233655124707,0.187704616227484,-0.253879797592469,-0.43619680890815726,-0.281706912014965,0.669386033867631,0.7710794547101798,-0.14003311848536026,-0.6923555638856963,-0.8214386704154626,0.40368732847713285,-0.07892062522262394,0.08398330166949639,0.00037663375279976694,-2.33645441121989,-1.230980565612975,2023-07-14,GOOG
-0.4049343934461379,-0.5119706019038762,-0.40366734522331743,-0.3788245570233371,-0.22471377866169143,0.06044506771919671,0.7071487134665845,-0.26044577214188147,-0.43205461587918537,0.15780017656068066,0.07858466441645363,-0.44682781643099767,-0.5260782150224393,-0.6587215855896689,-0.043843572785442576,0.47398785376872454,-0.366579615894463,-0.0034444309343117613,-1.8017027164952233,-0.793398808662462,2023-07-21,GOOG
1.1157458006023875,0.6527827439925755,0.4256467823537511,0.8770355560161907,0.8272532218843656,0.178339892054886,-0.9052673519173692,0.6922897119164118,-0.25407683866764375,0.9139656560286163,1.1495172563778944,0.6111856241484441,-0.17259508220262101,-0.6969291179987169,0.9062017234420352,0.8097150463030149,0.0849932760117951,0.013324746282412862,-2.005978390292254,-0.6386388383343856,2023-07-28,GOOG
0.08428108840745545,0.13700097269084008,-0.0002674954579845876,0.1899052208681543,0.27188018446003775,0.15059643163158412,1.7792345924066884,-0.9062122918004712,0.7107296674171871,0.508432140015301,0.6342872476344489,0.3534638973665379,-0.5190000813788709,-0.6263147928971837,0.43883358227389413,-0.6583424066659043,0.04579512080328525,0.011669777375212903,-0.6329320861736973,-0.3050189873829861,2023-08-04,GOOG
0.16017830659721138,0.21943291529695,0.08056557823700891,0.2423362261944685,0.312160475342529,0.13651463096917865,-0.7375587131028076,1.7551242137757395,-0.9080251275719797,0.7044826639716748,0.8000910742411038,0.054422865263577674,-0.5986371889729614,-0.6528002406774728,0.4834088535749774,-0.9543203117934597,0.35270760138726837,0.008816828286420574,-1.1171183544982852,-0.6919076897520351,2023-08-11,GOOG
-0.44678708871921924,-0.04587199930381941,-0.09833832738415361,-0.06449703358281315,0.044739555905952806,0.06842590539307424,0.09953092220901776,-0.7399508652735215,1.7870301300779947,0.09721845085865495,0.1624681935365752,0.30919819628927736,-0.5876872444471675,-0.7587366750511079,0.23821045122679113,-0.600115893116699,-0.10042736410426593,0.012534520563874964,-1.0222267398737936,-0.5911139232437057,2023-08-18,GOOG
0.02850651789652046,0.08384231827900578,0.06605445851892354,0.13410708117613201,0.19784992836383675,0.04885432661344167,-0.41599471766637586,0.08991525183066257,-0.7396571926013416,-0.04620630657790711,0.5107066123638596,-0.4069044092498177,-0.5734570986496701,-0.8369854861488883,0.3965662559083371,-0.43991979975694273,-0.14434891622593887,0.00826230235728886,-0.8601957954056949,-0.46414451126033174,2023-08-25,GOOG
0.6258086576708191,0.46084754261314204,0.4437331998768397,0.6069540366559444,0.60418366561736,0.12064536967291703,0.2344097876021309,-0.4211617499430794,0.10072320926105437,0.15373875566925152,1.0015442882959982,0.3042140624272609,-0.5237422334912348,-0.8884640107325832,0.8275753708959319,-0.15886602412271386,-0.16439768059345652,0.022645230782121564,-0.6072002885322805,-0.4385897963977679,2023-09-01,GOOG
0.4164775437783665,0.35538646945925967,0.3840496074329145,0.44300498189799964,0.48601296564728647,0.14824295092707115,0.7156923236050011,0.22363020370855197,-0.4168290648720092,0.1874097389199304,1.0609112245430186,0.21496819654969576,-0.5214463255095395,-0.8989342307687017,0.7813565564265611,-1.3653564628768962,-0.23086835886634366,0.020458276911373915,-0.2955975503996471,-0.07368462664997952,2023-09-08,GOOG
0.1974391492928358,0.2387906838915516,0.3639298534528574,0.38040545056774205,0.44218141260020544,0.1581690535581822,-0.07691665318923094,0.7007595964694305,0.23613231041374566,0.4232957625790906,1.0877888104278315,0.437216729516817,-0.5392511001426437,-0.9647545025065959,0.8048319853354705,0.016012822669950546,0.24989249798249583,0.03633909683877312,-0.34322845031170096,-0.08691248279255985,2023-09-15,GOOG
-0.8352672549092328,-0.39228268637054703,-0.234639628591145,-0.3964401279100164,-0.22627676926728513,0.01713794341979458,0.01519718297237037,-0.0850097001592714,0.719306864193496,-0.14177174954937533,0.049659049040680164,-0.21779692839692072,-0.3852477891309454,-0.7836028379042351,0.04294503874865864,-0.6528850801197059,0.3676946047306115,0.021509958736780747,0.36946365188913294,0.41775383427889534,2023-09-22,GOOG
-0.575137869647125,-0.37470711817593627,-0.26335470989010346,-0.31103510249829974,-0.19235651712623408,-0.08090841447984266,-1.0516859654075785,0.006309255807162803,-0.07641801679843271,-0.04644087182772179,0.13371794471657034,-0.5700308697567649,-0.3959961531141498,-0.7709780194711662,0.060809033779773924,-0.48075679831794504,0.35120376936387404,0.01920623386574686,0.351360603753144,0.39956273362626854,2023-09-29,GOOG
0.3648181977727354,0.1577636282733352,0.1646323121943997,0.31715097965510836,0.3212237277930352,-0.03978695917457042,-0.047125292561045806,-1.0513674115429767,0.016057937251263598,0.37053438034752245,1.0976014608292397,-0.1580308467370212,-0.3720131146366838,-0.8414386209130015,0.8212923073101485,-0.3359392267343071,0.7792921907713927,0.020215657668863626,0.418412245783818,0.7449556362483902,2023-10-06,GOOG
0.33277214281872713,0.021505288741292403,0.0367470078611592,0.1729854493061875,0.2084540288846164,-0.03341669708986391,0.8138706099095393,-0.055475418853120816,-1.0550193418764018,0.41682512448752684,0.7824709050717311,-0.23747027395107495,-0.5142420416885425,-0.8117539604628177,0.6514470032549277,-0.4151977433526917,0.8200450330733595,0.00906205014715761,0.5245351505599086,0.6076046023605187,2023-10-13,GOOG
-0.13153695916685007,-0.21402531144342243,-0.12098583787283919,-0.0861035562280072,-0.013924001996786946,-0.07800073675866247,-0.14935009460288495,0.7980906704698149,-0.046509540381309764,0.07248424886082078,0.4620570351060795,0.10897631177075971,-1.0857317079895346,-0.8866902736350218,0.33600763889269175,-0.21694927133666142,0.3746819064320179,0.0087104415602888,0.8604101864469709,-0.12940604879585588,2023-10-20,GOOG
-1.7612646000725618,-1.2776034591510774,-1.0651659859774836,-1.324685267055084,-1.088509722000881,-0.3480947411456114,-0.3699161146324821,-0.1568180898928879,0.8178711089509101,-0.39221891081580745,-1.7858947354886328,-0.8128993353495211,-0.5550071444935386,-0.48528408604356593,-1.28311371415576,1.9956574499493198,0.28192317619704116,-0.004409722127635886,0.25584299344433314,0.40540978802926786,2023-10-27,GOOG
-0.4500488042083931,-0.5657532278361939,-0.556312537332363,-0.459088995119388,-0.4297117626899321,-0.39859518878154365,-1.8940942812006696,-0.375480774133269,-0.14913620853760948,-0.6826404729398043,-0.6726413972359524,-0.779590719093737,-0.39211686748460695,-0.7215769845035174,-0.4747052416091322,0.2162998326210485,-0.25818543327127713,-0.0027583846613292934,0.44410041799204003,-0.09593627634628797,2023-11-03,GOOG
0.2646222949780048,-0.17795720558232667,-0.32261715999739704,-0.08030966236568919,-0.1257908916040929,-0.3639126675725208,0.8916768728579474,-1.8865063125079498,-0.37056931764618617,-0.24272917418335038,-0.07709006887918533,-0.5389795045982176,-0.37712598901569266,-0.805668561305386,-0.07299734463593625,-0.581787619702357,-0.2740820634104318,0.005201100266741609,0.47620859010546357,-0.06740918648825077,2023-11-10,GOOG
0.6853256728244065,0.020434205097567434,-0.15132322239715482,0.1377696440881256,0.06634360016866245,-0.29074705226895586,0.38207442410441717,0.8752255179169821,-1.90073933301535,-0.1832663003492891,0.38772933102125756,-0.2423621478044814,-0.3749615214876529,-0.8080027313394023,0.2290560625341118,-0.2842585965134164,-0.2425254013912944,0.015153064926615434,0.4784244560393123,-0.07644473569390842,2023-11-17,GOOG
0.3111174666166345,0.0628420262569065,-0.0671972484335652,0.1617553379719384,0.1042436325628773,-0.2240152721844487,0.25871481013149805,0.3700205941260666,0.8959832438594221,0.001167726800930014,0.5943157309770101,0.7902091757969986,-0.47006651539033323,-0.8227630738247764,0.3483314274321408,-1.3193493061840968,0.10296142360455152,0.03070853668152387,0.3755561490716614,-0.09961701543195792,2023-11-24,GOOG
-0.5024223854781994,-0.3224281062102583,-0.3994122227703849,-0.3668998424886615,-0.3336667453383549,-0.2697325168459863,0.03924318613912187,0.24772549030837002,0.3843774460955766,-0.40619417469434055,-0.19651771727647785,-0.05814007387827568,-0.40518477794800695,-0.7617020636671394,-0.42142864122881896,0.12557652107877135,-0.3514479187046187,0.01631100422134818,0.36981359465677477,0.017110771698390575,2023-12-01,GOOG
-0.11788452680572487,0.004405361108932836,-0.14771845852705384,-0.047221460692945756,-0.0771770894790467,-0.2429590570027171,-0.7709092861527491,0.030147758206530748,0.2605328808411831,-0.5503475669869861,0.33931110844773066,-0.08758575195360295,-0.37575358403694853,-0.7582333292576795,0.0551694482516512,0.5102415679306525,-0.3373092402191055,0.017442757294089818,0.37807027070854116,0.07170560011031356,2023-12-08,GOOG
-0.4091555666975303,-0.2191677130456796,-0.3672090678797788,-0.3421876731259004,-0.32612574355483687,-0.27600578515135626,0.3205527525604423,-0.7730136454020134,0.040198470059236366,-0.7159656747377543,-0.112594781791068,-0.45212404651569366,-0.49179727886548513,-0.6817591713710529,-0.4684423768978666,1.856629363342283,-0.810801637338378,0.00445955661397541,-0.3179087309144291,-0.30889971565915225,2023-12-15,GOOG
0.7002177116264796,0.3643711932600282,0.20877402712320214,0.4568123608569331,0.34602815211586674,-0.14526217156288943,-0.5003841164229981,0.3090298130576343,-0.7731388734151419,-0.34003646528127685,1.1835951063306127,0.028277336899754403,-0.30130255463213346,-0.7191029784265026,0.947390605129672,0.33298630605406115,-0.807145027069052,0.007039807136470884,-0.6615421583196639,-0.3061640201872263,2023-12-22,GOOG
0.1682331703530752,0.07992326639356152,0.06577092100994995,0.13855214006557082,0.10753501511652067,-0.10032443582086777,1.0700847809601772,-0.5048229251824874,0.3226139205728738,-0.06091068689399311,0.8129813226215412,0.24172555631211126,-0.3969942950984886,-0.7888310994861578,0.5191780956854244,-1.5143989232562565,-0.5074504544309124,0.009564458456336165,-0.6023596479892956,-0.3668446326259247,2023-12-29,GOOG
-0.356484158173982,-0.2741918667948166,-0.18220653983338692,-0.25729899404238693,-0.22200171375907876,-0.14123271346167082,-0.3566180152260652,1.0520938862636116,-0.501550215210465,-0.2795231621820542,0.28140722582605177,-0.2073173947051311,-0.3624300520353325,-0.7855006758080565,-0.13911795277948558,-0.951748224346902,-0.4696695795195451,0.0008233235841245545,-0.5607194174255155,-0.5170166826266304,2024-01-05,GOOG
0.23370916818197987,0.2522674473511668,0.2642135571397593,0.33299656588557314,0.2718720861481458,-0.0565408600157602,-0.5840648211729987,-0.3622974283435941,1.0750925090822923,-0.2808166237204128,0.9414785004634516,0.421233961659063,-0.267203030893323,-0.840094194251472,0.8832557366463094,-0.5312293662040934,-0.4887624419334881,0.012424090761408255,-0.31174735038273454,-0.12448907526181323,2024-01-12,GOOG
0.5606849316142074,0.4684505849542629,0.37448831365125623,0.5122863903679186,0.450212426790643,0.049279729672854426,0.7718714386148743,-0.5877815219659204,-0.35721894075493754,-0.12130662026914285,1.2568281841431985,0.06507864467572896,-0.9047481231222296,-0.8544209672987705,1.1672218128223828,-0.5604363401058853,-0.5037859719732295,0.010576152746927855,-0.94319549871222,-0.9331359791559898,2024-01-19,GOOG
0.8930716943411838,0.7367121612818358,0.6345994318578722,0.8140090393717473,0.7430070532983016,0.1981840525270488,0.3378651896353393,0.7564539236584489,-0.5855598855246096,0.17809025780297016,1.1673673795128925,0.539137867387528,-0.9815675289144039,-0.8924028529016592,1.452605247204805,-0.181956575435277,-0.06545203740480209,0.017955966099410123,-1.8183873790920762,-1.1119323400974819,2024-01-26,GOOG
-0.6784159631575387,-0.22255712055620233,-0.13673063909679062,-0.2765847494634337,-0.1588594858496137,0.09186974551807271,0.5815166061997802,0.3261928554928729,0.7757068305252784,0.34792399441927896,0.008735182984854874,0.13451689217741455,-0.629924681055885,-0.8063739073558299,0.18341564701416624,1.717476101395852,-0.07191499293969358,0.014088393457875905,-2.4329154470394387,-1.202652048679264,2024-02-02,GOOG
