treasury_10y,fed_funds_rate,yield_curve_2_10,real_yield_10y,vix,vix_regime,credit_spread,unemployment_rate,month_sin,month_cos,quarter_sin,quarter_cos,date,ticker
-0.42645460459000706,-0.2070192048503007,-0.10264169112431258,-0.42645460459000706,-1.0114779561427665,-0.5768464819623715,-0.1437276213786706,0.0,0.7005815842268202,1.1875662307018935,1.381802960895212,-0.0066712640103934765,2020-01-03,NVDA
-0.39825267864657393,-0.19549529113132477,-0.0914836858469353,-0.39825267864657393,-1.190081345730688,-0.5768464819623715,-0.1437276213786706,0.0,0.7005815842268202,1.1875662307018935,1.381802960895212,-0.0066712640103934765,2020-01-10,NVDA
-0.38986839841336113,-0.18397137741234884,-0.10450132172252603,-0.38986839841336113,-1.2463536497560335,-0.5768464819623715,-0.1437276213786706,0.0,0.7005815842268202,1.1875662307018935,1.381802960895212,-0.0066712640103934765,2020-01-17,NVDA
-0.5080113880393792,-0.19918295451146809,-0.21794022918617426,-0.5080113880393792,-0.945419174605536,-0.5768464819623715,-0.1437276213786706,0.0,0.7005815842268202,1.1875662307018935,1.381802960895212,-0.0066712640103934765,2020-01-24,NVDA
-0.6307276875110532,-0.18996382353628732,-0.38623895978343314,-0.6307276875110532,-0.42184216106363503,-0.5768464819623715,-0.1437276213786706,0.0,0.7005815842268202,1.1875662307018935,1.381802960895212,-0.0066712640103934765,2020-01-31,NVDA
-0.5865193588335589,-0.186276160156144,-0.3397476406078554,-0.5865193588335589,-0.8340979054098342,-0.5768464819623715,-0.1437276213786706,0.0,1.2225456863392115,0.6739122470129602,1.381802960895212,-0.0066712640103934765,2020-02-07,NVDA
-0.5788971454698429,-0.1784399098173114,-0.3462562922795783,-0.5788971454698429,-1.0530705439002845,-0.5768464819623715,-0.1437276213786706,0.0,1.2225456863392115,0.6739122470129602,1.381802960895212,-0.0066712640103934765,2020-02-14,NVDA
-0.668076142282931,-0.186276160156144,-0.4392391523188303,-0.668076142282931,-0.6371448996531321,-0.5768464819623715,-0.1437276213786706,0.0,1.2225456863392115,0.6739122470129602,1.381802960895212,-0.0066712640103934765,2020-02-21,NVDA
-0.9302773925555722,-0.31903176708952796,-0.49130947413309667,-0.9302773925555722,2.1801400848510823,-0.5768464819623715,-0.1437276213786706,0.0,1.2225456863392115,0.6739122470129602,1.381802960895212,-0.0066712640103934765,2020-02-28,NVDA
-1.2511690587750401,-0.6947117252430403,-0.12495750770198263,-1.2511690587750401,2.4040057287694463,-0.5768464819623715,-0.1437276213786706,0.0,1.4135978075758815,-0.027752143461200737,1.381802960895212,-0.0066712640103934765,2020-03-06,NVDA
-1.064426875778519,-0.7739963230650563,0.2627804600076947,-1.064426875778519,4.347847070349867,-0.5768464819623715,-0.1437276213786706,0.0,1.4135978075758815,-0.027752143461200737,1.381802960895212,-0.0066712640103934765,2020-03-13,NVDA
-1.0743356077707615,-0.9012204521002112,0.5073250773669048,-1.0743356077707615,5.352185170821161,-0.5768464819623715,-0.1437276213786706,0.0,1.4135978075758815,-0.027752143461200737,1.381802960895212,-0.0066712640103934765,2020-03-20,NVDA
-1.2183938684173847,-0.9127443761223787,0.3548333939037917,-1.2183938684173847,5.291019628039874,-0.5768464819623715,-0.1437276213786706,0.0,1.4135978075758815,-0.027752143461200737,1.381802960895212,-0.0066712640103934765,2020-03-27,NVDA
-1.3418723710528568,-0.8592733670110109,0.09634141543067345,-1.3418723710528568,2.9985348792685347,-0.5768464819623715,-0.1437276213786706,0.0,1.2225456863392115,-0.7294165339353614,-0.0196464875956663,-1.434321762234622,2020-04-03,NVDA
-1.2336381588505152,-0.78920790703297,0.0870431100290398,-1.2336381588505152,2.370976279668824,-0.5768464819623715,-0.1437276213786706,0.0,1.2225456863392115,-0.7294165339353614,-0.0196464875956663,-1.434321762234622,2020-04-10,NVDA
-1.2908041230383123,-0.8385303017104709,0.11679758755462402,-1.2908041230383123,1.9403712691458872,-0.5768464819623715,-0.1437276213786706,0.0,1.2225456863392115,-0.7294165339353614,-0.0196464875956663,-1.434321762234622,2020-04-17,NVDA
-1.3350124517158066,-0.8399131720436276,0.0656571156782295,-1.3350124517158066,1.66879610986703,-0.5768464819623715,-0.1437276213786706,0.0,1.2225456863392115,-0.7294165339353614,-0.0196464875956663,-1.434321762234622,2020-04-24,NVDA
-1.2999506518667567,-0.8431398706324585,0.1149379638841636,-1.2999506518667567,1.8229330723472106,-0.5768464819623715,-0.1437276213786706,0.0,0.7005815842268202,-1.243070517624295,-0.0196464875956663,-1.434321762234622,2020-05-01,NVDA
-1.269462161863363,-0.8422179582218199,0.15027136784315323,-1.269462161863363,0.6962638863133399,-0.5768464819623715,-0.1437276213786706,0.0,0.7005815842268202,-1.243070517624295,-0.0196464875956663,-1.434321762234622,2020-05-08,NVDA
-1.3014751036257868,-0.8385303017104709,0.10378000710105743,-1.3014751036257868,1.1745784121967695,-0.5768464819623715,-0.1437276213786706,0.0,0.7005815842268202,-1.243070517624295,-0.0196464875956663,-1.434321762234622,2020-05-15,NVDA
-1.288517468115484,-0.83530360312164,0.11307829864718505,-1.288517468115484,0.7182835190470882,-0.5768464819623715,-0.1437276213786706,0.0,0.7005815842268202,-1.243070517624295,-0.0196464875956663,-1.434321762234622,2020-05-22,NVDA
-1.2953773874525345,-0.8270063742539063,0.0879729530391586,-1.2953773874525345,0.6387683600970195,-0.5768464819623715,-0.1437276213786706,0.0,0.7005815842268202,-1.243070517624295,-0.0196464875956663,-1.434321762234622,2020-05-29,NVDA
-1.1002508787913667,-0.8191701101774849,0.3102016637599093,-1.1002508787913667,0.27299844226428094,-0.5768464819623715,-0.1437276213786706,0.0,-0.012434639122240833,-1.4310809244095224,-0.0196464875956663,-1.434321762234622,2020-06-05,NVDA
-1.2565045263530605,-0.8168653205648954,0.11493794310090454,-1.2565045263530605,1.6883690648908,-0.5768464819623715,-0.1437276213786706,0.0,-0.012434639122240833,-1.4310809244095224,-0.0196464875956663,-1.434321762234622,2020-06-12,NVDA
-1.2580289326806566,-0.8200920191537263,0.11958710272947437,-1.2580289326806566,1.569707762565163,-0.5768464819623715,-0.1437276213786706,0.0,-0.012434639122240833,-1.4310809244095224,-0.0196464875956663,-1.434321762234622,2020-06-19,NVDA
-1.304523961712413,-0.8247015915101111,0.0721658712662477,-1.304523961712413,1.5219987138607276,-0.5768464819623715,-0.1437276213786706,0.0,-0.012434639122240833,-1.4310809244095224,-0.0196464875956663,-1.434321762234622,2020-06-26,NVDA
-1.2793708938556059,-0.8247015915101111,0.10285021951296278,-1.2793708938556059,0.6595646539757787,-0.5768464819623715,-0.1437276213786706,0.0,-0.725450862471302,-1.243070517624295,-1.4210959360865447,-0.006671264010393827,2020-07-03,NVDA
-1.3068105712038072,-0.8306940341996524,0.08146418359563437,-1.3068105712038072,0.6118556052713432,-0.5768464819623715,-0.1437276213786706,0.0,-0.725450862471302,-1.243070517624295,-1.4210959360865447,-0.006671264010393827,2020-07-10,NVDA
-1.3106216324542312,-0.8376083892998324,0.09076246128625594,-1.3106216324542312,0.41490248285062675,-0.5768464819623715,-0.1437276213786706,0.0,-0.725450862471302,-1.243070517624295,-1.4210959360865447,-0.006671264010393827,2020-07-17,NVDA
-1.3403479647252607,-0.8408350878886633,0.06100795604965965,-1.3403479647252607,0.4344754378743966,-0.5768464819623715,-0.1437276213786706,0.0,-0.725450862471302,-1.243070517624295,-1.4210959360865447,-0.006671264010393827,2020-07-24,NVDA
-1.3807452321523308,-0.8477494429888434,0.025674545162916982,-1.3807452321523308,0.26565840913434563,-0.5768464819623715,-0.1437276213786706,0.0,-0.725450862471302,-1.243070517624295,-1.4210959360865447,-0.006671264010393827,2020-07-31,NVDA
-1.3609277227364116,-0.845444656810651,0.04520088120450177,-1.3609277227364116,-0.009586533381450227,-0.5768464819623715,-0.1437276213786706,0.0,-1.2474149645836932,-0.7294165339353622,-1.4210959360865447,-0.006671264010393827,2020-08-07,NVDA
-1.2488824038522122,-0.845444656810651,0.18188550367796297,-1.2488824038522122,-0.029159488405220074,-0.5768464819623715,-0.1437276213786706,0.0,-1.2474149645836932,-0.7294165339353622,-1.4210959360865447,-0.006671264010393827,2020-08-14,NVDA
-1.3014751036257868,-0.845444656810651,0.11772741670923678,-1.3014751036257868,0.030782948849107483,-0.5768464819623715,-0.1437276213786706,0.0,-1.2474149645836932,-0.7294165339353622,-1.4210959360865447,-0.006671264010393827,2020-08-21,NVDA
-1.2336381588505152,-0.8422179582218199,0.19397324112141076,-1.2336381588505152,0.08216178079048174,-0.5768464819623715,-0.1437276213786706,0.0,-1.2474149645836932,-0.7294165339353622,-1.4210959360865447,-0.006671264010393827,2020-08-28,NVDA
-1.2397358295923337,-0.8385303017104709,0.17909604392513676,-1.2397358295923337,1.0351210493204022,-0.5768464819623715,-0.1437276213786706,0.0,-1.4384670858203634,-0.02775214346120108,-1.4210959360865447,-0.006671264010393827,2020-09-04,NVDA
-1.2793708938556059,-0.8385303017104709,0.13074503872932147,-1.2793708938556059,0.5604765400019401,-0.5768464819623715,-0.1437276213786706,0.0,-1.4384670858203634,-0.02775214346120108,-1.4210959360865447,-0.006671264010393827,2020-09-11,NVDA
-1.2603155876034848,-0.8477494429888434,0.17258724677060044,-1.2603155876034848,0.43325209901940737,-0.5768464819623715,-0.1437276213786706,0.0,-1.4384670858203634,-0.02775214346120108,-1.4210959360865447,-0.006671264010393827,2020-09-18,NVDA
-1.286993061787888,-0.8445227409656151,0.13353447077113562,-1.286993061787888,0.5005341027476127,-0.5768464819623715,-0.1437276213786706,0.0,-1.4384670858203634,-0.02775214346120108,-1.4210959360865447,-0.006671264010393827,2020-09-25,NVDA
-1.2587911812758885,-0.8468275271438075,0.17258721905958838,-1.2587911812758885,0.6534479597008326,-0.5768464819623715,-0.1437276213786706,0.0,-1.2474149645836934,0.6739122470129602,-0.019646487595666815,1.4209792342138348,2020-10-02,NVDA
-1.1985763590014655,-0.8431398706324585,0.23860495048203406,-1.1985763590014655,0.33171730733559046,-0.5768464819623715,-0.1437276213786706,0.0,-1.2474149645836934,0.6739122470129602,-0.019646487595666815,1.4209792342138348,2020-10-09,NVDA
-1.2222049296678088,-0.8445227409656151,0.212569824213666,-1.2222049296678088,0.6265352048751562,-0.5768464819623715,-0.1437276213786706,0.0,-1.2474149645836934,0.6739122470129602,-0.019646487595666815,1.4209792342138348,2020-10-16,NVDA
-1.1482702687192852,-0.8477494429888434,0.3092718692440617,-1.1482702687192852,0.6436614821889476,-0.5768464819623715,-0.1437276213786706,0.0,-1.2474149645836934,0.6739122470129602,-0.019646487595666815,1.4209792342138348,2020-10-23,NVDA
-1.1337882268813864,-0.8477494429888434,0.326938581615186,-1.1337882268813864,1.9244680973590562,-0.5768464819623715,-0.1437276213786706,0.0,-1.2474149645836934,0.6739122470129602,-0.019646487595666815,1.4209792342138348,2020-10-30,NVDA
-1.1642767623162138,-0.8477494429888434,0.2897454708526997,-1.1642767623162138,0.31459103002179906,-0.5768464819623715,-0.1437276213786706,0.0,-0.7254508624713029,1.187566230701893,-0.019646487595666815,1.4209792342138348,2020-11-06,NVDA
-1.1086352044560133,-0.8477494429888434,0.35762287443987695,-1.1086352044560133,0.09928829143230194,-0.5768464819623715,-0.1437276213786706,0.0,-0.7254508624713029,1.187566230701893,-0.019646487595666815,1.4209792342138348,2020-11-13,NVDA
-1.1574168429791636,-0.8592733670110109,0.3213595997597564,-1.1574168429791636,0.17268698943545327,-0.5768464819623715,-0.1437276213786706,0.0,-0.7254508624713029,1.187566230701893,-0.019646487595666815,1.4209792342138348,2020-11-20,NVDA
-1.1475080655554872,-0.8523590119108309,0.319499955306037,-1.1475080655554872,-0.17717998993848313,-0.5768464819623715,-0.1437276213786706,0.0,-0.7254508624713029,1.187566230701893,-0.019646487595666815,1.4209792342138348,2020-11-27,NVDA
-1.0507070371044183,-0.8514370960657951,0.4357283363780174,-1.0507070371044183,-0.18329645088540042,-0.5768464819623715,-0.1437276213786706,0.0,-0.012434639122241358,1.3755766374871208,-0.019646487595666815,1.4209792342138348,2020-12-04,NVDA
-1.1086352044560133,-0.8560466684221798,0.37435976458414155,-1.1086352044560133,0.12497770740298908,-0.5768464819623715,-0.1437276213786706,0.0,-0.012434639122241358,1.3755766374871208,-0.019646487595666815,1.4209792342138348,2020-12-11,NVDA
-1.0667134852699132,-0.8491323133219999,0.41155286149112186,-1.0667134852699132,-0.08787835347652961,-0.5768464819623715,-0.1437276213786706,0.0,-0.012434639122241358,1.3755766374871208,-0.019646487595666815,1.4209792342138348,2020-12-18,NVDA
-1.0819577757030436,-0.8514370960657951,0.3976054103164244,-1.0819577757030436,-0.09277147556845768,-0.5768464819623715,-0.1437276213786706,0.0,-0.012434639122241358,1.3755766374871208,-0.019646487595666815,1.4209792342138348,2020-12-25,NVDA
-1.0903421013676902,-0.8560466684221798,0.3966756088728237,-1.0903421013676902,0.056472364819794604,-0.3012003940068287,-0.0592397899234291,0.0,0.7005815842268202,1.1875662307018935,1.381802960895212,-0.0066712640103934765,2021-01-01,NVDA
-0.9470460438848651,-0.8491323133219999,0.5575357477996986,-0.9470460438848651,-0.08910169233151884,-0.6457580039512573,-0.18985059920094488,0.0,0.7005815842268202,1.1875662307018935,1.381802960895212,-0.0066712640103934765,2021-01-08,NVDA
-0.9531437600581174,-0.8514370960657951,0.5547462464803543,-0.9531437600581174,0.25097880953053264,-0.02555430605128567,0.028733225453996272,0.0,0.7005815842268202,1.1875662307018935,1.381802960895212,-0.0066712640103934765,2021-01-15,NVDA
-0.9577170699037735,-0.8537418822439874,0.5538163826869764,-0.9577170699037735,-0.04628576571901149,-0.6457580039512573,-0.21516864058194368,0.0,0.7005815842268202,1.1875662307018935,1.381802960895212,-0.0066712640103934765,2021-01-22,NVDA
-0.9561925727133098,-0.8638829359329984,0.5761323239642008,-0.9561925727133098,1.3213758082030722,1.2837646117375434,0.7969851463132129,0.0,0.7005815842268202,1.1875662307018935,1.381802960895212,-0.0066712640103934765,2021-01-29,NVDA
-0.8975022476293504,-0.8754068608137652,0.6709746154287669,-0.8975022476293504,-0.1735099733735155,-0.9903156138956861,-0.3619410249792801,0.0,1.2225456863392115,0.6739122470129602,1.381802960895212,-0.0066712640103934765,2021-02-05,NVDA
-0.8746357892639377,-0.8698753769053411,0.687711590438006,-0.8746357892639377,-0.2836081370422569,-1.1970501798623432,-0.4713579978831625,0.0,1.2225456863392115,0.6739122470129602,1.381802960895212,-0.0066712640103934765,2021-02-12,NVDA
-0.7641149221387681,-0.8754068608137652,0.8336944542313854,-0.7641149221387681,-0.029159488405220074,-0.6802137649457002,-0.2884377179129789,0.0,1.2225456863392115,0.6739122470129602,1.381802960895212,-0.0066712640103934765,2021-02-19,NVDA
-0.6764604225161438,-0.8698753769053411,0.9294666718391067,-0.6764604225161438,0.692594103076401,1.0081185237820007,0.30187672821379424,0.0,1.2225456863392115,0.6739122470129602,1.381802960895212,-0.0066712640103934765,2021-02-26,NVDA
-0.6048124164904481,-0.8731020754941721,1.023379208622405,-0.6048124164904481,0.29012471957807234,0.11226873792648594,0.008494667399092515,0.0,1.4135978075758815,-0.027752143461200737,1.381802960895212,-0.0066712640103934765,2021-03-05,NVDA
-0.5430731878884288,-0.874484946685928,1.1014846722924836,-0.5430731878884288,-0.19552960610726378,-1.1970501798623432,-0.37339094244145893,0.0,1.4135978075758815,-0.027752143461200737,1.381802960895212,-0.0066712640103934765,2021-03-12,NVDA
-0.4691385269399052,-0.8837040866764013,1.2102744660239257,-0.4691385269399052,-0.16372349586163057,-0.9214040919068004,-0.3914697862550716,0.0,1.4135978075758815,-0.027752143461200737,1.381802960895212,-0.0066712640103934765,2021-03-19,NVDA
-0.5240178816363078,-0.8790945168958145,1.1340286052410484,-0.5240178816363078,-0.4193954833536566,-1.265961701851229,-0.8550437670104123,0.0,1.4135978075758815,-0.027752143461200737,1.381802960895212,-0.0066712640103934765,2021-03-26,NVDA
-0.5095357943669754,-0.8823212154846455,1.15820416326098,-0.5095357943669754,-0.6065621282624881,-1.265961701851229,-1.1528467074727442,0.0,1.2225456863392115,-0.7294165339353614,-0.0196464875956663,-1.434321762234622,2021-04-02,NVDA
-0.5194445717906518,-0.8846260005895887,1.1507655347869084,-0.5194445717906518,-0.6848539483575675,-1.265961701851229,-1.2646755178824118,0.0,1.2225456863392115,-0.7294165339353614,-0.0196464875956663,-1.434321762234622,2021-04-09,NVDA
-0.5903304200839831,-0.8823212154846455,1.059642411427088,-0.5903304200839831,-0.738679691336949,-1.265961701851229,-1.3086350191434937,0.0,1.2225456863392115,-0.7294165339353614,-0.0196464875956663,-1.434321762234622,2021-04-16,NVDA
-0.5949036390667717,-0.8790945168958145,1.0475547294056642,-0.5949036390667717,-0.6065621282624881,-1.0936828968790147,-1.0574186806242616,0.0,1.2225456863392115,-0.7294165339353614,-0.0196464875956663,-1.434321762234622,2021-04-23,NVDA
-0.5461220005436213,-0.8846260005895887,1.118221611364004,-0.5461220005436213,-0.4499782547443006,-0.9903156138956861,-0.786762692510855,0.0,1.2225456863392115,-0.7294165339353614,-0.0196464875956663,-1.434321762234622,2021-04-30,NVDA
-0.5872815165659232,-0.8823212154846455,1.063361783467563,-0.5872815165659232,-0.6848539483575675,-1.1625944188679005,-1.1040462444644852,0.0,0.7005815842268202,-1.243070517624295,-0.0196464875956663,-1.434321762234622,2021-05-07,NVDA
-0.5430731878884288,-0.8837040866764013,1.1200812181480664,-0.5430731878884288,-0.42551217762860266,-0.8524925699179146,-0.6369337363574337,0.0,0.7005815842268202,-1.243070517624295,-0.0196464875956663,-1.434321762234622,2021-05-14,NVDA
-0.5453598428112569,-0.8846260005895887,1.1191513712410865,-0.5453598428112569,-0.2615885043085086,-0.6457580039512573,-0.33293990548749625,0.0,0.7005815842268202,-1.243070517624295,-0.0196464875956663,-1.434321762234622,2021-05-21,NVDA
-0.5842327039107309,-0.8823212154846455,1.06708104466399,-0.5842327039107309,-0.6762908097006719,-1.0592271358845717,-0.9570246047629828,0.0,0.7005815842268202,-1.243070517624295,-0.0196464875956663,-1.434321762234622,2021-05-28,NVDA
-0.6002391975076595,-0.8790945168958145,1.0410458560458447,-0.6002391975076595,-0.71788339745819,-1.1970501798623432,-0.964309453559172,0.0,-0.012434639122240833,-1.4310809244095224,-0.0196464875956663,-1.434321762234622,2021-06-04,NVDA
-0.6749360161885476,-0.8777116461333583,0.9471333668908484,-0.6749360161885476,-0.8120783893401003,-1.265961701851229,-1.0923615843249916,0.0,-0.012434639122240833,-1.4310809244095224,-0.0196464875956663,-1.434321762234622,2021-06-11,NVDA
-0.6840825450169922,-0.8731020754941721,0.9266771982307744,-0.6840825450169922,-0.19430626725227457,-0.3012003940068287,-0.0386707656026092,0.0,-0.012434639122240833,-1.4310809244095224,-0.0196464875956663,-1.434321762234622,2021-06-18,NVDA
-0.6185322551645488,-0.8661877203939922,0.9926949019422079,-0.6185322551645488,-0.8157482892410536,-1.265961701851229,-1.1101216572639818,0.0,-0.012434639122240833,-1.4310809244095224,-0.0196464875956663,-1.434321762234622,2021-06-25,NVDA
-0.6985646322863247,-0.8684925065721846,0.8997121596747574,-0.6985646322863247,-0.8830304096332733,-1.265961701851229,-1.1548276184107853,0.0,-0.725450862471302,-1.243070517624295,-1.4210959360865447,-0.006671264010393827,2021-07-02,NVDA
-0.7557306419055553,-0.8661877203939922,0.8253259312220317,-0.7557306419055553,-0.7472428299938447,-1.0592271358845717,-0.8550433134074104,0.0,-0.725450862471302,-1.243070517624295,-1.4210959360865447,-0.006671264010393827,2021-07-09,NVDA
-0.7984145642554534,-0.8684925065721846,0.7779047482530762,-0.7984145642554534,-0.46955120976807047,-0.5079349599734858,-0.3282131298691118,0.0,-0.725450862471302,-1.243070517624295,-1.4210959360865447,-0.006671264010393827,2021-07-16,NVDA
-0.8090854994114942,-0.8652658062661549,0.758378429530874,-0.8090854994114942,-0.6224650667212904,-0.6457580039512573,-0.5602945096107895,0.0,-0.725450862471302,-1.243070517624295,-1.4210959360865447,-0.006671264010393827,2021-07-23,NVDA
-0.8449095478557759,-0.8675705924443473,0.719325639675903,-0.8449095478557759,-0.4952408590667864,-0.4390234379846001,-0.3059137135514949,0.0,-0.725450862471302,-1.243070517624295,-1.4210959360865447,-0.006671264010393827,2021-07-30,NVDA
-0.8060366867563019,-0.8661877203939922,0.7639573455726498,-0.8060366867563019,-0.7509128465588124,-1.0592271358845717,-0.7166010664182803,0.0,-1.2474149645836932,-0.7294165339353622,-1.4210959360865447,-0.006671264010393827,2021-08-06,NVDA
-0.800701128315414,-0.8652658062661549,0.7686065640871204,-0.800701128315414,-0.8365445831198127,-1.1970501798623432,-0.8176086298352354,0.0,-1.2474149645836932,-0.7294165339353622,-1.4210959360865447,-0.006671264010393827,2021-08-13,NVDA
-0.8289030542588471,-0.8661877203939922,0.7360625540673033,-0.8289030542588471,-0.4560949490192467,-0.16337735002905707,-0.1459761788610119,0.0,-1.2474149645836932,-0.7294165339353622,-1.4210959360865447,-0.006671264010393827,2021-08-20,NVDA
-0.7892679445641414,-0.8661877203939922,0.7844136146851427,-0.7892679445641414,-0.7215534140231576,-0.7835810479290288,-0.5637515557158649,0.0,-1.2474149645836932,-0.7294165339353622,-1.4210959360865447,-0.006671264010393827,2021-08-27,NVDA
-0.7816458220632929,-0.8675705924443473,0.79650136252022,-0.7816458220632929,-0.7191067363131792,-0.7146695259401431,-0.5298176604639301,0.0,-1.4384670858203634,-0.02775214346120108,-1.4210959360865447,-0.006671264010393827,2021-09-03,NVDA
-0.767163825656828,-0.8684925065721846,0.8160276743146692,-0.767163825656828,-0.16372349586163057,0.7669281968209006,0.462004237890947,0.0,-1.4384670858203634,-0.02775214346120108,-1.4210959360865447,-0.006671264010393827,2021-09-10,NVDA
-0.745059615886647,-0.8731020754941721,0.8522909767058018,-0.745059615886647,-0.1808500065034508,0.594649391848686,0.45233590447740757,0.0,-1.4384670858203634,-0.02775214346120108,-1.4210959360865447,-0.006671264010393827,2021-09-17,NVDA
-0.6764604225161438,-0.874484946685928,0.9387649443339133,-0.6764604225161438,-0.5551830629930852,-0.16337735002905707,-0.18658942438752693,0.0,-1.4384670858203634,-0.02775214346120108,-1.4210959360865447,-0.006671264010393827,2021-09-24,NVDA
-0.6619784261096787,-0.8731020754941721,0.9536421190149901,-0.6619784261096787,-0.14537387969284996,1.0081185237820007,0.582760562643519,0.0,-1.2474149645836934,0.6739122470129602,-0.019646487595666815,1.4209792342138348,2021-10-01,NVDA
-0.5659395553909742,-0.8675705924443473,1.059642472910896,-0.5659395553909742,-0.43040529972053077,0.18118025991537165,0.08076951279537663,0.0,-1.2474149645836934,0.6739122470129602,-0.019646487595666815,1.4209792342138348,2021-10-08,NVDA
-0.5880437651611551,-0.8684925065721846,1.034537096127981,-0.5880437651611551,-0.7325632303900318,-0.7835810479290288,-0.4471866284541428,0.0,-1.2474149645836934,0.6739122470129602,-0.019646487595666815,1.4209792342138348,2021-10-15,NVDA
-0.5278289428867321,-0.8629610218051612,1.0968355178597284,-0.5278289428867321,-0.8389911441657767,-1.1970501798623432,-0.6119320993493451,0.0,-1.2474149645836934,0.6739122470129602,-0.019646487595666815,1.4209792342138348,2021-10-22,NVDA
-0.60252576156762,-0.8638829359329984,1.0075721649521356,-0.60252576156762,-0.7374563524819598,-0.7146695259401431,-0.495230774343144,0.0,-1.2474149645836934,0.6739122470129602,-0.019646487595666815,1.4209792342138348,2021-10-29,NVDA
-0.6817959809570316,-0.8675705924443473,0.9183086630978529,-0.6817959809570316,-0.7105435976562835,-0.37011191599571436,-0.3984831026948887,0.0,-0.7254508624713029,1.187566230701893,-0.019646487595666815,1.4209792342138348,2021-11-05,NVDA
-0.583470455315499,-0.8661877203939922,1.0354669599213586,-0.583470455315499,-0.7337863359169922,-0.6457580039512573,-0.4183280540349896,0.0,-0.7254508624713029,1.187566230701893,-0.019646487595666815,1.4209792342138348,2021-11-12,NVDA
-0.6185322551645488,-0.8652658062661549,0.9908352470968589,-0.6185322551645488,-0.5356101079693153,0.25009178190425735,0.08179164388379677,0.0,-0.7254508624713029,1.187566230701893,-0.019646487595666815,1.4209792342138348,2021-11-19,NVDA
-0.6596917711868507,-0.8661877203939922,0.9424842107261551,-0.6596917711868507,0.7745559397364481,2.1796143975930584,3.037890832812254,0.0,-0.7254508624713029,1.187566230701893,-0.019646487595666815,1.4209792342138348,2021-11-26,NVDA
-0.7656393284663643,-0.8661877203939922,0.8132382769116201,-0.7656393284663643,1.0253345718085172,2.1796143975930584,3.3107630750823733,0.0,-0.012434639122241358,1.3755766374871208,-0.019646487595666815,1.4209792342138348,2021-12-03,NVDA
-0.6543563036088303,-0.8629610218051612,0.9424841830151429,-0.6543563036088303,-0.44019177723241565,0.594649391848686,0.26970801837358704,0.0,-0.012434639122241358,1.3755766374871208,-0.019646487595666815,1.4209792342138348,2021-12-10,NVDA
-0.7206688420565056,-0.8721801622249342,0.8801857456959511,-0.7206688420565056,-0.08787835347652961,1.6283222216819722,1.0120102815469159,0.0,-0.012434639122241358,1.3755766374871208,-0.019646487595666815,1.4209792342138348,2021-12-17,NVDA
-0.6513074000907705,-0.8592733670110109,0.9387649391380986,-0.6513074000907705,-0.529493647022398,0.31900330389314324,0.09877179500385279,0.0,-0.012434639122241358,1.3755766374871208,-0.019646487595666815,1.4209792342138348,2021-12-24,NVDA
-0.6368254036843054,-0.8707972910331784,0.9796772764582468,-0.6368254036843054,-0.6200186223393408,0.04335721593760023,-0.06706623670517652,0.0,-0.012434639122241358,1.3755766374871208,-0.019646487595666815,1.4209792342138348,2021-12-31,NVDA
-0.4394121946688759,-0.845444656810651,1.169362098394858,-0.4394121946688759,-0.43162863857552,0.8013839578153433,0.34560214999281297,0.0,0.7005815842268202,1.1875662307018935,1.381802960895212,-0.0066712640103934765,2022-01-07,NVDA
-0.4386500369365115,-0.831615946610291,1.142397039055582,-0.4386500369365115,-0.3790262344511277,1.0770300457708866,0.4832238829287675,0.0,0.7005815842268202,1.1875662307018935,1.381802960895212,-0.0066712640103934765,2022-01-14,NVDA
-0.4577053431886326,-0.8131776640535464,1.081958282560813,-0.4577053431886326,0.8026920334171136,2.110702875604173,2.8712321465992967,0.0,0.7005815842268202,1.1875662307018935,1.381802960895212,-0.0066712640103934765,2022-01-21,NVDA
-0.43102791443566313,-0.8062633158221608,1.100554810231044,-0.43102791443566313,0.6571179762658002,1.9728798316264011,2.7696025890371145,0.0,0.7005815842268202,1.1875662307018935,1.381802960895212,-0.0066712640103934765,2022-01-28,NVDA
-0.3182203923876655,-0.7832154609090314,1.19167787340601,-0.3182203923876655,0.11396789103611493,1.8350567876486292,1.5450223739667455,0.0,1.2225456863392115,0.6739122470129602,1.381802960895212,-0.0066712640103934765,2022-02-04,NVDA
-0.299164995272677,-0.7302054097201814,1.1079935127454763,-0.299164995272677,0.6204187439282389,1.9039683096375155,2.5302399340466897,0.0,1.2225456863392115,0.6739122470129602,1.381802960895212,-0.0066712640103934765,2022-02-11,NVDA
-0.3166958951972018,-0.739424554432951,1.105204039137144,-0.3166958951972018,0.6681277926326743,1.9728798316264011,2.5242931533988004,0.0,1.2225456863392115,0.6739122470129602,1.381802960895212,-0.0066712640103934765,2022-02-18,NVDA
-0.2755364700377673,-0.7486436854081316,1.1740111471793797,-0.2755364700377673,0.6485548376089045,1.9039683096375155,2.493320433930867,0.0,1.2225456863392115,0.6739122470129602,1.381802960895212,-0.0066712640103934765,2022-02-25,NVDA
-0.47523624311315743,-0.7454169868193007,0.9238876449532825,-0.47523624311315743,1.1855882285636437,2.248525919581944,3.343320200063744,0.0,1.4135978075758815,-0.027752143461200737,1.381802960895212,-0.0066712640103934765,2022-03-04,NVDA
-0.2618166313636667,-0.7177595664185809,1.1284496155918966,-0.2618166313636667,1.0351210493204022,2.1796143975930584,2.8707350552835638,0.0,1.4135978075758815,-0.027752143461200737,1.381802960895212,-0.0066712640103934765,2022-03-11,NVDA
-0.15205792197086143,-0.7094623512884359,1.245607922807032,-0.15205792197086143,0.19348328331421233,1.6283222216819722,1.3459660284368067,0.0,1.4135978075758815,-0.027752143461200737,1.381802960895212,-0.0066712640103934765,2022-03-18,NVDA
0.1101434191646472,-0.646311246410575,1.438082266846247,0.1101434191646472,-0.1808500065034508,1.2493088507431007,0.6722186602221477,0.0,1.4135978075758815,-0.027752143461200737,1.381802960895212,-0.0066712640103934765,2022-03-25,NVDA
0.02248891954202287,-0.6555303773857557,1.349748649568601,0.02248891954202287,-0.325200724799775,1.0081185237820007,0.4056776384753029,0.0,1.2225456863392115,-0.7294165339353614,-0.0196464875956663,-1.434321762234622,2022-04-01,NVDA
0.2785924536414118,-0.5780896112538114,1.5059596150114,0.2785924536414118,-0.13803407989094346,1.4215876557153153,0.7218248190421295,0.0,1.2225456863392115,-0.7294165339353614,-0.0196464875956663,-1.434321762234622,2022-04-08,NVDA
0.3662469532640361,-0.5412130324027333,1.5385035384343044,0.3662469532640361,0.050355903872877326,1.4904991777042007,1.0342001722922174,0.0,1.2225456863392115,-0.7294165339353614,-0.0196464875956663,-1.434321762234622,2022-04-15,NVDA
0.42569943608035987,-0.5264624338325151,1.581275485569407,0.42569943608035987,0.7243999799940054,1.9039683096375155,2.159044848692353,0.0,1.2225456863392115,-0.7294165339353614,-0.0196464875956663,-1.434321762234622,2022-04-22,NVDA
0.4112175305367623,-0.5135556120020135,1.5375737231351978,0.4112175305367623,1.3592986127236515,2.248525919581944,3.0377086512868177,0.0,1.2225456863392115,-0.7294165339353614,-0.0196464875956663,-1.434321762234622,2022-04-29,NVDA
0.5910996579019321,-0.5103289271507713,1.7505040314657725,0.5910996579019321,0.9666157067372078,1.9728798316264011,2.291587243404136,0.0,0.7005815842268202,-1.243070517624295,-0.0196464875956663,-1.434321762234622,2022-05-06,NVDA
0.4478036458505408,-0.4513264229691884,1.4566786282504056,0.4478036458505408,0.8051387111270921,1.9039683096375155,1.9651531541409977,0.0,0.7005815842268202,-1.243070517624295,-0.0196464875956663,-1.434321762234622,2022-05-13,NVDA
0.3349961238025431,-0.4351929437626221,1.2865202670549332,0.3349961238025431,0.8736440537102865,1.9039683096375155,2.0035157416075053,0.0,0.7005815842268202,-1.243070517624295,-0.0196464875956663,-1.434321762234622,2022-05-20,NVDA
0.30145882114395706,-0.4135279694858408,1.2019060772397867,0.30145882114395706,0.4197956049425548,1.2837646117375434,1.2760112991515937,0.0,0.7005815842268202,-1.243070517624295,-0.0196464875956663,-1.434321762234622,2022-05-27,NVDA
0.4645723880427013,-0.3628226941719916,1.2986080876314172,0.4645723880427013,0.3060278913649034,1.214853089748658,1.0743555473538455,0.0,-0.012434639122240833,-1.4310809244095224,-0.0196464875956663,-1.434321762234622,2022-06-03,NVDA
0.6162526803273054,-0.2922962762714328,1.3413800347665197,0.6162526803273054,0.6681277926326743,1.5249549386986438,1.5894618274228358,0.0,-0.012434639122240833,-1.4310809244095224,-0.0196464875956663,-1.434321762234622,2022-06-10,NVDA
0.6795164969826557,-0.18996382353628732,1.212134211796033,0.6795164969826557,1.0816067591698484,2.110702875604173,2.1441236371938115,0.0,-0.012434639122240833,-1.4310809244095224,-0.0196464875956663,-1.434321762234622,2022-06-17,NVDA
0.5926241550923957,-0.14939958130506595,1.024308971963364,0.5926241550923957,0.6045155721414079,1.145941567759772,1.3915050180508146,0.0,-0.012434639122240833,-1.4310809244095224,-0.0196464875956663,-1.434321762234622,2022-06-24,NVDA
0.412741846001491,-0.14709479856127075,0.8002205475113636,0.412741846001491,0.5396802461231811,1.0770300457708866,1.2611701758679508,0.0,-0.725450862471302,-1.243070517624295,-1.4210959360865447,-0.006671264010393827,2022-07-01,NVDA
0.5743310974355065,-0.03646511695839161,0.7741854974482788,0.5743310974355065,0.2876780418680939,0.8702954798042293,0.8502601111290098,0.0,-0.725450862471302,-1.243070517624295,-1.4210959360865447,-0.006671264010393827,2022-07-08,NVDA
0.44399267546298404,0.14653478675994047,0.24604364606871332,0.44399267546298404,0.2375223154536801,0.8013839578153433,0.753134464849244,0.0,-0.725450862471302,-1.243070517624295,-1.4210959360865447,-0.006671264010393827,2022-07-15,NVDA
0.33194731114735077,0.19954484481758486,0.0024288232253509684,0.33194731114735077,0.09072515277540624,0.594649391848686,0.5037575344646847,0.0,-0.725450862471302,-1.243070517624295,-1.4210959360865447,-0.006671264010393827,2022-07-22,NVDA
0.22447525667737353,0.17327033252839075,-0.07567677034009683,0.22447525667737353,-0.11723778601218439,0.38791482588202897,0.16315419342657078,0.0,-0.725450862471302,-1.243070517624295,-1.4210959360865447,-0.006671264010393827,2022-07-29,NVDA
0.3753933912296133,0.224897509949687,0.004288342979516125,0.3753933912296133,-0.13925741874593267,0.25009178190425735,0.10385662229504403,0.0,-1.2474149645836932,-0.7294165339353622,-1.4210959360865447,-0.006671264010393827,2022-08-05,NVDA
0.38225335599809734,0.2663835993380004,-0.07102752757849076,0.38225335599809734,-0.3374336466936096,-0.16337735002905707,-0.24243179045594992,0.0,-1.2474149645836932,-0.7294165339353622,-1.4210959360865447,-0.006671264010393827,2022-08-12,NVDA
0.4889632527357102,0.3032601232387233,-0.015237722879700946,0.4889632527357102,-0.20653942247413792,-0.09446582804017137,-0.039014435634040105,0.0,-1.2474149645836932,-0.7294165339353622,-1.4210959360865447,-0.006671264010393827,2022-08-19,NVDA
0.52402505258476,0.3839276841226201,-0.13518561454721698,0.52402505258476,0.400222649918785,0.9392070017931148,0.9308687886318565,0.0,-1.2474149645836932,-0.7294165339353622,-1.4210959360865447,-0.006671264010393827,2022-08-26,NVDA
0.6444546971336059,0.4138898048416025,-0.0487115170237362,0.6444546971336059,0.38921283355191083,0.8702954798042293,0.8841347366504405,0.0,-1.4384670858203634,-0.02775214346120108,-1.4210959360865447,-0.006671264010393827,2022-09-02,NVDA
0.7420179741799068,0.4821114399983661,-0.06730804469396728,0.7420179741799068,0.06136572023975147,0.38791482588202897,0.3182100048098638,0.0,-1.4384670858203634,-0.02775214346120108,-1.4210959360865447,-0.006671264010393827,2022-09-09,NVDA
0.8388189117681082,0.5291290519320719,-0.04406249595022673,0.8388189117681082,0.4907476252357277,1.0081185237820007,1.0291553839002192,0.0,-1.4384670858203634,-0.02775214346120108,-1.4210959360865447,-0.006671264010393827,2022-09-16,NVDA
1.0286099982826893,0.5466454667253415,0.15213102615237875,1.0286099982826893,0.9335862576365853,1.8350567876486292,1.7355609144982114,0.0,-1.4384670858203634,-0.02775214346120108,-1.4210959360865447,-0.006671264010393827,2022-09-23,NVDA
1.110166690869194,0.5798343821962763,0.18467483873123486,1.110166690869194,1.141549196424176,2.110702875604173,2.0170057103238896,0.0,-1.4384670858203634,-0.02775214346120108,-1.4210959360865447,-0.006671264010393827,2022-09-30,NVDA
1.170381513143617,0.6319224831961185,0.15306078602946135,1.170381513143617,1.1097430861785427,2.0417913536152867,1.902335613488957,0.0,-1.2474149645836934,0.6739122470129602,-0.019646487595666815,1.4209792342138348,2022-10-07,NVDA
1.2671828141832884,0.7863430918814613,-0.040343013065703245,1.2671828141832884,1.1904815839836005,2.1796143975930584,1.9809758284639123,0.0,-1.2474149645836934,0.6739122470129602,-0.019646487595666815,1.4209792342138348,2022-10-14,NVDA
1.42191173739735,0.9048090238231731,-0.090554036813901,1.42191173739735,0.9054501639559197,1.5594106996930868,1.475517489451441,0.0,-1.2474149645836934,0.6739122470129602,-0.019646487595666815,1.4209792342138348,2022-10-21,NVDA
1.2671828141832884,0.9439903854180464,-0.3583439465899899,1.2671828141832884,0.4234656215075224,0.594649391848686,0.6186230668765998,0.0,-1.2474149645836934,0.6739122470129602,-0.019646487595666815,1.4209792342138348,2022-10-28,NVDA
1.3784658390408224,0.9638115280047559,-0.2625718069194902,1.3784658390408224,0.2766682255012198,0.18118025991537165,0.320886294911133,0.0,-0.7254508624713029,1.187566230701893,-0.019646487595666815,1.4209792342138348,2022-11-04,NVDA
1.117026655637678,0.986859465343418,-0.6279942628726303,1.117026655637678,0.02833627113912905,-0.3012003940068287,-0.18247960944126837,0.0,-0.7254508624713029,1.187566230701893,-0.019646487595666815,1.4209792342138348,2022-11-11,NVDA
1.1208378077509698,1.0200483808143528,-0.6902926083990948,1.1208378077509698,0.10173496914228038,-0.09446582804017137,-0.08144246519979156,0.0,-0.7254508624713029,1.187566230701893,-0.019646487595666815,1.4209792342138348,2022-11-18,NVDA
1.0240366884370333,1.0384866427647141,-0.8455738139648112,1.0240366884370333,-0.21877257769600128,-0.7835810479290288,-0.6589134905695231,0.0,-0.7254508624713029,1.187566230701893,-0.019646487595666815,1.4209792342138348,2022-11-25,NVDA
0.88302733130847,1.0536982198638334,-1.048276098583188,0.88302733130847,-0.3949294062379587,-0.9903156138956861,-0.9401844199500753,0.0,-0.012434639122241358,1.3755766374871208,-0.019646487595666815,1.4209792342138348,2022-12-02,NVDA
0.9295222240459249,1.037564575806202,-0.959012499740363,0.9295222240459249,0.06625884233167953,-0.09446582804017137,-0.08354259148673734,0.0,-0.012434639122241358,1.3755766374871208,-0.019646487595666815,1.4209792342138348,2022-12-09,NVDA
0.8647342736515808,1.0329551202193217,-1.0287495893477778,0.8647342736515808,0.04056942636099241,-0.3012003940068287,-0.14087277106640078,0.0,-0.012434639122241358,1.3755766374871208,-0.019646487595666815,1.4209792342138348,2022-12-16,NVDA
1.0697694234421238,1.0467837067813826,-0.8065207954939907,1.0697694234421238,-0.1735099733735155,-0.6457580039512573,-0.5950637909910734,0.0,-0.012434639122241358,1.3755766374871208,-0.019646487595666815,1.4209792342138348,2022-12-23,NVDA
1.1673327004884246,1.0776680043595874,-0.7498016742943114,1.1673327004884246,-0.07564519825466626,-0.4390234379846001,-0.44773028737775605,0.0,-0.012434639122241358,1.3755766374871208,-0.019646487595666815,1.4209792342138348,2022-12-30,NVDA
0.9310467212363885,1.1850708912105141,-1.2546976443979916,0.9310467212363885,-0.1417040964559111,-0.7146695259401431,-0.612593651695321,0.0,0.7005815842268202,1.1875662307018935,1.381802960895212,-0.0066712640103934765,2023-01-06,NVDA
0.8868383016960267,1.182766053516364,-1.3039784648929136,0.8868383016960267,-0.4817843649899338,-1.265961701851229,-1.3093834802701385,0.0,0.7005815842268202,1.1875662307018935,1.381802960895212,-0.0066712640103934765,2023-01-13,NVDA
0.8662585891163095,1.205813990855026,-1.3755752959425902,0.8662585891163095,-0.2982877366460699,-0.9903156138956861,-0.8693666307060611,0.0,0.7005815842268202,1.1875662307018935,1.381802960895212,-0.0066712640103934765,2023-01-20,NVDA
0.8921737692740471,1.2104234464419061,-1.3532592853878356,0.8921737692740471,-0.46221140996616394,-1.1970501798623432,-1.1277528906994727,0.0,0.7005815842268202,1.1875662307018935,1.381802960895212,-0.0066712640103934765,2023-01-27,NVDA
0.9028448861558229,1.1988994777725752,-1.3169957682363596,0.9028448861558229,-0.48423104269991224,-1.265961701851229,-1.1119204294092315,0.0,1.2225456863392115,0.6739122470129602,1.381802960895212,-0.0066712640103934765,2023-02-03,NVDA
1.0644339558641034,1.2505268749952918,-1.2240135732613973,1.0644339558641034,-0.21510256113103363,-0.7146695259401431,-0.5426607043243091,0.0,1.2225456863392115,0.6739122470129602,1.381802960895212,-0.0066712640103934765,2023-02-10,NVDA
1.1284599302518181,1.2712697548383831,-1.1877498344218245,1.1284599302518181,-0.2774914427673108,-0.7835810479290288,-0.6216047377300918,0.0,1.2225456863392115,0.6739122470129602,1.381802960895212,-0.0066712640103934765,2023-02-17,NVDA
1.2206875579943637,1.2818718763506223,-1.0966271592010275,1.2206875579943637,-0.07564519825466626,-0.06001006704572842,-0.20215201298280466,0.0,1.2225456863392115,0.6739122470129602,1.381802960895212,-0.0066712640103934765,2023-02-24,NVDA
1.2321208326085038,1.2887861696316527,-1.096626937512931,1.2321208326085038,-0.46465808767614236,-1.1281386578734576,-0.914107545720456,0.0,1.4135978075758815,-0.027752143461200737,1.381802960895212,-0.0066712640103934765,2023-03-03,NVDA
1.0270855010922257,1.327967531226526,-1.4257858763145947,1.0270855010922257,0.3072509968918638,0.9392070017931148,0.6373464073364722,0.0,1.4135978075758815,-0.027752143461200737,1.381802960895212,-0.0066712640103934765,2023-03-10,NVDA
0.7984216443410381,1.0928795814587067,-1.2305223357771684,0.7984216443410381,0.39410618897186767,1.0081185237820007,0.804408719222602,0.0,1.4135978075758815,-0.027752143461200737,1.381802960895212,-0.0066712640103934765,2023-03-17,NVDA
0.7869885514526329,1.1896803467973944,-1.4397329395351233,0.7869885514526329,-0.06708205959777055,0.04335721593760023,-0.13107683667743086,0.0,1.4135978075758815,-0.027752143461200737,1.381802960895212,-0.0066712640103934765,2023-03-24,NVDA
0.873880711617158,1.2274789376566297,-1.409978849963708,0.873880711617158,-0.43896843837742644,-0.9903156138956861,-0.8709975792419404,0.0,1.4135978075758815,-0.027752143461200737,1.381802960895212,-0.0066712640103934765,2023-03-31,NVDA
0.7168649517545335,1.2850985612018644,-1.7177515380877,0.7168649517545335,-0.4756679040430165,-1.1281386578734576,-0.9126700919326588,0.0,1.2225456863392115,-0.7294165339353614,-0.0196464875956663,-1.434321762234622,2023-04-07,NVDA
0.8952227636549746,1.3740631861024297,-1.6796285011820586,0.8952227636549746,-0.6383682385081214,-1.265961701851229,-1.1664869584026434,0.0,1.2225456863392115,-0.7294165339353614,-0.0196464875956663,-1.434321762234622,2023-04-14,NVDA
0.931808878968753,1.3957281329040334,-1.678698741304976,0.931808878968753,-0.6750674708456826,-1.265961701851229,-1.157526105465968,0.0,1.2225456863392115,-0.7294165339353614,-0.0196464875956663,-1.434321762234622,2023-04-21,NVDA
0.8418677244233006,1.3832823170776105,-1.7633130973861952,0.8418677244233006,-0.7961753342172838,-1.265961701851229,-1.3404249853890313,0.0,1.2225456863392115,-0.7294165339353614,-0.0196464875956663,-1.434321762234622,2023-04-28,NVDA
0.8372945963033795,1.4556525941434184,-1.9148748200673882,0.8372945963033795,-0.6236884055762796,-1.0592271358845717,-0.9545581847255824,0.0,0.7005815842268202,-1.243070517624295,-0.0196464875956663,-1.434321762234622,2023-05-05,NVDA
0.8502521863822483,1.4316828096476644,-1.8507167330986618,0.8502521863822483,-0.6432613606000495,-1.1281386578734576,-0.9357645354185936,0.0,0.7005815842268202,-1.243070517624295,-0.0196464875956663,-1.434321762234622,2023-05-12,NVDA
1.0247988461693978,1.4579574318375688,-1.6907867281475326,1.0247988461693978,-0.6701743487537546,-1.1281386578734576,-0.9351989373467144,0.0,0.7005815842268202,-1.243070517624295,-0.0196464875956663,-1.434321762234622,2023-05-19,NVDA
1.11474000071485,1.4717860183996296,-1.6089616516975613,1.11474000071485,-0.5307167525493585,-0.8524925699179146,-0.6205745379081193,0.0,0.7005815842268202,-1.243070517624295,-0.0196464875956663,-1.434321762234622,2023-05-26,NVDA
1.0240366884370333,1.5178818930769538,-1.8125941395692138,1.0240366884370333,-0.9405259358495935,-1.265961701851229,-1.3132325241590714,0.0,-0.012434639122240833,-1.4310809244095224,-0.0196464875956663,-1.434321762234622,2023-06-02,NVDA
1.0651961135964678,1.4625668874244488,-1.6508039497996294,1.0651961135964678,-1.034720927731504,-1.265961701851229,-1.3907689840413573,0.0,-0.012434639122240833,-1.4310809244095224,-0.0196464875956663,-1.434321762234622,2023-06-09,NVDA
1.0834893529790919,1.448738300862388,-1.6005933694276249,1.0834893529790919,-1.0701969378780904,-1.265961701851229,-1.3916511982401776,0.0,-0.012434639122240833,-1.4310809244095224,-0.0196464875956663,-1.434321762234622,2023-06-16,NVDA
1.0606229854765468,1.4823881399118688,-1.6963655090981247,1.0606229854765468,-1.0824300930999537,-1.265961701851229,-1.3226301207012567,0.0,-0.012434639122240833,-1.4310809244095224,-0.0196464875956663,-1.434321762234622,2023-06-23,NVDA
1.1215999654833342,1.4893024331928992,-1.6359266833258252,1.1215999654833342,-1.0640803602671587,-1.1281386578734576,-1.2073329678947413,0.0,-0.012434639122240833,-1.4310809244095224,-0.0196464875956663,-1.434321762234622,2023-06-30,NVDA
1.297671304186682,1.5169598261184414,-1.4769259948755855,1.297671304186682,-0.912389842168928,-0.9214040919068004,-0.8767524673046152,0.0,-0.725450862471302,-1.243070517624295,-1.4210959360865447,-0.006671264010393827,2023-07-07,NVDA
1.1215999654833342,1.5178818930769538,-1.6935762294668768,1.1215999654833342,-1.0946631316578028,-1.265961701851229,-1.1204982377140795,0.0,-0.725450862471302,-1.243070517624295,-1.4210959360865447,-0.006671264010393827,2023-07-14,NVDA
1.1353197132945674,1.533093470176073,-1.7075237360635984,1.1353197132945674,-1.0628570214121695,-0.9903156138956861,-0.9979953543372407,0.0,-0.725450862471302,-1.243070517624295,-1.4210959360865447,-0.006671264010393827,2023-07-21,NVDA
1.2359319847217953,1.5363201550273153,-1.5912951055925093,1.2359319847217953,-1.095886470512792,-1.265961701851229,-0.9909291523275198,0.0,-0.725450862471302,-1.243070517624295,-1.4210959360865447,-0.006671264010393827,2023-07-28,NVDA
1.3052932449617956,1.535398088068803,-1.5048210080690285,1.3052932449617956,-0.6346982219431537,-0.3012003940068287,-0.20435284457982902,0.0,-1.2474149645836932,-0.7294165339353622,-1.4210959360865447,-0.006671264010393827,2023-08-04,NVDA
1.3876124587321343,1.5409296106141954,-1.4155574092262035,1.3876124587321343,-0.9111665033139388,-0.6457580039512573,-0.6313225264262696,0.0,-1.2474149645836932,-0.7294165339353622,-1.4210959360865447,-0.006671264010393827,2023-08-11,NVDA
1.4508759119360148,1.5469220567381339,-1.3504697840684914,1.4508759119360148,-0.6102321448274558,-0.09446582804017137,-0.12349135158560398,0.0,-1.2474149645836932,-0.7294165339353622,-1.4210959360865447,-0.006671264010393827,2023-08-18,NVDA
1.4417292922447027,1.5639775479528575,-1.396031565055083,1.4417292922447027,-0.8084083727751328,-0.5768464819623715,-0.41176588625207533,0.0,-1.2474149645836932,-0.7294165339353622,-1.4210959360865447,-0.006671264010393827,2023-08-25,NVDA
1.3914232473939563,1.5423126011512538,-1.4136983328482315,1.3914232473939563,-1.1252459030484467,-1.265961701851229,-0.8737858267097729,0.0,-1.4384670858203634,-0.02775214346120108,-1.4210959360865447,-0.006671264010393827,2023-09-01,NVDA
1.4562113795140352,1.5538365698205847,-1.3579087498375384,1.4562113795140352,-1.0334975888765148,-0.7146695259401431,-0.6788935879175494,0.0,-1.4384670858203634,-0.02775214346120108,-1.4210959360865447,-0.006671264010393827,2023-09-08,NVDA
1.5049931089000532,1.5561411877133147,-1.3030484833277345,1.5049931089000532,-1.0396141664874465,-0.7835810479290288,-0.6460312863748908,0.0,-1.4384670858203634,-0.02775214346120108,-1.4210959360865447,-0.006671264010393827,2023-09-15,NVDA
1.5934099479807768,1.559367872564557,-1.2016971193304495,1.5934099479807768,-0.6224650667212904,0.18118025991537165,0.06020096574034952,0.0,-1.4384670858203634,-0.02775214346120108,-1.4210959360865447,-0.006671264010393827,2023-09-22,NVDA
1.696308510879363,1.557063254671827,-1.0715218690150252,1.696308510879363,-0.5833191566737507,0.31900330389314324,0.16184911974029548,0.0,-1.4384670858203634,-0.02775214346120108,-1.4210959360865447,-0.006671264010393827,2023-09-29,NVDA
1.8571354228552792,1.5791891250519767,-0.9199599246457355,1.8571354228552792,-0.5918822953306464,0.31900330389314324,0.18361802637757127,0.0,-1.2474149645836934,0.6739122470129602,-0.019646487595666815,1.4209792342138348,2023-10-06,NVDA
1.7389926149549961,1.569969994076796,-1.045486375575747,1.7389926149549961,-0.3631232959923255,1.0081185237820007,0.7100918590287904,0.0,-1.2474149645836934,0.6739122470129602,-0.019646487595666815,1.4209792342138348,2023-10-13,NVDA
1.963845137867157,1.557063254671827,-0.745152653220802,1.963845137867157,-0.0707520761627382,1.6283222216819722,1.4628936480900299,0.0,-1.2474149645836934,0.6739122470129602,-0.019646487595666815,1.4209792342138348,2023-10-20,NVDA
1.903630315592734,1.559367872564557,-0.8232578034100566,1.903630315592734,-0.12457758581409088,1.4904991777042007,1.3955068639459647,0.0,-1.2474149645836934,0.6739122470129602,-0.019646487595666815,1.4209792342138348,2023-10-27,NVDA
1.6848754179909577,1.535398088068803,-1.0417668926912236,1.6848754179909577,-0.9026033646570432,-0.37011191599571436,-0.47760865315477324,0.0,-0.7254508624713029,1.187566230701893,-0.019646487595666815,1.4209792342138348,2023-11-03,NVDA
1.7382300937711619,1.534015317333165,-0.9738899879022637,1.7382300937711619,-0.9931283399739859,-0.5768464819623715,-0.6626848346079497,0.0,-0.7254508624713029,1.187566230701893,-0.019646487595666815,1.4209792342138348,2023-11-10,NVDA
1.59569642117787,1.5261789570936222,-1.1319602514111313,1.59569642117787,-1.0383908276324572,-0.7146695259401431,-0.735915013516008,0.0,-0.7254508624713029,1.187566230701893,-0.019646487595666815,1.4209792342138348,2023-11-17,NVDA
1.6193251281385144,1.535398088068803,-1.1217320060108367,1.6193251281385144,-1.2023145009525513,-1.265961701851229,-1.0811618535585554,0.0,-0.7254508624713029,1.187566230701893,-0.019646487595666815,1.4209792342138348,2023-11-24,NVDA
1.4318205148210263,1.5178818930769538,-1.3151366918583876,1.4318205148210263,-1.1815182070737922,-1.1970501798623432,-0.9641682506565071,0.0,-0.012434639122241358,1.3755766374871208,-0.019646487595666815,1.4209792342138348,2023-12-01,NVDA
1.4463026020903589,1.5261789570936222,-1.3142064886051117,1.4463026020903589,-1.2157708783653896,-1.265961701851229,-0.9956553217830373,0.0,-0.012434639122241358,1.3755766374871208,-0.019646487595666815,1.4209792342138348,2023-12-08,NVDA
1.2046811552603023,1.522491348663834,-1.6015231293047074,1.2046811552603023,-1.2243341336862996,-1.265961701851229,-0.9656567695534992,0.0,-0.012434639122241358,1.3755766374871208,-0.019646487595666815,1.4209792342138348,2023-12-15,NVDA
1.1841014426805851,1.5146552082257116,-1.6108216148279195,1.1841014426805851,-1.1325858195143677,-0.9903156138956861,-0.690554756573714,0.0,-0.012434639122241358,1.3755766374871208,-0.019646487595666815,1.4209792342138348,2023-12-22,NVDA
1.1574239230647483,1.5017482490193221,-1.6173301556555943,1.1574239230647483,-1.2035378398075405,-1.1281386578734576,-0.820125667450998,0.0,-0.012434639122241358,1.3755766374871208,-0.019646487595666815,1.4209792342138348,2023-12-29,NVDA
1.2915733154248275,1.5201865109696837,-1.4908737231604037,1.2915733154248275,-1.0934397928028134,-0.6457580039512573,-0.5062118756068688,0.0,0.7005815842268202,1.1875662307018935,1.381802960895212,-0.0066712640103934765,2024-01-05,NVDA
1.2214498974524628,1.510045532837411,-1.5559615700062124,1.2214498974524628,-1.1729550684168966,-0.9214040919068004,-0.6631869098271118,0.0,0.7005815842268202,1.1875662307018935,1.381802960895212,-0.0066712640103934765,2024-01-12,NVDA
1.370843534814239,1.510045532837411,-1.3737155545003286,1.370843534814239,-1.0995563704137452,-0.7146695259401431,-0.44250975494475675,0.0,0.7005815842268202,1.1875662307018935,1.381802960895212,-0.0066712640103934765,2024-01-19,NVDA
1.3815144699702797,1.510967379994503,-1.3625575492229511,1.3815144699702797,-1.1044496091696876,-0.7146695259401431,-0.4207572267440129,0.0,0.7005815842268202,1.1875662307018935,1.381802960895212,-0.0066712640103934765,2024-01-26,NVDA
1.2847135323820782,1.5155770553828034,-1.4899439632833211,1.2847135323820782,-1.0322742500215256,0.18118025991537165,-0.21281431648056048,0.0,1.2225456863392115,0.6739122470129602,1.381802960895212,-0.0066712640103934765,2024-02-02,NVDA
-0.42645460459000706,-0.2070192048503007,-0.10264169112431258,-0.42645460459000706,-1.0114779561427665,0.18118025991537165,-0.21281431648056048,0.0,0.7005815842268202,1.1875662307018935,1.381802960895212,-0.0066712640103934765,2020-01-03,MU
-0.39825267864657393,-0.19549529113132477,-0.0914836858469353,-0.39825267864657393,-1.190081345730688,0.18118025991537165,-0.21281431648056048,0.0,0.7005815842268202,1.1875662307018935,1.381802960895212,-0.0066712640103934765,2020-01-10,MU
-0.38986839841336113,-0.18397137741234884,-0.10450132172252603,-0.38986839841336113,-1.2463536497560335,0.18118025991537165,-0.21281431648056048,0.0,0.7005815842268202,1.1875662307018935,1.381802960895212,-0.0066712640103934765,2020-01-17,MU
-0.5080113880393792,-0.19918295451146809,-0.21794022918617426,-0.5080113880393792,-0.945419174605536,0.18118025991537165,-0.21281431648056048,0.0,0.7005815842268202,1.1875662307018935,1.381802960895212,-0.0066712640103934765,2020-01-24,MU
-0.6307276875110532,-0.18996382353628732,-0.38623895978343314,-0.6307276875110532,-0.42184216106363503,0.18118025991537165,-0.21281431648056048,0.0,0.7005815842268202,1.1875662307018935,1.381802960895212,-0.0066712640103934765,2020-01-31,MU
-0.5865193588335589,-0.186276160156144,-0.3397476406078554,-0.5865193588335589,-0.8340979054098342,0.18118025991537165,-0.21281431648056048,0.0,1.2225456863392115,0.6739122470129602,1.381802960895212,-0.0066712640103934765,2020-02-07,MU
-0.5788971454698429,-0.1784399098173114,-0.3462562922795783,-0.5788971454698429,-1.0530705439002845,0.18118025991537165,-0.21281431648056048,0.0,1.2225456863392115,0.6739122470129602,1.381802960895212,-0.0066712640103934765,2020-02-14,MU
-0.668076142282931,-0.186276160156144,-0.4392391523188303,-0.668076142282931,-0.6371448996531321,0.18118025991537165,-0.21281431648056048,0.0,1.2225456863392115,0.6739122470129602,1.381802960895212,-0.0066712640103934765,2020-02-21,MU
-0.9302773925555722,-0.31903176708952796,-0.49130947413309667,-0.9302773925555722,2.1801400848510823,0.18118025991537165,-0.21281431648056048,0.0,1.2225456863392115,0.6739122470129602,1.381802960895212,-0.0066712640103934765,2020-02-28,MU
-1.2511690587750401,-0.6947117252430403,-0.12495750770198263,-1.2511690587750401,2.4040057287694463,0.18118025991537165,-0.21281431648056048,0.0,1.4135978075758815,-0.027752143461200737,1.381802960895212,-0.0066712640103934765,2020-03-06,MU
-1.064426875778519,-0.7739963230650563,0.2627804600076947,-1.064426875778519,4.347847070349867,0.18118025991537165,-0.21281431648056048,0.0,1.4135978075758815,-0.027752143461200737,1.381802960895212,-0.0066712640103934765,2020-03-13,MU
-1.0743356077707615,-0.9012204521002112,0.5073250773669048,-1.0743356077707615,5.352185170821161,0.18118025991537165,-0.21281431648056048,0.0,1.4135978075758815,-0.027752143461200737,1.381802960895212,-0.0066712640103934765,2020-03-20,MU
-1.2183938684173847,-0.9127443761223787,0.3548333939037917,-1.2183938684173847,5.291019628039874,0.18118025991537165,-0.21281431648056048,0.0,1.4135978075758815,-0.027752143461200737,1.381802960895212,-0.0066712640103934765,2020-03-27,MU
-1.3418723710528568,-0.8592733670110109,0.09634141543067345,-1.3418723710528568,2.9985348792685347,0.18118025991537165,-0.21281431648056048,0.0,1.2225456863392115,-0.7294165339353614,-0.0196464875956663,-1.434321762234622,2020-04-03,MU
-1.2336381588505152,-0.78920790703297,0.0870431100290398,-1.2336381588505152,2.370976279668824,0.18118025991537165,-0.21281431648056048,0.0,1.2225456863392115,-0.7294165339353614,-0.0196464875956663,-1.434321762234622,2020-04-10,MU
-1.2908041230383123,-0.8385303017104709,0.11679758755462402,-1.2908041230383123,1.9403712691458872,0.18118025991537165,-0.21281431648056048,0.0,1.2225456863392115,-0.7294165339353614,-0.0196464875956663,-1.434321762234622,2020-04-17,MU
-1.3350124517158066,-0.8399131720436276,0.0656571156782295,-1.3350124517158066,1.66879610986703,0.18118025991537165,-0.21281431648056048,0.0,1.2225456863392115,-0.7294165339353614,-0.0196464875956663,-1.434321762234622,2020-04-24,MU
-1.2999506518667567,-0.8431398706324585,0.1149379638841636,-1.2999506518667567,1.8229330723472106,0.18118025991537165,-0.21281431648056048,0.0,0.7005815842268202,-1.243070517624295,-0.0196464875956663,-1.434321762234622,2020-05-01,MU
-1.269462161863363,-0.8422179582218199,0.15027136784315323,-1.269462161863363,0.6962638863133399,0.18118025991537165,-0.21281431648056048,0.0,0.7005815842268202,-1.243070517624295,-0.0196464875956663,-1.434321762234622,2020-05-08,MU
-1.3014751036257868,-0.8385303017104709,0.10378000710105743,-1.3014751036257868,1.1745784121967695,0.18118025991537165,-0.21281431648056048,0.0,0.7005815842268202,-1.243070517624295,-0.0196464875956663,-1.434321762234622,2020-05-15,MU
-1.288517468115484,-0.83530360312164,0.11307829864718505,-1.288517468115484,0.7182835190470882,0.18118025991537165,-0.21281431648056048,0.0,0.7005815842268202,-1.243070517624295,-0.0196464875956663,-1.434321762234622,2020-05-22,MU
-1.2953773874525345,-0.8270063742539063,0.0879729530391586,-1.2953773874525345,0.6387683600970195,0.18118025991537165,-0.21281431648056048,0.0,0.7005815842268202,-1.243070517624295,-0.0196464875956663,-1.434321762234622,2020-05-29,MU
-1.1002508787913667,-0.8191701101774849,0.3102016637599093,-1.1002508787913667,0.27299844226428094,0.18118025991537165,-0.21281431648056048,0.0,-0.012434639122240833,-1.4310809244095224,-0.0196464875956663,-1.434321762234622,2020-06-05,MU
-1.2565045263530605,-0.8168653205648954,0.11493794310090454,-1.2565045263530605,1.6883690648908,0.18118025991537165,-0.21281431648056048,0.0,-0.012434639122240833,-1.4310809244095224,-0.0196464875956663,-1.434321762234622,2020-06-12,MU
-1.2580289326806566,-0.8200920191537263,0.11958710272947437,-1.2580289326806566,1.569707762565163,0.18118025991537165,-0.21281431648056048,0.0,-0.012434639122240833,-1.4310809244095224,-0.0196464875956663,-1.434321762234622,2020-06-19,MU
-1.304523961712413,-0.8247015915101111,0.0721658712662477,-1.304523961712413,1.5219987138607276,0.18118025991537165,-0.21281431648056048,0.0,-0.012434639122240833,-1.4310809244095224,-0.0196464875956663,-1.434321762234622,2020-06-26,MU
-1.2793708938556059,-0.8247015915101111,0.10285021951296278,-1.2793708938556059,0.6595646539757787,0.18118025991537165,-0.21281431648056048,0.0,-0.725450862471302,-1.243070517624295,-1.4210959360865447,-0.006671264010393827,2020-07-03,MU
-1.3068105712038072,-0.8306940341996524,0.08146418359563437,-1.3068105712038072,0.6118556052713432,0.18118025991537165,-0.21281431648056048,0.0,-0.725450862471302,-1.243070517624295,-1.4210959360865447,-0.006671264010393827,2020-07-10,MU
-1.3106216324542312,-0.8376083892998324,0.09076246128625594,-1.3106216324542312,0.41490248285062675,0.18118025991537165,-0.21281431648056048,0.0,-0.725450862471302,-1.243070517624295,-1.4210959360865447,-0.006671264010393827,2020-07-17,MU
-1.3403479647252607,-0.8408350878886633,0.06100795604965965,-1.3403479647252607,0.4344754378743966,0.18118025991537165,-0.21281431648056048,0.0,-0.725450862471302,-1.243070517624295,-1.4210959360865447,-0.006671264010393827,2020-07-24,MU
-1.3807452321523308,-0.8477494429888434,0.025674545162916982,-1.3807452321523308,0.26565840913434563,0.18118025991537165,-0.21281431648056048,0.0,-0.725450862471302,-1.243070517624295,-1.4210959360865447,-0.006671264010393827,2020-07-31,MU
-1.3609277227364116,-0.845444656810651,0.04520088120450177,-1.3609277227364116,-0.009586533381450227,0.18118025991537165,-0.21281431648056048,0.0,-1.2474149645836932,-0.7294165339353622,-1.4210959360865447,-0.006671264010393827,2020-08-07,MU
-1.2488824038522122,-0.845444656810651,0.18188550367796297,-1.2488824038522122,-0.029159488405220074,0.18118025991537165,-0.21281431648056048,0.0,-1.2474149645836932,-0.7294165339353622,-1.4210959360865447,-0.006671264010393827,2020-08-14,MU
-1.3014751036257868,-0.845444656810651,0.11772741670923678,-1.3014751036257868,0.030782948849107483,0.18118025991537165,-0.21281431648056048,0.0,-1.2474149645836932,-0.7294165339353622,-1.4210959360865447,-0.006671264010393827,2020-08-21,MU
-1.2336381588505152,-0.8422179582218199,0.19397324112141076,-1.2336381588505152,0.08216178079048174,0.18118025991537165,-0.21281431648056048,0.0,-1.2474149645836932,-0.7294165339353622,-1.4210959360865447,-0.006671264010393827,2020-08-28,MU
-1.2397358295923337,-0.8385303017104709,0.17909604392513676,-1.2397358295923337,1.0351210493204022,0.18118025991537165,-0.21281431648056048,0.0,-1.4384670858203634,-0.02775214346120108,-1.4210959360865447,-0.006671264010393827,2020-09-04,MU
-1.2793708938556059,-0.8385303017104709,0.13074503872932147,-1.2793708938556059,0.5604765400019401,0.18118025991537165,-0.21281431648056048,0.0,-1.4384670858203634,-0.02775214346120108,-1.4210959360865447,-0.006671264010393827,2020-09-11,MU
-1.2603155876034848,-0.8477494429888434,0.17258724677060044,-1.2603155876034848,0.43325209901940737,0.18118025991537165,-0.21281431648056048,0.0,-1.4384670858203634,-0.02775214346120108,-1.4210959360865447,-0.006671264010393827,2020-09-18,MU
-1.286993061787888,-0.8445227409656151,0.13353447077113562,-1.286993061787888,0.5005341027476127,0.18118025991537165,-0.21281431648056048,0.0,-1.4384670858203634,-0.02775214346120108,-1.4210959360865447,-0.006671264010393827,2020-09-25,MU
-1.2587911812758885,-0.8468275271438075,0.17258721905958838,-1.2587911812758885,0.6534479597008326,0.18118025991537165,-0.21281431648056048,0.0,-1.2474149645836934,0.6739122470129602,-0.019646487595666815,1.4209792342138348,2020-10-02,MU
-1.1985763590014655,-0.8431398706324585,0.23860495048203406,-1.1985763590014655,0.33171730733559046,0.18118025991537165,-0.21281431648056048,0.0,-1.2474149645836934,0.6739122470129602,-0.019646487595666815,1.4209792342138348,2020-10-09,MU
-1.2222049296678088,-0.8445227409656151,0.212569824213666,-1.2222049296678088,0.6265352048751562,0.18118025991537165,-0.21281431648056048,0.0,-1.2474149645836934,0.6739122470129602,-0.019646487595666815,1.4209792342138348,2020-10-16,MU
-1.1482702687192852,-0.8477494429888434,0.3092718692440617,-1.1482702687192852,0.6436614821889476,0.18118025991537165,-0.21281431648056048,0.0,-1.2474149645836934,0.6739122470129602,-0.019646487595666815,1.4209792342138348,2020-10-23,MU
-1.1337882268813864,-0.8477494429888434,0.326938581615186,-1.1337882268813864,1.9244680973590562,0.18118025991537165,-0.21281431648056048,0.0,-1.2474149645836934,0.6739122470129602,-0.019646487595666815,1.4209792342138348,2020-10-30,MU
-1.1642767623162138,-0.8477494429888434,0.2897454708526997,-1.1642767623162138,0.31459103002179906,0.18118025991537165,-0.21281431648056048,0.0,-0.7254508624713029,1.187566230701893,-0.019646487595666815,1.4209792342138348,2020-11-06,MU
-1.1086352044560133,-0.8477494429888434,0.35762287443987695,-1.1086352044560133,0.09928829143230194,0.18118025991537165,-0.21281431648056048,0.0,-0.7254508624713029,1.187566230701893,-0.019646487595666815,1.4209792342138348,2020-11-13,MU
-1.1574168429791636,-0.8592733670110109,0.3213595997597564,-1.1574168429791636,0.17268698943545327,0.18118025991537165,-0.21281431648056048,0.0,-0.7254508624713029,1.187566230701893,-0.019646487595666815,1.4209792342138348,2020-11-20,MU
-1.1475080655554872,-0.8523590119108309,0.319499955306037,-1.1475080655554872,-0.17717998993848313,0.18118025991537165,-0.21281431648056048,0.0,-0.7254508624713029,1.187566230701893,-0.019646487595666815,1.4209792342138348,2020-11-27,MU
-1.0507070371044183,-0.8514370960657951,0.4357283363780174,-1.0507070371044183,-0.18329645088540042,0.18118025991537165,-0.21281431648056048,0.0,-0.012434639122241358,1.3755766374871208,-0.019646487595666815,1.4209792342138348,2020-12-04,MU
-1.1086352044560133,-0.8560466684221798,0.37435976458414155,-1.1086352044560133,0.12497770740298908,0.18118025991537165,-0.21281431648056048,0.0,-0.012434639122241358,1.3755766374871208,-0.019646487595666815,1.4209792342138348,2020-12-11,MU
-1.0667134852699132,-0.8491323133219999,0.41155286149112186,-1.0667134852699132,-0.08787835347652961,0.18118025991537165,-0.21281431648056048,0.0,-0.012434639122241358,1.3755766374871208,-0.019646487595666815,1.4209792342138348,2020-12-18,MU
-1.0819577757030436,-0.8514370960657951,0.3976054103164244,-1.0819577757030436,-0.09277147556845768,-0.5768464819623715,-0.1437276213786706,0.0,-0.012434639122241358,1.3755766374871208,-0.019646487595666815,1.4209792342138348,2020-12-25,MU
-1.0903421013676902,-0.8560466684221798,0.3966756088728237,-1.0903421013676902,0.056472364819794604,-0.3012003940068287,-0.0592397899234291,0.0,0.7005815842268202,1.1875662307018935,1.381802960895212,-0.0066712640103934765,2021-01-01,MU
-0.9470460438848651,-0.8491323133219999,0.5575357477996986,-0.9470460438848651,-0.08910169233151884,-0.6457580039512573,-0.18985059920094488,0.0,0.7005815842268202,1.1875662307018935,1.381802960895212,-0.0066712640103934765,2021-01-08,MU
-0.9531437600581174,-0.8514370960657951,0.5547462464803543,-0.9531437600581174,0.25097880953053264,-0.02555430605128567,0.028733225453996272,0.0,0.7005815842268202,1.1875662307018935,1.381802960895212,-0.0066712640103934765,2021-01-15,MU
-0.9577170699037735,-0.8537418822439874,0.5538163826869764,-0.9577170699037735,-0.04628576571901149,-0.6457580039512573,-0.21516864058194368,0.0,0.7005815842268202,1.1875662307018935,1.381802960895212,-0.0066712640103934765,2021-01-22,MU
-0.9561925727133098,-0.8638829359329984,0.5761323239642008,-0.9561925727133098,1.3213758082030722,1.2837646117375434,0.7969851463132129,0.0,0.7005815842268202,1.1875662307018935,1.381802960895212,-0.0066712640103934765,2021-01-29,MU
-0.8975022476293504,-0.8754068608137652,0.6709746154287669,-0.8975022476293504,-0.1735099733735155,-0.9903156138956861,-0.3619410249792801,0.0,1.2225456863392115,0.6739122470129602,1.381802960895212,-0.0066712640103934765,2021-02-05,MU
-0.8746357892639377,-0.8698753769053411,0.687711590438006,-0.8746357892639377,-0.2836081370422569,-1.1970501798623432,-0.4713579978831625,0.0,1.2225456863392115,0.6739122470129602,1.381802960895212,-0.0066712640103934765,2021-02-12,MU
-0.7641149221387681,-0.8754068608137652,0.8336944542313854,-0.7641149221387681,-0.029159488405220074,-0.6802137649457002,-0.2884377179129789,0.0,1.2225456863392115,0.6739122470129602,1.381802960895212,-0.0066712640103934765,2021-02-19,MU
-0.6764604225161438,-0.8698753769053411,0.9294666718391067,-0.6764604225161438,0.692594103076401,1.0081185237820007,0.30187672821379424,0.0,1.2225456863392115,0.6739122470129602,1.381802960895212,-0.0066712640103934765,2021-02-26,MU
-0.6048124164904481,-0.8731020754941721,1.023379208622405,-0.6048124164904481,0.29012471957807234,0.11226873792648594,0.008494667399092515,0.0,1.4135978075758815,-0.027752143461200737,1.381802960895212,-0.0066712640103934765,2021-03-05,MU
-0.5430731878884288,-0.874484946685928,1.1014846722924836,-0.5430731878884288,-0.19552960610726378,-1.1970501798623432,-0.37339094244145893,0.0,1.4135978075758815,-0.027752143461200737,1.381802960895212,-0.0066712640103934765,2021-03-12,MU
-0.4691385269399052,-0.8837040866764013,1.2102744660239257,-0.4691385269399052,-0.16372349586163057,-0.9214040919068004,-0.3914697862550716,0.0,1.4135978075758815,-0.027752143461200737,1.381802960895212,-0.0066712640103934765,2021-03-19,MU
-0.5240178816363078,-0.8790945168958145,1.1340286052410484,-0.5240178816363078,-0.4193954833536566,-1.265961701851229,-0.8550437670104123,0.0,1.4135978075758815,-0.027752143461200737,1.381802960895212,-0.0066712640103934765,2021-03-26,MU
-0.5095357943669754,-0.8823212154846455,1.15820416326098,-0.5095357943669754,-0.6065621282624881,-1.265961701851229,-1.1528467074727442,0.0,1.2225456863392115,-0.7294165339353614,-0.0196464875956663,-1.434321762234622,2021-04-02,MU
-0.5194445717906518,-0.8846260005895887,1.1507655347869084,-0.5194445717906518,-0.6848539483575675,-1.265961701851229,-1.2646755178824118,0.0,1.2225456863392115,-0.7294165339353614,-0.0196464875956663,-1.434321762234622,2021-04-09,MU
-0.5903304200839831,-0.8823212154846455,1.059642411427088,-0.5903304200839831,-0.738679691336949,-1.265961701851229,-1.3086350191434937,0.0,1.2225456863392115,-0.7294165339353614,-0.0196464875956663,-1.434321762234622,2021-04-16,MU
-0.5949036390667717,-0.8790945168958145,1.0475547294056642,-0.5949036390667717,-0.6065621282624881,-1.0936828968790147,-1.0574186806242616,0.0,1.2225456863392115,-0.7294165339353614,-0.0196464875956663,-1.434321762234622,2021-04-23,MU
-0.5461220005436213,-0.8846260005895887,1.118221611364004,-0.5461220005436213,-0.4499782547443006,-0.9903156138956861,-0.786762692510855,0.0,1.2225456863392115,-0.7294165339353614,-0.0196464875956663,-1.434321762234622,2021-04-30,MU
-0.5872815165659232,-0.8823212154846455,1.063361783467563,-0.5872815165659232,-0.6848539483575675,-1.1625944188679005,-1.1040462444644852,0.0,0.7005815842268202,-1.243070517624295,-0.0196464875956663,-1.434321762234622,2021-05-07,MU
-0.5430731878884288,-0.8837040866764013,1.1200812181480664,-0.5430731878884288,-0.42551217762860266,-0.8524925699179146,-0.6369337363574337,0.0,0.7005815842268202,-1.243070517624295,-0.0196464875956663,-1.434321762234622,2021-05-14,MU
-0.5453598428112569,-0.8846260005895887,1.1191513712410865,-0.5453598428112569,-0.2615885043085086,-0.6457580039512573,-0.33293990548749625,0.0,0.7005815842268202,-1.243070517624295,-0.0196464875956663,-1.434321762234622,2021-05-21,MU
-0.5842327039107309,-0.8823212154846455,1.06708104466399,-0.5842327039107309,-0.6762908097006719,-1.0592271358845717,-0.9570246047629828,0.0,0.7005815842268202,-1.243070517624295,-0.0196464875956663,-1.434321762234622,2021-05-28,MU
-0.6002391975076595,-0.8790945168958145,1.0410458560458447,-0.6002391975076595,-0.71788339745819,-1.1970501798623432,-0.964309453559172,0.0,-0.012434639122240833,-1.4310809244095224,-0.0196464875956663,-1.434321762234622,2021-06-04,MU
-0.6749360161885476,-0.8777116461333583,0.9471333668908484,-0.6749360161885476,-0.8120783893401003,-1.265961701851229,-1.0923615843249916,0.0,-0.012434639122240833,-1.4310809244095224,-0.0196464875956663,-1.434321762234622,2021-06-11,MU
-0.6840825450169922,-0.8731020754941721,0.9266771982307744,-0.6840825450169922,-0.19430626725227457,-0.3012003940068287,-0.0386707656026092,0.0,-0.012434639122240833,-1.4310809244095224,-0.0196464875956663,-1.434321762234622,2021-06-18,MU
-0.6185322551645488,-0.8661877203939922,0.9926949019422079,-0.6185322551645488,-0.8157482892410536,-1.265961701851229,-1.1101216572639818,0.0,-0.012434639122240833,-1.4310809244095224,-0.0196464875956663,-1.434321762234622,2021-06-25,MU
-0.6985646322863247,-0.8684925065721846,0.8997121596747574,-0.6985646322863247,-0.8830304096332733,-1.265961701851229,-1.1548276184107853,0.0,-0.725450862471302,-1.243070517624295,-1.4210959360865447,-0.006671264010393827,2021-07-02,MU
-0.7557306419055553,-0.8661877203939922,0.8253259312220317,-0.7557306419055553,-0.7472428299938447,-1.0592271358845717,-0.8550433134074104,0.0,-0.725450862471302,-1.243070517624295,-1.4210959360865447,-0.006671264010393827,2021-07-09,MU
-0.7984145642554534,-0.8684925065721846,0.7779047482530762,-0.7984145642554534,-0.46955120976807047,-0.5079349599734858,-0.3282131298691118,0.0,-0.725450862471302,-1.243070517624295,-1.4210959360865447,-0.006671264010393827,2021-07-16,MU
-0.8090854994114942,-0.8652658062661549,0.758378429530874,-0.8090854994114942,-0.6224650667212904,-0.6457580039512573,-0.5602945096107895,0.0,-0.725450862471302,-1.243070517624295,-1.4210959360865447,-0.006671264010393827,2021-07-23,MU
-0.8449095478557759,-0.8675705924443473,0.719325639675903,-0.8449095478557759,-0.4952408590667864,-0.4390234379846001,-0.3059137135514949,0.0,-0.725450862471302,-1.243070517624295,-1.4210959360865447,-0.006671264010393827,2021-07-30,MU
-0.8060366867563019,-0.8661877203939922,0.7639573455726498,-0.8060366867563019,-0.7509128465588124,-1.0592271358845717,-0.7166010664182803,0.0,-1.2474149645836932,-0.7294165339353622,-1.4210959360865447,-0.006671264010393827,2021-08-06,MU
-0.800701128315414,-0.8652658062661549,0.7686065640871204,-0.800701128315414,-0.8365445831198127,-1.1970501798623432,-0.8176086298352354,0.0,-1.2474149645836932,-0.7294165339353622,-1.4210959360865447,-0.006671264010393827,2021-08-13,MU
-0.8289030542588471,-0.8661877203939922,0.7360625540673033,-0.8289030542588471,-0.4560949490192467,-0.16337735002905707,-0.1459761788610119,0.0,-1.2474149645836932,-0.7294165339353622,-1.4210959360865447,-0.006671264010393827,2021-08-20,MU
-0.7892679445641414,-0.8661877203939922,0.7844136146851427,-0.7892679445641414,-0.7215534140231576,-0.7835810479290288,-0.5637515557158649,0.0,-1.2474149645836932,-0.7294165339353622,-1.4210959360865447,-0.006671264010393827,2021-08-27,MU
-0.7816458220632929,-0.8675705924443473,0.79650136252022,-0.7816458220632929,-0.7191067363131792,-0.7146695259401431,-0.5298176604639301,0.0,-1.4384670858203634,-0.02775214346120108,-1.4210959360865447,-0.006671264010393827,2021-09-03,MU
-0.767163825656828,-0.8684925065721846,0.8160276743146692,-0.767163825656828,-0.16372349586163057,0.7669281968209006,0.462004237890947,0.0,-1.4384670858203634,-0.02775214346120108,-1.4210959360865447,-0.006671264010393827,2021-09-10,MU
-0.745059615886647,-0.8731020754941721,0.8522909767058018,-0.745059615886647,-0.1808500065034508,0.594649391848686,0.45233590447740757,0.0,-1.4384670858203634,-0.02775214346120108,-1.4210959360865447,-0.006671264010393827,2021-09-17,MU
-0.6764604225161438,-0.874484946685928,0.9387649443339133,-0.6764604225161438,-0.5551830629930852,-0.16337735002905707,-0.18658942438752693,0.0,-1.4384670858203634,-0.02775214346120108,-1.4210959360865447,-0.006671264010393827,2021-09-24,MU
-0.6619784261096787,-0.8731020754941721,0.9536421190149901,-0.6619784261096787,-0.14537387969284996,1.0081185237820007,0.582760562643519,0.0,-1.2474149645836934,0.6739122470129602,-0.019646487595666815,1.4209792342138348,2021-10-01,MU
-0.5659395553909742,-0.8675705924443473,1.059642472910896,-0.5659395553909742,-0.43040529972053077,0.18118025991537165,0.08076951279537663,0.0,-1.2474149645836934,0.6739122470129602,-0.019646487595666815,1.4209792342138348,2021-10-08,MU
-0.5880437651611551,-0.8684925065721846,1.034537096127981,-0.5880437651611551,-0.7325632303900318,-0.7835810479290288,-0.4471866284541428,0.0,-1.2474149645836934,0.6739122470129602,-0.019646487595666815,1.4209792342138348,2021-10-15,MU
-0.5278289428867321,-0.8629610218051612,1.0968355178597284,-0.5278289428867321,-0.8389911441657767,-1.1970501798623432,-0.6119320993493451,0.0,-1.2474149645836934,0.6739122470129602,-0.019646487595666815,1.4209792342138348,2021-10-22,MU
-0.60252576156762,-0.8638829359329984,1.0075721649521356,-0.60252576156762,-0.7374563524819598,-0.7146695259401431,-0.495230774343144,0.0,-1.2474149645836934,0.6739122470129602,-0.019646487595666815,1.4209792342138348,2021-10-29,MU
-0.6817959809570316,-0.8675705924443473,0.9183086630978529,-0.6817959809570316,-0.7105435976562835,-0.37011191599571436,-0.3984831026948887,0.0,-0.7254508624713029,1.187566230701893,-0.019646487595666815,1.4209792342138348,2021-11-05,MU
-0.583470455315499,-0.8661877203939922,1.0354669599213586,-0.583470455315499,-0.7337863359169922,-0.6457580039512573,-0.4183280540349896,0.0,-0.7254508624713029,1.187566230701893,-0.019646487595666815,1.4209792342138348,2021-11-12,MU
-0.6185322551645488,-0.8652658062661549,0.9908352470968589,-0.6185322551645488,-0.5356101079693153,0.25009178190425735,0.08179164388379677,0.0,-0.7254508624713029,1.187566230701893,-0.019646487595666815,1.4209792342138348,2021-11-19,MU
-0.6596917711868507,-0.8661877203939922,0.9424842107261551,-0.6596917711868507,0.7745559397364481,2.1796143975930584,3.037890832812254,0.0,-0.7254508624713029,1.187566230701893,-0.019646487595666815,1.4209792342138348,2021-11-26,MU
-0.7656393284663643,-0.8661877203939922,0.8132382769116201,-0.7656393284663643,1.0253345718085172,2.1796143975930584,3.3107630750823733,0.0,-0.012434639122241358,1.3755766374871208,-0.019646487595666815,1.4209792342138348,2021-12-03,MU
-0.6543563036088303,-0.8629610218051612,0.9424841830151429,-0.6543563036088303,-0.44019177723241565,0.594649391848686,0.26970801837358704,0.0,-0.012434639122241358,1.3755766374871208,-0.019646487595666815,1.4209792342138348,2021-12-10,MU
-0.7206688420565056,-0.8721801622249342,0.8801857456959511,-0.7206688420565056,-0.08787835347652961,1.6283222216819722,1.0120102815469159,0.0,-0.012434639122241358,1.3755766374871208,-0.019646487595666815,1.4209792342138348,2021-12-17,MU
-0.6513074000907705,-0.8592733670110109,0.9387649391380986,-0.6513074000907705,-0.529493647022398,0.31900330389314324,0.09877179500385279,0.0,-0.012434639122241358,1.3755766374871208,-0.019646487595666815,1.4209792342138348,2021-12-24,MU
-0.6368254036843054,-0.8707972910331784,0.9796772764582468,-0.6368254036843054,-0.6200186223393408,0.04335721593760023,-0.06706623670517652,0.0,-0.012434639122241358,1.3755766374871208,-0.019646487595666815,1.4209792342138348,2021-12-31,MU
-0.4394121946688759,-0.845444656810651,1.169362098394858,-0.4394121946688759,-0.43162863857552,0.8013839578153433,0.34560214999281297,0.0,0.7005815842268202,1.1875662307018935,1.381802960895212,-0.0066712640103934765,2022-01-07,MU
-0.4386500369365115,-0.831615946610291,1.142397039055582,-0.4386500369365115,-0.3790262344511277,1.0770300457708866,0.4832238829287675,0.0,0.7005815842268202,1.1875662307018935,1.381802960895212,-0.0066712640103934765,2022-01-14,MU
-0.4577053431886326,-0.8131776640535464,1.081958282560813,-0.4577053431886326,0.8026920334171136,2.110702875604173,2.8712321465992967,0.0,0.7005815842268202,1.1875662307018935,1.381802960895212,-0.0066712640103934765,2022-01-21,MU
-0.43102791443566313,-0.8062633158221608,1.100554810231044,-0.43102791443566313,0.6571179762658002,1.9728798316264011,2.7696025890371145,0.0,0.7005815842268202,1.1875662307018935,1.381802960895212,-0.0066712640103934765,2022-01-28,MU
-0.3182203923876655,-0.7832154609090314,1.19167787340601,-0.3182203923876655,0.11396789103611493,1.8350567876486292,1.5450223739667455,0.0,1.2225456863392115,0.6739122470129602,1.381802960895212,-0.0066712640103934765,2022-02-04,MU
-0.299164995272677,-0.7302054097201814,1.1079935127454763,-0.299164995272677,0.6204187439282389,1.9039683096375155,2.5302399340466897,0.0,1.2225456863392115,0.6739122470129602,1.381802960895212,-0.0066712640103934765,2022-02-11,MU
-0.3166958951972018,-0.739424554432951,1.105204039137144,-0.3166958951972018,0.6681277926326743,1.9728798316264011,2.5242931533988004,0.0,1.2225456863392115,0.6739122470129602,1.381802960895212,-0.0066712640103934765,2022-02-18,MU
-0.2755364700377673,-0.7486436854081316,1.1740111471793797,-0.2755364700377673,0.6485548376089045,1.9039683096375155,2.493320433930867,0.0,1.2225456863392115,0.6739122470129602,1.381802960895212,-0.0066712640103934765,2022-02-25,MU
-0.47523624311315743,-0.7454169868193007,0.9238876449532825,-0.47523624311315743,1.1855882285636437,2.248525919581944,3.343320200063744,0.0,1.4135978075758815,-0.027752143461200737,1.381802960895212,-0.0066712640103934765,2022-03-04,MU
-0.2618166313636667,-0.7177595664185809,1.1284496155918966,-0.2618166313636667,1.0351210493204022,2.1796143975930584,2.8707350552835638,0.0,1.4135978075758815,-0.027752143461200737,1.381802960895212,-0.0066712640103934765,2022-03-11,MU
-0.15205792197086143,-0.7094623512884359,1.245607922807032,-0.15205792197086143,0.19348328331421233,1.6283222216819722,1.3459660284368067,0.0,1.4135978075758815,-0.027752143461200737,1.381802960895212,-0.0066712640103934765,2022-03-18,MU
0.1101434191646472,-0.646311246410575,1.438082266846247,0.1101434191646472,-0.1808500065034508,1.2493088507431007,0.6722186602221477,0.0,1.4135978075758815,-0.027752143461200737,1.381802960895212,-0.0066712640103934765,2022-03-25,MU
0.02248891954202287,-0.6555303773857557,1.349748649568601,0.02248891954202287,-0.325200724799775,1.0081185237820007,0.4056776384753029,0.0,1.2225456863392115,-0.7294165339353614,-0.0196464875956663,-1.434321762234622,2022-04-01,MU
0.2785924536414118,-0.5780896112538114,1.5059596150114,0.2785924536414118,-0.13803407989094346,1.4215876557153153,0.7218248190421295,0.0,1.2225456863392115,-0.7294165339353614,-0.0196464875956663,-1.434321762234622,2022-04-08,MU
0.3662469532640361,-0.5412130324027333,1.5385035384343044,0.3662469532640361,0.050355903872877326,1.4904991777042007,1.0342001722922174,0.0,1.2225456863392115,-0.7294165339353614,-0.0196464875956663,-1.434321762234622,2022-04-15,MU
0.42569943608035987,-0.5264624338325151,1.581275485569407,0.42569943608035987,0.7243999799940054,1.9039683096375155,2.159044848692353,0.0,1.2225456863392115,-0.7294165339353614,-0.0196464875956663,-1.434321762234622,2022-04-22,MU
0.4112175305367623,-0.5135556120020135,1.5375737231351978,0.4112175305367623,1.3592986127236515,2.248525919581944,3.0377086512868177,0.0,1.2225456863392115,-0.7294165339353614,-0.0196464875956663,-1.434321762234622,2022-04-29,MU
0.5910996579019321,-0.5103289271507713,1.7505040314657725,0.5910996579019321,0.9666157067372078,1.9728798316264011,2.291587243404136,0.0,0.7005815842268202,-1.243070517624295,-0.0196464875956663,-1.434321762234622,2022-05-06,MU
0.4478036458505408,-0.4513264229691884,1.4566786282504056,0.4478036458505408,0.8051387111270921,1.9039683096375155,1.9651531541409977,0.0,0.7005815842268202,-1.243070517624295,-0.0196464875956663,-1.434321762234622,2022-05-13,MU
0.3349961238025431,-0.4351929437626221,1.2865202670549332,0.3349961238025431,0.8736440537102865,1.9039683096375155,2.0035157416075053,0.0,0.7005815842268202,-1.243070517624295,-0.0196464875956663,-1.434321762234622,2022-05-20,MU
0.30145882114395706,-0.4135279694858408,1.2019060772397867,0.30145882114395706,0.4197956049425548,1.2837646117375434,1.2760112991515937,0.0,0.7005815842268202,-1.243070517624295,-0.0196464875956663,-1.434321762234622,2022-05-27,MU
0.4645723880427013,-0.3628226941719916,1.2986080876314172,0.4645723880427013,0.3060278913649034,1.214853089748658,1.0743555473538455,0.0,-0.012434639122240833,-1.4310809244095224,-0.0196464875956663,-1.434321762234622,2022-06-03,MU
0.6162526803273054,-0.2922962762714328,1.3413800347665197,0.6162526803273054,0.6681277926326743,1.5249549386986438,1.5894618274228358,0.0,-0.012434639122240833,-1.4310809244095224,-0.0196464875956663,-1.434321762234622,2022-06-10,MU
0.6795164969826557,-0.18996382353628732,1.212134211796033,0.6795164969826557,1.0816067591698484,2.110702875604173,2.1441236371938115,0.0,-0.012434639122240833,-1.4310809244095224,-0.0196464875956663,-1.434321762234622,2022-06-17,MU
0.5926241550923957,-0.14939958130506595,1.024308971963364,0.5926241550923957,0.6045155721414079,1.145941567759772,1.3915050180508146,0.0,-0.012434639122240833,-1.4310809244095224,-0.0196464875956663,-1.434321762234622,2022-06-24,MU
0.412741846001491,-0.14709479856127075,0.8002205475113636,0.412741846001491,0.5396802461231811,1.0770300457708866,1.2611701758679508,0.0,-0.725450862471302,-1.243070517624295,-1.4210959360865447,-0.006671264010393827,2022-07-01,MU
0.5743310974355065,-0.03646511695839161,0.7741854974482788,0.5743310974355065,0.2876780418680939,0.8702954798042293,0.8502601111290098,0.0,-0.725450862471302,-1.243070517624295,-1.4210959360865447,-0.006671264010393827,2022-07-08,MU
0.44399267546298404,0.14653478675994047,0.24604364606871332,0.44399267546298404,0.2375223154536801,0.8013839578153433,0.753134464849244,0.0,-0.725450862471302,-1.243070517624295,-1.4210959360865447,-0.006671264010393827,2022-07-15,MU
0.33194731114735077,0.19954484481758486,0.0024288232253509684,0.33194731114735077,0.09072515277540624,0.594649391848686,0.5037575344646847,0.0,-0.725450862471302,-1.243070517624295,-1.4210959360865447,-0.006671264010393827,2022-07-22,MU
0.22447525667737353,0.17327033252839075,-0.07567677034009683,0.22447525667737353,-0.11723778601218439,0.38791482588202897,0.16315419342657078,0.0,-0.725450862471302,-1.243070517624295,-1.4210959360865447,-0.006671264010393827,2022-07-29,MU
0.3753933912296133,0.224897509949687,0.004288342979516125,0.3753933912296133,-0.13925741874593267,0.25009178190425735,0.10385662229504403,0.0,-1.2474149645836932,-0.7294165339353622,-1.4210959360865447,-0.006671264010393827,2022-08-05,MU
0.38225335599809734,0.2663835993380004,-0.07102752757849076,0.38225335599809734,-0.3374336466936096,-0.16337735002905707,-0.24243179045594992,0.0,-1.2474149645836932,-0.7294165339353622,-1.4210959360865447,-0.006671264010393827,2022-08-12,MU
0.4889632527357102,0.3032601232387233,-0.015237722879700946,0.4889632527357102,-0.20653942247413792,-0.09446582804017137,-0.039014435634040105,0.0,-1.2474149645836932,-0.7294165339353622,-1.4210959360865447,-0.006671264010393827,2022-08-19,MU
0.52402505258476,0.3839276841226201,-0.13518561454721698,0.52402505258476,0.400222649918785,0.9392070017931148,0.9308687886318565,0.0,-1.2474149645836932,-0.7294165339353622,-1.4210959360865447,-0.006671264010393827,2022-08-26,MU
0.6444546971336059,0.4138898048416025,-0.0487115170237362,0.6444546971336059,0.38921283355191083,0.8702954798042293,0.8841347366504405,0.0,-1.4384670858203634,-0.02775214346120108,-1.4210959360865447,-0.006671264010393827,2022-09-02,MU
0.7420179741799068,0.4821114399983661,-0.06730804469396728,0.7420179741799068,0.06136572023975147,0.38791482588202897,0.3182100048098638,0.0,-1.4384670858203634,-0.02775214346120108,-1.4210959360865447,-0.006671264010393827,2022-09-09,MU
0.8388189117681082,0.5291290519320719,-0.04406249595022673,0.8388189117681082,0.4907476252357277,1.0081185237820007,1.0291553839002192,0.0,-1.4384670858203634,-0.02775214346120108,-1.4210959360865447,-0.006671264010393827,2022-09-16,MU
1.0286099982826893,0.5466454667253415,0.15213102615237875,1.0286099982826893,0.9335862576365853,1.8350567876486292,1.7355609144982114,0.0,-1.4384670858203634,-0.02775214346120108,-1.4210959360865447,-0.006671264010393827,2022-09-23,MU
1.110166690869194,0.5798343821962763,0.18467483873123486,1.110166690869194,1.141549196424176,2.110702875604173,2.0170057103238896,0.0,-1.4384670858203634,-0.02775214346120108,-1.4210959360865447,-0.006671264010393827,2022-09-30,MU
1.170381513143617,0.6319224831961185,0.15306078602946135,1.170381513143617,1.1097430861785427,2.0417913536152867,1.902335613488957,0.0,-1.2474149645836934,0.6739122470129602,-0.019646487595666815,1.4209792342138348,2022-10-07,MU
1.2671828141832884,0.7863430918814613,-0.040343013065703245,1.2671828141832884,1.1904815839836005,2.1796143975930584,1.9809758284639123,0.0,-1.2474149645836934,0.6739122470129602,-0.019646487595666815,1.4209792342138348,2022-10-14,MU
1.42191173739735,0.9048090238231731,-0.090554036813901,1.42191173739735,0.9054501639559197,1.5594106996930868,1.475517489451441,0.0,-1.2474149645836934,0.6739122470129602,-0.019646487595666815,1.4209792342138348,2022-10-21,MU
1.2671828141832884,0.9439903854180464,-0.3583439465899899,1.2671828141832884,0.4234656215075224,0.594649391848686,0.6186230668765998,0.0,-1.2474149645836934,0.6739122470129602,-0.019646487595666815,1.4209792342138348,2022-10-28,MU
1.3784658390408224,0.9638115280047559,-0.2625718069194902,1.3784658390408224,0.2766682255012198,0.18118025991537165,0.320886294911133,0.0,-0.7254508624713029,1.187566230701893,-0.019646487595666815,1.4209792342138348,2022-11-04,MU
1.117026655637678,0.986859465343418,-0.6279942628726303,1.117026655637678,0.02833627113912905,-0.3012003940068287,-0.18247960944126837,0.0,-0.7254508624713029,1.187566230701893,-0.019646487595666815,1.4209792342138348,2022-11-11,MU
1.1208378077509698,1.0200483808143528,-0.6902926083990948,1.1208378077509698,0.10173496914228038,-0.09446582804017137,-0.08144246519979156,0.0,-0.7254508624713029,1.187566230701893,-0.019646487595666815,1.4209792342138348,2022-11-18,MU
1.0240366884370333,1.0384866427647141,-0.8455738139648112,1.0240366884370333,-0.21877257769600128,-0.7835810479290288,-0.6589134905695231,0.0,-0.7254508624713029,1.187566230701893,-0.019646487595666815,1.4209792342138348,2022-11-25,MU
0.88302733130847,1.0536982198638334,-1.048276098583188,0.88302733130847,-0.3949294062379587,-0.9903156138956861,-0.9401844199500753,0.0,-0.012434639122241358,1.3755766374871208,-0.019646487595666815,1.4209792342138348,2022-12-02,MU
0.9295222240459249,1.037564575806202,-0.959012499740363,0.9295222240459249,0.06625884233167953,-0.09446582804017137,-0.08354259148673734,0.0,-0.012434639122241358,1.3755766374871208,-0.019646487595666815,1.4209792342138348,2022-12-09,MU
0.8647342736515808,1.0329551202193217,-1.0287495893477778,0.8647342736515808,0.04056942636099241,-0.3012003940068287,-0.14087277106640078,0.0,-0.012434639122241358,1.3755766374871208,-0.019646487595666815,1.4209792342138348,2022-12-16,MU
1.0697694234421238,1.0467837067813826,-0.8065207954939907,1.0697694234421238,-0.1735099733735155,-0.6457580039512573,-0.5950637909910734,0.0,-0.012434639122241358,1.3755766374871208,-0.019646487595666815,1.4209792342138348,2022-12-23,MU
1.1673327004884246,1.0776680043595874,-0.7498016742943114,1.1673327004884246,-0.07564519825466626,-0.4390234379846001,-0.44773028737775605,0.0,-0.012434639122241358,1.3755766374871208,-0.019646487595666815,1.4209792342138348,2022-12-30,MU
0.9310467212363885,1.1850708912105141,-1.2546976443979916,0.9310467212363885,-0.1417040964559111,-0.7146695259401431,-0.612593651695321,0.0,0.7005815842268202,1.1875662307018935,1.381802960895212,-0.0066712640103934765,2023-01-06,MU
0.8868383016960267,1.182766053516364,-1.3039784648929136,0.8868383016960267,-0.4817843649899338,-1.265961701851229,-1.3093834802701385,0.0,0.7005815842268202,1.1875662307018935,1.381802960895212,-0.0066712640103934765,2023-01-13,MU
0.8662585891163095,1.205813990855026,-1.3755752959425902,0.8662585891163095,-0.2982877366460699,-0.9903156138956861,-0.8693666307060611,0.0,0.7005815842268202,1.1875662307018935,1.381802960895212,-0.0066712640103934765,2023-01-20,MU
0.8921737692740471,1.2104234464419061,-1.3532592853878356,0.8921737692740471,-0.46221140996616394,-1.1970501798623432,-1.1277528906994727,0.0,0.7005815842268202,1.1875662307018935,1.381802960895212,-0.0066712640103934765,2023-01-27,MU
0.9028448861558229,1.1988994777725752,-1.3169957682363596,0.9028448861558229,-0.48423104269991224,-1.265961701851229,-1.1119204294092315,0.0,1.2225456863392115,0.6739122470129602,1.381802960895212,-0.0066712640103934765,2023-02-03,MU
1.0644339558641034,1.2505268749952918,-1.2240135732613973,1.0644339558641034,-0.21510256113103363,-0.7146695259401431,-0.5426607043243091,0.0,1.2225456863392115,0.6739122470129602,1.381802960895212,-0.0066712640103934765,2023-02-10,MU
1.1284599302518181,1.2712697548383831,-1.1877498344218245,1.1284599302518181,-0.2774914427673108,-0.7835810479290288,-0.6216047377300918,0.0,1.2225456863392115,0.6739122470129602,1.381802960895212,-0.0066712640103934765,2023-02-17,MU
1.2206875579943637,1.2818718763506223,-1.0966271592010275,1.2206875579943637,-0.07564519825466626,-0.06001006704572842,-0.20215201298280466,0.0,1.2225456863392115,0.6739122470129602,1.381802960895212,-0.0066712640103934765,2023-02-24,MU
1.2321208326085038,1.2887861696316527,-1.096626937512931,1.2321208326085038,-0.46465808767614236,-1.1281386578734576,-0.914107545720456,0.0,1.4135978075758815,-0.027752143461200737,1.381802960895212,-0.0066712640103934765,2023-03-03,MU
1.0270855010922257,1.327967531226526,-1.4257858763145947,1.0270855010922257,0.3072509968918638,0.9392070017931148,0.6373464073364722,0.0,1.4135978075758815,-0.027752143461200737,1.381802960895212,-0.0066712640103934765,2023-03-10,MU
0.7984216443410381,1.0928795814587067,-1.2305223357771684,0.7984216443410381,0.39410618897186767,1.0081185237820007,0.804408719222602,0.0,1.4135978075758815,-0.027752143461200737,1.381802960895212,-0.0066712640103934765,2023-03-17,MU
0.7869885514526329,1.1896803467973944,-1.4397329395351233,0.7869885514526329,-0.06708205959777055,0.04335721593760023,-0.13107683667743086,0.0,1.4135978075758815,-0.027752143461200737,1.381802960895212,-0.0066712640103934765,2023-03-24,MU
0.873880711617158,1.2274789376566297,-1.409978849963708,0.873880711617158,-0.43896843837742644,-0.9903156138956861,-0.8709975792419404,0.0,1.4135978075758815,-0.027752143461200737,1.381802960895212,-0.0066712640103934765,2023-03-31,MU
0.7168649517545335,1.2850985612018644,-1.7177515380877,0.7168649517545335,-0.4756679040430165,-1.1281386578734576,-0.9126700919326588,0.0,1.2225456863392115,-0.7294165339353614,-0.0196464875956663,-1.434321762234622,2023-04-07,MU
0.8952227636549746,1.3740631861024297,-1.6796285011820586,0.8952227636549746,-0.6383682385081214,-1.265961701851229,-1.1664869584026434,0.0,1.2225456863392115,-0.7294165339353614,-0.0196464875956663,-1.434321762234622,2023-04-14,MU
0.931808878968753,1.3957281329040334,-1.678698741304976,0.931808878968753,-0.6750674708456826,-1.265961701851229,-1.157526105465968,0.0,1.2225456863392115,-0.7294165339353614,-0.0196464875956663,-1.434321762234622,2023-04-21,MU
0.8418677244233006,1.3832823170776105,-1.7633130973861952,0.8418677244233006,-0.7961753342172838,-1.265961701851229,-1.3404249853890313,0.0,1.2225456863392115,-0.7294165339353614,-0.0196464875956663,-1.434321762234622,2023-04-28,MU
0.8372945963033795,1.4556525941434184,-1.9148748200673882,0.8372945963033795,-0.6236884055762796,-1.0592271358845717,-0.9545581847255824,0.0,0.7005815842268202,-1.243070517624295,-0.0196464875956663,-1.434321762234622,2023-05-05,MU
0.8502521863822483,1.4316828096476644,-1.8507167330986618,0.8502521863822483,-0.6432613606000495,-1.1281386578734576,-0.9357645354185936,0.0,0.7005815842268202,-1.243070517624295,-0.0196464875956663,-1.434321762234622,2023-05-12,MU
1.0247988461693978,1.4579574318375688,-1.6907867281475326,1.0247988461693978,-0.6701743487537546,-1.1281386578734576,-0.9351989373467144,0.0,0.7005815842268202,-1.243070517624295,-0.0196464875956663,-1.434321762234622,2023-05-19,MU
1.11474000071485,1.4717860183996296,-1.6089616516975613,1.11474000071485,-0.5307167525493585,-0.8524925699179146,-0.6205745379081193,0.0,0.7005815842268202,-1.243070517624295,-0.0196464875956663,-1.434321762234622,2023-05-26,MU
1.0240366884370333,1.5178818930769538,-1.8125941395692138,1.0240366884370333,-0.9405259358495935,-1.265961701851229,-1.3132325241590714,0.0,-0.012434639122240833,-1.4310809244095224,-0.0196464875956663,-1.434321762234622,2023-06-02,MU
1.0651961135964678,1.4625668874244488,-1.6508039497996294,1.0651961135964678,-1.034720927731504,-1.265961701851229,-1.3907689840413573,0.0,-0.012434639122240833,-1.4310809244095224,-0.0196464875956663,-1.434321762234622,2023-06-09,MU
1.0834893529790919,1.448738300862388,-1.6005933694276249,1.0834893529790919,-1.0701969378780904,-1.265961701851229,-1.3916511982401776,0.0,-0.012434639122240833,-1.4310809244095224,-0.0196464875956663,-1.434321762234622,2023-06-16,MU
1.0606229854765468,1.4823881399118688,-1.6963655090981247,1.0606229854765468,-1.0824300930999537,-1.265961701851229,-1.3226301207012567,0.0,-0.012434639122240833,-1.4310809244095224,-0.0196464875956663,-1.434321762234622,2023-06-23,MU
1.1215999654833342,1.4893024331928992,-1.6359266833258252,1.1215999654833342,-1.0640803602671587,-1.1281386578734576,-1.2073329678947413,0.0,-0.012434639122240833,-1.4310809244095224,-0.0196464875956663,-1.434321762234622,2023-06-30,MU
1.297671304186682,1.5169598261184414,-1.4769259948755855,1.297671304186682,-0.912389842168928,-0.9214040919068004,-0.8767524673046152,0.0,-0.725450862471302,-1.243070517624295,-1.4210959360865447,-0.006671264010393827,2023-07-07,MU
1.1215999654833342,1.5178818930769538,-1.6935762294668768,1.1215999654833342,-1.0946631316578028,-1.265961701851229,-1.1204982377140795,0.0,-0.725450862471302,-1.243070517624295,-1.4210959360865447,-0.006671264010393827,2023-07-14,MU
1.1353197132945674,1.533093470176073,-1.7075237360635984,1.1353197132945674,-1.0628570214121695,-0.9903156138956861,-0.9979953543372407,0.0,-0.725450862471302,-1.243070517624295,-1.4210959360865447,-0.006671264010393827,2023-07-21,MU
1.2359319847217953,1.5363201550273153,-1.5912951055925093,1.2359319847217953,-1.095886470512792,-1.265961701851229,-0.9909291523275198,0.0,-0.725450862471302,-1.243070517624295,-1.4210959360865447,-0.006671264010393827,2023-07-28,MU
1.3052932449617956,1.535398088068803,-1.5048210080690285,1.3052932449617956,-0.6346982219431537,-0.3012003940068287,-0.20435284457982902,0.0,-1.2474149645836932,-0.7294165339353622,-1.4210959360865447,-0.006671264010393827,2023-08-04,MU
1.3876124587321343,1.5409296106141954,-1.4155574092262035,1.3876124587321343,-0.9111665033139388,-0.6457580039512573,-0.6313225264262696,0.0,-1.2474149645836932,-0.7294165339353622,-1.4210959360865447,-0.006671264010393827,2023-08-11,MU
1.4508759119360148,1.5469220567381339,-1.3504697840684914,1.4508759119360148,-0.6102321448274558,-0.09446582804017137,-0.12349135158560398,0.0,-1.2474149645836932,-0.7294165339353622,-1.4210959360865447,-0.006671264010393827,2023-08-18,MU
1.4417292922447027,1.5639775479528575,-1.396031565055083,1.4417292922447027,-0.8084083727751328,-0.5768464819623715,-0.41176588625207533,0.0,-1.2474149645836932,-0.7294165339353622,-1.4210959360865447,-0.006671264010393827,2023-08-25,MU
1.3914232473939563,1.5423126011512538,-1.4136983328482315,1.3914232473939563,-1.1252459030484467,-1.265961701851229,-0.8737858267097729,0.0,-1.4384670858203634,-0.02775214346120108,-1.4210959360865447,-0.006671264010393827,2023-09-01,MU
1.4562113795140352,1.5538365698205847,-1.3579087498375384,1.4562113795140352,-1.0334975888765148,-0.7146695259401431,-0.6788935879175494,0.0,-1.4384670858203634,-0.02775214346120108,-1.4210959360865447,-0.006671264010393827,2023-09-08,MU
1.5049931089000532,1.5561411877133147,-1.3030484833277345,1.5049931089000532,-1.0396141664874465,-0.7835810479290288,-0.6460312863748908,0.0,-1.4384670858203634,-0.02775214346120108,-1.4210959360865447,-0.006671264010393827,2023-09-15,MU
1.5934099479807768,1.559367872564557,-1.2016971193304495,1.5934099479807768,-0.6224650667212904,0.18118025991537165,0.06020096574034952,0.0,-1.4384670858203634,-0.02775214346120108,-1.4210959360865447,-0.006671264010393827,2023-09-22,MU
1.696308510879363,1.557063254671827,-1.0715218690150252,1.696308510879363,-0.5833191566737507,0.31900330389314324,0.16184911974029548,0.0,-1.4384670858203634,-0.02775214346120108,-1.4210959360865447,-0.006671264010393827,2023-09-29,MU
1.8571354228552792,1.5791891250519767,-0.9199599246457355,1.8571354228552792,-0.5918822953306464,0.31900330389314324,0.18361802637757127,0.0,-1.2474149645836934,0.6739122470129602,-0.019646487595666815,1.4209792342138348,2023-10-06,MU
1.7389926149549961,1.569969994076796,-1.045486375575747,1.7389926149549961,-0.3631232959923255,1.0081185237820007,0.7100918590287904,0.0,-1.2474149645836934,0.6739122470129602,-0.019646487595666815,1.4209792342138348,2023-10-13,MU
1.963845137867157,1.557063254671827,-0.745152653220802,1.963845137867157,-0.0707520761627382,1.6283222216819722,1.4628936480900299,0.0,-1.2474149645836934,0.6739122470129602,-0.019646487595666815,1.4209792342138348,2023-10-20,MU
1.903630315592734,1.559367872564557,-0.8232578034100566,1.903630315592734,-0.12457758581409088,1.4904991777042007,1.3955068639459647,0.0,-1.2474149645836934,0.6739122470129602,-0.019646487595666815,1.4209792342138348,2023-10-27,MU
1.6848754179909577,1.535398088068803,-1.0417668926912236,1.6848754179909577,-0.9026033646570432,-0.37011191599571436,-0.47760865315477324,0.0,-0.7254508624713029,1.187566230701893,-0.019646487595666815,1.4209792342138348,2023-11-03,MU
1.7382300937711619,1.534015317333165,-0.9738899879022637,1.7382300937711619,-0.9931283399739859,-0.5768464819623715,-0.6626848346079497,0.0,-0.7254508624713029,1.187566230701893,-0.019646487595666815,1.4209792342138348,2023-11-10,MU
1.59569642117787,1.5261789570936222,-1.1319602514111313,1.59569642117787,-1.0383908276324572,-0.7146695259401431,-0.735915013516008,0.0,-0.7254508624713029,1.187566230701893,-0.019646487595666815,1.4209792342138348,2023-11-17,MU
1.6193251281385144,1.535398088068803,-1.1217320060108367,1.6193251281385144,-1.2023145009525513,-1.265961701851229,-1.0811618535585554,0.0,-0.7254508624713029,1.187566230701893,-0.019646487595666815,1.4209792342138348,2023-11-24,MU
1.4318205148210263,1.5178818930769538,-1.3151366918583876,1.4318205148210263,-1.1815182070737922,-1.1970501798623432,-0.9641682506565071,0.0,-0.012434639122241358,1.3755766374871208,-0.019646487595666815,1.4209792342138348,2023-12-01,MU
1.4463026020903589,1.5261789570936222,-1.3142064886051117,1.4463026020903589,-1.2157708783653896,-1.265961701851229,-0.9956553217830373,0.0,-0.012434639122241358,1.3755766374871208,-0.019646487595666815,1.4209792342138348,2023-12-08,MU
1.2046811552603023,1.522491348663834,-1.6015231293047074,1.2046811552603023,-1.2243341336862996,-1.265961701851229,-0.9656567695534992,0.0,-0.012434639122241358,1.3755766374871208,-0.019646487595666815,1.4209792342138348,2023-12-15,MU
1.1841014426805851,1.5146552082257116,-1.6108216148279195,1.1841014426805851,-1.1325858195143677,-0.9903156138956861,-0.690554756573714,0.0,-0.012434639122241358,1.3755766374871208,-0.019646487595666815,1.4209792342138348,2023-12-22,MU
1.1574239230647483,1.5017482490193221,-1.6173301556555943,1.1574239230647483,-1.2035378398075405,-1.1281386578734576,-0.820125667450998,0.0,-0.012434639122241358,1.3755766374871208,-0.019646487595666815,1.4209792342138348,2023-12-29,MU
1.2915733154248275,1.5201865109696837,-1.4908737231604037,1.2915733154248275,-1.0934397928028134,-0.6457580039512573,-0.5062118756068688,0.0,0.7005815842268202,1.1875662307018935,1.381802960895212,-0.0066712640103934765,2024-01-05,MU
1.2214498974524628,1.510045532837411,-1.5559615700062124,1.2214498974524628,-1.1729550684168966,-0.9214040919068004,-0.6631869098271118,0.0,0.7005815842268202,1.1875662307018935,1.381802960895212,-0.0066712640103934765,2024-01-12,MU
1.370843534814239,1.510045532837411,-1.3737155545003286,1.370843534814239,-1.0995563704137452,-0.7146695259401431,-0.44250975494475675,0.0,0.7005815842268202,1.1875662307018935,1.381802960895212,-0.0066712640103934765,2024-01-19,MU
1.3815144699702797,1.510967379994503,-1.3625575492229511,1.3815144699702797,-1.1044496091696876,-0.7146695259401431,-0.4207572267440129,0.0,0.7005815842268202,1.1875662307018935,1.381802960895212,-0.0066712640103934765,2024-01-26,MU
1.2847135323820782,1.5155770553828034,-1.4899439632833211,1.2847135323820782,-1.0322742500215256,0.18118025991537165,-0.21281431648056048,0.0,1.2225456863392115,0.6739122470129602,1.381802960895212,-0.0066712640103934765,2024-02-02,MU
-0.42645460459000706,-0.2070192048503007,-0.10264169112431258,-0.42645460459000706,-1.0114779561427665,0.18118025991537165,-0.21281431648056048,0.0,0.7005815842268202,1.1875662307018935,1.381802960895212,-0.0066712640103934765,2020-01-03,AAPL
-0.39825267864657393,-0.19549529113132477,-0.0914836858469353,-0.39825267864657393,-1.190081345730688,0.18118025991537165,-0.21281431648056048,0.0,0.7005815842268202,1.1875662307018935,1.381802960895212,-0.0066712640103934765,2020-01-10,AAPL
-0.38986839841336113,-0.18397137741234884,-0.10450132172252603,-0.38986839841336113,-1.2463536497560335,0.18118025991537165,-0.21281431648056048,0.0,0.7005815842268202,1.1875662307018935,1.381802960895212,-0.0066712640103934765,2020-01-17,AAPL
-0.5080113880393792,-0.19918295451146809,-0.21794022918617426,-0.5080113880393792,-0.945419174605536,0.18118025991537165,-0.21281431648056048,0.0,0.7005815842268202,1.1875662307018935,1.381802960895212,-0.0066712640103934765,2020-01-24,AAPL
-0.6307276875110532,-0.18996382353628732,-0.38623895978343314,-0.6307276875110532,-0.42184216106363503,0.18118025991537165,-0.21281431648056048,0.0,0.7005815842268202,1.1875662307018935,1.381802960895212,-0.0066712640103934765,2020-01-31,AAPL
-0.5865193588335589,-0.186276160156144,-0.3397476406078554,-0.5865193588335589,-0.8340979054098342,0.18118025991537165,-0.21281431648056048,0.0,1.2225456863392115,0.6739122470129602,1.381802960895212,-0.0066712640103934765,2020-02-07,AAPL
-0.5788971454698429,-0.1784399098173114,-0.3462562922795783,-0.5788971454698429,-1.0530705439002845,0.18118025991537165,-0.21281431648056048,0.0,1.2225456863392115,0.6739122470129602,1.381802960895212,-0.0066712640103934765,2020-02-14,AAPL
-0.668076142282931,-0.186276160156144,-0.4392391523188303,-0.668076142282931,-0.6371448996531321,0.18118025991537165,-0.21281431648056048,0.0,1.2225456863392115,0.6739122470129602,1.381802960895212,-0.0066712640103934765,2020-02-21,AAPL
-0.9302773925555722,-0.31903176708952796,-0.49130947413309667,-0.9302773925555722,2.1801400848510823,0.18118025991537165,-0.21281431648056048,0.0,1.2225456863392115,0.6739122470129602,1.381802960895212,-0.0066712640103934765,2020-02-28,AAPL
-1.2511690587750401,-0.6947117252430403,-0.12495750770198263,-1.2511690587750401,2.4040057287694463,0.18118025991537165,-0.21281431648056048,0.0,1.4135978075758815,-0.027752143461200737,1.381802960895212,-0.0066712640103934765,2020-03-06,AAPL
-1.064426875778519,-0.7739963230650563,0.2627804600076947,-1.064426875778519,4.347847070349867,0.18118025991537165,-0.21281431648056048,0.0,1.4135978075758815,-0.027752143461200737,1.381802960895212,-0.0066712640103934765,2020-03-13,AAPL
-1.0743356077707615,-0.9012204521002112,0.5073250773669048,-1.0743356077707615,5.352185170821161,0.18118025991537165,-0.21281431648056048,0.0,1.4135978075758815,-0.027752143461200737,1.381802960895212,-0.0066712640103934765,2020-03-20,AAPL
-1.2183938684173847,-0.9127443761223787,0.3548333939037917,-1.2183938684173847,5.291019628039874,0.18118025991537165,-0.21281431648056048,0.0,1.4135978075758815,-0.027752143461200737,1.381802960895212,-0.0066712640103934765,2020-03-27,AAPL
-1.3418723710528568,-0.8592733670110109,0.09634141543067345,-1.3418723710528568,2.9985348792685347,0.18118025991537165,-0.21281431648056048,0.0,1.2225456863392115,-0.7294165339353614,-0.0196464875956663,-1.434321762234622,2020-04-03,AAPL
-1.2336381588505152,-0.78920790703297,0.0870431100290398,-1.2336381588505152,2.370976279668824,0.18118025991537165,-0.21281431648056048,0.0,1.2225456863392115,-0.7294165339353614,-0.0196464875956663,-1.434321762234622,2020-04-10,AAPL
-1.2908041230383123,-0.8385303017104709,0.11679758755462402,-1.2908041230383123,1.9403712691458872,0.18118025991537165,-0.21281431648056048,0.0,1.2225456863392115,-0.7294165339353614,-0.0196464875956663,-1.434321762234622,2020-04-17,AAPL
-1.3350124517158066,-0.8399131720436276,0.0656571156782295,-1.3350124517158066,1.66879610986703,0.18118025991537165,-0.21281431648056048,0.0,1.2225456863392115,-0.7294165339353614,-0.0196464875956663,-1.434321762234622,2020-04-24,AAPL
-1.2999506518667567,-0.8431398706324585,0.1149379638841636,-1.2999506518667567,1.8229330723472106,0.18118025991537165,-0.21281431648056048,0.0,0.7005815842268202,-1.243070517624295,-0.0196464875956663,-1.434321762234622,2020-05-01,AAPL
-1.269462161863363,-0.8422179582218199,0.15027136784315323,-1.269462161863363,0.6962638863133399,0.18118025991537165,-0.21281431648056048,0.0,0.7005815842268202,-1.243070517624295,-0.0196464875956663,-1.434321762234622,2020-05-08,AAPL
-1.3014751036257868,-0.8385303017104709,0.10378000710105743,-1.3014751036257868,1.1745784121967695,0.18118025991537165,-0.21281431648056048,0.0,0.7005815842268202,-1.243070517624295,-0.0196464875956663,-1.434321762234622,2020-05-15,AAPL
-1.288517468115484,-0.83530360312164,0.11307829864718505,-1.288517468115484,0.7182835190470882,0.18118025991537165,-0.21281431648056048,0.0,0.7005815842268202,-1.243070517624295,-0.0196464875956663,-1.434321762234622,2020-05-22,AAPL
-1.2953773874525345,-0.8270063742539063,0.0879729530391586,-1.2953773874525345,0.6387683600970195,0.18118025991537165,-0.21281431648056048,0.0,0.7005815842268202,-1.243070517624295,-0.0196464875956663,-1.434321762234622,2020-05-29,AAPL
-1.1002508787913667,-0.8191701101774849,0.3102016637599093,-1.1002508787913667,0.27299844226428094,0.18118025991537165,-0.21281431648056048,0.0,-0.012434639122240833,-1.4310809244095224,-0.0196464875956663,-1.434321762234622,2020-06-05,AAPL
-1.2565045263530605,-0.8168653205648954,0.11493794310090454,-1.2565045263530605,1.6883690648908,0.18118025991537165,-0.21281431648056048,0.0,-0.012434639122240833,-1.4310809244095224,-0.0196464875956663,-1.434321762234622,2020-06-12,AAPL
-1.2580289326806566,-0.8200920191537263,0.11958710272947437,-1.2580289326806566,1.569707762565163,0.18118025991537165,-0.21281431648056048,0.0,-0.012434639122240833,-1.4310809244095224,-0.0196464875956663,-1.434321762234622,2020-06-19,AAPL
-1.304523961712413,-0.8247015915101111,0.0721658712662477,-1.304523961712413,1.5219987138607276,0.18118025991537165,-0.21281431648056048,0.0,-0.012434639122240833,-1.4310809244095224,-0.0196464875956663,-1.434321762234622,2020-06-26,AAPL
-1.2793708938556059,-0.8247015915101111,0.10285021951296278,-1.2793708938556059,0.6595646539757787,0.18118025991537165,-0.21281431648056048,0.0,-0.725450862471302,-1.243070517624295,-1.4210959360865447,-0.006671264010393827,2020-07-03,AAPL
-1.3068105712038072,-0.8306940341996524,0.08146418359563437,-1.3068105712038072,0.6118556052713432,0.18118025991537165,-0.21281431648056048,0.0,-0.725450862471302,-1.243070517624295,-1.4210959360865447,-0.006671264010393827,2020-07-10,AAPL
-1.3106216324542312,-0.8376083892998324,0.09076246128625594,-1.3106216324542312,0.41490248285062675,0.18118025991537165,-0.21281431648056048,0.0,-0.725450862471302,-1.243070517624295,-1.4210959360865447,-0.006671264010393827,2020-07-17,AAPL
-1.3403479647252607,-0.8408350878886633,0.06100795604965965,-1.3403479647252607,0.4344754378743966,0.18118025991537165,-0.21281431648056048,0.0,-0.725450862471302,-1.243070517624295,-1.4210959360865447,-0.006671264010393827,2020-07-24,AAPL
-1.3807452321523308,-0.8477494429888434,0.025674545162916982,-1.3807452321523308,0.26565840913434563,0.18118025991537165,-0.21281431648056048,0.0,-0.725450862471302,-1.243070517624295,-1.4210959360865447,-0.006671264010393827,2020-07-31,AAPL
-1.3609277227364116,-0.845444656810651,0.04520088120450177,-1.3609277227364116,-0.009586533381450227,0.18118025991537165,-0.21281431648056048,0.0,-1.2474149645836932,-0.7294165339353622,-1.4210959360865447,-0.006671264010393827,2020-08-07,AAPL
-1.2488824038522122,-0.845444656810651,0.18188550367796297,-1.2488824038522122,-0.029159488405220074,0.18118025991537165,-0.21281431648056048,0.0,-1.2474149645836932,-0.7294165339353622,-1.4210959360865447,-0.006671264010393827,2020-08-14,AAPL
-1.3014751036257868,-0.845444656810651,0.11772741670923678,-1.3014751036257868,0.030782948849107483,0.18118025991537165,-0.21281431648056048,0.0,-1.2474149645836932,-0.7294165339353622,-1.4210959360865447,-0.006671264010393827,2020-08-21,AAPL
-1.2336381588505152,-0.8422179582218199,0.19397324112141076,-1.2336381588505152,0.08216178079048174,0.18118025991537165,-0.21281431648056048,0.0,-1.2474149645836932,-0.7294165339353622,-1.4210959360865447,-0.006671264010393827,2020-08-28,AAPL
-1.2397358295923337,-0.8385303017104709,0.17909604392513676,-1.2397358295923337,1.0351210493204022,0.18118025991537165,-0.21281431648056048,0.0,-1.4384670858203634,-0.02775214346120108,-1.4210959360865447,-0.006671264010393827,2020-09-04,AAPL
-1.2793708938556059,-0.8385303017104709,0.13074503872932147,-1.2793708938556059,0.5604765400019401,0.18118025991537165,-0.21281431648056048,0.0,-1.4384670858203634,-0.02775214346120108,-1.4210959360865447,-0.006671264010393827,2020-09-11,AAPL
-1.2603155876034848,-0.8477494429888434,0.17258724677060044,-1.2603155876034848,0.43325209901940737,0.18118025991537165,-0.21281431648056048,0.0,-1.4384670858203634,-0.02775214346120108,-1.4210959360865447,-0.006671264010393827,2020-09-18,AAPL
-1.286993061787888,-0.8445227409656151,0.13353447077113562,-1.286993061787888,0.5005341027476127,0.18118025991537165,-0.21281431648056048,0.0,-1.4384670858203634,-0.02775214346120108,-1.4210959360865447,-0.006671264010393827,2020-09-25,AAPL
-1.2587911812758885,-0.8468275271438075,0.17258721905958838,-1.2587911812758885,0.6534479597008326,0.18118025991537165,-0.21281431648056048,0.0,-1.2474149645836934,0.6739122470129602,-0.019646487595666815,1.4209792342138348,2020-10-02,AAPL
-1.1985763590014655,-0.8431398706324585,0.23860495048203406,-1.1985763590014655,0.33171730733559046,0.18118025991537165,-0.21281431648056048,0.0,-1.2474149645836934,0.6739122470129602,-0.019646487595666815,1.4209792342138348,2020-10-09,AAPL
-1.2222049296678088,-0.8445227409656151,0.212569824213666,-1.2222049296678088,0.6265352048751562,0.18118025991537165,-0.21281431648056048,0.0,-1.2474149645836934,0.6739122470129602,-0.019646487595666815,1.4209792342138348,2020-10-16,AAPL
-1.1482702687192852,-0.8477494429888434,0.3092718692440617,-1.1482702687192852,0.6436614821889476,0.18118025991537165,-0.21281431648056048,0.0,-1.2474149645836934,0.6739122470129602,-0.019646487595666815,1.4209792342138348,2020-10-23,AAPL
-1.1337882268813864,-0.8477494429888434,0.326938581615186,-1.1337882268813864,1.9244680973590562,0.18118025991537165,-0.21281431648056048,0.0,-1.2474149645836934,0.6739122470129602,-0.019646487595666815,1.4209792342138348,2020-10-30,AAPL
-1.1642767623162138,-0.8477494429888434,0.2897454708526997,-1.1642767623162138,0.31459103002179906,0.18118025991537165,-0.21281431648056048,0.0,-0.7254508624713029,1.187566230701893,-0.019646487595666815,1.4209792342138348,2020-11-06,AAPL
-1.1086352044560133,-0.8477494429888434,0.35762287443987695,-1.1086352044560133,0.09928829143230194,0.18118025991537165,-0.21281431648056048,0.0,-0.7254508624713029,1.187566230701893,-0.019646487595666815,1.4209792342138348,2020-11-13,AAPL
-1.1574168429791636,-0.8592733670110109,0.3213595997597564,-1.1574168429791636,0.17268698943545327,0.18118025991537165,-0.21281431648056048,0.0,-0.7254508624713029,1.187566230701893,-0.019646487595666815,1.4209792342138348,2020-11-20,AAPL
-1.1475080655554872,-0.8523590119108309,0.319499955306037,-1.1475080655554872,-0.17717998993848313,0.18118025991537165,-0.21281431648056048,0.0,-0.7254508624713029,1.187566230701893,-0.019646487595666815,1.4209792342138348,2020-11-27,AAPL
-1.0507070371044183,-0.8514370960657951,0.4357283363780174,-1.0507070371044183,-0.18329645088540042,0.18118025991537165,-0.21281431648056048,0.0,-0.012434639122241358,1.3755766374871208,-0.019646487595666815,1.4209792342138348,2020-12-04,AAPL
-1.1086352044560133,-0.8560466684221798,0.37435976458414155,-1.1086352044560133,0.12497770740298908,0.18118025991537165,-0.21281431648056048,0.0,-0.012434639122241358,1.3755766374871208,-0.019646487595666815,1.4209792342138348,2020-12-11,AAPL
-1.0667134852699132,-0.8491323133219999,0.41155286149112186,-1.0667134852699132,-0.08787835347652961,0.18118025991537165,-0.21281431648056048,0.0,-0.012434639122241358,1.3755766374871208,-0.019646487595666815,1.4209792342138348,2020-12-18,AAPL
-1.0819577757030436,-0.8514370960657951,0.3976054103164244,-1.0819577757030436,-0.09277147556845768,-0.5768464819623715,-0.1437276213786706,0.0,-0.012434639122241358,1.3755766374871208,-0.019646487595666815,1.4209792342138348,2020-12-25,AAPL
-1.0903421013676902,-0.8560466684221798,0.3966756088728237,-1.0903421013676902,0.056472364819794604,-0.3012003940068287,-0.0592397899234291,0.0,0.7005815842268202,1.1875662307018935,1.381802960895212,-0.0066712640103934765,2021-01-01,AAPL
-0.9470460438848651,-0.8491323133219999,0.5575357477996986,-0.9470460438848651,-0.08910169233151884,-0.6457580039512573,-0.18985059920094488,0.0,0.7005815842268202,1.1875662307018935,1.381802960895212,-0.0066712640103934765,2021-01-08,AAPL
-0.9531437600581174,-0.8514370960657951,0.5547462464803543,-0.9531437600581174,0.25097880953053264,-0.02555430605128567,0.028733225453996272,0.0,0.7005815842268202,1.1875662307018935,1.381802960895212,-0.0066712640103934765,2021-01-15,AAPL
-0.9577170699037735,-0.8537418822439874,0.5538163826869764,-0.9577170699037735,-0.04628576571901149,-0.6457580039512573,-0.21516864058194368,0.0,0.7005815842268202,1.1875662307018935,1.381802960895212,-0.0066712640103934765,2021-01-22,AAPL
-0.9561925727133098,-0.8638829359329984,0.5761323239642008,-0.9561925727133098,1.3213758082030722,1.2837646117375434,0.7969851463132129,0.0,0.7005815842268202,1.1875662307018935,1.381802960895212,-0.0066712640103934765,2021-01-29,AAPL
-0.8975022476293504,-0.8754068608137652,0.6709746154287669,-0.8975022476293504,-0.1735099733735155,-0.9903156138956861,-0.3619410249792801,0.0,1.2225456863392115,0.6739122470129602,1.381802960895212,-0.0066712640103934765,2021-02-05,AAPL
-0.8746357892639377,-0.8698753769053411,0.687711590438006,-0.8746357892639377,-0.2836081370422569,-1.1970501798623432,-0.4713579978831625,0.0,1.2225456863392115,0.6739122470129602,1.381802960895212,-0.0066712640103934765,2021-02-12,AAPL
-0.7641149221387681,-0.8754068608137652,0.8336944542313854,-0.7641149221387681,-0.029159488405220074,-0.6802137649457002,-0.2884377179129789,0.0,1.2225456863392115,0.6739122470129602,1.381802960895212,-0.0066712640103934765,2021-02-19,AAPL
-0.6764604225161438,-0.8698753769053411,0.9294666718391067,-0.6764604225161438,0.692594103076401,1.0081185237820007,0.30187672821379424,0.0,1.2225456863392115,0.6739122470129602,1.381802960895212,-0.0066712640103934765,2021-02-26,AAPL
-0.6048124164904481,-0.8731020754941721,1.023379208622405,-0.6048124164904481,0.29012471957807234,0.11226873792648594,0.008494667399092515,0.0,1.4135978075758815,-0.027752143461200737,1.381802960895212,-0.0066712640103934765,2021-03-05,AAPL
-0.5430731878884288,-0.874484946685928,1.1014846722924836,-0.5430731878884288,-0.19552960610726378,-1.1970501798623432,-0.37339094244145893,0.0,1.4135978075758815,-0.027752143461200737,1.381802960895212,-0.0066712640103934765,2021-03-12,AAPL
-0.4691385269399052,-0.8837040866764013,1.2102744660239257,-0.4691385269399052,-0.16372349586163057,-0.9214040919068004,-0.3914697862550716,0.0,1.4135978075758815,-0.027752143461200737,1.381802960895212,-0.0066712640103934765,2021-03-19,AAPL
-0.5240178816363078,-0.8790945168958145,1.1340286052410484,-0.5240178816363078,-0.4193954833536566,-1.265961701851229,-0.8550437670104123,0.0,1.4135978075758815,-0.027752143461200737,1.381802960895212,-0.0066712640103934765,2021-03-26,AAPL
-0.5095357943669754,-0.8823212154846455,1.15820416326098,-0.5095357943669754,-0.6065621282624881,-1.265961701851229,-1.1528467074727442,0.0,1.2225456863392115,-0.7294165339353614,-0.0196464875956663,-1.434321762234622,2021-04-02,AAPL
-0.5194445717906518,-0.8846260005895887,1.1507655347869084,-0.5194445717906518,-0.6848539483575675,-1.265961701851229,-1.2646755178824118,0.0,1.2225456863392115,-0.7294165339353614,-0.0196464875956663,-1.434321762234622,2021-04-09,AAPL
-0.5903304200839831,-0.8823212154846455,1.059642411427088,-0.5903304200839831,-0.738679691336949,-1.265961701851229,-1.3086350191434937,0.0,1.2225456863392115,-0.7294165339353614,-0.0196464875956663,-1.434321762234622,2021-04-16,AAPL
-0.5949036390667717,-0.8790945168958145,1.0475547294056642,-0.5949036390667717,-0.6065621282624881,-1.0936828968790147,-1.0574186806242616,0.0,1.2225456863392115,-0.7294165339353614,-0.0196464875956663,-1.434321762234622,2021-04-23,AAPL
-0.5461220005436213,-0.8846260005895887,1.118221611364004,-0.5461220005436213,-0.4499782547443006,-0.9903156138956861,-0.786762692510855,0.0,1.2225456863392115,-0.7294165339353614,-0.0196464875956663,-1.434321762234622,2021-04-30,AAPL
-0.5872815165659232,-0.8823212154846455,1.063361783467563,-0.5872815165659232,-0.6848539483575675,-1.1625944188679005,-1.1040462444644852,0.0,0.7005815842268202,-1.243070517624295,-0.0196464875956663,-1.434321762234622,2021-05-07,AAPL
-0.5430731878884288,-0.8837040866764013,1.1200812181480664,-0.5430731878884288,-0.42551217762860266,-0.8524925699179146,-0.6369337363574337,0.0,0.7005815842268202,-1.243070517624295,-0.0196464875956663,-1.434321762234622,2021-05-14,AAPL
-0.5453598428112569,-0.8846260005895887,1.1191513712410865,-0.5453598428112569,-0.2615885043085086,-0.6457580039512573,-0.33293990548749625,0.0,0.7005815842268202,-1.243070517624295,-0.0196464875956663,-1.434321762234622,2021-05-21,AAPL
-0.5842327039107309,-0.8823212154846455,1.06708104466399,-0.5842327039107309,-0.6762908097006719,-1.0592271358845717,-0.9570246047629828,0.0,0.7005815842268202,-1.243070517624295,-0.0196464875956663,-1.434321762234622,2021-05-28,AAPL
-0.6002391975076595,-0.8790945168958145,1.0410458560458447,-0.6002391975076595,-0.71788339745819,-1.1970501798623432,-0.964309453559172,0.0,-0.012434639122240833,-1.4310809244095224,-0.0196464875956663,-1.434321762234622,2021-06-04,AAPL
-0.6749360161885476,-0.8777116461333583,0.9471333668908484,-0.6749360161885476,-0.8120783893401003,-1.265961701851229,-1.0923615843249916,0.0,-0.012434639122240833,-1.4310809244095224,-0.0196464875956663,-1.434321762234622,2021-06-11,AAPL
-0.6840825450169922,-0.8731020754941721,0.9266771982307744,-0.6840825450169922,-0.19430626725227457,-0.3012003940068287,-0.0386707656026092,0.0,-0.012434639122240833,-1.4310809244095224,-0.0196464875956663,-1.434321762234622,2021-06-18,AAPL
-0.6185322551645488,-0.8661877203939922,0.9926949019422079,-0.6185322551645488,-0.8157482892410536,-1.265961701851229,-1.1101216572639818,0.0,-0.012434639122240833,-1.4310809244095224,-0.0196464875956663,-1.434321762234622,2021-06-25,AAPL
-0.6985646322863247,-0.8684925065721846,0.8997121596747574,-0.6985646322863247,-0.8830304096332733,-1.265961701851229,-1.1548276184107853,0.0,-0.725450862471302,-1.243070517624295,-1.4210959360865447,-0.006671264010393827,2021-07-02,AAPL
-0.7557306419055553,-0.8661877203939922,0.8253259312220317,-0.7557306419055553,-0.7472428299938447,-1.0592271358845717,-0.8550433134074104,0.0,-0.725450862471302,-1.243070517624295,-1.4210959360865447,-0.006671264010393827,2021-07-09,AAPL
-0.7984145642554534,-0.8684925065721846,0.7779047482530762,-0.7984145642554534,-0.46955120976807047,-0.5079349599734858,-0.3282131298691118,0.0,-0.725450862471302,-1.243070517624295,-1.4210959360865447,-0.006671264010393827,2021-07-16,AAPL
-0.8090854994114942,-0.8652658062661549,0.758378429530874,-0.8090854994114942,-0.6224650667212904,-0.6457580039512573,-0.5602945096107895,0.0,-0.725450862471302,-1.243070517624295,-1.4210959360865447,-0.006671264010393827,2021-07-23,AAPL
-0.8449095478557759,-0.8675705924443473,0.719325639675903,-0.8449095478557759,-0.4952408590667864,-0.4390234379846001,-0.3059137135514949,0.0,-0.725450862471302,-1.243070517624295,-1.4210959360865447,-0.006671264010393827,2021-07-30,AAPL
-0.8060366867563019,-0.8661877203939922,0.7639573455726498,-0.8060366867563019,-0.7509128465588124,-1.0592271358845717,-0.7166010664182803,0.0,-1.2474149645836932,-0.7294165339353622,-1.4210959360865447,-0.006671264010393827,2021-08-06,AAPL
-0.800701128315414,-0.8652658062661549,0.7686065640871204,-0.800701128315414,-0.8365445831198127,-1.1970501798623432,-0.8176086298352354,0.0,-1.2474149645836932,-0.7294165339353622,-1.4210959360865447,-0.006671264010393827,2021-08-13,AAPL
-0.8289030542588471,-0.8661877203939922,0.7360625540673033,-0.8289030542588471,-0.4560949490192467,-0.16337735002905707,-0.1459761788610119,0.0,-1.2474149645836932,-0.7294165339353622,-1.4210959360865447,-0.006671264010393827,2021-08-20,AAPL
-0.7892679445641414,-0.8661877203939922,0.7844136146851427,-0.7892679445641414,-0.7215534140231576,-0.7835810479290288,-0.5637515557158649,0.0,-1.2474149645836932,-0.7294165339353622,-1.4210959360865447,-0.006671264010393827,2021-08-27,AAPL
-0.7816458220632929,-0.8675705924443473,0.79650136252022,-0.7816458220632929,-0.7191067363131792,-0.7146695259401431,-0.5298176604639301,0.0,-1.4384670858203634,-0.02775214346120108,-1.4210959360865447,-0.006671264010393827,2021-09-03,AAPL
-0.767163825656828,-0.8684925065721846,0.8160276743146692,-0.767163825656828,-0.16372349586163057,0.7669281968209006,0.462004237890947,0.0,-1.4384670858203634,-0.02775214346120108,-1.4210959360865447,-0.006671264010393827,2021-09-10,AAPL
-0.745059615886647,-0.8731020754941721,0.8522909767058018,-0.745059615886647,-0.1808500065034508,0.594649391848686,0.45233590447740757,0.0,-1.4384670858203634,-0.02775214346120108,-1.4210959360865447,-0.006671264010393827,2021-09-17,AAPL
-0.6764604225161438,-0.874484946685928,0.9387649443339133,-0.6764604225161438,-0.5551830629930852,-0.16337735002905707,-0.18658942438752693,0.0,-1.4384670858203634,-0.02775214346120108,-1.4210959360865447,-0.006671264010393827,2021-09-24,AAPL
-0.6619784261096787,-0.8731020754941721,0.9536421190149901,-0.6619784261096787,-0.14537387969284996,1.0081185237820007,0.582760562643519,0.0,-1.2474149645836934,0.6739122470129602,-0.019646487595666815,1.4209792342138348,2021-10-01,AAPL
-0.5659395553909742,-0.8675705924443473,1.059642472910896,-0.5659395553909742,-0.43040529972053077,0.18118025991537165,0.08076951279537663,0.0,-1.2474149645836934,0.6739122470129602,-0.019646487595666815,1.4209792342138348,2021-10-08,AAPL
-0.5880437651611551,-0.8684925065721846,1.034537096127981,-0.5880437651611551,-0.7325632303900318,-0.7835810479290288,-0.4471866284541428,0.0,-1.2474149645836934,0.6739122470129602,-0.019646487595666815,1.4209792342138348,2021-10-15,AAPL
-0.5278289428867321,-0.8629610218051612,1.0968355178597284,-0.5278289428867321,-0.8389911441657767,-1.1970501798623432,-0.6119320993493451,0.0,-1.2474149645836934,0.6739122470129602,-0.019646487595666815,1.4209792342138348,2021-10-22,AAPL
-0.60252576156762,-0.8638829359329984,1.0075721649521356,-0.60252576156762,-0.7374563524819598,-0.7146695259401431,-0.495230774343144,0.0,-1.2474149645836934,0.6739122470129602,-0.019646487595666815,1.4209792342138348,2021-10-29,AAPL
-0.6817959809570316,-0.8675705924443473,0.9183086630978529,-0.6817959809570316,-0.7105435976562835,-0.37011191599571436,-0.3984831026948887,0.0,-0.7254508624713029,1.187566230701893,-0.019646487595666815,1.4209792342138348,2021-11-05,AAPL
-0.583470455315499,-0.8661877203939922,1.0354669599213586,-0.583470455315499,-0.7337863359169922,-0.6457580039512573,-0.4183280540349896,0.0,-0.7254508624713029,1.187566230701893,-0.019646487595666815,1.4209792342138348,2021-11-12,AAPL
-0.6185322551645488,-0.8652658062661549,0.9908352470968589,-0.6185322551645488,-0.5356101079693153,0.25009178190425735,0.08179164388379677,0.0,-0.7254508624713029,1.187566230701893,-0.019646487595666815,1.4209792342138348,2021-11-19,AAPL
-0.6596917711868507,-0.8661877203939922,0.9424842107261551,-0.6596917711868507,0.7745559397364481,2.1796143975930584,3.037890832812254,0.0,-0.7254508624713029,1.187566230701893,-0.019646487595666815,1.4209792342138348,2021-11-26,AAPL
-0.7656393284663643,-0.8661877203939922,0.8132382769116201,-0.7656393284663643,1.0253345718085172,2.1796143975930584,3.3107630750823733,0.0,-0.012434639122241358,1.3755766374871208,-0.019646487595666815,1.4209792342138348,2021-12-03,AAPL
-0.6543563036088303,-0.8629610218051612,0.9424841830151429,-0.6543563036088303,-0.44019177723241565,0.594649391848686,0.26970801837358704,0.0,-0.012434639122241358,1.3755766374871208,-0.019646487595666815,1.4209792342138348,2021-12-10,AAPL
-0.7206688420565056,-0.8721801622249342,0.8801857456959511,-0.7206688420565056,-0.08787835347652961,1.6283222216819722,1.0120102815469159,0.0,-0.012434639122241358,1.3755766374871208,-0.019646487595666815,1.4209792342138348,2021-12-17,AAPL
-0.6513074000907705,-0.8592733670110109,0.9387649391380986,-0.6513074000907705,-0.529493647022398,0.31900330389314324,0.09877179500385279,0.0,-0.012434639122241358,1.3755766374871208,-0.019646487595666815,1.4209792342138348,2021-12-24,AAPL
-0.6368254036843054,-0.8707972910331784,0.9796772764582468,-0.6368254036843054,-0.6200186223393408,0.04335721593760023,-0.06706623670517652,0.0,-0.012434639122241358,1.3755766374871208,-0.019646487595666815,1.4209792342138348,2021-12-31,AAPL
-0.4394121946688759,-0.845444656810651,1.169362098394858,-0.4394121946688759,-0.43162863857552,0.8013839578153433,0.34560214999281297,0.0,0.7005815842268202,1.1875662307018935,1.381802960895212,-0.0066712640103934765,2022-01-07,AAPL
-0.4386500369365115,-0.831615946610291,1.142397039055582,-0.4386500369365115,-0.3790262344511277,1.0770300457708866,0.4832238829287675,0.0,0.7005815842268202,1.1875662307018935,1.381802960895212,-0.0066712640103934765,2022-01-14,AAPL
-0.4577053431886326,-0.8131776640535464,1.081958282560813,-0.4577053431886326,0.8026920334171136,2.110702875604173,2.8712321465992967,0.0,0.7005815842268202,1.1875662307018935,1.381802960895212,-0.0066712640103934765,2022-01-21,AAPL
-0.43102791443566313,-0.8062633158221608,1.100554810231044,-0.43102791443566313,0.6571179762658002,1.9728798316264011,2.7696025890371145,0.0,0.7005815842268202,1.1875662307018935,1.381802960895212,-0.0066712640103934765,2022-01-28,AAPL
-0.3182203923876655,-0.7832154609090314,1.19167787340601,-0.3182203923876655,0.11396789103611493,1.8350567876486292,1.5450223739667455,0.0,1.2225456863392115,0.6739122470129602,1.381802960895212,-0.0066712640103934765,2022-02-04,AAPL
-0.299164995272677,-0.7302054097201814,1.1079935127454763,-0.299164995272677,0.6204187439282389,1.9039683096375155,2.5302399340466897,0.0,1.2225456863392115,0.6739122470129602,1.381802960895212,-0.0066712640103934765,2022-02-11,AAPL
-0.3166958951972018,-0.739424554432951,1.105204039137144,-0.3166958951972018,0.6681277926326743,1.9728798316264011,2.5242931533988004,0.0,1.2225456863392115,0.6739122470129602,1.381802960895212,-0.0066712640103934765,2022-02-18,AAPL
-0.2755364700377673,-0.7486436854081316,1.1740111471793797,-0.2755364700377673,0.6485548376089045,1.9039683096375155,2.493320433930867,0.0,1.2225456863392115,0.6739122470129602,1.381802960895212,-0.0066712640103934765,2022-02-25,AAPL
-0.47523624311315743,-0.7454169868193007,0.9238876449532825,-0.47523624311315743,1.1855882285636437,2.248525919581944,3.343320200063744,0.0,1.4135978075758815,-0.027752143461200737,1.381802960895212,-0.0066712640103934765,2022-03-04,AAPL
-0.2618166313636667,-0.7177595664185809,1.1284496155918966,-0.2618166313636667,1.0351210493204022,2.1796143975930584,2.8707350552835638,0.0,1.4135978075758815,-0.027752143461200737,1.381802960895212,-0.0066712640103934765,2022-03-11,AAPL
-0.15205792197086143,-0.7094623512884359,1.245607922807032,-0.15205792197086143,0.19348328331421233,1.6283222216819722,1.3459660284368067,0.0,1.4135978075758815,-0.027752143461200737,1.381802960895212,-0.0066712640103934765,2022-03-18,AAPL
0.1101434191646472,-0.646311246410575,1.438082266846247,0.1101434191646472,-0.1808500065034508,1.2493088507431007,0.6722186602221477,0.0,1.4135978075758815,-0.027752143461200737,1.381802960895212,-0.0066712640103934765,2022-03-25,AAPL
0.02248891954202287,-0.6555303773857557,1.349748649568601,0.02248891954202287,-0.325200724799775,1.0081185237820007,0.4056776384753029,0.0,1.2225456863392115,-0.7294165339353614,-0.0196464875956663,-1.434321762234622,2022-04-01,AAPL
0.2785924536414118,-0.5780896112538114,1.5059596150114,0.2785924536414118,-0.13803407989094346,1.4215876557153153,0.7218248190421295,0.0,1.2225456863392115,-0.7294165339353614,-0.0196464875956663,-1.434321762234622,2022-04-08,AAPL
0.3662469532640361,-0.5412130324027333,1.5385035384343044,0.3662469532640361,0.050355903872877326,1.4904991777042007,1.0342001722922174,0.0,1.2225456863392115,-0.7294165339353614,-0.0196464875956663,-1.434321762234622,2022-04-15,AAPL
0.42569943608035987,-0.5264624338325151,1.581275485569407,0.42569943608035987,0.7243999799940054,1.9039683096375155,2.159044848692353,0.0,1.2225456863392115,-0.7294165339353614,-0.0196464875956663,-1.434321762234622,2022-04-22,AAPL
0.4112175305367623,-0.5135556120020135,1.5375737231351978,0.4112175305367623,1.3592986127236515,2.248525919581944,3.0377086512868177,0.0,1.2225456863392115,-0.7294165339353614,-0.0196464875956663,-1.434321762234622,2022-04-29,AAPL
0.5910996579019321,-0.5103289271507713,1.7505040314657725,0.5910996579019321,0.9666157067372078,1.9728798316264011,2.291587243404136,0.0,0.7005815842268202,-1.243070517624295,-0.0196464875956663,-1.434321762234622,2022-05-06,AAPL
0.4478036458505408,-0.4513264229691884,1.4566786282504056,0.4478036458505408,0.8051387111270921,1.9039683096375155,1.9651531541409977,0.0,0.7005815842268202,-1.243070517624295,-0.0196464875956663,-1.434321762234622,2022-05-13,AAPL
0.3349961238025431,-0.4351929437626221,1.2865202670549332,0.3349961238025431,0.8736440537102865,1.9039683096375155,2.0035157416075053,0.0,0.7005815842268202,-1.243070517624295,-0.0196464875956663,-1.434321762234622,2022-05-20,AAPL
0.30145882114395706,-0.4135279694858408,1.2019060772397867,0.30145882114395706,0.4197956049425548,1.2837646117375434,1.2760112991515937,0.0,0.7005815842268202,-1.243070517624295,-0.0196464875956663,-1.434321762234622,2022-05-27,AAPL
0.4645723880427013,-0.3628226941719916,1.2986080876314172,0.4645723880427013,0.3060278913649034,1.214853089748658,1.0743555473538455,0.0,-0.012434639122240833,-1.4310809244095224,-0.0196464875956663,-1.434321762234622,2022-06-03,AAPL
0.6162526803273054,-0.2922962762714328,1.3413800347665197,0.6162526803273054,0.6681277926326743,1.5249549386986438,1.5894618274228358,0.0,-0.012434639122240833,-1.4310809244095224,-0.0196464875956663,-1.434321762234622,2022-06-10,AAPL
0.6795164969826557,-0.18996382353628732,1.212134211796033,0.6795164969826557,1.0816067591698484,2.110702875604173,2.1441236371938115,0.0,-0.012434639122240833,-1.4310809244095224,-0.0196464875956663,-1.434321762234622,2022-06-17,AAPL
0.5926241550923957,-0.14939958130506595,1.024308971963364,0.5926241550923957,0.6045155721414079,1.145941567759772,1.3915050180508146,0.0,-0.012434639122240833,-1.4310809244095224,-0.0196464875956663,-1.434321762234622,2022-06-24,AAPL
0.412741846001491,-0.14709479856127075,0.8002205475113636,0.412741846001491,0.5396802461231811,1.0770300457708866,1.2611701758679508,0.0,-0.725450862471302,-1.243070517624295,-1.4210959360865447,-0.006671264010393827,2022-07-01,AAPL
0.5743310974355065,-0.03646511695839161,0.7741854974482788,0.5743310974355065,0.2876780418680939,0.8702954798042293,0.8502601111290098,0.0,-0.725450862471302,-1.243070517624295,-1.4210959360865447,-0.006671264010393827,2022-07-08,AAPL
0.44399267546298404,0.14653478675994047,0.24604364606871332,0.44399267546298404,0.2375223154536801,0.8013839578153433,0.753134464849244,0.0,-0.725450862471302,-1.243070517624295,-1.4210959360865447,-0.006671264010393827,2022-07-15,AAPL
0.33194731114735077,0.19954484481758486,0.0024288232253509684,0.33194731114735077,0.09072515277540624,0.594649391848686,0.5037575344646847,0.0,-0.725450862471302,-1.243070517624295,-1.4210959360865447,-0.006671264010393827,2022-07-22,AAPL
0.22447525667737353,0.17327033252839075,-0.07567677034009683,0.22447525667737353,-0.11723778601218439,0.38791482588202897,0.16315419342657078,0.0,-0.725450862471302,-1.243070517624295,-1.4210959360865447,-0.006671264010393827,2022-07-29,AAPL
0.3753933912296133,0.224897509949687,0.004288342979516125,0.3753933912296133,-0.13925741874593267,0.25009178190425735,0.10385662229504403,0.0,-1.2474149645836932,-0.7294165339353622,-1.4210959360865447,-0.006671264010393827,2022-08-05,AAPL
0.38225335599809734,0.2663835993380004,-0.07102752757849076,0.38225335599809734,-0.3374336466936096,-0.16337735002905707,-0.24243179045594992,0.0,-1.2474149645836932,-0.7294165339353622,-1.4210959360865447,-0.006671264010393827,2022-08-12,AAPL
0.4889632527357102,0.3032601232387233,-0.015237722879700946,0.4889632527357102,-0.20653942247413792,-0.09446582804017137,-0.039014435634040105,0.0,-1.2474149645836932,-0.7294165339353622,-1.4210959360865447,-0.006671264010393827,2022-08-19,AAPL
0.52402505258476,0.3839276841226201,-0.13518561454721698,0.52402505258476,0.400222649918785,0.9392070017931148,0.9308687886318565,0.0,-1.2474149645836932,-0.7294165339353622,-1.4210959360865447,-0.006671264010393827,2022-08-26,AAPL
0.6444546971336059,0.4138898048416025,-0.0487115170237362,0.6444546971336059,0.38921283355191083,0.8702954798042293,0.8841347366504405,0.0,-1.4384670858203634,-0.02775214346120108,-1.4210959360865447,-0.006671264010393827,2022-09-02,AAPL
0.7420179741799068,0.4821114399983661,-0.06730804469396728,0.7420179741799068,0.06136572023975147,0.38791482588202897,0.3182100048098638,0.0,-1.4384670858203634,-0.02775214346120108,-1.4210959360865447,-0.006671264010393827,2022-09-09,AAPL
0.8388189117681082,0.5291290519320719,-0.04406249595022673,0.8388189117681082,0.4907476252357277,1.0081185237820007,1.0291553839002192,0.0,-1.4384670858203634,-0.02775214346120108,-1.4210959360865447,-0.006671264010393827,2022-09-16,AAPL
1.0286099982826893,0.5466454667253415,0.15213102615237875,1.0286099982826893,0.9335862576365853,1.8350567876486292,1.7355609144982114,0.0,-1.4384670858203634,-0.02775214346120108,-1.4210959360865447,-0.006671264010393827,2022-09-23,AAPL
1.110166690869194,0.5798343821962763,0.18467483873123486,1.110166690869194,1.141549196424176,2.110702875604173,2.0170057103238896,0.0,-1.4384670858203634,-0.02775214346120108,-1.4210959360865447,-0.006671264010393827,2022-09-30,AAPL
1.170381513143617,0.6319224831961185,0.15306078602946135,1.170381513143617,1.1097430861785427,2.0417913536152867,1.902335613488957,0.0,-1.2474149645836934,0.6739122470129602,-0.019646487595666815,1.4209792342138348,2022-10-07,AAPL
1.2671828141832884,0.7863430918814613,-0.040343013065703245,1.2671828141832884,1.1904815839836005,2.1796143975930584,1.9809758284639123,0.0,-1.2474149645836934,0.6739122470129602,-0.019646487595666815,1.4209792342138348,2022-10-14,AAPL
1.42191173739735,0.9048090238231731,-0.090554036813901,1.42191173739735,0.9054501639559197,1.5594106996930868,1.475517489451441,0.0,-1.2474149645836934,0.6739122470129602,-0.019646487595666815,1.4209792342138348,2022-10-21,AAPL
1.2671828141832884,0.9439903854180464,-0.3583439465899899,1.2671828141832884,0.4234656215075224,0.594649391848686,0.6186230668765998,0.0,-1.2474149645836934,0.6739122470129602,-0.019646487595666815,1.4209792342138348,2022-10-28,AAPL
1.3784658390408224,0.9638115280047559,-0.2625718069194902,1.3784658390408224,0.2766682255012198,0.18118025991537165,0.320886294911133,0.0,-0.7254508624713029,1.187566230701893,-0.019646487595666815,1.4209792342138348,2022-11-04,AAPL
1.117026655637678,0.986859465343418,-0.6279942628726303,1.117026655637678,0.02833627113912905,-0.3012003940068287,-0.18247960944126837,0.0,-0.7254508624713029,1.187566230701893,-0.019646487595666815,1.4209792342138348,2022-11-11,AAPL
1.1208378077509698,1.0200483808143528,-0.6902926083990948,1.1208378077509698,0.10173496914228038,-0.09446582804017137,-0.08144246519979156,0.0,-0.7254508624713029,1.187566230701893,-0.019646487595666815,1.4209792342138348,2022-11-18,AAPL
1.0240366884370333,1.0384866427647141,-0.8455738139648112,1.0240366884370333,-0.21877257769600128,-0.7835810479290288,-0.6589134905695231,0.0,-0.7254508624713029,1.187566230701893,-0.019646487595666815,1.4209792342138348,2022-11-25,AAPL
0.88302733130847,1.0536982198638334,-1.048276098583188,0.88302733130847,-0.3949294062379587,-0.9903156138956861,-0.9401844199500753,0.0,-0.012434639122241358,1.3755766374871208,-0.019646487595666815,1.4209792342138348,2022-12-02,AAPL
0.9295222240459249,1.037564575806202,-0.959012499740363,0.9295222240459249,0.06625884233167953,-0.09446582804017137,-0.08354259148673734,0.0,-0.012434639122241358,1.3755766374871208,-0.019646487595666815,1.4209792342138348,2022-12-09,AAPL
0.8647342736515808,1.0329551202193217,-1.0287495893477778,0.8647342736515808,0.04056942636099241,-0.3012003940068287,-0.14087277106640078,0.0,-0.012434639122241358,1.3755766374871208,-0.019646487595666815,1.4209792342138348,2022-12-16,AAPL
1.0697694234421238,1.0467837067813826,-0.8065207954939907,1.0697694234421238,-0.1735099733735155,-0.6457580039512573,-0.5950637909910734,0.0,-0.012434639122241358,1.3755766374871208,-0.019646487595666815,1.4209792342138348,2022-12-23,AAPL
1.1673327004884246,1.0776680043595874,-0.7498016742943114,1.1673327004884246,-0.07564519825466626,-0.4390234379846001,-0.44773028737775605,0.0,-0.012434639122241358,1.3755766374871208,-0.019646487595666815,1.4209792342138348,2022-12-30,AAPL
0.9310467212363885,1.1850708912105141,-1.2546976443979916,0.9310467212363885,-0.1417040964559111,-0.7146695259401431,-0.612593651695321,0.0,0.7005815842268202,1.1875662307018935,1.381802960895212,-0.0066712640103934765,2023-01-06,AAPL
0.8868383016960267,1.182766053516364,-1.3039784648929136,0.8868383016960267,-0.4817843649899338,-1.265961701851229,-1.3093834802701385,0.0,0.7005815842268202,1.1875662307018935,1.381802960895212,-0.0066712640103934765,2023-01-13,AAPL
0.8662585891163095,1.205813990855026,-1.3755752959425902,0.8662585891163095,-0.2982877366460699,-0.9903156138956861,-0.8693666307060611,0.0,0.7005815842268202,1.1875662307018935,1.381802960895212,-0.0066712640103934765,2023-01-20,AAPL
0.8921737692740471,1.2104234464419061,-1.3532592853878356,0.8921737692740471,-0.46221140996616394,-1.1970501798623432,-1.1277528906994727,0.0,0.7005815842268202,1.1875662307018935,1.381802960895212,-0.0066712640103934765,2023-01-27,AAPL
0.9028448861558229,1.1988994777725752,-1.3169957682363596,0.9028448861558229,-0.48423104269991224,-1.265961701851229,-1.1119204294092315,0.0,1.2225456863392115,0.6739122470129602,1.381802960895212,-0.0066712640103934765,2023-02-03,AAPL
1.0644339558641034,1.2505268749952918,-1.2240135732613973,1.0644339558641034,-0.21510256113103363,-0.7146695259401431,-0.5426607043243091,0.0,1.2225456863392115,0.6739122470129602,1.381802960895212,-0.0066712640103934765,2023-02-10,AAPL
1.1284599302518181,1.2712697548383831,-1.1877498344218245,1.1284599302518181,-0.2774914427673108,-0.7835810479290288,-0.6216047377300918,0.0,1.2225456863392115,0.6739122470129602,1.381802960895212,-0.0066712640103934765,2023-02-17,AAPL
1.2206875579943637,1.2818718763506223,-1.0966271592010275,1.2206875579943637,-0.07564519825466626,-0.06001006704572842,-0.20215201298280466,0.0,1.2225456863392115,0.6739122470129602,1.381802960895212,-0.0066712640103934765,2023-02-24,AAPL
1.2321208326085038,1.2887861696316527,-1.096626937512931,1.2321208326085038,-0.46465808767614236,-1.1281386578734576,-0.914107545720456,0.0,1.4135978075758815,-0.027752143461200737,1.381802960895212,-0.0066712640103934765,2023-03-03,AAPL
1.0270855010922257,1.327967531226526,-1.4257858763145947,1.0270855010922257,0.3072509968918638,0.9392070017931148,0.6373464073364722,0.0,1.4135978075758815,-0.027752143461200737,1.381802960895212,-0.0066712640103934765,2023-03-10,AAPL
0.7984216443410381,1.0928795814587067,-1.2305223357771684,0.7984216443410381,0.39410618897186767,1.0081185237820007,0.804408719222602,0.0,1.4135978075758815,-0.027752143461200737,1.381802960895212,-0.0066712640103934765,2023-03-17,AAPL
0.7869885514526329,1.1896803467973944,-1.4397329395351233,0.7869885514526329,-0.06708205959777055,0.04335721593760023,-0.13107683667743086,0.0,1.4135978075758815,-0.027752143461200737,1.381802960895212,-0.0066712640103934765,2023-03-24,AAPL
0.873880711617158,1.2274789376566297,-1.409978849963708,0.873880711617158,-0.43896843837742644,-0.9903156138956861,-0.8709975792419404,0.0,1.4135978075758815,-0.027752143461200737,1.381802960895212,-0.0066712640103934765,2023-03-31,AAPL
0.7168649517545335,1.2850985612018644,-1.7177515380877,0.7168649517545335,-0.4756679040430165,-1.1281386578734576,-0.9126700919326588,0.0,1.2225456863392115,-0.7294165339353614,-0.0196464875956663,-1.434321762234622,2023-04-07,AAPL
0.8952227636549746,1.3740631861024297,-1.6796285011820586,0.8952227636549746,-0.6383682385081214,-1.265961701851229,-1.1664869584026434,0.0,1.2225456863392115,-0.7294165339353614,-0.0196464875956663,-1.434321762234622,2023-04-14,AAPL
0.931808878968753,1.3957281329040334,-1.678698741304976,0.931808878968753,-0.6750674708456826,-1.265961701851229,-1.157526105465968,0.0,1.2225456863392115,-0.7294165339353614,-0.0196464875956663,-1.434321762234622,2023-04-21,AAPL
0.8418677244233006,1.3832823170776105,-1.7633130973861952,0.8418677244233006,-0.7961753342172838,-1.265961701851229,-1.3404249853890313,0.0,1.2225456863392115,-0.7294165339353614,-0.0196464875956663,-1.434321762234622,2023-04-28,AAPL
0.8372945963033795,1.4556525941434184,-1.9148748200673882,0.8372945963033795,-0.6236884055762796,-1.0592271358845717,-0.9545581847255824,0.0,0.7005815842268202,-1.243070517624295,-0.0196464875956663,-1.434321762234622,2023-05-05,AAPL
0.8502521863822483,1.4316828096476644,-1.8507167330986618,0.8502521863822483,-0.6432613606000495,-1.1281386578734576,-0.9357645354185936,0.0,0.7005815842268202,-1.243070517624295,-0.0196464875956663,-1.434321762234622,2023-05-12,AAPL
1.0247988461693978,1.4579574318375688,-1.6907867281475326,1.0247988461693978,-0.6701743487537546,-1.1281386578734576,-0.9351989373467144,0.0,0.7005815842268202,-1.243070517624295,-0.0196464875956663,-1.434321762234622,2023-05-19,AAPL
1.11474000071485,1.4717860183996296,-1.6089616516975613,1.11474000071485,-0.5307167525493585,-0.8524925699179146,-0.6205745379081193,0.0,0.7005815842268202,-1.243070517624295,-0.0196464875956663,-1.434321762234622,2023-05-26,AAPL
1.0240366884370333,1.5178818930769538,-1.8125941395692138,1.0240366884370333,-0.9405259358495935,-1.265961701851229,-1.3132325241590714,0.0,-0.012434639122240833,-1.4310809244095224,-0.0196464875956663,-1.434321762234622,2023-06-02,AAPL
1.0651961135964678,1.4625668874244488,-1.6508039497996294,1.0651961135964678,-1.034720927731504,-1.265961701851229,-1.3907689840413573,0.0,-0.012434639122240833,-1.4310809244095224,-0.0196464875956663,-1.434321762234622,2023-06-09,AAPL
1.0834893529790919,1.448738300862388,-1.6005933694276249,1.0834893529790919,-1.0701969378780904,-1.265961701851229,-1.3916511982401776,0.0,-0.012434639122240833,-1.4310809244095224,-0.0196464875956663,-1.434321762234622,2023-06-16,AAPL
1.0606229854765468,1.4823881399118688,-1.6963655090981247,1.0606229854765468,-1.0824300930999537,-1.265961701851229,-1.3226301207012567,0.0,-0.012434639122240833,-1.4310809244095224,-0.0196464875956663,-1.434321762234622,2023-06-23,AAPL
1.1215999654833342,1.4893024331928992,-1.6359266833258252,1.1215999654833342,-1.0640803602671587,-1.1281386578734576,-1.2073329678947413,0.0,-0.012434639122240833,-1.4310809244095224,-0.0196464875956663,-1.434321762234622,2023-06-30,AAPL
1.297671304186682,1.5169598261184414,-1.4769259948755855,1.297671304186682,-0.912389842168928,-0.9214040919068004,-0.8767524673046152,0.0,-0.725450862471302,-1.243070517624295,-1.4210959360865447,-0.006671264010393827,2023-07-07,AAPL
1.1215999654833342,1.5178818930769538,-1.6935762294668768,1.1215999654833342,-1.0946631316578028,-1.265961701851229,-1.1204982377140795,0.0,-0.725450862471302,-1.243070517624295,-1.4210959360865447,-0.006671264010393827,2023-07-14,AAPL
1.1353197132945674,1.533093470176073,-1.7075237360635984,1.1353197132945674,-1.0628570214121695,-0.9903156138956861,-0.9979953543372407,0.0,-0.725450862471302,-1.243070517624295,-1.4210959360865447,-0.006671264010393827,2023-07-21,AAPL
1.2359319847217953,1.5363201550273153,-1.5912951055925093,1.2359319847217953,-1.095886470512792,-1.265961701851229,-0.9909291523275198,0.0,-0.725450862471302,-1.243070517624295,-1.4210959360865447,-0.006671264010393827,2023-07-28,AAPL
1.3052932449617956,1.535398088068803,-1.5048210080690285,1.3052932449617956,-0.6346982219431537,-0.3012003940068287,-0.20435284457982902,0.0,-1.2474149645836932,-0.7294165339353622,-1.4210959360865447,-0.006671264010393827,2023-08-04,AAPL
1.3876124587321343,1.5409296106141954,-1.4155574092262035,1.3876124587321343,-0.9111665033139388,-0.6457580039512573,-0.6313225264262696,0.0,-1.2474149645836932,-0.7294165339353622,-1.4210959360865447,-0.006671264010393827,2023-08-11,AAPL
1.4508759119360148,1.5469220567381339,-1.3504697840684914,1.4508759119360148,-0.6102321448274558,-0.09446582804017137,-0.12349135158560398,0.0,-1.2474149645836932,-0.7294165339353622,-1.4210959360865447,-0.006671264010393827,2023-08-18,AAPL
1.4417292922447027,1.5639775479528575,-1.396031565055083,1.4417292922447027,-0.8084083727751328,-0.5768464819623715,-0.41176588625207533,0.0,-1.2474149645836932,-0.7294165339353622,-1.4210959360865447,-0.006671264010393827,2023-08-25,AAPL
1.3914232473939563,1.5423126011512538,-1.4136983328482315,1.3914232473939563,-1.1252459030484467,-1.265961701851229,-0.8737858267097729,0.0,-1.4384670858203634,-0.02775214346120108,-1.4210959360865447,-0.006671264010393827,2023-09-01,AAPL
1.4562113795140352,1.5538365698205847,-1.3579087498375384,1.4562113795140352,-1.0334975888765148,-0.7146695259401431,-0.6788935879175494,0.0,-1.4384670858203634,-0.02775214346120108,-1.4210959360865447,-0.006671264010393827,2023-09-08,AAPL
1.5049931089000532,1.5561411877133147,-1.3030484833277345,1.5049931089000532,-1.0396141664874465,-0.7835810479290288,-0.6460312863748908,0.0,-1.4384670858203634,-0.02775214346120108,-1.4210959360865447,-0.006671264010393827,2023-09-15,AAPL
1.5934099479807768,1.559367872564557,-1.2016971193304495,1.5934099479807768,-0.6224650667212904,0.18118025991537165,0.06020096574034952,0.0,-1.4384670858203634,-0.02775214346120108,-1.4210959360865447,-0.006671264010393827,2023-09-22,AAPL
1.696308510879363,1.557063254671827,-1.0715218690150252,1.696308510879363,-0.5833191566737507,0.31900330389314324,0.16184911974029548,0.0,-1.4384670858203634,-0.02775214346120108,-1.4210959360865447,-0.006671264010393827,2023-09-29,AAPL
1.8571354228552792,1.5791891250519767,-0.9199599246457355,1.8571354228552792,-0.5918822953306464,0.31900330389314324,0.18361802637757127,0.0,-1.2474149645836934,0.6739122470129602,-0.019646487595666815,1.4209792342138348,2023-10-06,AAPL
1.7389926149549961,1.569969994076796,-1.045486375575747,1.7389926149549961,-0.3631232959923255,1.0081185237820007,0.7100918590287904,0.0,-1.2474149645836934,0.6739122470129602,-0.019646487595666815,1.4209792342138348,2023-10-13,AAPL
1.963845137867157,1.557063254671827,-0.745152653220802,1.963845137867157,-0.0707520761627382,1.6283222216819722,1.4628936480900299,0.0,-1.2474149645836934,0.6739122470129602,-0.019646487595666815,1.4209792342138348,2023-10-20,AAPL
1.903630315592734,1.559367872564557,-0.8232578034100566,1.903630315592734,-0.12457758581409088,1.4904991777042007,1.3955068639459647,0.0,-1.2474149645836934,0.6739122470129602,-0.019646487595666815,1.4209792342138348,2023-10-27,AAPL
1.6848754179909577,1.535398088068803,-1.0417668926912236,1.6848754179909577,-0.9026033646570432,-0.37011191599571436,-0.47760865315477324,0.0,-0.7254508624713029,1.187566230701893,-0.019646487595666815,1.4209792342138348,2023-11-03,AAPL
1.7382300937711619,1.534015317333165,-0.9738899879022637,1.7382300937711619,-0.9931283399739859,-0.5768464819623715,-0.6626848346079497,0.0,-0.7254508624713029,1.187566230701893,-0.019646487595666815,1.4209792342138348,2023-11-10,AAPL
1.59569642117787,1.5261789570936222,-1.1319602514111313,1.59569642117787,-1.0383908276324572,-0.7146695259401431,-0.735915013516008,0.0,-0.7254508624713029,1.187566230701893,-0.019646487595666815,1.4209792342138348,2023-11-17,AAPL
1.6193251281385144,1.535398088068803,-1.1217320060108367,1.6193251281385144,-1.2023145009525513,-1.265961701851229,-1.0811618535585554,0.0,-0.7254508624713029,1.187566230701893,-0.019646487595666815,1.4209792342138348,2023-11-24,AAPL
1.4318205148210263,1.5178818930769538,-1.3151366918583876,1.4318205148210263,-1.1815182070737922,-1.1970501798623432,-0.9641682506565071,0.0,-0.012434639122241358,1.3755766374871208,-0.019646487595666815,1.4209792342138348,2023-12-01,AAPL
1.4463026020903589,1.5261789570936222,-1.3142064886051117,1.4463026020903589,-1.2157708783653896,-1.265961701851229,-0.9956553217830373,0.0,-0.012434639122241358,1.3755766374871208,-0.019646487595666815,1.4209792342138348,2023-12-08,AAPL
1.2046811552603023,1.522491348663834,-1.6015231293047074,1.2046811552603023,-1.2243341336862996,-1.265961701851229,-0.9656567695534992,0.0,-0.012434639122241358,1.3755766374871208,-0.019646487595666815,1.4209792342138348,2023-12-15,AAPL
1.1841014426805851,1.5146552082257116,-1.6108216148279195,1.1841014426805851,-1.1325858195143677,-0.9903156138956861,-0.690554756573714,0.0,-0.012434639122241358,1.3755766374871208,-0.019646487595666815,1.4209792342138348,2023-12-22,AAPL
1.1574239230647483,1.5017482490193221,-1.6173301556555943,1.1574239230647483,-1.2035378398075405,-1.1281386578734576,-0.820125667450998,0.0,-0.012434639122241358,1.3755766374871208,-0.019646487595666815,1.4209792342138348,2023-12-29,AAPL
1.2915733154248275,1.5201865109696837,-1.4908737231604037,1.2915733154248275,-1.0934397928028134,-0.6457580039512573,-0.5062118756068688,0.0,0.7005815842268202,1.1875662307018935,1.381802960895212,-0.0066712640103934765,2024-01-05,AAPL
1.2214498974524628,1.510045532837411,-1.5559615700062124,1.2214498974524628,-1.1729550684168966,-0.9214040919068004,-0.6631869098271118,0.0,0.7005815842268202,1.1875662307018935,1.381802960895212,-0.0066712640103934765,2024-01-12,AAPL
1.370843534814239,1.510045532837411,-1.3737155545003286,1.370843534814239,-1.0995563704137452,-0.7146695259401431,-0.44250975494475675,0.0,0.7005815842268202,1.1875662307018935,1.381802960895212,-0.0066712640103934765,2024-01-19,AAPL
1.3815144699702797,1.510967379994503,-1.3625575492229511,1.3815144699702797,-1.1044496091696876,-0.7146695259401431,-0.4207572267440129,0.0,0.7005815842268202,1.1875662307018935,1.381802960895212,-0.0066712640103934765,2024-01-26,AAPL
1.2847135323820782,1.5155770553828034,-1.4899439632833211,1.2847135323820782,-1.0322742500215256,0.18118025991537165,-0.21281431648056048,0.0,1.2225456863392115,0.6739122470129602,1.381802960895212,-0.0066712640103934765,2024-02-02,AAPL
-0.42645460459000706,-0.2070192048503007,-0.10264169112431258,-0.42645460459000706,-1.0114779561427665,0.18118025991537165,-0.21281431648056048,0.0,0.7005815842268202,1.1875662307018935,1.381802960895212,-0.0066712640103934765,2020-01-03,AMD
-0.39825267864657393,-0.19549529113132477,-0.0914836858469353,-0.39825267864657393,-1.190081345730688,0.18118025991537165,-0.21281431648056048,0.0,0.7005815842268202,1.1875662307018935,1.381802960895212,-0.0066712640103934765,2020-01-10,AMD
-0.38986839841336113,-0.18397137741234884,-0.10450132172252603,-0.38986839841336113,-1.2463536497560335,0.18118025991537165,-0.21281431648056048,0.0,0.7005815842268202,1.1875662307018935,1.381802960895212,-0.0066712640103934765,2020-01-17,AMD
-0.5080113880393792,-0.19918295451146809,-0.21794022918617426,-0.5080113880393792,-0.945419174605536,0.18118025991537165,-0.21281431648056048,0.0,0.7005815842268202,1.1875662307018935,1.381802960895212,-0.0066712640103934765,2020-01-24,AMD
-0.6307276875110532,-0.18996382353628732,-0.38623895978343314,-0.6307276875110532,-0.42184216106363503,0.18118025991537165,-0.21281431648056048,0.0,0.7005815842268202,1.1875662307018935,1.381802960895212,-0.0066712640103934765,2020-01-31,AMD
-0.5865193588335589,-0.186276160156144,-0.3397476406078554,-0.5865193588335589,-0.8340979054098342,0.18118025991537165,-0.21281431648056048,0.0,1.2225456863392115,0.6739122470129602,1.381802960895212,-0.0066712640103934765,2020-02-07,AMD
-0.5788971454698429,-0.1784399098173114,-0.3462562922795783,-0.5788971454698429,-1.0530705439002845,0.18118025991537165,-0.21281431648056048,0.0,1.2225456863392115,0.6739122470129602,1.381802960895212,-0.0066712640103934765,2020-02-14,AMD
-0.668076142282931,-0.186276160156144,-0.4392391523188303,-0.668076142282931,-0.6371448996531321,0.18118025991537165,-0.21281431648056048,0.0,1.2225456863392115,0.6739122470129602,1.381802960895212,-0.0066712640103934765,2020-02-21,AMD
-0.9302773925555722,-0.31903176708952796,-0.49130947413309667,-0.9302773925555722,2.1801400848510823,0.18118025991537165,-0.21281431648056048,0.0,1.2225456863392115,0.6739122470129602,1.381802960895212,-0.0066712640103934765,2020-02-28,AMD
-1.2511690587750401,-0.6947117252430403,-0.12495750770198263,-1.2511690587750401,2.4040057287694463,0.18118025991537165,-0.21281431648056048,0.0,1.4135978075758815,-0.027752143461200737,1.381802960895212,-0.0066712640103934765,2020-03-06,AMD
-1.064426875778519,-0.7739963230650563,0.2627804600076947,-1.064426875778519,4.347847070349867,0.18118025991537165,-0.21281431648056048,0.0,1.4135978075758815,-0.027752143461200737,1.381802960895212,-0.0066712640103934765,2020-03-13,AMD
-1.0743356077707615,-0.9012204521002112,0.5073250773669048,-1.0743356077707615,5.352185170821161,0.18118025991537165,-0.21281431648056048,0.0,1.4135978075758815,-0.027752143461200737,1.381802960895212,-0.0066712640103934765,2020-03-20,AMD
-1.2183938684173847,-0.9127443761223787,0.3548333939037917,-1.2183938684173847,5.291019628039874,0.18118025991537165,-0.21281431648056048,0.0,1.4135978075758815,-0.027752143461200737,1.381802960895212,-0.0066712640103934765,2020-03-27,AMD
-1.3418723710528568,-0.8592733670110109,0.09634141543067345,-1.3418723710528568,2.9985348792685347,0.18118025991537165,-0.21281431648056048,0.0,1.2225456863392115,-0.7294165339353614,-0.0196464875956663,-1.434321762234622,2020-04-03,AMD
-1.2336381588505152,-0.78920790703297,0.0870431100290398,-1.2336381588505152,2.370976279668824,0.18118025991537165,-0.21281431648056048,0.0,1.2225456863392115,-0.7294165339353614,-0.0196464875956663,-1.434321762234622,2020-04-10,AMD
-1.2908041230383123,-0.8385303017104709,0.11679758755462402,-1.2908041230383123,1.9403712691458872,0.18118025991537165,-0.21281431648056048,0.0,1.2225456863392115,-0.7294165339353614,-0.0196464875956663,-1.434321762234622,2020-04-17,AMD
-1.3350124517158066,-0.8399131720436276,0.0656571156782295,-1.3350124517158066,1.66879610986703,0.18118025991537165,-0.21281431648056048,0.0,1.2225456863392115,-0.7294165339353614,-0.0196464875956663,-1.434321762234622,2020-04-24,AMD
-1.2999506518667567,-0.8431398706324585,0.1149379638841636,-1.2999506518667567,1.8229330723472106,0.18118025991537165,-0.21281431648056048,0.0,0.7005815842268202,-1.243070517624295,-0.0196464875956663,-1.434321762234622,2020-05-01,AMD
-1.269462161863363,-0.8422179582218199,0.15027136784315323,-1.269462161863363,0.6962638863133399,0.18118025991537165,-0.21281431648056048,0.0,0.7005815842268202,-1.243070517624295,-0.0196464875956663,-1.434321762234622,2020-05-08,AMD
-1.3014751036257868,-0.8385303017104709,0.10378000710105743,-1.3014751036257868,1.1745784121967695,0.18118025991537165,-0.21281431648056048,0.0,0.7005815842268202,-1.243070517624295,-0.0196464875956663,-1.434321762234622,2020-05-15,AMD
-1.288517468115484,-0.83530360312164,0.11307829864718505,-1.288517468115484,0.7182835190470882,0.18118025991537165,-0.21281431648056048,0.0,0.7005815842268202,-1.243070517624295,-0.0196464875956663,-1.434321762234622,2020-05-22,AMD
-1.2953773874525345,-0.8270063742539063,0.0879729530391586,-1.2953773874525345,0.6387683600970195,0.18118025991537165,-0.21281431648056048,0.0,0.7005815842268202,-1.243070517624295,-0.0196464875956663,-1.434321762234622,2020-05-29,AMD
-1.1002508787913667,-0.8191701101774849,0.3102016637599093,-1.1002508787913667,0.27299844226428094,0.18118025991537165,-0.21281431648056048,0.0,-0.012434639122240833,-1.4310809244095224,-0.0196464875956663,-1.434321762234622,2020-06-05,AMD
-1.2565045263530605,-0.8168653205648954,0.11493794310090454,-1.2565045263530605,1.6883690648908,0.18118025991537165,-0.21281431648056048,0.0,-0.012434639122240833,-1.4310809244095224,-0.0196464875956663,-1.434321762234622,2020-06-12,AMD
-1.2580289326806566,-0.8200920191537263,0.11958710272947437,-1.2580289326806566,1.569707762565163,0.18118025991537165,-0.21281431648056048,0.0,-0.012434639122240833,-1.4310809244095224,-0.0196464875956663,-1.434321762234622,2020-06-19,AMD
-1.304523961712413,-0.8247015915101111,0.0721658712662477,-1.304523961712413,1.5219987138607276,0.18118025991537165,-0.21281431648056048,0.0,-0.012434639122240833,-1.4310809244095224,-0.0196464875956663,-1.434321762234622,2020-06-26,AMD
-1.2793708938556059,-0.8247015915101111,0.10285021951296278,-1.2793708938556059,0.6595646539757787,0.18118025991537165,-0.21281431648056048,0.0,-0.725450862471302,-1.243070517624295,-1.4210959360865447,-0.006671264010393827,2020-07-03,AMD
-1.3068105712038072,-0.8306940341996524,0.08146418359563437,-1.3068105712038072,0.6118556052713432,0.18118025991537165,-0.21281431648056048,0.0,-0.725450862471302,-1.243070517624295,-1.4210959360865447,-0.006671264010393827,2020-07-10,AMD
-1.3106216324542312,-0.8376083892998324,0.09076246128625594,-1.3106216324542312,0.41490248285062675,0.18118025991537165,-0.21281431648056048,0.0,-0.725450862471302,-1.243070517624295,-1.4210959360865447,-0.006671264010393827,2020-07-17,AMD
-1.3403479647252607,-0.8408350878886633,0.06100795604965965,-1.3403479647252607,0.4344754378743966,0.18118025991537165,-0.21281431648056048,0.0,-0.725450862471302,-1.243070517624295,-1.4210959360865447,-0.006671264010393827,2020-07-24,AMD
-1.3807452321523308,-0.8477494429888434,0.025674545162916982,-1.3807452321523308,0.26565840913434563,0.18118025991537165,-0.21281431648056048,0.0,-0.725450862471302,-1.243070517624295,-1.4210959360865447,-0.006671264010393827,2020-07-31,AMD
-1.3609277227364116,-0.845444656810651,0.04520088120450177,-1.3609277227364116,-0.009586533381450227,0.18118025991537165,-0.21281431648056048,0.0,-1.2474149645836932,-0.7294165339353622,-1.4210959360865447,-0.006671264010393827,2020-08-07,AMD
-1.2488824038522122,-0.845444656810651,0.18188550367796297,-1.2488824038522122,-0.029159488405220074,0.18118025991537165,-0.21281431648056048,0.0,-1.2474149645836932,-0.7294165339353622,-1.4210959360865447,-0.006671264010393827,2020-08-14,AMD
-1.3014751036257868,-0.845444656810651,0.11772741670923678,-1.3014751036257868,0.030782948849107483,0.18118025991537165,-0.21281431648056048,0.0,-1.2474149645836932,-0.7294165339353622,-1.4210959360865447,-0.006671264010393827,2020-08-21,AMD
-1.2336381588505152,-0.8422179582218199,0.19397324112141076,-1.2336381588505152,0.08216178079048174,0.18118025991537165,-0.21281431648056048,0.0,-1.2474149645836932,-0.7294165339353622,-1.4210959360865447,-0.006671264010393827,2020-08-28,AMD
-1.2397358295923337,-0.8385303017104709,0.17909604392513676,-1.2397358295923337,1.0351210493204022,0.18118025991537165,-0.21281431648056048,0.0,-1.4384670858203634,-0.02775214346120108,-1.4210959360865447,-0.006671264010393827,2020-09-04,AMD
-1.2793708938556059,-0.8385303017104709,0.13074503872932147,-1.2793708938556059,0.5604765400019401,0.18118025991537165,-0.21281431648056048,0.0,-1.4384670858203634,-0.02775214346120108,-1.4210959360865447,-0.006671264010393827,2020-09-11,AMD
-1.2603155876034848,-0.8477494429888434,0.17258724677060044,-1.2603155876034848,0.43325209901940737,0.18118025991537165,-0.21281431648056048,0.0,-1.4384670858203634,-0.02775214346120108,-1.4210959360865447,-0.006671264010393827,2020-09-18,AMD
-1.286993061787888,-0.8445227409656151,0.13353447077113562,-1.286993061787888,0.5005341027476127,0.18118025991537165,-0.21281431648056048,0.0,-1.4384670858203634,-0.02775214346120108,-1.4210959360865447,-0.006671264010393827,2020-09-25,AMD
-1.2587911812758885,-0.8468275271438075,0.17258721905958838,-1.2587911812758885,0.6534479597008326,0.18118025991537165,-0.21281431648056048,0.0,-1.2474149645836934,0.6739122470129602,-0.019646487595666815,1.4209792342138348,2020-10-02,AMD
-1.1985763590014655,-0.8431398706324585,0.23860495048203406,-1.1985763590014655,0.33171730733559046,0.18118025991537165,-0.21281431648056048,0.0,-1.2474149645836934,0.6739122470129602,-0.019646487595666815,1.4209792342138348,2020-10-09,AMD
-1.2222049296678088,-0.8445227409656151,0.212569824213666,-1.2222049296678088,0.6265352048751562,0.18118025991537165,-0.21281431648056048,0.0,-1.2474149645836934,0.6739122470129602,-0.019646487595666815,1.4209792342138348,2020-10-16,AMD
-1.1482702687192852,-0.8477494429888434,0.3092718692440617,-1.1482702687192852,0.6436614821889476,0.18118025991537165,-0.21281431648056048,0.0,-1.2474149645836934,0.6739122470129602,-0.019646487595666815,1.4209792342138348,2020-10-23,AMD
-1.1337882268813864,-0.8477494429888434,0.326938581615186,-1.1337882268813864,1.9244680973590562,0.18118025991537165,-0.21281431648056048,0.0,-1.2474149645836934,0.6739122470129602,-0.019646487595666815,1.4209792342138348,2020-10-30,AMD
-1.1642767623162138,-0.8477494429888434,0.2897454708526997,-1.1642767623162138,0.31459103002179906,0.18118025991537165,-0.21281431648056048,0.0,-0.7254508624713029,1.187566230701893,-0.019646487595666815,1.4209792342138348,2020-11-06,AMD
-1.1086352044560133,-0.8477494429888434,0.35762287443987695,-1.1086352044560133,0.09928829143230194,0.18118025991537165,-0.21281431648056048,0.0,-0.7254508624713029,1.187566230701893,-0.019646487595666815,1.4209792342138348,2020-11-13,AMD
-1.1574168429791636,-0.8592733670110109,0.3213595997597564,-1.1574168429791636,0.17268698943545327,0.18118025991537165,-0.21281431648056048,0.0,-0.7254508624713029,1.187566230701893,-0.019646487595666815,1.4209792342138348,2020-11-20,AMD
-1.1475080655554872,-0.8523590119108309,0.319499955306037,-1.1475080655554872,-0.17717998993848313,0.18118025991537165,-0.21281431648056048,0.0,-0.7254508624713029,1.187566230701893,-0.019646487595666815,1.4209792342138348,2020-11-27,AMD
-1.0507070371044183,-0.8514370960657951,0.4357283363780174,-1.0507070371044183,-0.18329645088540042,0.18118025991537165,-0.21281431648056048,0.0,-0.012434639122241358,1.3755766374871208,-0.019646487595666815,1.4209792342138348,2020-12-04,AMD
-1.1086352044560133,-0.8560466684221798,0.37435976458414155,-1.1086352044560133,0.12497770740298908,0.18118025991537165,-0.21281431648056048,0.0,-0.012434639122241358,1.3755766374871208,-0.019646487595666815,1.4209792342138348,2020-12-11,AMD
-1.0667134852699132,-0.8491323133219999,0.41155286149112186,-1.0667134852699132,-0.08787835347652961,0.18118025991537165,-0.21281431648056048,0.0,-0.012434639122241358,1.3755766374871208,-0.019646487595666815,1.4209792342138348,2020-12-18,AMD
-1.0819577757030436,-0.8514370960657951,0.3976054103164244,-1.0819577757030436,-0.09277147556845768,-0.5768464819623715,-0.1437276213786706,0.0,-0.012434639122241358,1.3755766374871208,-0.019646487595666815,1.4209792342138348,2020-12-25,AMD
-1.0903421013676902,-0.8560466684221798,0.3966756088728237,-1.0903421013676902,0.056472364819794604,-0.3012003940068287,-0.0592397899234291,0.0,0.7005815842268202,1.1875662307018935,1.381802960895212,-0.0066712640103934765,2021-01-01,AMD
-0.9470460438848651,-0.8491323133219999,0.5575357477996986,-0.9470460438848651,-0.08910169233151884,-0.6457580039512573,-0.18985059920094488,0.0,0.7005815842268202,1.1875662307018935,1.381802960895212,-0.0066712640103934765,2021-01-08,AMD
-0.9531437600581174,-0.8514370960657951,0.5547462464803543,-0.9531437600581174,0.25097880953053264,-0.02555430605128567,0.028733225453996272,0.0,0.7005815842268202,1.1875662307018935,1.381802960895212,-0.0066712640103934765,2021-01-15,AMD
-0.9577170699037735,-0.8537418822439874,0.5538163826869764,-0.9577170699037735,-0.04628576571901149,-0.6457580039512573,-0.21516864058194368,0.0,0.7005815842268202,1.1875662307018935,1.381802960895212,-0.0066712640103934765,2021-01-22,AMD
-0.9561925727133098,-0.8638829359329984,0.5761323239642008,-0.9561925727133098,1.3213758082030722,1.2837646117375434,0.7969851463132129,0.0,0.7005815842268202,1.1875662307018935,1.381802960895212,-0.0066712640103934765,2021-01-29,AMD
-0.8975022476293504,-0.8754068608137652,0.6709746154287669,-0.8975022476293504,-0.1735099733735155,-0.9903156138956861,-0.3619410249792801,0.0,1.2225456863392115,0.6739122470129602,1.381802960895212,-0.0066712640103934765,2021-02-05,AMD
-0.8746357892639377,-0.8698753769053411,0.687711590438006,-0.8746357892639377,-0.2836081370422569,-1.1970501798623432,-0.4713579978831625,0.0,1.2225456863392115,0.6739122470129602,1.381802960895212,-0.0066712640103934765,2021-02-12,AMD
-0.7641149221387681,-0.8754068608137652,0.8336944542313854,-0.7641149221387681,-0.029159488405220074,-0.6802137649457002,-0.2884377179129789,0.0,1.2225456863392115,0.6739122470129602,1.381802960895212,-0.0066712640103934765,2021-02-19,AMD
-0.6764604225161438,-0.8698753769053411,0.9294666718391067,-0.6764604225161438,0.692594103076401,1.0081185237820007,0.30187672821379424,0.0,1.2225456863392115,0.6739122470129602,1.381802960895212,-0.0066712640103934765,2021-02-26,AMD
-0.6048124164904481,-0.8731020754941721,1.023379208622405,-0.6048124164904481,0.29012471957807234,0.11226873792648594,0.008494667399092515,0.0,1.4135978075758815,-0.027752143461200737,1.381802960895212,-0.0066712640103934765,2021-03-05,AMD
-0.5430731878884288,-0.874484946685928,1.1014846722924836,-0.5430731878884288,-0.19552960610726378,-1.1970501798623432,-0.37339094244145893,0.0,1.4135978075758815,-0.027752143461200737,1.381802960895212,-0.0066712640103934765,2021-03-12,AMD
-0.4691385269399052,-0.8837040866764013,1.2102744660239257,-0.4691385269399052,-0.16372349586163057,-0.9214040919068004,-0.3914697862550716,0.0,1.4135978075758815,-0.027752143461200737,1.381802960895212,-0.0066712640103934765,2021-03-19,AMD
-0.5240178816363078,-0.8790945168958145,1.1340286052410484,-0.5240178816363078,-0.4193954833536566,-1.265961701851229,-0.8550437670104123,0.0,1.4135978075758815,-0.027752143461200737,1.381802960895212,-0.0066712640103934765,2021-03-26,AMD
-0.5095357943669754,-0.8823212154846455,1.15820416326098,-0.5095357943669754,-0.6065621282624881,-1.265961701851229,-1.1528467074727442,0.0,1.2225456863392115,-0.7294165339353614,-0.0196464875956663,-1.434321762234622,2021-04-02,AMD
-0.5194445717906518,-0.8846260005895887,1.1507655347869084,-0.5194445717906518,-0.6848539483575675,-1.265961701851229,-1.2646755178824118,0.0,1.2225456863392115,-0.7294165339353614,-0.0196464875956663,-1.434321762234622,2021-04-09,AMD
-0.5903304200839831,-0.8823212154846455,1.059642411427088,-0.5903304200839831,-0.738679691336949,-1.265961701851229,-1.3086350191434937,0.0,1.2225456863392115,-0.7294165339353614,-0.0196464875956663,-1.434321762234622,2021-04-16,AMD
-0.5949036390667717,-0.8790945168958145,1.0475547294056642,-0.5949036390667717,-0.6065621282624881,-1.0936828968790147,-1.0574186806242616,0.0,1.2225456863392115,-0.7294165339353614,-0.0196464875956663,-1.434321762234622,2021-04-23,AMD
-0.5461220005436213,-0.8846260005895887,1.118221611364004,-0.5461220005436213,-0.4499782547443006,-0.9903156138956861,-0.786762692510855,0.0,1.2225456863392115,-0.7294165339353614,-0.0196464875956663,-1.434321762234622,2021-04-30,AMD
-0.5872815165659232,-0.8823212154846455,1.063361783467563,-0.5872815165659232,-0.6848539483575675,-1.1625944188679005,-1.1040462444644852,0.0,0.7005815842268202,-1.243070517624295,-0.0196464875956663,-1.434321762234622,2021-05-07,AMD
-0.5430731878884288,-0.8837040866764013,1.1200812181480664,-0.5430731878884288,-0.42551217762860266,-0.8524925699179146,-0.6369337363574337,0.0,0.7005815842268202,-1.243070517624295,-0.0196464875956663,-1.434321762234622,2021-05-14,AMD
-0.5453598428112569,-0.8846260005895887,1.1191513712410865,-0.5453598428112569,-0.2615885043085086,-0.6457580039512573,-0.33293990548749625,0.0,0.7005815842268202,-1.243070517624295,-0.0196464875956663,-1.434321762234622,2021-05-21,AMD
-0.5842327039107309,-0.8823212154846455,1.06708104466399,-0.5842327039107309,-0.6762908097006719,-1.0592271358845717,-0.9570246047629828,0.0,0.7005815842268202,-1.243070517624295,-0.0196464875956663,-1.434321762234622,2021-05-28,AMD
-0.6002391975076595,-0.8790945168958145,1.0410458560458447,-0.6002391975076595,-0.71788339745819,-1.1970501798623432,-0.964309453559172,0.0,-0.012434639122240833,-1.4310809244095224,-0.0196464875956663,-1.434321762234622,2021-06-04,AMD
-0.6749360161885476,-0.8777116461333583,0.9471333668908484,-0.6749360161885476,-0.8120783893401003,-1.265961701851229,-1.0923615843249916,0.0,-0.012434639122240833,-1.4310809244095224,-0.0196464875956663,-1.434321762234622,2021-06-11,AMD
-0.6840825450169922,-0.8731020754941721,0.9266771982307744,-0.6840825450169922,-0.19430626725227457,-0.3012003940068287,-0.0386707656026092,0.0,-0.012434639122240833,-1.4310809244095224,-0.0196464875956663,-1.434321762234622,2021-06-18,AMD
-0.6185322551645488,-0.8661877203939922,0.9926949019422079,-0.6185322551645488,-0.8157482892410536,-1.265961701851229,-1.1101216572639818,0.0,-0.012434639122240833,-1.4310809244095224,-0.0196464875956663,-1.434321762234622,2021-06-25,AMD
-0.6985646322863247,-0.8684925065721846,0.8997121596747574,-0.6985646322863247,-0.8830304096332733,-1.265961701851229,-1.1548276184107853,0.0,-0.725450862471302,-1.243070517624295,-1.4210959360865447,-0.006671264010393827,2021-07-02,AMD
-0.7557306419055553,-0.8661877203939922,0.8253259312220317,-0.7557306419055553,-0.7472428299938447,-1.0592271358845717,-0.8550433134074104,0.0,-0.725450862471302,-1.243070517624295,-1.4210959360865447,-0.006671264010393827,2021-07-09,AMD
-0.7984145642554534,-0.8684925065721846,0.7779047482530762,-0.7984145642554534,-0.46955120976807047,-0.5079349599734858,-0.3282131298691118,0.0,-0.725450862471302,-1.243070517624295,-1.4210959360865447,-0.006671264010393827,2021-07-16,AMD
-0.8090854994114942,-0.8652658062661549,0.758378429530874,-0.8090854994114942,-0.6224650667212904,-0.6457580039512573,-0.5602945096107895,0.0,-0.725450862471302,-1.243070517624295,-1.4210959360865447,-0.006671264010393827,2021-07-23,AMD
-0.8449095478557759,-0.8675705924443473,0.719325639675903,-0.8449095478557759,-0.4952408590667864,-0.4390234379846001,-0.3059137135514949,0.0,-0.725450862471302,-1.243070517624295,-1.4210959360865447,-0.006671264010393827,2021-07-30,AMD
-0.8060366867563019,-0.8661877203939922,0.7639573455726498,-0.8060366867563019,-0.7509128465588124,-1.0592271358845717,-0.7166010664182803,0.0,-1.2474149645836932,-0.7294165339353622,-1.4210959360865447,-0.006671264010393827,2021-08-06,AMD
-0.800701128315414,-0.8652658062661549,0.7686065640871204,-0.800701128315414,-0.8365445831198127,-1.1970501798623432,-0.8176086298352354,0.0,-1.2474149645836932,-0.7294165339353622,-1.4210959360865447,-0.006671264010393827,2021-08-13,AMD
-0.8289030542588471,-0.8661877203939922,0.7360625540673033,-0.8289030542588471,-0.4560949490192467,-0.16337735002905707,-0.1459761788610119,0.0,-1.2474149645836932,-0.7294165339353622,-1.4210959360865447,-0.006671264010393827,2021-08-20,AMD
-0.7892679445641414,-0.8661877203939922,0.7844136146851427,-0.7892679445641414,-0.7215534140231576,-0.7835810479290288,-0.5637515557158649,0.0,-1.2474149645836932,-0.7294165339353622,-1.4210959360865447,-0.006671264010393827,2021-08-27,AMD
-0.7816458220632929,-0.8675705924443473,0.79650136252022,-0.7816458220632929,-0.7191067363131792,-0.7146695259401431,-0.5298176604639301,0.0,-1.4384670858203634,-0.02775214346120108,-1.4210959360865447,-0.006671264010393827,2021-09-03,AMD
-0.767163825656828,-0.8684925065721846,0.8160276743146692,-0.767163825656828,-0.16372349586163057,0.7669281968209006,0.462004237890947,0.0,-1.4384670858203634,-0.02775214346120108,-1.4210959360865447,-0.006671264010393827,2021-09-10,AMD
-0.745059615886647,-0.8731020754941721,0.8522909767058018,-0.745059615886647,-0.1808500065034508,0.594649391848686,0.45233590447740757,0.0,-1.4384670858203634,-0.02775214346120108,-1.4210959360865447,-0.006671264010393827,2021-09-17,AMD
-0.6764604225161438,-0.874484946685928,0.9387649443339133,-0.6764604225161438,-0.5551830629930852,-0.16337735002905707,-0.18658942438752693,0.0,-1.4384670858203634,-0.02775214346120108,-1.4210959360865447,-0.006671264010393827,2021-09-24,AMD
-0.6619784261096787,-0.8731020754941721,0.9536421190149901,-0.6619784261096787,-0.14537387969284996,1.0081185237820007,0.582760562643519,0.0,-1.2474149645836934,0.6739122470129602,-0.019646487595666815,1.4209792342138348,2021-10-01,AMD
-0.5659395553909742,-0.8675705924443473,1.059642472910896,-0.5659395553909742,-0.43040529972053077,0.18118025991537165,0.08076951279537663,0.0,-1.2474149645836934,0.6739122470129602,-0.019646487595666815,1.4209792342138348,2021-10-08,AMD
-0.5880437651611551,-0.8684925065721846,1.034537096127981,-0.5880437651611551,-0.7325632303900318,-0.7835810479290288,-0.4471866284541428,0.0,-1.2474149645836934,0.6739122470129602,-0.019646487595666815,1.4209792342138348,2021-10-15,AMD
-0.5278289428867321,-0.8629610218051612,1.0968355178597284,-0.5278289428867321,-0.8389911441657767,-1.1970501798623432,-0.6119320993493451,0.0,-1.2474149645836934,0.6739122470129602,-0.019646487595666815,1.4209792342138348,2021-10-22,AMD
-0.60252576156762,-0.8638829359329984,1.0075721649521356,-0.60252576156762,-0.7374563524819598,-0.7146695259401431,-0.495230774343144,0.0,-1.2474149645836934,0.6739122470129602,-0.019646487595666815,1.4209792342138348,2021-10-29,AMD
-0.6817959809570316,-0.8675705924443473,0.9183086630978529,-0.6817959809570316,-0.7105435976562835,-0.37011191599571436,-0.3984831026948887,0.0,-0.7254508624713029,1.187566230701893,-0.019646487595666815,1.4209792342138348,2021-11-05,AMD
-0.583470455315499,-0.8661877203939922,1.0354669599213586,-0.583470455315499,-0.7337863359169922,-0.6457580039512573,-0.4183280540349896,0.0,-0.7254508624713029,1.187566230701893,-0.019646487595666815,1.4209792342138348,2021-11-12,AMD
-0.6185322551645488,-0.8652658062661549,0.9908352470968589,-0.6185322551645488,-0.5356101079693153,0.25009178190425735,0.08179164388379677,0.0,-0.7254508624713029,1.187566230701893,-0.019646487595666815,1.4209792342138348,2021-11-19,AMD
-0.6596917711868507,-0.8661877203939922,0.9424842107261551,-0.6596917711868507,0.7745559397364481,2.1796143975930584,3.037890832812254,0.0,-0.7254508624713029,1.187566230701893,-0.019646487595666815,1.4209792342138348,2021-11-26,AMD
-0.7656393284663643,-0.8661877203939922,0.8132382769116201,-0.7656393284663643,1.0253345718085172,2.1796143975930584,3.3107630750823733,0.0,-0.012434639122241358,1.3755766374871208,-0.019646487595666815,1.4209792342138348,2021-12-03,AMD
-0.6543563036088303,-0.8629610218051612,0.9424841830151429,-0.6543563036088303,-0.44019177723241565,0.594649391848686,0.26970801837358704,0.0,-0.012434639122241358,1.3755766374871208,-0.019646487595666815,1.4209792342138348,2021-12-10,AMD
-0.7206688420565056,-0.8721801622249342,0.8801857456959511,-0.7206688420565056,-0.08787835347652961,1.6283222216819722,1.0120102815469159,0.0,-0.012434639122241358,1.3755766374871208,-0.019646487595666815,1.4209792342138348,2021-12-17,AMD
-0.6513074000907705,-0.8592733670110109,0.9387649391380986,-0.6513074000907705,-0.529493647022398,0.31900330389314324,0.09877179500385279,0.0,-0.012434639122241358,1.3755766374871208,-0.019646487595666815,1.4209792342138348,2021-12-24,AMD
-0.6368254036843054,-0.8707972910331784,0.9796772764582468,-0.6368254036843054,-0.6200186223393408,0.04335721593760023,-0.06706623670517652,0.0,-0.012434639122241358,1.3755766374871208,-0.019646487595666815,1.4209792342138348,2021-12-31,AMD
-0.4394121946688759,-0.845444656810651,1.169362098394858,-0.4394121946688759,-0.43162863857552,0.8013839578153433,0.34560214999281297,0.0,0.7005815842268202,1.1875662307018935,1.381802960895212,-0.0066712640103934765,2022-01-07,AMD
-0.4386500369365115,-0.831615946610291,1.142397039055582,-0.4386500369365115,-0.3790262344511277,1.0770300457708866,0.4832238829287675,0.0,0.7005815842268202,1.1875662307018935,1.381802960895212,-0.0066712640103934765,2022-01-14,AMD
-0.4577053431886326,-0.8131776640535464,1.081958282560813,-0.4577053431886326,0.8026920334171136,2.110702875604173,2.8712321465992967,0.0,0.7005815842268202,1.1875662307018935,1.381802960895212,-0.0066712640103934765,2022-01-21,AMD
-0.43102791443566313,-0.8062633158221608,1.100554810231044,-0.43102791443566313,0.6571179762658002,1.9728798316264011,2.7696025890371145,0.0,0.7005815842268202,1.1875662307018935,1.381802960895212,-0.0066712640103934765,2022-01-28,AMD
-0.3182203923876655,-0.7832154609090314,1.19167787340601,-0.3182203923876655,0.11396789103611493,1.8350567876486292,1.5450223739667455,0.0,1.2225456863392115,0.6739122470129602,1.381802960895212,-0.0066712640103934765,2022-02-04,AMD
-0.299164995272677,-0.7302054097201814,1.1079935127454763,-0.299164995272677,0.6204187439282389,1.9039683096375155,2.5302399340466897,0.0,1.2225456863392115,0.6739122470129602,1.381802960895212,-0.0066712640103934765,2022-02-11,AMD
-0.3166958951972018,-0.739424554432951,1.105204039137144,-0.3166958951972018,0.6681277926326743,1.9728798316264011,2.5242931533988004,0.0,1.2225456863392115,0.6739122470129602,1.381802960895212,-0.0066712640103934765,2022-02-18,AMD
-0.2755364700377673,-0.7486436854081316,1.1740111471793797,-0.2755364700377673,0.6485548376089045,1.9039683096375155,2.493320433930867,0.0,1.2225456863392115,0.6739122470129602,1.381802960895212,-0.0066712640103934765,2022-02-25,AMD
-0.47523624311315743,-0.7454169868193007,0.9238876449532825,-0.47523624311315743,1.1855882285636437,2.248525919581944,3.343320200063744,0.0,1.4135978075758815,-0.027752143461200737,1.381802960895212,-0.0066712640103934765,2022-03-04,AMD
-0.2618166313636667,-0.7177595664185809,1.1284496155918966,-0.2618166313636667,1.0351210493204022,2.1796143975930584,2.8707350552835638,0.0,1.4135978075758815,-0.027752143461200737,1.381802960895212,-0.0066712640103934765,2022-03-11,AMD
-0.15205792197086143,-0.7094623512884359,1.245607922807032,-0.15205792197086143,0.19348328331421233,1.6283222216819722,1.3459660284368067,0.0,1.4135978075758815,-0.027752143461200737,1.381802960895212,-0.0066712640103934765,2022-03-18,AMD
0.1101434191646472,-0.646311246410575,1.438082266846247,0.1101434191646472,-0.1808500065034508,1.2493088507431007,0.6722186602221477,0.0,1.4135978075758815,-0.027752143461200737,1.381802960895212,-0.0066712640103934765,2022-03-25,AMD
0.02248891954202287,-0.6555303773857557,1.349748649568601,0.02248891954202287,-0.325200724799775,1.0081185237820007,0.4056776384753029,0.0,1.2225456863392115,-0.7294165339353614,-0.0196464875956663,-1.434321762234622,2022-04-01,AMD
0.2785924536414118,-0.5780896112538114,1.5059596150114,0.2785924536414118,-0.13803407989094346,1.4215876557153153,0.7218248190421295,0.0,1.2225456863392115,-0.7294165339353614,-0.0196464875956663,-1.434321762234622,2022-04-08,AMD
0.3662469532640361,-0.5412130324027333,1.5385035384343044,0.3662469532640361,0.050355903872877326,1.4904991777042007,1.0342001722922174,0.0,1.2225456863392115,-0.7294165339353614,-0.0196464875956663,-1.434321762234622,2022-04-15,AMD
0.42569943608035987,-0.5264624338325151,1.581275485569407,0.42569943608035987,0.7243999799940054,1.9039683096375155,2.159044848692353,0.0,1.2225456863392115,-0.7294165339353614,-0.0196464875956663,-1.434321762234622,2022-04-22,AMD
0.4112175305367623,-0.5135556120020135,1.5375737231351978,0.4112175305367623,1.3592986127236515,2.248525919581944,3.0377086512868177,0.0,1.2225456863392115,-0.7294165339353614,-0.0196464875956663,-1.434321762234622,2022-04-29,AMD
0.5910996579019321,-0.5103289271507713,1.7505040314657725,0.5910996579019321,0.9666157067372078,1.9728798316264011,2.291587243404136,0.0,0.7005815842268202,-1.243070517624295,-0.0196464875956663,-1.434321762234622,2022-05-06,AMD
0.4478036458505408,-0.4513264229691884,1.4566786282504056,0.4478036458505408,0.8051387111270921,1.9039683096375155,1.9651531541409977,0.0,0.7005815842268202,-1.243070517624295,-0.0196464875956663,-1.434321762234622,2022-05-13,AMD
0.3349961238025431,-0.4351929437626221,1.2865202670549332,0.3349961238025431,0.8736440537102865,1.9039683096375155,2.0035157416075053,0.0,0.7005815842268202,-1.243070517624295,-0.0196464875956663,-1.434321762234622,2022-05-20,AMD
0.30145882114395706,-0.4135279694858408,1.2019060772397867,0.30145882114395706,0.4197956049425548,1.2837646117375434,1.2760112991515937,0.0,0.7005815842268202,-1.243070517624295,-0.0196464875956663,-1.434321762234622,2022-05-27,AMD
0.4645723880427013,-0.3628226941719916,1.2986080876314172,0.4645723880427013,0.3060278913649034,1.214853089748658,1.0743555473538455,0.0,-0.012434639122240833,-1.4310809244095224,-0.0196464875956663,-1.434321762234622,2022-06-03,AMD
0.6162526803273054,-0.2922962762714328,1.3413800347665197,0.6162526803273054,0.6681277926326743,1.5249549386986438,1.5894618274228358,0.0,-0.012434639122240833,-1.4310809244095224,-0.0196464875956663,-1.434321762234622,2022-06-10,AMD
0.6795164969826557,-0.18996382353628732,1.212134211796033,0.6795164969826557,1.0816067591698484,2.110702875604173,2.1441236371938115,0.0,-0.012434639122240833,-1.4310809244095224,-0.0196464875956663,-1.434321762234622,2022-06-17,AMD
0.5926241550923957,-0.14939958130506595,1.024308971963364,0.5926241550923957,0.6045155721414079,1.145941567759772,1.3915050180508146,0.0,-0.012434639122240833,-1.4310809244095224,-0.0196464875956663,-1.434321762234622,2022-06-24,AMD
0.412741846001491,-0.14709479856127075,0.8002205475113636,0.412741846001491,0.5396802461231811,1.0770300457708866,1.2611701758679508,0.0,-0.725450862471302,-1.243070517624295,-1.4210959360865447,-0.006671264010393827,2022-07-01,AMD
0.5743310974355065,-0.03646511695839161,0.7741854974482788,0.5743310974355065,0.2876780418680939,0.8702954798042293,0.8502601111290098,0.0,-0.725450862471302,-1.243070517624295,-1.4210959360865447,-0.006671264010393827,2022-07-08,AMD
0.44399267546298404,0.14653478675994047,0.24604364606871332,0.44399267546298404,0.2375223154536801,0.8013839578153433,0.753134464849244,0.0,-0.725450862471302,-1.243070517624295,-1.4210959360865447,-0.006671264010393827,2022-07-15,AMD
0.33194731114735077,0.19954484481758486,0.0024288232253509684,0.33194731114735077,0.09072515277540624,0.594649391848686,0.5037575344646847,0.0,-0.725450862471302,-1.243070517624295,-1.4210959360865447,-0.006671264010393827,2022-07-22,AMD
0.22447525667737353,0.17327033252839075,-0.07567677034009683,0.22447525667737353,-0.11723778601218439,0.38791482588202897,0.16315419342657078,0.0,-0.725450862471302,-1.243070517624295,-1.4210959360865447,-0.006671264010393827,2022-07-29,AMD
0.3753933912296133,0.224897509949687,0.004288342979516125,0.3753933912296133,-0.13925741874593267,0.25009178190425735,0.10385662229504403,0.0,-1.2474149645836932,-0.7294165339353622,-1.4210959360865447,-0.006671264010393827,2022-08-05,AMD
0.38225335599809734,0.2663835993380004,-0.07102752757849076,0.38225335599809734,-0.3374336466936096,-0.16337735002905707,-0.24243179045594992,0.0,-1.2474149645836932,-0.7294165339353622,-1.4210959360865447,-0.006671264010393827,2022-08-12,AMD
0.4889632527357102,0.3032601232387233,-0.015237722879700946,0.4889632527357102,-0.20653942247413792,-0.09446582804017137,-0.039014435634040105,0.0,-1.2474149645836932,-0.7294165339353622,-1.4210959360865447,-0.006671264010393827,2022-08-19,AMD
0.52402505258476,0.3839276841226201,-0.13518561454721698,0.52402505258476,0.400222649918785,0.9392070017931148,0.9308687886318565,0.0,-1.2474149645836932,-0.7294165339353622,-1.4210959360865447,-0.006671264010393827,2022-08-26,AMD
0.6444546971336059,0.4138898048416025,-0.0487115170237362,0.6444546971336059,0.38921283355191083,0.8702954798042293,0.8841347366504405,0.0,-1.4384670858203634,-0.02775214346120108,-1.4210959360865447,-0.006671264010393827,2022-09-02,AMD
0.7420179741799068,0.4821114399983661,-0.06730804469396728,0.7420179741799068,0.06136572023975147,0.38791482588202897,0.3182100048098638,0.0,-1.4384670858203634,-0.02775214346120108,-1.4210959360865447,-0.006671264010393827,2022-09-09,AMD
0.8388189117681082,0.5291290519320719,-0.04406249595022673,0.8388189117681082,0.4907476252357277,1.0081185237820007,1.0291553839002192,0.0,-1.4384670858203634,-0.02775214346120108,-1.4210959360865447,-0.006671264010393827,2022-09-16,AMD
1.0286099982826893,0.5466454667253415,0.15213102615237875,1.0286099982826893,0.9335862576365853,1.8350567876486292,1.7355609144982114,0.0,-1.4384670858203634,-0.02775214346120108,-1.4210959360865447,-0.006671264010393827,2022-09-23,AMD
1.110166690869194,0.5798343821962763,0.18467483873123486,1.110166690869194,1.141549196424176,2.110702875604173,2.0170057103238896,0.0,-1.4384670858203634,-0.02775214346120108,-1.4210959360865447,-0.006671264010393827,2022-09-30,AMD
1.170381513143617,0.6319224831961185,0.15306078602946135,1.170381513143617,1.1097430861785427,2.0417913536152867,1.902335613488957,0.0,-1.2474149645836934,0.6739122470129602,-0.019646487595666815,1.4209792342138348,2022-10-07,AMD
1.2671828141832884,0.7863430918814613,-0.040343013065703245,1.2671828141832884,1.1904815839836005,2.1796143975930584,1.9809758284639123,0.0,-1.2474149645836934,0.6739122470129602,-0.019646487595666815,1.4209792342138348,2022-10-14,AMD
1.42191173739735,0.9048090238231731,-0.090554036813901,1.42191173739735,0.9054501639559197,1.5594106996930868,1.475517489451441,0.0,-1.2474149645836934,0.6739122470129602,-0.019646487595666815,1.4209792342138348,2022-10-21,AMD
1.2671828141832884,0.9439903854180464,-0.3583439465899899,1.2671828141832884,0.4234656215075224,0.594649391848686,0.6186230668765998,0.0,-1.2474149645836934,0.6739122470129602,-0.019646487595666815,1.4209792342138348,2022-10-28,AMD
1.3784658390408224,0.9638115280047559,-0.2625718069194902,1.3784658390408224,0.2766682255012198,0.18118025991537165,0.320886294911133,0.0,-0.7254508624713029,1.187566230701893,-0.019646487595666815,1.4209792342138348,2022-11-04,AMD
1.117026655637678,0.986859465343418,-0.6279942628726303,1.117026655637678,0.02833627113912905,-0.3012003940068287,-0.18247960944126837,0.0,-0.7254508624713029,1.187566230701893,-0.019646487595666815,1.4209792342138348,2022-11-11,AMD
1.1208378077509698,1.0200483808143528,-0.6902926083990948,1.1208378077509698,0.10173496914228038,-0.09446582804017137,-0.08144246519979156,0.0,-0.7254508624713029,1.187566230701893,-0.019646487595666815,1.4209792342138348,2022-11-18,AMD
1.0240366884370333,1.0384866427647141,-0.8455738139648112,1.0240366884370333,-0.21877257769600128,-0.7835810479290288,-0.6589134905695231,0.0,-0.7254508624713029,1.187566230701893,-0.019646487595666815,1.4209792342138348,2022-11-25,AMD
0.88302733130847,1.0536982198638334,-1.048276098583188,0.88302733130847,-0.3949294062379587,-0.9903156138956861,-0.9401844199500753,0.0,-0.012434639122241358,1.3755766374871208,-0.019646487595666815,1.4209792342138348,2022-12-02,AMD
0.9295222240459249,1.037564575806202,-0.959012499740363,0.9295222240459249,0.06625884233167953,-0.09446582804017137,-0.08354259148673734,0.0,-0.012434639122241358,1.3755766374871208,-0.019646487595666815,1.4209792342138348,2022-12-09,AMD
0.8647342736515808,1.0329551202193217,-1.0287495893477778,0.8647342736515808,0.04056942636099241,-0.3012003940068287,-0.14087277106640078,0.0,-0.012434639122241358,1.3755766374871208,-0.019646487595666815,1.4209792342138348,2022-12-16,AMD
1.0697694234421238,1.0467837067813826,-0.8065207954939907,1.0697694234421238,-0.1735099733735155,-0.6457580039512573,-0.5950637909910734,0.0,-0.012434639122241358,1.3755766374871208,-0.019646487595666815,1.4209792342138348,2022-12-23,AMD
1.1673327004884246,1.0776680043595874,-0.7498016742943114,1.1673327004884246,-0.07564519825466626,-0.4390234379846001,-0.44773028737775605,0.0,-0.012434639122241358,1.3755766374871208,-0.019646487595666815,1.4209792342138348,2022-12-30,AMD
0.9310467212363885,1.1850708912105141,-1.2546976443979916,0.9310467212363885,-0.1417040964559111,-0.7146695259401431,-0.612593651695321,0.0,0.7005815842268202,1.1875662307018935,1.381802960895212,-0.0066712640103934765,2023-01-06,AMD
0.8868383016960267,1.182766053516364,-1.3039784648929136,0.8868383016960267,-0.4817843649899338,-1.265961701851229,-1.3093834802701385,0.0,0.7005815842268202,1.1875662307018935,1.381802960895212,-0.0066712640103934765,2023-01-13,AMD
0.8662585891163095,1.205813990855026,-1.3755752959425902,0.8662585891163095,-0.2982877366460699,-0.9903156138956861,-0.8693666307060611,0.0,0.7005815842268202,1.1875662307018935,1.381802960895212,-0.0066712640103934765,2023-01-20,AMD
0.8921737692740471,1.2104234464419061,-1.3532592853878356,0.8921737692740471,-0.46221140996616394,-1.1970501798623432,-1.1277528906994727,0.0,0.7005815842268202,1.1875662307018935,1.381802960895212,-0.0066712640103934765,2023-01-27,AMD
0.9028448861558229,1.1988994777725752,-1.3169957682363596,0.9028448861558229,-0.48423104269991224,-1.265961701851229,-1.1119204294092315,0.0,1.2225456863392115,0.6739122470129602,1.381802960895212,-0.0066712640103934765,2023-02-03,AMD
1.0644339558641034,1.2505268749952918,-1.2240135732613973,1.0644339558641034,-0.21510256113103363,-0.7146695259401431,-0.5426607043243091,0.0,1.2225456863392115,0.6739122470129602,1.381802960895212,-0.0066712640103934765,2023-02-10,AMD
1.1284599302518181,1.2712697548383831,-1.1877498344218245,1.1284599302518181,-0.2774914427673108,-0.7835810479290288,-0.6216047377300918,0.0,1.2225456863392115,0.6739122470129602,1.381802960895212,-0.0066712640103934765,2023-02-17,AMD
1.2206875579943637,1.2818718763506223,-1.0966271592010275,1.2206875579943637,-0.07564519825466626,-0.06001006704572842,-0.20215201298280466,0.0,1.2225456863392115,0.6739122470129602,1.381802960895212,-0.0066712640103934765,2023-02-24,AMD
1.2321208326085038,1.2887861696316527,-1.096626937512931,1.2321208326085038,-0.46465808767614236,-1.1281386578734576,-0.914107545720456,0.0,1.4135978075758815,-0.027752143461200737,1.381802960895212,-0.0066712640103934765,2023-03-03,AMD
1.0270855010922257,1.327967531226526,-1.4257858763145947,1.0270855010922257,0.3072509968918638,0.9392070017931148,0.6373464073364722,0.0,1.4135978075758815,-0.027752143461200737,1.381802960895212,-0.0066712640103934765,2023-03-10,AMD
0.7984216443410381,1.0928795814587067,-1.2305223357771684,0.7984216443410381,0.39410618897186767,1.0081185237820007,0.804408719222602,0.0,1.4135978075758815,-0.027752143461200737,1.381802960895212,-0.0066712640103934765,2023-03-17,AMD
0.7869885514526329,1.1896803467973944,-1.4397329395351233,0.7869885514526329,-0.06708205959777055,0.04335721593760023,-0.13107683667743086,0.0,1.4135978075758815,-0.027752143461200737,1.381802960895212,-0.0066712640103934765,2023-03-24,AMD
0.873880711617158,1.2274789376566297,-1.409978849963708,0.873880711617158,-0.43896843837742644,-0.9903156138956861,-0.8709975792419404,0.0,1.4135978075758815,-0.027752143461200737,1.381802960895212,-0.0066712640103934765,2023-03-31,AMD
0.7168649517545335,1.2850985612018644,-1.7177515380877,0.7168649517545335,-0.4756679040430165,-1.1281386578734576,-0.9126700919326588,0.0,1.2225456863392115,-0.7294165339353614,-0.0196464875956663,-1.434321762234622,2023-04-07,AMD
0.8952227636549746,1.3740631861024297,-1.6796285011820586,0.8952227636549746,-0.6383682385081214,-1.265961701851229,-1.1664869584026434,0.0,1.2225456863392115,-0.7294165339353614,-0.0196464875956663,-1.434321762234622,2023-04-14,AMD
0.931808878968753,1.3957281329040334,-1.678698741304976,0.931808878968753,-0.6750674708456826,-1.265961701851229,-1.157526105465968,0.0,1.2225456863392115,-0.7294165339353614,-0.0196464875956663,-1.434321762234622,2023-04-21,AMD
0.8418677244233006,1.3832823170776105,-1.7633130973861952,0.8418677244233006,-0.7961753342172838,-1.265961701851229,-1.3404249853890313,0.0,1.2225456863392115,-0.7294165339353614,-0.0196464875956663,-1.434321762234622,2023-04-28,AMD
0.8372945963033795,1.4556525941434184,-1.9148748200673882,0.8372945963033795,-0.6236884055762796,-1.0592271358845717,-0.9545581847255824,0.0,0.7005815842268202,-1.243070517624295,-0.0196464875956663,-1.434321762234622,2023-05-05,AMD
0.8502521863822483,1.4316828096476644,-1.8507167330986618,0.8502521863822483,-0.6432613606000495,-1.1281386578734576,-0.9357645354185936,0.0,0.7005815842268202,-1.243070517624295,-0.0196464875956663,-1.434321762234622,2023-05-12,AMD
1.0247988461693978,1.4579574318375688,-1.6907867281475326,1.0247988461693978,-0.6701743487537546,-1.1281386578734576,-0.9351989373467144,0.0,0.7005815842268202,-1.243070517624295,-0.0196464875956663,-1.434321762234622,2023-05-19,AMD
1.11474000071485,1.4717860183996296,-1.6089616516975613,1.11474000071485,-0.5307167525493585,-0.8524925699179146,-0.6205745379081193,0.0,0.7005815842268202,-1.243070517624295,-0.0196464875956663,-1.434321762234622,2023-05-26,AMD
1.0240366884370333,1.5178818930769538,-1.8125941395692138,1.0240366884370333,-0.9405259358495935,-1.265961701851229,-1.3132325241590714,0.0,-0.012434639122240833,-1.4310809244095224,-0.0196464875956663,-1.434321762234622,2023-06-02,AMD
1.0651961135964678,1.4625668874244488,-1.6508039497996294,1.0651961135964678,-1.034720927731504,-1.265961701851229,-1.3907689840413573,0.0,-0.012434639122240833,-1.4310809244095224,-0.0196464875956663,-1.434321762234622,2023-06-09,AMD
1.0834893529790919,1.448738300862388,-1.6005933694276249,1.0834893529790919,-1.0701969378780904,-1.265961701851229,-1.3916511982401776,0.0,-0.012434639122240833,-1.4310809244095224,-0.0196464875956663,-1.434321762234622,2023-06-16,AMD
1.0606229854765468,1.4823881399118688,-1.6963655090981247,1.0606229854765468,-1.0824300930999537,-1.265961701851229,-1.3226301207012567,0.0,-0.012434639122240833,-1.4310809244095224,-0.0196464875956663,-1.434321762234622,2023-06-23,AMD
1.1215999654833342,1.4893024331928992,-1.6359266833258252,1.1215999654833342,-1.0640803602671587,-1.1281386578734576,-1.2073329678947413,0.0,-0.012434639122240833,-1.4310809244095224,-0.0196464875956663,-1.434321762234622,2023-06-30,AMD
1.297671304186682,1.5169598261184414,-1.4769259948755855,1.297671304186682,-0.912389842168928,-0.9214040919068004,-0.8767524673046152,0.0,-0.725450862471302,-1.243070517624295,-1.4210959360865447,-0.006671264010393827,2023-07-07,AMD
1.1215999654833342,1.5178818930769538,-1.6935762294668768,1.1215999654833342,-1.0946631316578028,-1.265961701851229,-1.1204982377140795,0.0,-0.725450862471302,-1.243070517624295,-1.4210959360865447,-0.006671264010393827,2023-07-14,AMD
1.1353197132945674,1.533093470176073,-1.7075237360635984,1.1353197132945674,-1.0628570214121695,-0.9903156138956861,-0.9979953543372407,0.0,-0.725450862471302,-1.243070517624295,-1.4210959360865447,-0.006671264010393827,2023-07-21,AMD
1.2359319847217953,1.5363201550273153,-1.5912951055925093,1.2359319847217953,-1.095886470512792,-1.265961701851229,-0.9909291523275198,0.0,-0.725450862471302,-1.243070517624295,-1.4210959360865447,-0.006671264010393827,2023-07-28,AMD
1.3052932449617956,1.535398088068803,-1.5048210080690285,1.3052932449617956,-0.6346982219431537,-0.3012003940068287,-0.20435284457982902,0.0,-1.2474149645836932,-0.7294165339353622,-1.4210959360865447,-0.006671264010393827,2023-08-04,AMD
1.3876124587321343,1.5409296106141954,-1.4155574092262035,1.3876124587321343,-0.9111665033139388,-0.6457580039512573,-0.6313225264262696,0.0,-1.2474149645836932,-0.7294165339353622,-1.4210959360865447,-0.006671264010393827,2023-08-11,AMD
1.4508759119360148,1.5469220567381339,-1.3504697840684914,1.4508759119360148,-0.6102321448274558,-0.09446582804017137,-0.12349135158560398,0.0,-1.2474149645836932,-0.7294165339353622,-1.4210959360865447,-0.006671264010393827,2023-08-18,AMD
1.4417292922447027,1.5639775479528575,-1.396031565055083,1.4417292922447027,-0.8084083727751328,-0.5768464819623715,-0.41176588625207533,0.0,-1.2474149645836932,-0.7294165339353622,-1.4210959360865447,-0.006671264010393827,2023-08-25,AMD
1.3914232473939563,1.5423126011512538,-1.4136983328482315,1.3914232473939563,-1.1252459030484467,-1.265961701851229,-0.8737858267097729,0.0,-1.4384670858203634,-0.02775214346120108,-1.4210959360865447,-0.006671264010393827,2023-09-01,AMD
1.4562113795140352,1.5538365698205847,-1.3579087498375384,1.4562113795140352,-1.0334975888765148,-0.7146695259401431,-0.6788935879175494,0.0,-1.4384670858203634,-0.02775214346120108,-1.4210959360865447,-0.006671264010393827,2023-09-08,AMD
1.5049931089000532,1.5561411877133147,-1.3030484833277345,1.5049931089000532,-1.0396141664874465,-0.7835810479290288,-0.6460312863748908,0.0,-1.4384670858203634,-0.02775214346120108,-1.4210959360865447,-0.006671264010393827,2023-09-15,AMD
1.5934099479807768,1.559367872564557,-1.2016971193304495,1.5934099479807768,-0.6224650667212904,0.18118025991537165,0.06020096574034952,0.0,-1.4384670858203634,-0.02775214346120108,-1.4210959360865447,-0.006671264010393827,2023-09-22,AMD
1.696308510879363,1.557063254671827,-1.0715218690150252,1.696308510879363,-0.5833191566737507,0.31900330389314324,0.16184911974029548,0.0,-1.4384670858203634,-0.02775214346120108,-1.4210959360865447,-0.006671264010393827,2023-09-29,AMD
1.8571354228552792,1.5791891250519767,-0.9199599246457355,1.8571354228552792,-0.5918822953306464,0.31900330389314324,0.18361802637757127,0.0,-1.2474149645836934,0.6739122470129602,-0.019646487595666815,1.4209792342138348,2023-10-06,AMD
1.7389926149549961,1.569969994076796,-1.045486375575747,1.7389926149549961,-0.3631232959923255,1.0081185237820007,0.7100918590287904,0.0,-1.2474149645836934,0.6739122470129602,-0.019646487595666815,1.4209792342138348,2023-10-13,AMD
1.963845137867157,1.557063254671827,-0.745152653220802,1.963845137867157,-0.0707520761627382,1.6283222216819722,1.4628936480900299,0.0,-1.2474149645836934,0.6739122470129602,-0.019646487595666815,1.4209792342138348,2023-10-20,AMD
1.903630315592734,1.559367872564557,-0.8232578034100566,1.903630315592734,-0.12457758581409088,1.4904991777042007,1.3955068639459647,0.0,-1.2474149645836934,0.6739122470129602,-0.019646487595666815,1.4209792342138348,2023-10-27,AMD
1.6848754179909577,1.535398088068803,-1.0417668926912236,1.6848754179909577,-0.9026033646570432,-0.37011191599571436,-0.47760865315477324,0.0,-0.7254508624713029,1.187566230701893,-0.019646487595666815,1.4209792342138348,2023-11-03,AMD
1.7382300937711619,1.534015317333165,-0.9738899879022637,1.7382300937711619,-0.9931283399739859,-0.5768464819623715,-0.6626848346079497,0.0,-0.7254508624713029,1.187566230701893,-0.019646487595666815,1.4209792342138348,2023-11-10,AMD
1.59569642117787,1.5261789570936222,-1.1319602514111313,1.59569642117787,-1.0383908276324572,-0.7146695259401431,-0.735915013516008,0.0,-0.7254508624713029,1.187566230701893,-0.019646487595666815,1.4209792342138348,2023-11-17,AMD
1.6193251281385144,1.535398088068803,-1.1217320060108367,1.6193251281385144,-1.2023145009525513,-1.265961701851229,-1.0811618535585554,0.0,-0.7254508624713029,1.187566230701893,-0.019646487595666815,1.4209792342138348,2023-11-24,AMD
1.4318205148210263,1.5178818930769538,-1.3151366918583876,1.4318205148210263,-1.1815182070737922,-1.1970501798623432,-0.9641682506565071,0.0,-0.012434639122241358,1.3755766374871208,-0.019646487595666815,1.4209792342138348,2023-12-01,AMD
1.4463026020903589,1.5261789570936222,-1.3142064886051117,1.4463026020903589,-1.2157708783653896,-1.265961701851229,-0.9956553217830373,0.0,-0.012434639122241358,1.3755766374871208,-0.019646487595666815,1.4209792342138348,2023-12-08,AMD
1.2046811552603023,1.522491348663834,-1.6015231293047074,1.2046811552603023,-1.2243341336862996,-1.265961701851229,-0.9656567695534992,0.0,-0.012434639122241358,1.3755766374871208,-0.019646487595666815,1.4209792342138348,2023-12-15,AMD
1.1841014426805851,1.5146552082257116,-1.6108216148279195,1.1841014426805851,-1.1325858195143677,-0.9903156138956861,-0.690554756573714,0.0,-0.012434639122241358,1.3755766374871208,-0.019646487595666815,1.4209792342138348,2023-12-22,AMD
1.1574239230647483,1.5017482490193221,-1.6173301556555943,1.1574239230647483,-1.2035378398075405,-1.1281386578734576,-0.820125667450998,0.0,-0.012434639122241358,1.3755766374871208,-0.019646487595666815,1.4209792342138348,2023-12-29,AMD
1.2915733154248275,1.5201865109696837,-1.4908737231604037,1.2915733154248275,-1.0934397928028134,-0.6457580039512573,-0.5062118756068688,0.0,0.7005815842268202,1.1875662307018935,1.381802960895212,-0.0066712640103934765,2024-01-05,AMD
1.2214498974524628,1.510045532837411,-1.5559615700062124,1.2214498974524628,-1.1729550684168966,-0.9214040919068004,-0.6631869098271118,0.0,0.7005815842268202,1.1875662307018935,1.381802960895212,-0.0066712640103934765,2024-01-12,AMD
1.370843534814239,1.510045532837411,-1.3737155545003286,1.370843534814239,-1.0995563704137452,-0.7146695259401431,-0.44250975494475675,0.0,0.7005815842268202,1.1875662307018935,1.381802960895212,-0.0066712640103934765,2024-01-19,AMD
1.3815144699702797,1.510967379994503,-1.3625575492229511,1.3815144699702797,-1.1044496091696876,-0.7146695259401431,-0.4207572267440129,0.0,0.7005815842268202,1.1875662307018935,1.381802960895212,-0.0066712640103934765,2024-01-26,AMD
1.2847135323820782,1.5155770553828034,-1.4899439632833211,1.2847135323820782,-1.0322742500215256,0.18118025991537165,-0.21281431648056048,0.0,1.2225456863392115,0.6739122470129602,1.381802960895212,-0.0066712640103934765,2024-02-02,AMD
-0.42645460459000706,-0.2070192048503007,-0.10264169112431258,-0.42645460459000706,-1.0114779561427665,0.18118025991537165,-0.21281431648056048,0.0,0.7005815842268202,1.1875662307018935,1.381802960895212,-0.0066712640103934765,2020-01-03,ASML
-0.39825267864657393,-0.19549529113132477,-0.0914836858469353,-0.39825267864657393,-1.190081345730688,0.18118025991537165,-0.21281431648056048,0.0,0.7005815842268202,1.1875662307018935,1.381802960895212,-0.0066712640103934765,2020-01-10,ASML
-0.38986839841336113,-0.18397137741234884,-0.10450132172252603,-0.38986839841336113,-1.2463536497560335,0.18118025991537165,-0.21281431648056048,0.0,0.7005815842268202,1.1875662307018935,1.381802960895212,-0.0066712640103934765,2020-01-17,ASML
-0.5080113880393792,-0.19918295451146809,-0.21794022918617426,-0.5080113880393792,-0.945419174605536,0.18118025991537165,-0.21281431648056048,0.0,0.7005815842268202,1.1875662307018935,1.381802960895212,-0.0066712640103934765,2020-01-24,ASML
-0.6307276875110532,-0.18996382353628732,-0.38623895978343314,-0.6307276875110532,-0.42184216106363503,0.18118025991537165,-0.21281431648056048,0.0,0.7005815842268202,1.1875662307018935,1.381802960895212,-0.0066712640103934765,2020-01-31,ASML
-0.5865193588335589,-0.186276160156144,-0.3397476406078554,-0.5865193588335589,-0.8340979054098342,0.18118025991537165,-0.21281431648056048,0.0,1.2225456863392115,0.6739122470129602,1.381802960895212,-0.0066712640103934765,2020-02-07,ASML
-0.5788971454698429,-0.1784399098173114,-0.3462562922795783,-0.5788971454698429,-1.0530705439002845,0.18118025991537165,-0.21281431648056048,0.0,1.2225456863392115,0.6739122470129602,1.381802960895212,-0.0066712640103934765,2020-02-14,ASML
-0.668076142282931,-0.186276160156144,-0.4392391523188303,-0.668076142282931,-0.6371448996531321,0.18118025991537165,-0.21281431648056048,0.0,1.2225456863392115,0.6739122470129602,1.381802960895212,-0.0066712640103934765,2020-02-21,ASML
-0.9302773925555722,-0.31903176708952796,-0.49130947413309667,-0.9302773925555722,2.1801400848510823,0.18118025991537165,-0.21281431648056048,0.0,1.2225456863392115,0.6739122470129602,1.381802960895212,-0.0066712640103934765,2020-02-28,ASML
-1.2511690587750401,-0.6947117252430403,-0.12495750770198263,-1.2511690587750401,2.4040057287694463,0.18118025991537165,-0.21281431648056048,0.0,1.4135978075758815,-0.027752143461200737,1.381802960895212,-0.0066712640103934765,2020-03-06,ASML
-1.064426875778519,-0.7739963230650563,0.2627804600076947,-1.064426875778519,4.347847070349867,0.18118025991537165,-0.21281431648056048,0.0,1.4135978075758815,-0.027752143461200737,1.381802960895212,-0.0066712640103934765,2020-03-13,ASML
-1.0743356077707615,-0.9012204521002112,0.5073250773669048,-1.0743356077707615,5.352185170821161,0.18118025991537165,-0.21281431648056048,0.0,1.4135978075758815,-0.027752143461200737,1.381802960895212,-0.0066712640103934765,2020-03-20,ASML
-1.2183938684173847,-0.9127443761223787,0.3548333939037917,-1.2183938684173847,5.291019628039874,0.18118025991537165,-0.21281431648056048,0.0,1.4135978075758815,-0.027752143461200737,1.381802960895212,-0.0066712640103934765,2020-03-27,ASML
-1.3418723710528568,-0.8592733670110109,0.09634141543067345,-1.3418723710528568,2.9985348792685347,0.18118025991537165,-0.21281431648056048,0.0,1.2225456863392115,-0.7294165339353614,-0.0196464875956663,-1.434321762234622,2020-04-03,ASML
-1.2336381588505152,-0.78920790703297,0.0870431100290398,-1.2336381588505152,2.370976279668824,0.18118025991537165,-0.21281431648056048,0.0,1.2225456863392115,-0.7294165339353614,-0.0196464875956663,-1.434321762234622,2020-04-10,ASML
-1.2908041230383123,-0.8385303017104709,0.11679758755462402,-1.2908041230383123,1.9403712691458872,0.18118025991537165,-0.21281431648056048,0.0,1.2225456863392115,-0.7294165339353614,-0.0196464875956663,-1.434321762234622,2020-04-17,ASML
-1.3350124517158066,-0.8399131720436276,0.0656571156782295,-1.3350124517158066,1.66879610986703,0.18118025991537165,-0.21281431648056048,0.0,1.2225456863392115,-0.7294165339353614,-0.0196464875956663,-1.434321762234622,2020-04-24,ASML
-1.2999506518667567,-0.8431398706324585,0.1149379638841636,-1.2999506518667567,1.8229330723472106,0.18118025991537165,-0.21281431648056048,0.0,0.7005815842268202,-1.243070517624295,-0.0196464875956663,-1.434321762234622,2020-05-01,ASML
-1.269462161863363,-0.8422179582218199,0.15027136784315323,-1.269462161863363,0.6962638863133399,0.18118025991537165,-0.21281431648056048,0.0,0.7005815842268202,-1.243070517624295,-0.0196464875956663,-1.434321762234622,2020-05-08,ASML
-1.3014751036257868,-0.8385303017104709,0.10378000710105743,-1.3014751036257868,1.1745784121967695,0.18118025991537165,-0.21281431648056048,0.0,0.7005815842268202,-1.243070517624295,-0.0196464875956663,-1.434321762234622,2020-05-15,ASML
-1.288517468115484,-0.83530360312164,0.11307829864718505,-1.288517468115484,0.7182835190470882,0.18118025991537165,-0.21281431648056048,0.0,0.7005815842268202,-1.243070517624295,-0.0196464875956663,-1.434321762234622,2020-05-22,ASML
-1.2953773874525345,-0.8270063742539063,0.0879729530391586,-1.2953773874525345,0.6387683600970195,0.18118025991537165,-0.21281431648056048,0.0,0.7005815842268202,-1.243070517624295,-0.0196464875956663,-1.434321762234622,2020-05-29,ASML
-1.1002508787913667,-0.8191701101774849,0.3102016637599093,-1.1002508787913667,0.27299844226428094,0.18118025991537165,-0.21281431648056048,0.0,-0.012434639122240833,-1.4310809244095224,-0.0196464875956663,-1.434321762234622,2020-06-05,ASML
-1.2565045263530605,-0.8168653205648954,0.11493794310090454,-1.2565045263530605,1.6883690648908,0.18118025991537165,-0.21281431648056048,0.0,-0.012434639122240833,-1.4310809244095224,-0.0196464875956663,-1.434321762234622,2020-06-12,ASML
-1.2580289326806566,-0.8200920191537263,0.11958710272947437,-1.2580289326806566,1.569707762565163,0.18118025991537165,-0.21281431648056048,0.0,-0.012434639122240833,-1.4310809244095224,-0.0196464875956663,-1.434321762234622,2020-06-19,ASML
-1.304523961712413,-0.8247015915101111,0.0721658712662477,-1.304523961712413,1.5219987138607276,0.18118025991537165,-0.21281431648056048,0.0,-0.012434639122240833,-1.4310809244095224,-0.0196464875956663,-1.434321762234622,2020-06-26,ASML
-1.2793708938556059,-0.8247015915101111,0.10285021951296278,-1.2793708938556059,0.6595646539757787,0.18118025991537165,-0.21281431648056048,0.0,-0.725450862471302,-1.243070517624295,-1.4210959360865447,-0.006671264010393827,2020-07-03,ASML
-1.3068105712038072,-0.8306940341996524,0.08146418359563437,-1.3068105712038072,0.6118556052713432,0.18118025991537165,-0.21281431648056048,0.0,-0.725450862471302,-1.243070517624295,-1.4210959360865447,-0.006671264010393827,2020-07-10,ASML
-1.3106216324542312,-0.8376083892998324,0.09076246128625594,-1.3106216324542312,0.41490248285062675,0.18118025991537165,-0.21281431648056048,0.0,-0.725450862471302,-1.243070517624295,-1.4210959360865447,-0.006671264010393827,2020-07-17,ASML
-1.3403479647252607,-0.8408350878886633,0.06100795604965965,-1.3403479647252607,0.4344754378743966,0.18118025991537165,-0.21281431648056048,0.0,-0.725450862471302,-1.243070517624295,-1.4210959360865447,-0.006671264010393827,2020-07-24,ASML
-1.3807452321523308,-0.8477494429888434,0.025674545162916982,-1.3807452321523308,0.26565840913434563,0.18118025991537165,-0.21281431648056048,0.0,-0.725450862471302,-1.243070517624295,-1.4210959360865447,-0.006671264010393827,2020-07-31,ASML
-1.3609277227364116,-0.845444656810651,0.04520088120450177,-1.3609277227364116,-0.009586533381450227,0.18118025991537165,-0.21281431648056048,0.0,-1.2474149645836932,-0.7294165339353622,-1.4210959360865447,-0.006671264010393827,2020-08-07,ASML
-1.2488824038522122,-0.845444656810651,0.18188550367796297,-1.2488824038522122,-0.029159488405220074,0.18118025991537165,-0.21281431648056048,0.0,-1.2474149645836932,-0.7294165339353622,-1.4210959360865447,-0.006671264010393827,2020-08-14,ASML
-1.3014751036257868,-0.845444656810651,0.11772741670923678,-1.3014751036257868,0.030782948849107483,0.18118025991537165,-0.21281431648056048,0.0,-1.2474149645836932,-0.7294165339353622,-1.4210959360865447,-0.006671264010393827,2020-08-21,ASML
-1.2336381588505152,-0.8422179582218199,0.19397324112141076,-1.2336381588505152,0.08216178079048174,0.18118025991537165,-0.21281431648056048,0.0,-1.2474149645836932,-0.7294165339353622,-1.4210959360865447,-0.006671264010393827,2020-08-28,ASML
-1.2397358295923337,-0.8385303017104709,0.17909604392513676,-1.2397358295923337,1.0351210493204022,0.18118025991537165,-0.21281431648056048,0.0,-1.4384670858203634,-0.02775214346120108,-1.4210959360865447,-0.006671264010393827,2020-09-04,ASML
-1.2793708938556059,-0.8385303017104709,0.13074503872932147,-1.2793708938556059,0.5604765400019401,0.18118025991537165,-0.21281431648056048,0.0,-1.4384670858203634,-0.02775214346120108,-1.4210959360865447,-0.006671264010393827,2020-09-11,ASML
-1.2603155876034848,-0.8477494429888434,0.17258724677060044,-1.2603155876034848,0.43325209901940737,0.18118025991537165,-0.21281431648056048,0.0,-1.4384670858203634,-0.02775214346120108,-1.4210959360865447,-0.006671264010393827,2020-09-18,ASML
-1.286993061787888,-0.8445227409656151,0.13353447077113562,-1.286993061787888,0.5005341027476127,0.18118025991537165,-0.21281431648056048,0.0,-1.4384670858203634,-0.02775214346120108,-1.4210959360865447,-0.006671264010393827,2020-09-25,ASML
-1.2587911812758885,-0.8468275271438075,0.17258721905958838,-1.2587911812758885,0.6534479597008326,0.18118025991537165,-0.21281431648056048,0.0,-1.2474149645836934,0.6739122470129602,-0.019646487595666815,1.4209792342138348,2020-10-02,ASML
-1.1985763590014655,-0.8431398706324585,0.23860495048203406,-1.1985763590014655,0.33171730733559046,0.18118025991537165,-0.21281431648056048,0.0,-1.2474149645836934,0.6739122470129602,-0.019646487595666815,1.4209792342138348,2020-10-09,ASML
-1.2222049296678088,-0.8445227409656151,0.212569824213666,-1.2222049296678088,0.6265352048751562,0.18118025991537165,-0.21281431648056048,0.0,-1.2474149645836934,0.6739122470129602,-0.019646487595666815,1.4209792342138348,2020-10-16,ASML
-1.1482702687192852,-0.8477494429888434,0.3092718692440617,-1.1482702687192852,0.6436614821889476,0.18118025991537165,-0.21281431648056048,0.0,-1.2474149645836934,0.6739122470129602,-0.019646487595666815,1.4209792342138348,2020-10-23,ASML
-1.1337882268813864,-0.8477494429888434,0.326938581615186,-1.1337882268813864,1.9244680973590562,0.18118025991537165,-0.21281431648056048,0.0,-1.2474149645836934,0.6739122470129602,-0.019646487595666815,1.4209792342138348,2020-10-30,ASML
-1.1642767623162138,-0.8477494429888434,0.2897454708526997,-1.1642767623162138,0.31459103002179906,0.18118025991537165,-0.21281431648056048,0.0,-0.7254508624713029,1.187566230701893,-0.019646487595666815,1.4209792342138348,2020-11-06,ASML
-1.1086352044560133,-0.8477494429888434,0.35762287443987695,-1.1086352044560133,0.09928829143230194,0.18118025991537165,-0.21281431648056048,0.0,-0.7254508624713029,1.187566230701893,-0.019646487595666815,1.4209792342138348,2020-11-13,ASML
-1.1574168429791636,-0.8592733670110109,0.3213595997597564,-1.1574168429791636,0.17268698943545327,0.18118025991537165,-0.21281431648056048,0.0,-0.7254508624713029,1.187566230701893,-0.019646487595666815,1.4209792342138348,2020-11-20,ASML
-1.1475080655554872,-0.8523590119108309,0.319499955306037,-1.1475080655554872,-0.17717998993848313,0.18118025991537165,-0.21281431648056048,0.0,-0.7254508624713029,1.187566230701893,-0.019646487595666815,1.4209792342138348,2020-11-27,ASML
-1.0507070371044183,-0.8514370960657951,0.4357283363780174,-1.0507070371044183,-0.18329645088540042,0.18118025991537165,-0.21281431648056048,0.0,-0.012434639122241358,1.3755766374871208,-0.019646487595666815,1.4209792342138348,2020-12-04,ASML
-1.1086352044560133,-0.8560466684221798,0.37435976458414155,-1.1086352044560133,0.12497770740298908,0.18118025991537165,-0.21281431648056048,0.0,-0.012434639122241358,1.3755766374871208,-0.019646487595666815,1.4209792342138348,2020-12-11,ASML
-1.0667134852699132,-0.8491323133219999,0.41155286149112186,-1.0667134852699132,-0.08787835347652961,0.18118025991537165,-0.21281431648056048,0.0,-0.012434639122241358,1.3755766374871208,-0.019646487595666815,1.4209792342138348,2020-12-18,ASML
-1.0819577757030436,-0.8514370960657951,0.3976054103164244,-1.0819577757030436,-0.09277147556845768,-0.5768464819623715,-0.1437276213786706,0.0,-0.012434639122241358,1.3755766374871208,-0.019646487595666815,1.4209792342138348,2020-12-25,ASML
-1.0903421013676902,-0.8560466684221798,0.3966756088728237,-1.0903421013676902,0.056472364819794604,-0.3012003940068287,-0.0592397899234291,0.0,0.7005815842268202,1.1875662307018935,1.381802960895212,-0.0066712640103934765,2021-01-01,ASML
-0.9470460438848651,-0.8491323133219999,0.5575357477996986,-0.9470460438848651,-0.08910169233151884,-0.6457580039512573,-0.18985059920094488,0.0,0.7005815842268202,1.1875662307018935,1.381802960895212,-0.0066712640103934765,2021-01-08,ASML
-0.9531437600581174,-0.8514370960657951,0.5547462464803543,-0.9531437600581174,0.25097880953053264,-0.02555430605128567,0.028733225453996272,0.0,0.7005815842268202,1.1875662307018935,1.381802960895212,-0.0066712640103934765,2021-01-15,ASML
-0.9577170699037735,-0.8537418822439874,0.5538163826869764,-0.9577170699037735,-0.04628576571901149,-0.6457580039512573,-0.21516864058194368,0.0,0.7005815842268202,1.1875662307018935,1.381802960895212,-0.0066712640103934765,2021-01-22,ASML
-0.9561925727133098,-0.8638829359329984,0.5761323239642008,-0.9561925727133098,1.3213758082030722,1.2837646117375434,0.7969851463132129,0.0,0.7005815842268202,1.1875662307018935,1.381802960895212,-0.0066712640103934765,2021-01-29,ASML
-0.8975022476293504,-0.8754068608137652,0.6709746154287669,-0.8975022476293504,-0.1735099733735155,-0.9903156138956861,-0.3619410249792801,0.0,1.2225456863392115,0.6739122470129602,1.381802960895212,-0.0066712640103934765,2021-02-05,ASML
-0.8746357892639377,-0.8698753769053411,0.687711590438006,-0.8746357892639377,-0.2836081370422569,-1.1970501798623432,-0.4713579978831625,0.0,1.2225456863392115,0.6739122470129602,1.381802960895212,-0.0066712640103934765,2021-02-12,ASML
-0.7641149221387681,-0.8754068608137652,0.8336944542313854,-0.7641149221387681,-0.029159488405220074,-0.6802137649457002,-0.2884377179129789,0.0,1.2225456863392115,0.6739122470129602,1.381802960895212,-0.0066712640103934765,2021-02-19,ASML
-0.6764604225161438,-0.8698753769053411,0.9294666718391067,-0.6764604225161438,0.692594103076401,1.0081185237820007,0.30187672821379424,0.0,1.2225456863392115,0.6739122470129602,1.381802960895212,-0.0066712640103934765,2021-02-26,ASML
-0.6048124164904481,-0.8731020754941721,1.023379208622405,-0.6048124164904481,0.29012471957807234,0.11226873792648594,0.008494667399092515,0.0,1.4135978075758815,-0.027752143461200737,1.381802960895212,-0.0066712640103934765,2021-03-05,ASML
-0.5430731878884288,-0.874484946685928,1.1014846722924836,-0.5430731878884288,-0.19552960610726378,-1.1970501798623432,-0.37339094244145893,0.0,1.4135978075758815,-0.027752143461200737,1.381802960895212,-0.0066712640103934765,2021-03-12,ASML
-0.4691385269399052,-0.8837040866764013,1.2102744660239257,-0.4691385269399052,-0.16372349586163057,-0.9214040919068004,-0.3914697862550716,0.0,1.4135978075758815,-0.027752143461200737,1.381802960895212,-0.0066712640103934765,2021-03-19,ASML
-0.5240178816363078,-0.8790945168958145,1.1340286052410484,-0.5240178816363078,-0.4193954833536566,-1.265961701851229,-0.8550437670104123,0.0,1.4135978075758815,-0.027752143461200737,1.381802960895212,-0.0066712640103934765,2021-03-26,ASML
-0.5095357943669754,-0.8823212154846455,1.15820416326098,-0.5095357943669754,-0.6065621282624881,-1.265961701851229,-1.1528467074727442,0.0,1.2225456863392115,-0.7294165339353614,-0.0196464875956663,-1.434321762234622,2021-04-02,ASML
-0.5194445717906518,-0.8846260005895887,1.1507655347869084,-0.5194445717906518,-0.6848539483575675,-1.265961701851229,-1.2646755178824118,0.0,1.2225456863392115,-0.7294165339353614,-0.0196464875956663,-1.434321762234622,2021-04-09,ASML
-0.5903304200839831,-0.8823212154846455,1.059642411427088,-0.5903304200839831,-0.738679691336949,-1.265961701851229,-1.3086350191434937,0.0,1.2225456863392115,-0.7294165339353614,-0.0196464875956663,-1.434321762234622,2021-04-16,ASML
-0.5949036390667717,-0.8790945168958145,1.0475547294056642,-0.5949036390667717,-0.6065621282624881,-1.0936828968790147,-1.0574186806242616,0.0,1.2225456863392115,-0.7294165339353614,-0.0196464875956663,-1.434321762234622,2021-04-23,ASML
-0.5461220005436213,-0.8846260005895887,1.118221611364004,-0.5461220005436213,-0.4499782547443006,-0.9903156138956861,-0.786762692510855,0.0,1.2225456863392115,-0.7294165339353614,-0.0196464875956663,-1.434321762234622,2021-04-30,ASML
-0.5872815165659232,-0.8823212154846455,1.063361783467563,-0.5872815165659232,-0.6848539483575675,-1.1625944188679005,-1.1040462444644852,0.0,0.7005815842268202,-1.243070517624295,-0.0196464875956663,-1.434321762234622,2021-05-07,ASML
-0.5430731878884288,-0.8837040866764013,1.1200812181480664,-0.5430731878884288,-0.42551217762860266,-0.8524925699179146,-0.6369337363574337,0.0,0.7005815842268202,-1.243070517624295,-0.0196464875956663,-1.434321762234622,2021-05-14,ASML
-0.5453598428112569,-0.8846260005895887,1.1191513712410865,-0.5453598428112569,-0.2615885043085086,-0.6457580039512573,-0.33293990548749625,0.0,0.7005815842268202,-1.243070517624295,-0.0196464875956663,-1.434321762234622,2021-05-21,ASML
-0.5842327039107309,-0.8823212154846455,1.06708104466399,-0.5842327039107309,-0.6762908097006719,-1.0592271358845717,-0.9570246047629828,0.0,0.7005815842268202,-1.243070517624295,-0.0196464875956663,-1.434321762234622,2021-05-28,ASML
-0.6002391975076595,-0.8790945168958145,1.0410458560458447,-0.6002391975076595,-0.71788339745819,-1.1970501798623432,-0.964309453559172,0.0,-0.012434639122240833,-1.4310809244095224,-0.0196464875956663,-1.434321762234622,2021-06-04,ASML
-0.6749360161885476,-0.8777116461333583,0.9471333668908484,-0.6749360161885476,-0.8120783893401003,-1.265961701851229,-1.0923615843249916,0.0,-0.012434639122240833,-1.4310809244095224,-0.0196464875956663,-1.434321762234622,2021-06-11,ASML
-0.6840825450169922,-0.8731020754941721,0.9266771982307744,-0.6840825450169922,-0.19430626725227457,-0.3012003940068287,-0.0386707656026092,0.0,-0.012434639122240833,-1.4310809244095224,-0.0196464875956663,-1.434321762234622,2021-06-18,ASML
-0.6185322551645488,-0.8661877203939922,0.9926949019422079,-0.6185322551645488,-0.8157482892410536,-1.265961701851229,-1.1101216572639818,0.0,-0.012434639122240833,-1.4310809244095224,-0.0196464875956663,-1.434321762234622,2021-06-25,ASML
-0.6985646322863247,-0.8684925065721846,0.8997121596747574,-0.6985646322863247,-0.8830304096332733,-1.265961701851229,-1.1548276184107853,0.0,-0.725450862471302,-1.243070517624295,-1.4210959360865447,-0.006671264010393827,2021-07-02,ASML
-0.7557306419055553,-0.8661877203939922,0.8253259312220317,-0.7557306419055553,-0.7472428299938447,-1.0592271358845717,-0.8550433134074104,0.0,-0.725450862471302,-1.243070517624295,-1.4210959360865447,-0.006671264010393827,2021-07-09,ASML
-0.7984145642554534,-0.8684925065721846,0.7779047482530762,-0.7984145642554534,-0.46955120976807047,-0.5079349599734858,-0.3282131298691118,0.0,-0.725450862471302,-1.243070517624295,-1.4210959360865447,-0.006671264010393827,2021-07-16,ASML
-0.8090854994114942,-0.8652658062661549,0.758378429530874,-0.8090854994114942,-0.6224650667212904,-0.6457580039512573,-0.5602945096107895,0.0,-0.725450862471302,-1.243070517624295,-1.4210959360865447,-0.006671264010393827,2021-07-23,ASML
-0.8449095478557759,-0.8675705924443473,0.719325639675903,-0.8449095478557759,-0.4952408590667864,-0.4390234379846001,-0.3059137135514949,0.0,-0.725450862471302,-1.243070517624295,-1.4210959360865447,-0.006671264010393827,2021-07-30,ASML
-0.8060366867563019,-0.8661877203939922,0.7639573455726498,-0.8060366867563019,-0.7509128465588124,-1.0592271358845717,-0.7166010664182803,0.0,-1.2474149645836932,-0.7294165339353622,-1.4210959360865447,-0.006671264010393827,2021-08-06,ASML
-0.800701128315414,-0.8652658062661549,0.7686065640871204,-0.800701128315414,-0.8365445831198127,-1.1970501798623432,-0.8176086298352354,0.0,-1.2474149645836932,-0.7294165339353622,-1.4210959360865447,-0.006671264010393827,2021-08-13,ASML
-0.8289030542588471,-0.8661877203939922,0.7360625540673033,-0.8289030542588471,-0.4560949490192467,-0.16337735002905707,-0.1459761788610119,0.0,-1.2474149645836932,-0.7294165339353622,-1.4210959360865447,-0.006671264010393827,2021-08-20,ASML
-0.7892679445641414,-0.8661877203939922,0.7844136146851427,-0.7892679445641414,-0.7215534140231576,-0.7835810479290288,-0.5637515557158649,0.0,-1.2474149645836932,-0.7294165339353622,-1.4210959360865447,-0.006671264010393827,2021-08-27,ASML
-0.7816458220632929,-0.8675705924443473,0.79650136252022,-0.7816458220632929,-0.7191067363131792,-0.7146695259401431,-0.5298176604639301,0.0,-1.4384670858203634,-0.02775214346120108,-1.4210959360865447,-0.006671264010393827,2021-09-03,ASML
-0.767163825656828,-0.8684925065721846,0.8160276743146692,-0.767163825656828,-0.16372349586163057,0.7669281968209006,0.462004237890947,0.0,-1.4384670858203634,-0.02775214346120108,-1.4210959360865447,-0.006671264010393827,2021-09-10,ASML
-0.745059615886647,-0.8731020754941721,0.8522909767058018,-0.745059615886647,-0.1808500065034508,0.594649391848686,0.45233590447740757,0.0,-1.4384670858203634,-0.02775214346120108,-1.4210959360865447,-0.006671264010393827,2021-09-17,ASML
-0.6764604225161438,-0.874484946685928,0.9387649443339133,-0.6764604225161438,-0.5551830629930852,-0.16337735002905707,-0.18658942438752693,0.0,-1.4384670858203634,-0.02775214346120108,-1.4210959360865447,-0.006671264010393827,2021-09-24,ASML
-0.6619784261096787,-0.8731020754941721,0.9536421190149901,-0.6619784261096787,-0.14537387969284996,1.0081185237820007,0.582760562643519,0.0,-1.2474149645836934,0.6739122470129602,-0.019646487595666815,1.4209792342138348,2021-10-01,ASML
-0.5659395553909742,-0.8675705924443473,1.059642472910896,-0.5659395553909742,-0.43040529972053077,0.18118025991537165,0.08076951279537663,0.0,-1.2474149645836934,0.6739122470129602,-0.019646487595666815,1.4209792342138348,2021-10-08,ASML
-0.5880437651611551,-0.8684925065721846,1.034537096127981,-0.5880437651611551,-0.7325632303900318,-0.7835810479290288,-0.4471866284541428,0.0,-1.2474149645836934,0.6739122470129602,-0.019646487595666815,1.4209792342138348,2021-10-15,ASML
-0.5278289428867321,-0.8629610218051612,1.0968355178597284,-0.5278289428867321,-0.8389911441657767,-1.1970501798623432,-0.6119320993493451,0.0,-1.2474149645836934,0.6739122470129602,-0.019646487595666815,1.4209792342138348,2021-10-22,ASML
-0.60252576156762,-0.8638829359329984,1.0075721649521356,-0.60252576156762,-0.7374563524819598,-0.7146695259401431,-0.495230774343144,0.0,-1.2474149645836934,0.6739122470129602,-0.019646487595666815,1.4209792342138348,2021-10-29,ASML
-0.6817959809570316,-0.8675705924443473,0.9183086630978529,-0.6817959809570316,-0.7105435976562835,-0.37011191599571436,-0.3984831026948887,0.0,-0.7254508624713029,1.187566230701893,-0.019646487595666815,1.4209792342138348,2021-11-05,ASML
-0.583470455315499,-0.8661877203939922,1.0354669599213586,-0.583470455315499,-0.7337863359169922,-0.6457580039512573,-0.4183280540349896,0.0,-0.7254508624713029,1.187566230701893,-0.019646487595666815,1.4209792342138348,2021-11-12,ASML
-0.6185322551645488,-0.8652658062661549,0.9908352470968589,-0.6185322551645488,-0.5356101079693153,0.25009178190425735,0.08179164388379677,0.0,-0.7254508624713029,1.187566230701893,-0.019646487595666815,1.4209792342138348,2021-11-19,ASML
-0.6596917711868507,-0.8661877203939922,0.9424842107261551,-0.6596917711868507,0.7745559397364481,2.1796143975930584,3.037890832812254,0.0,-0.7254508624713029,1.187566230701893,-0.019646487595666815,1.4209792342138348,2021-11-26,ASML
-0.7656393284663643,-0.8661877203939922,0.8132382769116201,-0.7656393284663643,1.0253345718085172,2.1796143975930584,3.3107630750823733,0.0,-0.012434639122241358,1.3755766374871208,-0.019646487595666815,1.4209792342138348,2021-12-03,ASML
-0.6543563036088303,-0.8629610218051612,0.9424841830151429,-0.6543563036088303,-0.44019177723241565,0.594649391848686,0.26970801837358704,0.0,-0.012434639122241358,1.3755766374871208,-0.019646487595666815,1.4209792342138348,2021-12-10,ASML
-0.7206688420565056,-0.8721801622249342,0.8801857456959511,-0.7206688420565056,-0.08787835347652961,1.6283222216819722,1.0120102815469159,0.0,-0.012434639122241358,1.3755766374871208,-0.019646487595666815,1.4209792342138348,2021-12-17,ASML
-0.6513074000907705,-0.8592733670110109,0.9387649391380986,-0.6513074000907705,-0.529493647022398,0.31900330389314324,0.09877179500385279,0.0,-0.012434639122241358,1.3755766374871208,-0.019646487595666815,1.4209792342138348,2021-12-24,ASML
-0.6368254036843054,-0.8707972910331784,0.9796772764582468,-0.6368254036843054,-0.6200186223393408,0.04335721593760023,-0.06706623670517652,0.0,-0.012434639122241358,1.3755766374871208,-0.019646487595666815,1.4209792342138348,2021-12-31,ASML
-0.4394121946688759,-0.845444656810651,1.169362098394858,-0.4394121946688759,-0.43162863857552,0.8013839578153433,0.34560214999281297,0.0,0.7005815842268202,1.1875662307018935,1.381802960895212,-0.0066712640103934765,2022-01-07,ASML
-0.4386500369365115,-0.831615946610291,1.142397039055582,-0.4386500369365115,-0.3790262344511277,1.0770300457708866,0.4832238829287675,0.0,0.7005815842268202,1.1875662307018935,1.381802960895212,-0.0066712640103934765,2022-01-14,ASML
-0.4577053431886326,-0.8131776640535464,1.081958282560813,-0.4577053431886326,0.8026920334171136,2.110702875604173,2.8712321465992967,0.0,0.7005815842268202,1.1875662307018935,1.381802960895212,-0.0066712640103934765,2022-01-21,ASML
-0.43102791443566313,-0.8062633158221608,1.100554810231044,-0.43102791443566313,0.6571179762658002,1.9728798316264011,2.7696025890371145,0.0,0.7005815842268202,1.1875662307018935,1.381802960895212,-0.0066712640103934765,2022-01-28,ASML
-0.3182203923876655,-0.7832154609090314,1.19167787340601,-0.3182203923876655,0.11396789103611493,1.8350567876486292,1.5450223739667455,0.0,1.2225456863392115,0.6739122470129602,1.381802960895212,-0.0066712640103934765,2022-02-04,ASML
-0.299164995272677,-0.7302054097201814,1.1079935127454763,-0.299164995272677,0.6204187439282389,1.9039683096375155,2.5302399340466897,0.0,1.2225456863392115,0.6739122470129602,1.381802960895212,-0.0066712640103934765,2022-02-11,ASML
-0.3166958951972018,-0.739424554432951,1.105204039137144,-0.3166958951972018,0.6681277926326743,1.9728798316264011,2.5242931533988004,0.0,1.2225456863392115,0.6739122470129602,1.381802960895212,-0.0066712640103934765,2022-02-18,ASML
-0.2755364700377673,-0.7486436854081316,1.1740111471793797,-0.2755364700377673,0.6485548376089045,1.9039683096375155,2.493320433930867,0.0,1.2225456863392115,0.6739122470129602,1.381802960895212,-0.0066712640103934765,2022-02-25,ASML
-0.47523624311315743,-0.7454169868193007,0.9238876449532825,-0.47523624311315743,1.1855882285636437,2.248525919581944,3.343320200063744,0.0,1.4135978075758815,-0.027752143461200737,1.381802960895212,-0.0066712640103934765,2022-03-04,ASML
-0.2618166313636667,-0.7177595664185809,1.1284496155918966,-0.2618166313636667,1.0351210493204022,2.1796143975930584,2.8707350552835638,0.0,1.4135978075758815,-0.027752143461200737,1.381802960895212,-0.0066712640103934765,2022-03-11,ASML
-0.15205792197086143,-0.7094623512884359,1.245607922807032,-0.15205792197086143,0.19348328331421233,1.6283222216819722,1.3459660284368067,0.0,1.4135978075758815,-0.027752143461200737,1.381802960895212,-0.0066712640103934765,2022-03-18,ASML
0.1101434191646472,-0.646311246410575,1.438082266846247,0.1101434191646472,-0.1808500065034508,1.2493088507431007,0.6722186602221477,0.0,1.4135978075758815,-0.027752143461200737,1.381802960895212,-0.0066712640103934765,2022-03-25,ASML
0.02248891954202287,-0.6555303773857557,1.349748649568601,0.02248891954202287,-0.325200724799775,1.0081185237820007,0.4056776384753029,0.0,1.2225456863392115,-0.7294165339353614,-0.0196464875956663,-1.434321762234622,2022-04-01,ASML
0.2785924536414118,-0.5780896112538114,1.5059596150114,0.2785924536414118,-0.13803407989094346,1.4215876557153153,0.7218248190421295,0.0,1.2225456863392115,-0.7294165339353614,-0.0196464875956663,-1.434321762234622,2022-04-08,ASML
0.3662469532640361,-0.5412130324027333,1.5385035384343044,0.3662469532640361,0.050355903872877326,1.4904991777042007,1.0342001722922174,0.0,1.2225456863392115,-0.7294165339353614,-0.0196464875956663,-1.434321762234622,2022-04-15,ASML
0.42569943608035987,-0.5264624338325151,1.581275485569407,0.42569943608035987,0.7243999799940054,1.9039683096375155,2.159044848692353,0.0,1.2225456863392115,-0.7294165339353614,-0.0196464875956663,-1.434321762234622,2022-04-22,ASML
0.4112175305367623,-0.5135556120020135,1.5375737231351978,0.4112175305367623,1.3592986127236515,2.248525919581944,3.0377086512868177,0.0,1.2225456863392115,-0.7294165339353614,-0.0196464875956663,-1.434321762234622,2022-04-29,ASML
0.5910996579019321,-0.5103289271507713,1.7505040314657725,0.5910996579019321,0.9666157067372078,1.9728798316264011,2.291587243404136,0.0,0.7005815842268202,-1.243070517624295,-0.0196464875956663,-1.434321762234622,2022-05-06,ASML
0.4478036458505408,-0.4513264229691884,1.4566786282504056,0.4478036458505408,0.8051387111270921,1.9039683096375155,1.9651531541409977,0.0,0.7005815842268202,-1.243070517624295,-0.0196464875956663,-1.434321762234622,2022-05-13,ASML
0.3349961238025431,-0.4351929437626221,1.2865202670549332,0.3349961238025431,0.8736440537102865,1.9039683096375155,2.0035157416075053,0.0,0.7005815842268202,-1.243070517624295,-0.0196464875956663,-1.434321762234622,2022-05-20,ASML
0.30145882114395706,-0.4135279694858408,1.2019060772397867,0.30145882114395706,0.4197956049425548,1.2837646117375434,1.2760112991515937,0.0,0.7005815842268202,-1.243070517624295,-0.0196464875956663,-1.434321762234622,2022-05-27,ASML
0.4645723880427013,-0.3628226941719916,1.2986080876314172,0.4645723880427013,0.3060278913649034,1.214853089748658,1.0743555473538455,0.0,-0.012434639122240833,-1.4310809244095224,-0.0196464875956663,-1.434321762234622,2022-06-03,ASML
0.6162526803273054,-0.2922962762714328,1.3413800347665197,0.6162526803273054,0.6681277926326743,1.5249549386986438,1.5894618274228358,0.0,-0.012434639122240833,-1.4310809244095224,-0.0196464875956663,-1.434321762234622,2022-06-10,ASML
0.6795164969826557,-0.18996382353628732,1.212134211796033,0.6795164969826557,1.0816067591698484,2.110702875604173,2.1441236371938115,0.0,-0.012434639122240833,-1.4310809244095224,-0.0196464875956663,-1.434321762234622,2022-06-17,ASML
0.5926241550923957,-0.14939958130506595,1.024308971963364,0.5926241550923957,0.6045155721414079,1.145941567759772,1.3915050180508146,0.0,-0.012434639122240833,-1.4310809244095224,-0.0196464875956663,-1.434321762234622,2022-06-24,ASML
0.412741846001491,-0.14709479856127075,0.8002205475113636,0.412741846001491,0.5396802461231811,1.0770300457708866,1.2611701758679508,0.0,-0.725450862471302,-1.243070517624295,-1.4210959360865447,-0.006671264010393827,2022-07-01,ASML
0.5743310974355065,-0.03646511695839161,0.7741854974482788,0.5743310974355065,0.2876780418680939,0.8702954798042293,0.8502601111290098,0.0,-0.725450862471302,-1.243070517624295,-1.4210959360865447,-0.006671264010393827,2022-07-08,ASML
0.44399267546298404,0.14653478675994047,0.24604364606871332,0.44399267546298404,0.2375223154536801,0.8013839578153433,0.753134464849244,0.0,-0.725450862471302,-1.243070517624295,-1.4210959360865447,-0.006671264010393827,2022-07-15,ASML
0.33194731114735077,0.19954484481758486,0.0024288232253509684,0.33194731114735077,0.09072515277540624,0.594649391848686,0.5037575344646847,0.0,-0.725450862471302,-1.243070517624295,-1.4210959360865447,-0.006671264010393827,2022-07-22,ASML
0.22447525667737353,0.17327033252839075,-0.07567677034009683,0.22447525667737353,-0.11723778601218439,0.38791482588202897,0.16315419342657078,0.0,-0.725450862471302,-1.243070517624295,-1.4210959360865447,-0.006671264010393827,2022-07-29,ASML
0.3753933912296133,0.224897509949687,0.004288342979516125,0.3753933912296133,-0.13925741874593267,0.25009178190425735,0.10385662229504403,0.0,-1.2474149645836932,-0.7294165339353622,-1.4210959360865447,-0.006671264010393827,2022-08-05,ASML
0.38225335599809734,0.2663835993380004,-0.07102752757849076,0.38225335599809734,-0.3374336466936096,-0.16337735002905707,-0.24243179045594992,0.0,-1.2474149645836932,-0.7294165339353622,-1.4210959360865447,-0.006671264010393827,2022-08-12,ASML
0.4889632527357102,0.3032601232387233,-0.015237722879700946,0.4889632527357102,-0.20653942247413792,-0.09446582804017137,-0.039014435634040105,0.0,-1.2474149645836932,-0.7294165339353622,-1.4210959360865447,-0.006671264010393827,2022-08-19,ASML
0.52402505258476,0.3839276841226201,-0.13518561454721698,0.52402505258476,0.400222649918785,0.9392070017931148,0.9308687886318565,0.0,-1.2474149645836932,-0.7294165339353622,-1.4210959360865447,-0.006671264010393827,2022-08-26,ASML
0.6444546971336059,0.4138898048416025,-0.0487115170237362,0.6444546971336059,0.38921283355191083,0.8702954798042293,0.8841347366504405,0.0,-1.4384670858203634,-0.02775214346120108,-1.4210959360865447,-0.006671264010393827,2022-09-02,ASML
0.7420179741799068,0.4821114399983661,-0.06730804469396728,0.7420179741799068,0.06136572023975147,0.38791482588202897,0.3182100048098638,0.0,-1.4384670858203634,-0.02775214346120108,-1.4210959360865447,-0.006671264010393827,2022-09-09,ASML
0.8388189117681082,0.5291290519320719,-0.04406249595022673,0.8388189117681082,0.4907476252357277,1.0081185237820007,1.0291553839002192,0.0,-1.4384670858203634,-0.02775214346120108,-1.4210959360865447,-0.006671264010393827,2022-09-16,ASML
1.0286099982826893,0.5466454667253415,0.15213102615237875,1.0286099982826893,0.9335862576365853,1.8350567876486292,1.7355609144982114,0.0,-1.4384670858203634,-0.02775214346120108,-1.4210959360865447,-0.006671264010393827,2022-09-23,ASML
1.110166690869194,0.5798343821962763,0.18467483873123486,1.110166690869194,1.141549196424176,2.110702875604173,2.0170057103238896,0.0,-1.4384670858203634,-0.02775214346120108,-1.4210959360865447,-0.006671264010393827,2022-09-30,ASML
1.170381513143617,0.6319224831961185,0.15306078602946135,1.170381513143617,1.1097430861785427,2.0417913536152867,1.902335613488957,0.0,-1.2474149645836934,0.6739122470129602,-0.019646487595666815,1.4209792342138348,2022-10-07,ASML
1.2671828141832884,0.7863430918814613,-0.040343013065703245,1.2671828141832884,1.1904815839836005,2.1796143975930584,1.9809758284639123,0.0,-1.2474149645836934,0.6739122470129602,-0.019646487595666815,1.4209792342138348,2022-10-14,ASML
1.42191173739735,0.9048090238231731,-0.090554036813901,1.42191173739735,0.9054501639559197,1.5594106996930868,1.475517489451441,0.0,-1.2474149645836934,0.6739122470129602,-0.019646487595666815,1.4209792342138348,2022-10-21,ASML
1.2671828141832884,0.9439903854180464,-0.3583439465899899,1.2671828141832884,0.4234656215075224,0.594649391848686,0.6186230668765998,0.0,-1.2474149645836934,0.6739122470129602,-0.019646487595666815,1.4209792342138348,2022-10-28,ASML
1.3784658390408224,0.9638115280047559,-0.2625718069194902,1.3784658390408224,0.2766682255012198,0.18118025991537165,0.320886294911133,0.0,-0.7254508624713029,1.187566230701893,-0.019646487595666815,1.4209792342138348,2022-11-04,ASML
1.117026655637678,0.986859465343418,-0.6279942628726303,1.117026655637678,0.02833627113912905,-0.3012003940068287,-0.18247960944126837,0.0,-0.7254508624713029,1.187566230701893,-0.019646487595666815,1.4209792342138348,2022-11-11,ASML
1.1208378077509698,1.0200483808143528,-0.6902926083990948,1.1208378077509698,0.10173496914228038,-0.09446582804017137,-0.08144246519979156,0.0,-0.7254508624713029,1.187566230701893,-0.019646487595666815,1.4209792342138348,2022-11-18,ASML
1.0240366884370333,1.0384866427647141,-0.8455738139648112,1.0240366884370333,-0.21877257769600128,-0.7835810479290288,-0.6589134905695231,0.0,-0.7254508624713029,1.187566230701893,-0.019646487595666815,1.4209792342138348,2022-11-25,ASML
0.88302733130847,1.0536982198638334,-1.048276098583188,0.88302733130847,-0.3949294062379587,-0.9903156138956861,-0.9401844199500753,0.0,-0.012434639122241358,1.3755766374871208,-0.019646487595666815,1.4209792342138348,2022-12-02,ASML
0.9295222240459249,1.037564575806202,-0.959012499740363,0.9295222240459249,0.06625884233167953,-0.09446582804017137,-0.08354259148673734,0.0,-0.012434639122241358,1.3755766374871208,-0.019646487595666815,1.4209792342138348,2022-12-09,ASML
0.8647342736515808,1.0329551202193217,-1.0287495893477778,0.8647342736515808,0.04056942636099241,-0.3012003940068287,-0.14087277106640078,0.0,-0.012434639122241358,1.3755766374871208,-0.019646487595666815,1.4209792342138348,2022-12-16,ASML
1.0697694234421238,1.0467837067813826,-0.8065207954939907,1.0697694234421238,-0.1735099733735155,-0.6457580039512573,-0.5950637909910734,0.0,-0.012434639122241358,1.3755766374871208,-0.019646487595666815,1.4209792342138348,2022-12-23,ASML
1.1673327004884246,1.0776680043595874,-0.7498016742943114,1.1673327004884246,-0.07564519825466626,-0.4390234379846001,-0.44773028737775605,0.0,-0.012434639122241358,1.3755766374871208,-0.019646487595666815,1.4209792342138348,2022-12-30,ASML
0.9310467212363885,1.1850708912105141,-1.2546976443979916,0.9310467212363885,-0.1417040964559111,-0.7146695259401431,-0.612593651695321,0.0,0.7005815842268202,1.1875662307018935,1.381802960895212,-0.0066712640103934765,2023-01-06,ASML
0.8868383016960267,1.182766053516364,-1.3039784648929136,0.8868383016960267,-0.4817843649899338,-1.265961701851229,-1.3093834802701385,0.0,0.7005815842268202,1.1875662307018935,1.381802960895212,-0.0066712640103934765,2023-01-13,ASML
0.8662585891163095,1.205813990855026,-1.3755752959425902,0.8662585891163095,-0.2982877366460699,-0.9903156138956861,-0.8693666307060611,0.0,0.7005815842268202,1.1875662307018935,1.381802960895212,-0.0066712640103934765,2023-01-20,ASML
0.8921737692740471,1.2104234464419061,-1.3532592853878356,0.8921737692740471,-0.46221140996616394,-1.1970501798623432,-1.1277528906994727,0.0,0.7005815842268202,1.1875662307018935,1.381802960895212,-0.0066712640103934765,2023-01-27,ASML
0.9028448861558229,1.1988994777725752,-1.3169957682363596,0.9028448861558229,-0.48423104269991224,-1.265961701851229,-1.1119204294092315,0.0,1.2225456863392115,0.6739122470129602,1.381802960895212,-0.0066712640103934765,2023-02-03,ASML
1.0644339558641034,1.2505268749952918,-1.2240135732613973,1.0644339558641034,-0.21510256113103363,-0.7146695259401431,-0.5426607043243091,0.0,1.2225456863392115,0.6739122470129602,1.381802960895212,-0.0066712640103934765,2023-02-10,ASML
1.1284599302518181,1.2712697548383831,-1.1877498344218245,1.1284599302518181,-0.2774914427673108,-0.7835810479290288,-0.6216047377300918,0.0,1.2225456863392115,0.6739122470129602,1.381802960895212,-0.0066712640103934765,2023-02-17,ASML
1.2206875579943637,1.2818718763506223,-1.0966271592010275,1.2206875579943637,-0.07564519825466626,-0.06001006704572842,-0.20215201298280466,0.0,1.2225456863392115,0.6739122470129602,1.381802960895212,-0.0066712640103934765,2023-02-24,ASML
1.2321208326085038,1.2887861696316527,-1.096626937512931,1.2321208326085038,-0.46465808767614236,-1.1281386578734576,-0.914107545720456,0.0,1.4135978075758815,-0.027752143461200737,1.381802960895212,-0.0066712640103934765,2023-03-03,ASML
1.0270855010922257,1.327967531226526,-1.4257858763145947,1.0270855010922257,0.3072509968918638,0.9392070017931148,0.6373464073364722,0.0,1.4135978075758815,-0.027752143461200737,1.381802960895212,-0.0066712640103934765,2023-03-10,ASML
0.7984216443410381,1.0928795814587067,-1.2305223357771684,0.7984216443410381,0.39410618897186767,1.0081185237820007,0.804408719222602,0.0,1.4135978075758815,-0.027752143461200737,1.381802960895212,-0.0066712640103934765,2023-03-17,ASML
0.7869885514526329,1.1896803467973944,-1.4397329395351233,0.7869885514526329,-0.06708205959777055,0.04335721593760023,-0.13107683667743086,0.0,1.4135978075758815,-0.027752143461200737,1.381802960895212,-0.0066712640103934765,2023-03-24,ASML
0.873880711617158,1.2274789376566297,-1.409978849963708,0.873880711617158,-0.43896843837742644,-0.9903156138956861,-0.8709975792419404,0.0,1.4135978075758815,-0.027752143461200737,1.381802960895212,-0.0066712640103934765,2023-03-31,ASML
0.7168649517545335,1.2850985612018644,-1.7177515380877,0.7168649517545335,-0.4756679040430165,-1.1281386578734576,-0.9126700919326588,0.0,1.2225456863392115,-0.7294165339353614,-0.0196464875956663,-1.434321762234622,2023-04-07,ASML
0.8952227636549746,1.3740631861024297,-1.6796285011820586,0.8952227636549746,-0.6383682385081214,-1.265961701851229,-1.1664869584026434,0.0,1.2225456863392115,-0.7294165339353614,-0.0196464875956663,-1.434321762234622,2023-04-14,ASML
0.931808878968753,1.3957281329040334,-1.678698741304976,0.931808878968753,-0.6750674708456826,-1.265961701851229,-1.157526105465968,0.0,1.2225456863392115,-0.7294165339353614,-0.0196464875956663,-1.434321762234622,2023-04-21,ASML
0.8418677244233006,1.3832823170776105,-1.7633130973861952,0.8418677244233006,-0.7961753342172838,-1.265961701851229,-1.3404249853890313,0.0,1.2225456863392115,-0.7294165339353614,-0.0196464875956663,-1.434321762234622,2023-04-28,ASML
0.8372945963033795,1.4556525941434184,-1.9148748200673882,0.8372945963033795,-0.6236884055762796,-1.0592271358845717,-0.9545581847255824,0.0,0.7005815842268202,-1.243070517624295,-0.0196464875956663,-1.434321762234622,2023-05-05,ASML
0.8502521863822483,1.4316828096476644,-1.8507167330986618,0.8502521863822483,-0.6432613606000495,-1.1281386578734576,-0.9357645354185936,0.0,0.7005815842268202,-1.243070517624295,-0.0196464875956663,-1.434321762234622,2023-05-12,ASML
1.0247988461693978,1.4579574318375688,-1.6907867281475326,1.0247988461693978,-0.6701743487537546,-1.1281386578734576,-0.9351989373467144,0.0,0.7005815842268202,-1.243070517624295,-0.0196464875956663,-1.434321762234622,2023-05-19,ASML
1.11474000071485,1.4717860183996296,-1.6089616516975613,1.11474000071485,-0.5307167525493585,-0.8524925699179146,-0.6205745379081193,0.0,0.7005815842268202,-1.243070517624295,-0.0196464875956663,-1.434321762234622,2023-05-26,ASML
1.0240366884370333,1.5178818930769538,-1.8125941395692138,1.0240366884370333,-0.9405259358495935,-1.265961701851229,-1.3132325241590714,0.0,-0.012434639122240833,-1.4310809244095224,-0.0196464875956663,-1.434321762234622,2023-06-02,ASML
1.0651961135964678,1.4625668874244488,-1.6508039497996294,1.0651961135964678,-1.034720927731504,-1.265961701851229,-1.3907689840413573,0.0,-0.012434639122240833,-1.4310809244095224,-0.0196464875956663,-1.434321762234622,2023-06-09,ASML
1.0834893529790919,1.448738300862388,-1.6005933694276249,1.0834893529790919,-1.0701969378780904,-1.265961701851229,-1.3916511982401776,0.0,-0.012434639122240833,-1.4310809244095224,-0.0196464875956663,-1.434321762234622,2023-06-16,ASML
1.0606229854765468,1.4823881399118688,-1.6963655090981247,1.0606229854765468,-1.0824300930999537,-1.265961701851229,-1.3226301207012567,0.0,-0.012434639122240833,-1.4310809244095224,-0.0196464875956663,-1.434321762234622,2023-06-23,ASML
1.1215999654833342,1.4893024331928992,-1.6359266833258252,1.1215999654833342,-1.0640803602671587,-1.1281386578734576,-1.2073329678947413,0.0,-0.012434639122240833,-1.4310809244095224,-0.0196464875956663,-1.434321762234622,2023-06-30,ASML
1.297671304186682,1.5169598261184414,-1.4769259948755855,1.297671304186682,-0.912389842168928,-0.9214040919068004,-0.8767524673046152,0.0,-0.725450862471302,-1.243070517624295,-1.4210959360865447,-0.006671264010393827,2023-07-07,ASML
1.1215999654833342,1.5178818930769538,-1.6935762294668768,1.1215999654833342,-1.0946631316578028,-1.265961701851229,-1.1204982377140795,0.0,-0.725450862471302,-1.243070517624295,-1.4210959360865447,-0.006671264010393827,2023-07-14,ASML
1.1353197132945674,1.533093470176073,-1.7075237360635984,1.1353197132945674,-1.0628570214121695,-0.9903156138956861,-0.9979953543372407,0.0,-0.725450862471302,-1.243070517624295,-1.4210959360865447,-0.006671264010393827,2023-07-21,ASML
1.2359319847217953,1.5363201550273153,-1.5912951055925093,1.2359319847217953,-1.095886470512792,-1.265961701851229,-0.9909291523275198,0.0,-0.725450862471302,-1.243070517624295,-1.4210959360865447,-0.006671264010393827,2023-07-28,ASML
1.3052932449617956,1.535398088068803,-1.5048210080690285,1.3052932449617956,-0.6346982219431537,-0.3012003940068287,-0.20435284457982902,0.0,-1.2474149645836932,-0.7294165339353622,-1.4210959360865447,-0.006671264010393827,2023-08-04,ASML
1.3876124587321343,1.5409296106141954,-1.4155574092262035,1.3876124587321343,-0.9111665033139388,-0.6457580039512573,-0.6313225264262696,0.0,-1.2474149645836932,-0.7294165339353622,-1.4210959360865447,-0.006671264010393827,2023-08-11,ASML
1.4508759119360148,1.5469220567381339,-1.3504697840684914,1.4508759119360148,-0.6102321448274558,-0.09446582804017137,-0.12349135158560398,0.0,-1.2474149645836932,-0.7294165339353622,-1.4210959360865447,-0.006671264010393827,2023-08-18,ASML
1.4417292922447027,1.5639775479528575,-1.396031565055083,1.4417292922447027,-0.8084083727751328,-0.5768464819623715,-0.41176588625207533,0.0,-1.2474149645836932,-0.7294165339353622,-1.4210959360865447,-0.006671264010393827,2023-08-25,ASML
1.3914232473939563,1.5423126011512538,-1.4136983328482315,1.3914232473939563,-1.1252459030484467,-1.265961701851229,-0.8737858267097729,0.0,-1.4384670858203634,-0.02775214346120108,-1.4210959360865447,-0.006671264010393827,2023-09-01,ASML
1.4562113795140352,1.5538365698205847,-1.3579087498375384,1.4562113795140352,-1.0334975888765148,-0.7146695259401431,-0.6788935879175494,0.0,-1.4384670858203634,-0.02775214346120108,-1.4210959360865447,-0.006671264010393827,2023-09-08,ASML
1.5049931089000532,1.5561411877133147,-1.3030484833277345,1.5049931089000532,-1.0396141664874465,-0.7835810479290288,-0.6460312863748908,0.0,-1.4384670858203634,-0.02775214346120108,-1.4210959360865447,-0.006671264010393827,2023-09-15,ASML
1.5934099479807768,1.559367872564557,-1.2016971193304495,1.5934099479807768,-0.6224650667212904,0.18118025991537165,0.06020096574034952,0.0,-1.4384670858203634,-0.02775214346120108,-1.4210959360865447,-0.006671264010393827,2023-09-22,ASML
1.696308510879363,1.557063254671827,-1.0715218690150252,1.696308510879363,-0.5833191566737507,0.31900330389314324,0.16184911974029548,0.0,-1.4384670858203634,-0.02775214346120108,-1.4210959360865447,-0.006671264010393827,2023-09-29,ASML
1.8571354228552792,1.5791891250519767,-0.9199599246457355,1.8571354228552792,-0.5918822953306464,0.31900330389314324,0.18361802637757127,0.0,-1.2474149645836934,0.6739122470129602,-0.019646487595666815,1.4209792342138348,2023-10-06,ASML
1.7389926149549961,1.569969994076796,-1.045486375575747,1.7389926149549961,-0.3631232959923255,1.0081185237820007,0.7100918590287904,0.0,-1.2474149645836934,0.6739122470129602,-0.019646487595666815,1.4209792342138348,2023-10-13,ASML
1.963845137867157,1.557063254671827,-0.745152653220802,1.963845137867157,-0.0707520761627382,1.6283222216819722,1.4628936480900299,0.0,-1.2474149645836934,0.6739122470129602,-0.019646487595666815,1.4209792342138348,2023-10-20,ASML
1.903630315592734,1.559367872564557,-0.8232578034100566,1.903630315592734,-0.12457758581409088,1.4904991777042007,1.3955068639459647,0.0,-1.2474149645836934,0.6739122470129602,-0.019646487595666815,1.4209792342138348,2023-10-27,ASML
1.6848754179909577,1.535398088068803,-1.0417668926912236,1.6848754179909577,-0.9026033646570432,-0.37011191599571436,-0.47760865315477324,0.0,-0.7254508624713029,1.187566230701893,-0.019646487595666815,1.4209792342138348,2023-11-03,ASML
1.7382300937711619,1.534015317333165,-0.9738899879022637,1.7382300937711619,-0.9931283399739859,-0.5768464819623715,-0.6626848346079497,0.0,-0.7254508624713029,1.187566230701893,-0.019646487595666815,1.4209792342138348,2023-11-10,ASML
1.59569642117787,1.5261789570936222,-1.1319602514111313,1.59569642117787,-1.0383908276324572,-0.7146695259401431,-0.735915013516008,0.0,-0.7254508624713029,1.187566230701893,-0.019646487595666815,1.4209792342138348,2023-11-17,ASML
1.6193251281385144,1.535398088068803,-1.1217320060108367,1.6193251281385144,-1.2023145009525513,-1.265961701851229,-1.0811618535585554,0.0,-0.7254508624713029,1.187566230701893,-0.019646487595666815,1.4209792342138348,2023-11-24,ASML
1.4318205148210263,1.5178818930769538,-1.3151366918583876,1.4318205148210263,-1.1815182070737922,-1.1970501798623432,-0.9641682506565071,0.0,-0.012434639122241358,1.3755766374871208,-0.019646487595666815,1.4209792342138348,2023-12-01,ASML
1.4463026020903589,1.5261789570936222,-1.3142064886051117,1.4463026020903589,-1.2157708783653896,-1.265961701851229,-0.9956553217830373,0.0,-0.012434639122241358,1.3755766374871208,-0.019646487595666815,1.4209792342138348,2023-12-08,ASML
1.2046811552603023,1.522491348663834,-1.6015231293047074,1.2046811552603023,-1.2243341336862996,-1.265961701851229,-0.9656567695534992,0.0,-0.012434639122241358,1.3755766374871208,-0.019646487595666815,1.4209792342138348,2023-12-15,ASML
1.1841014426805851,1.5146552082257116,-1.6108216148279195,1.1841014426805851,-1.1325858195143677,-0.9903156138956861,-0.690554756573714,0.0,-0.012434639122241358,1.3755766374871208,-0.019646487595666815,1.4209792342138348,2023-12-22,ASML
1.1574239230647483,1.5017482490193221,-1.6173301556555943,1.1574239230647483,-1.2035378398075405,-1.1281386578734576,-0.820125667450998,0.0,-0.012434639122241358,1.3755766374871208,-0.019646487595666815,1.4209792342138348,2023-12-29,ASML
1.2915733154248275,1.5201865109696837,-1.4908737231604037,1.2915733154248275,-1.0934397928028134,-0.6457580039512573,-0.5062118756068688,0.0,0.7005815842268202,1.1875662307018935,1.381802960895212,-0.0066712640103934765,2024-01-05,ASML
1.2214498974524628,1.510045532837411,-1.5559615700062124,1.2214498974524628,-1.1729550684168966,-0.9214040919068004,-0.6631869098271118,0.0,0.7005815842268202,1.1875662307018935,1.381802960895212,-0.0066712640103934765,2024-01-12,ASML
1.370843534814239,1.510045532837411,-1.3737155545003286,1.370843534814239,-1.0995563704137452,-0.7146695259401431,-0.44250975494475675,0.0,0.7005815842268202,1.1875662307018935,1.381802960895212,-0.0066712640103934765,2024-01-19,ASML
1.3815144699702797,1.510967379994503,-1.3625575492229511,1.3815144699702797,-1.1044496091696876,-0.7146695259401431,-0.4207572267440129,0.0,0.7005815842268202,1.1875662307018935,1.381802960895212,-0.0066712640103934765,2024-01-26,ASML
1.2847135323820782,1.5155770553828034,-1.4899439632833211,1.2847135323820782,-1.0322742500215256,0.18118025991537165,-0.21281431648056048,0.0,1.2225456863392115,0.6739122470129602,1.381802960895212,-0.0066712640103934765,2024-02-02,ASML
-0.42645460459000706,-0.2070192048503007,-0.10264169112431258,-0.42645460459000706,-1.0114779561427665,0.18118025991537165,-0.21281431648056048,0.0,0.7005815842268202,1.1875662307018935,1.381802960895212,-0.0066712640103934765,2020-01-03,MSFT
-0.39825267864657393,-0.19549529113132477,-0.0914836858469353,-0.39825267864657393,-1.190081345730688,0.18118025991537165,-0.21281431648056048,0.0,0.7005815842268202,1.1875662307018935,1.381802960895212,-0.0066712640103934765,2020-01-10,MSFT
-0.38986839841336113,-0.18397137741234884,-0.10450132172252603,-0.38986839841336113,-1.2463536497560335,0.18118025991537165,-0.21281431648056048,0.0,0.7005815842268202,1.1875662307018935,1.381802960895212,-0.0066712640103934765,2020-01-17,MSFT
-0.5080113880393792,-0.19918295451146809,-0.21794022918617426,-0.5080113880393792,-0.945419174605536,0.18118025991537165,-0.21281431648056048,0.0,0.7005815842268202,1.1875662307018935,1.381802960895212,-0.0066712640103934765,2020-01-24,MSFT
-0.6307276875110532,-0.18996382353628732,-0.38623895978343314,-0.6307276875110532,-0.42184216106363503,0.18118025991537165,-0.21281431648056048,0.0,0.7005815842268202,1.1875662307018935,1.381802960895212,-0.0066712640103934765,2020-01-31,MSFT
-0.5865193588335589,-0.186276160156144,-0.3397476406078554,-0.5865193588335589,-0.8340979054098342,0.18118025991537165,-0.21281431648056048,0.0,1.2225456863392115,0.6739122470129602,1.381802960895212,-0.0066712640103934765,2020-02-07,MSFT
-0.5788971454698429,-0.1784399098173114,-0.3462562922795783,-0.5788971454698429,-1.0530705439002845,0.18118025991537165,-0.21281431648056048,0.0,1.2225456863392115,0.6739122470129602,1.381802960895212,-0.0066712640103934765,2020-02-14,MSFT
-0.668076142282931,-0.186276160156144,-0.4392391523188303,-0.668076142282931,-0.6371448996531321,0.18118025991537165,-0.21281431648056048,0.0,1.2225456863392115,0.6739122470129602,1.381802960895212,-0.0066712640103934765,2020-02-21,MSFT
-0.9302773925555722,-0.31903176708952796,-0.49130947413309667,-0.9302773925555722,2.1801400848510823,0.18118025991537165,-0.21281431648056048,0.0,1.2225456863392115,0.6739122470129602,1.381802960895212,-0.0066712640103934765,2020-02-28,MSFT
-1.2511690587750401,-0.6947117252430403,-0.12495750770198263,-1.2511690587750401,2.4040057287694463,0.18118025991537165,-0.21281431648056048,0.0,1.4135978075758815,-0.027752143461200737,1.381802960895212,-0.0066712640103934765,2020-03-06,MSFT
-1.064426875778519,-0.7739963230650563,0.2627804600076947,-1.064426875778519,4.347847070349867,0.18118025991537165,-0.21281431648056048,0.0,1.4135978075758815,-0.027752143461200737,1.381802960895212,-0.0066712640103934765,2020-03-13,MSFT
-1.0743356077707615,-0.9012204521002112,0.5073250773669048,-1.0743356077707615,5.352185170821161,0.18118025991537165,-0.21281431648056048,0.0,1.4135978075758815,-0.027752143461200737,1.381802960895212,-0.0066712640103934765,2020-03-20,MSFT
-1.2183938684173847,-0.9127443761223787,0.3548333939037917,-1.2183938684173847,5.291019628039874,0.18118025991537165,-0.21281431648056048,0.0,1.4135978075758815,-0.027752143461200737,1.381802960895212,-0.0066712640103934765,2020-03-27,MSFT
-1.3418723710528568,-0.8592733670110109,0.09634141543067345,-1.3418723710528568,2.9985348792685347,0.18118025991537165,-0.21281431648056048,0.0,1.2225456863392115,-0.7294165339353614,-0.0196464875956663,-1.434321762234622,2020-04-03,MSFT
-1.2336381588505152,-0.78920790703297,0.0870431100290398,-1.2336381588505152,2.370976279668824,0.18118025991537165,-0.21281431648056048,0.0,1.2225456863392115,-0.7294165339353614,-0.0196464875956663,-1.434321762234622,2020-04-10,MSFT
-1.2908041230383123,-0.8385303017104709,0.11679758755462402,-1.2908041230383123,1.9403712691458872,0.18118025991537165,-0.21281431648056048,0.0,1.2225456863392115,-0.7294165339353614,-0.0196464875956663,-1.434321762234622,2020-04-17,MSFT
-1.3350124517158066,-0.8399131720436276,0.0656571156782295,-1.3350124517158066,1.66879610986703,0.18118025991537165,-0.21281431648056048,0.0,1.2225456863392115,-0.7294165339353614,-0.0196464875956663,-1.434321762234622,2020-04-24,MSFT
-1.2999506518667567,-0.8431398706324585,0.1149379638841636,-1.2999506518667567,1.8229330723472106,0.18118025991537165,-0.21281431648056048,0.0,0.7005815842268202,-1.243070517624295,-0.0196464875956663,-1.434321762234622,2020-05-01,MSFT
-1.269462161863363,-0.8422179582218199,0.15027136784315323,-1.269462161863363,0.6962638863133399,0.18118025991537165,-0.21281431648056048,0.0,0.7005815842268202,-1.243070517624295,-0.0196464875956663,-1.434321762234622,2020-05-08,MSFT
-1.3014751036257868,-0.8385303017104709,0.10378000710105743,-1.3014751036257868,1.1745784121967695,0.18118025991537165,-0.21281431648056048,0.0,0.7005815842268202,-1.243070517624295,-0.0196464875956663,-1.434321762234622,2020-05-15,MSFT
-1.288517468115484,-0.83530360312164,0.11307829864718505,-1.288517468115484,0.7182835190470882,0.18118025991537165,-0.21281431648056048,0.0,0.7005815842268202,-1.243070517624295,-0.0196464875956663,-1.434321762234622,2020-05-22,MSFT
-1.2953773874525345,-0.8270063742539063,0.0879729530391586,-1.2953773874525345,0.6387683600970195,0.18118025991537165,-0.21281431648056048,0.0,0.7005815842268202,-1.243070517624295,-0.0196464875956663,-1.434321762234622,2020-05-29,MSFT
-1.1002508787913667,-0.8191701101774849,0.3102016637599093,-1.1002508787913667,0.27299844226428094,0.18118025991537165,-0.21281431648056048,0.0,-0.012434639122240833,-1.4310809244095224,-0.0196464875956663,-1.434321762234622,2020-06-05,MSFT
-1.2565045263530605,-0.8168653205648954,0.11493794310090454,-1.2565045263530605,1.6883690648908,0.18118025991537165,-0.21281431648056048,0.0,-0.012434639122240833,-1.4310809244095224,-0.0196464875956663,-1.434321762234622,2020-06-12,MSFT
-1.2580289326806566,-0.8200920191537263,0.11958710272947437,-1.2580289326806566,1.569707762565163,0.18118025991537165,-0.21281431648056048,0.0,-0.012434639122240833,-1.4310809244095224,-0.0196464875956663,-1.434321762234622,2020-06-19,MSFT
-1.304523961712413,-0.8247015915101111,0.0721658712662477,-1.304523961712413,1.5219987138607276,0.18118025991537165,-0.21281431648056048,0.0,-0.012434639122240833,-1.4310809244095224,-0.0196464875956663,-1.434321762234622,2020-06-26,MSFT
-1.2793708938556059,-0.8247015915101111,0.10285021951296278,-1.2793708938556059,0.6595646539757787,0.18118025991537165,-0.21281431648056048,0.0,-0.725450862471302,-1.243070517624295,-1.4210959360865447,-0.006671264010393827,2020-07-03,MSFT
-1.3068105712038072,-0.8306940341996524,0.08146418359563437,-1.3068105712038072,0.6118556052713432,0.18118025991537165,-0.21281431648056048,0.0,-0.725450862471302,-1.243070517624295,-1.4210959360865447,-0.006671264010393827,2020-07-10,MSFT
-1.3106216324542312,-0.8376083892998324,0.09076246128625594,-1.3106216324542312,0.41490248285062675,0.18118025991537165,-0.21281431648056048,0.0,-0.725450862471302,-1.243070517624295,-1.4210959360865447,-0.006671264010393827,2020-07-17,MSFT
-1.3403479647252607,-0.8408350878886633,0.06100795604965965,-1.3403479647252607,0.4344754378743966,0.18118025991537165,-0.21281431648056048,0.0,-0.725450862471302,-1.243070517624295,-1.4210959360865447,-0.006671264010393827,2020-07-24,MSFT
-1.3807452321523308,-0.8477494429888434,0.025674545162916982,-1.3807452321523308,0.26565840913434563,0.18118025991537165,-0.21281431648056048,0.0,-0.725450862471302,-1.243070517624295,-1.4210959360865447,-0.006671264010393827,2020-07-31,MSFT
-1.3609277227364116,-0.845444656810651,0.04520088120450177,-1.3609277227364116,-0.009586533381450227,0.18118025991537165,-0.21281431648056048,0.0,-1.2474149645836932,-0.7294165339353622,-1.4210959360865447,-0.006671264010393827,2020-08-07,MSFT
-1.2488824038522122,-0.845444656810651,0.18188550367796297,-1.2488824038522122,-0.029159488405220074,0.18118025991537165,-0.21281431648056048,0.0,-1.2474149645836932,-0.7294165339353622,-1.4210959360865447,-0.006671264010393827,2020-08-14,MSFT
-1.3014751036257868,-0.845444656810651,0.11772741670923678,-1.3014751036257868,0.030782948849107483,0.18118025991537165,-0.21281431648056048,0.0,-1.2474149645836932,-0.7294165339353622,-1.4210959360865447,-0.006671264010393827,2020-08-21,MSFT
-1.2336381588505152,-0.8422179582218199,0.19397324112141076,-1.2336381588505152,0.08216178079048174,0.18118025991537165,-0.21281431648056048,0.0,-1.2474149645836932,-0.7294165339353622,-1.4210959360865447,-0.006671264010393827,2020-08-28,MSFT
-1.2397358295923337,-0.8385303017104709,0.17909604392513676,-1.2397358295923337,1.0351210493204022,0.18118025991537165,-0.21281431648056048,0.0,-1.4384670858203634,-0.02775214346120108,-1.4210959360865447,-0.006671264010393827,2020-09-04,MSFT
-1.2793708938556059,-0.8385303017104709,0.13074503872932147,-1.2793708938556059,0.5604765400019401,0.18118025991537165,-0.21281431648056048,0.0,-1.4384670858203634,-0.02775214346120108,-1.4210959360865447,-0.006671264010393827,2020-09-11,MSFT
-1.2603155876034848,-0.8477494429888434,0.17258724677060044,-1.2603155876034848,0.43325209901940737,0.18118025991537165,-0.21281431648056048,0.0,-1.4384670858203634,-0.02775214346120108,-1.4210959360865447,-0.006671264010393827,2020-09-18,MSFT
-1.286993061787888,-0.8445227409656151,0.13353447077113562,-1.286993061787888,0.5005341027476127,0.18118025991537165,-0.21281431648056048,0.0,-1.4384670858203634,-0.02775214346120108,-1.4210959360865447,-0.006671264010393827,2020-09-25,MSFT
-1.2587911812758885,-0.8468275271438075,0.17258721905958838,-1.2587911812758885,0.6534479597008326,0.18118025991537165,-0.21281431648056048,0.0,-1.2474149645836934,0.6739122470129602,-0.019646487595666815,1.4209792342138348,2020-10-02,MSFT
-1.1985763590014655,-0.8431398706324585,0.23860495048203406,-1.1985763590014655,0.33171730733559046,0.18118025991537165,-0.21281431648056048,0.0,-1.2474149645836934,0.6739122470129602,-0.019646487595666815,1.4209792342138348,2020-10-09,MSFT
-1.2222049296678088,-0.8445227409656151,0.212569824213666,-1.2222049296678088,0.6265352048751562,0.18118025991537165,-0.21281431648056048,0.0,-1.2474149645836934,0.6739122470129602,-0.019646487595666815,1.4209792342138348,2020-10-16,MSFT
-1.1482702687192852,-0.8477494429888434,0.3092718692440617,-1.1482702687192852,0.6436614821889476,0.18118025991537165,-0.21281431648056048,0.0,-1.2474149645836934,0.6739122470129602,-0.019646487595666815,1.4209792342138348,2020-10-23,MSFT
-1.1337882268813864,-0.8477494429888434,0.326938581615186,-1.1337882268813864,1.9244680973590562,0.18118025991537165,-0.21281431648056048,0.0,-1.2474149645836934,0.6739122470129602,-0.019646487595666815,1.4209792342138348,2020-10-30,MSFT
-1.1642767623162138,-0.8477494429888434,0.2897454708526997,-1.1642767623162138,0.31459103002179906,0.18118025991537165,-0.21281431648056048,0.0,-0.7254508624713029,1.187566230701893,-0.019646487595666815,1.4209792342138348,2020-11-06,MSFT
-1.1086352044560133,-0.8477494429888434,0.35762287443987695,-1.1086352044560133,0.09928829143230194,0.18118025991537165,-0.21281431648056048,0.0,-0.7254508624713029,1.187566230701893,-0.019646487595666815,1.4209792342138348,2020-11-13,MSFT
-1.1574168429791636,-0.8592733670110109,0.3213595997597564,-1.1574168429791636,0.17268698943545327,0.18118025991537165,-0.21281431648056048,0.0,-0.7254508624713029,1.187566230701893,-0.019646487595666815,1.4209792342138348,2020-11-20,MSFT
-1.1475080655554872,-0.8523590119108309,0.319499955306037,-1.1475080655554872,-0.17717998993848313,0.18118025991537165,-0.21281431648056048,0.0,-0.7254508624713029,1.187566230701893,-0.019646487595666815,1.4209792342138348,2020-11-27,MSFT
-1.0507070371044183,-0.8514370960657951,0.4357283363780174,-1.0507070371044183,-0.18329645088540042,0.18118025991537165,-0.21281431648056048,0.0,-0.012434639122241358,1.3755766374871208,-0.019646487595666815,1.4209792342138348,2020-12-04,MSFT
-1.1086352044560133,-0.8560466684221798,0.37435976458414155,-1.1086352044560133,0.12497770740298908,0.18118025991537165,-0.21281431648056048,0.0,-0.012434639122241358,1.3755766374871208,-0.019646487595666815,1.4209792342138348,2020-12-11,MSFT
-1.0667134852699132,-0.8491323133219999,0.41155286149112186,-1.0667134852699132,-0.08787835347652961,0.18118025991537165,-0.21281431648056048,0.0,-0.012434639122241358,1.3755766374871208,-0.019646487595666815,1.4209792342138348,2020-12-18,MSFT
-1.0819577757030436,-0.8514370960657951,0.3976054103164244,-1.0819577757030436,-0.09277147556845768,-0.5768464819623715,-0.1437276213786706,0.0,-0.012434639122241358,1.3755766374871208,-0.019646487595666815,1.4209792342138348,2020-12-25,MSFT
-1.0903421013676902,-0.8560466684221798,0.3966756088728237,-1.0903421013676902,0.056472364819794604,-0.3012003940068287,-0.0592397899234291,0.0,0.7005815842268202,1.1875662307018935,1.381802960895212,-0.0066712640103934765,2021-01-01,MSFT
-0.9470460438848651,-0.8491323133219999,0.5575357477996986,-0.9470460438848651,-0.08910169233151884,-0.6457580039512573,-0.18985059920094488,0.0,0.7005815842268202,1.1875662307018935,1.381802960895212,-0.0066712640103934765,2021-01-08,MSFT
-0.9531437600581174,-0.8514370960657951,0.5547462464803543,-0.9531437600581174,0.25097880953053264,-0.02555430605128567,0.028733225453996272,0.0,0.7005815842268202,1.1875662307018935,1.381802960895212,-0.0066712640103934765,2021-01-15,MSFT
-0.9577170699037735,-0.8537418822439874,0.5538163826869764,-0.9577170699037735,-0.04628576571901149,-0.6457580039512573,-0.21516864058194368,0.0,0.7005815842268202,1.1875662307018935,1.381802960895212,-0.0066712640103934765,2021-01-22,MSFT
-0.9561925727133098,-0.8638829359329984,0.5761323239642008,-0.9561925727133098,1.3213758082030722,1.2837646117375434,0.7969851463132129,0.0,0.7005815842268202,1.1875662307018935,1.381802960895212,-0.0066712640103934765,2021-01-29,MSFT
-0.8975022476293504,-0.8754068608137652,0.6709746154287669,-0.8975022476293504,-0.1735099733735155,-0.9903156138956861,-0.3619410249792801,0.0,1.2225456863392115,0.6739122470129602,1.381802960895212,-0.0066712640103934765,2021-02-05,MSFT
-0.8746357892639377,-0.8698753769053411,0.687711590438006,-0.8746357892639377,-0.2836081370422569,-1.1970501798623432,-0.4713579978831625,0.0,1.2225456863392115,0.6739122470129602,1.381802960895212,-0.0066712640103934765,2021-02-12,MSFT
-0.7641149221387681,-0.8754068608137652,0.8336944542313854,-0.7641149221387681,-0.029159488405220074,-0.6802137649457002,-0.2884377179129789,0.0,1.2225456863392115,0.6739122470129602,1.381802960895212,-0.0066712640103934765,2021-02-19,MSFT
-0.6764604225161438,-0.8698753769053411,0.9294666718391067,-0.6764604225161438,0.692594103076401,1.0081185237820007,0.30187672821379424,0.0,1.2225456863392115,0.6739122470129602,1.381802960895212,-0.0066712640103934765,2021-02-26,MSFT
-0.6048124164904481,-0.8731020754941721,1.023379208622405,-0.6048124164904481,0.29012471957807234,0.11226873792648594,0.008494667399092515,0.0,1.4135978075758815,-0.027752143461200737,1.381802960895212,-0.0066712640103934765,2021-03-05,MSFT
-0.5430731878884288,-0.874484946685928,1.1014846722924836,-0.5430731878884288,-0.19552960610726378,-1.1970501798623432,-0.37339094244145893,0.0,1.4135978075758815,-0.027752143461200737,1.381802960895212,-0.0066712640103934765,2021-03-12,MSFT
-0.4691385269399052,-0.8837040866764013,1.2102744660239257,-0.4691385269399052,-0.16372349586163057,-0.9214040919068004,-0.3914697862550716,0.0,1.4135978075758815,-0.027752143461200737,1.381802960895212,-0.0066712640103934765,2021-03-19,MSFT
-0.5240178816363078,-0.8790945168958145,1.1340286052410484,-0.5240178816363078,-0.4193954833536566,-1.265961701851229,-0.8550437670104123,0.0,1.4135978075758815,-0.027752143461200737,1.381802960895212,-0.0066712640103934765,2021-03-26,MSFT
-0.5095357943669754,-0.8823212154846455,1.15820416326098,-0.5095357943669754,-0.6065621282624881,-1.265961701851229,-1.1528467074727442,0.0,1.2225456863392115,-0.7294165339353614,-0.0196464875956663,-1.434321762234622,2021-04-02,MSFT
-0.5194445717906518,-0.8846260005895887,1.1507655347869084,-0.5194445717906518,-0.6848539483575675,-1.265961701851229,-1.2646755178824118,0.0,1.2225456863392115,-0.7294165339353614,-0.0196464875956663,-1.434321762234622,2021-04-09,MSFT
-0.5903304200839831,-0.8823212154846455,1.059642411427088,-0.5903304200839831,-0.738679691336949,-1.265961701851229,-1.3086350191434937,0.0,1.2225456863392115,-0.7294165339353614,-0.0196464875956663,-1.434321762234622,2021-04-16,MSFT
-0.5949036390667717,-0.8790945168958145,1.0475547294056642,-0.5949036390667717,-0.6065621282624881,-1.0936828968790147,-1.0574186806242616,0.0,1.2225456863392115,-0.7294165339353614,-0.0196464875956663,-1.434321762234622,2021-04-23,MSFT
-0.5461220005436213,-0.8846260005895887,1.118221611364004,-0.5461220005436213,-0.4499782547443006,-0.9903156138956861,-0.786762692510855,0.0,1.2225456863392115,-0.7294165339353614,-0.0196464875956663,-1.434321762234622,2021-04-30,MSFT
-0.5872815165659232,-0.8823212154846455,1.063361783467563,-0.5872815165659232,-0.6848539483575675,-1.1625944188679005,-1.1040462444644852,0.0,0.7005815842268202,-1.243070517624295,-0.0196464875956663,-1.434321762234622,2021-05-07,MSFT
-0.5430731878884288,-0.8837040866764013,1.1200812181480664,-0.5430731878884288,-0.42551217762860266,-0.8524925699179146,-0.6369337363574337,0.0,0.7005815842268202,-1.243070517624295,-0.0196464875956663,-1.434321762234622,2021-05-14,MSFT
-0.5453598428112569,-0.8846260005895887,1.1191513712410865,-0.5453598428112569,-0.2615885043085086,-0.6457580039512573,-0.33293990548749625,0.0,0.7005815842268202,-1.243070517624295,-0.0196464875956663,-1.434321762234622,2021-05-21,MSFT
-0.5842327039107309,-0.8823212154846455,1.06708104466399,-0.5842327039107309,-0.6762908097006719,-1.0592271358845717,-0.9570246047629828,0.0,0.7005815842268202,-1.243070517624295,-0.0196464875956663,-1.434321762234622,2021-05-28,MSFT
-0.6002391975076595,-0.8790945168958145,1.0410458560458447,-0.6002391975076595,-0.71788339745819,-1.1970501798623432,-0.964309453559172,0.0,-0.012434639122240833,-1.4310809244095224,-0.0196464875956663,-1.434321762234622,2021-06-04,MSFT
-0.6749360161885476,-0.8777116461333583,0.9471333668908484,-0.6749360161885476,-0.8120783893401003,-1.265961701851229,-1.0923615843249916,0.0,-0.012434639122240833,-1.4310809244095224,-0.0196464875956663,-1.434321762234622,2021-06-11,MSFT
-0.6840825450169922,-0.8731020754941721,0.9266771982307744,-0.6840825450169922,-0.19430626725227457,-0.3012003940068287,-0.0386707656026092,0.0,-0.012434639122240833,-1.4310809244095224,-0.0196464875956663,-1.434321762234622,2021-06-18,MSFT
-0.6185322551645488,-0.8661877203939922,0.9926949019422079,-0.6185322551645488,-0.8157482892410536,-1.265961701851229,-1.1101216572639818,0.0,-0.012434639122240833,-1.4310809244095224,-0.0196464875956663,-1.434321762234622,2021-06-25,MSFT
-0.6985646322863247,-0.8684925065721846,0.8997121596747574,-0.6985646322863247,-0.8830304096332733,-1.265961701851229,-1.1548276184107853,0.0,-0.725450862471302,-1.243070517624295,-1.4210959360865447,-0.006671264010393827,2021-07-02,MSFT
-0.7557306419055553,-0.8661877203939922,0.8253259312220317,-0.7557306419055553,-0.7472428299938447,-1.0592271358845717,-0.8550433134074104,0.0,-0.725450862471302,-1.243070517624295,-1.4210959360865447,-0.006671264010393827,2021-07-09,MSFT
-0.7984145642554534,-0.8684925065721846,0.7779047482530762,-0.7984145642554534,-0.46955120976807047,-0.5079349599734858,-0.3282131298691118,0.0,-0.725450862471302,-1.243070517624295,-1.4210959360865447,-0.006671264010393827,2021-07-16,MSFT
-0.8090854994114942,-0.8652658062661549,0.758378429530874,-0.8090854994114942,-0.6224650667212904,-0.6457580039512573,-0.5602945096107895,0.0,-0.725450862471302,-1.243070517624295,-1.4210959360865447,-0.006671264010393827,2021-07-23,MSFT
-0.8449095478557759,-0.8675705924443473,0.719325639675903,-0.8449095478557759,-0.4952408590667864,-0.4390234379846001,-0.3059137135514949,0.0,-0.725450862471302,-1.243070517624295,-1.4210959360865447,-0.006671264010393827,2021-07-30,MSFT
-0.8060366867563019,-0.8661877203939922,0.7639573455726498,-0.8060366867563019,-0.7509128465588124,-1.0592271358845717,-0.7166010664182803,0.0,-1.2474149645836932,-0.7294165339353622,-1.4210959360865447,-0.006671264010393827,2021-08-06,MSFT
-0.800701128315414,-0.8652658062661549,0.7686065640871204,-0.800701128315414,-0.8365445831198127,-1.1970501798623432,-0.8176086298352354,0.0,-1.2474149645836932,-0.7294165339353622,-1.4210959360865447,-0.006671264010393827,2021-08-13,MSFT
-0.8289030542588471,-0.8661877203939922,0.7360625540673033,-0.8289030542588471,-0.4560949490192467,-0.16337735002905707,-0.1459761788610119,0.0,-1.2474149645836932,-0.7294165339353622,-1.4210959360865447,-0.006671264010393827,2021-08-20,MSFT
-0.7892679445641414,-0.8661877203939922,0.7844136146851427,-0.7892679445641414,-0.7215534140231576,-0.7835810479290288,-0.5637515557158649,0.0,-1.2474149645836932,-0.7294165339353622,-1.4210959360865447,-0.006671264010393827,2021-08-27,MSFT
-0.7816458220632929,-0.8675705924443473,0.79650136252022,-0.7816458220632929,-0.7191067363131792,-0.7146695259401431,-0.5298176604639301,0.0,-1.4384670858203634,-0.02775214346120108,-1.4210959360865447,-0.006671264010393827,2021-09-03,MSFT
-0.767163825656828,-0.8684925065721846,0.8160276743146692,-0.767163825656828,-0.16372349586163057,0.7669281968209006,0.462004237890947,0.0,-1.4384670858203634,-0.02775214346120108,-1.4210959360865447,-0.006671264010393827,2021-09-10,MSFT
-0.745059615886647,-0.8731020754941721,0.8522909767058018,-0.745059615886647,-0.1808500065034508,0.594649391848686,0.45233590447740757,0.0,-1.4384670858203634,-0.02775214346120108,-1.4210959360865447,-0.006671264010393827,2021-09-17,MSFT
-0.6764604225161438,-0.874484946685928,0.9387649443339133,-0.6764604225161438,-0.5551830629930852,-0.16337735002905707,-0.18658942438752693,0.0,-1.4384670858203634,-0.02775214346120108,-1.4210959360865447,-0.006671264010393827,2021-09-24,MSFT
-0.6619784261096787,-0.8731020754941721,0.9536421190149901,-0.6619784261096787,-0.14537387969284996,1.0081185237820007,0.582760562643519,0.0,-1.2474149645836934,0.6739122470129602,-0.019646487595666815,1.4209792342138348,2021-10-01,MSFT
-0.5659395553909742,-0.8675705924443473,1.059642472910896,-0.5659395553909742,-0.43040529972053077,0.18118025991537165,0.08076951279537663,0.0,-1.2474149645836934,0.6739122470129602,-0.019646487595666815,1.4209792342138348,2021-10-08,MSFT
-0.5880437651611551,-0.8684925065721846,1.034537096127981,-0.5880437651611551,-0.7325632303900318,-0.7835810479290288,-0.4471866284541428,0.0,-1.2474149645836934,0.6739122470129602,-0.019646487595666815,1.4209792342138348,2021-10-15,MSFT
-0.5278289428867321,-0.8629610218051612,1.0968355178597284,-0.5278289428867321,-0.8389911441657767,-1.1970501798623432,-0.6119320993493451,0.0,-1.2474149645836934,0.6739122470129602,-0.019646487595666815,1.4209792342138348,2021-10-22,MSFT
-0.60252576156762,-0.8638829359329984,1.0075721649521356,-0.60252576156762,-0.7374563524819598,-0.7146695259401431,-0.495230774343144,0.0,-1.2474149645836934,0.6739122470129602,-0.019646487595666815,1.4209792342138348,2021-10-29,MSFT
-0.6817959809570316,-0.8675705924443473,0.9183086630978529,-0.6817959809570316,-0.7105435976562835,-0.37011191599571436,-0.3984831026948887,0.0,-0.7254508624713029,1.187566230701893,-0.019646487595666815,1.4209792342138348,2021-11-05,MSFT
-0.583470455315499,-0.8661877203939922,1.0354669599213586,-0.583470455315499,-0.7337863359169922,-0.6457580039512573,-0.4183280540349896,0.0,-0.7254508624713029,1.187566230701893,-0.019646487595666815,1.4209792342138348,2021-11-12,MSFT
-0.6185322551645488,-0.8652658062661549,0.9908352470968589,-0.6185322551645488,-0.5356101079693153,0.25009178190425735,0.08179164388379677,0.0,-0.7254508624713029,1.187566230701893,-0.019646487595666815,1.4209792342138348,2021-11-19,MSFT
-0.6596917711868507,-0.8661877203939922,0.9424842107261551,-0.6596917711868507,0.7745559397364481,2.1796143975930584,3.037890832812254,0.0,-0.7254508624713029,1.187566230701893,-0.019646487595666815,1.4209792342138348,2021-11-26,MSFT
-0.7656393284663643,-0.8661877203939922,0.8132382769116201,-0.7656393284663643,1.0253345718085172,2.1796143975930584,3.3107630750823733,0.0,-0.012434639122241358,1.3755766374871208,-0.019646487595666815,1.4209792342138348,2021-12-03,MSFT
-0.6543563036088303,-0.8629610218051612,0.9424841830151429,-0.6543563036088303,-0.44019177723241565,0.594649391848686,0.26970801837358704,0.0,-0.012434639122241358,1.3755766374871208,-0.019646487595666815,1.4209792342138348,2021-12-10,MSFT
-0.7206688420565056,-0.8721801622249342,0.8801857456959511,-0.7206688420565056,-0.08787835347652961,1.6283222216819722,1.0120102815469159,0.0,-0.012434639122241358,1.3755766374871208,-0.019646487595666815,1.4209792342138348,2021-12-17,MSFT
-0.6513074000907705,-0.8592733670110109,0.9387649391380986,-0.6513074000907705,-0.529493647022398,0.31900330389314324,0.09877179500385279,0.0,-0.012434639122241358,1.3755766374871208,-0.019646487595666815,1.4209792342138348,2021-12-24,MSFT
-0.6368254036843054,-0.8707972910331784,0.9796772764582468,-0.6368254036843054,-0.6200186223393408,0.04335721593760023,-0.06706623670517652,0.0,-0.012434639122241358,1.3755766374871208,-0.019646487595666815,1.4209792342138348,2021-12-31,MSFT
-0.4394121946688759,-0.845444656810651,1.169362098394858,-0.4394121946688759,-0.43162863857552,0.8013839578153433,0.34560214999281297,0.0,0.7005815842268202,1.1875662307018935,1.381802960895212,-0.0066712640103934765,2022-01-07,MSFT
-0.4386500369365115,-0.831615946610291,1.142397039055582,-0.4386500369365115,-0.3790262344511277,1.0770300457708866,0.4832238829287675,0.0,0.7005815842268202,1.1875662307018935,1.381802960895212,-0.0066712640103934765,2022-01-14,MSFT
-0.4577053431886326,-0.8131776640535464,1.081958282560813,-0.4577053431886326,0.8026920334171136,2.110702875604173,2.8712321465992967,0.0,0.7005815842268202,1.1875662307018935,1.381802960895212,-0.0066712640103934765,2022-01-21,MSFT
-0.43102791443566313,-0.8062633158221608,1.100554810231044,-0.43102791443566313,0.6571179762658002,1.9728798316264011,2.7696025890371145,0.0,0.7005815842268202,1.1875662307018935,1.381802960895212,-0.0066712640103934765,2022-01-28,MSFT
-0.3182203923876655,-0.7832154609090314,1.19167787340601,-0.3182203923876655,0.11396789103611493,1.8350567876486292,1.5450223739667455,0.0,1.2225456863392115,0.6739122470129602,1.381802960895212,-0.0066712640103934765,2022-02-04,MSFT
-0.299164995272677,-0.7302054097201814,1.1079935127454763,-0.299164995272677,0.6204187439282389,1.9039683096375155,2.5302399340466897,0.0,1.2225456863392115,0.6739122470129602,1.381802960895212,-0.0066712640103934765,2022-02-11,MSFT
-0.3166958951972018,-0.739424554432951,1.105204039137144,-0.3166958951972018,0.6681277926326743,1.9728798316264011,2.5242931533988004,0.0,1.2225456863392115,0.6739122470129602,1.381802960895212,-0.0066712640103934765,2022-02-18,MSFT
-0.2755364700377673,-0.7486436854081316,1.1740111471793797,-0.2755364700377673,0.6485548376089045,1.9039683096375155,2.493320433930867,0.0,1.2225456863392115,0.6739122470129602,1.381802960895212,-0.0066712640103934765,2022-02-25,MSFT
-0.47523624311315743,-0.7454169868193007,0.9238876449532825,-0.47523624311315743,1.1855882285636437,2.248525919581944,3.343320200063744,0.0,1.4135978075758815,-0.027752143461200737,1.381802960895212,-0.0066712640103934765,2022-03-04,MSFT
-0.2618166313636667,-0.7177595664185809,1.1284496155918966,-0.2618166313636667,1.0351210493204022,2.1796143975930584,2.8707350552835638,0.0,1.4135978075758815,-0.027752143461200737,1.381802960895212,-0.0066712640103934765,2022-03-11,MSFT
-0.15205792197086143,-0.7094623512884359,1.245607922807032,-0.15205792197086143,0.19348328331421233,1.6283222216819722,1.3459660284368067,0.0,1.4135978075758815,-0.027752143461200737,1.381802960895212,-0.0066712640103934765,2022-03-18,MSFT
0.1101434191646472,-0.646311246410575,1.438082266846247,0.1101434191646472,-0.1808500065034508,1.2493088507431007,0.6722186602221477,0.0,1.4135978075758815,-0.027752143461200737,1.381802960895212,-0.0066712640103934765,2022-03-25,MSFT
0.02248891954202287,-0.6555303773857557,1.349748649568601,0.02248891954202287,-0.325200724799775,1.0081185237820007,0.4056776384753029,0.0,1.2225456863392115,-0.7294165339353614,-0.0196464875956663,-1.434321762234622,2022-04-01,MSFT
0.2785924536414118,-0.5780896112538114,1.5059596150114,0.2785924536414118,-0.13803407989094346,1.4215876557153153,0.7218248190421295,0.0,1.2225456863392115,-0.7294165339353614,-0.0196464875956663,-1.434321762234622,2022-04-08,MSFT
0.3662469532640361,-0.5412130324027333,1.5385035384343044,0.3662469532640361,0.050355903872877326,1.4904991777042007,1.0342001722922174,0.0,1.2225456863392115,-0.7294165339353614,-0.0196464875956663,-1.434321762234622,2022-04-15,MSFT
0.42569943608035987,-0.5264624338325151,1.581275485569407,0.42569943608035987,0.7243999799940054,1.9039683096375155,2.159044848692353,0.0,1.2225456863392115,-0.7294165339353614,-0.0196464875956663,-1.434321762234622,2022-04-22,MSFT
0.4112175305367623,-0.5135556120020135,1.5375737231351978,0.4112175305367623,1.3592986127236515,2.248525919581944,3.0377086512868177,0.0,1.2225456863392115,-0.7294165339353614,-0.0196464875956663,-1.434321762234622,2022-04-29,MSFT
0.5910996579019321,-0.5103289271507713,1.7505040314657725,0.5910996579019321,0.9666157067372078,1.9728798316264011,2.291587243404136,0.0,0.7005815842268202,-1.243070517624295,-0.0196464875956663,-1.434321762234622,2022-05-06,MSFT
0.4478036458505408,-0.4513264229691884,1.4566786282504056,0.4478036458505408,0.8051387111270921,1.9039683096375155,1.9651531541409977,0.0,0.7005815842268202,-1.243070517624295,-0.0196464875956663,-1.434321762234622,2022-05-13,MSFT
0.3349961238025431,-0.4351929437626221,1.2865202670549332,0.3349961238025431,0.8736440537102865,1.9039683096375155,2.0035157416075053,0.0,0.7005815842268202,-1.243070517624295,-0.0196464875956663,-1.434321762234622,2022-05-20,MSFT
0.30145882114395706,-0.4135279694858408,1.2019060772397867,0.30145882114395706,0.4197956049425548,1.2837646117375434,1.2760112991515937,0.0,0.7005815842268202,-1.243070517624295,-0.0196464875956663,-1.434321762234622,2022-05-27,MSFT
0.4645723880427013,-0.3628226941719916,1.2986080876314172,0.4645723880427013,0.3060278913649034,1.214853089748658,1.0743555473538455,0.0,-0.012434639122240833,-1.4310809244095224,-0.0196464875956663,-1.434321762234622,2022-06-03,MSFT
0.6162526803273054,-0.2922962762714328,1.3413800347665197,0.6162526803273054,0.6681277926326743,1.5249549386986438,1.5894618274228358,0.0,-0.012434639122240833,-1.4310809244095224,-0.0196464875956663,-1.434321762234622,2022-06-10,MSFT
0.6795164969826557,-0.18996382353628732,1.212134211796033,0.6795164969826557,1.0816067591698484,2.110702875604173,2.1441236371938115,0.0,-0.012434639122240833,-1.4310809244095224,-0.0196464875956663,-1.434321762234622,2022-06-17,MSFT
0.5926241550923957,-0.14939958130506595,1.024308971963364,0.5926241550923957,0.6045155721414079,1.145941567759772,1.3915050180508146,0.0,-0.012434639122240833,-1.4310809244095224,-0.0196464875956663,-1.434321762234622,2022-06-24,MSFT
0.412741846001491,-0.14709479856127075,0.8002205475113636,0.412741846001491,0.5396802461231811,1.0770300457708866,1.2611701758679508,0.0,-0.725450862471302,-1.243070517624295,-1.4210959360865447,-0.006671264010393827,2022-07-01,MSFT
0.5743310974355065,-0.03646511695839161,0.7741854974482788,0.5743310974355065,0.2876780418680939,0.8702954798042293,0.8502601111290098,0.0,-0.725450862471302,-1.243070517624295,-1.4210959360865447,-0.006671264010393827,2022-07-08,MSFT
0.44399267546298404,0.14653478675994047,0.24604364606871332,0.44399267546298404,0.2375223154536801,0.8013839578153433,0.753134464849244,0.0,-0.725450862471302,-1.243070517624295,-1.4210959360865447,-0.006671264010393827,2022-07-15,MSFT
0.33194731114735077,0.19954484481758486,0.0024288232253509684,0.33194731114735077,0.09072515277540624,0.594649391848686,0.5037575344646847,0.0,-0.725450862471302,-1.243070517624295,-1.4210959360865447,-0.006671264010393827,2022-07-22,MSFT
0.22447525667737353,0.17327033252839075,-0.07567677034009683,0.22447525667737353,-0.11723778601218439,0.38791482588202897,0.16315419342657078,0.0,-0.725450862471302,-1.243070517624295,-1.4210959360865447,-0.006671264010393827,2022-07-29,MSFT
0.3753933912296133,0.224897509949687,0.004288342979516125,0.3753933912296133,-0.13925741874593267,0.25009178190425735,0.10385662229504403,0.0,-1.2474149645836932,-0.7294165339353622,-1.4210959360865447,-0.006671264010393827,2022-08-05,MSFT
0.38225335599809734,0.2663835993380004,-0.07102752757849076,0.38225335599809734,-0.3374336466936096,-0.16337735002905707,-0.24243179045594992,0.0,-1.2474149645836932,-0.7294165339353622,-1.4210959360865447,-0.006671264010393827,2022-08-12,MSFT
0.4889632527357102,0.3032601232387233,-0.015237722879700946,0.4889632527357102,-0.20653942247413792,-0.09446582804017137,-0.039014435634040105,0.0,-1.2474149645836932,-0.7294165339353622,-1.4210959360865447,-0.006671264010393827,2022-08-19,MSFT
0.52402505258476,0.3839276841226201,-0.13518561454721698,0.52402505258476,0.400222649918785,0.9392070017931148,0.9308687886318565,0.0,-1.2474149645836932,-0.7294165339353622,-1.4210959360865447,-0.006671264010393827,2022-08-26,MSFT
0.6444546971336059,0.4138898048416025,-0.0487115170237362,0.6444546971336059,0.38921283355191083,0.8702954798042293,0.8841347366504405,0.0,-1.4384670858203634,-0.02775214346120108,-1.4210959360865447,-0.006671264010393827,2022-09-02,MSFT
0.7420179741799068,0.4821114399983661,-0.06730804469396728,0.7420179741799068,0.06136572023975147,0.38791482588202897,0.3182100048098638,0.0,-1.4384670858203634,-0.02775214346120108,-1.4210959360865447,-0.006671264010393827,2022-09-09,MSFT
0.8388189117681082,0.5291290519320719,-0.04406249595022673,0.8388189117681082,0.4907476252357277,1.0081185237820007,1.0291553839002192,0.0,-1.4384670858203634,-0.02775214346120108,-1.4210959360865447,-0.006671264010393827,2022-09-16,MSFT
1.0286099982826893,0.5466454667253415,0.15213102615237875,1.0286099982826893,0.9335862576365853,1.8350567876486292,1.7355609144982114,0.0,-1.4384670858203634,-0.02775214346120108,-1.4210959360865447,-0.006671264010393827,2022-09-23,MSFT
1.110166690869194,0.5798343821962763,0.18467483873123486,1.110166690869194,1.141549196424176,2.110702875604173,2.0170057103238896,0.0,-1.4384670858203634,-0.02775214346120108,-1.4210959360865447,-0.006671264010393827,2022-09-30,MSFT
1.170381513143617,0.6319224831961185,0.15306078602946135,1.170381513143617,1.1097430861785427,2.0417913536152867,1.902335613488957,0.0,-1.2474149645836934,0.6739122470129602,-0.019646487595666815,1.4209792342138348,2022-10-07,MSFT
1.2671828141832884,0.7863430918814613,-0.040343013065703245,1.2671828141832884,1.1904815839836005,2.1796143975930584,1.9809758284639123,0.0,-1.2474149645836934,0.6739122470129602,-0.019646487595666815,1.4209792342138348,2022-10-14,MSFT
1.42191173739735,0.9048090238231731,-0.090554036813901,1.42191173739735,0.9054501639559197,1.5594106996930868,1.475517489451441,0.0,-1.2474149645836934,0.6739122470129602,-0.019646487595666815,1.4209792342138348,2022-10-21,MSFT
1.2671828141832884,0.9439903854180464,-0.3583439465899899,1.2671828141832884,0.4234656215075224,0.594649391848686,0.6186230668765998,0.0,-1.2474149645836934,0.6739122470129602,-0.019646487595666815,1.4209792342138348,2022-10-28,MSFT
1.3784658390408224,0.9638115280047559,-0.2625718069194902,1.3784658390408224,0.2766682255012198,0.18118025991537165,0.320886294911133,0.0,-0.7254508624713029,1.187566230701893,-0.019646487595666815,1.4209792342138348,2022-11-04,MSFT
1.117026655637678,0.986859465343418,-0.6279942628726303,1.117026655637678,0.02833627113912905,-0.3012003940068287,-0.18247960944126837,0.0,-0.7254508624713029,1.187566230701893,-0.019646487595666815,1.4209792342138348,2022-11-11,MSFT
1.1208378077509698,1.0200483808143528,-0.6902926083990948,1.1208378077509698,0.10173496914228038,-0.09446582804017137,-0.08144246519979156,0.0,-0.7254508624713029,1.187566230701893,-0.019646487595666815,1.4209792342138348,2022-11-18,MSFT
1.0240366884370333,1.0384866427647141,-0.8455738139648112,1.0240366884370333,-0.21877257769600128,-0.7835810479290288,-0.6589134905695231,0.0,-0.7254508624713029,1.187566230701893,-0.019646487595666815,1.4209792342138348,2022-11-25,MSFT
0.88302733130847,1.0536982198638334,-1.048276098583188,0.88302733130847,-0.3949294062379587,-0.9903156138956861,-0.9401844199500753,0.0,-0.012434639122241358,1.3755766374871208,-0.019646487595666815,1.4209792342138348,2022-12-02,MSFT
0.9295222240459249,1.037564575806202,-0.959012499740363,0.9295222240459249,0.06625884233167953,-0.09446582804017137,-0.08354259148673734,0.0,-0.012434639122241358,1.3755766374871208,-0.019646487595666815,1.4209792342138348,2022-12-09,MSFT
0.8647342736515808,1.0329551202193217,-1.0287495893477778,0.8647342736515808,0.04056942636099241,-0.3012003940068287,-0.14087277106640078,0.0,-0.012434639122241358,1.3755766374871208,-0.019646487595666815,1.4209792342138348,2022-12-16,MSFT
1.0697694234421238,1.0467837067813826,-0.8065207954939907,1.0697694234421238,-0.1735099733735155,-0.6457580039512573,-0.5950637909910734,0.0,-0.012434639122241358,1.3755766374871208,-0.019646487595666815,1.4209792342138348,2022-12-23,MSFT
1.1673327004884246,1.0776680043595874,-0.7498016742943114,1.1673327004884246,-0.07564519825466626,-0.4390234379846001,-0.44773028737775605,0.0,-0.012434639122241358,1.3755766374871208,-0.019646487595666815,1.4209792342138348,2022-12-30,MSFT
0.9310467212363885,1.1850708912105141,-1.2546976443979916,0.9310467212363885,-0.1417040964559111,-0.7146695259401431,-0.612593651695321,0.0,0.7005815842268202,1.1875662307018935,1.381802960895212,-0.0066712640103934765,2023-01-06,MSFT
0.8868383016960267,1.182766053516364,-1.3039784648929136,0.8868383016960267,-0.4817843649899338,-1.265961701851229,-1.3093834802701385,0.0,0.7005815842268202,1.1875662307018935,1.381802960895212,-0.0066712640103934765,2023-01-13,MSFT
0.8662585891163095,1.205813990855026,-1.3755752959425902,0.8662585891163095,-0.2982877366460699,-0.9903156138956861,-0.8693666307060611,0.0,0.7005815842268202,1.1875662307018935,1.381802960895212,-0.0066712640103934765,2023-01-20,MSFT
0.8921737692740471,1.2104234464419061,-1.3532592853878356,0.8921737692740471,-0.46221140996616394,-1.1970501798623432,-1.1277528906994727,0.0,0.7005815842268202,1.1875662307018935,1.381802960895212,-0.0066712640103934765,2023-01-27,MSFT
0.9028448861558229,1.1988994777725752,-1.3169957682363596,0.9028448861558229,-0.48423104269991224,-1.265961701851229,-1.1119204294092315,0.0,1.2225456863392115,0.6739122470129602,1.381802960895212,-0.0066712640103934765,2023-02-03,MSFT
1.0644339558641034,1.2505268749952918,-1.2240135732613973,1.0644339558641034,-0.21510256113103363,-0.7146695259401431,-0.5426607043243091,0.0,1.2225456863392115,0.6739122470129602,1.381802960895212,-0.0066712640103934765,2023-02-10,MSFT
1.1284599302518181,1.2712697548383831,-1.1877498344218245,1.1284599302518181,-0.2774914427673108,-0.7835810479290288,-0.6216047377300918,0.0,1.2225456863392115,0.6739122470129602,1.381802960895212,-0.0066712640103934765,2023-02-17,MSFT
1.2206875579943637,1.2818718763506223,-1.0966271592010275,1.2206875579943637,-0.07564519825466626,-0.06001006704572842,-0.20215201298280466,0.0,1.2225456863392115,0.6739122470129602,1.381802960895212,-0.0066712640103934765,2023-02-24,MSFT
1.2321208326085038,1.2887861696316527,-1.096626937512931,1.2321208326085038,-0.46465808767614236,-1.1281386578734576,-0.914107545720456,0.0,1.4135978075758815,-0.027752143461200737,1.381802960895212,-0.0066712640103934765,2023-03-03,MSFT
1.0270855010922257,1.327967531226526,-1.4257858763145947,1.0270855010922257,0.3072509968918638,0.9392070017931148,0.6373464073364722,0.0,1.4135978075758815,-0.027752143461200737,1.381802960895212,-0.0066712640103934765,2023-03-10,MSFT
0.7984216443410381,1.0928795814587067,-1.2305223357771684,0.7984216443410381,0.39410618897186767,1.0081185237820007,0.804408719222602,0.0,1.4135978075758815,-0.027752143461200737,1.381802960895212,-0.0066712640103934765,2023-03-17,MSFT
0.7869885514526329,1.1896803467973944,-1.4397329395351233,0.7869885514526329,-0.06708205959777055,0.04335721593760023,-0.13107683667743086,0.0,1.4135978075758815,-0.027752143461200737,1.381802960895212,-0.0066712640103934765,2023-03-24,MSFT
0.873880711617158,1.2274789376566297,-1.409978849963708,0.873880711617158,-0.43896843837742644,-0.9903156138956861,-0.8709975792419404,0.0,1.4135978075758815,-0.027752143461200737,1.381802960895212,-0.0066712640103934765,2023-03-31,MSFT
0.7168649517545335,1.2850985612018644,-1.7177515380877,0.7168649517545335,-0.4756679040430165,-1.1281386578734576,-0.9126700919326588,0.0,1.2225456863392115,-0.7294165339353614,-0.0196464875956663,-1.434321762234622,2023-04-07,MSFT
0.8952227636549746,1.3740631861024297,-1.6796285011820586,0.8952227636549746,-0.6383682385081214,-1.265961701851229,-1.1664869584026434,0.0,1.2225456863392115,-0.7294165339353614,-0.0196464875956663,-1.434321762234622,2023-04-14,MSFT
0.931808878968753,1.3957281329040334,-1.678698741304976,0.931808878968753,-0.6750674708456826,-1.265961701851229,-1.157526105465968,0.0,1.2225456863392115,-0.7294165339353614,-0.0196464875956663,-1.434321762234622,2023-04-21,MSFT
0.8418677244233006,1.3832823170776105,-1.7633130973861952,0.8418677244233006,-0.7961753342172838,-1.265961701851229,-1.3404249853890313,0.0,1.2225456863392115,-0.7294165339353614,-0.0196464875956663,-1.434321762234622,2023-04-28,MSFT
0.8372945963033795,1.4556525941434184,-1.9148748200673882,0.8372945963033795,-0.6236884055762796,-1.0592271358845717,-0.9545581847255824,0.0,0.7005815842268202,-1.243070517624295,-0.0196464875956663,-1.434321762234622,2023-05-05,MSFT
0.8502521863822483,1.4316828096476644,-1.8507167330986618,0.8502521863822483,-0.6432613606000495,-1.1281386578734576,-0.9357645354185936,0.0,0.7005815842268202,-1.243070517624295,-0.0196464875956663,-1.434321762234622,2023-05-12,MSFT
1.0247988461693978,1.4579574318375688,-1.6907867281475326,1.0247988461693978,-0.6701743487537546,-1.1281386578734576,-0.9351989373467144,0.0,0.7005815842268202,-1.243070517624295,-0.0196464875956663,-1.434321762234622,2023-05-19,MSFT
1.11474000071485,1.4717860183996296,-1.6089616516975613,1.11474000071485,-0.5307167525493585,-0.8524925699179146,-0.6205745379081193,0.0,0.7005815842268202,-1.243070517624295,-0.0196464875956663,-1.434321762234622,2023-05-26,MSFT
1.0240366884370333,1.5178818930769538,-1.8125941395692138,1.0240366884370333,-0.9405259358495935,-1.265961701851229,-1.3132325241590714,0.0,-0.012434639122240833,-1.4310809244095224,-0.0196464875956663,-1.434321762234622,2023-06-02,MSFT
1.0651961135964678,1.4625668874244488,-1.6508039497996294,1.0651961135964678,-1.034720927731504,-1.265961701851229,-1.3907689840413573,0.0,-0.012434639122240833,-1.4310809244095224,-0.0196464875956663,-1.434321762234622,2023-06-09,MSFT
1.0834893529790919,1.448738300862388,-1.6005933694276249,1.0834893529790919,-1.0701969378780904,-1.265961701851229,-1.3916511982401776,0.0,-0.012434639122240833,-1.4310809244095224,-0.0196464875956663,-1.434321762234622,2023-06-16,MSFT
1.0606229854765468,1.4823881399118688,-1.6963655090981247,1.0606229854765468,-1.0824300930999537,-1.265961701851229,-1.3226301207012567,0.0,-0.012434639122240833,-1.4310809244095224,-0.0196464875956663,-1.434321762234622,2023-06-23,MSFT
1.1215999654833342,1.4893024331928992,-1.6359266833258252,1.1215999654833342,-1.0640803602671587,-1.1281386578734576,-1.2073329678947413,0.0,-0.012434639122240833,-1.4310809244095224,-0.0196464875956663,-1.434321762234622,2023-06-30,MSFT
1.297671304186682,1.5169598261184414,-1.4769259948755855,1.297671304186682,-0.912389842168928,-0.9214040919068004,-0.8767524673046152,0.0,-0.725450862471302,-1.243070517624295,-1.4210959360865447,-0.006671264010393827,2023-07-07,MSFT
1.1215999654833342,1.5178818930769538,-1.6935762294668768,1.1215999654833342,-1.0946631316578028,-1.265961701851229,-1.1204982377140795,0.0,-0.725450862471302,-1.243070517624295,-1.4210959360865447,-0.006671264010393827,2023-07-14,MSFT
1.1353197132945674,1.533093470176073,-1.7075237360635984,1.1353197132945674,-1.0628570214121695,-0.9903156138956861,-0.9979953543372407,0.0,-0.725450862471302,-1.243070517624295,-1.4210959360865447,-0.006671264010393827,2023-07-21,MSFT
1.2359319847217953,1.5363201550273153,-1.5912951055925093,1.2359319847217953,-1.095886470512792,-1.265961701851229,-0.9909291523275198,0.0,-0.725450862471302,-1.243070517624295,-1.4210959360865447,-0.006671264010393827,2023-07-28,MSFT
1.3052932449617956,1.535398088068803,-1.5048210080690285,1.3052932449617956,-0.6346982219431537,-0.3012003940068287,-0.20435284457982902,0.0,-1.2474149645836932,-0.7294165339353622,-1.4210959360865447,-0.006671264010393827,2023-08-04,MSFT
1.3876124587321343,1.5409296106141954,-1.4155574092262035,1.3876124587321343,-0.9111665033139388,-0.6457580039512573,-0.6313225264262696,0.0,-1.2474149645836932,-0.7294165339353622,-1.4210959360865447,-0.006671264010393827,2023-08-11,MSFT
1.4508759119360148,1.5469220567381339,-1.3504697840684914,1.4508759119360148,-0.6102321448274558,-0.09446582804017137,-0.12349135158560398,0.0,-1.2474149645836932,-0.7294165339353622,-1.4210959360865447,-0.006671264010393827,2023-08-18,MSFT
1.4417292922447027,1.5639775479528575,-1.396031565055083,1.4417292922447027,-0.8084083727751328,-0.5768464819623715,-0.41176588625207533,0.0,-1.2474149645836932,-0.7294165339353622,-1.4210959360865447,-0.006671264010393827,2023-08-25,MSFT
1.3914232473939563,1.5423126011512538,-1.4136983328482315,1.3914232473939563,-1.1252459030484467,-1.265961701851229,-0.8737858267097729,0.0,-1.4384670858203634,-0.02775214346120108,-1.4210959360865447,-0.006671264010393827,2023-09-01,MSFT
1.4562113795140352,1.5538365698205847,-1.3579087498375384,1.4562113795140352,-1.0334975888765148,-0.7146695259401431,-0.6788935879175494,0.0,-1.4384670858203634,-0.02775214346120108,-1.4210959360865447,-0.006671264010393827,2023-09-08,MSFT
1.5049931089000532,1.5561411877133147,-1.3030484833277345,1.5049931089000532,-1.0396141664874465,-0.7835810479290288,-0.6460312863748908,0.0,-1.4384670858203634,-0.02775214346120108,-1.4210959360865447,-0.006671264010393827,2023-09-15,MSFT
1.5934099479807768,1.559367872564557,-1.2016971193304495,1.5934099479807768,-0.6224650667212904,0.18118025991537165,0.06020096574034952,0.0,-1.4384670858203634,-0.02775214346120108,-1.4210959360865447,-0.006671264010393827,2023-09-22,MSFT
1.696308510879363,1.557063254671827,-1.0715218690150252,1.696308510879363,-0.5833191566737507,0.31900330389314324,0.16184911974029548,0.0,-1.4384670858203634,-0.02775214346120108,-1.4210959360865447,-0.006671264010393827,2023-09-29,MSFT
1.8571354228552792,1.5791891250519767,-0.9199599246457355,1.8571354228552792,-0.5918822953306464,0.31900330389314324,0.18361802637757127,0.0,-1.2474149645836934,0.6739122470129602,-0.019646487595666815,1.4209792342138348,2023-10-06,MSFT
1.7389926149549961,1.569969994076796,-1.045486375575747,1.7389926149549961,-0.3631232959923255,1.0081185237820007,0.7100918590287904,0.0,-1.2474149645836934,0.6739122470129602,-0.019646487595666815,1.4209792342138348,2023-10-13,MSFT
1.963845137867157,1.557063254671827,-0.745152653220802,1.963845137867157,-0.0707520761627382,1.6283222216819722,1.4628936480900299,0.0,-1.2474149645836934,0.6739122470129602,-0.019646487595666815,1.4209792342138348,2023-10-20,MSFT
1.903630315592734,1.559367872564557,-0.8232578034100566,1.903630315592734,-0.12457758581409088,1.4904991777042007,1.3955068639459647,0.0,-1.2474149645836934,0.6739122470129602,-0.019646487595666815,1.4209792342138348,2023-10-27,MSFT
1.6848754179909577,1.535398088068803,-1.0417668926912236,1.6848754179909577,-0.9026033646570432,-0.37011191599571436,-0.47760865315477324,0.0,-0.7254508624713029,1.187566230701893,-0.019646487595666815,1.4209792342138348,2023-11-03,MSFT
1.7382300937711619,1.534015317333165,-0.9738899879022637,1.7382300937711619,-0.9931283399739859,-0.5768464819623715,-0.6626848346079497,0.0,-0.7254508624713029,1.187566230701893,-0.019646487595666815,1.4209792342138348,2023-11-10,MSFT
1.59569642117787,1.5261789570936222,-1.1319602514111313,1.59569642117787,-1.0383908276324572,-0.7146695259401431,-0.735915013516008,0.0,-0.7254508624713029,1.187566230701893,-0.019646487595666815,1.4209792342138348,2023-11-17,MSFT
1.6193251281385144,1.535398088068803,-1.1217320060108367,1.6193251281385144,-1.2023145009525513,-1.265961701851229,-1.0811618535585554,0.0,-0.7254508624713029,1.187566230701893,-0.019646487595666815,1.4209792342138348,2023-11-24,MSFT
1.4318205148210263,1.5178818930769538,-1.3151366918583876,1.4318205148210263,-1.1815182070737922,-1.1970501798623432,-0.9641682506565071,0.0,-0.012434639122241358,1.3755766374871208,-0.019646487595666815,1.4209792342138348,2023-12-01,MSFT
1.4463026020903589,1.5261789570936222,-1.3142064886051117,1.4463026020903589,-1.2157708783653896,-1.265961701851229,-0.9956553217830373,0.0,-0.012434639122241358,1.3755766374871208,-0.019646487595666815,1.4209792342138348,2023-12-08,MSFT
1.2046811552603023,1.522491348663834,-1.6015231293047074,1.2046811552603023,-1.2243341336862996,-1.265961701851229,-0.9656567695534992,0.0,-0.012434639122241358,1.3755766374871208,-0.019646487595666815,1.4209792342138348,2023-12-15,MSFT
1.1841014426805851,1.5146552082257116,-1.6108216148279195,1.1841014426805851,-1.1325858195143677,-0.9903156138956861,-0.690554756573714,0.0,-0.012434639122241358,1.3755766374871208,-0.019646487595666815,1.4209792342138348,2023-12-22,MSFT
1.1574239230647483,1.5017482490193221,-1.6173301556555943,1.1574239230647483,-1.2035378398075405,-1.1281386578734576,-0.820125667450998,0.0,-0.012434639122241358,1.3755766374871208,-0.019646487595666815,1.4209792342138348,2023-12-29,MSFT
1.2915733154248275,1.5201865109696837,-1.4908737231604037,1.2915733154248275,-1.0934397928028134,-0.6457580039512573,-0.5062118756068688,0.0,0.7005815842268202,1.1875662307018935,1.381802960895212,-0.0066712640103934765,2024-01-05,MSFT
1.2214498974524628,1.510045532837411,-1.5559615700062124,1.2214498974524628,-1.1729550684168966,-0.9214040919068004,-0.6631869098271118,0.0,0.7005815842268202,1.1875662307018935,1.381802960895212,-0.0066712640103934765,2024-01-12,MSFT
1.370843534814239,1.510045532837411,-1.3737155545003286,1.370843534814239,-1.0995563704137452,-0.7146695259401431,-0.44250975494475675,0.0,0.7005815842268202,1.1875662307018935,1.381802960895212,-0.0066712640103934765,2024-01-19,MSFT
1.3815144699702797,1.510967379994503,-1.3625575492229511,1.3815144699702797,-1.1044496091696876,-0.7146695259401431,-0.4207572267440129,0.0,0.7005815842268202,1.1875662307018935,1.381802960895212,-0.0066712640103934765,2024-01-26,MSFT
1.2847135323820782,1.5155770553828034,-1.4899439632833211,1.2847135323820782,-1.0322742500215256,0.18118025991537165,-0.21281431648056048,0.0,1.2225456863392115,0.6739122470129602,1.381802960895212,-0.0066712640103934765,2024-02-02,MSFT
-0.42645460459000706,-0.2070192048503007,-0.10264169112431258,-0.42645460459000706,-1.0114779561427665,0.18118025991537165,-0.21281431648056048,0.0,0.7005815842268202,1.1875662307018935,1.381802960895212,-0.0066712640103934765,2020-01-03,GOOG
-0.39825267864657393,-0.19549529113132477,-0.0914836858469353,-0.39825267864657393,-1.190081345730688,0.18118025991537165,-0.21281431648056048,0.0,0.7005815842268202,1.1875662307018935,1.381802960895212,-0.0066712640103934765,2020-01-10,GOOG
-0.38986839841336113,-0.18397137741234884,-0.10450132172252603,-0.38986839841336113,-1.2463536497560335,0.18118025991537165,-0.21281431648056048,0.0,0.7005815842268202,1.1875662307018935,1.381802960895212,-0.0066712640103934765,2020-01-17,GOOG
-0.5080113880393792,-0.19918295451146809,-0.21794022918617426,-0.5080113880393792,-0.945419174605536,0.18118025991537165,-0.21281431648056048,0.0,0.7005815842268202,1.1875662307018935,1.381802960895212,-0.0066712640103934765,2020-01-24,GOOG
-0.6307276875110532,-0.18996382353628732,-0.38623895978343314,-0.6307276875110532,-0.42184216106363503,0.18118025991537165,-0.21281431648056048,0.0,0.7005815842268202,1.1875662307018935,1.381802960895212,-0.0066712640103934765,2020-01-31,GOOG
-0.5865193588335589,-0.186276160156144,-0.3397476406078554,-0.5865193588335589,-0.8340979054098342,0.18118025991537165,-0.21281431648056048,0.0,1.2225456863392115,0.6739122470129602,1.381802960895212,-0.0066712640103934765,2020-02-07,GOOG
-0.5788971454698429,-0.1784399098173114,-0.3462562922795783,-0.5788971454698429,-1.0530705439002845,0.18118025991537165,-0.21281431648056048,0.0,1.2225456863392115,0.6739122470129602,1.381802960895212,-0.0066712640103934765,2020-02-14,GOOG
-0.668076142282931,-0.186276160156144,-0.4392391523188303,-0.668076142282931,-0.6371448996531321,0.18118025991537165,-0.21281431648056048,0.0,1.2225456863392115,0.6739122470129602,1.381802960895212,-0.0066712640103934765,2020-02-21,GOOG
-0.9302773925555722,-0.31903176708952796,-0.49130947413309667,-0.9302773925555722,2.1801400848510823,0.18118025991537165,-0.21281431648056048,0.0,1.2225456863392115,0.6739122470129602,1.381802960895212,-0.0066712640103934765,2020-02-28,GOOG
-1.2511690587750401,-0.6947117252430403,-0.12495750770198263,-1.2511690587750401,2.4040057287694463,0.18118025991537165,-0.21281431648056048,0.0,1.4135978075758815,-0.027752143461200737,1.381802960895212,-0.0066712640103934765,2020-03-06,GOOG
-1.064426875778519,-0.7739963230650563,0.2627804600076947,-1.064426875778519,4.347847070349867,0.18118025991537165,-0.21281431648056048,0.0,1.4135978075758815,-0.027752143461200737,1.381802960895212,-0.0066712640103934765,2020-03-13,GOOG
-1.0743356077707615,-0.9012204521002112,0.5073250773669048,-1.0743356077707615,5.352185170821161,0.18118025991537165,-0.21281431648056048,0.0,1.4135978075758815,-0.027752143461200737,1.381802960895212,-0.0066712640103934765,2020-03-20,GOOG
-1.2183938684173847,-0.9127443761223787,0.3548333939037917,-1.2183938684173847,5.291019628039874,0.18118025991537165,-0.21281431648056048,0.0,1.4135978075758815,-0.027752143461200737,1.381802960895212,-0.0066712640103934765,2020-03-27,GOOG
-1.3418723710528568,-0.8592733670110109,0.09634141543067345,-1.3418723710528568,2.9985348792685347,0.18118025991537165,-0.21281431648056048,0.0,1.2225456863392115,-0.7294165339353614,-0.0196464875956663,-1.434321762234622,2020-04-03,GOOG
-1.2336381588505152,-0.78920790703297,0.0870431100290398,-1.2336381588505152,2.370976279668824,0.18118025991537165,-0.21281431648056048,0.0,1.2225456863392115,-0.7294165339353614,-0.0196464875956663,-1.434321762234622,2020-04-10,GOOG
-1.2908041230383123,-0.8385303017104709,0.11679758755462402,-1.2908041230383123,1.9403712691458872,0.18118025991537165,-0.21281431648056048,0.0,1.2225456863392115,-0.7294165339353614,-0.0196464875956663,-1.434321762234622,2020-04-17,GOOG
-1.3350124517158066,-0.8399131720436276,0.0656571156782295,-1.3350124517158066,1.66879610986703,0.18118025991537165,-0.21281431648056048,0.0,1.2225456863392115,-0.7294165339353614,-0.0196464875956663,-1.434321762234622,2020-04-24,GOOG
-1.2999506518667567,-0.8431398706324585,0.1149379638841636,-1.2999506518667567,1.8229330723472106,0.18118025991537165,-0.21281431648056048,0.0,0.7005815842268202,-1.243070517624295,-0.0196464875956663,-1.434321762234622,2020-05-01,GOOG
-1.269462161863363,-0.8422179582218199,0.15027136784315323,-1.269462161863363,0.6962638863133399,0.18118025991537165,-0.21281431648056048,0.0,0.7005815842268202,-1.243070517624295,-0.0196464875956663,-1.434321762234622,2020-05-08,GOOG
-1.3014751036257868,-0.8385303017104709,0.10378000710105743,-1.3014751036257868,1.1745784121967695,0.18118025991537165,-0.21281431648056048,0.0,0.7005815842268202,-1.243070517624295,-0.0196464875956663,-1.434321762234622,2020-05-15,GOOG
-1.288517468115484,-0.83530360312164,0.11307829864718505,-1.288517468115484,0.7182835190470882,0.18118025991537165,-0.21281431648056048,0.0,0.7005815842268202,-1.243070517624295,-0.0196464875956663,-1.434321762234622,2020-05-22,GOOG
-1.2953773874525345,-0.8270063742539063,0.0879729530391586,-1.2953773874525345,0.6387683600970195,0.18118025991537165,-0.21281431648056048,0.0,0.7005815842268202,-1.243070517624295,-0.0196464875956663,-1.434321762234622,2020-05-29,GOOG
-1.1002508787913667,-0.8191701101774849,0.3102016637599093,-1.1002508787913667,0.27299844226428094,0.18118025991537165,-0.21281431648056048,0.0,-0.012434639122240833,-1.4310809244095224,-0.0196464875956663,-1.434321762234622,2020-06-05,GOOG
-1.2565045263530605,-0.8168653205648954,0.11493794310090454,-1.2565045263530605,1.6883690648908,0.18118025991537165,-0.21281431648056048,0.0,-0.012434639122240833,-1.4310809244095224,-0.0196464875956663,-1.434321762234622,2020-06-12,GOOG
-1.2580289326806566,-0.8200920191537263,0.11958710272947437,-1.2580289326806566,1.569707762565163,0.18118025991537165,-0.21281431648056048,0.0,-0.012434639122240833,-1.4310809244095224,-0.0196464875956663,-1.434321762234622,2020-06-19,GOOG
-1.304523961712413,-0.8247015915101111,0.0721658712662477,-1.304523961712413,1.5219987138607276,0.18118025991537165,-0.21281431648056048,0.0,-0.012434639122240833,-1.4310809244095224,-0.0196464875956663,-1.434321762234622,2020-06-26,GOOG
-1.2793708938556059,-0.8247015915101111,0.10285021951296278,-1.2793708938556059,0.6595646539757787,0.18118025991537165,-0.21281431648056048,0.0,-0.725450862471302,-1.243070517624295,-1.4210959360865447,-0.006671264010393827,2020-07-03,GOOG
-1.3068105712038072,-0.8306940341996524,0.08146418359563437,-1.3068105712038072,0.6118556052713432,0.18118025991537165,-0.21281431648056048,0.0,-0.725450862471302,-1.243070517624295,-1.4210959360865447,-0.006671264010393827,2020-07-10,GOOG
-1.3106216324542312,-0.8376083892998324,0.09076246128625594,-1.3106216324542312,0.41490248285062675,0.18118025991537165,-0.21281431648056048,0.0,-0.725450862471302,-1.243070517624295,-1.4210959360865447,-0.006671264010393827,2020-07-17,GOOG
-1.3403479647252607,-0.8408350878886633,0.06100795604965965,-1.3403479647252607,0.4344754378743966,0.18118025991537165,-0.21281431648056048,0.0,-0.725450862471302,-1.243070517624295,-1.4210959360865447,-0.006671264010393827,2020-07-24,GOOG
-1.3807452321523308,-0.8477494429888434,0.025674545162916982,-1.3807452321523308,0.26565840913434563,0.18118025991537165,-0.21281431648056048,0.0,-0.725450862471302,-1.243070517624295,-1.4210959360865447,-0.006671264010393827,2020-07-31,GOOG
-1.3609277227364116,-0.845444656810651,0.04520088120450177,-1.3609277227364116,-0.009586533381450227,0.18118025991537165,-0.21281431648056048,0.0,-1.2474149645836932,-0.7294165339353622,-1.4210959360865447,-0.006671264010393827,2020-08-07,GOOG
-1.2488824038522122,-0.845444656810651,0.18188550367796297,-1.2488824038522122,-0.029159488405220074,0.18118025991537165,-0.21281431648056048,0.0,-1.2474149645836932,-0.7294165339353622,-1.4210959360865447,-0.006671264010393827,2020-08-14,GOOG
-1.3014751036257868,-0.845444656810651,0.11772741670923678,-1.3014751036257868,0.030782948849107483,0.18118025991537165,-0.21281431648056048,0.0,-1.2474149645836932,-0.7294165339353622,-1.4210959360865447,-0.006671264010393827,2020-08-21,GOOG
-1.2336381588505152,-0.8422179582218199,0.19397324112141076,-1.2336381588505152,0.08216178079048174,0.18118025991537165,-0.21281431648056048,0.0,-1.2474149645836932,-0.7294165339353622,-1.4210959360865447,-0.006671264010393827,2020-08-28,GOOG
-1.2397358295923337,-0.8385303017104709,0.17909604392513676,-1.2397358295923337,1.0351210493204022,0.18118025991537165,-0.21281431648056048,0.0,-1.4384670858203634,-0.02775214346120108,-1.4210959360865447,-0.006671264010393827,2020-09-04,GOOG
-1.2793708938556059,-0.8385303017104709,0.13074503872932147,-1.2793708938556059,0.5604765400019401,0.18118025991537165,-0.21281431648056048,0.0,-1.4384670858203634,-0.02775214346120108,-1.4210959360865447,-0.006671264010393827,2020-09-11,GOOG
-1.2603155876034848,-0.8477494429888434,0.17258724677060044,-1.2603155876034848,0.43325209901940737,0.18118025991537165,-0.21281431648056048,0.0,-1.4384670858203634,-0.02775214346120108,-1.4210959360865447,-0.006671264010393827,2020-09-18,GOOG
-1.286993061787888,-0.8445227409656151,0.13353447077113562,-1.286993061787888,0.5005341027476127,0.18118025991537165,-0.21281431648056048,0.0,-1.4384670858203634,-0.02775214346120108,-1.4210959360865447,-0.006671264010393827,2020-09-25,GOOG
-1.2587911812758885,-0.8468275271438075,0.17258721905958838,-1.2587911812758885,0.6534479597008326,0.18118025991537165,-0.21281431648056048,0.0,-1.2474149645836934,0.6739122470129602,-0.019646487595666815,1.4209792342138348,2020-10-02,GOOG
-1.1985763590014655,-0.8431398706324585,0.23860495048203406,-1.1985763590014655,0.33171730733559046,0.18118025991537165,-0.21281431648056048,0.0,-1.2474149645836934,0.6739122470129602,-0.019646487595666815,1.4209792342138348,2020-10-09,GOOG
-1.2222049296678088,-0.8445227409656151,0.212569824213666,-1.2222049296678088,0.6265352048751562,0.18118025991537165,-0.21281431648056048,0.0,-1.2474149645836934,0.6739122470129602,-0.019646487595666815,1.4209792342138348,2020-10-16,GOOG
-1.1482702687192852,-0.8477494429888434,0.3092718692440617,-1.1482702687192852,0.6436614821889476,0.18118025991537165,-0.21281431648056048,0.0,-1.2474149645836934,0.6739122470129602,-0.019646487595666815,1.4209792342138348,2020-10-23,GOOG
-1.1337882268813864,-0.8477494429888434,0.326938581615186,-1.1337882268813864,1.9244680973590562,0.18118025991537165,-0.21281431648056048,0.0,-1.2474149645836934,0.6739122470129602,-0.019646487595666815,1.4209792342138348,2020-10-30,GOOG
-1.1642767623162138,-0.8477494429888434,0.2897454708526997,-1.1642767623162138,0.31459103002179906,0.18118025991537165,-0.21281431648056048,0.0,-0.7254508624713029,1.187566230701893,-0.019646487595666815,1.4209792342138348,2020-11-06,GOOG
-1.1086352044560133,-0.8477494429888434,0.35762287443987695,-1.1086352044560133,0.09928829143230194,0.18118025991537165,-0.21281431648056048,0.0,-0.7254508624713029,1.187566230701893,-0.019646487595666815,1.4209792342138348,2020-11-13,GOOG
-1.1574168429791636,-0.8592733670110109,0.3213595997597564,-1.1574168429791636,0.17268698943545327,0.18118025991537165,-0.21281431648056048,0.0,-0.7254508624713029,1.187566230701893,-0.019646487595666815,1.4209792342138348,2020-11-20,GOOG
-1.1475080655554872,-0.8523590119108309,0.319499955306037,-1.1475080655554872,-0.17717998993848313,0.18118025991537165,-0.21281431648056048,0.0,-0.7254508624713029,1.187566230701893,-0.019646487595666815,1.4209792342138348,2020-11-27,GOOG
-1.0507070371044183,-0.8514370960657951,0.4357283363780174,-1.0507070371044183,-0.18329645088540042,0.18118025991537165,-0.21281431648056048,0.0,-0.012434639122241358,1.3755766374871208,-0.019646487595666815,1.4209792342138348,2020-12-04,GOOG
-1.1086352044560133,-0.8560466684221798,0.37435976458414155,-1.1086352044560133,0.12497770740298908,0.18118025991537165,-0.21281431648056048,0.0,-0.012434639122241358,1.3755766374871208,-0.019646487595666815,1.4209792342138348,2020-12-11,GOOG
-1.0667134852699132,-0.8491323133219999,0.41155286149112186,-1.0667134852699132,-0.08787835347652961,0.18118025991537165,-0.21281431648056048,0.0,-0.012434639122241358,1.3755766374871208,-0.019646487595666815,1.4209792342138348,2020-12-18,GOOG
-1.0819577757030436,-0.8514370960657951,0.3976054103164244,-1.0819577757030436,-0.09277147556845768,-0.5768464819623715,-0.1437276213786706,0.0,-0.012434639122241358,1.3755766374871208,-0.019646487595666815,1.4209792342138348,2020-12-25,GOOG
-1.0903421013676902,-0.8560466684221798,0.3966756088728237,-1.0903421013676902,0.056472364819794604,-0.3012003940068287,-0.0592397899234291,0.0,0.7005815842268202,1.1875662307018935,1.381802960895212,-0.0066712640103934765,2021-01-01,GOOG
-0.9470460438848651,-0.8491323133219999,0.5575357477996986,-0.9470460438848651,-0.08910169233151884,-0.6457580039512573,-0.18985059920094488,0.0,0.7005815842268202,1.1875662307018935,1.381802960895212,-0.0066712640103934765,2021-01-08,GOOG
-0.9531437600581174,-0.8514370960657951,0.5547462464803543,-0.9531437600581174,0.25097880953053264,-0.02555430605128567,0.028733225453996272,0.0,0.7005815842268202,1.1875662307018935,1.381802960895212,-0.0066712640103934765,2021-01-15,GOOG
-0.9577170699037735,-0.8537418822439874,0.5538163826869764,-0.9577170699037735,-0.04628576571901149,-0.6457580039512573,-0.21516864058194368,0.0,0.7005815842268202,1.1875662307018935,1.381802960895212,-0.0066712640103934765,2021-01-22,GOOG
-0.9561925727133098,-0.8638829359329984,0.5761323239642008,-0.9561925727133098,1.3213758082030722,1.2837646117375434,0.7969851463132129,0.0,0.7005815842268202,1.1875662307018935,1.381802960895212,-0.0066712640103934765,2021-01-29,GOOG
-0.8975022476293504,-0.8754068608137652,0.6709746154287669,-0.8975022476293504,-0.1735099733735155,-0.9903156138956861,-0.3619410249792801,0.0,1.2225456863392115,0.6739122470129602,1.381802960895212,-0.0066712640103934765,2021-02-05,GOOG
-0.8746357892639377,-0.8698753769053411,0.687711590438006,-0.8746357892639377,-0.2836081370422569,-1.1970501798623432,-0.4713579978831625,0.0,1.2225456863392115,0.6739122470129602,1.381802960895212,-0.0066712640103934765,2021-02-12,GOOG
-0.7641149221387681,-0.8754068608137652,0.8336944542313854,-0.7641149221387681,-0.029159488405220074,-0.6802137649457002,-0.2884377179129789,0.0,1.2225456863392115,0.6739122470129602,1.381802960895212,-0.0066712640103934765,2021-02-19,GOOG
-0.6764604225161438,-0.8698753769053411,0.9294666718391067,-0.6764604225161438,0.692594103076401,1.0081185237820007,0.30187672821379424,0.0,1.2225456863392115,0.6739122470129602,1.381802960895212,-0.0066712640103934765,2021-02-26,GOOG
-0.6048124164904481,-0.8731020754941721,1.023379208622405,-0.6048124164904481,0.29012471957807234,0.11226873792648594,0.008494667399092515,0.0,1.4135978075758815,-0.027752143461200737,1.381802960895212,-0.0066712640103934765,2021-03-05,GOOG
-0.5430731878884288,-0.874484946685928,1.1014846722924836,-0.5430731878884288,-0.19552960610726378,-1.1970501798623432,-0.37339094244145893,0.0,1.4135978075758815,-0.027752143461200737,1.381802960895212,-0.0066712640103934765,2021-03-12,GOOG
-0.4691385269399052,-0.8837040866764013,1.2102744660239257,-0.4691385269399052,-0.16372349586163057,-0.9214040919068004,-0.3914697862550716,0.0,1.4135978075758815,-0.027752143461200737,1.381802960895212,-0.0066712640103934765,2021-03-19,GOOG
-0.5240178816363078,-0.8790945168958145,1.1340286052410484,-0.5240178816363078,-0.4193954833536566,-1.265961701851229,-0.8550437670104123,0.0,1.4135978075758815,-0.027752143461200737,1.381802960895212,-0.0066712640103934765,2021-03-26,GOOG
-0.5095357943669754,-0.8823212154846455,1.15820416326098,-0.5095357943669754,-0.6065621282624881,-1.265961701851229,-1.1528467074727442,0.0,1.2225456863392115,-0.7294165339353614,-0.0196464875956663,-1.434321762234622,2021-04-02,GOOG
-0.5194445717906518,-0.8846260005895887,1.1507655347869084,-0.5194445717906518,-0.6848539483575675,-1.265961701851229,-1.2646755178824118,0.0,1.2225456863392115,-0.7294165339353614,-0.0196464875956663,-1.434321762234622,2021-04-09,GOOG
-0.5903304200839831,-0.8823212154846455,1.059642411427088,-0.5903304200839831,-0.738679691336949,-1.265961701851229,-1.3086350191434937,0.0,1.2225456863392115,-0.7294165339353614,-0.0196464875956663,-1.434321762234622,2021-04-16,GOOG
-0.5949036390667717,-0.8790945168958145,1.0475547294056642,-0.5949036390667717,-0.6065621282624881,-1.0936828968790147,-1.0574186806242616,0.0,1.2225456863392115,-0.7294165339353614,-0.0196464875956663,-1.434321762234622,2021-04-23,GOOG
-0.5461220005436213,-0.8846260005895887,1.118221611364004,-0.5461220005436213,-0.4499782547443006,-0.9903156138956861,-0.786762692510855,0.0,1.2225456863392115,-0.7294165339353614,-0.0196464875956663,-1.434321762234622,2021-04-30,GOOG
-0.5872815165659232,-0.8823212154846455,1.063361783467563,-0.5872815165659232,-0.6848539483575675,-1.1625944188679005,-1.1040462444644852,0.0,0.7005815842268202,-1.243070517624295,-0.0196464875956663,-1.434321762234622,2021-05-07,GOOG
-0.5430731878884288,-0.8837040866764013,1.1200812181480664,-0.5430731878884288,-0.42551217762860266,-0.8524925699179146,-0.6369337363574337,0.0,0.7005815842268202,-1.243070517624295,-0.0196464875956663,-1.434321762234622,2021-05-14,GOOG
-0.5453598428112569,-0.8846260005895887,1.1191513712410865,-0.5453598428112569,-0.2615885043085086,-0.6457580039512573,-0.33293990548749625,0.0,0.7005815842268202,-1.243070517624295,-0.0196464875956663,-1.434321762234622,2021-05-21,GOOG
-0.5842327039107309,-0.8823212154846455,1.06708104466399,-0.5842327039107309,-0.6762908097006719,-1.0592271358845717,-0.9570246047629828,0.0,0.7005815842268202,-1.243070517624295,-0.0196464875956663,-1.434321762234622,2021-05-28,GOOG
-0.6002391975076595,-0.8790945168958145,1.0410458560458447,-0.6002391975076595,-0.71788339745819,-1.1970501798623432,-0.964309453559172,0.0,-0.012434639122240833,-1.4310809244095224,-0.0196464875956663,-1.434321762234622,2021-06-04,GOOG
-0.6749360161885476,-0.8777116461333583,0.9471333668908484,-0.6749360161885476,-0.8120783893401003,-1.265961701851229,-1.0923615843249916,0.0,-0.012434639122240833,-1.4310809244095224,-0.0196464875956663,-1.434321762234622,2021-06-11,GOOG
-0.6840825450169922,-0.8731020754941721,0.9266771982307744,-0.6840825450169922,-0.19430626725227457,-0.3012003940068287,-0.0386707656026092,0.0,-0.012434639122240833,-1.4310809244095224,-0.0196464875956663,-1.434321762234622,2021-06-18,GOOG
-0.6185322551645488,-0.8661877203939922,0.9926949019422079,-0.6185322551645488,-0.8157482892410536,-1.265961701851229,-1.1101216572639818,0.0,-0.012434639122240833,-1.4310809244095224,-0.0196464875956663,-1.434321762234622,2021-06-25,GOOG
-0.6985646322863247,-0.8684925065721846,0.8997121596747574,-0.6985646322863247,-0.8830304096332733,-1.265961701851229,-1.1548276184107853,0.0,-0.725450862471302,-1.243070517624295,-1.4210959360865447,-0.006671264010393827,2021-07-02,GOOG
-0.7557306419055553,-0.8661877203939922,0.8253259312220317,-0.7557306419055553,-0.7472428299938447,-1.0592271358845717,-0.8550433134074104,0.0,-0.725450862471302,-1.243070517624295,-1.4210959360865447,-0.006671264010393827,2021-07-09,GOOG
-0.7984145642554534,-0.8684925065721846,0.7779047482530762,-0.7984145642554534,-0.46955120976807047,-0.5079349599734858,-0.3282131298691118,0.0,-0.725450862471302,-1.243070517624295,-1.4210959360865447,-0.006671264010393827,2021-07-16,GOOG
-0.8090854994114942,-0.8652658062661549,0.758378429530874,-0.8090854994114942,-0.6224650667212904,-0.6457580039512573,-0.5602945096107895,0.0,-0.725450862471302,-1.243070517624295,-1.4210959360865447,-0.006671264010393827,2021-07-23,GOOG
-0.8449095478557759,-0.8675705924443473,0.719325639675903,-0.8449095478557759,-0.4952408590667864,-0.4390234379846001,-0.3059137135514949,0.0,-0.725450862471302,-1.243070517624295,-1.4210959360865447,-0.006671264010393827,2021-07-30,GOOG
-0.8060366867563019,-0.8661877203939922,0.7639573455726498,-0.8060366867563019,-0.7509128465588124,-1.0592271358845717,-0.7166010664182803,0.0,-1.2474149645836932,-0.7294165339353622,-1.4210959360865447,-0.006671264010393827,2021-08-06,GOOG
-0.800701128315414,-0.8652658062661549,0.7686065640871204,-0.800701128315414,-0.8365445831198127,-1.1970501798623432,-0.8176086298352354,0.0,-1.2474149645836932,-0.7294165339353622,-1.4210959360865447,-0.006671264010393827,2021-08-13,GOOG
-0.8289030542588471,-0.8661877203939922,0.7360625540673033,-0.8289030542588471,-0.4560949490192467,-0.16337735002905707,-0.1459761788610119,0.0,-1.2474149645836932,-0.7294165339353622,-1.4210959360865447,-0.006671264010393827,2021-08-20,GOOG
-0.7892679445641414,-0.8661877203939922,0.7844136146851427,-0.7892679445641414,-0.7215534140231576,-0.7835810479290288,-0.5637515557158649,0.0,-1.2474149645836932,-0.7294165339353622,-1.4210959360865447,-0.006671264010393827,2021-08-27,GOOG
-0.7816458220632929,-0.8675705924443473,0.79650136252022,-0.7816458220632929,-0.7191067363131792,-0.7146695259401431,-0.5298176604639301,0.0,-1.4384670858203634,-0.02775214346120108,-1.4210959360865447,-0.006671264010393827,2021-09-03,GOOG
-0.767163825656828,-0.8684925065721846,0.8160276743146692,-0.767163825656828,-0.16372349586163057,0.7669281968209006,0.462004237890947,0.0,-1.4384670858203634,-0.02775214346120108,-1.4210959360865447,-0.006671264010393827,2021-09-10,GOOG
-0.745059615886647,-0.8731020754941721,0.8522909767058018,-0.745059615886647,-0.1808500065034508,0.594649391848686,0.45233590447740757,0.0,-1.4384670858203634,-0.02775214346120108,-1.4210959360865447,-0.006671264010393827,2021-09-17,GOOG
-0.6764604225161438,-0.874484946685928,0.9387649443339133,-0.6764604225161438,-0.5551830629930852,-0.16337735002905707,-0.18658942438752693,0.0,-1.4384670858203634,-0.02775214346120108,-1.4210959360865447,-0.006671264010393827,2021-09-24,GOOG
-0.6619784261096787,-0.8731020754941721,0.9536421190149901,-0.6619784261096787,-0.14537387969284996,1.0081185237820007,0.582760562643519,0.0,-1.2474149645836934,0.6739122470129602,-0.019646487595666815,1.4209792342138348,2021-10-01,GOOG
-0.5659395553909742,-0.8675705924443473,1.059642472910896,-0.5659395553909742,-0.43040529972053077,0.18118025991537165,0.08076951279537663,0.0,-1.2474149645836934,0.6739122470129602,-0.019646487595666815,1.4209792342138348,2021-10-08,GOOG
-0.5880437651611551,-0.8684925065721846,1.034537096127981,-0.5880437651611551,-0.7325632303900318,-0.7835810479290288,-0.4471866284541428,0.0,-1.2474149645836934,0.6739122470129602,-0.019646487595666815,1.4209792342138348,2021-10-15,GOOG
-0.5278289428867321,-0.8629610218051612,1.0968355178597284,-0.5278289428867321,-0.8389911441657767,-1.1970501798623432,-0.6119320993493451,0.0,-1.2474149645836934,0.6739122470129602,-0.019646487595666815,1.4209792342138348,2021-10-22,GOOG
-0.60252576156762,-0.8638829359329984,1.0075721649521356,-0.60252576156762,-0.7374563524819598,-0.7146695259401431,-0.495230774343144,0.0,-1.2474149645836934,0.6739122470129602,-0.019646487595666815,1.4209792342138348,2021-10-29,GOOG
-0.6817959809570316,-0.8675705924443473,0.9183086630978529,-0.6817959809570316,-0.7105435976562835,-0.37011191599571436,-0.3984831026948887,0.0,-0.7254508624713029,1.187566230701893,-0.019646487595666815,1.4209792342138348,2021-11-05,GOOG
-0.583470455315499,-0.8661877203939922,1.0354669599213586,-0.583470455315499,-0.7337863359169922,-0.6457580039512573,-0.4183280540349896,0.0,-0.7254508624713029,1.187566230701893,-0.019646487595666815,1.4209792342138348,2021-11-12,GOOG
-0.6185322551645488,-0.8652658062661549,0.9908352470968589,-0.6185322551645488,-0.5356101079693153,0.25009178190425735,0.08179164388379677,0.0,-0.7254508624713029,1.187566230701893,-0.019646487595666815,1.4209792342138348,2021-11-19,GOOG
-0.6596917711868507,-0.8661877203939922,0.9424842107261551,-0.6596917711868507,0.7745559397364481,2.1796143975930584,3.037890832812254,0.0,-0.7254508624713029,1.187566230701893,-0.019646487595666815,1.4209792342138348,2021-11-26,GOOG
-0.7656393284663643,-0.8661877203939922,0.8132382769116201,-0.7656393284663643,1.0253345718085172,2.1796143975930584,3.3107630750823733,0.0,-0.012434639122241358,1.3755766374871208,-0.019646487595666815,1.4209792342138348,2021-12-03,GOOG
-0.6543563036088303,-0.8629610218051612,0.9424841830151429,-0.6543563036088303,-0.44019177723241565,0.594649391848686,0.26970801837358704,0.0,-0.012434639122241358,1.3755766374871208,-0.019646487595666815,1.4209792342138348,2021-12-10,GOOG
-0.7206688420565056,-0.8721801622249342,0.8801857456959511,-0.7206688420565056,-0.08787835347652961,1.6283222216819722,1.0120102815469159,0.0,-0.012434639122241358,1.3755766374871208,-0.019646487595666815,1.4209792342138348,2021-12-17,GOOG
-0.6513074000907705,-0.8592733670110109,0.9387649391380986,-0.6513074000907705,-0.529493647022398,0.31900330389314324,0.09877179500385279,0.0,-0.012434639122241358,1.3755766374871208,-0.019646487595666815,1.4209792342138348,2021-12-24,GOOG
-0.6368254036843054,-0.8707972910331784,0.9796772764582468,-0.6368254036843054,-0.6200186223393408,0.04335721593760023,-0.06706623670517652,0.0,-0.012434639122241358,1.3755766374871208,-0.019646487595666815,1.4209792342138348,2021-12-31,GOOG
-0.4394121946688759,-0.845444656810651,1.169362098394858,-0.4394121946688759,-0.43162863857552,0.8013839578153433,0.34560214999281297,0.0,0.7005815842268202,1.1875662307018935,1.381802960895212,-0.0066712640103934765,2022-01-07,GOOG
-0.4386500369365115,-0.831615946610291,1.142397039055582,-0.4386500369365115,-0.3790262344511277,1.0770300457708866,0.4832238829287675,0.0,0.7005815842268202,1.1875662307018935,1.381802960895212,-0.0066712640103934765,2022-01-14,GOOG
-0.4577053431886326,-0.8131776640535464,1.081958282560813,-0.4577053431886326,0.8026920334171136,2.110702875604173,2.8712321465992967,0.0,0.7005815842268202,1.1875662307018935,1.381802960895212,-0.0066712640103934765,2022-01-21,GOOG
-0.43102791443566313,-0.8062633158221608,1.100554810231044,-0.43102791443566313,0.6571179762658002,1.9728798316264011,2.7696025890371145,0.0,0.7005815842268202,1.1875662307018935,1.381802960895212,-0.0066712640103934765,2022-01-28,GOOG
-0.3182203923876655,-0.7832154609090314,1.19167787340601,-0.3182203923876655,0.11396789103611493,1.8350567876486292,1.5450223739667455,0.0,1.2225456863392115,0.6739122470129602,1.381802960895212,-0.0066712640103934765,2022-02-04,GOOG
-0.299164995272677,-0.7302054097201814,1.1079935127454763,-0.299164995272677,0.6204187439282389,1.9039683096375155,2.5302399340466897,0.0,1.2225456863392115,0.6739122470129602,1.381802960895212,-0.0066712640103934765,2022-02-11,GOOG
-0.3166958951972018,-0.739424554432951,1.105204039137144,-0.3166958951972018,0.6681277926326743,1.9728798316264011,2.5242931533988004,0.0,1.2225456863392115,0.6739122470129602,1.381802960895212,-0.0066712640103934765,2022-02-18,GOOG
-0.2755364700377673,-0.7486436854081316,1.1740111471793797,-0.2755364700377673,0.6485548376089045,1.9039683096375155,2.493320433930867,0.0,1.2225456863392115,0.6739122470129602,1.381802960895212,-0.0066712640103934765,2022-02-25,GOOG
-0.47523624311315743,-0.7454169868193007,0.9238876449532825,-0.47523624311315743,1.1855882285636437,2.248525919581944,3.343320200063744,0.0,1.4135978075758815,-0.027752143461200737,1.381802960895212,-0.0066712640103934765,2022-03-04,GOOG
-0.2618166313636667,-0.7177595664185809,1.1284496155918966,-0.2618166313636667,1.0351210493204022,2.1796143975930584,2.8707350552835638,0.0,1.4135978075758815,-0.027752143461200737,1.381802960895212,-0.0066712640103934765,2022-03-11,GOOG
-0.15205792197086143,-0.7094623512884359,1.245607922807032,-0.15205792197086143,0.19348328331421233,1.6283222216819722,1.3459660284368067,0.0,1.4135978075758815,-0.027752143461200737,1.381802960895212,-0.0066712640103934765,2022-03-18,GOOG
0.1101434191646472,-0.646311246410575,1.438082266846247,0.1101434191646472,-0.1808500065034508,1.2493088507431007,0.6722186602221477,0.0,1.4135978075758815,-0.027752143461200737,1.381802960895212,-0.0066712640103934765,2022-03-25,GOOG
0.02248891954202287,-0.6555303773857557,1.349748649568601,0.02248891954202287,-0.325200724799775,1.0081185237820007,0.4056776384753029,0.0,1.2225456863392115,-0.7294165339353614,-0.0196464875956663,-1.434321762234622,2022-04-01,GOOG
0.2785924536414118,-0.5780896112538114,1.5059596150114,0.2785924536414118,-0.13803407989094346,1.4215876557153153,0.7218248190421295,0.0,1.2225456863392115,-0.7294165339353614,-0.0196464875956663,-1.434321762234622,2022-04-08,GOOG
0.3662469532640361,-0.5412130324027333,1.5385035384343044,0.3662469532640361,0.050355903872877326,1.4904991777042007,1.0342001722922174,0.0,1.2225456863392115,-0.7294165339353614,-0.0196464875956663,-1.434321762234622,2022-04-15,GOOG
0.42569943608035987,-0.5264624338325151,1.581275485569407,0.42569943608035987,0.7243999799940054,1.9039683096375155,2.159044848692353,0.0,1.2225456863392115,-0.7294165339353614,-0.0196464875956663,-1.434321762234622,2022-04-22,GOOG
0.4112175305367623,-0.5135556120020135,1.5375737231351978,0.4112175305367623,1.3592986127236515,2.248525919581944,3.0377086512868177,0.0,1.2225456863392115,-0.7294165339353614,-0.0196464875956663,-1.434321762234622,2022-04-29,GOOG
0.5910996579019321,-0.5103289271507713,1.7505040314657725,0.5910996579019321,0.9666157067372078,1.9728798316264011,2.291587243404136,0.0,0.7005815842268202,-1.243070517624295,-0.0196464875956663,-1.434321762234622,2022-05-06,GOOG
0.4478036458505408,-0.4513264229691884,1.4566786282504056,0.4478036458505408,0.8051387111270921,1.9039683096375155,1.9651531541409977,0.0,0.7005815842268202,-1.243070517624295,-0.0196464875956663,-1.434321762234622,2022-05-13,GOOG
0.3349961238025431,-0.4351929437626221,1.2865202670549332,0.3349961238025431,0.8736440537102865,1.9039683096375155,2.0035157416075053,0.0,0.7005815842268202,-1.243070517624295,-0.0196464875956663,-1.434321762234622,2022-05-20,GOOG
0.30145882114395706,-0.4135279694858408,1.2019060772397867,0.30145882114395706,0.4197956049425548,1.2837646117375434,1.2760112991515937,0.0,0.7005815842268202,-1.243070517624295,-0.0196464875956663,-1.434321762234622,2022-05-27,GOOG
0.4645723880427013,-0.3628226941719916,1.2986080876314172,0.4645723880427013,0.3060278913649034,1.214853089748658,1.0743555473538455,0.0,-0.012434639122240833,-1.4310809244095224,-0.0196464875956663,-1.434321762234622,2022-06-03,GOOG
0.6162526803273054,-0.2922962762714328,1.3413800347665197,0.6162526803273054,0.6681277926326743,1.5249549386986438,1.5894618274228358,0.0,-0.012434639122240833,-1.4310809244095224,-0.0196464875956663,-1.434321762234622,2022-06-10,GOOG
0.6795164969826557,-0.18996382353628732,1.212134211796033,0.6795164969826557,1.0816067591698484,2.110702875604173,2.1441236371938115,0.0,-0.012434639122240833,-1.4310809244095224,-0.0196464875956663,-1.434321762234622,2022-06-17,GOOG
0.5926241550923957,-0.14939958130506595,1.024308971963364,0.5926241550923957,0.6045155721414079,1.145941567759772,1.3915050180508146,0.0,-0.012434639122240833,-1.4310809244095224,-0.0196464875956663,-1.434321762234622,2022-06-24,GOOG
0.412741846001491,-0.14709479856127075,0.8002205475113636,0.412741846001491,0.5396802461231811,1.0770300457708866,1.2611701758679508,0.0,-0.725450862471302,-1.243070517624295,-1.4210959360865447,-0.006671264010393827,2022-07-01,GOOG
0.5743310974355065,-0.03646511695839161,0.7741854974482788,0.5743310974355065,0.2876780418680939,0.8702954798042293,0.8502601111290098,0.0,-0.725450862471302,-1.243070517624295,-1.4210959360865447,-0.006671264010393827,2022-07-08,GOOG
0.44399267546298404,0.14653478675994047,0.24604364606871332,0.44399267546298404,0.2375223154536801,0.8013839578153433,0.753134464849244,0.0,-0.725450862471302,-1.243070517624295,-1.4210959360865447,-0.006671264010393827,2022-07-15,GOOG
0.33194731114735077,0.19954484481758486,0.0024288232253509684,0.33194731114735077,0.09072515277540624,0.594649391848686,0.5037575344646847,0.0,-0.725450862471302,-1.243070517624295,-1.4210959360865447,-0.006671264010393827,2022-07-22,GOOG
0.22447525667737353,0.17327033252839075,-0.07567677034009683,0.22447525667737353,-0.11723778601218439,0.38791482588202897,0.16315419342657078,0.0,-0.725450862471302,-1.243070517624295,-1.4210959360865447,-0.006671264010393827,2022-07-29,GOOG
0.3753933912296133,0.224897509949687,0.004288342979516125,0.3753933912296133,-0.13925741874593267,0.25009178190425735,0.10385662229504403,0.0,-1.2474149645836932,-0.7294165339353622,-1.4210959360865447,-0.006671264010393827,2022-08-05,GOOG
0.38225335599809734,0.2663835993380004,-0.07102752757849076,0.38225335599809734,-0.3374336466936096,-0.16337735002905707,-0.24243179045594992,0.0,-1.2474149645836932,-0.7294165339353622,-1.4210959360865447,-0.006671264010393827,2022-08-12,GOOG
0.4889632527357102,0.3032601232387233,-0.015237722879700946,0.4889632527357102,-0.20653942247413792,-0.09446582804017137,-0.039014435634040105,0.0,-1.2474149645836932,-0.7294165339353622,-1.4210959360865447,-0.006671264010393827,2022-08-19,GOOG
0.52402505258476,0.3839276841226201,-0.13518561454721698,0.52402505258476,0.400222649918785,0.9392070017931148,0.9308687886318565,0.0,-1.2474149645836932,-0.7294165339353622,-1.4210959360865447,-0.006671264010393827,2022-08-26,GOOG
0.6444546971336059,0.4138898048416025,-0.0487115170237362,0.6444546971336059,0.38921283355191083,0.8702954798042293,0.8841347366504405,0.0,-1.4384670858203634,-0.02775214346120108,-1.4210959360865447,-0.006671264010393827,2022-09-02,GOOG
0.7420179741799068,0.4821114399983661,-0.06730804469396728,0.7420179741799068,0.06136572023975147,0.38791482588202897,0.3182100048098638,0.0,-1.4384670858203634,-0.02775214346120108,-1.4210959360865447,-0.006671264010393827,2022-09-09,GOOG
0.8388189117681082,0.5291290519320719,-0.04406249595022673,0.8388189117681082,0.4907476252357277,1.0081185237820007,1.0291553839002192,0.0,-1.4384670858203634,-0.02775214346120108,-1.4210959360865447,-0.006671264010393827,2022-09-16,GOOG
1.0286099982826893,0.5466454667253415,0.15213102615237875,1.0286099982826893,0.9335862576365853,1.8350567876486292,1.7355609144982114,0.0,-1.4384670858203634,-0.02775214346120108,-1.4210959360865447,-0.006671264010393827,2022-09-23,GOOG
1.110166690869194,0.5798343821962763,0.18467483873123486,1.110166690869194,1.141549196424176,2.110702875604173,2.0170057103238896,0.0,-1.4384670858203634,-0.02775214346120108,-1.4210959360865447,-0.006671264010393827,2022-09-30,GOOG
1.170381513143617,0.6319224831961185,0.15306078602946135,1.170381513143617,1.1097430861785427,2.0417913536152867,1.902335613488957,0.0,-1.2474149645836934,0.6739122470129602,-0.019646487595666815,1.4209792342138348,2022-10-07,GOOG
1.2671828141832884,0.7863430918814613,-0.040343013065703245,1.2671828141832884,1.1904815839836005,2.1796143975930584,1.9809758284639123,0.0,-1.2474149645836934,0.6739122470129602,-0.019646487595666815,1.4209792342138348,2022-10-14,GOOG
1.42191173739735,0.9048090238231731,-0.090554036813901,1.42191173739735,0.9054501639559197,1.5594106996930868,1.475517489451441,0.0,-1.2474149645836934,0.6739122470129602,-0.019646487595666815,1.4209792342138348,2022-10-21,GOOG
1.2671828141832884,0.9439903854180464,-0.3583439465899899,1.2671828141832884,0.4234656215075224,0.594649391848686,0.6186230668765998,0.0,-1.2474149645836934,0.6739122470129602,-0.019646487595666815,1.4209792342138348,2022-10-28,GOOG
1.3784658390408224,0.9638115280047559,-0.2625718069194902,1.3784658390408224,0.2766682255012198,0.18118025991537165,0.320886294911133,0.0,-0.7254508624713029,1.187566230701893,-0.019646487595666815,1.4209792342138348,2022-11-04,GOOG
1.117026655637678,0.986859465343418,-0.6279942628726303,1.117026655637678,0.02833627113912905,-0.3012003940068287,-0.18247960944126837,0.0,-0.7254508624713029,1.187566230701893,-0.019646487595666815,1.4209792342138348,2022-11-11,GOOG
1.1208378077509698,1.0200483808143528,-0.6902926083990948,1.1208378077509698,0.10173496914228038,-0.09446582804017137,-0.08144246519979156,0.0,-0.7254508624713029,1.187566230701893,-0.019646487595666815,1.4209792342138348,2022-11-18,GOOG
1.0240366884370333,1.0384866427647141,-0.8455738139648112,1.0240366884370333,-0.21877257769600128,-0.7835810479290288,-0.6589134905695231,0.0,-0.7254508624713029,1.187566230701893,-0.019646487595666815,1.4209792342138348,2022-11-25,GOOG
0.88302733130847,1.0536982198638334,-1.048276098583188,0.88302733130847,-0.3949294062379587,-0.9903156138956861,-0.9401844199500753,0.0,-0.012434639122241358,1.3755766374871208,-0.019646487595666815,1.4209792342138348,2022-12-02,GOOG
0.9295222240459249,1.037564575806202,-0.959012499740363,0.9295222240459249,0.06625884233167953,-0.09446582804017137,-0.08354259148673734,0.0,-0.012434639122241358,1.3755766374871208,-0.019646487595666815,1.4209792342138348,2022-12-09,GOOG
0.8647342736515808,1.0329551202193217,-1.0287495893477778,0.8647342736515808,0.04056942636099241,-0.3012003940068287,-0.14087277106640078,0.0,-0.012434639122241358,1.3755766374871208,-0.019646487595666815,1.4209792342138348,2022-12-16,GOOG
1.0697694234421238,1.0467837067813826,-0.8065207954939907,1.0697694234421238,-0.1735099733735155,-0.6457580039512573,-0.5950637909910734,0.0,-0.012434639122241358,1.3755766374871208,-0.019646487595666815,1.4209792342138348,2022-12-23,GOOG
1.1673327004884246,1.0776680043595874,-0.7498016742943114,1.1673327004884246,-0.07564519825466626,-0.4390234379846001,-0.44773028737775605,0.0,-0.012434639122241358,1.3755766374871208,-0.019646487595666815,1.4209792342138348,2022-12-30,GOOG
0.9310467212363885,1.1850708912105141,-1.2546976443979916,0.9310467212363885,-0.1417040964559111,-0.7146695259401431,-0.612593651695321,0.0,0.7005815842268202,1.1875662307018935,1.381802960895212,-0.0066712640103934765,2023-01-06,GOOG
0.8868383016960267,1.182766053516364,-1.3039784648929136,0.8868383016960267,-0.4817843649899338,-1.265961701851229,-1.3093834802701385,0.0,0.7005815842268202,1.1875662307018935,1.381802960895212,-0.0066712640103934765,2023-01-13,GOOG
0.8662585891163095,1.205813990855026,-1.3755752959425902,0.8662585891163095,-0.2982877366460699,-0.9903156138956861,-0.8693666307060611,0.0,0.7005815842268202,1.1875662307018935,1.381802960895212,-0.0066712640103934765,2023-01-20,GOOG
0.8921737692740471,1.2104234464419061,-1.3532592853878356,0.8921737692740471,-0.46221140996616394,-1.1970501798623432,-1.1277528906994727,0.0,0.7005815842268202,1.1875662307018935,1.381802960895212,-0.0066712640103934765,2023-01-27,GOOG
0.9028448861558229,1.1988994777725752,-1.3169957682363596,0.9028448861558229,-0.48423104269991224,-1.265961701851229,-1.1119204294092315,0.0,1.2225456863392115,0.6739122470129602,1.381802960895212,-0.0066712640103934765,2023-02-03,GOOG
1.0644339558641034,1.2505268749952918,-1.2240135732613973,1.0644339558641034,-0.21510256113103363,-0.7146695259401431,-0.5426607043243091,0.0,1.2225456863392115,0.6739122470129602,1.381802960895212,-0.0066712640103934765,2023-02-10,GOOG
1.1284599302518181,1.2712697548383831,-1.1877498344218245,1.1284599302518181,-0.2774914427673108,-0.7835810479290288,-0.6216047377300918,0.0,1.2225456863392115,0.6739122470129602,1.381802960895212,-0.0066712640103934765,2023-02-17,GOOG
1.2206875579943637,1.2818718763506223,-1.0966271592010275,1.2206875579943637,-0.07564519825466626,-0.06001006704572842,-0.20215201298280466,0.0,1.2225456863392115,0.6739122470129602,1.381802960895212,-0.0066712640103934765,2023-02-24,GOOG
1.2321208326085038,1.2887861696316527,-1.096626937512931,1.2321208326085038,-0.46465808767614236,-1.1281386578734576,-0.914107545720456,0.0,1.4135978075758815,-0.027752143461200737,1.381802960895212,-0.0066712640103934765,2023-03-03,GOOG
1.0270855010922257,1.327967531226526,-1.4257858763145947,1.0270855010922257,0.3072509968918638,0.9392070017931148,0.6373464073364722,0.0,1.4135978075758815,-0.027752143461200737,1.381802960895212,-0.0066712640103934765,2023-03-10,GOOG
0.7984216443410381,1.0928795814587067,-1.2305223357771684,0.7984216443410381,0.39410618897186767,1.0081185237820007,0.804408719222602,0.0,1.4135978075758815,-0.027752143461200737,1.381802960895212,-0.0066712640103934765,2023-03-17,GOOG
0.7869885514526329,1.1896803467973944,-1.4397329395351233,0.7869885514526329,-0.06708205959777055,0.04335721593760023,-0.13107683667743086,0.0,1.4135978075758815,-0.027752143461200737,1.381802960895212,-0.0066712640103934765,2023-03-24,GOOG
0.873880711617158,1.2274789376566297,-1.409978849963708,0.873880711617158,-0.43896843837742644,-0.9903156138956861,-0.8709975792419404,0.0,1.4135978075758815,-0.027752143461200737,1.381802960895212,-0.0066712640103934765,2023-03-31,GOOG
0.7168649517545335,1.2850985612018644,-1.7177515380877,0.7168649517545335,-0.4756679040430165,-1.1281386578734576,-0.9126700919326588,0.0,1.2225456863392115,-0.7294165339353614,-0.0196464875956663,-1.434321762234622,2023-04-07,GOOG
0.8952227636549746,1.3740631861024297,-1.6796285011820586,0.8952227636549746,-0.6383682385081214,-1.265961701851229,-1.1664869584026434,0.0,1.2225456863392115,-0.7294165339353614,-0.0196464875956663,-1.434321762234622,2023-04-14,GOOG
0.931808878968753,1.3957281329040334,-1.678698741304976,0.931808878968753,-0.6750674708456826,-1.265961701851229,-1.157526105465968,0.0,1.2225456863392115,-0.7294165339353614,-0.0196464875956663,-1.434321762234622,2023-04-21,GOOG
0.8418677244233006,1.3832823170776105,-1.7633130973861952,0.8418677244233006,-0.7961753342172838,-1.265961701851229,-1.3404249853890313,0.0,1.2225456863392115,-0.7294165339353614,-0.0196464875956663,-1.434321762234622,2023-04-28,GOOG
0.8372945963033795,1.4556525941434184,-1.9148748200673882,0.8372945963033795,-0.6236884055762796,-1.0592271358845717,-0.9545581847255824,0.0,0.7005815842268202,-1.243070517624295,-0.0196464875956663,-1.434321762234622,2023-05-05,GOOG
0.8502521863822483,1.4316828096476644,-1.8507167330986618,0.8502521863822483,-0.6432613606000495,-1.1281386578734576,-0.9357645354185936,0.0,0.7005815842268202,-1.243070517624295,-0.0196464875956663,-1.434321762234622,2023-05-12,GOOG
1.0247988461693978,1.4579574318375688,-1.6907867281475326,1.0247988461693978,-0.6701743487537546,-1.1281386578734576,-0.9351989373467144,0.0,0.7005815842268202,-1.243070517624295,-0.0196464875956663,-1.434321762234622,2023-05-19,GOOG
1.11474000071485,1.4717860183996296,-1.6089616516975613,1.11474000071485,-0.5307167525493585,-0.8524925699179146,-0.6205745379081193,0.0,0.7005815842268202,-1.243070517624295,-0.0196464875956663,-1.434321762234622,2023-05-26,GOOG
1.0240366884370333,1.5178818930769538,-1.8125941395692138,1.0240366884370333,-0.9405259358495935,-1.265961701851229,-1.3132325241590714,0.0,-0.012434639122240833,-1.4310809244095224,-0.0196464875956663,-1.434321762234622,2023-06-02,GOOG
1.0651961135964678,1.4625668874244488,-1.6508039497996294,1.0651961135964678,-1.034720927731504,-1.265961701851229,-1.3907689840413573,0.0,-0.012434639122240833,-1.4310809244095224,-0.0196464875956663,-1.434321762234622,2023-06-09,GOOG
1.0834893529790919,1.448738300862388,-1.6005933694276249,1.0834893529790919,-1.0701969378780904,-1.265961701851229,-1.3916511982401776,0.0,-0.012434639122240833,-1.4310809244095224,-0.0196464875956663,-1.434321762234622,2023-06-16,GOOG
1.0606229854765468,1.4823881399118688,-1.6963655090981247,1.0606229854765468,-1.0824300930999537,-1.265961701851229,-1.3226301207012567,0.0,-0.012434639122240833,-1.4310809244095224,-0.0196464875956663,-1.434321762234622,2023-06-23,GOOG
1.1215999654833342,1.4893024331928992,-1.6359266833258252,1.1215999654833342,-1.0640803602671587,-1.1281386578734576,-1.2073329678947413,0.0,-0.012434639122240833,-1.4310809244095224,-0.0196464875956663,-1.434321762234622,2023-06-30,GOOG
1.297671304186682,1.5169598261184414,-1.4769259948755855,1.297671304186682,-0.912389842168928,-0.9214040919068004,-0.8767524673046152,0.0,-0.725450862471302,-1.243070517624295,-1.4210959360865447,-0.006671264010393827,2023-07-07,GOOG
1.1215999654833342,1.5178818930769538,-1.6935762294668768,1.1215999654833342,-1.0946631316578028,-1.265961701851229,-1.1204982377140795,0.0,-0.725450862471302,-1.243070517624295,-1.4210959360865447,-0.006671264010393827,2023-07-14,GOOG
1.1353197132945674,1.533093470176073,-1.7075237360635984,1.1353197132945674,-1.0628570214121695,-0.9903156138956861,-0.9979953543372407,0.0,-0.725450862471302,-1.243070517624295,-1.4210959360865447,-0.006671264010393827,2023-07-21,GOOG
1.2359319847217953,1.5363201550273153,-1.5912951055925093,1.2359319847217953,-1.095886470512792,-1.265961701851229,-0.9909291523275198,0.0,-0.725450862471302,-1.243070517624295,-1.4210959360865447,-0.006671264010393827,2023-07-28,GOOG
1.3052932449617956,1.535398088068803,-1.5048210080690285,1.3052932449617956,-0.6346982219431537,-0.3012003940068287,-0.20435284457982902,0.0,-1.2474149645836932,-0.7294165339353622,-1.4210959360865447,-0.006671264010393827,2023-08-04,GOOG
1.3876124587321343,1.5409296106141954,-1.4155574092262035,1.3876124587321343,-0.9111665033139388,-0.6457580039512573,-0.6313225264262696,0.0,-1.2474149645836932,-0.7294165339353622,-1.4210959360865447,-0.006671264010393827,2023-08-11,GOOG
1.4508759119360148,1.5469220567381339,-1.3504697840684914,1.4508759119360148,-0.6102321448274558,-0.09446582804017137,-0.12349135158560398,0.0,-1.2474149645836932,-0.7294165339353622,-1.4210959360865447,-0.006671264010393827,2023-08-18,GOOG
1.4417292922447027,1.5639775479528575,-1.396031565055083,1.4417292922447027,-0.8084083727751328,-0.5768464819623715,-0.41176588625207533,0.0,-1.2474149645836932,-0.7294165339353622,-1.4210959360865447,-0.006671264010393827,2023-08-25,GOOG
1.3914232473939563,1.5423126011512538,-1.4136983328482315,1.3914232473939563,-1.1252459030484467,-1.265961701851229,-0.8737858267097729,0.0,-1.4384670858203634,-0.02775214346120108,-1.4210959360865447,-0.006671264010393827,2023-09-01,GOOG
1.4562113795140352,1.5538365698205847,-1.3579087498375384,1.4562113795140352,-1.0334975888765148,-0.7146695259401431,-0.6788935879175494,0.0,-1.4384670858203634,-0.02775214346120108,-1.4210959360865447,-0.006671264010393827,2023-09-08,GOOG
1.5049931089000532,1.5561411877133147,-1.3030484833277345,1.5049931089000532,-1.0396141664874465,-0.7835810479290288,-0.6460312863748908,0.0,-1.4384670858203634,-0.02775214346120108,-1.4210959360865447,-0.006671264010393827,2023-09-15,GOOG
1.5934099479807768,1.559367872564557,-1.2016971193304495,1.5934099479807768,-0.6224650667212904,0.18118025991537165,0.06020096574034952,0.0,-1.4384670858203634,-0.02775214346120108,-1.4210959360865447,-0.006671264010393827,2023-09-22,GOOG
1.696308510879363,1.557063254671827,-1.0715218690150252,1.696308510879363,-0.5833191566737507,0.31900330389314324,0.16184911974029548,0.0,-1.4384670858203634,-0.02775214346120108,-1.4210959360865447,-0.006671264010393827,2023-09-29,GOOG
1.8571354228552792,1.5791891250519767,-0.9199599246457355,1.8571354228552792,-0.5918822953306464,0.31900330389314324,0.18361802637757127,0.0,-1.2474149645836934,0.6739122470129602,-0.019646487595666815,1.4209792342138348,2023-10-06,GOOG
1.7389926149549961,1.569969994076796,-1.045486375575747,1.7389926149549961,-0.3631232959923255,1.0081185237820007,0.7100918590287904,0.0,-1.2474149645836934,0.6739122470129602,-0.019646487595666815,1.4209792342138348,2023-10-13,GOOG
1.963845137867157,1.557063254671827,-0.745152653220802,1.963845137867157,-0.0707520761627382,1.6283222216819722,1.4628936480900299,0.0,-1.2474149645836934,0.6739122470129602,-0.019646487595666815,1.4209792342138348,2023-10-20,GOOG
1.903630315592734,1.559367872564557,-0.8232578034100566,1.903630315592734,-0.12457758581409088,1.4904991777042007,1.3955068639459647,0.0,-1.2474149645836934,0.6739122470129602,-0.019646487595666815,1.4209792342138348,2023-10-27,GOOG
1.6848754179909577,1.535398088068803,-1.0417668926912236,1.6848754179909577,-0.9026033646570432,-0.37011191599571436,-0.47760865315477324,0.0,-0.7254508624713029,1.187566230701893,-0.019646487595666815,1.4209792342138348,2023-11-03,GOOG
1.7382300937711619,1.534015317333165,-0.9738899879022637,1.7382300937711619,-0.9931283399739859,-0.5768464819623715,-0.6626848346079497,0.0,-0.7254508624713029,1.187566230701893,-0.019646487595666815,1.4209792342138348,2023-11-10,GOOG
1.59569642117787,1.5261789570936222,-1.1319602514111313,1.59569642117787,-1.0383908276324572,-0.7146695259401431,-0.735915013516008,0.0,-0.7254508624713029,1.187566230701893,-0.019646487595666815,1.4209792342138348,2023-11-17,GOOG
1.6193251281385144,1.535398088068803,-1.1217320060108367,1.6193251281385144,-1.2023145009525513,-1.265961701851229,-1.0811618535585554,0.0,-0.7254508624713029,1.187566230701893,-0.019646487595666815,1.4209792342138348,2023-11-24,GOOG
1.4318205148210263,1.5178818930769538,-1.3151366918583876,1.4318205148210263,-1.1815182070737922,-1.1970501798623432,-0.9641682506565071,0.0,-0.012434639122241358,1.3755766374871208,-0.019646487595666815,1.4209792342138348,2023-12-01,GOOG
1.4463026020903589,1.5261789570936222,-1.3142064886051117,1.4463026020903589,-1.2157708783653896,-1.265961701851229,-0.9956553217830373,0.0,-0.012434639122241358,1.3755766374871208,-0.019646487595666815,1.4209792342138348,2023-12-08,GOOG
1.2046811552603023,1.522491348663834,-1.6015231293047074,1.2046811552603023,-1.2243341336862996,-1.265961701851229,-0.9656567695534992,0.0,-0.012434639122241358,1.3755766374871208,-0.019646487595666815,1.4209792342138348,2023-12-15,GOOG
1.1841014426805851,1.5146552082257116,-1.6108216148279195,1.1841014426805851,-1.1325858195143677,-0.9903156138956861,-0.690554756573714,0.0,-0.012434639122241358,1.3755766374871208,-0.019646487595666815,1.4209792342138348,2023-12-22,GOOG
1.1574239230647483,1.5017482490193221,-1.6173301556555943,1.1574239230647483,-1.2035378398075405,-1.1281386578734576,-0.820125667450998,0.0,-0.012434639122241358,1.3755766374871208,-0.019646487595666815,1.4209792342138348,2023-12-29,GOOG
1.2915733154248275,1.5201865109696837,-1.4908737231604037,1.2915733154248275,-1.0934397928028134,-0.6457580039512573,-0.5062118756068688,0.0,0.7005815842268202,1.1875662307018935,1.381802960895212,-0.0066712640103934765,2024-01-05,GOOG
1.2214498974524628,1.510045532837411,-1.5559615700062124,1.2214498974524628,-1.1729550684168966,-0.9214040919068004,-0.6631869098271118,0.0,0.7005815842268202,1.1875662307018935,1.381802960895212,-0.0066712640103934765,2024-01-12,GOOG
1.370843534814239,1.510045532837411,-1.3737155545003286,1.370843534814239,-1.0995563704137452,-0.7146695259401431,-0.44250975494475675,0.0,0.7005815842268202,1.1875662307018935,1.381802960895212,-0.0066712640103934765,2024-01-19,GOOG
1.3815144699702797,1.510967379994503,-1.3625575492229511,1.3815144699702797,-1.1044496091696876,-0.7146695259401431,-0.4207572267440129,0.0,0.7005815842268202,1.1875662307018935,1.381802960895212,-0.0066712640103934765,2024-01-26,GOOG
1.2847135323820782,1.5155770553828034,-1.4899439632833211,1.2847135323820782,-1.0322742500215256,0.18118025991537165,-0.21281431648056048,0.0,1.2225456863392115,0.6739122470129602,1.381802960895212,-0.0066712640103934765,2024-02-02,GOOG
