#{"t_start": 1763831218.311906, "env_id": "None"}
r,l,t
1.5749314,18,0.658455
1.1967995,18,0.674219
2.487344,18,0.682863
2.6034112,18,0.690049
-0.30568457,18,0.700418
2.0073004,18,0.709695
2.1675024,18,0.724243
1.1605889,18,0.731294
2.1814203,18,0.744247
2.5031307,18,0.751469
3.6072176,18,0.760946
1.7455465,18,0.767309
0.41192818,18,0.773783
1.7775562,18,0.779933
2.0601983,18,1.400861
2.8068461,18,1.408653
1.8015988,18,1.415084
2.4239838,18,1.422835
0.27273315,18,1.42991
2.114728,18,1.436879
0.054553866,18,1.443704
2.1602569,18,1.449768
1.450196,18,1.456543
3.5544686,18,1.463419
1.5760509,18,1.470299
2.4082284,18,1.478602
1.3849678,18,1.487411
2.7724023,18,1.49435
1.8867167,18,1.922447
1.67681,18,1.929255
2.9657934,18,1.935915
1.8311768,18,1.942512
2.398371,18,1.948564
1.5880793,18,1.955302
2.0560887,18,1.96193
2.067371,18,1.968166
3.3691146,18,1.974995
1.4341388,18,1.980967
1.9723697,18,1.987523
2.7276866,18,1.993858
1.56719,18,1.999824
2.8923042,18,2.00986
1.7305927,18,2.405449
2.1876962,18,2.411607
1.882444,18,2.417573
1.2139201,18,2.426937
2.6216447,18,2.433275
2.3394706,18,2.43996
1.8927369,18,2.446502
2.2592235,18,2.45296
1.0238767,18,2.459344
2.7922041,18,2.465666
2.6518207,18,2.472181
1.6050065,18,2.478411
1.3538537,18,2.484567
2.8630793,18,2.491007
2.8417742,18,2.886952
1.6411617,18,2.893481
2.9395022,18,2.899532
2.4234157,18,2.906115
1.782823,18,2.912466
2.3787985,18,2.918743
2.2963262,18,2.925128
2.4713182,18,2.931123
3.1719227,18,2.937165
2.178087,18,2.943143
2.3936265,18,2.949053
2.0175736,18,2.958464
2.2709188,18,2.964767
2.63863,18,2.971016
3.0437503,18,2.977016
2.140285,18,3.376555
1.8998802,18,3.382945
2.0350418,18,3.389806
3.0935872,18,3.396358
2.334337,18,3.403316
4.0250673,18,3.409928
2.3371959,18,3.416239
1.7557296,18,3.422864
2.2811751,18,3.429275
3.803411,18,3.43591
4.044859,18,3.442646
1.7356777,18,3.449108
2.6912081,18,3.455778
3.0715785,18,3.462298
2.8578868,18,3.893153
2.4682562,18,3.901198
2.1193686,18,3.908076
3.2456331,18,3.914595
3.1579225,18,3.920991
3.818882,18,3.927081
3.3869815,18,3.93306
3.5596464,18,3.939358
2.6912007,18,3.945772
3.2315025,18,3.95212
2.8610418,18,3.958588
2.0009937,18,3.964748
2.6645494,18,3.971152
2.4376135,18,3.977615
3.0942156,18,4.384135
3.684556,18,4.390848
2.5521984,18,4.397278
2.980339,18,4.403589
3.2233891,18,4.410156
2.9372709,18,4.416661
3.6642575,18,4.425707
1.7755164,18,4.4321
2.3603306,18,4.438392
3.3579998,18,4.44464
2.4675193,18,4.450838
2.8376207,18,4.457289
3.5393355,18,4.520419
3.2115111,18,4.530137
2.9362946,18,4.941739
3.2393718,18,4.950876
2.7543278,18,4.958857
2.582069,18,4.965191
2.8760083,18,4.972135
4.215755,18,4.978769
3.5249748,18,4.985255
2.8915308,18,4.99221
2.7386208,18,4.998471
4.2660775,18,5.005477
2.1745336,18,5.012256
3.9248586,18,5.019102
2.8683517,18,5.025896
3.1258469,18,5.032196
3.7236402,18,5.038822
2.5618079,18,5.460833
3.3458834,18,5.467172
3.3445148,18,5.4771
3.2925813,18,5.48353
3.765971,18,5.490556
3.5881925,18,5.496932
2.6198082,18,5.503497
3.08083,18,5.510196
2.7079718,18,5.516507
3.7517083,18,5.523255
3.1047628,18,5.529575
2.669699,18,5.536415
3.3826907,18,5.542954
3.3019404,18,5.548987
3.785273,18,5.969162
4.1574593,18,5.976006
2.2618816,18,5.98239
2.9197922,18,5.989138
4.1485486,18,5.99833
4.1428847,18,6.004966
2.937662,18,6.011757
3.9327142,18,6.018154
4.0623717,18,6.025098
3.6700811,18,6.031459
2.5795147,18,6.038099
3.678537,18,6.044505
4.430556,18,6.050717
2.9346888,18,6.05757
4.2936506,18,6.474776
3.0467277,18,6.481291
3.291406,18,6.488049
4.298525,18,6.494854
3.2189186,18,6.500933
3.055554,18,6.507632
3.9398081,18,6.514094
3.7452903,18,6.523335
3.5808501,18,6.529724
3.2742596,18,6.53599
3.9467673,18,6.543299
4.0384254,18,6.549417
3.8321896,18,6.55616
3.8239799,18,6.562673
3.9790301,18,6.977653
3.076261,18,6.984361
3.3990214,18,6.991331
4.121483,18,6.997871
4.4340415,18,7.004718
3.6530375,18,7.011444
3.8118992,18,7.017848
3.720796,18,7.024867
5.240982,18,7.031115
3.4874086,18,7.037949
3.5885317,18,7.046773
3.1676395,18,7.053877
3.8249314,18,7.060222
4.692236,18,7.066429
4.496884,18,7.482516
4.9487658,18,7.489743
4.6132135,18,7.496089
4.5760946,18,7.503415
3.9977708,18,7.509966
3.726706,18,7.516579
3.9887176,18,7.523477
4.219413,18,7.529824
3.5980608,18,7.536462
2.7300675,18,7.542916
2.8783727,18,7.549317
3.8258452,18,7.556017
3.7861052,18,7.5623
4.248119,18,7.568634
4.2664466,18,7.578111
5.0605717,18,7.992211
3.9548857,18,8.00155
3.619074,18,8.008706
3.64561,18,8.014938
4.228259,18,8.021907
4.6619635,18,8.028274
5.0772786,18,8.034742
4.602309,18,8.041426
3.2236059,18,8.047762
3.801234,18,8.05454
4.4941072,18,8.061135
4.0098715,18,8.067474
4.184574,18,8.07414
3.677314,18,8.08019
4.220024,18,8.614694
4.044182,18,8.621891
3.9315593,18,8.628339
5.160297,18,8.634747
4.8828573,18,8.644181
4.1084976,18,8.65047
4.635571,18,8.657555
4.387816,18,8.663946
4.625609,18,8.670923
3.874599,18,8.727339
4.872421,18,8.734182
3.9743838,18,8.744649
4.5854344,18,8.75113
4.9188967,18,8.758221
4.6583357,18,9.176014
5.252067,18,9.18236
4.990002,18,9.18911
4.996738,18,9.19527
4.1623173,18,9.201218
4.178704,18,9.208107
4.684107,18,9.214345
4.833188,18,9.220816
5.1326175,18,9.227225
4.2796893,18,9.233481
4.807022,18,9.239832
4.3835673,18,9.245924
4.5664773,18,9.252063
4.669363,18,9.258138
4.5919833,18,9.672087
4.153158,18,9.678336
3.8456056,18,9.687823
4.392294,18,9.694974
4.530778,18,9.701565
4.9427147,18,9.708604
3.9137552,18,9.714895
4.8840685,18,9.721867
4.772277,18,9.728133
4.5343943,18,9.734187
4.893174,18,9.740796
3.6119728,18,9.746729
4.903012,18,9.753261
4.175165,18,9.759565
4.192146,18,9.765826
4.497948,18,10.18569
5.1278586,18,10.192274
4.9561086,18,10.198307
4.246217,18,10.204969
5.221539,18,10.21358
4.470407,18,10.22037
4.2260976,18,10.226737
3.9926841,18,10.23289
5.0835915,18,10.23995
3.9495118,18,10.246134
4.464649,18,10.252796
5.1586995,18,10.259381
3.1594207,18,10.265386
4.188096,18,10.272159
4.609061,18,10.69652
4.4647136,18,10.703385
4.5154734,18,10.71024
4.35393,18,10.717901
3.9791217,18,10.724985
4.597905,18,10.731919
4.8843436,18,10.741553
4.2899737,18,10.748695
4.208559,18,10.756048
5.48798,18,10.763211
3.9748785,18,10.77022
4.955508,18,10.776939
4.22916,18,10.783615
4.270118,18,10.791306
5.0787573,18,11.251507
4.840361,18,11.262597
5.5391326,18,11.268977
5.0784726,18,11.275257
5.0765204,18,11.282065
5.0553827,18,11.288839
5.2930503,18,11.29534
4.646631,18,11.301787
4.026936,18,11.309454
4.358232,18,11.316181
5.102612,18,11.322838
4.6947403,18,11.329702
5.0598016,18,11.336434
3.9481397,18,11.343079
5.1096244,18,11.890446
4.094974,18,11.900812
4.0932508,18,11.909995
4.6761184,18,11.916908
4.642373,18,11.9241
4.2737646,18,11.931254
5.6506844,18,11.93914
4.5718403,18,11.946133
4.9192038,18,11.953162
4.520567,18,11.959855
5.3895974,18,11.966038
4.3668427,18,11.972782
4.5010996,18,11.97896
4.680212,18,11.9854
5.151017,18,12.379585
6.0378275,18,12.386723
5.9378614,18,12.395504
4.572263,18,12.423857
4.625226,18,12.443724
5.496078,18,12.458751
4.66918,18,12.472191
5.267168,18,12.496986
4.7319756,18,12.531549
4.6601324,18,12.556313
5.584639,18,12.68178
4.676479,18,12.711843
5.5137796,18,12.720861
5.296721,18,12.72779
4.943992,18,12.734926
5.8637195,18,13.213343
4.654042,18,13.220373
5.4501395,18,13.227003
5.059144,18,13.23368
5.4077325,18,13.240941
5.7394266,18,13.247386
4.983323,18,13.309294
4.9201465,18,13.316338
5.087813,18,13.323737
4.7893524,18,13.330501
4.826089,18,13.337352
5.4492455,18,13.344241
4.8981504,18,13.350672
4.4150043,18,13.357876
5.5759454,18,13.791782
4.3603973,18,13.797897
5.656145,18,13.804461
5.982508,18,13.810732
4.9488277,18,13.816676
4.313709,18,13.823175
5.3469677,18,13.829129
5.438388,18,13.836971
5.125472,18,13.844878
4.8418837,18,13.851205
5.4814897,18,13.857817
5.4572725,18,13.864176
5.5775523,18,13.870672
4.882448,18,13.876889
5.366849,18,14.2809
5.4074125,18,14.287782
4.811864,18,14.294255
5.2131906,18,14.300303
5.2349973,18,14.306676
4.7953725,18,14.313029
4.1248174,18,14.319318
5.366499,18,14.325418
4.8742156,18,14.331437
4.7538853,18,14.337951
4.58127,18,14.343921
5.2267294,18,14.349922
4.9736314,18,14.356032
4.618708,18,14.364726
5.8687577,18,14.9836
5.1932864,18,14.990556
5.788658,18,14.997186
5.3678527,18,15.003615
5.0058365,18,15.009975
5.793721,18,15.016161
5.801249,18,15.022897
5.484711,18,15.028951
5.2742486,18,15.034941
5.532218,18,15.041716
4.7314415,18,15.048052
5.157272,18,15.054342
6.4616976,18,15.060407
5.69734,18,15.06817
5.733516,18,15.075483
4.7326555,18,15.469189
5.461828,18,15.475718
5.357048,18,15.481989
5.8441854,18,15.493029
5.8055716,18,15.500297
5.9466853,18,15.506684
5.325417,18,15.512985
4.8340917,18,15.519464
5.9932017,18,15.526074
4.643636,18,15.532449
5.8933024,18,15.538861
5.456964,18,15.545047
4.9041977,18,15.55122
5.536568,18,15.557839
5.80855,18,16.011322
5.384482,18,16.02043
5.8337703,18,16.027096
5.438253,18,16.033403
5.0485067,18,16.040107
4.7548327,18,16.046396
5.2907543,18,16.052802
4.794283,18,16.059342
5.917462,18,16.065575
6.070722,18,16.071983
5.472824,18,16.078254
5.580306,18,16.084508
5.947646,18,16.090939
5.9971066,18,16.09722
6.0564427,18,16.500443
5.9234557,18,16.507417
5.0520983,18,16.513828
5.995244,18,16.520155
5.263215,18,16.526469
5.910351,18,16.532738
5.4666624,18,16.539109
5.373745,18,16.547866
6.0939045,18,16.554361
5.6733074,18,16.560907
5.8152294,18,16.567261
6.436613,18,16.573776
4.890848,18,16.579995
6.0616813,18,16.586308
6.296145,18,17.142539
6.2885847,18,17.149101
5.679733,18,17.155622
4.7337036,18,17.161999
5.6405745,18,17.168707
5.570808,18,17.174827
5.6134562,18,17.181059
6.1615715,18,17.18739
6.367946,18,17.193501
5.1046953,18,17.199865
6.3332314,18,17.207853
5.743392,18,17.213966
5.774746,18,17.220453
4.873944,18,17.226769
5.8442574,18,17.666547
5.052679,18,17.675735
6.1038404,18,17.683428
5.6950116,18,17.690752
5.124532,18,17.749629
6.432364,18,17.756633
5.597531,18,17.76319
6.496391,18,17.769706
5.8497014,18,17.776187
5.896974,18,17.782484
5.3309793,18,17.788995
5.4201374,18,17.795174
5.4548993,18,17.801266
5.8159738,18,17.807894
5.403887,18,17.814202
6.1353717,18,18.218618
5.7133293,18,18.225298
6.1837597,18,18.231494
6.0873623,18,18.238033
6.324275,18,18.244394
5.9074636,18,18.252079
5.931259,18,18.25956
6.111946,18,18.265909
5.5109773,18,18.272306
5.8332667,18,18.278509
5.5980783,18,18.284637
5.6969995,18,18.290934
5.45791,18,18.29705
6.3788977,18,18.303363
5.818487,18,18.711053
5.3926744,18,18.717373
5.7669163,18,18.724187
6.524447,18,18.731036
5.2840266,18,18.737497
6.1993585,18,18.743617
5.468107,18,18.751892
5.1283016,18,18.758757
5.7547426,18,18.765657
6.182137,18,18.772956
5.7393975,18,18.781271
6.4524693,18,18.790152
6.3894606,18,18.796637
6.298933,18,18.803228
6.19471,18,19.371758
6.229119,18,19.378795
6.3083353,18,19.385846
5.8272467,18,19.392514
5.569551,18,19.399085
5.9479837,18,19.408788
6.1851997,18,19.415596
5.80869,18,19.422406
6.124267,18,19.429515
5.609233,18,19.438424
5.837198,18,19.445887
5.948466,18,19.453563
5.887771,18,19.459979
5.8681173,18,19.466464
5.7056284,18,19.896968
6.2442594,18,19.903634
6.4936004,18,19.910097
5.7770042,18,19.916312
6.2076373,18,19.922667
5.541824,18,19.929035
6.4229383,18,19.936074
6.2717166,18,19.94299
6.3122725,18,19.94929
6.170832,18,19.955805
6.0402193,18,19.9646
6.353108,18,19.971152
5.9098806,18,19.977712
6.287472,18,19.984083
5.2161627,18,19.990515
6.152232,18,20.394608
5.421303,18,20.400696
6.0271397,18,20.406858
6.0260496,18,20.412862
6.208887,18,20.419089
6.2250953,18,20.425182
6.241062,18,20.43113
6.203609,18,20.437399
5.556649,18,20.443763
6.1649113,18,20.449967
6.311981,18,20.456215
5.863083,18,20.462227
6.1518316,18,20.468219
6.2518497,18,20.47495
6.2874703,18,20.881387
6.0299397,18,20.888107
5.9167376,18,20.894724
6.27547,18,20.903991
5.35122,18,20.910487
6.560763,18,20.916963
6.511559,18,20.92696
6.636065,18,20.933479
6.031166,18,20.941029
5.745202,18,20.947651
6.6609797,18,20.955045
6.0449095,18,20.962229
6.289,18,20.969193
6.5660534,18,20.979507
6.295758,18,21.460937
6.428291,18,21.46759
6.137659,18,21.475119
5.774671,18,21.481612
6.4281263,18,21.488475
6.0928316,18,21.49491
6.248695,18,21.501208
6.512294,18,21.507791
5.7540183,18,21.514375
6.051198,18,21.520743
6.431543,18,21.526985
5.767457,18,21.532986
6.4675646,18,21.542175
6.2776723,18,21.548572
6.158533,18,21.955572
6.3027153,18,22.017503
6.253048,18,22.024213
6.515219,18,22.030663
5.7990646,18,22.037206
6.4460697,18,22.04351
6.529582,18,22.049643
6.424855,18,22.055944
6.276032,18,22.061997
6.7159357,18,22.07096
6.2503104,18,22.077566
6.65573,18,22.083898
5.7154055,18,22.090606
6.377225,18,22.096857
6.698137,18,22.609735
6.792957,18,22.616269
6.3966556,18,22.6228
5.7832594,18,22.62891
5.9699755,18,22.634898
6.356267,18,22.641036
6.4525537,18,22.647021
5.674483,18,22.653398
6.828205,18,22.659842
6.3524933,18,22.666109
6.3989058,18,22.672344
6.7031465,18,22.678328
6.097415,18,22.684291
6.735614,18,22.690446
6.694155,18,22.6964
6.607626,18,23.106893
6.707887,18,23.1134
5.9764385,18,23.121762
6.358421,18,23.129061
5.551393,18,23.135531
6.6435695,18,23.14203
6.219641,18,23.148371
6.3904257,18,23.154932
6.4381456,18,23.161254
6.326193,18,23.167502
6.0564055,18,23.174085
6.398357,18,23.180227
6.3910775,18,23.186677
5.9217176,18,23.193195
6.3813553,18,23.591115
6.532276,18,23.597393
5.378984,18,23.603489
6.156226,18,23.610101
6.1377745,18,23.616497
6.3460665,18,23.6233
6.3444448,18,23.629689
6.573238,18,23.635991
5.9492664,18,23.64249
6.255266,18,23.651119
6.298787,18,23.657777
6.5482836,18,23.663997
6.5165615,18,23.670463
6.4579525,18,23.676928
6.7755756,18,24.069492
6.521179,18,24.078838
6.4437566,18,24.085288
6.4674644,18,24.091815
6.4631786,18,24.098072
6.2138286,18,24.104398
6.6649895,18,24.111086
6.3631883,18,24.11737
6.175828,18,24.123802
6.1904325,18,24.129887
6.7897687,18,24.135985
6.4796286,18,24.142007
6.3660345,18,24.148211
6.3013716,18,24.154624
6.662335,18,24.550145
6.277782,18,24.556937
6.270631,18,24.563276
5.7864437,18,24.570132
6.152175,18,24.5766
6.5906196,18,24.582846
5.6966696,18,24.589548
5.762048,18,24.598331
6.2888803,18,24.604936
6.9168572,18,24.61126
6.166883,18,24.617565
6.398048,18,24.624003
6.7404838,18,24.630264
6.5632567,18,24.636784
6.5717874,18,24.643238
6.732092,18,25.043459
6.670331,18,25.049692
6.6498694,18,25.056298
6.634052,18,25.062429
6.423605,18,25.068641
6.416355,18,25.075432
6.8109703,18,25.081862
6.114145,18,25.088256
6.7654862,18,25.094417
6.6166544,18,25.100503
6.8923354,18,25.106711
6.46035,18,25.11281
6.5840063,18,25.119024
6.7789083,18,25.127486
6.5940533,18,25.52091
5.994147,18,25.527257
6.469623,18,25.533442
5.6467643,18,25.542517
6.541601,18,25.548695
6.8688235,18,25.555214
6.6405168,18,25.561601
6.1972713,18,25.567905
6.3423963,18,25.574221
6.3409534,18,25.580278
6.700431,18,25.586392
6.1940556,18,25.592758
6.101517,18,25.64983
6.655433,18,25.656409
6.59033,18,26.054246
6.398553,18,26.063322
6.503158,18,26.069759
6.685419,18,26.076409
6.8103256,18,26.082825
6.3464885,18,26.089257
6.4330797,18,26.095463
6.7557707,18,26.101681
6.219354,18,26.108303
6.4067535,18,26.114519
6.4035254,18,26.121013
6.0568624,18,26.127561
6.803227,18,26.133686
6.4817553,18,26.140175
6.525088,18,26.538615
6.6217923,18,26.544773
6.4020348,18,26.550795
5.7886295,18,26.557743
6.4387417,18,26.563996
6.3388762,18,26.570265
6.570096,18,26.576451
6.7064285,18,26.58259
6.6130476,18,26.591612
6.730276,18,26.598097
6.6283836,18,26.604634
6.1041927,18,26.610851
6.9248238,18,26.616963
6.602669,18,26.62365
6.4829507,18,27.013598
6.6674633,18,27.020458
6.7300525,18,27.027103
6.224174,18,27.033226
6.4855075,18,27.039698
6.4766083,18,27.04572
6.5751076,18,27.051734
6.306468,18,27.058204
6.7404075,18,27.064526
6.731558,18,27.070957
6.799617,18,27.077212
6.666877,18,27.083358
6.721524,18,27.089728
6.6856833,18,27.096016
6.4934177,18,27.10232
6.1819816,18,27.496928
5.920684,18,27.503397
6.591909,18,27.509805
6.4445887,18,27.515831
6.6115465,18,27.522188
6.6425896,18,27.528548
6.444657,18,27.537796
7.0086546,18,27.544207
6.2714334,18,27.550473
6.7847376,18,27.556862
6.6285963,18,27.562978
6.4523463,18,27.56915
6.246198,18,27.575566
6.5467224,18,27.581884
6.2250595,18,27.980693
6.617259,18,27.987389
6.657276,18,27.994213
6.6413956,18,28.000529
6.726644,18,28.006944
5.9423575,18,28.013192
6.6071277,18,28.019439
6.6953373,18,28.025642
6.4306636,18,28.031704
6.769683,18,28.038087
6.521058,18,28.044315
6.352818,18,28.050466
6.7276464,18,28.059864
6.376611,18,28.066158
6.9499035,18,28.462995
6.467435,18,28.469718
6.0676293,18,28.47901
6.7134733,18,28.48547
6.8572574,18,28.49214
6.691799,18,28.498501
6.3487916,18,28.504864
6.6225634,18,28.51132
6.7006187,18,28.517395
6.5475593,18,28.523751
6.790531,18,28.530036
6.765716,18,28.53649
6.8586884,18,28.542878
6.5490036,18,28.549062
6.566902,18,28.946053
5.851263,18,28.952657
6.278878,18,28.959335
6.729737,18,28.965716
6.667582,18,28.972085
6.6673675,18,28.978722
6.434634,18,28.984984
6.6706004,18,28.9915
6.7315083,18,29.000307
6.7748632,18,29.007355
6.2598763,18,29.013703
6.763831,18,29.020079
6.27219,18,29.026573
6.5401793,18,29.032786
6.7079434,18,29.039227
6.3873234,18,29.439486
6.537783,18,29.445877
6.7294292,18,29.452314
6.7424498,18,29.458848
6.6434793,18,29.465097
6.6447163,18,29.471617
6.8962164,18,29.477776
6.685366,18,29.483956
6.870254,18,29.490581
6.285893,18,29.54782
6.715394,18,29.554352
6.65541,18,29.560953
6.607075,18,29.567001
6.9153323,18,29.573544
6.5757804,18,30.077419
6.193151,18,30.084374
6.3332834,18,30.091288
6.7042847,18,30.099008
6.897456,18,30.109006
6.829041,18,30.117979
6.715621,18,30.131472
6.2734885,18,30.142983
6.6078873,18,30.150327
6.600677,18,30.162748
6.315199,18,30.177794
6.548228,18,30.189016
6.693314,18,30.223568
6.795013,18,30.234215
6.7689342,18,30.875774
6.309071,18,30.882082
6.8597703,18,30.889117
6.665656,18,30.896036
6.562911,18,30.902898
6.834431,18,30.912641
6.787182,18,30.920452
6.6452904,18,30.926969
6.4885035,18,30.93326
6.715301,18,30.940145
6.642694,18,30.946774
6.840464,18,30.953583
6.6784077,18,30.960226
6.877863,18,30.966744
6.5631647,18,31.401859
6.83196,18,31.40863
6.9590163,18,31.414928
6.7828484,18,31.421525
6.8180747,18,31.427737
6.704299,18,31.436593
6.4987035,18,31.442984
6.562483,18,31.449271
6.7096214,18,31.455676
6.5243425,18,31.461777
6.6709833,18,31.467795
6.955024,18,31.474388
6.77447,18,31.480642
6.549338,18,31.486949
6.4089236,18,31.885681
6.5560665,18,31.89244
6.561998,18,31.898548
6.3044543,18,31.905079
6.3498197,18,31.91194
6.4528017,18,31.919008
6.822073,18,31.925531
6.6324544,18,31.93224
6.810683,18,31.939657
6.550931,18,31.945967
6.9152646,18,31.952308
6.790219,18,31.961752
6.6917152,18,31.967981
6.808304,18,31.97478
6.608235,18,31.98114
6.831033,18,32.448728
6.889548,18,32.455446
6.6786747,18,32.461723
6.377452,18,32.46792
6.941609,18,32.474157
6.378483,18,32.480246
6.90083,18,32.486302
6.847065,18,32.495539
6.872589,18,32.501947
6.7471757,18,32.508405
6.5197077,18,32.514675
6.6938186,18,32.521
6.7982492,18,32.527741
6.7508345,18,32.534137
6.7581367,18,32.958021
6.7338815,18,32.965056
6.8322783,18,32.972133
6.6240115,18,32.979394
6.6736283,18,32.986388
6.7938547,18,32.993042
6.526368,18,32.999949
6.642893,18,33.006648
6.9216638,18,33.013451
6.7652774,18,33.022973
6.9073,18,33.030062
6.8963246,18,33.036971
6.4431615,18,33.043767
6.420811,18,33.050247
6.712883,18,33.458296
6.8865967,18,33.464835
6.5287304,18,33.471571
6.5431128,18,33.477915
6.8000464,18,33.484172
6.620547,18,33.490993
6.718274,18,33.497501
6.8429313,18,33.503926
6.9538975,18,33.510578
6.8461137,18,33.516835
6.418052,18,33.523428
6.6531787,18,33.529812
6.7851224,18,33.538195
6.910002,18,33.545571
6.487235,18,33.943728
6.9361525,18,33.95316
6.8120866,18,33.959627
6.7236557,18,33.965808
6.828133,18,33.972621
6.8788366,18,33.978711
6.5543947,18,33.984689
6.8030396,18,34.040121
6.8928986,18,34.046458
6.8749094,18,34.055535
6.541324,18,34.061935
6.8681526,18,34.068276
6.524019,18,34.075008
6.852103,18,34.081542
6.836941,18,34.091641
6.581553,18,34.637789
6.970872,18,34.644303
6.7255106,18,34.650668
6.8452573,18,34.657414
6.685572,18,34.66369
6.9722247,18,34.67015
6.6594086,18,34.676355
6.654991,18,34.682454
6.9476542,18,34.69207
6.653129,18,34.698462
6.705002,18,34.704735
6.744183,18,34.710778
6.8168488,18,34.716812
6.8896494,18,34.723073
6.413754,18,35.11134
6.67865,18,35.117761
6.7745295,18,35.124245
6.7976832,18,35.130317
6.852153,18,35.136761
6.785419,18,35.143087
6.8519025,18,35.149232
6.8239136,18,35.155514
6.5339675,18,35.1615
6.5684094,18,35.167499
6.8739047,18,35.173894
6.7325244,18,35.180089
7.0265064,18,35.186486
6.6821227,18,35.192905
6.87716,18,35.597645
6.5997515,18,35.604308
6.832881,18,35.610852
6.8629513,18,35.617209
6.83171,18,35.623803
6.5880404,18,35.632742
6.818095,18,35.639292
6.795036,18,35.645441
6.819167,18,35.651516
6.8481107,18,35.657829
6.8294954,18,35.66398
7.0190916,18,35.670202
6.8780107,18,35.676372
6.9481187,18,35.682502
6.9122453,18,36.085782
6.8004937,18,36.09239
7.0310955,18,36.09869
6.8741193,18,36.104998
6.7005816,18,36.111213
6.9502983,18,36.117381
6.8211155,18,36.123862
6.9493704,18,36.130062
6.9274416,18,36.136251
6.958477,18,36.142423
6.6115675,18,36.150969
6.952984,18,36.157359
6.660556,18,36.163641
6.907243,18,36.169897
6.812293,18,36.586453
6.828996,18,36.593404
6.7831206,18,36.600183
6.9688582,18,36.608466
7.000517,18,36.615165
6.734406,18,36.621761
6.580245,18,36.628014
6.9478884,18,36.63416
6.852267,18,36.640895
6.787359,18,36.647075
6.576419,18,36.653304
6.8547053,18,36.659551
6.9706974,18,36.665679
6.6760683,18,36.674584
6.849453,18,36.681067
6.9428167,18,37.160628
6.9665804,18,37.166919
6.8204813,18,37.173933
6.6871877,18,37.180139
7.07802,18,37.186472
6.8939276,18,37.193087
6.872383,18,37.199419
6.790249,18,37.208798
6.681321,18,37.215305
6.8698764,18,37.221781
7.1402855,18,37.228321
6.923761,18,37.234591
6.909301,18,37.241107
6.439988,18,37.247235
6.742026,18,37.665882
6.9399123,18,37.672692
6.8561535,18,37.679216
6.772743,18,37.685599
6.7030997,18,37.69237
6.605182,18,37.698745
6.7795115,18,37.70518
7.034405,18,37.711444
6.710154,18,37.717678
6.9067154,18,37.724022
6.855342,18,37.732567
6.764962,18,37.738851
6.996645,18,37.74495
6.553717,18,37.750972
6.571143,18,38.155773
6.720915,18,38.162382
6.9462814,18,38.168793
6.880229,18,38.17514
6.6237197,18,38.181354
6.8659477,18,38.236795
6.850898,18,38.243364
7.0002375,18,38.252167
6.6812887,18,38.258852
6.691613,18,38.265131
6.814664,18,38.271912
6.936009,18,38.278864
6.899625,18,38.288667
6.9742513,18,38.296512
6.7160563,18,38.902822
7.0418124,18,38.910771
6.9550843,18,38.917109
6.8311706,18,38.923458
6.8149652,18,38.929717
6.787853,18,38.936226
6.9179068,18,38.943027
6.799817,18,38.949244
6.840601,18,38.955777
6.6478863,18,38.961991
6.9578376,18,38.968041
6.83825,18,38.974636
7.096864,18,38.980873
6.876224,18,38.987184
6.5861473,18,38.993481
6.4205565,18,39.389595
6.930644,18,39.395918
6.63136,18,39.402234
6.972289,18,39.408727
6.734617,18,39.415079
6.8938828,18,39.421456
6.9370747,18,39.430215
7.0259037,18,39.436584
6.8076024,18,39.442985
6.8685365,18,39.449288
6.7444324,18,39.455766
6.9694977,18,39.462067
6.9345922,18,39.468463
6.991714,18,39.474938
6.449728,18,39.875585
6.9251385,18,39.882094
6.66985,18,39.889083
6.9784384,18,39.895362
6.9031725,18,39.901438
6.995885,18,39.908126
6.8809094,18,39.914467
6.8559074,18,39.920952
6.6284523,18,39.927175
6.8073564,18,39.933364
6.8857336,18,39.939832
6.9981236,18,39.948573
6.6059446,18,39.955113
6.9073224,18,39.961298
7.11891,18,40.361643
7.085473,18,40.370631
6.868186,18,40.377488
6.934497,18,40.383721
7.0561914,18,40.390258
6.81648,18,40.396435
6.981235,18,40.402871
7.147074,18,40.409169
6.866238,18,40.415338
7.074257,18,40.421924
6.9654665,18,40.428304
6.8765745,18,40.434507
6.9552507,18,40.441152
6.401141,18,40.447574
6.900602,18,40.840618
7.065948,18,40.846905
6.9914007,18,40.853498
6.9807987,18,40.859924
7.090762,18,40.866174
6.960433,18,40.872874
6.8764243,18,40.879074
7.1224823,18,40.885382
6.910292,18,40.891962
6.627546,18,40.900758
6.956195,18,40.90734
7.1179266,18,40.913708
6.9132476,18,40.920057
6.830864,18,40.926495
6.6698804,18,41.31865
7.109831,18,41.326066
6.9325747,18,41.332209
6.8824286,18,41.338643
6.9453306,18,41.345012
6.8068585,18,41.351152
7.0217085,18,41.357549
7.0278373,18,41.363969
6.961836,18,41.37046
7.01913,18,41.376875
7.1897984,18,41.383126
6.882985,18,41.389504
6.899991,18,41.395717
7.051613,18,41.401966
6.910327,18,41.408175
7.0550885,18,42.061861
6.97577,18,42.068534
6.944438,18,42.077073
6.9567633,18,42.083559
7.058163,18,42.089887
6.989075,18,42.098892
6.9482174,18,42.105571
6.912511,18,42.112074
6.6976027,18,42.118489
7.0637684,18,42.125247
6.9864483,18,42.131582
6.895481,18,42.138347
7.0599637,18,42.144569
6.747259,18,42.150646
6.797051,18,42.559317
7.013606,18,42.566438
6.677408,18,42.628223
7.078377,18,42.634637
7.0161304,18,42.641376
6.763547,18,42.647981
6.9198127,18,42.654462
6.600297,18,42.660786
7.029796,18,42.667588
6.833185,18,42.674358
7.0670843,18,42.681111
7.054933,18,42.687457
6.943949,18,42.693782
6.9182253,18,42.700307
7.073465,18,43.118722
6.9042783,18,43.125297
6.8700647,18,43.13152
6.8245707,18,43.137806
6.5627756,18,43.143888
6.974081,18,43.152497
6.945162,18,43.159096
7.0574884,18,43.165338
7.0446653,18,43.171641
6.9679832,18,43.177853
6.5998096,18,43.18405
6.989586,18,43.190345
6.8881783,18,43.196563
6.8751493,18,43.202799
6.9835687,18,43.591185
7.026509,18,43.597389
7.133622,18,43.603826
6.948035,18,43.610193
6.679663,18,43.616469
6.9453683,18,43.622757
7.0331936,18,43.628978
7.0150423,18,43.635282
7.0261364,18,43.641425
6.900095,18,43.647498
7.00976,18,43.653555
6.9965186,18,43.659668
6.9395776,18,43.665679
6.6407523,18,43.674784
7.0866523,18,43.681323
7.064068,18,44.070536
7.0286837,18,44.076975
6.9638906,18,44.083248
6.9702644,18,44.092256
6.9730787,18,44.09846
7.0490003,18,44.104938
7.0002713,18,44.111351
7.204949,18,44.117649
6.536334,18,44.124025
7.1228347,18,44.13022
7.1109195,18,44.136404
6.7745104,18,44.142418
6.8612723,18,44.148487
7.014878,18,44.15477
7.155176,18,44.539662
6.989855,18,44.545974
7.0736365,18,44.552233
6.996483,18,44.55851
6.783068,18,44.564742
7.056142,18,44.570998
6.93111,18,44.577185
7.135309,18,44.583337
7.0523767,18,44.589853
6.5816603,18,44.595991
6.891824,18,44.602056
7.02027,18,44.608125
6.9435673,18,44.616691
7.00255,18,44.622959
7.0097814,18,45.005848
7.0763416,18,45.01271
7.0844927,18,45.019247
6.765154,18,45.025564
7.0586863,18,45.034303
6.9792295,18,45.040861
7.1304417,18,45.047208
6.6819572,18,45.053683
7.1659765,18,45.060024
7.1103215,18,45.066231
7.1539955,18,45.072438
6.9229403,18,45.078514
7.035583,18,45.084526
7.047481,18,45.090595
7.0791745,18,45.474893
7.1565547,18,45.481196
6.7223883,18,45.487424
6.688159,18,45.493605
6.7459884,18,45.49974
6.9873567,18,45.505946
7.020096,18,45.512553
6.900334,18,45.518877
7.139956,18,45.525515
6.8428583,18,45.531856
7.0371184,18,45.53825
7.051231,18,45.544492
6.9725976,18,45.550713
7.0224943,18,45.556931
7.148289,18,45.944751
7.0771966,18,45.951225
7.029195,18,45.957541
7.052714,18,45.963783
7.1308556,18,45.970001
6.6820927,18,45.976213
6.660932,18,45.984979
7.0700803,18,45.991353
7.1784506,18,45.997526
7.0184393,18,46.003735
7.0384336,18,46.01008
7.035341,18,46.016194
7.161049,18,46.022737
7.0004396,18,46.02892
7.0139427,18,46.082679
7.0386,18,46.472341
6.7478075,18,46.478605
7.084278,18,46.484733
7.129526,18,46.490932
6.8404613,18,46.497082
7.1168833,18,46.503211
7.1411667,18,46.512232
6.909491,18,46.518427
7.011484,18,46.524566
6.836241,18,46.530645
7.124519,18,46.536858
7.016972,18,46.543045
7.1389627,18,46.549167
6.808921,18,46.555369
6.9908404,18,46.936213
7.0453753,18,46.942477
7.129703,18,46.948627
7.0460734,18,46.954799
6.8006334,18,46.960882
7.043029,18,46.966949
7.0459847,18,46.973109
6.9415464,18,46.979196
6.966975,18,46.985268
7.16889,18,46.991369
7.1147013,18,46.997434
7.0909414,18,47.003499
7.107557,18,47.010041
7.1421766,18,47.016126
7.1289105,18,47.401
7.1855083,18,47.407366
7.0704875,18,47.413486
7.19053,18,47.419609
7.082372,18,47.42574
7.0774136,18,47.431848
7.1496916,18,47.438031
6.9690237,18,47.444163
6.976969,18,47.450269
7.1556234,18,47.459292
7.0118713,18,47.465489
6.9826727,18,47.47167
6.993518,18,47.477777
7.27498,18,47.483876
7.0896516,18,47.867561
6.772922,18,47.877098
6.9661694,18,47.883612
6.966011,18,47.890035
6.859383,18,47.896447
7.14846,18,47.902808
7.075545,18,47.909221
7.1513834,18,47.915547
7.0760965,18,47.921898
7.0472245,18,47.928266
7.0767665,18,47.934577
7.202015,18,47.940961
6.972543,18,47.947297
7.0274153,18,47.953643
7.0299935,18,47.960028
6.778432,18,48.349918
7.0421376,18,48.356191
7.04053,18,48.36236
6.92869,18,48.368462
7.0977907,18,48.374593
7.0202365,18,48.380706
7.1196623,18,48.386802
7.1762943,18,48.394718
7.096983,18,48.402031
6.9213376,18,48.408458
7.067857,18,48.414754
7.134821,18,48.421061
7.124142,18,48.427314
7.1049037,18,48.433536
7.0825872,18,48.821034
7.057647,18,48.827347
6.676648,18,48.833519
7.0872765,18,48.839781
6.970927,18,48.845933
6.9903135,18,48.852031
7.1383557,18,48.889895
7.1293426,18,48.909202
7.098401,18,48.94504
7.072106,18,48.955499
7.1392217,18,48.975465
6.971649,18,48.98206
6.9967623,18,48.988382
7.164735,18,48.994496
7.067223,18,49.378866
7.054461,18,49.385136
7.07199,18,49.391338
7.053076,18,49.397498
7.097451,18,49.403716
7.2130213,18,49.40986
7.164604,18,49.415968
7.1812534,18,49.422125
7.0542116,18,49.428247
7.0825157,18,49.434348
7.0849924,18,49.440558
7.0430026,18,49.446667
7.1722126,18,49.454532
7.145827,18,49.461877
6.8371606,18,49.935154
7.0890584,18,49.941805
7.08264,18,49.95305
7.026239,18,50.016253
7.035659,18,50.075173
6.796735,18,50.104927
6.8798923,18,50.113325
7.195933,18,50.121531
7.074277,18,50.128379
7.180857,18,50.135076
6.7201734,18,50.141437
7.0931125,18,50.20598
7.044088,18,50.216722
7.2092924,18,50.224038
7.082849,18,50.664383
7.1008077,18,50.671647
7.15519,18,50.678814
7.045253,18,50.685318
7.188118,18,50.692071
6.716259,18,50.708251
7.0607963,18,50.71633
7.2184606,18,50.723542
7.0394316,18,50.730215
7.1292057,18,50.736825
7.157111,18,50.743512
7.13611,18,50.74991
7.125694,18,50.757023
6.956249,18,50.763585
7.2148137,18,50.770393
7.1346807,18,51.187511
7.11076,18,51.194092
7.0242696,18,51.200306
7.1476407,18,51.206709
7.181776,18,51.21303
7.146525,18,51.219385
7.2170134,18,51.228105
7.1440687,18,51.234419
7.0764403,18,51.240859
7.156332,18,51.247096
7.1036453,18,51.253487
7.2205105,18,51.259767
7.182796,18,51.26591
7.149774,18,51.27216
7.168176,18,51.675178
7.0698543,18,51.681703
7.092436,18,51.688134
7.104616,18,51.694745
7.1558685,18,51.700962
7.0989804,18,51.707665
6.8533163,18,51.713862
7.103178,18,51.720153
7.1171346,18,51.726602
7.0704455,18,51.732976
7.0223913,18,51.73937
7.1788983,18,51.747581
7.0984983,18,51.754813
7.0568094,18,51.761308
7.0494013,18,52.213127
7.0852647,18,52.219833
6.8748827,18,52.226433
7.180915,18,52.232753
7.1316013,18,52.239396
7.1666574,18,52.245588
7.117422,18,52.251761
6.906491,18,52.258322
7.2339544,18,52.264638
7.090149,18,52.272829
7.0895615,18,52.279656
7.1713433,18,52.285908
7.1293135,18,52.292144
7.1008058,18,52.298354
7.1991954,18,52.681358
7.1262407,18,52.688067
7.21261,18,52.696999
7.0523853,18,52.703295
7.154683,18,52.709507
7.1232843,18,52.715634
7.1291933,18,52.722133
7.078514,18,52.728486
7.2217455,18,52.734687
7.151755,18,52.74098
7.0355897,18,52.747204
7.0606546,18,52.753543
7.131886,18,52.759599
7.153611,18,52.765564
7.202374,18,52.77156
7.176627,18,53.15789
7.1372795,18,53.164163
7.1385403,18,53.170689
7.0552564,18,53.176943
6.8349566,18,53.183074
7.2275043,18,53.189257
7.1390557,18,53.195332
6.8635216,18,53.201378
6.7656116,18,53.208017
7.174129,18,53.21435
7.1970353,18,53.222345
7.127252,18,53.229197
6.9789486,18,53.235479
7.123337,18,53.241656
7.186488,18,53.627785
7.194158,18,53.636668
7.013887,18,53.643429
6.7195067,18,53.649717
6.7999187,18,53.655995
7.112695,18,53.662171
7.0199366,18,53.668366
7.0708246,18,53.674604
7.1796465,18,53.680755
7.1233473,18,53.687328
7.1723843,18,53.694145
6.9139433,18,53.700204
7.1437945,18,53.706231
6.9939504,18,53.712181
7.0500836,18,54.150962
7.1801167,18,54.159141
6.8843794,18,54.166316
7.1284018,18,54.173135
7.160962,18,54.179471
7.132427,18,54.185732
7.207412,18,54.192216
7.1472616,18,54.198615
7.120989,18,54.254376
7.1198096,18,54.261088
7.0868645,18,54.270065
7.1079006,18,54.276336
7.0794053,18,54.282476
7.2254477,18,54.288968
7.1445074,18,54.764238
6.9973087,18,54.770369
7.1349864,18,54.776328
7.1871147,18,54.782291
7.2090282,18,54.791102
7.2334204,18,54.797409
7.146692,18,54.803813
7.1175237,18,54.810213
7.1802483,18,54.816498
7.1432896,18,54.822699
7.1054244,18,54.828688
7.163393,18,54.834628
7.1622214,18,54.840603
6.898141,18,54.846529
7.136051,18,55.230541
7.1438317,18,55.237231
7.0652843,18,55.243419
7.2259245,18,55.249474
7.146608,18,55.255988
7.0797777,18,55.262232
7.136848,18,55.268432
7.164718,18,55.274453
7.200427,18,55.280419
7.023267,18,55.286439
7.0814447,18,55.292461
7.1074586,18,55.298431
7.0987067,18,55.304444
7.1076593,18,55.312895
7.1386385,18,55.319306
7.1865215,18,55.717605
7.027448,18,55.724882
7.166851,18,55.733703
7.211812,18,55.7404
7.1239266,18,55.747098
7.194084,18,55.753622
7.118858,18,55.760266
7.074152,18,55.766579
7.265891,18,55.773331
7.152713,18,55.779644
7.2118692,18,55.787247
6.9933796,18,55.794109
7.110431,18,55.800121
7.184361,18,55.806576
7.1571484,18,56.199755
7.1601853,18,56.206564
7.1546392,18,56.212913
7.0741024,18,56.219415
7.007212,18,56.225572
7.156663,18,56.231614
7.1695604,18,56.237817
7.1828895,18,56.244045
7.135807,18,56.252713
7.117615,18,56.259117
7.0133133,18,56.265257
7.1818266,18,56.271554
7.129022,18,56.27767
7.0762944,18,56.283675
7.122632,18,56.706562
7.23972,18,56.713221
7.131904,18,56.719714
6.790799,18,56.726155
7.09796,18,56.732966
7.1716137,18,56.739274
7.200672,18,56.745774
6.9916573,18,56.754519
7.1243687,18,56.760968
6.8441763,18,56.767333
7.214893,18,56.773753
7.144096,18,56.781697
7.1834626,18,56.788309
7.2095118,18,56.794817
7.207458,18,57.234101
7.1683517,18,57.240829
7.1350627,18,57.247455
7.1691246,18,57.254214
7.1504593,18,57.260756
7.2144604,18,57.267129
7.133111,18,57.273842
7.1352677,18,57.282041
7.240639,18,57.288281
7.0815015,18,57.294875
7.2507734,18,57.30135
7.159032,18,57.31071
7.155993,18,57.31706
7.1868954,18,57.3238
7.209275,18,57.330165
7.0747204,18,57.735501
7.1744614,18,57.742182
7.1205635,18,57.748261
7.1522703,18,57.754562
7.0328574,18,57.760555
7.030271,18,57.766509
7.150029,18,57.77325
6.900683,18,57.779542
7.1640654,18,57.785824
7.242466,18,57.792379
7.1631823,18,57.798633
7.2770643,18,57.804913
7.2105374,18,57.811158
7.181855,18,57.817336
7.1460357,18,58.292055
7.1231933,18,58.298342
7.207593,18,58.304576
7.100918,18,58.310745
7.1986437,18,58.316906
7.1731663,18,58.374661
7.1702075,18,58.381127
7.2057257,18,58.387813
7.0727377,18,58.394116
6.934457,18,58.400346
7.187521,18,58.406617
7.145411,18,58.412808
7.165166,18,58.419009
7.1721635,18,58.425186
7.19554,18,58.807005
7.217062,18,58.81326
7.185828,18,58.819727
7.002508,18,58.826179
6.966246,18,58.83249
7.2774196,18,58.839107
7.2137027,18,58.845425
7.1881566,18,58.851635
7.22776,18,58.857882
7.2345695,18,58.86407
7.191416,18,58.870295
7.1057343,18,58.87647
7.147645,18,58.884355
6.871293,18,58.891166
7.106263,18,59.271901
7.1977873,18,59.278352
7.139832,18,59.284634
7.165935,18,59.29114
7.1511903,18,59.297335
7.202402,18,59.306027
7.2592983,18,59.312404
7.1713457,18,59.318752
7.162303,18,59.324963
7.191847,18,59.33102
7.211573,18,59.337326
7.0827417,18,59.343648
7.138304,18,59.349907
7.1336527,18,59.356185
7.226977,18,59.742548
7.1809797,18,59.749286
7.193795,18,59.756643
7.2147937,18,59.763201
7.171607,18,59.769681
7.187454,18,59.77617
7.193284,18,59.782931
7.1448436,18,59.789909
7.12305,18,59.79637
7.1384788,18,59.802862
7.030387,18,59.808982
7.2178965,18,59.814947
7.0872245,18,59.821335
7.2241497,18,59.830085
7.176961,18,59.836509
7.157915,18,60.232095
7.140725,18,60.238398
6.8912964,18,60.244511
7.162893,18,60.25341
7.2043366,18,60.259565
7.0779037,18,60.265678
7.105669,18,60.272026
7.1668196,18,60.278351
6.828971,18,60.284645
7.1909194,18,60.291021
7.1955686,18,60.297047
7.196064,18,60.303198
7.052843,18,60.309319
7.129729,18,60.315395
7.186554,18,60.699531
7.149458,18,60.706397
7.066971,18,60.712789
7.186734,18,60.719112
7.069075,18,60.725423
7.1499643,18,60.731699
7.2226143,18,60.738255
7.1740656,18,60.744476
7.264989,18,60.750591
7.196191,18,60.756738
7.1746755,18,60.762836
7.1701107,18,60.768936
7.2143297,18,60.775051
7.18984,18,60.783715
7.2118173,18,61.169375
7.2393346,18,61.175884
7.2526183,18,61.182203
7.1879215,18,61.188477
7.1811876,18,61.196908
7.2243814,18,61.203046
7.1199107,18,61.209059
7.2213793,18,61.214999
7.17133,18,61.221381
7.1522408,18,61.227698
7.166647,18,61.233909
7.1664815,18,61.239978
7.118307,18,61.24591
7.2690244,18,61.251845
7.1382995,18,61.631806
7.247841,18,61.638515
7.1863813,18,61.644887
7.244302,18,61.65114
7.1452074,18,61.657418
7.1640215,18,61.663689
7.201083,18,61.670189
7.234016,18,61.676218
7.162163,18,61.682177
7.1583676,18,61.688354
7.1877403,18,61.69453
7.134787,18,61.70066
7.175623,18,61.706824
7.130118,18,61.712765
7.1958528,18,61.72031
7.2155457,18,62.099854
7.1093626,18,62.106303
7.163357,18,62.163064
7.153991,18,62.169425
7.1553125,18,62.176101
7.1896367,18,62.182521
7.123083,18,62.188867
7.2017303,18,62.195166
7.184439,18,62.201438
7.172144,18,62.207715
7.251549,18,62.213949
7.1404386,18,62.220203
7.206002,18,62.226471
7.2045326,18,62.232707
7.1978207,18,62.613692
7.209764,18,62.620186
7.2300353,18,62.626532
7.2318525,18,62.632784
7.2154865,18,62.639413
7.18423,18,62.645769
7.2453847,18,62.652024
7.2334023,18,62.658327
7.145232,18,62.664588
7.1205916,18,62.670941
7.1867304,18,62.679642
7.240749,18,62.685698
7.102385,18,62.691722
7.253009,18,62.697611
7.179945,18,63.078662
7.2728486,18,63.084791
7.194406,18,63.091201
7.18205,18,63.10034
7.1857285,18,63.106765
7.225081,18,63.113017
6.9737625,18,63.119336
7.171539,18,63.125397
7.208271,18,63.131336
7.147665,18,63.137305
7.1603546,18,63.14326
7.1671615,18,63.149157
7.2736096,18,63.15548
7.235132,18,63.161625
7.1822796,18,63.544147
7.283574,18,63.550556
7.1924787,18,63.556992
7.0841103,18,63.563094
7.136941,18,63.569436
7.253209,18,63.575723
7.2494974,18,63.581868
7.230709,18,63.588002
7.1571918,18,63.594087
7.224693,18,63.60016
6.9006743,18,63.606338
6.9627824,18,63.612328
7.1848774,18,63.619949
7.2049484,18,63.627352
7.245421,18,64.010691
7.20757,18,64.01696
6.8724895,18,64.023013
7.282926,18,64.028993
7.3015704,18,64.035113
7.1596656,18,64.043388
7.1584444,18,64.050376
7.2067256,18,64.056748
7.0139546,18,64.063027
7.1914077,18,64.069365
7.192418,18,64.075488
7.209941,18,64.081453
7.3196616,18,64.087642
7.1317596,18,64.093903
7.2481604,18,64.100148
7.223051,18,64.495966
7.224339,18,64.502419
7.303017,18,64.509103
7.2186036,18,64.515444
7.2077208,18,64.521814
7.268639,18,64.528038
7.17911,18,64.534197
7.284644,18,64.540879
7.213502,18,64.54725
7.1797924,18,64.553584
7.173051,18,64.55987
7.2378407,18,64.568161
7.192304,18,64.574983
7.2431755,18,64.581278
7.267794,18,64.981129
7.2453184,18,64.989891
7.2373543,18,64.997986
7.2485766,18,65.004465
7.217986,18,65.011126
7.2969503,18,65.017327
7.21097,18,65.023878
7.193944,18,65.030268
7.154757,18,65.036546
7.2278256,18,65.043152
7.188093,18,65.049452
7.2053013,18,65.055938
7.222714,18,65.062445
7.176745,18,65.068859
7.1928535,18,65.563368
7.2103596,18,65.570445
7.1710625,18,65.576854
7.3158464,18,65.583022
7.193512,18,65.589183
7.220091,18,65.59534
7.294379,18,65.60145
7.0036325,18,65.607572
7.2535663,18,65.613687
7.0626755,18,65.619855
7.1638255,18,65.628018
7.2516985,18,65.634953
7.204979,18,65.641209
7.266711,18,65.647386
7.2632437,18,66.078365
7.2190948,18,66.084706
7.2256827,18,66.091392
7.309458,18,66.097719
7.1742826,18,66.104315
6.9317937,18,66.110638
7.1232038,18,66.116821
7.323128,18,66.123082
7.243443,18,66.129239
7.235476,18,66.135665
7.2896514,18,66.141886
7.275865,18,66.147954
6.83412,18,66.15628
7.2285123,18,66.16239
7.245194,18,66.168474
7.3031397,18,66.551247
7.2898183,18,66.557605
7.234594,18,66.563587
7.202639,18,66.569718
6.947195,18,66.578652
7.191618,18,66.585095
6.991848,18,66.591663
7.2729363,18,66.598018
7.314425,18,66.604387
7.318941,18,66.61043
6.8873177,18,66.616365
7.2047787,18,66.622407
7.1588416,18,66.628351
7.294189,18,66.63427
7.200835,18,67.0166
7.2964745,18,67.023147
7.2263384,18,67.029193
7.3225307,18,67.035163
7.199196,18,67.041162
7.136495,18,67.047084
7.2055182,18,67.053244
7.212058,18,67.059546
7.2071075,18,67.065796
7.281904,18,67.071932
7.3009877,18,67.077893
7.268113,18,67.083793
7.1987915,18,67.090253
7.2580023,18,67.096419
7.328863,18,67.480744
7.2186937,18,67.487275
7.2601986,18,67.493316
7.3122168,18,67.499261
7.2905574,18,67.505485
7.2399387,18,67.511863
7.2247667,18,67.52053
7.290531,18,67.526976
7.2533727,18,67.532879
7.2747936,18,67.539386
7.2899504,18,67.545757
7.303757,18,67.552059
7.2314134,18,67.558352
7.250109,18,67.564619
7.2838173,18,67.953602
7.2523503,18,67.960059
7.238384,18,67.966355
7.21093,18,67.972881
7.1599846,18,67.978989
7.255567,18,67.98499
7.2773075,18,67.991037
7.322792,18,67.997052
7.3262815,18,68.003087
7.212338,18,68.009473
7.2020435,18,68.015786
7.2858305,18,68.022134
7.255553,18,68.0284
7.227218,18,68.034635
7.166141,18,68.443087
7.263361,18,68.449938
7.296574,18,68.458741
7.1208043,18,68.464941
7.275194,18,68.47147
7.161397,18,68.477814
7.212158,18,68.484068
7.2843075,18,68.490373
7.3286505,18,68.496585
7.2996573,18,68.50297
7.1500125,18,68.509462
7.2021575,18,68.515686
7.0071177,18,68.52191
7.2867875,18,68.528126
7.2984514,18,68.534302
7.273057,18,68.920477
7.2612166,18,68.927079
7.137219,18,68.933458
7.3505282,18,68.93987
7.345767,18,68.946163
7.235126,18,68.952715
7.3005447,18,68.959518
7.0337753,18,68.96577
7.1915016,18,68.972465
7.357836,18,68.981697
7.2593517,18,68.988127
7.2526455,18,68.994833
7.3594522,18,69.001306
7.382937,18,69.007558
7.0851736,18,69.411983
7.2068596,18,69.418358
7.2685432,18,69.424789
7.2683005,18,69.43092
7.008881,18,69.43743
7.338889,18,69.443831
7.132221,18,69.45013
7.265724,18,69.456435
7.314536,18,69.462702
7.278545,18,69.469028
7.2478085,18,69.475443
7.3398333,18,69.532931
7.3340435,18,69.539446
7.2300224,18,69.545803
7.3717275,18,70.034554
6.9574885,18,70.04127
7.300436,18,70.047625
7.215941,18,70.054146
7.318116,18,70.06019
7.308991,18,70.066123
7.308888,18,70.072403
7.290236,18,70.078663
7.284355,18,70.084857
7.151844,18,70.091092
6.9718466,18,70.097267
7.348452,18,70.103813
7.315771,18,70.110091
6.9394717,18,70.116235
7.336583,18,70.520158
7.211432,18,70.527036
7.3031797,18,70.533316
7.2841415,18,70.540054
7.3280687,18,70.549093
7.2289157,18,70.555603
7.225883,18,70.561855
7.2986026,18,70.568
7.2897434,18,70.574152
7.2409315,18,70.580285
7.2915344,18,70.586602
7.33753,18,70.592986
7.280365,18,70.599255
7.244437,18,70.605574
7.298284,18,70.611822
7.231349,18,70.999239
7.244157,18,71.005857
7.3502455,18,71.012117
7.27081,18,71.018059
7.2267942,18,71.024083
7.1963506,18,71.029998
7.3687468,18,71.036262
7.382657,18,71.042747
7.3342247,18,71.049032
7.2755,18,71.055345
7.21902,18,71.061567
7.333093,18,71.067751
7.0447226,18,71.076228
7.377963,18,71.082453
6.9609184,18,71.469762
6.879649,18,71.476659
7.2833915,18,71.483438
6.9727893,18,71.491703
7.3735194,18,71.500009
7.1322565,18,71.50665
6.9968505,18,71.513616
7.3041034,18,71.519982
7.29622,18,71.52646
7.358714,18,71.532795
7.303073,18,71.539446
7.3696256,18,71.546041
7.241908,18,71.552453
7.2645373,18,71.558886
7.250895,18,71.942898
7.3845363,18,71.949292
7.301327,18,71.955649
7.3268094,18,71.961961
7.2402563,18,71.968314
7.3858194,18,71.974618
7.2669544,18,71.980572
7.248338,18,71.987245
7.283796,18,71.993907
7.342157,18,72.001865
7.249441,18,72.008998
7.328941,18,72.018985
7.356361,18,72.026177
7.2928023,18,72.032927
7.30896,18,72.415483
7.3426905,18,72.421776
7.3108373,18,72.427997
7.1490736,18,72.436791
7.278423,18,72.443622
7.373416,18,72.449971
7.366849,18,72.456278
7.3273554,18,72.462392
7.3387823,18,72.46852
7.329852,18,72.474732
7.326688,18,72.480872
7.277079,18,72.487042
7.342916,18,72.493612
7.285909,18,72.4998
7.2152605,18,72.93596
7.397761,18,72.951376
7.3180165,18,72.964798
7.056505,18,72.972476
7.2947483,18,72.984106
7.2704473,18,72.992078
7.1452966,18,73.005676
7.451931,18,73.015768
7.1917534,18,73.025531
7.302443,18,73.032308
7.3543153,18,73.048074
7.3011603,18,73.057828
7.3314176,18,73.071862
7.0850005,18,73.078852
7.388856,18,73.086557
7.365629,18,73.692974
7.271163,18,73.699287
7.3337784,18,73.705551
7.33697,18,73.711855
7.21694,18,73.717907
7.3098006,18,73.728095
7.3572307,18,73.734584
7.4134083,18,73.741452
7.352864,18,73.747894
7.26041,18,73.805511
7.2920194,18,73.812235
7.30111,18,73.818551
7.2460318,18,73.82546
7.3336215,18,73.834321
7.364582,18,74.23557
7.331042,18,74.24214
7.321549,18,74.248489
7.2690215,18,74.257514
7.4210153,18,74.264037
7.3889904,18,74.270713
7.3093295,18,74.277094
7.3750267,18,74.283283
7.238031,18,74.289852
7.355995,18,74.296181
7.3160524,18,74.302393
7.1736655,18,74.308691
7.311729,18,74.314916
7.369723,18,74.321429
7.353016,18,74.705819
7.346653,18,74.712234
7.3980174,18,74.718533
7.3729534,18,74.724843
7.272153,18,74.731117
7.299391,18,74.737728
7.347012,18,74.74412
7.2710457,18,74.750341
7.243816,18,74.756607
7.372829,18,74.762826
7.393798,18,74.769019
7.350859,18,74.777271
7.3230515,18,74.78396
7.354778,18,74.790324
6.984052,18,75.18143
7.3855376,18,75.188116
7.375575,18,75.194456
7.3655596,18,75.203528
7.377323,18,75.210331
7.329759,18,75.216745
7.18762,18,75.22334
7.3464236,18,75.229717
7.4195666,18,75.236025
7.3424954,18,75.242534
6.8626037,18,75.248878
7.3905997,18,75.255253
7.3541203,18,75.26158
7.3704324,18,75.267849
7.296971,18,75.274486
7.287265,18,75.666425
7.378403,18,75.672526
7.4335303,18,75.678447
7.1009026,18,75.68495
7.091066,18,75.691389
7.329541,18,75.697721
7.3526196,18,75.704032
7.390883,18,75.710289
7.3043275,18,75.716508
7.359467,18,75.722629
7.359489,18,75.731029
7.366139,18,75.737338
7.394897,18,75.743382
7.343678,18,75.749305
7.294208,18,76.138513
7.3247213,18,76.145351
7.4272227,18,76.153355
7.2547774,18,76.161419
7.074744,18,76.167558
7.3558536,18,76.173706
7.2365146,18,76.180573
7.021704,18,76.187058
7.302533,18,76.193809
7.2353444,18,76.200138
7.338423,18,76.206465
7.3368444,18,76.212908
7.3560395,18,76.219234
7.3395214,18,76.226164
7.4461775,18,76.625758
7.2947507,18,76.632088
7.3098335,18,76.638348
7.3802743,18,76.644588
7.4208703,18,76.650805
7.380805,18,76.657264
7.351095,18,76.663361
7.426273,18,76.669347
7.4003057,18,76.675311
7.3822446,18,76.683292
7.147557,18,76.689931
7.3010597,18,76.696166
7.2421985,18,76.702392
7.359644,18,76.708593
7.4138756,18,77.115408
7.3433585,18,77.121833
7.252609,18,77.127998
7.3480263,18,77.134155
7.354361,18,77.140278
7.3393493,18,77.146416
7.362923,18,77.152541
7.386744,18,77.158625
7.269382,18,77.164712
7.3283253,18,77.170794
7.2927094,18,77.17689
7.148582,18,77.182946
7.3613095,18,77.18903
7.4036846,18,77.195079
7.2971106,18,77.592868
7.3165283,18,77.625451
7.3482,18,77.674855
7.0091605,18,77.702436
7.3706446,18,77.720887
7.2927628,18,77.731964
7.323736,18,77.748702
7.391463,18,77.814511
7.3657,18,77.822527
7.3920054,18,77.829069
7.4332647,18,77.83591
7.124167,18,77.842287
7.3283606,18,77.849349
7.2631025,18,77.855822
7.396114,18,77.862358
7.2294483,18,78.298992
7.0354695,18,78.30607
7.3129587,18,78.31261
7.4433994,18,78.319233
7.2887473,18,78.325873
7.269044,18,78.33247
7.379761,18,78.339409
7.406262,18,78.345969
7.4129677,18,78.352964
7.3640137,18,78.359706
7.3562083,18,78.36966
7.4226613,18,78.376084
7.369727,18,78.382439
7.3505197,18,78.389357
7.418981,18,78.83088
7.3197074,18,78.837612
7.36426,18,78.844114
7.2591677,18,78.851227
7.350571,18,78.858195
7.3902574,18,78.865202
7.406369,18,78.872204
7.3813095,18,78.878809
7.3133693,18,78.886052
7.3329163,18,78.89233
7.2977977,18,78.90159
7.2944193,18,78.907757
7.381165,18,78.914304
7.4112854,18,78.92279
7.370943,18,79.453964
7.3621597,18,79.469394
7.404613,18,79.48211
7.3832664,18,79.490024
7.379295,18,79.498988
7.281814,18,79.505672
7.363556,18,79.512277
7.376017,18,79.519331
7.3118873,18,79.526088
7.283687,18,79.533578
7.3722477,18,79.540307
7.4085608,18,79.547281
7.390772,18,79.554045
7.3524733,18,79.56061
7.321044,18,79.992548
7.3111243,18,79.999504
7.344321,18,80.006209
7.3174934,18,80.012604
7.316954,18,80.019036
7.42125,18,80.030173
7.3516355,18,80.036705
7.326383,18,80.04281
7.3289537,18,80.049009
7.357449,18,80.055896
7.2779365,18,80.062286
7.3776045,18,80.06912
7.357679,18,80.075231
7.356811,18,80.081366
7.3107505,18,80.087693
7.290808,18,80.528634
7.3777475,18,80.535321
7.4277377,18,80.541666
7.3148813,18,80.547844
7.308095,18,80.556272
7.3217897,18,80.562929
7.3805695,18,80.569476
7.3398333,18,80.57574
7.3490605,18,80.581934
6.990078,18,80.589269
7.371822,18,80.595837
7.424164,18,80.602358
7.351477,18,80.608404
7.3203115,18,80.614544
7.3930736,18,81.167445
7.4199576,18,81.174349
7.338633,18,81.180863
7.4156165,18,81.187477
7.3797665,18,81.193981
7.4520555,18,81.202009
7.3202043,18,81.208248
7.3391333,18,81.214439
7.39969,18,81.220647
7.2762265,18,81.226858
7.3844333,18,81.233894
7.0304556,18,81.240184
7.376454,18,81.248453
7.4286294,18,81.254785
7.3273253,18,81.71577
7.3585296,18,81.722479
7.404512,18,81.730917
7.0883813,18,81.737541
7.376594,18,81.743996
7.388536,18,81.752467
7.387222,18,81.759082
7.3762445,18,81.765493
7.3725057,18,81.771937
7.446284,18,81.77887
7.348621,18,81.785492
7.3219237,18,81.791907
7.3254113,18,81.798326
7.410482,18,81.804848
7.3732285,18,82.421433
7.403957,18,82.428064
7.371362,18,82.435239
7.400786,18,82.442484
7.374442,18,82.503662
7.337369,18,82.514411
7.0282063,18,82.526159
7.175431,18,82.536435
7.370003,18,82.543614
7.401314,18,82.550473
7.425984,18,82.557953
7.4184213,18,82.565239
7.398113,18,82.572331
7.370377,18,82.579785
7.411819,18,82.98752
7.42573,18,82.993958
7.3722115,18,83.000194
7.08695,18,83.007218
7.439174,18,83.013447
7.431007,18,83.019884
7.411327,18,83.026746
7.4325905,18,83.033039
7.377422,18,83.039673
7.3527546,18,83.048427
7.3741994,18,83.054961
7.0519195,18,83.061334
7.3153663,18,83.067405
7.4434114,18,83.073756
7.4319863,18,83.079974
7.3946233,18,83.480945
7.0247135,18,83.487565
7.379297,18,83.493905
7.4184957,18,83.500135
7.3720703,18,83.506396
7.396085,18,83.512582
7.3084936,18,83.518818
7.087853,18,83.525045
7.2569127,18,83.531212
7.4279284,18,83.537414
7.409757,18,83.543555
7.410685,18,83.549626
7.435881,18,83.556357
7.3896427,18,83.562803
7.424995,18,83.949133
7.2424273,18,83.955638
7.3957286,18,83.961946
7.3549166,18,83.968381
7.398874,18,83.974809
7.428553,18,83.983615
7.44194,18,83.989916
7.3848596,18,83.99596
7.383965,18,84.001984
7.3310084,18,84.008026
7.385217,18,84.014042
7.4204774,18,84.020268
7.374358,18,84.026571
7.417019,18,84.032734
7.3894653,18,84.422799
7.381726,18,84.429255
7.4019656,18,84.435583
7.4704404,18,84.441949
7.3925195,18,84.448229
7.3053174,18,84.454918
7.3891354,18,84.461295
7.348007,18,84.467525
7.3944855,18,84.474138
7.370661,18,84.480455
7.3717046,18,84.486958
7.3891563,18,84.49306
7.4053826,18,84.498986
7.386128,18,84.507598
7.424512,18,84.897251
7.404339,18,84.90345
7.416569,18,84.909583
7.4116025,18,84.915643
7.4152985,18,84.923801
7.4102516,18,84.93204
7.385341,18,84.938585
7.2736645,18,84.945626
7.09497,18,84.95212
7.4196267,18,84.958673
7.286038,18,84.964985
7.2058916,18,84.971589
7.45213,18,84.977893
7.4338603,18,84.98411
7.417686,18,84.99049
7.386172,18,85.377666
7.346958,18,85.383644
7.3534155,18,85.389669
7.432919,18,85.395654
6.7177167,18,85.401587
7.385032,18,85.407563
7.338007,18,85.413501
7.0725083,18,85.419457
7.4080157,18,85.42542
7.260347,18,85.43134
7.4054866,18,85.437322
7.400027,18,85.443284
7.3902736,18,85.452146
7.3580394,18,85.458571
7.0887713,18,85.853506
7.4104896,18,85.860035
7.3260155,18,85.866351
7.4154973,18,85.875261
7.401403,18,85.881532
7.4561486,18,85.887779
7.426372,18,85.89391
7.369573,18,85.899959
7.4328265,18,85.906092
7.414995,18,85.912164
7.0827384,18,85.918163
7.432092,18,85.924269
7.4198794,18,85.93043
7.424175,18,85.936979
7.423112,18,86.323643
7.4061136,18,86.378595
7.3710265,18,86.384921
7.323576,18,86.391188
7.4319844,18,86.399912
7.4518795,18,86.406231
7.4181547,18,86.41229
7.2955503,18,86.418329
7.3607287,18,86.42438
7.4402843,18,86.430332
7.3896127,18,86.436319
7.39982,18,86.442339
7.3764076,18,86.448305
7.4332604,18,86.454315
7.100405,18,86.843498
7.4322114,18,86.849715
7.441509,18,86.855798
7.3770995,18,86.861799
7.388366,18,86.867755
7.433309,18,86.873797
7.435992,18,86.879753
7.3976865,18,86.88576
7.437,18,86.891753
7.4304976,18,86.8977
7.3320284,18,86.903695
7.369635,18,86.909722
7.255135,18,86.915633
7.4403453,18,86.921637
7.447843,18,87.302878
7.39265,18,87.309204
7.424107,18,87.31525
7.354933,18,87.321367
7.3953,18,87.327432
7.4169393,18,87.333445
7.395369,18,87.339537
7.397385,18,87.347887
7.4081273,18,87.3544
7.42856,18,87.360654
7.422602,18,87.366767
7.4356017,18,87.372947
7.1216254,18,87.379085
7.3362594,18,87.385175
7.438311,18,87.391296
7.360885,18,87.77776
7.4192996,18,87.783886
7.359893,18,87.789945
7.34952,18,87.795951
7.2658334,18,87.801926
7.365599,18,87.807947
7.446181,18,87.813881
7.3550606,18,87.819834
7.393649,18,87.825811
7.412399,18,87.831741
7.4287086,18,87.837762
7.392945,18,87.843714
7.4488378,18,87.849637
7.4335704,18,87.855642
7.4550233,18,88.252781
7.419824,18,88.259619
7.4020023,18,88.266063
7.45451,18,88.272664
7.4035354,18,88.278899
7.4358697,18,88.285
7.448442,18,88.291168
7.460481,18,88.297126
7.4453673,18,88.305481
7.3461328,18,88.312089
7.458751,18,88.318171
7.390674,18,88.324832
7.4072766,18,88.331113
7.431353,18,88.337354
7.4699426,18,88.736321
7.39936,18,88.742625
7.4438844,18,88.748674
7.4109178,18,88.754778
7.3932548,18,88.760791
7.414972,18,88.766714
7.441666,18,88.773413
7.4328513,18,88.780166
7.405274,18,88.786557
7.4354453,18,88.792883
7.3887134,18,88.799137
7.446439,18,88.805454
7.462214,18,88.811657
7.4395337,18,88.817785
7.3914485,18,89.302388
7.3611946,18,89.309556
7.421246,18,89.31592
7.405231,18,89.322167
7.420363,18,89.328396
7.437568,18,89.334548
7.452811,18,89.340807
7.3476477,18,89.346961
7.442182,18,89.353149
7.343863,18,89.361863
7.3529725,18,89.368217
7.402969,18,89.374378
7.4285846,18,89.38044
7.3643413,18,89.386503
7.3438563,18,89.392529
7.411141,18,89.795063
7.4755025,18,89.801388
7.415579,18,89.808127
7.414333,18,89.814324
7.3222265,18,89.821059
7.4372287,18,89.827375
7.464169,18,89.83361
7.4516406,18,89.839958
7.4536195,18,89.846134
7.3714547,18,89.852265
7.376032,18,89.858964
7.4063463,18,89.865166
7.407122,18,89.92386
7.2689257,18,89.930239
7.454044,18,90.318195
7.4558597,18,90.324683
7.423368,18,90.330971
7.430218,18,90.337295
7.2542067,18,90.343589
7.37756,18,90.349837
7.457524,18,90.35619
7.311924,18,90.362414
7.4531045,18,90.368624
7.445123,18,90.375786
7.4261894,18,90.382344
7.3863015,18,90.388821
7.424221,18,90.395066
7.420154,18,90.401316
7.381429,18,90.800742
7.4613576,18,90.807261
7.4136424,18,90.813633
7.4310393,18,90.819978
7.4592605,18,90.826304
7.4414487,18,90.832596
7.4792705,18,90.841603
7.4406343,18,90.847823
7.459741,18,90.853922
7.4616704,18,90.859985
7.410581,18,90.865922
7.141318,18,90.872001
7.416763,18,90.878018
7.4549575,18,90.883952
7.183528,18,91.28259
7.477288,18,91.28934
7.4210334,18,91.29624
7.4235773,18,91.302654
7.4481006,18,91.308805
7.3991733,18,91.31482
7.3955503,18,91.321245
7.4126887,18,91.328123
7.4966025,18,91.334424
7.463676,18,91.341076
7.4686866,18,91.347408
7.4631553,18,91.353641
7.4413476,18,91.360242
6.854131,18,91.368811
7.322424,18,91.763115
7.4550757,18,91.769858
7.4540896,18,91.776559
7.467845,18,91.785339
7.3526797,18,91.79243
7.4759088,18,91.798708
7.3634906,18,91.804944
7.4412313,18,91.81114
7.4993176,18,91.817276
7.486236,18,91.82381
7.452825,18,91.830192
7.4577184,18,91.836529
7.1168256,18,91.843048
7.467088,18,91.849376
7.419925,18,91.855818
7.4218116,18,92.261037
7.2152786,18,92.267446
7.4269805,18,92.274504
7.4336524,18,92.280795
7.453688,18,92.286918
7.3763127,18,92.293051
7.4095645,18,92.299119
7.357655,18,92.305428
7.438776,18,92.311686
7.250549,18,92.320779
7.381085,18,92.327452
7.478626,18,92.333762
7.43438,18,92.340306
7.474628,18,92.346585
7.4629188,18,92.751558
7.395124,18,92.758356
7.448956,18,92.764743
7.4743733,18,92.771351
7.436472,18,92.777681
7.4305277,18,92.783868
7.4611716,18,92.790759
7.1343436,18,92.796952
7.4467006,18,92.803277
7.453266,18,92.80968
7.486529,18,92.81601
7.456306,18,92.822456
7.469402,18,92.828842
7.4332447,18,92.835135
7.429608,18,93.221731
7.474795,18,93.228115
7.4555306,18,93.234383
7.4848804,18,93.240683
7.4440947,18,93.246947
7.4487624,18,93.253221
7.4576707,18,93.259467
7.373878,18,93.268442
7.423263,18,93.274953
7.470208,18,93.281227
7.437135,18,93.287467
7.4715457,18,93.293656
7.473451,18,93.299759
7.5009227,18,93.306023
7.427615,18,93.804862
7.504438,18,93.811169
7.4699063,18,93.817307
7.4465833,18,93.823756
7.4290853,18,93.829795
7.482553,18,93.835793
7.442112,18,93.841848
7.47977,18,93.847793
7.329455,18,93.854021
7.385183,18,93.860543
7.45188,18,93.917562
7.417174,18,93.924164
7.479917,18,93.930814
7.4788136,18,93.937211
7.443521,18,93.943511
7.446226,18,94.341431
7.443214,18,94.347759
7.4512143,18,94.35439
7.4657493,18,94.360547
7.4668317,18,94.366629
7.4497333,18,94.373323
7.4755006,18,94.379716
7.4393334,18,94.38608
7.4610476,18,94.392371
7.447849,18,94.398628
7.488771,18,94.405023
7.4705224,18,94.411135
7.5013566,18,94.41976
7.4474435,18,94.426062
7.1396527,18,94.822729
7.4766803,18,94.829004
7.4916253,18,94.835345
7.4836497,18,94.844747
7.193456,18,94.851246
7.495294,18,94.857599
7.495786,18,94.863759
7.45853,18,94.87
7.455725,18,94.876304
7.4650636,18,94.882557
7.3932385,18,94.888882
7.4947524,18,94.895107
7.390865,18,94.901366
7.452498,18,94.907946
7.48972,18,95.335021
7.395764,18,95.341803
7.417516,18,95.348116
7.480188,18,95.354581
7.501971,18,95.364552
7.453445,18,95.373201
7.449472,18,95.379194
7.4029665,18,95.385301
7.4734826,18,95.391777
7.48949,18,95.398079
7.4973884,18,95.404431
7.4623504,18,95.410844
7.466539,18,95.417117
7.4576764,18,95.423614
7.4521384,18,95.826719
7.4784207,18,95.833294
7.488651,18,95.840312
7.4624934,18,95.84667
7.501741,18,95.853013
7.4662805,18,95.859288
7.3920617,18,95.865433
7.501323,18,95.871871
7.4604135,18,95.878025
7.4781823,18,95.884049
7.452544,18,95.893036
7.472587,18,95.899156
7.495812,18,95.905558
7.502416,18,95.912074
7.3741126,18,96.302991
7.4846234,18,96.312066
7.5057654,18,96.318422
7.4432693,18,96.325109
7.4531283,18,96.331304
7.4994845,18,96.337789
7.445832,18,96.344697
7.3981733,18,96.351025
7.4874444,18,96.357539
7.5002303,18,96.364244
7.479961,18,96.370712
7.4620852,18,96.377149
7.4952054,18,96.383299
7.491052,18,96.389893
7.493034,18,96.396156
7.4040475,18,96.911966
7.4957986,18,96.918489
7.418778,18,96.924996
7.49519,18,96.931258
7.5048146,18,96.937816
7.4861627,18,96.946701
7.4802756,18,96.953115
7.4839587,18,96.959471
7.4862823,18,96.96572
7.485987,18,96.972105
7.4670024,18,96.978359
7.4747386,18,96.984572
7.504647,18,96.990879
7.516791,18,96.997091
7.4988847,18,97.431447
7.4868684,18,97.438024
7.4354815,18,97.444347
7.505712,18,97.450516
7.367799,18,97.456784
7.4158235,18,97.462905
7.4910765,18,97.471091
7.470612,18,97.478136
7.3825154,18,97.484171
7.4974866,18,97.490863
7.492718,18,97.497224
7.458468,18,97.503554
7.47035,18,97.509861
7.485826,18,97.516369
7.4787755,18,97.911293
7.498381,18,97.917373
7.458565,18,97.92347
7.4334254,18,97.929484
7.473714,18,97.935454
7.5008225,18,97.94148
7.4121213,18,97.947445
7.4658523,18,98.004777
7.5025992,18,98.011143
7.5057364,18,98.017467
7.496301,18,98.024048
7.4772687,18,98.030326
7.2819467,18,98.036589
7.5013366,18,98.042838
7.511125,18,98.433415
7.46991,18,98.44049
7.485171,18,98.446928
7.5056186,18,98.453346
7.4621563,18,98.459742
7.502319,18,98.466043
7.4755425,18,98.472496
7.4749885,18,98.47879
7.4723067,18,98.485083
7.481909,18,98.491846
7.4896064,18,98.498287
7.4662995,18,98.504709
7.4999757,18,98.511013
7.486824,18,98.517251
7.4970307,18,98.526055
7.4090075,18,98.921418
7.449065,18,98.927826
7.4921947,18,98.934086
7.4607997,18,98.940406
7.489821,18,98.949169
7.505717,18,98.955739
7.4755626,18,98.962066
7.5063357,18,98.968293
7.488165,18,98.974576
7.4478126,18,98.980754
7.1111913,18,98.987022
7.4831247,18,98.993229
7.428188,18,98.999403
7.1698847,18,99.005681
7.487722,18,99.407266
7.494821,18,99.414444
7.491895,18,99.422048
7.470053,18,99.428751
7.499849,18,99.43634
7.443936,18,99.442821
7.445922,18,99.449115
7.5121922,18,99.45539
7.469381,18,99.46392
7.451082,18,99.470941
7.4914217,18,99.477218
7.4936285,18,99.483372
7.451223,18,99.490115
7.4827323,18,99.496508
7.503022,18,100.010428
7.4747233,18,100.018273
7.4149694,18,100.025812
7.4450703,18,100.031975
7.4470944,18,100.038534
7.4891973,18,100.044896
7.4115343,18,100.050999
7.206636,18,100.057685
7.2161465,18,100.064102
7.412706,18,100.070438
7.487257,18,100.076968
7.4089313,18,100.083006
7.448538,18,100.089262
7.4403563,18,100.095404
7.470058,18,100.528881
7.40425,18,100.535371
7.4777355,18,100.544755
7.444564,18,100.550826
7.410415,18,100.557568
7.490175,18,100.564068
7.471287,18,100.570395
7.460764,18,100.576705
7.4658637,18,100.582904
7.4561234,18,100.589725
7.4530506,18,100.595848
7.39281,18,100.601823
7.4856024,18,100.608258
7.4560266,18,100.614859
7.4509664,18,101.025164
7.477474,18,101.031637
7.468442,18,101.037944
7.48829,18,101.044247
7.476864,18,101.050471
7.499615,18,101.056803
7.437302,18,101.065581
7.4385576,18,101.072713
7.428672,18,101.079098
7.3519278,18,101.08535
7.4725275,18,101.091945
7.412338,18,101.09822
7.5085015,18,101.104474
7.4210305,18,101.111163
7.4378815,18,101.11738
7.482872,18,101.534843
7.3978934,18,101.541764
7.4799633,18,101.548099
7.4159827,18,101.554399
7.440972,18,101.560653
7.458382,18,101.566836
7.3981037,18,101.573383
7.4232216,18,101.579542
7.4022765,18,101.585849
7.458905,18,101.594737
7.4571624,18,101.601096
7.4278383,18,101.607744
7.4391866,18,101.614052
7.4473104,18,101.620426
7.43641,18,102.028001
7.4959927,18,102.035371
7.103494,18,102.042446
7.484036,18,102.050668
7.479724,18,102.121171
7.459105,18,102.127805
7.4874763,18,102.135414
7.4230995,18,102.142556
7.411839,18,102.149754
7.496957,18,102.157611
7.3765564,18,102.164321
7.4890976,18,102.170851
7.4316397,18,102.177637
7.4448495,18,102.183868
7.2555814,18,102.589304
7.4780226,18,102.595715
7.393798,18,102.60202
7.4385686,18,102.60835
7.465616,18,102.614557
7.4462476,18,102.621091
7.418114,18,102.627287
7.452264,18,102.635753
7.4827027,18,102.642652
7.435466,18,102.648801
7.436954,18,102.655195
7.4605365,18,102.661238
7.451873,18,102.667225
7.4571,18,102.673939
7.4949226,18,103.077825
7.43805,18,103.084294
7.4478297,18,103.090835
7.478949,18,103.096917
7.4565363,18,103.10298
7.4333143,18,103.109105
7.468635,18,103.115103
7.412614,18,103.12165
7.485659,18,103.127974
7.46417,18,103.13422
7.487004,18,103.140535
7.430315,18,103.149008
7.493057,18,103.155913
7.5039086,18,103.162149
7.397002,18,103.168476
7.4783206,18,103.579419
7.509006,18,103.585655
7.463731,18,103.591814
7.465163,18,103.597843
7.40364,18,103.604245
7.4255857,18,103.610605
7.4570107,18,103.616804
7.5039096,18,103.623563
7.4622507,18,103.629697
7.5029483,18,103.63579
7.463861,18,103.642188
7.472053,18,103.648479
7.484045,18,103.65474
7.4664044,18,103.660728
7.506744,18,104.068217
7.1387143,18,104.075296
7.4919066,18,104.081796
7.4822817,18,104.088056
7.430941,18,104.096057
7.4609957,18,104.10318
7.5008283,18,104.109731
7.37119,18,104.115873
7.476886,18,104.122346
7.4139647,18,104.12869
7.425006,18,104.135064
7.48735,18,104.141348
7.4763846,18,104.147449
7.390392,18,104.154067
7.4675574,18,104.552868
7.4310393,18,104.559666
7.5021815,18,104.566298
7.440631,18,104.573091
7.4848013,18,104.579505
7.4798636,18,104.585827
7.498245,18,104.592289
7.3663225,18,104.598641
7.4736104,18,104.605032
7.512887,18,104.611272
7.487824,18,104.61745
7.4963284,18,104.626313
7.502851,18,104.632525
7.4516797,18,104.638748
7.4595556,18,105.064185
7.4194603,18,105.071336
7.3652773,18,105.07789
7.4047403,18,105.084233
7.473153,18,105.090869
7.473772,18,105.097032
7.460192,18,105.103412
7.4452624,18,105.10954
7.4986258,18,105.115631
7.4575553,18,105.122138
7.4518766,18,105.128256
7.4938655,18,105.134216
7.475597,18,105.140783
7.4383883,18,105.147146
7.471624,18,105.789289
7.5029016,18,105.796087
7.2668195,18,105.804312
7.4811726,18,105.811525
7.5022287,18,105.817828
7.4201255,18,105.82449
7.46602,18,105.83087
7.4462924,18,105.837299
7.5028615,18,105.844006
7.4387236,18,105.850368
7.491548,18,105.856822
7.4963775,18,105.863129
7.2383933,18,105.869461
7.4607043,18,105.87582
7.4600763,18,105.882093
7.4660125,18,106.278341
7.415206,18,106.335956
7.4771934,18,106.342911
7.4156113,18,106.349317
7.501406,18,106.355994
7.462722,18,106.362362
7.509241,18,106.368653
7.4268517,18,106.37504
7.4615827,18,106.3813
7.4899583,18,106.387649
7.469081,18,106.39378
7.5008025,18,106.399842
7.50363,18,106.405922
7.448085,18,106.411941
7.50458,18,106.803735
7.4688306,18,106.810219
7.4108047,18,106.816549
7.438125,18,106.823153
7.5049157,18,106.829288
7.503924,18,106.835413
7.489902,18,106.841792
7.4616218,18,106.84806
7.4531145,18,106.854357
7.5039773,18,106.862933
7.486531,18,106.869394
7.501553,18,106.875805
7.5025105,18,106.882034
7.488301,18,106.888353
7.513472,18,107.273892
7.4524117,18,107.280275
7.473258,18,107.289394
7.431598,18,107.295779
7.5043006,18,107.302048
7.4546523,18,107.308367
7.5065637,18,107.314595
7.499556,18,107.321105
7.5050077,18,107.327257
7.475757,18,107.333264
7.481295,18,107.339566
7.5015817,18,107.345786
7.4683723,18,107.352001
7.4512362,18,107.358285
7.4838815,18,107.747005
7.461237,18,107.753556
7.481151,18,107.759999
7.490745,18,107.766256
7.5038056,18,107.7726
7.472876,18,107.778902
7.4888077,18,107.785154
7.490105,18,107.79143
7.50448,18,107.797703
7.506981,18,107.806536
7.4887443,18,107.812914
7.4979224,18,107.819226
7.471584,18,107.825582
7.4943776,18,107.831827
7.5051837,18,107.838202
7.512486,18,108.224141
7.4624176,18,108.230585
7.506049,18,108.236756
7.485108,18,108.242877
7.497419,18,108.24891
7.4935517,18,108.255515
7.49801,18,108.261943
7.4549146,18,108.268294
7.4560423,18,108.274409
7.505976,18,108.280434
7.503694,18,108.286449
7.500504,18,108.292485
7.440643,18,108.298463
7.479839,18,108.30503
7.408566,18,108.690086
7.4911838,18,108.696373
7.4790382,18,108.702571
7.5045714,18,108.708746
7.501469,18,108.714885
7.445145,18,108.721075
7.471085,18,108.72784
7.5060287,18,108.734161
7.5044546,18,108.740479
7.178728,18,108.749452
7.4382515,18,108.755901
7.4296293,18,108.762086
7.4894853,18,108.768205
7.506766,18,108.774377
7.460454,18,109.282185
7.4522185,18,109.288555
7.492377,18,109.29479
7.5050826,18,109.300926
7.288874,18,109.307441
7.503341,18,109.313538
7.533315,18,109.320045
7.4142833,18,109.326507
7.507903,18,109.33289
7.4743967,18,109.339328
7.5036826,18,109.345515
7.476891,18,109.351757
7.503591,18,109.357911
7.478766,18,109.363933
7.478026,18,109.760935
7.4976954,18,109.767233
7.5039935,18,109.774012
7.5202317,18,109.780425
7.504062,18,109.786733
7.497276,18,109.795376
7.500076,18,109.801841
7.495708,18,109.808269
7.497091,18,109.81448
7.479966,18,109.820681
7.459619,18,109.826986
7.4985747,18,109.833577
7.202225,18,109.842511
7.5058866,18,109.850134
7.4944673,18,110.319182
7.445946,18,110.328385
7.515842,18,110.334763
7.5068183,18,110.341383
7.5068097,18,110.347813
7.44344,18,110.354352
7.4837,18,110.360625
7.458582,18,110.366792
7.4684944,18,110.373133
7.500686,18,110.379364
7.4729867,18,110.385613
7.38094,18,110.391883
7.505307,18,110.39807
7.4902196,18,110.404451
7.410702,18,110.410617
7.506106,18,110.811632
7.4634347,18,110.81832
7.4623985,18,110.824936
7.469068,18,110.831415
7.4945807,18,110.837939
7.4972415,18,110.847378
7.501816,18,110.854066
7.434023,18,110.860459
7.5029836,18,110.866536
7.472854,18,110.873413
7.4984016,18,110.879766
7.4346213,18,110.8861
7.471024,18,110.892453
7.4577694,18,110.898499
7.4546905,18,111.299637
7.4979205,18,111.305992
7.49769,18,111.312226
7.505608,18,111.318562
7.4852977,18,111.325079
7.4739738,18,111.331338
7.472956,18,111.338064
7.5061283,18,111.344654
7.5010095,18,111.350969
7.475575,18,111.357233
7.4935384,18,111.365809
7.491468,18,111.372057
7.4812737,18,111.378175
7.507677,18,111.384214
7.515322,18,111.781597
7.5010705,18,111.788157
7.4235396,18,111.794513
7.4594226,18,111.800777
7.470512,18,111.807334
7.4254117,18,111.813552
7.4770155,18,111.819771
7.502441,18,111.825988
7.464961,18,111.832165
7.177735,18,111.83882
7.479356,18,111.845268
7.465442,18,111.851637
7.4962645,18,111.85783
7.4752336,18,111.863948
7.4958663,18,112.270166
7.493997,18,112.276947
7.490482,18,112.283183
7.506105,18,112.290046
7.5008035,18,112.29633
7.4423914,18,112.304375
7.4932666,18,112.311754
7.486522,18,112.318308
7.5061812,18,112.32487
7.4567485,18,112.331206
7.4664607,18,112.337674
7.504321,18,112.343921
7.4854198,18,112.349971
7.468913,18,112.356199
7.508394,18,112.362246
7.5063815,18,112.769242
7.4889593,18,112.775905
7.4956183,18,112.782141
7.4563556,18,112.788387
7.472133,18,112.794626
7.491676,18,112.800718
7.4365683,18,112.80694
7.4602866,18,112.813009
7.448256,18,112.819112
7.24295,18,112.825313
7.4252524,18,112.834743
7.4633765,18,112.841664
7.5005107,18,112.848152
7.4997888,18,112.85467
7.5119467,18,113.398228
7.5013013,18,113.405024
7.5078645,18,113.411415
7.4960365,18,113.417691
7.4929023,18,113.424308
7.4498086,18,113.430681
7.503447,18,113.437071
7.4691153,18,113.443672
7.485185,18,113.449993
7.495725,18,113.456345
7.479565,18,113.462646
7.4685793,18,113.469216
7.505298,18,113.477905
7.467471,18,113.484168
7.500341,18,113.879985
7.5050077,18,113.886594
7.4845247,18,113.896313
7.519118,18,113.902808
7.461608,18,113.909323
7.481584,18,113.915545
7.5053725,18,113.921959
7.504356,18,113.928309
7.4560695,18,113.934612
7.47058,18,113.940983
7.505301,18,113.947209
7.4903336,18,114.005721
7.4179244,18,114.012451
7.42536,18,114.018768
7.500239,18,114.404022
7.502255,18,114.410494
7.252048,18,114.419429
7.4828105,18,114.426131
7.507566,18,114.432397
7.455338,18,114.438689
7.51388,18,114.444932
7.4739347,18,114.45116
7.4465995,18,114.457409
7.497024,18,114.463605
7.4796424,18,114.469814
7.515467,18,114.476038
7.4669213,18,114.482187
7.418738,18,114.488651
7.4831376,18,114.880126
7.461812,18,114.886624
7.489276,18,114.892955
7.506689,18,114.899214
7.5053716,18,114.905506
7.475082,18,114.911726
7.4654317,18,114.917915
7.486937,18,114.924193
7.4808016,18,114.930417
7.4626904,18,114.936678
7.4960446,18,114.94554
7.5044723,18,114.951658
7.4773774,18,114.95778
7.490585,18,114.963734
7.469001,18,114.969682
7.4153457,18,115.364442
7.5039716,18,115.370665
7.5077357,18,115.377519
7.450581,18,115.384084
7.5018735,18,115.39068
7.271792,18,115.39702
7.5058246,18,115.403355
7.473197,18,115.409999
7.222014,18,115.416256
7.5121727,18,115.422811
7.5153093,18,115.429377
7.471112,18,115.435706
7.4961715,18,115.442187
7.4901385,18,115.448488
7.5009737,18,115.858516
7.4749246,18,115.864819
7.1890764,18,115.871219
7.496622,18,115.877514
7.5160646,18,115.886005
7.4991593,18,115.893502
7.5102077,18,115.899921
7.516393,18,115.906309
7.4821033,18,115.912604
7.48372,18,115.918862
7.4377666,18,115.925167
7.4678807,18,115.931394
7.494002,18,115.937949
7.484989,18,115.944211
7.4420877,18,116.333684
7.4475636,18,116.34
7.4905725,18,116.346153
7.482096,18,116.352584
7.4859166,18,116.358896
7.4769135,18,116.36503
7.488935,18,116.371229
7.488233,18,116.377928
7.5000367,18,116.38423
7.51127,18,116.390649
7.437588,18,116.396925
7.4847918,18,116.40325
7.27572,18,116.41194
7.4726224,18,116.418042
7.5038657,18,116.807769
7.3803115,18,116.813942
7.505749,18,116.820375
7.504288,18,116.829106
7.4693856,18,116.835505
7.5080075,18,116.841748
7.5045695,18,116.847929
7.497601,18,116.854415
7.481261,18,116.860756
7.5029473,18,116.86701
7.488041,18,116.873287
7.5049424,18,116.879407
7.502147,18,116.885697
7.4692254,18,116.892033
7.46164,18,116.898237
7.4815598,18,117.291269
7.501321,18,117.297439
7.505041,18,117.303562
7.469712,18,117.31025
7.454425,18,117.316509
7.4843526,18,117.32269
7.4229913,18,117.328793
7.5055203,18,117.334911
7.5046625,18,117.341299
7.471192,18,117.347548
7.4606404,18,117.355616
7.5050254,18,117.36309
7.463959,18,117.369559
7.4994807,18,117.375929
7.5026584,18,117.768327
7.508695,18,117.778397
7.480012,18,117.785184
7.4600472,18,117.791676
7.50365,18,117.799761
7.500177,18,117.807378
7.501154,18,117.814716
7.4758115,18,117.822046
7.5008235,18,117.883496
7.49569,18,117.889821
7.4790835,18,117.896438
7.4278493,18,117.902768
7.473005,18,117.908852
7.520036,18,117.914801
7.4948425,18,118.302251
7.465441,18,118.308753
7.5024505,18,118.315001
7.5087132,18,118.321333
7.468208,18,118.32764
7.4710784,18,118.333787
7.4977584,18,118.340556
7.437604,18,118.346833
7.508016,18,118.353002
7.4661345,18,118.359162
7.485089,18,118.365245
7.48151,18,118.371531
7.5051055,18,118.377966
7.5053487,18,118.384008
7.4639964,18,118.780261
7.518727,18,118.786853
7.40194,18,118.793136
7.4741178,18,118.799334
7.504312,18,118.806061
7.4397397,18,118.812458
7.505518,18,118.821415
7.503436,18,118.827788
7.49538,18,118.834045
7.4533186,18,118.840426
7.5076003,18,118.846695
7.4977136,18,118.85301
7.432574,18,118.859338
7.4887633,18,118.865559
7.456536,18,119.26443
7.4782696,18,119.271206
7.488807,18,119.277619
7.48306,18,119.283833
7.400486,18,119.290362
7.4811845,18,119.296638
7.481789,18,119.303034
7.4765534,18,119.309357
7.5090575,18,119.315554
7.5039163,18,119.32179
7.477842,18,119.327966
7.4911065,18,119.334115
7.505591,18,119.342883
7.4667974,18,119.349384
7.499993,18,119.356111
7.473787,18,119.9174
7.4863935,18,119.924375
7.5052037,18,119.930797
7.502298,18,119.937476
7.5002913,18,119.943867
7.5069823,18,119.950155
7.4777117,18,119.956529
7.4747443,18,119.962658
7.506066,18,119.968688
7.5040565,18,119.975043
7.50862,18,119.982684
7.406927,18,119.990078
7.498832,18,119.996438
7.506559,18,120.002581
7.5036054,18,120.39697
7.3789845,18,120.404425
7.507276,18,120.410765
7.464842,18,120.416951
7.5030093,18,120.423837
7.4602447,18,120.430227
7.501058,18,120.436548
7.4961796,18,120.442865
7.5044484,18,120.449111
7.4994364,18,120.455553
7.5095286,18,120.461739
7.404539,18,120.467783
7.5079226,18,120.473854
7.1689496,18,120.479888
7.473579,18,120.885065
7.488987,18,120.89205
7.503287,18,120.899543
7.488106,18,120.905991
7.5069046,18,120.912146
7.5073576,18,120.918255
7.505482,18,120.926324
7.491044,18,120.933364
7.4705358,18,120.939841
7.4515595,18,120.946035
7.496754,18,120.952439
7.512191,18,120.958846
7.476662,18,120.965054
7.4942803,18,120.971275
7.504091,18,121.364296
7.494586,18,121.370954
7.4838624,18,121.377414
7.5095387,18,121.383598
7.5045023,18,121.389841
7.50446,18,121.395924
7.491574,18,121.401993
7.4675756,18,121.408657
7.1330166,18,121.415043
7.510431,18,121.421438
7.44889,18,121.42806
7.501124,18,121.434239
7.4498277,18,121.4406
7.5040765,18,121.446829
7.504148,18,121.455545
7.4604278,18,121.85124
7.5038047,18,121.85796
7.492479,18,121.86455
7.4712358,18,121.872867
7.4876285,18,121.880128
7.413032,18,121.935548
7.438885,18,121.942201
7.4299746,18,121.948659
7.5047946,18,121.955094
7.50431,18,121.961599
7.510946,18,121.96781
7.498732,18,121.974303
7.503782,18,121.982995
7.468272,18,121.989588
7.494782,18,122.552755
7.4906807,18,122.559425
7.4274364,18,122.565787
7.487839,18,122.572507
7.493072,18,122.578824
7.2512937,18,122.585179
7.5040154,18,122.591617
7.495541,18,122.597865
7.4949307,18,122.6043
7.494435,18,122.610672
7.499471,18,122.616892
7.4952636,18,122.625835
7.4663267,18,122.632047
7.5002637,18,122.638463
7.4998784,18,123.035277
7.5011973,18,123.042161
7.4834886,18,123.051068
7.477632,18,123.057516
7.500735,18,123.063764
7.498651,18,123.070192
7.5163493,18,123.076446
7.471352,18,123.082486
7.4695334,18,123.088598
7.504478,18,123.094657
7.500753,18,123.100634
7.5015435,18,123.10667
7.5012918,18,123.112688
7.515737,18,123.118803
7.507649,18,123.524949
7.502516,18,123.53118
7.482839,18,123.537712
7.398297,18,123.544365
7.4735837,18,123.550613
7.4294105,18,123.556926
7.4769826,18,123.563069
7.499685,18,123.569238
7.4797807,18,123.578098
7.4889417,18,123.584308
7.427883,18,123.590566
7.4785504,18,123.596711
7.471086,18,123.603193
7.509704,18,123.609697
7.4304566,18,124.002043
7.504504,18,124.008657
7.481455,18,124.01501
7.4505324,18,124.021315
7.488725,18,124.027539
7.463216,18,124.033735
7.4314885,18,124.039978
7.5007763,18,124.046216
7.4973187,18,124.052449
7.507567,18,124.058683
7.496785,18,124.064911
7.4900613,18,124.071174
7.5050178,18,124.077383
7.4793296,18,124.083568
7.501591,18,124.090112
7.5052266,18,124.479501
7.4952655,18,124.485813
7.4936395,18,124.492367
7.5028977,18,124.498449
7.4811196,18,124.504666
7.504068,18,124.510885
7.5037427,18,124.519728
7.495914,18,124.526452
7.5025964,18,124.53251
7.478169,18,124.53894
7.498097,18,124.545411
7.498688,18,124.551723
7.5105805,18,124.55833
7.49394,18,124.564632
7.50304,18,124.965482
7.4469852,18,124.972413
7.491361,18,124.97897
7.4925256,18,124.98578
7.4793963,18,124.996552
7.4798417,18,125.003485
7.4998536,18,125.010862
7.511598,18,125.018405
7.503341,18,125.02475
7.4019074,18,125.036915
7.3976483,18,125.045856
7.4766417,18,125.053525
7.501427,18,125.059703
7.1316705,18,125.066682
7.437578,18,125.472733
7.501572,18,125.479291
7.4859147,18,125.485713
7.4934077,18,125.492439
7.503115,18,125.498729
7.5012736,18,125.505428
7.5042644,18,125.511745
7.5028634,18,125.517988
7.4665675,18,125.52457
7.1635027,18,125.530895
7.133012,18,125.537275
7.499079,18,125.543519
7.4998927,18,125.549635
7.5064616,18,125.55601
7.502663,18,126.058403
7.5047164,18,126.06471
7.508668,18,126.070943
7.505674,18,126.128511
7.477237,18,126.134853
7.500215,18,126.141119
7.4737096,18,126.147329
7.501942,18,126.153714
7.4014544,18,126.159997
7.492127,18,126.166103
7.5055065,18,126.172279
7.5045104,18,126.178405
7.502333,18,126.184543
7.510329,18,126.190685
7.5077443,18,126.199106
7.4770746,18,126.58568
7.514237,18,126.591815
7.5032887,18,126.597874
7.494001,18,126.606229
7.492622,18,126.61341
7.498216,18,126.619798
7.462136,18,126.626169
7.4767356,18,126.632455
7.4461436,18,126.638798
7.4995856,18,126.645046
7.4902997,18,126.651367
7.4947553,18,126.657791
7.4748588,18,126.664152
7.4782214,18,126.670465
7.503486,18,127.079324
7.497378,18,127.085703
7.503547,18,127.092002
7.482633,18,127.098178
7.125194,18,127.104738
7.4391627,18,127.111035
7.498875,18,127.117154
7.4725046,18,127.124129
7.502757,18,127.130339
7.3922057,18,127.138253
7.484208,18,127.145079
7.505008,18,127.151258
7.4964585,18,127.157349
7.497397,18,127.163372
7.49698,18,127.575097
7.500734,18,127.581377
7.451734,18,127.588068
7.4852304,18,127.594491
7.4979243,18,127.600766
7.5127816,18,127.60713
7.505527,18,127.613393
7.447113,18,127.619933
7.5083375,18,127.62611
7.457234,18,127.632141
7.503921,18,127.638202
7.4793906,18,127.644208
7.441566,18,127.650139
7.5028253,18,127.656456
7.4740148,18,128.048255
7.506828,18,128.054954
7.505363,18,128.061541
7.5054164,18,128.067717
7.496753,18,128.074313
7.4700384,18,128.080696
7.4663453,18,128.089661
7.500917,18,128.096361
7.476826,18,128.102962
7.493071,18,128.109495
7.496652,18,128.115519
7.4836955,18,128.121697
7.4958043,18,128.128371
7.454972,18,128.134718
7.485081,18,128.526754
7.5039487,18,128.533119
7.462519,18,128.539839
7.448437,18,128.546203
7.4627924,18,128.552614
7.515225,18,128.558882
7.494021,18,128.565139
7.503653,18,128.571933
7.0765653,18,128.57825
7.5032115,18,128.584936
7.158797,18,128.594398
7.5006995,18,128.602618
7.472605,18,128.611276
7.5056987,18,128.620002
7.4938283,18,128.626307
7.4893045,18,129.030807
7.505486,18,129.040408
7.4949164,18,129.047428
7.4557223,18,129.053884
7.5020432,18,129.060288
7.483627,18,129.066487
7.504761,18,129.073342
7.4801044,18,129.079741
7.459474,18,129.086093
7.5003915,18,129.092299
7.4982924,18,129.098448
7.502107,18,129.104821
7.501515,18,129.111214
7.500553,18,129.117435
7.508807,18,129.524356
7.5073543,18,129.531091
7.4945292,18,129.53768
7.5027013,18,129.544093
7.504582,18,129.550485
7.4966636,18,129.55733
7.435334,18,129.563733
7.5056825,18,129.571895
7.473946,18,129.579396
7.5059676,18,129.585609
7.4949775,18,129.592248
7.466993,18,129.598858
7.505095,18,129.605316
7.502464,18,129.612067
7.501408,18,130.066265
7.4815288,18,130.072891
7.1878314,18,130.079109
7.4978023,18,130.086918
7.5050397,18,130.094443
7.497871,18,130.100466
7.4635577,18,130.106923
7.4862704,18,130.113157
7.498277,18,130.119392
7.459219,18,130.125863
7.502355,18,130.132286
7.508615,18,130.138632
7.506227,18,130.145072
7.480923,18,130.151497
7.5042434,18,130.692256
7.500995,18,130.719666
7.5027614,18,130.728268
7.479428,18,130.740348
7.482186,18,130.748081
7.500153,18,130.75615
7.4983554,18,130.762655
7.5073056,18,130.769188
7.190846,18,130.775825
7.5021596,18,130.78245
7.4967294,18,130.789143
7.5060334,18,130.795569
7.4513016,18,130.801961
7.4457717,18,130.808617
7.501159,18,130.814938
7.5033126,18,131.310909
7.5000587,18,131.320093
7.5028157,18,131.326606
7.504213,18,131.342517
7.508534,18,131.349546
7.477638,18,131.356287
7.4993825,18,131.362678
7.458617,18,131.369101
7.4899526,18,131.378183
7.4732833,18,131.384426
7.4440637,18,131.391037
7.4554906,18,131.397386
7.504542,18,131.403776
7.5042415,18,131.410408
7.5006137,18,131.822477
7.5009446,18,131.82897
7.506385,18,131.835388
7.502045,18,131.841773
7.5044274,18,131.848017
7.4924245,18,131.8546
7.4989886,18,131.860878
7.4567223,18,131.867018
7.489452,18,131.873605
7.4908433,18,131.879736
7.499061,18,131.887878
7.503306,18,131.895433
7.4842973,18,131.901867
7.5018344,18,131.908274
7.4993815,18,132.31457
7.5050864,18,132.321025
7.4666076,18,132.327335
7.4712844,18,132.333451
7.4669933,18,132.339768
7.503327,18,132.345868
7.5051,18,132.352205
7.4963994,18,132.358823
7.5059495,18,132.365194
7.4991345,18,132.371516
7.5055327,18,132.377666
7.503835,18,132.383747
7.5089116,18,132.390219
7.5035443,18,132.396558
7.502788,18,132.797724
7.5063844,18,132.804703
7.4966474,18,132.81136
7.5043025,18,132.817637
7.496485,18,132.824145
7.457047,18,132.833011
7.5025105,18,132.839663
7.491895,18,132.845923
7.440603,18,132.852411
7.5056787,18,132.858722
7.5051036,18,132.864897
7.505573,18,132.871181
7.505819,18,132.877347
7.508798,18,132.883472
7.499659,18,133.283596
7.5070167,18,133.29058
7.503016,18,133.29702
7.478926,18,133.303433
7.4796367,18,133.309995
7.4653897,18,133.316093
7.5036664,18,133.322868
7.5023036,18,133.329167
7.5020413,18,133.335445
7.4842725,18,133.341914
7.50978,18,133.348236
7.4889607,18,133.357164
7.501785,18,133.364028
7.4805007,18,133.370354
7.4596295,18,133.37659
7.505997,18,133.773627
7.495296,18,133.780443
7.4987407,18,133.786925
7.503363,18,133.793421
7.468872,18,133.799751
7.501756,18,133.806176
7.5037704,18,133.812475
7.5030847,18,133.818886
7.5056996,18,133.825227
7.5116796,18,133.83155
7.5139127,18,133.83795
7.50345,18,133.895162
7.501469,18,133.90173
7.505426,18,133.908426
7.4774804,18,134.302498
7.5095057,18,134.309
7.502665,18,134.315299
7.48151,18,134.321969
7.489818,18,134.328465
7.506125,18,134.334971
7.4654574,18,134.341239
7.5052004,18,134.347389
7.5059195,18,134.353732
7.49985,18,134.359923
7.503178,18,134.365974
7.4970098,18,134.372252
7.5035815,18,134.378331
7.4954734,18,134.38437
7.48132,18,134.780809
7.502996,18,134.787496
7.4128304,18,134.794217
7.5031056,18,134.800642
7.5062957,18,134.807475
7.5068097,18,134.813848
7.506511,18,134.822145
7.448936,18,134.829191
7.4343486,18,134.835559
7.4964623,18,134.841718
7.4487567,18,134.847755
7.4153004,18,134.854067
7.505366,18,134.860324
7.502376,18,134.866474
7.5066276,18,135.263592
7.5048213,18,135.270369
7.506786,18,135.276671
7.5068583,18,135.28279
7.5037336,18,135.289525
7.5057807,18,135.295743
7.503468,18,135.305291
7.483341,18,135.312066
7.5061784,18,135.321623
7.5037065,18,135.329183
7.5020757,18,135.337121
7.5042853,18,135.344522
7.5050597,18,135.354171
7.503611,18,135.360906
7.504828,18,135.368024
7.505305,18,135.828613
7.4763937,18,135.835907
7.471227,18,135.842996
7.504742,18,135.849717
7.4893994,18,135.856866
7.5056996,18,135.86375
7.5028234,18,135.87275
7.504482,18,135.880411
7.5030913,18,135.887284
7.488167,18,135.894138
7.4941916,18,135.900593
7.5061946,18,135.908014
7.2435713,18,135.914374
7.4545,18,135.92101
7.4856935,18,136.339719
7.5025754,18,136.34604
7.503039,18,136.352446
7.2596536,18,136.35903
7.5045943,18,136.365252
7.503815,18,136.371856
7.2398868,18,136.378203
7.506397,18,136.384427
7.5047746,18,136.392973
7.4701047,18,136.399996
7.4857697,18,136.406459
7.49345,18,136.412977
7.5029755,18,136.419325
7.4766736,18,136.426003
7.4682717,18,136.826117
7.5040097,18,136.832515
7.4812093,18,136.839562
7.50625,18,136.845954
7.505649,18,136.85249
7.5028834,18,136.858997
7.5049853,18,136.865452
7.5023055,18,136.872033
7.5063643,18,136.878342
7.506607,18,136.884645
7.499042,18,136.891241
7.504843,18,136.897525
7.4990945,18,136.903707
7.503204,18,136.910285
7.5018086,18,137.46374
7.506397,18,137.470071
7.483477,18,137.476242
7.501324,18,137.482232
7.5036473,18,137.488903
7.503156,18,137.495364
7.5016084,18,137.501846
7.50322,18,137.508241
7.5052714,18,137.514568
7.5058227,18,137.520968
7.483175,18,137.527303
7.50442,18,137.53373
7.505983,18,137.540884
7.5081573,18,137.547901
7.504234,18,137.971942
7.503535,18,137.978727
7.494926,18,137.98832
7.477593,18,137.99679
7.502563,18,138.00345
7.496616,18,138.009824
7.509541,18,138.016118
7.4874406,18,138.022891
7.484094,18,138.029316
7.474583,18,138.087331
7.5034127,18,138.095486
7.511991,18,138.101958
7.5034833,18,138.108398
7.506103,18,138.11501
7.5050225,18,138.121705
7.4782543,18,138.519073
7.4618254,18,138.525747
7.505247,18,138.532147
7.5052314,18,138.538583
7.5026393,18,138.544906
7.503387,18,138.551364
7.5050187,18,138.55783
7.5034347,18,138.563896
7.372908,18,138.570156
7.474775,18,138.576654
7.420304,18,138.582969
7.470141,18,138.589208
7.5026364,18,138.595276
7.502064,18,138.601286
7.503653,18,139.006511
7.5042996,18,139.013111
7.488137,18,139.019604
7.445418,18,139.026665
7.4756317,18,139.035731
7.507136,18,139.042439
7.4707303,18,139.048797
7.4551244,18,139.055447
7.503018,18,139.061697
7.509035,18,139.067793
7.4940104,18,139.074162
7.504191,18,139.080208
7.5111604,18,139.086464
7.505551,18,139.093224
7.509319,18,139.50631
7.5095887,18,139.512884
7.5049872,18,139.519377
7.5011463,18,139.526141
7.4652395,18,139.532344
7.477939,18,139.539028
7.5023665,18,139.545106
7.4841766,18,139.551156
7.5045342,18,139.559771
7.5033584,18,139.566455
7.5112805,18,139.573196
7.252369,18,139.579594
7.4573045,18,139.58603
7.5069523,18,139.592478
7.45209,18,139.99655
7.505301,18,140.003217
7.5050683,18,140.009777
7.4996467,18,140.01615
7.50687,18,140.02289
7.5035987,18,140.029169
7.492025,18,140.035476
7.499082,18,140.041915
7.50372,18,140.048253
7.4960856,18,140.054641
7.4753485,18,140.060842
7.504312,18,140.067067
7.5038676,18,140.074659
7.4926944,18,140.081112
7.4329314,18,140.089457
7.4770684,18,140.484638
7.5035424,18,140.491434
7.5033135,18,140.497748
7.51169,18,140.506605
7.5034747,18,140.513092
7.497934,18,140.519448
7.5016465,18,140.525908
7.502499,18,140.532229
7.5047164,18,140.538973
7.4989743,18,140.545404
7.477713,18,140.5519
7.50483,18,140.558115
7.503966,18,140.564251
7.4990983,18,140.57059
7.499165,18,140.98051
7.4980836,18,140.98729
7.48708,18,140.993805
7.49768,18,141.00015
7.5060477,18,141.006587
7.5047126,18,141.012848
7.50343,18,141.019411
7.445521,18,141.108671
7.499933,18,141.116028
7.504024,18,141.131685
7.5106416,18,141.14745
7.503201,18,141.15418
7.505015,18,141.160289
7.5021405,18,141.166315
7.505511,18,141.562004
7.4831624,18,141.569616
7.4870543,18,141.576051
7.506191,18,141.582242
7.463898,18,141.588777
7.4906225,18,141.595215
7.4425063,18,141.60173
7.504164,18,141.60816
7.506167,18,141.614197
7.4420924,18,141.620511
7.486716,18,141.626892
7.5074344,18,141.633209
7.4960256,18,141.639696
7.5032706,18,141.645975
7.484552,18,142.041816
7.5039825,18,142.048216
7.503636,18,142.054925
7.4900475,18,142.061813
7.4667163,18,142.068085
7.498697,18,142.074594
7.503507,18,142.135488
7.504996,18,142.142984
7.504397,18,142.149667
7.5135484,18,142.156125
7.4344783,18,142.162321
7.49115,18,142.168515
7.499233,18,142.175176
7.5033917,18,142.181791
7.210057,18,142.57955
7.508055,18,142.586124
7.5016,18,142.592532
7.5028453,18,142.598754
7.5001874,18,142.605007
7.5049925,18,142.613711
7.507309,18,142.620322
7.5027785,18,142.62682
7.504317,18,142.632992
7.5037627,18,142.639269
7.50279,18,142.645467
7.5171103,18,142.651802
7.4917994,18,142.658354
7.462382,18,142.664734
7.5029607,18,142.671423
7.480688,18,143.067352
7.5045495,18,143.074118
7.163434,18,143.080393
7.499412,18,143.086723
7.461275,18,143.092949
7.5054917,18,143.099065
7.485514,18,143.105556
7.5051837,18,143.111578
7.504229,18,143.117484
7.5034156,18,143.124308
7.5031867,18,143.133002
7.4364924,18,143.139468
7.506362,18,143.145473
7.5059466,18,143.151457
7.4865823,18,143.548298
7.4896045,18,143.555118
7.501822,18,143.561488
7.502811,18,143.567788
7.504146,18,143.574495
7.4925275,18,143.580761
7.505715,18,143.587157
7.5072703,18,143.593378
7.504188,18,143.59953
7.5040326,18,143.605936
7.420816,18,143.612099
7.502699,18,143.618266
7.4975944,18,143.624473
7.5139947,18,143.630594
7.505346,18,144.027051
7.504091,18,144.033333
7.5048747,18,144.040075
7.342631,18,144.046238
7.4881024,18,144.05278
7.5020566,18,144.059216
7.4902215,18,144.068102
7.4644327,18,144.074573
7.50444,18,144.080661
7.5051894,18,144.087011
7.420667,18,144.093278
7.507316,18,144.099401
7.4405503,18,144.10599
7.4708123,18,144.1124
7.4670672,18,144.520719
7.5047793,18,144.528623
7.483949,18,144.537101
7.506191,18,144.544005
7.5038304,18,144.551615
7.503512,18,144.562348
7.4689755,18,144.574309
7.503844,18,144.581232
7.5052857,18,144.604301
7.4790816,18,144.611968
7.4944963,18,144.620336
7.499603,18,144.627432
7.4408,18,144.634993
7.504361,18,144.642137
7.506306,18,144.64915
7.4855933,18,145.447255
7.487848,18,145.45411
7.5068917,18,145.460404
7.500218,18,145.466591
7.49711,18,145.473459
7.487493,18,145.482533
7.5031133,18,145.489127
7.5058866,18,145.495639
7.502665,18,145.501962
7.505359,18,145.508303
7.4618115,18,145.514523
7.458485,18,145.520878
7.5048585,18,145.527059
7.5011544,18,145.533185
7.5107026,18,145.960215
7.50437,18,145.966661
7.509151,18,145.973488
7.505922,18,145.980251
7.4967303,18,145.987112
7.5019355,18,145.993491
7.503198,18,146.002354
7.5037274,18,146.009417
7.476514,18,146.015884
7.485579,18,146.022721
7.504687,18,146.029315
7.5074344,18,146.036032
7.5053945,18,146.042646
7.50326,18,146.04906
7.5048795,18,146.471206
7.505982,18,146.477823
7.4351115,18,146.484522
7.4638247,18,146.491183
7.504087,18,146.551125
7.4414797,18,146.558194
7.505675,18,146.565765
7.502273,18,146.57293
7.4567657,18,146.57951
7.5058208,18,146.585912
7.4768434,18,146.592949
7.5058503,18,146.599365
7.4759965,18,146.60646
7.5031776,18,146.612988
7.4807916,18,147.045607
7.4231596,18,147.05221
7.470163,18,147.059293
7.5069733,18,147.06564
7.501674,18,147.07282
7.2487645,18,147.079246
7.50772,18,147.086131
7.5020757,18,147.092865
7.4743323,18,147.098952
7.471823,18,147.10582
7.490153,18,147.11227
7.453864,18,147.119119
7.498982,18,147.125904
7.4153438,18,147.131994
7.470679,18,147.571538
7.504687,18,147.582628
7.470389,18,147.593626
7.419317,18,147.605381
7.4891872,18,147.612838
7.505181,18,147.621208
7.4765553,18,147.627951
7.503415,18,147.634432
7.502479,18,147.64112
7.48048,18,147.647754
7.50804,18,147.654544
7.503634,18,147.661007
7.5024343,18,147.669927
7.4695363,18,147.676893
7.4930453,18,147.683321
7.504331,18,148.113928
7.5022187,18,148.121217
7.506203,18,148.12783
7.503426,18,148.134223
7.4508653,18,148.14142
7.388475,18,148.147796
7.504419,18,148.154747
7.504296,18,148.161252
7.505363,18,148.167715
7.5135865,18,148.17453
7.446324,18,148.180736
7.5029635,18,148.189072
7.504246,18,148.196327
7.494473,18,148.203163
7.511008,18,148.628312
7.5048766,18,148.635406
7.502685,18,148.642387
7.502465,18,148.648622
7.5026,18,148.655568
7.512214,18,148.6621
7.4897294,18,148.668826
7.511461,18,148.675499
7.500216,18,148.681851
7.4757543,18,148.688924
7.487145,18,148.695607
7.486635,18,148.702673
7.5032306,18,148.709098
7.439158,18,148.717558
7.504047,18,149.146187
7.4963307,18,149.15344
7.503695,18,149.160111
7.49947,18,149.166334
7.462065,18,149.173692
7.4496865,18,149.180124
7.489054,18,149.186979
7.5042453,18,149.193475
7.5017047,18,149.199864
7.4818845,18,149.206855
7.5023456,18,149.213356
7.490023,18,149.22022
7.4967484,18,149.226686
7.4774795,18,149.232861
7.505467,18,149.658435
7.491982,18,149.667729
7.5036273,18,149.674866
7.440924,18,149.681567
7.506352,18,149.688554
7.50567,18,149.694972
7.5039525,18,149.701192
7.4760184,18,149.708363
7.469298,18,149.714494
7.5060983,18,149.721509
7.502545,18,149.727743
7.4885516,18,149.733795
7.5050006,18,149.740711
7.5062833,18,149.747037
7.510118,18,149.75391
7.477495,18,150.195984
7.5055428,18,150.202392
7.508186,18,150.209687
7.5040364,18,150.215859
7.401714,18,150.223031
7.5074706,18,150.229572
7.503114,18,150.236172
7.4329243,18,150.242723
7.504283,18,150.249126
7.500611,18,150.256103
7.4750686,18,150.262545
7.5055003,18,150.26941
7.4644055,18,150.275835
7.505181,18,150.282299
7.500872,18,150.712302
7.254872,18,150.77027
7.510346,18,150.777152
7.4503903,18,150.784701
7.5081983,18,150.791347
7.505855,18,150.798094
7.4864845,18,150.805345
7.4645123,18,150.812192
7.5034785,18,150.822057
7.4836564,18,150.828829
7.50442,18,150.835628
7.508508,18,150.841947
7.513422,18,150.8485
7.505053,18,150.855524
7.5130296,18,151.283945
7.477837,18,151.290897
7.4826865,18,151.297547
7.4350753,18,151.304399
7.50423,18,151.311092
7.5038733,18,151.317677
7.484243,18,151.324569
7.5049815,18,151.330841
7.483502,18,151.337552
7.503945,18,151.346339
7.495629,18,151.352888
7.4952636,18,151.359955
7.502772,18,151.366055
7.505242,18,151.372857
7.4978747,18,151.781126
7.4326158,18,151.78765
7.505997,18,151.793757
7.498519,18,151.799731
7.5131125,18,151.806472
7.5059314,18,151.812817
7.4876466,18,151.819477
7.5104804,18,151.826079
7.5092607,18,151.832487
7.4550085,18,151.838837
7.510758,18,151.844837
7.483188,18,151.850819
7.4586434,18,151.857142
7.184443,18,151.863092
7.5020947,18,152.260437
7.502212,18,152.267003
7.4988456,18,152.273576
7.5030723,18,152.27999
7.467462,18,152.288188
7.421763,18,152.295651
7.5020146,18,152.302063
7.5085406,18,152.308605
7.5034747,18,152.314904
7.473101,18,152.321389
7.4192834,18,152.327506
7.4993978,18,152.333505
7.4826913,18,152.345655
7.5130363,18,152.427983
7.546659,18,152.439838
7.5079064,18,152.894794
7.5075603,18,152.901472
7.4652085,18,152.908343
7.4998746,18,152.914452
7.492745,18,152.921454
7.5065837,18,152.928152
7.5030484,18,152.934742
7.5038457,18,152.941846
7.4938807,18,152.950715
7.48692,18,152.95787
7.508735,18,152.964479
7.4810452,18,152.97154
7.513443,18,152.978197
7.5044017,18,152.984603
7.434261,18,153.41094
7.5024915,18,153.417413
7.4575095,18,153.424637
7.504538,18,153.431455
7.5051513,18,153.438303
7.4671664,18,153.444843
7.500343,18,153.45143
7.5011697,18,153.458243
7.4276004,18,153.464302
7.503944,18,153.473052
7.509501,18,153.48023
7.4141536,18,153.487125
7.50001,18,153.493977
7.489652,18,153.500325
7.5009437,18,153.928007
7.497728,18,153.934433
7.488979,18,153.941573
7.5040307,18,153.948063
7.509513,18,153.954882
7.4828773,18,153.961329
7.506513,18,153.967657
7.5008283,18,153.974249
7.4976897,18,153.980599
7.5055213,18,153.987698
7.470102,18,153.996627
7.4533362,18,154.003358
7.4519944,18,154.009852
7.491652,18,154.015951
7.4721427,18,154.442662
7.4958777,18,154.44939
7.498899,18,154.456566
7.443455,18,154.463226
7.4348435,18,154.47031
7.4876523,18,154.477001
7.518349,18,154.483548
7.48504,18,154.490354
7.5023875,18,154.496893
7.5032134,18,154.503664
7.504514,18,154.510079
7.507391,18,154.518966
7.5086713,18,154.526371
7.3773456,18,154.583624
7.5028367,18,154.590937
7.507071,18,155.020701
7.4882183,18,155.027299
7.4450994,18,155.033932
7.503082,18,155.042819
7.477506,18,155.049842
7.5009427,18,155.056679
7.492722,18,155.062987
7.4839544,18,155.069755
7.5062747,18,155.076158
7.504233,18,155.082409
7.5069013,18,155.089131
7.5059657,18,155.095652
7.5115685,18,155.102204
7.5058856,18,155.108919
7.4975743,18,155.532728
7.5045733,18,155.540346
7.506149,18,155.546793
7.4979587,18,155.553859
7.5051265,18,155.560642
7.4883246,18,155.569276
7.499868,18,155.576281
7.4750357,18,155.582812
7.5037036,18,155.589833
7.445082,18,155.596403
7.505655,18,155.603288
7.50486,18,155.609965
7.505798,18,155.616249
7.453341,18,155.623327
7.503712,18,156.158759
7.5037904,18,156.165601
7.5046697,18,156.172807
7.5053916,18,156.179136
7.4914947,18,156.185887
7.4729877,18,156.192627
7.5010514,18,156.198959
7.503679,18,156.205945
7.504434,18,156.214509
7.502297,18,156.221275
7.5032144,18,156.227549
7.504956,18,156.233728
7.473985,18,156.240547
7.4552374,18,156.24712
7.486772,18,156.677156
7.511872,18,156.683547
7.504017,18,156.690962
7.504808,18,156.697437
7.5012,18,156.704136
7.4763017,18,156.710511
7.506293,18,156.716902
7.504256,18,156.723304
7.4693494,18,156.729999
7.505402,18,156.738872
7.505283,18,156.746069
7.454402,18,156.752587
7.4863725,18,156.759308
7.5065794,18,156.765995
7.4957824,18,157.195724
7.504664,18,157.20296
7.509147,18,157.209785
7.5034175,18,157.216332
7.441188,18,157.223076
7.505035,18,157.229629
7.5064898,18,157.236299
7.50975,18,157.243136
7.4992757,18,157.249409
7.4452868,18,157.256044
7.448901,18,157.265368
7.504783,18,157.272256
7.5083375,18,157.278834
7.4428906,18,157.285347
7.502402,18,157.291968
7.485679,18,157.725153
7.48502,18,157.731786
7.5035033,18,157.738939
7.5068192,18,157.745568
7.5039716,18,157.752333
7.4928193,18,157.758961
7.4824796,18,157.765088
7.5062127,18,157.77184
7.4568825,18,157.778231
7.4864516,18,157.788174
7.5111423,18,157.794966
7.4461656,18,157.801751
7.5073924,18,157.808598
7.505901,18,157.814988
7.5038934,18,158.255188
7.505791,18,158.261806
7.503074,18,158.267994
7.503223,18,158.274879
7.5050626,18,158.281308
7.502724,18,158.287941
7.4041724,18,158.29418
7.5017304,18,158.300202
7.4989247,18,158.30715
7.4924064,18,158.315912
7.505732,18,158.323033
7.467088,18,158.329495
7.503901,18,158.336236
7.5132785,18,158.342925
7.517647,18,158.772716
7.50289,18,158.779044
7.5057645,18,158.785876
7.506264,18,158.792174
7.515839,18,158.798216
7.499684,18,158.805196
7.5037913,18,158.811683
7.5102096,18,158.818458
7.5048823,18,158.825016
7.505493,18,158.831649
7.5057473,18,158.891457
7.5063004,18,158.898167
7.5045714,18,158.907433
7.501184,18,158.914414
7.494306,18,159.472662
7.342936,18,159.502156
7.5094657,18,159.510659
7.465897,18,159.517984
7.505675,18,159.525081
7.4365373,18,159.53184
7.4653444,18,159.539521
7.505003,18,159.546476
7.504764,18,159.554262
7.504191,18,159.562936
7.4738364,18,159.571924
7.4798465,18,159.578269
7.4383454,18,159.588857
7.454556,18,159.595983
7.5011973,18,159.603055
7.466574,18,160.339158
7.4672217,18,160.348154
7.5095263,18,160.355868
7.504667,18,160.363026
7.5050044,18,160.37141
7.5046706,18,160.379559
7.454065,18,160.38942
7.5053496,18,160.396767
7.5103526,18,160.406445
7.5045333,18,160.413332
7.495486,18,160.420497
7.4982095,18,160.42783
7.5043025,18,160.434513
7.4959006,18,160.441844
7.507383,18,161.012391
7.4466367,18,161.01887
7.500906,18,161.02546
7.4687524,18,161.031803
7.5054793,18,161.038354
7.5045915,18,161.044511
7.4769187,18,161.050588
7.4852586,18,161.056955
7.468696,18,161.063182
7.4985633,18,161.06951
7.504805,18,161.075621
7.4845557,18,161.084061
7.5054154,18,161.091177
7.5121484,18,161.097306
7.4769797,18,161.686039
7.5044274,18,161.693128
7.456759,18,161.699456
7.5042543,18,161.706249
7.5051837,18,161.71294
7.4976907,18,161.721453
7.499065,18,161.729139
7.4575725,18,161.735524
7.442161,18,161.742331
7.509749,18,161.748812
7.5054297,18,161.755488
7.502361,18,161.761923
7.505429,18,161.768428
7.493517,18,161.775107
7.4737706,18,162.186903
7.5044246,18,162.193339
7.4987607,18,162.200155
7.491859,18,162.207422
7.502828,18,162.213873
7.5020566,18,162.22065
7.5065,18,162.226904
7.5056796,18,162.232973
7.503512,18,162.23944
7.486954,18,162.248115
7.505193,18,162.25437
7.498158,18,162.260515
7.3302054,18,162.26659
7.5036225,18,162.273526
7.499149,18,162.852766
7.501207,18,162.859934
7.4848866,18,162.866176
7.5051217,18,162.872823
7.501987,18,162.879269
7.5081353,18,162.88575
7.503617,18,162.89224
7.5060086,18,162.901663
7.507768,18,162.908373
7.5059934,18,162.915243
7.502765,18,162.922064
7.500276,18,162.928862
7.4854703,18,162.935719
7.5024724,18,162.94223
7.5063777,18,162.948499
7.472239,18,163.38117
7.493016,18,163.387827
7.504762,18,163.394111
7.47137,18,163.400558
7.504358,18,163.407247
7.505716,18,163.413826
7.313662,18,163.42253
7.4975686,18,163.429984
7.504846,18,163.436303
7.503201,18,163.443387
7.505729,18,163.449424
7.495994,18,163.456485
7.4558415,18,163.462995
7.4984984,18,163.469771
7.5020432,18,163.898617
7.4953303,18,163.905898
7.5065627,18,163.912422
7.5511394,18,163.919673
7.5047917,18,163.926313
7.430103,18,163.932552
7.5052114,18,163.939423
7.5037303,18,164.001311
7.505895,18,164.00857
7.502464,18,164.016151
7.4721932,18,164.0234
7.505675,18,164.029765
7.4695926,18,164.036235
7.5040917,18,164.050977
7.4596953,18,164.483355
7.415822,18,164.490335
7.474803,18,164.497092
7.493939,18,164.504048
7.5048404,18,164.510378
7.468497,18,164.516467
7.4883523,18,164.523456
7.503143,18,164.529969
7.5050874,18,164.537069
7.48115,18,164.543628
7.5031943,18,164.549853
7.5056653,18,164.55668
7.484238,18,164.563106
7.4847755,18,164.570003
7.505773,18,164.982967
7.4896197,18,164.989759
7.504412,18,164.996054
7.5057206,18,165.003996
7.503506,18,165.011438
7.485959,18,165.01774
7.5050826,18,165.02453
7.4930634,18,165.030933
7.503756,18,165.037421
7.5015473,18,165.043694
7.5047593,18,165.049854
7.504891,18,165.056341
7.487476,18,165.062409
7.4787307,18,165.068549
7.463941,18,165.074996
7.505134,18,165.663047
7.5061,18,165.670195
7.5052533,18,165.676999
7.505399,18,165.685599
7.508805,18,165.69401
7.512564,18,165.701052
7.4544663,18,165.709778
7.5053525,18,165.723713
7.497474,18,165.734078
7.504309,18,165.747927
7.505997,18,165.758973
7.5043817,18,165.778305
7.4603505,18,165.799477
7.507977,18,165.812141
7.5052886,18,166.621416
7.48296,18,166.630934
7.5045953,18,166.63788
7.5052047,18,166.644663
7.492563,18,166.651753
7.50748,18,166.661312
7.5047984,18,166.668916
7.499142,18,166.675543
7.482866,18,166.682463
7.5058074,18,166.689353
7.5109525,18,166.696471
7.5048833,18,166.704523
7.496981,18,166.716492
7.484057,18,166.726641
7.4758735,18,167.157269
7.510014,18,167.164197
7.505178,18,167.171018
7.4581103,18,167.17778
7.503062,18,167.186294
7.4733033,18,167.194407
7.504275,18,167.200793
7.4613113,18,167.207753
7.4844613,18,167.214492
7.505199,18,167.221282
7.4433417,18,167.228042
7.496858,18,167.234443
7.5415044,18,167.240938
7.5047374,18,167.247436
7.5035205,18,167.667005
7.479714,18,167.674041
7.504933,18,167.68026
7.5062013,18,167.686478
7.5015492,18,167.692821
7.498856,18,167.699002
7.502747,18,167.705615
7.5036197,18,167.714355
7.505112,18,167.720793
7.507158,18,167.727428
7.5023675,18,167.733761
7.5053,18,167.740167
7.505202,18,167.746189
7.4919143,18,167.752433
7.475781,18,168.170325
7.5062175,18,168.176658
7.5012937,18,168.182728
7.5065284,18,168.189952
7.5050893,18,168.196548
7.5051827,18,168.203249
7.5033784,18,168.210592
7.504518,18,168.217762
7.4638143,18,168.225041
7.513268,18,168.232727
7.5034003,18,168.248298
7.5043597,18,168.259863
7.464504,18,168.273733
7.506108,18,168.284074
7.5040994,18,168.292613
7.447146,18,169.033715
7.504968,18,169.040543
7.5046887,18,169.046832
7.5005803,18,169.053261
7.511372,18,169.111728
7.455873,18,169.118351
7.506944,18,169.125197
7.505322,18,169.131795
7.4883723,18,169.138236
7.5039945,18,169.144612
7.504,18,169.150854
7.507114,18,169.157316
7.5047307,18,169.163952
7.3968787,18,169.170245
7.50341,18,169.599275
7.4930224,18,169.607287
7.50283,18,169.614445
7.505837,18,169.625906
7.506479,18,169.641633
7.5037837,18,169.656675
7.506161,18,169.671639
7.504497,18,169.682441
7.502937,18,169.699868
7.50604,18,169.721235
7.4116607,18,169.746166
7.4143023,18,169.754327
7.503879,18,169.761549
7.504028,18,169.769362
7.5286055,18,170.280616
7.4649587,18,170.287079
7.505873,18,170.293695
7.5026803,18,170.29997
7.484409,18,170.306283
7.505548,18,170.312521
7.5120983,18,170.318995
7.4749284,18,170.325579
7.505629,18,170.331977
7.5004544,18,170.33838
7.5053105,18,170.344517
7.5047927,18,170.350572
7.50479,18,170.357045
7.503795,18,170.363155
7.505193,18,171.01216
7.5060534,18,171.021854
7.5065694,18,171.028121
7.5051246,18,171.035493
7.48369,18,171.04247
7.505485,18,171.049034
7.4734826,18,171.055533
7.472738,18,171.061769
7.5068316,18,171.068072
7.505507,18,171.074521
7.455606,18,171.080861
7.404186,18,171.087314
7.4993644,18,171.093716
7.5071425,18,171.099987
7.495263,18,171.106274
7.5048404,18,171.523929
7.4848523,18,171.531107
7.505181,18,171.53783
7.5061707,18,171.54681
7.502897,18,171.55551
7.5065856,18,171.561932
7.5067506,18,171.573073
7.502625,18,171.581997
7.5019603,18,171.592759
7.4821157,18,171.606983
7.5045276,18,171.617814
7.507441,18,171.626723
7.5069385,18,171.634522
7.5047793,18,171.64177
7.513204,18,172.25025
7.4036694,18,172.257227
7.5074506,18,172.26354
7.5079036,18,172.270029
7.4955535,18,172.276311
7.47015,18,172.282529
7.4790406,18,172.28912
7.4990697,18,172.296975
7.488457,18,172.304136
7.5063386,18,172.310472
7.4810286,18,172.316673
7.4882984,18,172.323331
7.4735503,18,172.329729
7.506554,18,172.336315
7.4405537,18,172.735711
7.5144525,18,172.742081
7.5033593,18,172.748253
7.506039,18,172.754588
7.473938,18,172.760753
7.4932094,18,172.766824
7.471392,18,172.773207
7.501658,18,172.77933
7.50949,18,172.785688
7.4866676,18,172.792225
7.4996266,18,172.798573
7.4826007,18,172.80493
7.494596,18,172.811045
7.505763,18,172.817121
7.5055127,18,173.234884
7.4969945,18,173.244142
7.4827924,18,173.250708
7.5064864,18,173.257548
7.4940753,18,173.263793
7.505156,18,173.270207
7.4893174,18,173.276602
7.5064116,18,173.282792
7.506789,18,173.289156
7.44926,18,173.295349
7.5056443,18,173.301483
7.487909,18,173.307734
7.476054,18,173.313878
7.493546,18,173.320068
7.488403,18,173.716462
7.5055184,18,173.723423
7.506004,18,173.781029
7.5051284,18,173.787697
7.504817,18,173.794406
7.5028014,18,173.800556
7.497001,18,173.806923
7.4401236,18,173.813175
7.488356,18,173.819708
7.396339,18,173.826007
7.5063143,18,173.832
7.499581,18,173.838466
7.5037074,18,173.844925
7.506242,18,173.851433
7.498427,18,173.857749
7.4529986,18,174.255926
7.426587,18,174.262539
7.46555,18,174.268805
7.483647,18,174.275028
7.5054374,18,174.281197
7.49429,18,174.2874
7.5041375,18,174.296048
7.4813886,18,174.302421
7.5059342,18,174.309092
7.459088,18,174.315391
7.4727407,18,174.321825
7.5066767,18,174.328451
7.5057015,18,174.334946
7.5027776,18,174.341411
7.5035214,18,175.05029
7.4647393,18,175.057215
7.4879937,18,175.063861
7.5047164,18,175.070487
7.5044208,18,175.076999
7.3729606,18,175.083538
7.5056357,18,175.090252
7.459042,18,175.096552
7.502878,18,175.102889
7.530645,18,175.109435
7.5055776,18,175.11573
7.4042716,18,175.122197
7.5028625,18,175.128434
7.5127773,18,175.134547
7.5061965,18,175.54642
7.498159,18,175.552658
7.545398,18,175.559214
7.5053563,18,175.568334
7.5075746,18,175.575343
7.5052648,18,175.581651
7.5053754,18,175.588259
7.505447,18,175.594502
7.503925,18,175.600633
7.4783745,18,175.607776
7.5069222,18,175.614123
7.5061383,18,175.620674
7.5028825,18,175.626867
7.5057874,18,175.632871
7.500033,18,176.339331
7.486342,18,176.345994
7.508008,18,176.352085
7.4769783,18,176.358157
7.490077,18,176.364154
7.5025887,18,176.370464
7.503327,18,176.377054
7.493328,18,176.383299
7.505713,18,176.389492
7.5035377,18,176.397992
7.434824,18,176.404439
7.5061107,18,176.410744
7.5081387,18,176.416868
7.5483165,18,176.423154
7.506417,18,176.429284
7.506662,18,176.829408
7.503199,18,176.835801
7.485452,18,176.842453
7.494962,18,176.849021
7.506393,18,176.855945
7.514501,18,176.862618
7.5036254,18,176.869488
7.5056386,18,176.876301
7.5027966,18,176.882629
7.4152412,18,176.889453
7.4288735,18,176.896268
7.5018544,18,176.903014
7.505261,18,176.909767
7.504582,18,176.916025
7.531821,18,177.344345
7.504826,18,177.350892
7.489921,18,177.357438
7.504109,18,177.363643
7.481452,18,177.370229
7.4754624,18,177.376668
7.4949393,18,177.382929
7.5069427,18,177.389481
7.4280534,18,177.395896
7.505339,18,177.402351
7.505882,18,177.408696
7.496349,18,177.414908
7.512982,18,177.421476
7.5044065,18,177.427979
7.5047417,18,177.856963
7.5181303,18,177.863782
7.4840655,18,177.873881
7.462039,18,177.880273
7.3954244,18,177.886585
7.504132,18,177.893167
7.5054994,18,177.899348
7.5397916,18,177.906039
7.5044312,18,177.912204
7.507776,18,177.918546
7.502173,18,177.925051
7.5012918,18,177.93146
7.4844203,18,177.938022
7.5086246,18,177.995946
7.504023,18,178.393809
7.5321155,18,178.401099
7.5004888,18,178.407626
7.5051622,18,178.414057
7.504828,18,178.420412
7.3841124,18,178.426583
7.505854,18,178.432733
7.5125995,18,178.439425
7.5057435,18,178.445903
7.500767,18,178.452474
7.5083222,18,178.458723
7.50602,18,178.464869
7.4913673,18,178.471315
7.5057397,18,178.47778
7.480869,18,179.10338
7.527101,18,179.110862
7.5036864,18,179.118566
7.403322,18,179.125739
7.4237394,18,179.132887
7.433435,18,179.140265
7.505877,18,179.147355
7.5063343,18,179.154797
7.498345,18,179.163334
7.5033994,18,179.172267
7.4898705,18,179.180592
7.4900517,18,179.187626
7.490299,18,179.194336
7.5062747,18,179.200649
7.504514,18,179.207899
7.5036683,18,179.619742
7.5039115,18,179.626363
7.549606,18,179.632712
7.5049777,18,179.639332
7.506968,18,179.645709
7.505614,18,179.652035
7.534966,18,179.658388
7.431218,18,179.664685
7.4638658,18,179.671405
7.4254637,18,179.677728
7.492928,18,179.683985
7.506,18,179.693227
7.4921317,18,179.699521
7.5048833,18,179.706028
7.419462,18,180.11513
7.5023494,18,180.121886
7.5058284,18,180.128642
7.51008,18,180.135247
7.5059257,18,180.14198
7.503225,18,180.148203
7.4950747,18,180.155061
7.5039086,18,180.161883
7.478396,18,180.168407
7.4997315,18,180.17511
7.4810133,18,180.181346
7.428001,18,180.187894
7.506293,18,180.194329
7.491631,18,180.20038
7.505182,18,180.624006
7.503453,18,180.632581
7.504603,18,180.639852
7.4984155,18,180.646442
7.5049815,18,180.652864
7.504806,18,180.659804
7.5022845,18,180.666154
7.495813,18,180.67265
7.5063186,18,180.678883
7.506577,18,180.685191
7.5065236,18,180.691936
7.504129,18,180.698505
7.5140758,18,180.70501
7.4852133,18,180.711446
7.5041347,18,181.126001
7.5064006,18,181.132405
7.5065503,18,181.138738
7.5048556,18,181.14494
7.5060763,18,181.151178
7.5048447,18,181.159001
7.506067,18,181.166375
7.505669,18,181.17299
7.5065722,18,181.179273
7.505518,18,181.185571
7.5027804,18,181.192101
7.5049453,18,181.198379
7.502831,18,181.20471
7.5063615,18,181.210852
7.505191,18,181.216929
7.504556,18,181.618849
7.5037704,18,181.625173
7.4995475,18,181.631265
7.534654,18,181.637894
7.5060115,18,181.644228
7.5024047,18,181.650416
7.5444074,18,181.656684
7.4216924,18,181.662859
7.5023556,18,181.669141
7.505587,18,181.675376
7.4855275,18,181.683019
7.5062537,18,181.690184
7.438872,18,181.697349
7.5066185,18,181.703882
7.4955344,18,182.11304
7.5002027,18,182.119932
7.5323343,18,182.126541
7.505259,18,182.132935
7.504948,18,182.13973
7.498896,18,182.145946
7.5046477,18,182.152259
7.463506,18,182.15866
7.4902205,18,182.164994
7.50475,18,182.171516
7.5061584,18,182.229132
7.5048842,18,182.235549
7.4885535,18,182.242171
7.4366107,18,182.24851
7.5064273,18,182.652894
7.506577,18,182.659098
7.427607,18,182.665082
7.5056987,18,182.671578
7.424996,18,182.677804
7.4409957,18,182.683953
7.505049,18,182.690893
7.505735,18,182.697301
7.5101695,18,182.703709
7.5032105,18,182.709873
7.5032096,18,182.715852
7.5421777,18,182.722102
7.4703207,18,182.72824
7.500445,18,182.7371
7.504994,18,183.134468
7.5061035,18,183.141431
7.4969068,18,183.150592
7.4734073,18,183.157513
7.504622,18,183.163926
7.5047727,18,183.170434
7.4875827,18,183.176893
7.5048823,18,183.183086
7.4975915,18,183.18958
7.5022044,18,183.195824
7.4733176,18,183.202281
7.5376897,18,183.208524
7.5051265,18,183.214713
7.5293846,18,183.221287
7.50669,18,183.633848
7.5028405,18,183.640899
7.494141,18,183.647242
7.4858966,18,183.654054
7.5048003,18,183.66058
7.4588227,18,183.66687
7.530173,18,183.673398
7.5030923,18,183.682144
7.504802,18,183.688934
7.5434318,18,183.695505
7.430158,18,183.702025
7.504722,18,183.708443
7.469278,18,183.714769
7.5046716,18,183.721153
7.4807363,18,183.727248
7.506387,18,184.139043
7.503486,18,184.14581
7.504806,18,184.152456
7.5006347,18,184.159021
7.4908214,18,184.16531
7.505034,18,184.171897
7.506389,18,184.178343
7.5062814,18,184.184548
7.505608,18,184.190852
7.4972005,18,184.197003
7.4875093,18,184.205146
7.505634,18,184.21234
7.5396013,18,184.218868
7.5180287,18,184.225173
7.505752,18,184.790895
7.505535,18,184.798101
7.507098,18,184.805281
7.5022607,18,184.812914
7.500049,18,184.820714
7.543118,18,184.827283
7.5062213,18,184.833568
7.482781,18,184.840469
7.492681,18,184.847053
7.5444617,18,184.855999
7.4950266,18,184.863312
7.4742217,18,184.869864
7.4799104,18,184.877031
7.5025687,18,184.883413
7.475872,18,185.284805
7.4329877,18,185.29139
7.5054727,18,185.29807
7.424356,18,185.305014
7.4784417,18,185.311719
7.490624,18,185.318352
7.539313,18,185.325121
7.5245442,18,185.331431
7.5067086,18,185.337875
7.433718,18,185.344246
7.447867,18,185.350368
7.504536,18,185.356425
7.503613,18,185.362529
7.499333,18,185.369172
7.5024247,18,185.796545
7.5089526,18,185.804156
7.478704,18,185.810769
7.501777,18,185.817018
7.3545775,18,185.823391
7.509234,18,185.829645
7.3818946,18,185.836035
7.4071364,18,185.842178
7.430904,18,185.848375
7.5381293,18,185.854552
7.5394006,18,185.861158
7.474404,18,185.867715
7.504198,18,185.873805
7.50524,18,185.880329
7.474177,18,185.886742
7.5204387,18,186.301266
7.505326,18,186.307969
7.5055614,18,186.314408
7.46483,18,186.321158
7.5046353,18,186.330142
7.5032554,18,186.336712
7.5051885,18,186.343229
7.479091,18,186.349652
7.4660583,18,186.406752
7.5512176,18,186.413325
7.4120955,18,186.419906
7.479633,18,186.426235
7.5474505,18,186.434831
7.505421,18,186.441453
7.505605,18,186.844362
7.480469,18,186.853823
7.4704013,18,186.860855
7.5436244,18,186.867421
7.5542283,18,186.873964
7.5017543,18,186.880351
7.459497,18,186.886877
7.420669,18,186.893296
7.4685206,18,186.899697
7.4133353,18,186.906007
7.5046825,18,186.912406
7.5049157,18,186.918644
7.481095,18,186.924739
7.5056386,18,186.930731
7.357612,18,187.333797
7.4562945,18,187.340567
7.5315413,18,187.346673
7.489858,18,187.353008
7.5048146,18,187.359484
7.493936,18,187.36877
7.4976535,18,187.375485
7.3987765,18,187.381801
7.4869885,18,187.388418
7.50621,18,187.394824
7.506211,18,187.40133
7.400498,18,187.407888
7.5051217,18,187.414252
7.500076,18,187.420688
7.489471,18,188.027863
7.503634,18,188.03463
7.417752,18,188.041318
7.5056663,18,188.047679
7.506063,18,188.054425
7.510222,18,188.060722
7.475159,18,188.066793
7.479905,18,188.073747
7.4988203,18,188.079865
7.5031877,18,188.085934
7.3985133,18,188.092306
7.5069623,18,188.098572
7.501576,18,188.10511
7.5045943,18,188.111366
7.503328,18,188.517953
7.5056224,18,188.524627
7.505464,18,188.53087
7.5070148,18,188.537151
7.543267,18,188.543393
7.506332,18,188.552698
7.4901123,18,188.559363
7.4430118,18,188.56573
7.508961,18,188.572103
7.4081388,18,188.57838
7.502976,18,188.584704
7.506496,18,188.590985
7.480658,18,188.597162
7.4684863,18,188.603532
7.546347,18,188.609846
7.5036206,18,189.014522
7.5062413,18,189.021377
7.5062814,18,189.027892
7.517856,18,189.034342
7.5130677,18,189.040965
7.468921,18,189.047307
7.5047374,18,189.054038
7.4807067,18,189.060412
7.4662647,18,189.066659
7.474854,18,189.07329
7.501756,18,189.082135
7.5007577,18,189.08869
7.473129,18,189.095136
7.435965,18,189.10173
7.436209,18,189.502356
7.49843,18,189.510101
7.502936,18,189.516496
7.503733,18,189.523262
7.504086,18,189.529693
7.5040975,18,189.536021
7.504603,18,189.542358
7.4761596,18,189.548584
7.5378222,18,189.554946
7.5074124,18,189.561216
7.505113,18,189.567418
7.504791,18,189.57364
7.5012574,18,189.579709
7.5001616,18,189.585894
7.506434,18,189.984683
7.498034,18,189.991326
7.4961314,18,189.997683
7.4538,18,190.004091
7.487329,18,190.010394
7.540137,18,190.01666
7.506517,18,190.026172
7.505531,18,190.032462
7.5051026,18,190.039135
7.5045877,18,190.045466
7.498654,18,190.05182
7.5036893,18,190.057967
7.4940886,18,190.064044
7.499971,18,190.070379
7.5012565,18,190.465689
7.504843,18,190.472298
7.4947467,18,190.478471
7.503946,18,190.484669
7.4796004,18,190.49101
7.5066485,18,190.49721
7.42845,18,190.555642
7.47792,18,190.562066
7.506662,18,190.56833
7.5067506,18,190.574692
7.506573,18,190.580871
7.491733,18,190.587473
7.497379,18,190.594043
7.505242,18,190.600442
7.467175,18,190.606612
7.5081525,18,191.006094
7.507643,18,191.012558
7.5024304,18,191.018891
7.5064645,18,191.025044
7.5355983,18,191.031046
7.5063386,18,191.037354
7.509068,18,191.043891
7.5039916,18,191.050244
7.5055137,18,191.056469
7.505202,18,191.062482
7.50547,18,191.068775
7.507812,18,191.078408
7.507572,18,191.084669
7.50614,18,191.091285
7.478439,18,191.502386
7.506976,18,191.509331
7.5001683,18,191.515578
7.4947486,18,191.522154
7.488231,18,191.52843
7.514567,18,191.534798
7.451692,18,191.541586
7.4717126,18,191.548115
7.5050797,18,191.554672
7.504838,18,191.561066
7.4888973,18,191.567273
7.4204373,18,191.57345
7.1568217,18,191.579887
7.5051007,18,191.586357
7.5048842,18,191.993552
7.5048776,18,191.999847
7.505715,18,192.00661
7.5064883,18,192.012824
7.506188,18,192.021205
7.46925,18,192.028643
7.5027432,18,192.035242
7.495685,18,192.041936
7.4954658,18,192.048326
7.503261,18,192.054837
7.5061584,18,192.061288
7.4682064,18,192.067665
7.5050883,18,192.074253
7.5042357,18,192.080717
7.5031724,18,192.530425
7.503426,18,192.539399
7.4714837,18,192.546409
7.5103774,18,192.552934
7.5052104,18,192.559497
7.50487,18,192.565851
7.5448184,18,192.572332
7.504068,18,192.578667
7.4997334,18,192.585079
7.5045896,18,192.59142
7.537947,18,192.597634
7.5053706,18,192.604032
7.5055375,18,192.610291
7.4130797,18,192.616426
7.5062385,18,193.012064
7.506412,18,193.018898
7.510302,18,193.025269
7.5042224,18,193.031412
7.504741,18,193.0378
7.4935374,18,193.04391
7.4860435,18,193.050012
7.4907737,18,193.059086
7.508181,18,193.06552
7.502113,18,193.07234
7.486344,18,193.078696
7.5055737,18,193.085154
7.5046983,18,193.091591
7.4840035,18,193.097896
7.416035,18,193.104608
7.5063987,18,193.504337
7.4992156,18,193.510784
7.4998803,18,193.517071
7.505177,18,193.523777
7.50549,18,193.530047
7.505094,18,193.536462
7.5074553,18,193.54296
7.491286,18,193.549348
7.503121,18,193.556033
7.5056634,18,193.56231
7.5044255,18,193.56855
7.4271903,18,193.574762
7.491467,18,193.583554
7.4557986,18,193.590398
7.5069327,18,194.00523
7.5041876,18,194.011812
7.505611,18,194.018172
7.50411,18,194.024593
7.50666,18,194.030837
7.503165,18,194.03717
7.499924,18,194.043508
7.500672,18,194.050068
7.504144,18,194.056327
7.4915376,18,194.062406
7.505097,18,194.068613
7.504876,18,194.074891
7.4817348,18,194.081057
7.505902,18,194.087894
7.506327,18,194.489996
7.505031,18,194.496834
7.4748683,18,194.503574
7.4999976,18,194.562425
7.5038486,18,194.568756
7.5048842,18,194.575598
7.3996034,18,194.582115
7.463295,18,194.588641
7.5043902,18,194.594864
7.5039763,18,194.600965
7.504662,18,194.607464
7.5029454,18,194.613789
7.481629,18,194.620283
7.5084066,18,194.628951
7.505035,18,195.024522
7.5049024,18,195.030873
7.505179,18,195.037195
7.504376,18,195.043571
7.5005383,18,195.053051
7.505239,18,195.059764
7.504621,18,195.06626
7.5063987,18,195.072762
7.5049396,18,195.07931
7.4278407,18,195.08584
7.5064692,18,195.092521
7.5057893,18,195.098844
7.5046315,18,195.105255
7.5058017,18,195.11174
7.5056834,18,195.11907
7.476681,18,195.644497
7.5057797,18,195.65085
7.5014567,18,195.657935
7.504625,18,195.66426
7.4804206,18,195.670649
7.5498433,18,195.677136
7.4262633,18,195.683474
7.5020323,18,195.689768
7.388669,18,195.695964
7.5051236,18,195.702174
7.506065,18,195.708862
7.5064263,18,195.714981
7.481217,18,195.721353
7.490169,18,195.729747
7.439916,18,196.127665
7.4983544,18,196.134028
7.5041347,18,196.140661
7.50479,18,196.149595
7.497763,18,196.156273
7.506556,18,196.163126
7.505931,18,196.169844
7.50464,18,196.176307
7.463425,18,196.182617
7.504542,18,196.189105
7.5073776,18,196.195338
7.50137,18,196.201616
7.4893003,18,196.207768
7.4934373,18,196.213813
7.4621806,18,196.622365
7.504338,18,196.628697
7.5064445,18,196.635238
7.507609,18,196.641861
7.506048,18,196.648128
7.503135,18,196.654545
7.5045924,18,196.660782
7.503837,18,196.666913
7.50145,18,196.673735
7.4784694,18,196.68274
7.5042763,18,196.690046
7.508395,18,196.696665
7.487087,18,196.703165
7.505341,18,196.709728
7.4760613,18,197.137935
7.4455357,18,197.144827
7.5015674,18,197.151381
7.5068803,18,197.157838
7.506437,18,197.164106
7.4829707,18,197.170776
7.472862,18,197.177827
7.470055,18,197.184114
7.5057864,18,197.190522
7.4865575,18,197.196817
7.448063,18,197.204716
7.493997,18,197.210915
7.5047927,18,197.217861
7.4925256,18,197.224153
7.5034623,18,197.624799
7.4915633,18,197.633474
7.5044017,18,197.643722
7.5063167,18,197.653607
7.4753222,18,197.7224
7.5059867,18,197.766365
7.5019145,18,197.773735
7.505381,18,197.795893
7.5052686,18,197.803142
7.5059896,18,197.810006
7.507809,18,197.816143
7.463987,18,197.822394
7.506026,18,197.828454
7.376143,18,197.834718
7.5039067,18,197.841365
7.5057807,18,198.255199
7.4729505,18,198.261442
7.5053124,18,198.267643
7.458911,18,198.275375
7.505729,18,198.282836
7.422895,18,198.289388
7.4996514,18,198.295559
7.473668,18,198.301709
7.506292,18,198.307946
7.4848485,18,198.314099
7.504089,18,198.320469
7.5042243,18,198.326779
7.5069733,18,198.333138
7.504193,18,198.33952
7.4845085,18,198.79171
7.4972663,18,198.79815
7.504323,18,198.808596
7.4879766,18,198.815322
7.492495,18,198.822172
7.4744596,18,198.828619
7.5028768,18,198.835042
7.4366455,18,198.841422
7.5040207,18,198.847731
7.4991994,18,198.854284
7.4978294,18,198.860364
7.5071445,18,198.866335
7.506651,18,198.87257
7.4354215,18,198.878911
7.4696627,18,199.275415
7.5067973,18,199.281698
7.549401,18,199.28822
7.461387,18,199.29498
7.5061307,18,199.301297
7.5047,18,199.307595
7.4991603,18,199.313739
7.5038953,18,199.319911
7.5047984,18,199.326076
7.5002666,18,199.33489
7.492108,18,199.341213
7.5058017,18,199.347343
7.5070357,18,199.353505
7.432157,18,199.359587
7.5041785,18,199.753568
7.5047345,18,199.761298
7.4928727,18,199.767434
7.5000234,18,199.773566
7.4769225,18,199.779598
7.424275,18,199.785961
7.471537,18,199.792342
7.4958553,18,199.798544
7.4974027,18,199.805452
7.504275,18,199.812432
7.3596616,18,199.818593
7.504131,18,199.825017
7.506245,18,199.831266
7.424533,18,199.83753
7.5060306,18,199.84353
7.493667,18,200.250356
7.501164,18,200.257198
7.4451113,18,200.263452
7.548182,18,200.2716
7.460878,18,200.278908
7.5074944,18,200.285247
7.484863,18,200.291395
7.455247,18,200.297414
7.5020146,18,200.303675
7.506367,18,200.309977
7.504394,18,200.316098
7.5038266,18,200.322344
7.5077076,18,200.328487
7.501888,18,200.334647
7.498133,18,200.730487
7.4793324,18,200.737332
7.448071,18,200.743786
7.5054193,18,200.750142
7.5036798,18,200.756846
7.445419,18,200.763187
7.500262,18,200.769805
7.50695,18,200.776018
7.485577,18,200.782064
7.5061126,18,200.788553
7.5026565,18,200.794878
7.49336,18,200.803717
7.48191,18,200.810158
7.506336,18,200.816466
7.5021205,18,201.207997
7.477122,18,201.214324
7.485979,18,201.223304
7.501429,18,201.230487
7.506465,18,201.236909
7.505365,18,201.243218
7.4972816,18,201.249427
7.435391,18,201.255843
7.4914727,18,201.261904
7.451279,18,201.268071
7.5068874,18,201.274578
7.5032725,18,201.280957
7.472892,18,201.287634
7.505901,18,201.293919
7.505245,18,201.69698
7.4702106,18,201.703606
7.50178,18,201.710013
7.4694166,18,201.716296
7.5050015,18,201.722978
7.5033956,18,201.729191
7.505835,18,201.735462
7.5473466,18,201.743175
7.462818,18,201.750403
7.5041795,18,201.757323
7.504931,18,201.763767
7.482716,18,201.77025
7.5031285,18,201.776639
7.4955115,18,201.782967
7.48575,18,202.177215
7.494431,18,202.183562
7.5080333,18,202.190386
7.5061173,18,202.196785
7.505711,18,202.203528
7.503736,18,202.209812
7.506284,18,202.215961
7.506671,18,202.222583
7.5065074,18,202.22874
7.504044,18,202.234925
7.5058074,18,202.241223
7.4992976,18,202.247406
7.503651,18,202.305074
7.4834266,18,202.31146
7.5062785,18,202.317925
7.503615,18,202.711615
7.5057817,18,202.717901
7.5054193,18,202.724655
7.5050807,18,202.730872
7.5057807,18,202.737707
7.506289,18,202.744147
7.506215,18,202.75047
7.50573,18,202.756695
7.467139,18,202.762725
7.483008,18,202.768877
7.4852242,18,202.775286
7.475927,18,202.781615
7.5062423,18,202.787993
7.490993,18,202.796562
7.4951887,18,203.18861
7.499844,18,203.194928
7.5070577,18,203.201353
7.505409,18,203.207946
7.5045896,18,203.21428
7.501695,18,203.222954
7.5059886,18,203.229653
7.5011697,18,203.236123
7.5059876,18,203.242373
7.50526,18,203.24848
7.456606,18,203.254808
7.4970813,18,203.260888
7.4974074,18,203.266881
7.505567,18,203.273217
7.41994,18,203.77257
7.4349785,18,203.778797
7.491705,18,203.785127
7.506636,18,203.79149
7.5003085,18,203.797658
7.3562107,18,203.804288
7.448093,18,203.810609
7.491521,18,203.816784
7.50315,18,203.823032
7.4607143,18,203.829183
7.496444,18,203.835426
7.505774,18,203.841594
7.505279,18,203.85049
7.4864583,18,203.856943
7.5027614,18,204.248252
7.502894,18,204.254684
7.49023,18,204.260862
7.498141,18,204.26994
7.5060096,18,204.276289
7.5043597,18,204.282453
7.5065312,18,204.289038
7.5052514,18,204.295349
7.50662,18,204.301701
7.471591,18,204.307905
7.478192,18,204.313935
7.4978843,18,204.32077
7.504292,18,204.32698
7.506685,18,204.333136
7.50468,18,204.3394
7.5038857,18,204.735553
7.427427,18,204.742263
7.5064836,18,204.748532
7.5054812,18,204.755104
7.4214416,18,204.761512
7.5065303,18,204.767882
7.5043817,18,204.774249
7.508484,18,204.780569
7.50706,18,204.78702
7.5001254,18,204.795566
7.5070434,18,204.802114
7.502773,18,204.808656
7.50526,18,204.814937
7.502135,18,204.821265
7.5032716,18,205.219052
7.48177,18,205.225577
7.5047784,18,205.231843
7.503898,18,205.238581
7.432702,18,205.244978
7.502977,18,205.251389
7.4682727,18,205.257631
7.5050282,18,205.26367
7.4374986,18,205.270192
7.5044627,18,205.276582
7.501222,18,205.282814
7.5069947,18,205.289179
7.4667172,18,205.295434
7.4617896,18,205.301683
7.449947,18,205.694155
7.5108767,18,205.700415
7.505059,18,205.70715
7.460928,18,205.713476
7.5063443,18,205.720126
7.4713497,18,205.726588
7.4534736,18,205.734636
7.479756,18,205.742128
7.5076003,18,205.74829
7.505038,18,205.754669
7.4935117,18,205.76102
7.5058,18,205.767401
7.50489,18,205.773833
7.5492206,18,205.780068
7.505749,18,206.182115
7.503017,18,206.188762
7.506525,18,206.19485
7.504974,18,206.200969
7.5067163,18,206.207442
7.5052342,18,206.213422
7.5053916,18,206.219509
7.500585,18,206.225565
7.5048614,18,206.231596
7.5011163,18,206.291552
7.492539,18,206.298903
7.495706,18,206.306067
7.4291897,18,206.312926
7.5048537,18,206.319607
