#{"t_start": 1763888082.012668, "env_id": "None"}
r,l,t
4.9777694,18,0.022179
5.789226,18,0.028729
4.19971,18,0.035386
4.818979,18,0.042093
5.394569,18,0.048588
3.8650544,18,0.055066
4.672449,18,0.061716
3.0745084,18,0.071703
2.9073884,18,0.103388
4.479901,18,0.122984
5.0539527,18,0.14015
4.455212,18,0.146787
3.86326,18,0.153588
3.9659784,18,0.160062
2.9627502,18,0.582706
4.388249,18,0.589363
4.2698956,18,0.595696
4.936472,18,0.602175
4.9591746,18,0.608518
4.593502,18,0.614735
5.112613,18,0.621733
3.8413823,18,0.62802
3.812338,18,0.634434
6.155378,18,0.643161
4.7031116,18,0.649485
5.1304765,18,0.656213
3.328598,18,0.662599
2.6399248,18,0.669089
5.3260326,18,1.074157
5.0462484,18,1.080562
3.1402843,18,1.087459
4.550479,18,1.093796
3.5880384,18,1.100094
4.98701,18,1.107195
4.125821,18,1.113667
4.2222567,18,1.120326
5.421043,18,1.126704
3.2649329,18,1.133037
3.8231902,18,1.139421
4.0517654,18,1.145741
4.7039213,18,1.152094
4.6785035,18,1.158367
5.099963,18,1.570113
3.6227434,18,1.57834
4.3189545,18,1.585922
4.537227,18,1.592509
5.2403455,18,1.598911
5.0884295,18,1.605311
5.1064153,18,1.61177
4.205237,18,1.618458
4.22431,18,1.624976
4.936836,18,1.631357
2.5081701,18,1.63785
4.6742244,18,1.644275
5.376522,18,1.650661
5.7234406,18,1.65712
4.293133,18,2.08834
4.2340283,18,2.094799
4.067297,18,2.105058
4.0675106,18,2.111796
4.3358097,18,2.119635
6.06993,18,2.126414
6.965984,18,2.132946
4.6813736,18,2.140403
3.686532,18,2.146716
6.0380507,18,2.153978
4.049016,18,2.160459
5.1453,18,2.16689
4.453843,18,2.173988
5.4908853,18,2.180276
3.4721527,18,2.187453
5.490346,18,2.607702
4.21465,18,2.614229
5.2401247,18,2.620866
4.802779,18,2.629793
5.060132,18,2.636666
4.7426414,18,2.643263
3.4615192,18,2.649711
3.2779934,18,2.656076
5.521768,18,2.662406
5.101573,18,2.669033
5.7499213,18,2.675306
6.667834,18,2.681653
5.350564,18,2.688052
5.623998,18,2.694337
5.602113,18,3.111905
5.431523,18,3.119071
4.714387,18,3.125838
4.6175375,18,3.132402
5.6327047,18,3.139512
5.0437517,18,3.200405
4.139121,18,3.216523
6.3382435,18,3.224301
4.466729,18,3.230792
5.243788,18,3.238219
5.5881934,18,3.244766
5.241441,18,3.254539
4.9656405,18,3.261582
4.888581,18,3.268136
4.801352,18,3.705943
5.082612,18,3.712514
5.247866,18,3.719467
6.113494,18,3.726295
7.0092416,18,3.732879
5.558234,18,3.739743
4.0942326,18,3.746106
5.507848,18,3.752935
6.23437,18,3.759613
5.7617245,18,3.766119
5.392777,18,3.772989
5.1251397,18,3.781862
6.464933,18,3.84163
5.732832,18,3.84889
5.075745,18,4.282804
5.9719887,18,4.289667
6.1335344,18,4.29625
6.716285,18,4.306012
4.270523,18,4.312752
5.211785,18,4.319395
5.363736,18,4.32592
6.410436,18,4.332277
5.967996,18,4.338775
6.178665,18,4.3452
5.368207,18,4.351603
5.0608377,18,4.358039
5.7274423,18,4.364393
4.5616407,18,4.370718
5.9781923,18,4.37714
6.045167,18,4.79229
5.8557444,18,4.798907
6.182725,18,4.806415
6.024097,18,4.812812
5.5228047,18,4.820015
6.5284247,18,4.828789
5.6254306,18,4.835887
7.1651006,18,4.843859
5.337053,18,4.853424
4.8425813,18,4.861299
6.4371357,18,4.878603
6.047913,18,4.923197
7.5972757,18,4.941606
5.8992434,18,4.948172
5.465979,18,5.44682
6.0650725,18,5.454505
6.0147448,18,5.463472
5.5078626,18,5.470837
5.9854965,18,5.477402
6.5975785,18,5.483806
6.2138977,18,5.491127
6.1958413,18,5.49759
5.83934,18,5.504799
6.2127438,18,5.511165
4.7144427,18,5.517572
4.533036,18,5.52459
5.865168,18,5.530991
5.991686,18,5.538231
5.2226434,18,5.96576
6.037954,18,5.972594
6.399711,18,5.981628
6.5053086,18,5.988328
7.6570835,18,5.994705
6.1631618,18,6.001191
4.768362,18,6.007634
6.93572,18,6.014261
5.9393325,18,6.020694
5.336185,18,6.027
6.5313153,18,6.033297
6.905859,18,6.039726
5.168499,18,6.046072
5.0976233,18,6.052561
5.735555,18,6.463851
6.6577544,18,6.470629
5.828504,18,6.477011
5.005733,18,6.483297
7.2751856,18,6.489699
6.4531903,18,6.49601
5.632323,18,6.502644
5.7365575,18,6.511481
6.2518215,18,6.51799
6.6959434,18,6.524906
7.302693,18,6.531376
6.9744353,18,6.537891
5.4581347,18,6.544298
6.74027,18,6.55062
6.1069326,18,6.959296
5.7834525,18,6.965857
6.3949976,18,6.972742
3.704731,18,6.979464
5.8025002,18,6.986107
6.6163216,18,6.992472
6.0341077,18,6.998716
7.021646,18,7.005102
6.1922836,18,7.01153
6.579088,18,7.017939
5.227838,18,7.024309
6.1156406,18,7.03291
6.992753,18,7.039553
6.180005,18,7.045948
6.1589384,18,7.052411
6.2194386,18,7.459443
5.6364236,18,7.465798
6.9764204,18,7.472501
6.9337645,18,7.478979
5.249671,18,7.48551
6.271762,18,7.491905
6.373605,18,7.498245
5.6270704,18,7.505012
7.2934494,18,7.511454
6.619851,18,7.517952
6.7427545,18,7.524501
7.769552,18,7.530962
6.5777154,18,7.537392
5.423303,18,7.543626
6.2962537,18,7.969746
6.879477,18,7.979325
6.6760993,18,7.986644
6.632567,18,7.993221
6.1521206,18,7.999686
6.4492426,18,8.007214
6.5032897,18,8.013683
6.997554,18,8.021017
6.5219083,18,8.027576
5.44653,18,8.077025
6.213543,18,8.088871
6.2073097,18,8.095874
6.6734486,18,8.103287
6.380047,18,8.110329
6.057253,18,8.58868
6.315589,18,8.595196
6.4714675,18,8.604445
6.9603004,18,8.612138
6.229157,18,8.61942
6.176644,18,8.626365
6.0588355,18,8.632885
6.0658545,18,8.640125
7.057814,18,8.64662
7.5447187,18,8.653235
8.343481,18,8.659765
6.4741573,18,8.66617
6.1910834,18,8.672886
7.3825765,18,8.679176
6.5506816,18,9.084437
7.1371684,18,9.091581
6.6144156,18,9.098125
6.482885,18,9.104546
7.2996106,18,9.111029
6.6663,18,9.117328
7.5417905,18,9.126282
6.941227,18,9.132703
7.6566777,18,9.139252
6.7975264,18,9.145649
7.3554897,18,9.152179
5.617027,18,9.15852
6.836903,18,9.164773
6.087927,18,9.171221
7.5669456,18,9.17747
6.9942455,18,9.57991
6.795501,18,9.587049
7.5646443,18,9.593495
7.272268,18,9.599835
7.093236,18,9.606245
6.143176,18,9.61252
7.2058725,18,9.618915
7.188436,18,9.625227
6.562654,18,9.631658
7.509323,18,9.638293
7.04253,18,9.647001
6.178935,18,9.653644
5.6285515,18,9.660115
7.586922,18,9.666481
6.903955,18,10.070143
6.293719,18,10.076778
7.5200214,18,10.08312
7.1320777,18,10.089698
6.7396927,18,10.096178
7.2865906,18,10.102786
8.239079,18,10.10925
6.031786,18,10.115621
6.9512978,18,10.122115
7.455662,18,10.128489
7.265372,18,10.134829
6.2124515,18,10.141268
8.341796,18,10.147608
7.4206686,18,10.154029
6.6559467,18,10.559029
6.9264393,18,10.565653
6.519251,18,10.572106
6.9842935,18,10.57851
7.171717,18,10.585149
8.46503,18,10.594193
7.116682,18,10.600629
7.0537386,18,10.62209
8.125349,18,10.642172
7.6985283,18,10.649923
6.407243,18,10.656525
8.024226,18,10.662963
6.159345,18,10.669616
7.3299026,18,10.676071
7.8484683,18,11.080485
7.6525173,18,11.087273
8.100451,18,11.093777
7.520896,18,11.100119
7.7097063,18,11.106536
6.6755896,18,11.112886
7.798006,18,11.122322
7.388807,18,11.128813
7.1820655,18,11.135504
6.864623,18,11.141934
7.3580127,18,11.148291
7.448328,18,11.154701
7.198525,18,11.161089
7.8703556,18,11.167424
7.655953,18,11.570904
8.610721,18,11.577438
8.060934,18,11.5839
7.0624824,18,11.59071
7.4567842,18,11.597147
6.876452,18,11.603662
7.7298856,18,11.610034
8.101714,18,11.616395
7.6067796,18,11.622681
7.3272433,18,11.628982
6.776048,18,11.63761
7.4794393,18,11.64447
6.092054,18,11.650793
8.230168,18,11.65749
7.2785735,18,11.663884
6.649874,18,12.069033
8.05812,18,12.075497
7.488941,18,12.08213
7.253277,18,12.088556
8.195492,18,12.094881
7.991361,18,12.101357
7.3221884,18,12.148376
6.281254,18,12.154873
7.295779,18,12.16348
7.990544,18,12.170193
8.3084955,18,12.176665
7.3116035,18,12.182979
7.177598,18,12.18939
7.0684805,18,12.195657
7.576971,18,12.606317
8.421192,18,12.612845
7.208153,18,12.619482
7.41667,18,12.625923
6.9623337,18,12.632382
8.154751,18,12.638872
8.163741,18,12.645307
7.2420874,18,12.651753
7.2748613,18,12.658402
7.578069,18,12.664783
6.909104,18,12.671097
7.33871,18,12.677445
6.954681,18,12.685908
8.089795,18,12.692678
7.1136274,18,13.133649
8.252125,18,13.140515
8.369315,18,13.146953
6.7585964,18,13.15378
8.150387,18,13.160515
8.008684,18,13.169259
7.7428093,18,13.175841
6.957372,18,13.182192
7.9954133,18,13.188588
8.1895075,18,13.194906
7.6798887,18,13.201233
7.0370607,18,13.20759
6.8327727,18,13.214097
8.331709,18,13.220562
7.4322653,18,13.626173
8.863901,18,13.632684
7.741178,18,13.639424
8.807816,18,13.648529
7.449629,18,13.655357
7.776575,18,13.661873
6.8217883,18,13.668316
8.7722645,18,13.674727
7.762985,18,13.681259
8.943927,18,13.687933
7.929062,18,13.694236
8.058523,18,13.700463
7.3278966,18,13.70697
7.722452,18,13.713302
6.861189,18,13.719712
8.682013,18,14.12467
8.185074,18,14.13121
7.301742,18,14.137864
8.496796,18,14.144177
6.792123,18,14.150383
8.06889,18,14.156895
7.6137323,18,14.163392
9.003341,18,14.170064
8.231884,18,14.17851
8.100713,18,14.184923
8.2189245,18,14.191356
6.8119917,18,14.198007
7.4046283,18,14.2045
8.348079,18,14.210924
7.4133058,18,14.616883
8.198831,18,14.623297
8.595324,18,14.629593
8.596415,18,14.636002
8.293426,18,14.642243
7.8972464,18,14.648725
7.451911,18,14.655481
8.076441,18,14.661944
8.178609,18,14.668291
8.204761,18,14.674588
8.815412,18,14.680874
8.142373,18,14.68726
6.9062223,18,14.693579
8.248829,18,14.702335
8.402445,18,15.138142
8.222815,18,15.144669
8.557391,18,15.151183
8.477915,18,15.157884
7.9995975,18,15.164223
8.350694,18,15.170807
7.2474985,18,15.177189
8.628794,18,15.183439
7.9211254,18,15.189811
7.8272796,18,15.196224
8.026426,18,15.202668
7.684805,18,15.209069
8.143508,18,15.215448
7.2599525,18,15.224155
7.510262,18,15.627288
7.3894444,18,15.634014
8.878333,18,15.64297
8.491613,18,15.649359
9.118376,18,15.656316
7.537611,18,15.662812
8.192378,18,15.66929
8.112419,18,15.675573
8.612519,18,15.681827
8.055838,18,15.688362
8.849887,18,15.694765
8.62581,18,15.701198
8.646626,18,15.707621
7.1539154,18,15.71391
8.256061,18,16.11753
7.694031,18,16.124393
8.984979,18,16.130863
8.523577,18,16.137369
6.089106,18,16.186656
9.024324,18,16.193279
7.636105,18,16.199718
8.195883,18,16.206546
9.067079,18,16.21305
8.510678,18,16.219413
7.811751,18,16.225751
8.687601,18,16.232097
8.707824,18,16.238493
8.499693,18,16.244826
8.897353,18,16.251266
7.212232,18,16.657025
8.437538,18,16.663426
7.5723815,18,16.670034
8.227546,18,16.676442
7.8959336,18,16.684594
8.432789,18,16.691852
8.345812,18,16.6982
8.359332,18,16.70484
8.328831,18,16.711294
8.706335,18,16.717725
7.772092,18,16.724104
7.678737,18,16.730373
8.851129,18,16.736773
8.673544,18,16.743014
8.9062195,18,17.182901
7.894246,18,17.189603
8.561935,18,17.196036
9.076581,18,17.204039
8.743418,18,17.21157
8.029793,18,17.218055
8.961902,18,17.224715
7.6684737,18,17.231108
8.330269,18,17.237727
7.574327,18,17.244113
8.01233,18,17.250449
8.309492,18,17.256916
8.212412,18,17.263366
7.637094,18,17.269818
8.561348,18,17.675269
8.68244,18,17.681775
8.597372,18,17.688511
8.439978,18,17.694914
8.97635,18,17.701275
8.358926,18,17.707606
8.158447,18,17.713937
8.70602,18,17.720444
7.4347463,18,17.729216
8.309101,18,17.735929
8.789508,18,17.742324
8.463437,18,17.748648
8.715573,18,17.755019
8.26161,18,17.761401
8.038357,18,18.164766
8.245007,18,18.17149
8.570285,18,18.177869
9.119597,18,18.18426
8.382643,18,18.190926
9.167321,18,18.197376
8.405291,18,18.203818
9.222699,18,18.210046
7.2492533,18,18.216248
9.25259,18,18.222631
8.192824,18,18.228945
8.248565,18,18.235292
9.06939,18,18.243007
8.414586,18,18.250397
8.7133,18,18.257018
9.299269,18,18.65839
8.630707,18,18.667087
8.640542,18,18.674002
8.9690895,18,18.680463
8.326163,18,18.687246
8.89276,18,18.693777
7.544964,18,18.700134
9.150048,18,18.706808
8.249746,18,18.713202
8.470334,18,18.719735
8.482766,18,18.726021
8.090644,18,18.732269
8.093119,18,18.738744
7.8864927,18,18.745079
8.870981,18,19.184758
8.929804,18,19.191296
8.9181,18,19.20028
8.446879,18,19.206987
8.734464,18,19.213436
8.165595,18,19.219975
8.334129,18,19.226378
8.631271,18,19.232646
8.585926,18,19.23922
8.082388,18,19.245651
8.957833,18,19.25214
8.700887,18,19.258448
8.989612,18,19.264781
8.466142,18,19.271122
8.423033,18,19.673966
8.735961,18,19.680844
9.067734,18,19.687574
9.189657,18,19.693988
9.049242,18,19.700313
8.792675,18,19.706838
8.663213,18,19.713212
7.9925165,18,19.721869
9.320566,18,19.728412
8.493058,18,19.734895
8.789492,18,19.74119
8.736803,18,19.74747
8.635321,18,19.753843
8.637353,18,19.760168
7.7193727,18,20.165182
8.862587,18,20.212973
8.919312,18,20.219812
9.017636,18,20.226312
8.601991,18,20.232672
8.67583,18,20.239111
9.223831,18,20.247646
8.941468,18,20.254293
8.4127865,18,20.26072
9.094716,18,20.26707
9.191081,18,20.273471
9.159982,18,20.279814
9.028502,18,20.286143
8.953833,18,20.292378
8.797984,18,20.700476
9.205827,18,20.707252
8.846518,18,20.71372
8.670024,18,20.720422
8.348555,18,20.726813
8.841811,18,20.733123
9.075247,18,20.739519
9.014736,18,20.746176
8.837549,18,20.752716
8.71403,18,20.758994
9.055602,18,20.765321
8.636779,18,20.773937
8.842378,18,20.780431
8.669278,18,20.78695
8.467691,18,20.793227
8.913862,18,21.238071
7.917823,18,21.244517
8.67566,18,21.250958
9.228181,18,21.257329
8.611849,18,21.263625
9.306283,18,21.270056
8.939816,18,21.276533
8.843521,18,21.282876
8.885863,18,21.289261
8.865616,18,21.297937
8.487299,18,21.304517
9.274234,18,21.310966
7.936109,18,21.317278
9.0327425,18,21.323894
8.965202,18,21.729681
8.969004,18,21.736346
8.306551,18,21.742713
8.640914,18,21.749037
9.279746,18,21.75564
8.952,18,21.761923
8.30894,18,21.768277
8.845492,18,21.774571
8.615026,18,21.780853
8.167023,18,21.787259
9.020433,18,21.793512
8.611608,18,21.799705
9.2751045,18,21.806003
8.825245,18,21.812237
8.745582,18,22.223082
7.9739256,18,22.229517
9.015698,18,22.238433
9.159942,18,22.245443
8.899484,18,22.25211
9.259363,18,22.258635
8.307787,18,22.265011
8.956793,18,22.271609
9.059473,18,22.278103
9.4063425,18,22.284587
9.046174,18,22.291252
7.9782915,18,22.297631
9.244412,18,22.304086
9.218642,18,22.310405
9.21793,18,22.718182
9.248311,18,22.724627
8.974035,18,22.731138
9.19742,18,22.737872
9.097566,18,22.744335
8.272253,18,22.750721
9.10974,18,22.75708
9.17175,18,22.763439
9.434053,18,22.772996
8.834588,18,22.779464
8.97321,18,22.786109
9.1742,18,22.792469
9.203013,18,22.798802
9.107016,18,22.805317
9.102071,18,22.811694
9.3267355,18,23.250989
8.235424,18,23.257484
8.960838,18,23.263894
9.232792,18,23.270597
8.947246,18,23.277134
8.985305,18,23.283494
9.12083,18,23.290163
9.1687975,18,23.298896
8.923168,18,23.305583
9.024569,18,23.312001
8.7184305,18,23.318444
8.984233,18,23.324817
9.250363,18,23.331157
8.990309,18,23.337694
9.040083,18,23.741987
9.118867,18,23.748438
9.241825,18,23.755323
9.202592,18,23.761788
9.2283745,18,23.768453
9.045805,18,23.774738
9.10962,18,23.781101
8.977138,18,23.787694
8.953045,18,23.794045
8.947527,18,23.800291
9.317962,18,23.806705
8.825032,18,23.813045
8.973459,18,23.862753
8.865945,18,23.869712
9.166252,18,24.273678
9.049807,18,24.280395
9.112944,18,24.287093
8.96322,18,24.293532
9.284285,18,24.299853
9.150549,18,24.30638
9.267915,18,24.312703
9.2980385,18,24.31911
9.125694,18,24.325428
9.040377,18,24.33174
8.62761,18,24.338075
9.18139,18,24.346828
9.129765,18,24.353448
8.689245,18,24.359768
9.150959,18,24.765835
9.182833,18,24.772696
9.08571,18,24.779122
9.221279,18,24.785556
9.27752,18,24.791864
9.091977,18,24.798194
9.054002,18,24.80492
8.624301,18,24.81121
8.736027,18,24.817472
9.156229,18,24.823715
8.9572,18,24.829923
9.093657,18,24.83651
8.944389,18,24.84295
9.176936,18,24.849313
9.235643,18,25.289154
9.119572,18,25.295764
9.204858,18,25.302545
8.950268,18,25.309222
9.128231,18,25.315668
9.078592,18,25.32232
9.082727,18,25.328659
9.359191,18,25.33501
9.29097,18,25.341361
9.477673,18,25.347679
9.023367,18,25.354143
8.946578,18,25.360528
9.285016,18,25.366862
8.1572075,18,25.373243
8.978485,18,25.379592
9.212078,18,25.786257
9.32719,18,25.792759
8.615427,18,25.799135
8.550998,18,25.805823
9.249422,18,25.814824
9.434336,18,25.821518
8.894774,18,25.827969
8.741026,18,25.834315
9.2097645,18,25.840707
9.260225,18,25.847045
8.857523,18,25.853601
9.209588,18,25.859996
9.147676,18,25.86642
9.057476,18,25.872775
9.097004,18,26.276904
8.979969,18,26.283512
9.064582,18,26.290056
9.216334,18,26.296476
8.847252,18,26.303167
9.277678,18,26.309381
8.798492,18,26.315653
9.177842,18,26.321948
9.318956,18,26.328507
9.033901,18,26.337045
9.470545,18,26.343762
9.471503,18,26.350033
9.314313,18,26.356511
9.307984,18,26.362777
9.098636,18,26.764847
8.8471,18,26.771819
9.32208,18,26.778278
9.268618,18,26.784915
8.425076,18,26.791545
8.78678,18,26.797994
9.068108,18,26.804551
9.458756,18,26.81094
9.256812,18,26.817292
9.342935,18,26.823768
9.248802,18,26.83015
9.4270115,18,26.83683
9.391613,18,26.843258
8.892371,18,26.849522
8.975346,18,27.289991
9.295528,18,27.296409
9.548229,18,27.30309
9.113086,18,27.309559
8.891142,18,27.31595
9.506536,18,27.32233
8.896253,18,27.32875
9.080967,18,27.335164
9.3435,18,27.341561
8.8401375,18,27.347936
9.314504,18,27.354562
9.276397,18,27.360902
9.179662,18,27.367215
9.278488,18,27.37379
9.149949,18,27.380242
9.143797,18,27.789315
9.3212385,18,27.795745
9.39263,18,27.804477
9.030739,18,27.811359
8.960971,18,27.817949
9.444231,18,27.824568
9.443991,18,27.831058
9.178976,18,27.837574
9.342153,18,27.84386
8.750639,18,27.890201
9.078975,18,27.896981
9.219188,18,27.903528
9.230173,18,27.912023
9.405667,18,27.918526
9.431329,18,28.320631
9.328826,18,28.329385
9.275756,18,28.336148
9.281818,18,28.342495
8.719501,18,28.348763
9.4143505,18,28.355255
9.355423,18,28.361672
9.452003,18,28.368099
9.415473,18,28.374809
9.413149,18,28.381068
9.084379,18,28.387418
9.077828,18,28.393793
8.911921,18,28.400102
8.996454,18,28.406745
9.476535,18,28.810567
8.959617,18,28.816947
9.109452,18,28.823321
8.854927,18,28.829611
9.142675,18,28.835901
9.382996,18,28.842141
9.26593,18,28.848392
8.917795,18,28.857386
9.41121,18,28.863741
9.188824,18,28.870285
8.748031,18,28.876952
9.318896,18,28.883279
9.212149,18,28.889818
9.115983,18,28.896131
9.004107,18,29.340589
9.341928,18,29.347041
9.476815,18,29.353728
9.153155,18,29.360168
9.18615,18,29.366521
9.495786,18,29.373271
9.500987,18,29.382299
9.121296,18,29.389081
9.165427,18,29.395569
9.210736,18,29.402031
9.330872,18,29.408409
9.509734,18,29.414834
9.485336,18,29.421252
9.351732,18,29.427688
9.401671,18,29.832127
9.342013,18,29.838724
9.109104,18,29.845181
9.274752,18,29.851832
9.344452,18,29.858683
9.130992,18,29.8652
9.278055,18,29.871661
9.172612,18,29.878057
8.62414,18,29.884513
9.349532,18,29.89097
9.240699,18,29.897346
9.393255,18,29.905981
9.45288,18,29.912568
9.220928,18,29.919111
9.1130085,18,29.925563
9.181012,18,30.332512
8.868179,18,30.33951
9.100652,18,30.345954
9.077288,18,30.352679
9.267872,18,30.359096
9.319896,18,30.365491
9.2960205,18,30.372094
9.448609,18,30.378574
9.293118,18,30.385044
9.225576,18,30.391408
9.561325,18,30.397756
9.155096,18,30.404328
9.147407,18,30.410698
9.49598,18,30.416971
9.136218,18,30.821439
9.073545,18,30.828103
9.227547,18,30.834449
9.501989,18,30.8407
9.385971,18,30.849651
9.259067,18,30.85629
9.407558,18,30.862703
9.557724,18,30.869175
9.535599,18,30.875595
9.180913,18,30.881991
9.199722,18,30.888752
9.3111925,18,30.895254
9.306663,18,30.901768
9.388859,18,30.908059
9.1815,18,31.346527
9.307832,18,31.35306
9.199209,18,31.359476
9.363864,18,31.365845
9.093897,18,31.375169
9.448487,18,31.381653
9.526126,18,31.38828
9.191367,18,31.394732
9.427425,18,31.401284
8.760861,18,31.407708
9.232605,18,31.414049
9.562173,18,31.420404
9.491558,18,31.426699
9.571184,18,31.432985
8.837102,18,31.8356
9.078255,18,31.842458
9.247492,18,31.848904
9.306165,18,31.855472
9.223296,18,31.861868
9.163543,18,31.868411
9.539976,18,31.874876
9.409417,18,31.924627
9.49835,18,31.931414
9.304386,18,31.938289
9.1711,18,31.94462
9.289019,18,31.950878
9.581138,18,31.957106
9.466649,18,31.963492
9.459951,18,31.96985
9.294282,18,32.375093
9.571225,18,32.381544
9.205695,18,32.388103
9.423149,18,32.394443
9.408312,18,32.400852
9.376876,18,32.407634
8.940035,18,32.414051
9.454439,18,32.42186
8.94814,18,32.429144
9.518148,18,32.435659
9.564244,18,32.441949
9.462254,18,32.448212
9.54014,18,32.454626
9.663632,18,32.461094
9.654282,18,32.864236
9.151444,18,32.871067
9.493699,18,32.877644
9.396793,18,32.884251
9.292223,18,32.890802
9.247825,18,32.897246
9.295358,18,32.903746
9.577071,18,32.910437
9.509692,18,32.91676
9.277238,18,32.923302
9.414938,18,32.929824
9.317698,18,32.936551
9.461751,18,32.943308
9.367237,18,32.951518
9.248695,18,33.392815
9.453914,18,33.39925
9.338042,18,33.406286
9.277749,18,33.412754
9.152775,18,33.419231
9.243126,18,33.425703
9.357738,18,33.432262
9.472742,18,33.438791
9.231688,18,33.44524
9.558241,18,33.451674
9.1162195,18,33.458119
8.927561,18,33.464444
9.285579,18,33.470811
9.12878,18,33.479567
9.30851,18,33.882321
9.342656,18,33.889264
9.644966,18,33.898102
8.781343,18,33.904709
9.403525,18,33.91152
8.269216,18,33.91798
9.255881,18,33.924366
8.955222,18,33.930753
8.538106,18,33.93732
9.067945,18,33.943821
9.520433,18,33.950214
8.916444,18,33.956681
8.3935175,18,33.963039
9.375331,18,33.969643
9.656401,18,34.375919
9.602089,18,34.382691
9.017752,18,34.389541
9.436251,18,34.39587
8.370896,18,34.402334
9.653527,18,34.408849
9.350955,18,34.417483
9.148978,18,34.424381
9.646344,18,34.430818
9.318068,18,34.43753
9.475863,18,34.444048
9.444955,18,34.450455
8.987438,18,34.45713
9.40978,18,34.463593
9.513383,18,34.470057
9.374104,18,34.881373
9.222677,18,34.887937
9.515673,18,34.894342
9.343214,18,34.900869
9.574743,18,34.907444
9.709564,18,34.913796
9.4473715,18,34.920542
9.182465,18,34.927084
8.732954,18,34.933387
9.486395,18,34.93981
9.549317,18,34.948503
9.445222,18,34.95512
9.2796135,18,34.96166
9.344502,18,34.968112
9.507381,18,35.409021
9.356637,18,35.415531
9.640899,18,35.422077
9.491256,18,35.428735
9.484319,18,35.435547
9.5282755,18,35.44196
9.583388,18,35.448326
9.525394,18,35.454692
9.22517,18,35.461021
9.5287485,18,35.469997
9.355809,18,35.476564
9.651898,18,35.482867
9.508188,18,35.489148
9.076542,18,35.49542
9.513301,18,35.900099
9.523492,18,35.907028
9.524499,18,35.913468
9.295108,18,35.919883
9.244437,18,35.926511
9.269554,18,35.974131
9.489505,18,35.980868
9.495071,18,35.987452
9.310298,18,35.996274
9.392626,18,36.002942
9.545486,18,36.009353
9.363543,18,36.015836
9.086389,18,36.022401
9.226291,18,36.028865
9.408337,18,36.43201
9.550511,18,36.439103
9.4062605,18,36.445638
9.557598,18,36.452237
9.606576,18,36.458754
9.085678,18,36.465109
8.633611,18,36.471786
9.350985,18,36.478363
9.503335,18,36.484891
9.4397955,18,36.491324
8.887008,18,36.497685
9.644951,18,36.504187
9.541588,18,36.510635
9.233267,18,36.516959
9.529945,18,36.525876
9.234639,18,36.929594
9.575626,18,36.937663
9.66012,18,36.945229
9.295995,18,36.951868
9.550558,18,36.958358
9.502379,18,36.96473
9.526657,18,36.971108
9.440606,18,36.97744
9.535109,18,36.983888
9.4809065,18,36.990676
9.462904,18,36.997086
9.411097,18,37.003661
9.467327,18,37.010141
9.234528,18,37.016575
9.528169,18,37.459928
9.656132,18,37.469057
9.138004,18,37.475937
9.474788,18,37.482339
9.419035,18,37.489097
9.6193695,18,37.495572
9.318873,18,37.502124
9.646148,18,37.508611
9.587231,18,37.514997
9.524687,18,37.521628
9.48618,18,37.527932
9.35968,18,37.534301
9.52224,18,37.540695
9.443094,18,37.547044
9.378361,18,37.952155
9.543014,18,37.958625
8.594895,18,37.964939
9.640525,18,37.971237
9.668746,18,37.977898
9.526173,18,37.984626
9.648214,18,37.993646
9.484395,18,38.000075
9.590064,18,38.006746
9.605242,18,38.013202
9.595011,18,38.019669
9.552341,18,38.026052
9.695096,18,38.032391
9.523446,18,38.038845
9.597895,18,38.441549
9.370669,18,38.448086
9.286659,18,38.455149
9.263647,18,38.46164
9.642906,18,38.468041
9.272009,18,38.474509
9.174858,18,38.481091
9.637333,18,38.48756
9.470372,18,38.493978
9.48841,18,38.500287
9.52383,18,38.506712
9.642299,18,38.515294
9.661087,18,38.521933
9.128493,18,38.528383
9.614995,18,38.927458
9.713781,18,38.936716
9.7445965,18,38.943496
9.588339,18,38.949845
9.664307,18,38.956215
9.444823,18,38.962728
9.4298525,18,38.96935
9.659266,18,38.975728
9.670432,18,38.982064
9.6136465,18,38.988714
9.348295,18,38.995153
9.680817,18,39.001653
9.614226,18,39.008067
9.484427,18,39.014381
9.032115,18,39.020731
8.704317,18,39.465245
9.66268,18,39.472037
9.671061,18,39.478285
9.682071,18,39.484719
9.545553,18,39.491261
9.49167,18,39.49763
9.582586,18,39.504349
9.474831,18,39.510855
9.607304,18,39.517285
9.364669,18,39.523829
9.625656,18,39.530138
9.643784,18,39.536463
9.294267,18,39.542874
9.495904,18,39.549219
9.600281,18,39.953219
9.347305,18,39.959627
9.54079,18,40.009441
9.569704,18,40.016277
9.698231,18,40.023231
9.40869,18,40.029635
9.620495,18,40.036
9.702366,18,40.042276
9.6167145,18,40.048521
9.5873785,18,40.055022
9.602095,18,40.061442
9.711774,18,40.067915
9.547043,18,40.074322
9.442067,18,40.080606
9.344939,18,40.482859
9.712139,18,40.489798
9.323379,18,40.496499
9.41967,18,40.502978
9.565175,18,40.511587
9.499929,18,40.518051
9.783337,18,40.524503
9.466639,18,40.530797
9.408309,18,40.537181
9.624593,18,40.543565
9.653579,18,40.549854
9.66176,18,40.556641
9.686348,18,40.56306
9.446831,18,40.569617
9.684151,18,40.98166
9.372652,18,40.988567
9.688394,18,40.995124
9.7226925,18,41.002149
9.683636,18,41.00913
9.615294,18,41.016033
9.561227,18,41.023163
9.590338,18,41.032273
9.706976,18,41.038859
9.74897,18,41.045227
9.6996,18,41.051692
9.684788,18,41.05812
9.669089,18,41.064518
9.47373,18,41.071217
9.220155,18,41.077576
9.703074,18,41.513425
8.853537,18,41.520098
9.420501,18,41.526614
9.176961,18,41.532846
9.601782,18,41.539579
9.754308,18,41.546198
9.629768,18,41.55263
9.101837,18,41.561153
9.304733,18,41.5678
9.561246,18,41.574098
9.677963,18,41.580367
9.622886,18,41.586736
9.567445,18,41.59317
9.751004,18,41.599527
9.607516,18,42.003407
9.606085,18,42.009979
9.5410795,18,42.016568
9.5459,18,42.023262
9.64957,18,42.029633
9.483733,18,42.036058
9.401875,18,42.042483
9.714352,18,42.048888
9.6175785,18,42.05521
9.642153,18,42.061632
9.611242,18,42.068068
9.503486,18,42.074361
9.474192,18,42.082882
9.603611,18,42.089297
9.485424,18,42.489102
9.756492,18,42.495818
9.62383,18,42.504835
9.661273,18,42.511486
9.1273775,18,42.51804
9.636589,18,42.524465
9.731128,18,42.530867
9.573537,18,42.537407
9.591095,18,42.543799
9.619302,18,42.550119
9.692752,18,42.55658
9.841002,18,42.562911
9.639873,18,42.569507
9.736086,18,42.575812
9.454679,18,42.981518
9.583563,18,42.988137
9.544816,18,42.994474
9.62855,18,43.001047
9.575816,18,43.007538
9.683322,18,43.01395
9.665512,18,43.020881
9.659032,18,43.029549
9.300911,18,43.03615
9.405444,18,43.042517
9.757617,18,43.048847
9.663949,18,43.055346
9.669873,18,43.061641
9.680156,18,43.06814
9.606009,18,43.508213
9.742992,18,43.514699
9.800432,18,43.521107
9.618955,18,43.527453
9.39968,18,43.533839
9.554069,18,43.540477
9.62192,18,43.546873
9.758238,18,43.556117
9.655583,18,43.562619
9.722267,18,43.569244
9.670128,18,43.575665
9.709781,18,43.58204
9.553848,18,43.588591
9.658565,18,43.594952
9.448504,18,43.642222
9.581835,18,44.048249
9.639225,18,44.054979
9.423872,18,44.061368
9.5710335,18,44.067981
9.736081,18,44.076643
9.667882,18,44.082999
9.544917,18,44.089696
9.70512,18,44.0961
9.569772,18,44.102597
9.4809475,18,44.108946
9.609973,18,44.115281
9.74329,18,44.121711
9.589956,18,44.12809
9.56046,18,44.134555
9.506189,18,44.53713
9.671353,18,44.543607
9.685109,18,44.54989
9.703183,18,44.556445
9.629654,18,44.563223
9.706986,18,44.569714
9.811455,18,44.576491
9.700825,18,44.582911
9.603675,18,44.589356
9.71795,18,44.597917
9.737082,18,44.604626
9.646789,18,44.611074
9.634662,18,44.61748
9.743365,18,44.623886
9.691011,18,45.047376
9.7057905,18,45.053972
9.60022,18,45.060367
9.486771,18,45.066695
9.363989,18,45.07357
9.596923,18,45.080006
9.7476225,18,45.086681
9.697781,18,45.093139
9.569918,18,45.099472
9.812049,18,45.10584
9.592776,18,45.112346
9.449093,18,45.118943
9.78281,18,45.127582
9.571093,18,45.134019
9.619635,18,45.572023
9.551053,18,45.578675
9.581701,18,45.58517
9.5319395,18,45.591535
9.731343,18,45.597809
9.601261,18,45.604284
9.619814,18,45.610994
9.693422,18,45.617468
9.596446,18,45.623859
9.684753,18,45.630205
9.71062,18,45.636628
9.673632,18,45.64292
9.569842,18,45.649168
9.621402,18,45.658329
9.410599,18,45.664764
9.305433,18,46.06739
9.425852,18,46.075272
9.740384,18,46.082666
9.593204,18,46.089234
9.743899,18,46.095549
9.655217,18,46.101851
9.667185,18,46.10813
9.803021,18,46.11454
9.6741295,18,46.121208
9.764331,18,46.127644
9.7516165,18,46.134055
9.755373,18,46.140474
9.752725,18,46.146847
9.74778,18,46.153249
9.741691,18,46.557279
9.016549,18,46.563756
9.506774,18,46.570443
9.576166,18,46.576895
9.672587,18,46.583228
9.54842,18,46.589967
9.459786,18,46.598345
9.4457245,18,46.605307
9.205134,18,46.611775
9.752289,18,46.618249
9.650498,18,46.624639
9.178316,18,46.631008
9.752076,18,46.63748
9.546766,18,46.644015
9.591374,18,47.048425
9.729658,18,47.05526
9.601697,18,47.0618
9.485591,18,47.068411
9.693816,18,47.074821
9.79526,18,47.081125
9.66373,18,47.087841
9.279024,18,47.094303
9.692009,18,47.100786
9.604551,18,47.107241
9.689516,18,47.113637
9.681804,18,47.120093
9.560128,18,47.128777
9.641296,18,47.135254
9.731412,18,47.576625
9.524438,18,47.58301
9.876899,18,47.589919
9.652938,18,47.596333
9.615283,18,47.602835
9.712215,18,47.609137
9.704484,18,47.615411
9.76961,18,47.621893
9.729238,18,47.628304
9.4597845,18,47.634715
9.663598,18,47.641019
8.99048,18,47.69022
9.727972,18,47.696784
9.768368,18,47.703556
9.721976,18,48.108446
9.524623,18,48.1149
9.832758,18,48.121612
9.740827,18,48.128059
9.290084,18,48.134556
9.852896,18,48.141096
9.60429,18,48.1475
9.6771345,18,48.154003
9.51585,18,48.160378
9.563254,18,48.169171
9.467401,18,48.175938
9.631,18,48.182449
9.751766,18,48.188954
9.842159,18,48.195355
9.423184,18,48.201894
9.790914,18,48.608715
9.806846,18,48.615384
9.632362,18,48.62195
9.59524,18,48.628333
9.646735,18,48.635045
9.7911415,18,48.641569
9.790887,18,48.647972
9.758169,18,48.654723
9.47988,18,48.661174
9.865532,18,48.667589
9.371926,18,48.673989
9.573255,18,48.680356
9.544134,18,48.686762
9.69654,18,48.695394
9.787527,18,49.100206
9.639462,18,49.108868
9.738695,18,49.116073
9.556553,18,49.122827
9.741309,18,49.129302
9.8751745,18,49.1357
9.704487,18,49.142032
9.681502,18,49.148354
9.791957,18,49.155068
9.664774,18,49.161664
9.706379,18,49.168083
9.608408,18,49.174402
9.665318,18,49.180737
9.707469,18,49.187238
9.828789,18,49.627041
9.76129,18,49.634794
9.811931,18,49.641224
9.703044,18,49.647517
9.743965,18,49.654119
9.845604,18,49.660606
9.727114,18,49.666991
9.41711,18,49.673768
9.614236,18,49.680177
9.37308,18,49.686598
9.906151,18,49.692994
9.583336,18,49.69932
9.705142,18,49.705646
9.688607,18,49.71195
9.74726,18,50.117591
9.802924,18,50.12428
9.7333975,18,50.130697
9.621146,18,50.137334
9.799004,18,50.143793
9.397385,18,50.150135
9.66859,18,50.159135
9.65209,18,50.165489
9.792487,18,50.172096
9.499952,18,50.178501
9.796784,18,50.184902
9.794194,18,50.191234
9.615772,18,50.197566
9.538702,18,50.204048
9.834028,18,50.210665
9.662036,18,50.615323
9.672742,18,50.622042
9.625046,18,50.628422
9.620611,18,50.634853
9.571817,18,50.641119
9.685619,18,50.647391
9.868468,18,50.653669
9.856709,18,50.659938
9.692259,18,50.666569
9.86456,18,50.675579
9.623827,18,50.682137
9.586124,18,50.688644
9.474818,18,50.694912
9.675212,18,50.701286
9.732558,18,51.107401
9.7827215,18,51.113957
9.784472,18,51.120387
9.871521,18,51.126821
9.707013,18,51.133153
9.613606,18,51.139804
9.6197605,18,51.146202
9.737756,18,51.152609
9.701563,18,51.15891
9.878932,18,51.165229
9.77254,18,51.171932
9.824941,18,51.178398
9.811118,18,51.184932
9.826407,18,51.191273
9.841979,18,51.629809
9.8164015,18,51.636595
9.799079,18,51.642902
9.828542,18,51.649151
9.824483,18,51.655961
9.843453,18,51.662431
9.666877,18,51.668825
9.459444,18,51.675186
9.823906,18,51.724758
9.881218,18,51.731648
9.677249,18,51.738277
9.900801,18,51.744647
9.705705,18,51.751036
9.833434,18,51.757401
9.813348,18,52.16055
9.882896,18,52.166993
9.660071,18,52.173712
9.837684,18,52.180249
9.837006,18,52.186651
9.897686,18,52.193364
9.704591,18,52.199831
9.741055,18,52.206346
9.427685,18,52.212763
9.459868,18,52.219143
9.568675,18,52.225419
9.837935,18,52.231747
9.362841,18,52.238177
9.820302,18,52.246663
9.7135935,18,52.650416
9.801128,18,52.656868
9.840721,18,52.665357
9.70375,18,52.67246
9.816598,18,52.678936
9.787923,18,52.685375
9.677061,18,52.691651
9.763865,18,52.697886
9.786196,18,52.704535
9.356732,18,52.710945
9.521588,18,52.717504
9.816359,18,52.723856
9.634967,18,52.730181
9.540834,18,52.736824
9.651174,18,52.74401
9.673625,18,53.15436
9.795995,18,53.161113
9.843319,18,53.167616
9.923851,18,53.174326
9.859665,18,53.182249
9.761096,18,53.189926
9.792151,18,53.196399
9.831965,18,53.202976
9.841229,18,53.209459
9.754435,18,53.215806
9.888172,18,53.222264
9.803642,18,53.228674
9.58945,18,53.235127
9.685974,18,53.241738
9.804055,18,53.682786
9.523166,18,53.689548
9.577197,18,53.695949
9.700187,18,53.702605
9.853592,18,53.711422
9.795104,18,53.718054
9.521957,18,53.7246
9.762926,18,53.730968
9.755683,18,53.737327
9.617128,18,53.743604
9.751265,18,53.749845
9.650311,18,53.756453
9.507718,18,53.762891
9.669102,18,53.769408
9.737637,18,54.17251
9.719293,18,54.179359
9.574273,18,54.186104
9.778905,18,54.192502
9.816572,18,54.198816
9.762311,18,54.20512
9.451162,18,54.211417
9.725616,18,54.21779
9.769769,18,54.224083
9.737847,18,54.23243
9.80248,18,54.239605
9.434456,18,54.246088
9.747208,18,54.252545
9.852533,18,54.258868
9.78669,18,54.664807
9.847445,18,54.671654
9.470251,18,54.678
9.822328,18,54.684566
9.777797,18,54.691222
9.812387,18,54.697679
9.708063,18,54.704079
9.931597,18,54.710589
9.793111,18,54.716949
9.663539,18,54.723402
9.791071,18,54.730101
9.587839,18,54.736551
9.835183,18,54.742757
9.833992,18,54.748927
9.839028,18,54.757911
9.642441,18,55.161897
9.816808,18,55.17103
9.900652,18,55.177662
9.578041,18,55.184098
9.341175,18,55.190599
9.775609,18,55.197003
9.886942,18,55.203617
9.793318,18,55.210064
9.2767935,18,55.216381
9.871939,18,55.222938
9.902842,18,55.229545
9.677971,18,55.23599
9.660319,18,55.242419
9.807114,18,55.248787
9.829361,18,55.688924
9.841348,18,55.697791
9.857729,18,55.704305
9.888934,18,55.710689
9.8272085,18,55.717104
9.866566,18,55.764364
9.893143,18,55.771152
9.892507,18,55.777944
9.850515,18,55.784399
9.57901,18,55.790784
9.810863,18,55.79715
9.796697,18,55.806224
9.93643,18,55.812691
9.825224,18,55.819213
9.714742,18,56.221963
9.7107725,18,56.228441
9.705272,18,56.235074
9.862886,18,56.241499
9.823723,18,56.247771
9.711495,18,56.254503
9.762343,18,56.261009
9.883695,18,56.267463
9.732694,18,56.273898
9.678531,18,56.280215
9.794496,18,56.28675
9.827749,18,56.2933
9.745261,18,56.299761
9.960239,18,56.306145
9.791837,18,56.710885
9.70923,18,56.717493
9.637218,18,56.724048
9.780155,18,56.730394
9.652338,18,56.737001
9.564565,18,56.745724
9.664558,18,56.75223
9.859595,18,56.7587
9.89441,18,56.765197
9.588734,18,56.77161
9.844701,18,56.778291
9.649922,18,56.785983
9.575309,18,56.792434
9.810036,18,56.798757
9.839158,18,57.203846
9.720547,18,57.21055
9.707877,18,57.217062
9.868356,18,57.224598
9.812586,18,57.231918
9.675034,18,57.239302
9.900667,18,57.245893
9.779366,18,57.252802
9.606514,18,57.259372
9.774118,18,57.268162
9.631004,18,57.275226
9.415337,18,57.281641
9.829966,18,57.288266
9.606518,18,57.294644
9.9312525,18,57.301139
9.784507,18,57.739695
9.850622,18,57.746175
9.7547455,18,57.752906
9.842121,18,57.75939
9.867581,18,57.765802
9.632391,18,57.772406
9.740611,18,57.778858
9.817726,18,57.785282
9.804842,18,57.791643
9.765372,18,57.800567
9.911568,18,57.807211
9.875785,18,57.813702
9.730952,18,57.82022
9.863216,18,57.826638
9.538385,18,58.251212
9.88845,18,58.257696
9.861805,18,58.263949
9.771001,18,58.270603
9.467946,18,58.277191
9.891231,18,58.283513
9.5638,18,58.290062
9.848123,18,58.296468
9.803068,18,58.30285
9.5885105,18,58.309061
9.778948,18,58.315288
9.89134,18,58.32163
9.841836,18,58.33019
9.692344,18,58.336757
9.647053,18,58.739951
9.689025,18,58.748966
9.825716,18,58.755719
9.891389,18,58.762363
9.702298,18,58.76895
9.521821,18,58.775445
9.7990055,18,58.781924
9.646966,18,58.788419
9.802467,18,58.794719
9.833467,18,58.801016
9.839725,18,58.807407
9.802626,18,58.813782
9.878666,18,58.82024
9.731074,18,58.826653
9.833405,18,59.23086
9.919668,18,59.237419
9.831666,18,59.243812
9.715942,18,59.25024
9.639904,18,59.256835
9.88226,18,59.263125
9.91138,18,59.272461
9.723634,18,59.278804
9.715411,18,59.285437
9.738169,18,59.291898
9.77662,18,59.298274
9.814596,18,59.304779
9.78785,18,59.311173
9.810994,18,59.317518
9.881196,18,59.324033
9.791712,18,59.764549
9.861158,18,59.771358
9.776183,18,59.821351
9.872235,18,59.827871
9.853504,18,59.834671
9.851064,18,59.841112
9.762881,18,59.847467
9.362515,18,59.854097
9.6565485,18,59.860488
9.64917,18,59.866733
9.857506,18,59.873233
9.980091,18,59.879673
9.889389,18,59.888187
9.844173,18,59.894907
9.818511,18,60.312825
9.731001,18,60.319678
9.840967,18,60.326376
9.728284,18,60.332736
9.816528,18,60.339337
9.628689,18,60.345806
9.840861,18,60.352383
9.831796,18,60.358774
9.673249,18,60.365117
9.822982,18,60.37168
9.840874,18,60.378052
9.870848,18,60.384418
9.580859,18,60.390775
9.861341,18,60.397104
9.807792,18,60.80303
9.538296,18,60.809734
9.807547,18,60.816426
9.701163,18,60.822901
9.278873,18,60.82931
9.8690605,18,60.839004
9.696943,18,60.845605
9.841855,18,60.852344
9.766932,18,60.85889
9.622686,18,60.865326
9.797872,18,60.871918
9.695885,18,60.878458
9.834184,18,60.885016
9.839215,18,60.89145
9.861136,18,61.298577
9.801346,18,61.305474
9.615805,18,61.31192
9.698173,18,61.318618
9.749367,18,61.325114
9.777142,18,61.331463
9.756662,18,61.337905
9.397779,18,61.344194
9.571706,18,61.350526
9.859468,18,61.359303
9.738506,18,61.36567
9.842698,18,61.372402
9.80261,18,61.378876
9.824609,18,61.385341
9.611259,18,61.825367
9.840913,18,61.831928
9.767312,18,61.839026
9.726131,18,61.845513
9.82579,18,61.852065
9.71377,18,61.858438
9.427434,18,61.86473
9.818447,18,61.87105
9.871581,18,61.87733
9.72134,18,61.886077
9.8268795,18,61.89277
9.769573,18,61.899154
9.811182,18,61.905557
9.804807,18,61.911933
9.834945,18,61.918534
9.712973,18,62.323096
9.878737,18,62.329584
9.861415,18,62.335998
9.802854,18,62.342373
9.788069,18,62.348715
9.635423,18,62.355399
9.838628,18,62.362017
9.678082,18,62.368444
9.832587,18,62.374824
9.549334,18,62.381174
9.85499,18,62.387548
9.7852955,18,62.393854
9.89358,18,62.400419
9.801123,18,62.406965
9.828525,18,62.81318
9.916297,18,62.8199
9.845227,18,62.826641
9.564749,18,62.835428
9.595224,18,62.842322
9.823761,18,62.848734
9.8839245,18,62.855346
9.799534,18,62.861857
9.88843,18,62.868399
9.7058935,18,62.874737
9.836498,18,62.88116
9.903103,18,62.887568
9.876596,18,62.893877
9.631208,18,62.900216
9.78686,18,63.308526
9.253361,18,63.315009
9.736695,18,63.3215
9.890937,18,63.327813
9.888448,18,63.334313
9.810641,18,63.340768
9.829874,18,63.347085
9.876309,18,63.353428
9.710292,18,63.363082
9.782941,18,63.369935
9.8596735,18,63.376509
9.740529,18,63.382957
9.895496,18,63.389673
9.9121475,18,63.396122
9.806277,18,63.882349
9.677837,18,63.889233
9.699419,18,63.895665
9.784974,18,63.902149
9.791976,18,63.908517
9.912492,18,63.914877
9.860844,18,63.921651
9.830758,18,63.928012
9.821526,18,63.934336
9.934756,18,63.940614
9.895346,18,63.946914
9.772136,18,63.953668
9.713861,18,63.960237
9.788961,18,63.966727
9.804076,18,63.973145
9.838753,18,64.38054
9.750393,18,64.387472
9.754286,18,64.393935
9.765935,18,64.400321
9.743482,18,64.409287
9.792666,18,64.415705
9.866519,18,64.422293
9.703721,18,64.428709
9.604254,18,64.435232
9.810043,18,64.44165
9.729126,18,64.44796
9.594629,18,64.454416
9.867,18,64.461
9.874315,18,64.467703
9.721446,18,64.876992
9.717732,18,64.883552
9.802806,18,64.89013
9.924138,18,64.896425
9.785956,18,64.90284
9.625514,18,64.909227
9.7872,18,64.915569
9.851448,18,64.922361
9.825414,18,64.930645
9.812411,18,64.93786
9.679138,18,64.944272
9.876002,18,64.950652
9.764954,18,64.957007
9.839208,18,64.963552
9.867889,18,65.368357
9.89457,18,65.374732
9.843328,18,65.381016
9.85739,18,65.38807
9.874639,18,65.394548
9.821363,18,65.401009
9.6024685,18,65.407379
9.846948,18,65.413956
9.799879,18,65.420615
9.854337,18,65.427111
9.885832,18,65.433527
9.788878,18,65.439889
9.877266,18,65.446175
9.872995,18,65.45259
9.78878,18,65.897996
9.819291,18,65.904815
9.873682,18,65.911178
9.9016905,18,65.917628
9.859913,18,65.924112
9.840862,18,65.930448
9.847749,18,65.936796
9.780775,18,65.943069
9.634761,18,65.949286
9.886945,18,65.955612
9.837498,18,65.961921
9.693379,18,65.968514
9.829492,18,65.975036
9.921588,18,65.981251
9.889722,18,66.386862
9.884008,18,66.393378
9.899621,18,66.399702
9.937088,18,66.40849
9.895648,18,66.414983
9.722529,18,66.42152
9.88795,18,66.427843
9.872237,18,66.434388
9.901387,18,66.44065
9.903819,18,66.44694
9.887552,18,66.453369
9.791259,18,66.45973
9.741859,18,66.466107
9.798436,18,66.472733
9.716915,18,66.479136
9.813154,18,66.884363
9.86178,18,66.89076
9.721385,18,66.89706
9.928046,18,66.903659
9.697662,18,66.910142
9.844667,18,66.916644
9.858161,18,66.923324
9.871087,18,66.932268
9.873864,18,66.938823
9.926342,18,66.945172
9.966938,18,66.951677
9.916521,18,66.958182
9.92759,18,66.96464
9.769129,18,66.971421
9.846977,18,67.375253
9.937207,18,67.3817
9.861133,18,67.38851
9.6009035,18,67.394983
9.793659,18,67.40162
9.867497,18,67.408009
9.858912,18,67.414369
9.868443,18,67.420853
9.877769,18,67.427174
9.775325,18,67.433518
9.836656,18,67.439942
9.89454,18,67.488676
9.942001,18,67.495438
9.83854,18,67.50222
9.774463,18,67.946273
9.8872595,18,67.952995
9.975361,18,67.959784
9.737204,18,67.966207
9.795842,18,67.974648
9.89713,18,67.981639
9.79817,18,67.988256
9.848906,18,67.994607
9.916087,18,68.000922
9.945876,18,68.007289
9.932774,18,68.01361
9.791728,18,68.020165
9.729888,18,68.026731
9.880774,18,68.033176
9.912577,18,68.43528
9.937276,18,68.441866
9.908924,18,68.44824
9.8051195,18,68.454999
9.843912,18,68.461408
9.887232,18,68.468117
9.821332,18,68.474539
9.892737,18,68.480824
9.8785305,18,68.487226
9.855153,18,68.493567
9.8243475,18,68.5024
9.818311,18,68.510111
9.832207,18,68.516406
9.842251,18,68.52292
9.839475,18,68.529275
9.787119,18,68.933932
9.939265,18,68.940585
9.917417,18,68.946874
9.655879,18,68.953283
9.894619,18,68.959671
9.760903,18,68.96635
9.857819,18,68.972754
9.779692,18,68.979006
9.878068,18,68.985609
9.718113,18,68.992084
9.866998,18,68.998455
9.892214,18,69.004806
9.853744,18,69.011148
9.844882,18,69.019911
9.85895,18,69.422173
9.915404,18,69.428624
9.940789,18,69.43677
9.773774,18,69.443939
9.912419,18,69.450336
9.867511,18,69.457135
9.560177,18,69.463609
9.888523,18,69.470027
9.8759985,18,69.476403
9.817669,18,69.48272
9.946487,18,69.489104
9.841645,18,69.495407
9.8782015,18,69.501974
9.885499,18,69.508374
9.885064,18,69.947967
9.906183,18,69.954838
9.917509,18,69.961213
9.823268,18,69.970489
9.942732,18,69.976967
9.838845,18,69.983219
9.778792,18,69.989715
9.928453,18,69.996068
9.926252,18,70.002529
9.77093,18,70.008781
9.83511,18,70.015044
9.951358,18,70.021803
9.847968,18,70.028315
9.778587,18,70.034768
9.68868,18,70.438947
9.816009,18,70.4454
9.686137,18,70.452048
9.960381,18,70.458497
9.773884,18,70.464815
9.949116,18,70.471439
9.945855,18,70.47777
9.840274,18,70.484113
9.898472,18,70.492886
9.852568,18,70.499302
9.892257,18,70.506137
9.968283,18,70.512545
9.778816,18,70.518983
9.705106,18,70.525334
9.873484,18,70.930722
9.870446,18,70.937234
9.869929,18,70.943532
9.938012,18,70.949752
9.715318,18,70.956774
9.936608,18,70.963516
9.914438,18,70.970127
9.840339,18,70.97659
9.780979,18,70.982942
9.986466,18,70.989345
9.837763,18,70.995701
9.840104,18,71.002135
9.824485,18,71.008515
9.903184,18,71.016917
9.950989,18,71.023901
9.972049,18,71.4279
9.832393,18,71.43702
9.795785,18,71.443559
9.907439,18,71.449914
9.846418,18,71.456623
9.739577,18,71.463063
9.921308,18,71.469664
9.888238,18,71.476175
9.7775755,18,71.482466
9.867717,18,71.529305
9.661375,18,71.538253
9.91594,18,71.544807
9.653217,18,71.551382
9.926034,18,71.557974
9.842191,18,71.962799
9.932578,18,71.970402
9.947609,18,72.003809
9.921288,18,72.012676
9.948611,18,72.019508
9.945624,18,72.025903
9.821618,18,72.032181
9.935889,18,72.038578
9.950592,18,72.044918
9.855206,18,72.051535
9.876316,18,72.058123
9.937372,18,72.066888
9.8519745,18,72.073426
9.934273,18,72.079757
9.789021,18,72.484121
9.876857,18,72.49058
9.902994,18,72.496909
9.729671,18,72.50382
9.934815,18,72.510326
9.976666,18,72.516747
9.727374,18,72.523669
9.858742,18,72.530127
9.787325,18,72.536626
9.701745,18,72.543466
9.935341,18,72.549712
9.8711815,18,72.556216
9.982782,18,72.562585
9.9032,18,72.568939
9.80656,18,72.973819
9.969953,18,72.980469
9.840926,18,72.986896
9.877685,18,72.993201
9.8899,18,72.999432
9.6388445,18,73.008391
9.919717,18,73.014794
9.934792,18,73.021475
9.91056,18,73.027813
9.886228,18,73.034241
9.823521,18,73.040946
9.868955,18,73.047321
9.73622,18,73.053899
9.974095,18,73.060349
9.860251,18,73.066728
9.918662,18,73.472627
9.871751,18,73.478995
9.9343815,18,73.485293
9.875793,18,73.491529
9.941681,18,73.497749
9.946125,18,73.504506
9.906761,18,73.51096
9.923365,18,73.517512
9.7329035,18,73.523755
9.758726,18,73.53
9.939672,18,73.538935
9.965478,18,73.545394
9.9037,18,73.551912
9.796353,18,73.558322
9.945514,18,73.960142
9.87615,18,73.966584
9.788954,18,73.97336
9.909453,18,73.979835
9.861855,18,73.986531
9.9612465,18,73.992961
9.920917,18,73.999255
9.83854,18,74.012856
9.815131,18,74.038847
9.857997,18,74.051388
9.967557,18,74.060796
9.97939,18,74.067465
9.902552,18,74.074019
9.873668,18,74.080347
9.901495,18,74.485037
9.915822,18,74.491634
9.8868065,18,74.497997
9.932433,18,74.504886
9.98866,18,74.511434
9.845047,18,74.517984
9.917218,18,74.524491
9.980415,18,74.530969
9.93105,18,74.537587
9.895767,18,74.544081
9.926999,18,74.550524
9.8923855,18,74.556877
9.984078,18,74.563241
9.874923,18,74.569782
9.886423,18,74.975315
9.773456,18,74.981745
9.800861,18,74.988496
9.906952,18,74.99538
9.982765,18,75.004361
9.692753,18,75.010859
9.9122715,18,75.017433
9.880368,18,75.023701
9.923098,18,75.029957
9.836905,18,75.036376
9.886802,18,75.042711
9.825136,18,75.049004
9.740515,18,75.055569
9.800022,18,75.062009
9.788484,18,75.471016
9.960273,18,75.4778
9.919283,18,75.48445
9.885063,18,75.490974
9.769588,18,75.497334
9.825741,18,75.503737
9.8909,18,75.51006
9.906015,18,75.559573
9.992078,18,75.565959
9.834269,18,75.573007
9.975545,18,75.57941
9.915509,18,75.58583
9.816538,18,75.592233
9.974625,18,75.598533
9.9625435,18,75.604985
9.9766035,18,76.010588
9.818284,18,76.017091
9.911691,18,76.023866
9.9351845,18,76.030284
10.015519,18,76.036728
9.955616,18,76.043078
9.703065,18,76.049394
9.753667,18,76.058852
9.935606,18,76.065329
9.879661,18,76.07195
9.952552,18,76.078412
9.940123,18,76.085041
9.920047,18,76.091407
9.953616,18,76.097792
9.961401,18,76.532211
9.841528,18,76.539021
9.934292,18,76.545436
9.745371,18,76.552231
9.921479,18,76.55875
9.978574,18,76.56516
9.942573,18,76.571837
9.96435,18,76.581144
10.013907,18,76.587934
9.951381,18,76.59432
9.837398,18,76.600706
9.953303,18,76.607112
9.801576,18,76.613504
9.941567,18,76.62003
9.947646,18,77.023113
9.986473,18,77.029657
9.96934,18,77.036411
9.920802,18,77.042904
9.929623,18,77.049272
9.918597,18,77.055816
9.929301,18,77.062196
9.910201,18,77.069092
9.982638,18,77.075624
9.895309,18,77.081959
9.895735,18,77.088347
9.861567,18,77.094772
9.896663,18,77.10118
9.872886,18,77.109954
9.78294,18,77.511096
9.781096,18,77.51782
9.975811,18,77.524663
9.904654,18,77.53352
9.839479,18,77.540116
9.925436,18,77.546588
9.925502,18,77.553203
9.920998,18,77.559638
9.908896,18,77.566069
9.959654,18,77.572533
9.914554,18,77.579065
9.9473,18,77.585573
9.804119,18,77.59187
9.939266,18,77.59813
9.9356365,18,77.604672
9.920841,18,78.009729
9.789413,18,78.016352
9.944145,18,78.023149
9.9249525,18,78.029721
9.994407,18,78.036144
9.875251,18,78.042548
10.005227,18,78.0489
9.929691,18,78.0553
9.88752,18,78.063975
9.889207,18,78.070714
9.962943,18,78.077061
9.943399,18,78.083366
9.802008,18,78.089633
9.964432,18,78.095869
9.898834,18,78.535988
9.926201,18,78.542508
9.889164,18,78.548838
9.944698,18,78.555419
9.911449,18,78.561848
9.978591,18,78.56826
10.025447,18,78.574641
9.839566,18,78.583361
9.973132,18,78.589986
9.937368,18,78.596367
9.963714,18,78.6029
9.847692,18,78.609346
9.798893,18,78.615721
9.807183,18,78.622235
9.759685,18,79.026027
9.962267,18,79.032484
9.958251,18,79.03926
9.933102,18,79.045712
9.9194,18,79.052485
9.937045,18,79.05898
9.939285,18,79.065364
9.943508,18,79.071968
9.848674,18,79.078369
9.49037,18,79.084766
9.968466,18,79.091136
9.966098,18,79.09749
9.88834,18,79.103943
9.943363,18,79.112558
9.920126,18,79.516288
10.01313,18,79.525647
9.880007,18,79.532173
9.973344,18,79.538817
9.915034,18,79.586521
9.992591,18,79.593299
9.769637,18,79.599907
9.911207,18,79.606427
9.867864,18,79.612883
9.888657,18,79.619474
9.979817,18,79.627742
9.841896,18,79.634592
9.784307,18,79.641045
9.854955,18,79.647398
9.989638,18,80.053417
9.928886,18,80.060104
9.956876,18,80.066484
9.92447,18,80.073139
9.941344,18,80.079507
9.946996,18,80.086189
9.999318,18,80.092623
9.97538,18,80.098937
9.957087,18,80.105705
9.986221,18,80.112075
9.767317,18,80.118535
9.769617,18,80.124986
9.748109,18,80.131322
9.914982,18,80.13767
9.881688,18,80.143983
9.9508705,18,80.587655
9.997359,18,80.594127
9.946923,18,80.601164
9.687095,18,80.607828
9.96157,18,80.61412
9.99902,18,80.620611
9.970111,18,80.627258
9.953758,18,80.633778
9.348102,18,80.640192
9.790144,18,80.646576
9.978213,18,80.65314
9.940897,18,80.659596
9.961422,18,80.665859
9.958859,18,80.674169
9.967155,18,81.080249
9.987177,18,81.086956
9.94124,18,81.095838
10.025033,18,81.10251
9.968679,18,81.108849
9.804978,18,81.115127
9.844827,18,81.121642
9.91037,18,81.127969
9.982771,18,81.134362
9.949839,18,81.14066
9.834441,18,81.146947
9.851538,18,81.153533
10.009391,18,81.160028
9.968572,18,81.166405
9.955858,18,81.572174
10.014159,18,81.578703
9.937746,18,81.585413
9.90349,18,81.591883
9.949091,18,81.598267
9.967172,18,81.604888
9.989719,18,81.611228
9.89595,18,81.620315
9.810713,18,81.62682
9.934251,18,81.633102
9.952631,18,81.639503
9.93362,18,81.645794
9.866243,18,81.65228
9.650068,18,81.658671
9.958606,18,82.064598
9.929591,18,82.071545
9.871397,18,82.077944
9.783394,18,82.084402
9.913302,18,82.091067
9.981361,18,82.097422
9.977304,18,82.103809
9.995791,18,82.110086
9.957225,18,82.116316
9.762799,18,82.123062
9.936934,18,82.129494
9.989419,18,82.135937
9.912913,18,82.142294
9.94585,18,82.150965
9.91288,18,82.157545
10.005536,18,82.596377
9.832819,18,82.603152
9.75448,18,82.609649
9.946695,18,82.616052
9.980616,18,82.622515
9.735292,18,82.628869
9.991196,18,82.635353
9.866293,18,82.641699
9.8404665,18,82.648018
9.935297,18,82.654617
9.790172,18,82.661008
9.943587,18,82.6674
9.973907,18,82.673739
9.621811,18,82.680225
9.993097,18,83.085559
9.85935,18,83.092014
9.9629965,18,83.100771
9.9523735,18,83.107741
9.770595,18,83.114061
9.767119,18,83.120818
10.013134,18,83.12744
9.819059,18,83.133889
9.945548,18,83.140275
9.956368,18,83.146652
9.856801,18,83.153099
9.930978,18,83.159402
10.005356,18,83.165624
9.885636,18,83.172035
9.727938,18,83.576673
9.957813,18,83.627195
9.726402,18,83.633998
9.899715,18,83.640675
9.81689,18,83.647076
9.966585,18,83.65357
9.908822,18,83.659941
9.953365,18,83.666315
9.822157,18,83.672916
9.931695,18,83.679371
9.97408,18,83.68576
9.989778,18,83.692092
9.945749,18,83.698404
9.977846,18,83.704905
10.010133,18,84.109914
9.868582,18,84.11632
9.958511,18,84.122697
9.892883,18,84.128996
9.864546,18,84.13561
9.94847,18,84.142001
10.004095,18,84.150953
9.743265,18,84.157681
9.904257,18,84.164119
9.994578,18,84.170668
9.966741,18,84.177284
9.8380375,18,84.183805
9.555262,18,84.190212
9.96791,18,84.196613
9.954057,18,84.636732
9.986584,18,84.644001
9.952173,18,84.650623
9.819531,18,84.657122
9.808004,18,84.663563
9.979556,18,84.671603
9.713626,18,84.678876
9.920095,18,84.685681
10.008398,18,84.692287
9.933763,18,84.698627
9.727165,18,84.705211
9.945082,18,84.711808
9.950674,18,84.718369
9.978454,18,84.724682
9.968345,18,84.730978
9.767372,18,85.138233
9.784832,18,85.144747
9.920419,18,85.15128
9.891556,18,85.157864
9.9239645,18,85.164162
10.019326,18,85.170597
9.961087,18,85.17695
9.941171,18,85.183326
9.99963,18,85.189717
9.804684,18,85.198365
10.017049,18,85.204937
9.934045,18,85.211323
9.073534,18,85.2179
9.919868,18,85.224426
9.900878,18,85.632609
9.838144,18,85.639485
9.907399,18,85.645967
9.912868,18,85.652681
9.869264,18,85.659381
9.772792,18,85.665856
9.962355,18,85.672364
9.868345,18,85.678785
9.975905,18,85.685192
9.515405,18,85.691535
9.94478,18,85.697863
9.954227,18,85.704447
9.961679,18,85.710849
9.815139,18,85.719577
10.004136,18,86.120849
9.959335,18,86.127292
9.981683,18,86.13667
9.987371,18,86.143392
9.567274,18,86.14995
9.960833,18,86.156324
10.0121355,18,86.16267
9.941561,18,86.169299
9.981262,18,86.175826
10.0053625,18,86.182213
9.904927,18,86.188558
9.943478,18,86.194872
9.853636,18,86.201265
9.9576845,18,86.207596
9.847745,18,86.644431
9.906432,18,86.651078
9.9575405,18,86.659986
9.891437,18,86.666534
9.870472,18,86.672968
9.741736,18,86.679319
9.796296,18,86.685697
9.964077,18,86.692016
9.956833,18,86.698342
9.871351,18,86.705002
9.943301,18,86.711477
9.779848,18,86.717968
10.009562,18,86.724238
9.918245,18,86.73051
9.9548235,18,86.736791
9.824067,18,87.145987
9.927354,18,87.152749
9.891797,18,87.159219
9.9227495,18,87.166055
9.859497,18,87.172528
9.832138,18,87.181167
9.340342,18,87.187988
9.986815,18,87.19445
9.912018,18,87.200977
9.730076,18,87.207322
9.923679,18,87.213646
9.893525,18,87.220028
10.001161,18,87.267276
9.732628,18,87.273926
9.925909,18,87.679391
9.982062,18,87.686318
9.987199,18,87.692846
9.94398,18,87.699197
9.971683,18,87.707969
9.989834,18,87.714386
9.876485,18,87.720964
9.86501,18,87.727486
9.926312,18,87.733948
9.762438,18,87.740284
9.985761,18,87.746623
10.004159,18,87.753042
9.871109,18,87.759681
9.895515,18,87.766119
9.836024,18,88.171357
9.967889,18,88.178119
9.978573,18,88.185056
9.894357,18,88.191842
9.84918,18,88.200066
9.936647,18,88.206768
9.966489,18,88.213182
9.934228,18,88.219877
9.96408,18,88.228689
9.989562,18,88.235516
9.987347,18,88.241948
10.015229,18,88.248321
9.73102,18,88.254829
9.815518,18,88.261265
9.888335,18,88.699237
9.960454,18,88.706242
9.967917,18,88.712786
9.980758,18,88.719507
9.858322,18,88.725985
9.9226465,18,88.732253
9.823496,18,88.738591
9.999005,18,88.744881
9.952588,18,88.753233
9.990187,18,88.760019
9.837181,18,88.76647
9.951156,18,88.772966
9.896488,18,88.779414
9.908558,18,88.785931
9.728802,18,89.190669
9.937999,18,89.197333
9.831044,18,89.204147
9.815194,18,89.210567
9.982918,18,89.217176
9.764963,18,89.223622
9.979562,18,89.229921
9.898911,18,89.23639
9.868065,18,89.242784
9.991522,18,89.249138
9.928404,18,89.2556
9.959379,18,89.261964
9.813835,18,89.26841
9.822479,18,89.274759
9.94375,18,89.283561
9.92644,18,89.687741
9.934609,18,89.69455
9.792351,18,89.703681
9.898993,18,89.710299
9.841489,18,89.716718
10.003855,18,89.723258
10.024252,18,89.729715
10.0028515,18,89.736216
9.961154,18,89.742588
9.93965,18,89.748882
9.991641,18,89.755293
9.9059105,18,89.761635
10.00661,18,89.768042
10.001874,18,89.774305
9.965346,18,90.178264
9.955278,18,90.184744
9.989311,18,90.191055
9.946834,18,90.197384
9.908091,18,90.204092
9.65373,18,90.21076
10.0023575,18,90.217343
10.01722,18,90.226277
9.992917,18,90.232863
10.006014,18,90.239442
10.007241,18,90.245819
9.953002,18,90.252307
9.984431,18,90.258779
9.885035,18,90.265224
9.959884,18,90.70831
9.993192,18,90.715091
9.93457,18,90.721746
9.769506,18,90.72807
9.965173,18,90.73441
9.773774,18,90.742719
10.0250225,18,90.749347
9.966038,18,90.756044
9.980106,18,90.762435
9.832846,18,90.768832
9.8666525,18,90.775312
9.945961,18,90.781624
9.970085,18,90.788195
9.901365,18,90.794652
9.96752,18,91.198686
9.9633875,18,91.205622
9.965809,18,91.212018
9.998644,18,91.218695
9.818875,18,91.225234
9.996314,18,91.231647
9.938404,18,91.238082
9.958523,18,91.244362
9.935962,18,91.250696
10.026747,18,91.257305
9.931398,18,91.306898
10.018474,18,91.313734
9.9880295,18,91.320608
9.99046,18,91.327167
9.938589,18,91.333633
9.789677,18,91.737845
9.9642,18,91.744268
9.987575,18,91.751053
9.741638,18,91.757522
9.990407,18,91.763904
9.955673,18,91.770523
9.957153,18,91.77685
9.915078,18,91.783115
9.980592,18,91.789463
9.920403,18,91.7981
9.812226,18,91.804784
9.989337,18,91.811215
9.98732,18,91.817694
9.915073,18,91.824047
9.980918,18,92.230039
9.792785,18,92.236807
9.985407,18,92.243255
10.01403,18,92.249635
9.997749,18,92.256126
9.996113,18,92.262644
10.003587,18,92.269295
9.963168,18,92.275645
9.973589,18,92.28197
9.94267,18,92.28846
9.814821,18,92.294823
9.952112,18,92.301267
9.985045,18,92.307924
9.940845,18,92.316812
10.010889,18,92.76007
9.928379,18,92.766686
9.995696,18,92.773214
9.920622,18,92.780026
9.908563,18,92.786572
9.975798,18,92.792998
9.989113,18,92.799356
9.769446,18,92.805799
9.987952,18,92.812179
9.950507,18,92.818569
9.834431,18,92.824938
9.986445,18,92.831276
10.008995,18,92.837666
9.978036,18,92.846383
9.969172,18,93.251833
10.018611,18,93.258344
10.015194,18,93.267471
9.993545,18,93.274064
9.839667,18,93.280491
9.983858,18,93.287231
9.994265,18,93.293833
9.9863405,18,93.300498
9.967784,18,93.30702
9.955257,18,93.313366
9.984063,18,93.319874
9.950406,18,93.3263
9.955585,18,93.332594
9.971103,18,93.339072
9.961672,18,93.745375
10.021039,18,93.752352
9.990301,18,93.758669
10.004333,18,93.764903
10.01254,18,93.771357
9.996,18,93.777792
9.98278,18,93.784392
10.0124035,18,93.793301
9.995508,18,93.799741
9.960142,18,93.806374
9.8334055,18,93.812761
10.001159,18,93.819253
9.960202,18,93.825583
9.962742,18,93.831801
9.966697,18,93.838353
9.843968,18,94.245288
9.937075,18,94.252154
9.8201,18,94.258844
9.819377,18,94.265116
10.001401,18,94.271652
9.982816,18,94.278058
9.9782095,18,94.284409
9.841003,18,94.290692
10.006477,18,94.297335
9.956385,18,94.303794
9.842626,18,94.312319
9.892059,18,94.318966
10.013427,18,94.325385
9.9415655,18,94.331739
10.008086,18,94.770888
9.847223,18,94.777388
9.993111,18,94.784059
9.996589,18,94.790704
9.826357,18,94.797028
9.977063,18,94.803698
9.9765625,18,94.810237
9.985587,18,94.81671
9.965319,18,94.823101
9.812648,18,94.82953
9.737831,18,94.838335
9.98042,18,94.844901
9.9741745,18,94.851399
9.997567,18,94.857765
10.010003,18,95.262631
9.994687,18,95.26953
9.951226,18,95.276011
9.985032,18,95.28231
9.975235,18,95.288914
10.015691,18,95.295208
9.940511,18,95.301703
10.019555,18,95.348621
9.971166,18,95.355435
9.994129,18,95.364951
9.871368,18,95.371796
9.950687,18,95.37823
9.962614,18,95.384651
9.888474,18,95.391148
9.955468,18,95.798752
10.000337,18,95.805351
9.824425,18,95.81177
10.011357,18,95.818467
10.010281,18,95.824855
9.512803,18,95.831133
9.896298,18,95.837466
9.9558935,18,95.843675
9.999268,18,95.849939
10.008072,18,95.856761
10.023522,18,95.86324
9.975989,18,95.869671
9.818807,18,95.878257
9.978807,18,95.884892
9.873362,18,95.89136
9.974488,18,96.295363
9.9939575,18,96.304669
9.981112,18,96.311214
9.969067,18,96.317746
9.794757,18,96.324111
9.789866,18,96.330431
9.940074,18,96.337082
9.939429,18,96.343509
9.8647375,18,96.349951
9.98916,18,96.356684
9.99403,18,96.3633
9.964606,18,96.37095
9.985064,18,96.377346
9.778406,18,96.383826
9.857899,18,96.83032
9.9952755,18,96.837341
9.89479,18,96.84388
10.006355,18,96.85043
9.69311,18,96.856983
9.9470415,18,96.863401
10.002783,18,96.87006
9.998974,18,96.876569
10.014419,18,96.882926
9.910672,18,96.889308
9.647395,18,96.895618
9.83872,18,96.902187
9.613384,18,96.908642
10.016815,18,96.914994
9.766579,18,97.316195
9.836564,18,97.323176
9.897434,18,97.329576
9.997438,18,97.336063
9.9739065,18,97.342763
9.943767,18,97.351328
10.016927,18,97.358209
9.999042,18,97.364609
9.985125,18,97.371063
9.965664,18,97.377527
9.84616,18,97.383994
9.975979,18,97.39032
9.976845,18,97.396637
9.998943,18,97.40331
9.831757,18,97.810622
9.980732,18,97.81762
9.933966,18,97.823995
10.005883,18,97.830293
9.88743,18,97.836728
9.813763,18,97.843094
9.900554,18,97.849323
10.0049305,18,97.855689
10.014735,18,97.861995
10.012452,18,97.86845
9.98528,18,97.877082
9.974262,18,97.88374
9.962631,18,97.890277
9.846194,18,97.896759
9.987372,18,98.302946
9.8162985,18,98.309497
9.987599,18,98.315808
9.808475,18,98.322622
9.952721,18,98.329063
9.928042,18,98.335728
9.953162,18,98.342164
9.936585,18,98.348512
9.841326,18,98.35496
9.871612,18,98.361743
9.981496,18,98.368204
9.944553,18,98.374499
9.98099,18,98.380767
9.98847,18,98.387073
9.974567,18,98.395729
10.003936,18,98.835419
9.810913,18,98.842293
9.693875,18,98.848777
9.987438,18,98.855335
9.998069,18,98.861849
9.974838,18,98.868375
9.998195,18,98.874732
9.589555,18,98.881034
9.841626,18,98.88741
9.916765,18,98.893757
10.010738,18,98.90013
10.003348,18,98.906715
9.94528,18,98.912983
10.008592,18,98.919433
9.841295,18,99.326323
9.943541,18,99.332672
9.98662,18,99.341926
10.020631,18,99.34847
9.995233,18,99.396197
10.010193,18,99.40302
9.868199,18,99.409704
10.0055,18,99.41604
9.901623,18,99.422502
10.017216,18,99.428849
9.987168,18,99.435156
9.981438,18,99.441382
9.876351,18,99.450174
10.017771,18,99.456726
10.006199,18,99.861144
9.891449,18,99.868299
9.991084,18,99.874766
9.962973,18,99.881067
9.948243,18,99.887602
9.999289,18,99.894061
9.950194,18,99.90061
9.970025,18,99.906949
9.911008,18,99.913525
9.939538,18,99.920189
10.00262,18,99.926608
10.003661,18,99.933021
9.923113,18,99.939293
9.974512,18,99.945553
9.997225,18,100.351055
9.962131,18,100.357759
9.987302,18,100.364216
9.98439,18,100.37056
9.95101,18,100.376858
10.016035,18,100.386105
9.843292,18,100.392641
9.970238,18,100.398968
10.000506,18,100.405581
9.9545355,18,100.412356
10.008779,18,100.419118
10.02608,18,100.425532
9.85835,18,100.431816
10.004065,18,100.438163
9.895799,18,100.444424
9.805385,18,100.886153
9.900784,18,100.892645
9.967637,18,100.898989
9.965109,18,100.905614
9.981426,18,100.911942
10.019876,18,100.918592
9.995469,18,100.927319
10.006929,18,100.933943
9.819453,18,100.940344
9.965775,18,100.94669
9.8913555,18,100.953143
10.018762,18,100.959524
9.987548,18,100.965984
9.685824,18,100.972427
9.893439,18,101.380139
9.984211,18,101.387015
10.001981,18,101.393428
10.003647,18,101.399774
10.025163,18,101.406464
9.969721,18,101.412958
9.843543,18,101.419392
10.023237,18,101.425789
9.989814,18,101.432132
9.852052,18,101.43885
9.982405,18,101.445194
10.002612,18,101.454405
9.939539,18,101.460994
9.963009,18,101.467554
10.028798,18,101.870574
9.93739,18,101.878066
9.981584,18,101.884739
10.013241,18,101.891287
10.004214,18,101.897671
10.013826,18,101.904096
10.006586,18,101.910479
10.017341,18,101.916925
10.002679,18,101.923716
10.005521,18,101.930187
9.993759,18,101.936732
9.847471,18,101.943092
9.969229,18,101.949391
9.929944,18,101.95601
9.856521,18,102.362571
9.925674,18,102.369293
9.893441,18,102.375778
9.994199,18,102.382071
9.980767,18,102.388372
9.945035,18,102.39463
9.953183,18,102.403742
9.971924,18,102.410222
10.003791,18,102.416701
9.520767,18,102.423017
9.955963,18,102.42935
9.964124,18,102.435939
9.959669,18,102.442429
9.9211445,18,102.448773
9.98645,18,102.883417
9.973948,18,102.892725
9.837295,18,102.899427
9.976654,18,102.905874
10.0246315,18,102.912184
9.997844,18,102.91874
10.014383,18,102.927634
10.020275,18,102.934276
9.9428215,18,102.941043
9.906392,18,102.947423
9.780467,18,102.953862
9.973578,18,102.960158
10.012429,18,102.966518
9.95979,18,102.973209
9.830895,18,102.979748
10.000636,18,103.386438
9.93311,18,103.43326
9.970325,18,103.44056
9.835539,18,103.449895
9.960488,18,103.456323
9.938607,18,103.462877
9.995331,18,103.469388
9.918714,18,103.475842
10.014395,18,103.482103
10.011069,18,103.488676
10.017152,18,103.495062
9.667807,18,103.501652
10.021785,18,103.508242
9.958284,18,103.514597
9.924995,18,103.920839
10.007024,18,103.927375
10.007051,18,103.933958
10.014088,18,103.940363
10.009134,18,103.946698
9.947135,18,103.953403
9.988838,18,103.959882
9.924625,18,103.966301
9.994573,18,103.975391
10.015844,18,103.981765
9.952496,18,103.988209
9.7833605,18,103.994548
9.9981985,18,104.001024
10.002501,18,104.007503
9.892457,18,104.413314
10.009315,18,104.419883
9.979146,18,104.426543
10.018135,18,104.432921
9.977746,18,104.439817
10.012607,18,104.446401
9.943171,18,104.453719
9.9836645,18,104.460218
9.989482,18,104.466653
10.008431,18,104.473092
9.975031,18,104.479433
9.943362,18,104.485871
9.999694,18,104.494447
10.004058,18,104.50098
9.927816,18,104.945398
10.008384,18,104.952418
10.007993,18,104.958951
9.982587,18,104.965318
9.800481,18,104.971812
9.997586,18,104.978221
9.986785,18,104.984845
10.001492,18,104.991277
9.995442,18,104.997622
9.963779,18,105.004091
9.97146,18,105.010495
9.938816,18,105.018455
9.34141,18,105.025852
9.857538,18,105.032171
9.991695,18,105.038831
10.0072565,18,105.439553
9.996734,18,105.448571
9.838123,18,105.455405
9.962258,18,105.461935
9.976601,18,105.468416
10.002967,18,105.474905
9.965296,18,105.481129
9.996468,18,105.487722
9.854552,18,105.494089
9.865381,18,105.500562
9.898846,18,105.506906
9.975869,18,105.513143
9.958522,18,105.519557
9.9821615,18,105.526063
9.983078,18,105.929975
10.005562,18,105.936859
9.97352,18,105.943324
9.8603115,18,105.949704
9.993515,18,105.956008
9.983959,18,105.962345
10.016337,18,105.971632
9.986609,18,105.977988
9.969795,18,105.9846
9.9668255,18,105.990846
9.85267,18,105.997094
9.991347,18,106.00376
9.975872,18,106.010285
10.012636,18,106.016778
9.978947,18,106.419827
10.009555,18,106.426381
10.003067,18,106.432751
10.003941,18,106.439542
10.010222,18,106.446189
9.985734,18,106.45295
9.955211,18,106.459317
9.93014,18,106.465587
9.996028,18,106.472078
9.981009,18,106.47846
9.995612,18,106.48486
9.9966755,18,106.493481
9.9785795,18,106.499993
9.882853,18,106.506358
9.970443,18,106.90981
10.005987,18,106.916667
9.812959,18,106.923226
10.01878,18,106.929635
9.823069,18,106.966013
10.018807,18,106.979699
10.022274,18,106.986533
9.969555,18,106.992911
9.8477,18,106.999209
9.766001,18,107.005936
9.969114,18,107.014792
9.961984,18,107.021525
9.892703,18,107.027921
9.92654,18,107.034367
9.845655,18,107.479877
9.987948,18,107.48674
9.998692,18,107.493211
10.011038,18,107.499549
9.841017,18,107.506151
10.001987,18,107.512495
9.996684,18,107.518969
9.982631,18,107.525351
9.9867,18,107.53162
9.622487,18,107.540564
9.776756,18,107.546914
9.923458,18,107.553644
10.003971,18,107.560183
9.987303,18,107.566673
10.001035,18,107.573067
9.972293,18,107.97833
10.013859,18,107.98476
9.953,18,107.991015
9.98608,18,107.997251
10.018561,18,108.004015
9.858276,18,108.010498
10.020754,18,108.017126
10.009905,18,108.023801
10.018327,18,108.030419
9.862682,18,108.03686
9.969479,18,108.043104
9.948508,18,108.049343
10.024137,18,108.055829
9.843919,18,108.064101
9.947902,18,108.468412
9.970522,18,108.474905
9.910159,18,108.481275
9.968727,18,108.490547
9.946752,18,108.496999
10.021261,18,108.50373
9.80551,18,108.510225
9.992237,18,108.516643
9.984989,18,108.523065
9.991468,18,108.529401
9.906528,18,108.535718
9.966391,18,108.542054
10.009904,18,108.548314
9.991381,18,108.554666
9.966453,18,108.992325
9.956011,18,108.998804
10.019586,18,109.005592
10.024732,18,109.01462
10.0028515,18,109.021321
9.8127985,18,109.027782
9.943015,18,109.034331
9.835702,18,109.040681
9.997375,18,109.04699
9.997129,18,109.053678
9.854523,18,109.060106
9.781373,18,109.066505
10.006978,18,109.072992
10.008932,18,109.079281
9.899321,18,109.483701
9.810478,18,109.490562
10.010125,18,109.49705
9.765258,18,109.503747
9.974547,18,109.510189
9.939111,18,109.516651
10.0187025,18,109.523196
9.991362,18,109.529626
9.939969,18,109.538566
10.01949,18,109.544969
9.97089,18,109.551462
10.000766,18,109.558045
9.962125,18,109.564466
9.982501,18,109.571033
10.00252,18,109.57745
9.939447,18,109.979227
10.0127325,18,109.985702
10.017967,18,109.991991
9.955371,18,109.998248
10.009552,18,110.004986
10.00624,18,110.011412
9.9599285,18,110.018066
9.971814,18,110.024609
10.003899,18,110.031
10.026736,18,110.037465
9.998908,18,110.043818
9.994225,18,110.05038
10.018429,18,110.056969
9.987645,18,110.065587
10.024175,18,110.461954
10.006539,18,110.468906
10.003875,18,110.477861
9.679908,18,110.484488
10.019619,18,110.490925
10.002527,18,110.497288
9.901521,18,110.504175
9.856659,18,110.510758
9.985628,18,110.51727
9.921541,18,110.523753
9.947598,18,110.530167
9.988752,18,110.536651
9.9997,18,110.542962
10.003677,18,110.549207
10.0061655,18,110.954988
10.016587,18,110.961548
9.958356,18,110.968319
9.978226,18,110.975071
10.012253,18,110.981482
9.998784,18,110.988195
9.919947,18,110.994599
9.913193,18,111.002339
9.903738,18,111.010158
9.936313,18,111.016638
10.004457,18,111.051231
10.009925,18,111.104658
10.002915,18,111.113444
10.017445,18,111.120075
10.019035,18,111.518715
9.985323,18,111.526568
9.907635,18,111.534396
9.976129,18,111.540852
9.951409,18,111.547203
9.991558,18,111.553811
9.967835,18,111.560126
9.963831,18,111.566448
9.983004,18,111.573094
10.012373,18,111.57957
9.862203,18,111.586175
9.993538,18,111.592654
9.976023,18,111.598978
9.995029,18,111.605439
10.011182,18,112.011407
9.979232,18,112.018313
9.697324,18,112.024869
9.958799,18,112.031359
9.973589,18,112.038123
10.019924,18,112.044516
9.864386,18,112.052325
10.018301,18,112.059807
9.990088,18,112.066237
9.991895,18,112.072787
9.990535,18,112.079125
9.938359,18,112.085593
9.986446,18,112.092052
9.97539,18,112.098396
10.025563,18,112.104865
10.009109,18,112.510176
9.827714,18,112.516945
10.003406,18,112.523518
9.958009,18,112.530037
9.98799,18,112.536534
9.97872,18,112.542871
10.00284,18,112.549146
10.023365,18,112.555842
10.021844,18,112.562224
9.986608,18,112.568824
10.016771,18,112.577663
10.031013,18,112.584421
9.879251,18,112.590857
10.020246,18,112.597184
10.017496,18,113.021504
10.0158,18,113.037359
9.870258,18,113.044646
10.019533,18,113.051321
9.817132,18,113.057927
9.929784,18,113.064361
10.016519,18,113.071133
9.957006,18,113.077578
9.990708,18,113.083958
9.97784,18,113.090282
9.950903,18,113.096592
9.978462,18,113.105554
10.023358,18,113.111992
10.010109,18,113.118384
10.000573,18,113.521294
9.932388,18,113.527876
9.826574,18,113.534563
9.9028425,18,113.541046
9.842741,18,113.547417
9.982795,18,113.55392
9.981567,18,113.560304
9.993664,18,113.566662
9.830852,18,113.573118
10.02141,18,113.579511
10.004174,18,113.586069
10.019935,18,113.592635
9.858242,18,113.599152
10.003266,18,113.605578
9.892823,18,114.007635
9.868139,18,114.014409
10.001761,18,114.021265
10.008271,18,114.027701
9.997624,18,114.036457
10.021047,18,114.043156
10.023395,18,114.049608
9.943755,18,114.056216
10.005082,18,114.062613
10.011027,18,114.069162
9.859849,18,114.075566
10.017662,18,114.081884
9.991395,18,114.088383
10.008501,18,114.094783
10.020465,18,114.101228
9.971906,18,114.505889
9.945447,18,114.512332
10.015596,18,114.518936
10.019458,18,114.525354
10.010271,18,114.531651
10.014556,18,114.538315
9.93435,18,114.54492
10.009188,18,114.551354
10.027429,18,114.559323
10.020754,18,114.566649
10.004708,18,114.573308
10.02212,18,114.579849
9.999995,18,114.586266
10.014616,18,114.592648
10.006382,18,114.998773
9.862726,18,115.005629
9.995285,18,115.012259
10.004962,18,115.018863
9.836441,18,115.025695
10.022486,18,115.032116
10.001875,18,115.03862
10.017791,18,115.044999
9.989153,18,115.094442
10.022385,18,115.101663
10.025588,18,115.108337
10.026626,18,115.114772
9.998627,18,115.138109
9.853105,18,115.155877
10.025722,18,115.56799
9.998587,18,115.574463
10.020013,18,115.580797
9.670235,18,115.58715
9.638407,18,115.593814
9.84068,18,115.600286
10.019357,18,115.609413
10.019819,18,115.615893
10.010784,18,115.622711
9.982473,18,115.629163
10.027282,18,115.635669
10.015203,18,115.642061
10.010981,18,115.648406
10.001526,18,115.654932
9.676703,18,116.05938
10.026013,18,116.065835
9.806863,18,116.072318
9.979451,18,116.078946
9.975504,18,116.08569
9.903982,18,116.092217
10.001283,18,116.098555
10.020542,18,116.105239
10.01366,18,116.111611
9.975446,18,116.118084
9.867347,18,116.124435
10.0308275,18,116.133526
9.967461,18,116.140429
9.855598,18,116.146897
9.943662,18,116.55107
10.01317,18,116.557949
10.007173,18,116.564382
10.012198,18,116.571035
9.980499,18,116.577501
9.854965,18,116.584101
10.026688,18,116.590556
10.018183,18,116.596892
9.808712,18,116.60361
9.997899,18,116.610122
9.988287,18,116.616528
9.987394,18,116.622936
9.983131,18,116.629269
10.007125,18,116.635659
10.01201,18,116.641952
10.022505,18,117.051768
9.967895,18,117.058347
9.992211,18,117.066907
9.986062,18,117.07402
9.92492,18,117.080502
10.023949,18,117.087079
9.994871,18,117.093515
9.9994,18,117.099998
9.873586,18,117.106404
9.994965,18,117.112793
9.980999,18,117.119293
10.027134,18,117.125702
10.005924,18,117.132018
10.011768,18,117.138379
10.020536,18,117.585937
10.006345,18,117.592402
9.982612,18,117.601432
9.95071,18,117.608247
9.910917,18,117.61478
10.014813,18,117.621334
10.020575,18,117.627816
9.850123,18,117.634363
9.913911,18,117.64087
10.016868,18,117.64723
9.991041,18,117.65372
9.856871,18,117.660159
9.995441,18,117.666545
9.99052,18,117.673018
10.005821,18,118.07714
10.014066,18,118.084017
9.947614,18,118.090428
10.021838,18,118.096819
10.004985,18,118.103464
9.76907,18,118.109906
9.981088,18,118.117854
9.998832,18,118.125199
9.965004,18,118.131569
9.95224,18,118.138273
9.840137,18,118.144843
9.87667,18,118.151336
9.913587,18,118.157724
9.023789,18,118.16399
10.006023,18,118.585129
10.015866,18,118.591674
10.025221,18,118.598071
10.01211,18,118.604736
10.014496,18,118.611512
9.97328,18,118.618002
10.001678,18,118.624363
9.924104,18,118.630722
9.204442,18,118.637102
9.996249,18,118.645757
9.960251,18,118.652427
9.917574,18,118.658872
9.980089,18,118.665249
10.013054,18,118.67183
9.980512,18,118.678358
10.008243,18,119.083725
10.018668,18,119.090584
9.9946995,18,119.09704
9.989584,18,119.103488
9.849065,18,119.109891
9.966288,18,119.157938
10.02611,18,119.164514
10.007615,18,119.173835
9.993329,18,119.18038
10.004325,18,119.18688
10.013497,18,119.193212
9.820575,18,119.19951
10.017695,18,119.205784
10.011841,18,119.21204
9.978426,18,119.647475
10.017693,18,119.654019
9.304016,18,119.660455
9.904141,18,119.666881
10.010432,18,119.673225
9.952665,18,119.679575
9.171222,18,119.686313
9.940799,18,119.695101
9.796938,18,119.701774
9.306006,18,119.708193
10.003403,18,119.714553
10.020053,18,119.721235
9.916033,18,119.727678
10.014701,18,119.734009
9.98642,18,120.14716
9.863048,18,120.153718
10.007228,18,120.160559
10.015384,18,120.167278
9.174096,18,120.17393
9.167471,18,120.18073
10.003127,18,120.18729
9.093645,18,120.193567
9.977707,18,120.199872
9.974186,18,120.206115
9.996977,18,120.212563
9.991251,18,120.221423
10.014627,18,120.227765
9.96214,18,120.234179
10.016879,18,120.64228
9.975496,18,120.648742
9.998312,18,120.655811
10.016397,18,120.662351
9.985791,18,120.668804
10.0057,18,120.675202
9.934514,18,120.681509
9.978794,18,120.688331
9.984519,18,120.694779
10.019931,18,120.701299
9.985561,18,120.707592
9.963698,18,120.713919
9.990952,18,120.72032
9.936317,18,120.726592
9.924469,18,121.130087
9.325829,18,121.136728
9.930013,18,121.143133
10.017181,18,121.149507
10.012346,18,121.157641
9.9307,18,121.164974
9.768596,18,121.187866
10.012529,18,121.206482
9.861056,18,121.21993
10.014862,18,121.226331
10.024368,18,121.232705
9.929652,18,121.239214
10.00509,18,121.245578
10.012957,18,121.251937
9.980703,18,121.260267
10.017788,18,121.666354
9.838782,18,121.672798
9.904531,18,121.679154
9.795901,18,121.688215
9.956751,18,121.694683
9.935478,18,121.701202
9.79734,18,121.707806
10.014894,18,121.714182
9.868269,18,121.720639
10.021099,18,121.726987
10.023438,18,121.733436
9.858269,18,121.739775
9.997581,18,121.746084
10.000061,18,121.752478
9.850429,18,122.15896
10.031187,18,122.165366
10.0004,18,122.17216
9.886639,18,122.178796
10.011229,18,122.185342
10.007621,18,122.191795
9.848082,18,122.19813
10.019756,18,122.204517
10.02175,18,122.21312
9.969515,18,122.219742
9.957399,18,122.226102
10.000733,18,122.23238
9.912842,18,122.238789
9.961234,18,122.24516
9.989287,18,122.653489
9.858071,18,122.660054
10.0251875,18,122.666661
10.018047,18,122.673465
9.989301,18,122.679902
9.863332,18,122.686373
9.988941,18,122.692739
9.956905,18,122.699026
10.019923,18,122.705634
10.0109625,18,122.712029
10.00275,18,122.718461
9.968099,18,122.724869
10.012847,18,122.731174
9.983213,18,122.740064
10.008839,18,123.1465
10.013543,18,123.153233
10.002422,18,123.16221
9.995751,18,123.209108
9.99229,18,123.216084
9.943636,18,123.22276
10.011465,18,123.229166
9.980381,18,123.235783
10.001512,18,123.242188
9.999248,18,123.248431
10.015175,18,123.254865
9.990467,18,123.263465
10.0027485,18,123.280581
9.977504,18,123.303414
9.9764,18,123.317058
9.855727,18,123.722074
10.007455,18,123.728478
9.952638,18,123.735068
10.008587,18,123.74146
9.99702,18,123.747799
9.963005,18,123.754436
9.924098,18,123.760908
10.011171,18,123.767508
10.021106,18,123.773906
9.99076,18,123.78025
9.999079,18,123.78899
10.002315,18,123.795435
9.987322,18,123.802149
9.990951,18,123.808546
10.007144,18,124.211907
9.941166,18,124.219045
9.996945,18,124.225844
9.994547,18,124.232181
10.0047035,18,124.238856
9.996926,18,124.245321
10.009689,18,124.251817
9.909176,18,124.258178
9.989865,18,124.264486
9.981865,18,124.271085
9.995417,18,124.277487
9.995917,18,124.283914
9.980594,18,124.290351
10.004579,18,124.29666
9.307076,18,124.703275
10.00914,18,124.709936
10.003979,18,124.716493
9.98063,18,124.725192
9.9600115,18,124.731585
9.99088,18,124.738172
9.943897,18,124.744485
9.987842,18,124.750856
9.980164,18,124.757113
9.991834,18,124.763509
9.990946,18,124.770182
9.99625,18,124.776708
10.012079,18,124.783179
9.995984,18,124.789595
10.01148,18,125.197623
10.0139885,18,125.204451
9.99359,18,125.210961
9.929462,18,125.217634
9.908224,18,125.224208
9.979939,18,125.23061
9.911201,18,125.237153
10.017878,18,125.243578
10.020083,18,125.251574
10.02334,18,125.25877
10.022834,18,125.265067
9.962274,18,125.271626
10.018162,18,125.278087
9.954124,18,125.284748
9.998804,18,125.721656
9.854765,18,125.728484
9.996417,18,125.735193
10.020963,18,125.741648
9.979991,18,125.74804
9.916929,18,125.754591
9.83424,18,125.761024
10.022521,18,125.767635
10.017251,18,125.77612
10.017984,18,125.782461
10.0190525,18,125.789005
10.000631,18,125.795492
10.01791,18,125.802108
9.990395,18,125.808519
10.006107,18,125.814855
9.96742,18,126.222634
10.014798,18,126.22908
9.988217,18,126.235516
10.013537,18,126.241868
9.988265,18,126.248201
9.983618,18,126.255018
9.85225,18,126.261602
10.002833,18,126.268218
10.020838,18,126.274711
10.024299,18,126.281046
10.0051155,18,126.287518
9.970839,18,126.293914
9.953469,18,126.302768
9.851679,18,126.309251
9.992922,18,126.715547
10.017706,18,126.722425
9.9960575,18,126.728793
10.019031,18,126.735245
10.010544,18,126.741679
10.019148,18,126.748076
9.903841,18,126.754727
9.815496,18,126.761142
10.001951,18,126.767533
10.015555,18,126.773906
10.018822,18,126.780178
10.005022,18,126.786567
10.010797,18,126.792928
10.025861,18,126.799304
10.001502,18,127.247727
9.832661,18,127.254582
9.992863,18,127.260996
10.001038,18,127.267789
10.015702,18,127.274286
10.024845,18,127.280701
9.842292,18,127.287164
10.012256,18,127.2936
10.015774,18,127.300116
10.004296,18,127.306459
9.911695,18,127.312811
10.013906,18,127.319155
9.991977,18,127.325497
9.967698,18,127.33181
10.026785,18,127.778143
10.012203,18,127.784964
10.023257,18,127.791364
10.0255,18,127.797621
10.005434,18,127.80446
9.971622,18,127.810968
10.019614,18,127.817715
9.87786,18,127.824246
10.016325,18,127.830586
10.019171,18,127.836972
10.020763,18,127.843241
9.995354,18,127.849498
9.99576,18,127.855881
10.015594,18,127.86237
10.011221,18,127.874065
9.972977,18,128.27797
10.009636,18,128.284627
9.984707,18,128.293157
10.016991,18,128.300189
9.989734,18,128.306643
10.000622,18,128.31304
10.010948,18,128.319436
10.023967,18,128.325751
10.021235,18,128.33199
10.024083,18,128.338624
9.959647,18,128.345109
9.991206,18,128.351558
10.0154915,18,128.358023
10.027316,18,128.364474
10.018387,18,128.772136
10.017096,18,128.778513
9.993985,18,128.785139
9.83327,18,128.791381
10.021239,18,128.797592
10.006369,18,128.804241
10.022516,18,128.810672
10.019912,18,128.817016
10.00387,18,128.826253
9.991857,18,128.832833
10.013035,18,128.839337
10.027196,18,128.8458
10.0092535,18,128.85257
9.834236,18,128.859112
10.017047,18,129.264952
9.823044,18,129.27197
10.015265,18,129.278363
10.009559,18,129.284854
10.001152,18,129.291285
10.013539,18,129.29764
10.002234,18,129.304026
9.936439,18,129.310407
10.009266,18,129.31679
10.011999,18,129.323086
9.969767,18,129.329593
10.019377,18,129.336228
9.930208,18,129.344945
10.005214,18,129.351586
9.96384,18,129.79202
9.846087,18,129.798405
10.013434,18,129.805136
9.861476,18,129.811524
10.01531,18,129.818236
10.021552,18,129.824781
10.010798,18,129.831142
10.000315,18,129.837601
10.005981,18,129.843897
9.824651,18,129.850168
10.001704,18,129.856376
10.008834,18,129.862751
10.024528,18,129.871601
10.024383,18,129.878238
10.003749,18,130.280565
10.019802,18,130.287136
9.997231,18,130.296026
10.020361,18,130.302678
9.807474,18,130.309156
9.82752,18,130.315518
10.015628,18,130.322079
9.994293,18,130.328579
9.864156,18,130.335065
10.02119,18,130.341384
9.854041,18,130.347845
10.004105,18,130.354326
10.025216,18,130.360644
10.013467,18,130.36716
10.012992,18,130.373557
9.926601,18,130.779894
9.828813,18,130.786648
10.006074,18,130.793123
9.976659,18,130.799582
9.924301,18,130.806069
10.018595,18,130.812342
10.021512,18,130.821683
9.973536,18,130.828118
10.025472,18,130.834542
9.993334,18,130.840777
10.026645,18,130.846983
10.023932,18,130.894339
9.901204,18,130.901019
10.026267,18,130.907606
10.000394,18,131.309644
10.016487,18,131.316419
10.016512,18,131.322843
9.953488,18,131.329508
10.017062,18,131.335959
9.970701,18,131.344848
10.021428,18,131.35159
10.024646,18,131.358014
9.942995,18,131.364347
10.012439,18,131.370751
10.02066,18,131.377285
9.842714,18,131.383705
9.928276,18,131.39003
10.019594,18,131.396288
9.85466,18,131.837148
10.017196,18,131.843644
10.01056,18,131.850222
10.01756,18,131.856822
10.022974,18,131.864761
10.008414,18,131.872673
10.011487,18,131.879097
9.816558,18,131.885486
10.0274315,18,131.891784
10.019594,18,131.898074
10.018686,18,131.904678
10.02966,18,131.911227
9.969123,18,131.918185
9.8538065,18,131.924686
10.018574,18,132.328671
9.983438,18,132.335572
9.867103,18,132.342057
10.016584,18,132.348411
9.831923,18,132.355327
10.018661,18,132.361699
9.993798,18,132.368271
9.997811,18,132.374679
10.019828,18,132.380977
9.979515,18,132.389784
10.009034,18,132.396202
9.978834,18,132.402781
9.998147,18,132.409161
9.927085,18,132.415713
10.014713,18,132.422226
10.01842,18,132.826213
9.968511,18,132.832733
9.9809475,18,132.839335
10.019559,18,132.845717
9.808323,18,132.852471
9.919516,18,132.858985
10.013918,18,132.865343
9.989338,18,132.872094
10.023782,18,132.87844
10.022235,18,132.884895
9.981048,18,132.891271
10.020359,18,132.897602
10.001331,18,132.904044
10.019341,18,132.912685
10.028146,18,133.316466
9.934687,18,133.325356
10.017311,18,133.331664
10.023423,18,133.338233
10.017159,18,133.344673
10.026487,18,133.351491
10.019834,18,133.357969
10.025954,18,133.364302
10.018944,18,133.37068
10.01279,18,133.376994
10.026378,18,133.38339
9.988217,18,133.389931
10.001347,18,133.396336
10.0173025,18,133.40285
9.920893,18,133.842584
10.018308,18,133.852016
10.023459,18,133.858551
10.000966,18,133.864824
10.023479,18,133.871447
9.973284,18,133.877863
10.012103,18,133.884268
10.012956,18,133.890567
10.018637,18,133.896844
9.995177,18,133.903209
9.978317,18,133.909511
10.012389,18,133.91575
10.019043,18,133.922166
9.999411,18,133.928474
10.020297,18,134.333296
9.90347,18,134.339931
10.025648,18,134.346345
10.010362,18,134.353025
10.021901,18,134.359547
10.02332,18,134.365882
10.0204315,18,134.374853
10.021187,18,134.381302
10.016362,18,134.387929
10.023137,18,134.394371
10.020006,18,134.400829
10.022741,18,134.407162
9.84574,18,134.413468
10.024196,18,134.419918
10.008531,18,134.824057
10.01129,18,134.830577
10.023783,18,134.837301
10.003698,18,134.843692
10.016297,18,134.850222
10.027307,18,134.856767
10.026315,18,134.863163
9.846481,18,134.869987
9.945896,18,134.876442
10.019452,18,134.926053
9.950346,18,134.932546
9.992976,18,134.939166
10.008165,18,134.945521
10.02033,18,134.952254
9.99391,18,134.958816
10.02716,18,135.368561
10.022665,18,135.37518
10.014601,18,135.381555
10.016754,18,135.387901
9.977644,18,135.394241
9.855387,18,135.400872
9.850212,18,135.407383
9.786484,18,135.413748
10.027002,18,135.422785
9.949231,18,135.429313
9.975821,18,135.435794
10.007134,18,135.442205
10.019112,18,135.448524
10.000898,18,135.454985
10.023571,18,135.861797
10.02073,18,135.868763
9.980982,18,135.875203
10.019251,18,135.881544
9.9645195,18,135.891852
10.012285,18,135.91292
10.0207405,18,135.923922
10.007858,18,135.936694
10.0206785,18,135.946068
9.853666,18,135.952781
10.013033,18,135.959208
10.001879,18,135.965689
9.843774,18,135.972067
10.026986,18,135.978454
10.012642,18,136.382262
10.022503,18,136.389113
9.836204,18,136.395561
10.026739,18,136.402485
10.026597,18,136.408997
10.024446,18,136.415343
10.017682,18,136.421873
10.019333,18,136.428256
10.003557,18,136.434804
10.002774,18,136.441134
10.020091,18,136.447501
10.024021,18,136.453933
9.9826145,18,136.462588
9.927291,18,136.469154
10.010151,18,136.871257
10.025196,18,136.880274
10.015379,18,136.887167
10.014726,18,136.893638
9.984437,18,136.900108
9.977962,18,136.906567
9.908913,18,136.912966
10.030598,18,136.919447
10.017556,18,136.92581
10.018572,18,136.932125
9.83459,18,136.938444
10.023362,18,136.944766
10.019756,18,136.951218
10.011515,18,136.957548
10.021137,18,136.963892
9.967763,18,137.365662
10.013594,18,137.372426
10.024293,18,137.378806
10.015498,18,137.385476
9.9778,18,137.391981
10.011705,18,137.399708
9.809616,18,137.407294
9.983408,18,137.413682
9.9996195,18,137.420189
9.995537,18,137.426545
9.988608,18,137.432876
10.007684,18,137.439181
10.00098,18,137.445898
9.994758,18,137.452479
10.027591,18,137.858
10.021694,18,137.864383
10.022183,18,137.871156
9.995656,18,137.877641
10.003903,18,137.884296
10.003997,18,137.890789
10.011085,18,137.897161
10.031072,18,137.903528
10.015249,18,137.90981
10.002474,18,137.916121
10.023131,18,137.955784
10.015491,18,137.963627
10.021844,18,137.972497
10.020058,18,137.978829
10.014562,18,138.386195
10.020954,18,138.39276
10.015384,18,138.399287
9.987161,18,138.405892
10.016975,18,138.41222
10.015549,18,138.41855
9.951897,18,138.424914
10.00189,18,138.431381
10.019371,18,138.437869
10.020852,18,138.446463
10.015705,18,138.453453
10.024285,18,138.459914
10.013977,18,138.466296
10.020677,18,138.47283
10.009437,18,138.875878
10.01797,18,138.88233
9.8565035,18,138.889036
10.027481,18,138.895775
10.016927,18,138.902187
10.021198,18,138.908868
10.017584,18,138.955684
10.00724,18,138.962524
10.028882,18,138.971583
10.01616,18,138.978214
9.994456,18,138.984786
10.01633,18,138.991244
10.008971,18,138.997518
9.846296,18,139.00394
9.869548,18,139.409337
9.980427,18,139.416139
10.016464,18,139.422911
10.022046,18,139.429609
9.99663,18,139.436183
10.022804,18,139.442606
10.015276,18,139.448927
10.008841,18,139.455356
10.023356,18,139.461784
10.016653,18,139.468209
9.968044,18,139.474673
9.98701,18,139.480998
9.976852,18,139.489086
10.016628,18,139.49607
9.974252,18,139.502813
10.017104,18,139.909328
10.025916,18,139.916593
9.816486,18,139.92295
10.003256,18,139.929224
10.024434,18,139.935967
9.934659,18,139.942439
10.023492,18,139.948767
9.984857,18,139.95534
9.847313,18,139.96164
9.965138,18,139.968173
10.001991,18,139.975072
9.999416,18,139.981677
9.998984,18,139.988185
10.010874,18,139.994569
10.013759,18,140.437375
10.005968,18,140.443901
9.942874,18,140.450322
9.7336855,18,140.456794
10.027667,18,140.463124
10.006756,18,140.469814
9.78324,18,140.47632
10.011857,18,140.482718
10.024634,18,140.489011
10.028752,18,140.495299
10.026674,18,140.501592
10.029831,18,140.507824
9.996256,18,140.514073
10.014306,18,140.520537
10.028884,18,140.924941
9.858173,18,140.931403
10.001639,18,140.938298
10.020586,18,140.94468
10.016483,18,140.951115
9.850015,18,140.957763
9.85013,18,140.966938
10.01943,18,140.973715
9.990748,18,140.980163
10.006021,18,140.986615
10.018454,18,140.992974
9.976604,18,140.999338
9.9725685,18,141.005826
9.858599,18,141.012245
10.005015,18,141.418897
10.000815,18,141.42543
9.990725,18,141.431692
9.84534,18,141.438473
9.96009,18,141.444932
10.022563,18,141.451437
10.023404,18,141.457768
10.020832,18,141.464099
9.847471,18,141.470822
10.018543,18,141.477122
9.844441,18,141.483429
9.85339,18,141.49197
10.005638,18,141.498542
9.840392,18,141.505116
10.028003,18,141.511654
10.020867,18,141.914569
10.020628,18,141.921414
9.991404,18,141.927862
10.017661,18,141.934425
10.028976,18,141.940902
10.024029,18,141.947285
10.009335,18,141.95389
10.015253,18,141.960325
9.995471,18,141.966805
9.921806,18,141.973162
9.797778,18,141.979595
9.967548,18,141.986207
10.011558,18,141.992672
10.00972,18,141.998916
10.024279,18,142.441256
10.023125,18,142.447675
10.024788,18,142.454484
9.958647,18,142.461194
10.012238,18,142.467716
9.90761,18,142.474046
9.872661,18,142.480442
9.956508,18,142.487057
9.962243,18,142.493368
9.844457,18,142.499754
10.007697,18,142.50618
10.025332,18,142.512849
10.004335,18,142.519412
9.999731,18,142.52578
9.998836,18,142.933122
10.013547,18,142.939539
10.006956,18,142.945904
10.011127,18,142.955192
10.0023365,18,143.00269
10.019431,18,143.009348
10.008296,18,143.015713
10.028426,18,143.02208
9.958218,18,143.028362
9.768982,18,143.034673
10.006602,18,143.040944
10.012137,18,143.047144
9.845623,18,143.055565
10.009856,18,143.062414
9.846832,18,143.46601
10.010463,18,143.475214
10.0075245,18,143.481723
10.01788,18,143.488311
10.021998,18,143.494741
10.027312,18,143.501405
9.794413,18,143.508035
9.990288,18,143.51449
10.010877,18,143.521039
10.012384,18,143.527423
10.00959,18,143.533821
10.021457,18,143.540159
9.9951515,18,143.546502
9.957529,18,143.552944
9.747476,18,143.957145
10.018555,18,143.963632
10.014533,18,143.970439
10.020144,18,143.977142
10.001506,18,143.983617
10.02777,18,143.989871
10.012519,18,143.996112
9.943463,18,144.005108
9.985041,18,144.011599
9.854908,18,144.034797
9.829472,18,144.056214
10.020802,18,144.063469
10.000882,18,144.070137
10.010362,18,144.076598
10.006358,18,144.082971
10.009034,18,144.48564
9.911931,18,144.492064
10.027438,18,144.498316
10.02533,18,144.504875
10.025814,18,144.511311
10.005215,18,144.519447
9.846012,18,144.526723
9.99843,18,144.533363
10.007198,18,144.539975
9.959971,18,144.546487
9.996583,18,144.553068
10.017433,18,144.559532
9.967707,18,144.566025
10.00656,18,144.572426
10.010925,18,144.978405
9.98733,18,144.985162
10.013059,18,144.991599
9.985388,18,144.997943
10.021117,18,145.004771
9.961685,18,145.011538
10.009198,18,145.018015
10.007361,18,145.024348
9.995322,18,145.03067
10.021331,18,145.038775
10.011199,18,145.045993
9.928926,18,145.052526
9.998682,18,145.059092
10.021905,18,145.065469
9.986921,18,145.468201
10.011517,18,145.47505
10.000143,18,145.481544
9.855011,18,145.487961
10.015209,18,145.494655
9.974068,18,145.501223
10.024416,18,145.507611
10.009567,18,145.513957
9.99303,18,145.520396
10.004008,18,145.526844
9.985417,18,145.53323
10.011492,18,145.539688
9.999764,18,145.546024
10.023091,18,145.552401
9.979673,18,145.957439
10.022713,18,145.963942
9.819763,18,145.970794
9.978934,18,145.97725
10.013041,18,145.986383
10.029653,18,145.992888
9.994198,18,145.999256
9.983984,18,146.005973
10.024837,18,146.012458
10.006393,18,146.019127
10.009464,18,146.025553
9.981372,18,146.031897
10.025807,18,146.038474
9.992098,18,146.044906
10.019018,18,146.051498
10.022002,18,146.491144
9.929967,18,146.497531
10.029933,18,146.504288
10.008289,18,146.513233
9.994671,18,146.520053
10.011896,18,146.52646
10.025757,18,146.532823
9.990103,18,146.539115
10.019881,18,146.545436
9.952943,18,146.551945
9.9896145,18,146.558357
9.790572,18,146.564714
10.017403,18,146.571112
10.0048,18,146.577467
9.851968,18,146.983558
10.014865,18,147.033709
9.839462,18,147.040725
10.014042,18,147.047199
10.005285,18,147.053911
9.847415,18,147.06035
10.000975,18,147.066889
10.015781,18,147.073377
10.000185,18,147.079894
9.805169,18,147.086378
9.849267,18,147.092719
10.019135,18,147.099058
10.009585,18,147.105453
9.88602,18,147.111908
10.009973,18,147.520731
10.026936,18,147.527151
9.845795,18,147.533707
10.0173,18,147.540346
10.017992,18,147.548809
10.020301,18,147.555867
9.99814,18,147.562358
9.809578,18,147.568774
10.018674,18,147.575087
10.017132,18,147.581355
10.02476,18,147.587749
9.991373,18,147.594015
9.947979,18,147.600559
9.990047,18,147.607123
10.022432,18,148.009611
9.992401,18,148.016305
9.768595,18,148.022944
10.002415,18,148.029698
10.017269,18,148.036544
9.827506,18,148.043038
9.850356,18,148.04963
10.0234785,18,148.056253
10.019794,18,148.062766
9.976076,18,148.071412
10.013361,18,148.077903
10.01915,18,148.084497
10.013972,18,148.119999
10.011154,18,148.127114
9.592504,18,148.530295
9.975826,18,148.537426
9.990957,18,148.543938
10.022998,18,148.550523
10.019145,18,148.557151
9.955865,18,148.563524
10.022629,18,148.570029
10.01049,18,148.576414
9.993747,18,148.582766
9.968363,18,148.589141
10.014518,18,148.597882
9.992705,18,148.604543
10.022095,18,148.610974
10.009723,18,148.617374
9.994778,18,148.623707
9.969657,18,149.035189
9.996316,18,149.041728
10.0166025,18,149.048087
9.966266,18,149.054812
9.965815,18,149.061586
10.0026045,18,149.068164
10.010369,18,149.074529
10.007325,18,149.080837
9.985633,18,149.087259
10.009196,18,149.093595
9.850563,18,149.099976
9.985994,18,149.106332
9.9608135,18,149.112695
9.995113,18,149.121628
9.977542,18,149.524332
9.987603,18,149.530776
9.986879,18,149.540065
9.959552,18,149.546728
9.939005,18,149.553569
10.02562,18,149.560067
10.015213,18,149.566662
10.014064,18,149.573219
10.005457,18,149.579665
9.979871,18,149.586094
10.031256,18,149.592399
10.003458,18,149.598665
10.006215,18,149.605129
10.010339,18,149.611475
9.839515,18,150.015167
9.996944,18,150.022244
9.962499,18,150.028732
10.010083,18,150.035355
10.011453,18,150.041796
9.992612,18,150.048107
10.016504,18,150.056028
9.979971,18,150.063318
10.018333,18,150.069904
10.02143,18,150.076356
10.011831,18,150.082729
10.014165,18,150.089074
9.922656,18,150.095426
9.85722,18,150.102138
10.010735,18,150.547484
10.016027,18,150.554253
9.92998,18,150.560638
10.018041,18,150.567277
10.004835,18,150.573767
10.006406,18,150.582802
10.016627,18,150.589268
10.004893,18,150.595617
9.982884,18,150.602182
9.86854,18,150.608685
10.018719,18,150.615066
10.026344,18,150.621666
9.856622,18,150.628071
10.025216,18,150.675215
10.025433,18,150.683139
10.017934,18,151.088574
10.021009,18,151.095054
9.974616,18,151.104076
10.025215,18,151.110821
9.928959,18,151.117305
10.01545,18,151.123654
10.011414,18,151.12995
10.013141,18,151.13635
10.023688,18,151.142661
10.016287,18,151.148915
10.002429,18,151.155571
10.007407,18,151.161981
10.011181,18,151.168654
10.025455,18,151.175176
9.985538,18,151.579478
10.008508,18,151.586224
10.004262,18,151.592704
9.991333,18,151.599166
10.018486,18,151.605813
10.024705,18,151.612565
9.999064,18,151.619069
10.009663,18,151.627833
10.012072,18,151.634379
10.006441,18,151.640782
9.982608,18,151.647145
9.996052,18,151.65362
10.016271,18,151.660176
9.538606,18,151.666585
9.998602,18,152.070419
10.020433,18,152.07701
10.013491,18,152.083725
9.8404,18,152.090662
9.954329,18,152.09707
9.792507,18,152.103652
10.008838,18,152.110112
10.02811,18,152.116595
10.018377,18,152.123036
9.852841,18,152.129404
9.9904,18,152.135805
9.963899,18,152.142137
10.001075,18,152.150897
10.014431,18,152.157427
10.007469,18,152.599557
9.864055,18,152.60611
10.01778,18,152.612886
9.847656,18,152.619683
9.96395,18,152.626138
10.015905,18,152.632424
10.016255,18,152.639054
9.967386,18,152.645477
10.016831,18,152.651858
10.004984,18,152.658143
9.918228,18,152.664348
9.856447,18,152.673089
10.022787,18,152.6794
10.022607,18,152.685921
9.938084,18,153.089819
10.015638,18,153.097456
9.981988,18,153.104309
10.02297,18,153.11077
10.020127,18,153.11723
10.02339,18,153.123749
10.003941,18,153.130023
9.933101,18,153.136635
10.00847,18,153.14309
9.9843235,18,153.149544
10.007301,18,153.15595
9.983607,18,153.162188
9.864409,18,153.168438
10.031423,18,153.174612
9.965565,18,153.180771
10.006805,18,153.588934
9.963686,18,153.595369
9.935265,18,153.602066
9.987056,18,153.608589
10.029826,18,153.617377
10.011396,18,153.623967
9.955063,18,153.630464
9.984375,18,153.637189
10.001356,18,153.643646
10.021136,18,153.65017
10.01291,18,153.656705
10.007852,18,153.66306
10.018045,18,153.669566
10.008425,18,153.675951
9.979765,18,154.078453
9.839669,18,154.085208
9.828734,18,154.091673
10.007815,18,154.097981
10.025392,18,154.104391
9.944983,18,154.110726
10.0136175,18,154.117166
9.834224,18,154.12401
9.818193,18,154.130547
9.989408,18,154.138473
9.999816,18,154.14558
9.7829,18,154.152077
10.016171,18,154.158549
9.69098,18,154.164944
9.823486,18,154.602472
10.01355,18,154.609171
10.02185,18,154.615979
10.0177355,18,154.622618
9.995479,18,154.629049
10.005908,18,154.635546
10.014678,18,154.642018
10.005305,18,154.648353
10.021385,18,154.654852
10.0085335,18,154.661269
9.957142,18,154.710902
10.012927,18,154.717703
9.700627,18,154.724254
10.021603,18,154.730613
10.021223,18,155.134261
9.902336,18,155.140735
9.975789,18,155.147033
9.855729,18,155.153749
9.52376,18,155.160189
10.020291,18,155.166616
10.005567,18,155.172869
10.001692,18,155.17955
10.00243,18,155.188649
9.851367,18,155.195087
10.022092,18,155.20152
10.027156,18,155.207827
9.862845,18,155.214144
10.000764,18,155.220655
9.99736,18,155.226968
10.014792,18,155.634174
10.011835,18,155.640852
10.016477,18,155.647251
10.010946,18,155.653669
9.851739,18,155.660042
10.024303,18,155.66659
9.987828,18,155.673138
10.022148,18,155.67959
10.016736,18,155.68619
9.963166,18,155.692618
9.991984,18,155.699075
10.017215,18,155.707031
10.016017,18,155.713943
10.018797,18,155.72049
10.007341,18,156.127018
9.985728,18,156.133707
10.025337,18,156.140316
10.024255,18,156.146754
9.984869,18,156.153425
10.01997,18,156.159895
10.021872,18,156.166473
9.688621,18,156.173011
10.019488,18,156.179388
10.000893,18,156.185848
10.022749,18,156.192208
10.002203,18,156.1985
10.009182,18,156.205004
10.012039,18,156.211419
10.001732,18,156.655025
10.021877,18,156.661738
10.006227,18,156.668403
9.706785,18,156.675125
9.956273,18,156.681589
10.015682,18,156.687999
10.026123,18,156.694286
10.02771,18,156.700837
10.020878,18,156.707357
10.00811,18,156.713747
10.003846,18,156.720246
10.01574,18,156.726616
9.86743,18,156.73292
10.024528,18,156.739241
9.9230995,18,157.150579
10.00938,18,157.157152
10.005207,18,157.163946
10.0046015,18,157.170911
10.013341,18,157.18025
10.015577,18,157.187365
9.963779,18,157.193861
9.987176,18,157.2005
10.016151,18,157.206921
10.01626,18,157.213908
9.992493,18,157.220524
10.01875,18,157.226931
10.008857,18,157.233662
9.994235,18,157.240014
10.008074,18,157.645328
9.994307,18,157.652212
9.896453,18,157.658936
9.940533,18,157.665415
10.014857,18,157.672107
10.006603,18,157.678519
10.022366,18,157.684948
9.992638,18,157.691271
10.020218,18,157.699958
10.004757,18,157.706598
10.013536,18,157.712996
10.005031,18,157.719468
9.979841,18,157.725771
9.999287,18,157.731994
9.989479,18,157.738332
9.9781,18,158.14409
9.930441,18,158.15085
10.0119095,18,158.157314
10.029052,18,158.163667
9.974771,18,158.170298
9.977055,18,158.176682
9.991573,18,158.18304
10.005452,18,158.189445
9.964728,18,158.195788
10.028184,18,158.202492
10.029796,18,158.20897
10.040641,18,158.215328
10.013113,18,158.223907
10.008974,18,158.230445
10.02025,18,158.668878
10.022556,18,158.675384
10.012398,18,158.681677
10.026483,18,158.688101
10.027054,18,158.694439
10.013928,18,158.700911
10.000019,18,158.707415
9.852302,18,158.757298
10.018461,18,158.763628
10.021347,18,158.770319
10.014823,18,158.776714
10.02281,18,158.783159
10.022935,18,158.789409
10.014773,18,158.795659
9.845403,18,159.199917
10.0185375,18,159.206633
10.023128,18,159.213032
10.032653,18,159.219528
10.016194,18,159.22589
10.006607,18,159.232186
9.9617,18,159.238689
9.996182,18,159.245124
10.020389,18,159.251535
10.000166,18,159.257849
10.028537,18,159.26585
10.021468,18,159.273217
10.001433,18,159.279593
10.020895,18,159.28623
10.01561,18,159.697354
9.852393,18,159.70415
9.660085,18,159.710495
10.020554,18,159.717111
10.009253,18,159.723643
10.001599,18,159.730048
9.704435,18,159.736455
9.979488,18,159.742672
9.976223,18,159.748884
10.01015,18,159.755204
10.019667,18,159.761601
10.019877,18,159.768293
10.023076,18,159.775005
9.8278055,18,159.781454
10.004104,18,159.790353
10.0036955,18,160.195838
9.865348,18,160.202612
10.013958,18,160.211636
10.001987,18,160.218488
10.023255,18,160.224814
9.998052,18,160.231043
10.0552635,18,160.237554
9.965243,18,160.243927
9.933009,18,160.250227
9.989748,18,160.256611
9.989978,18,160.263038
10.017153,18,160.269551
9.984518,18,160.275961
10.016528,18,160.28233
10.015519,18,160.721163
9.980765,18,160.729343
10.01087,18,160.73687
9.982929,18,160.743391
9.995622,18,160.749972
9.99363,18,160.756453
10.000153,18,160.762862
10.0074005,18,160.769389
10.009051,18,160.77572
10.015223,18,160.78206
9.996726,18,160.788463
10.019977,18,160.794824
10.028376,18,160.801213
10.001934,18,160.807524
10.011779,18,161.214995
9.993645,18,161.222064
10.004811,18,161.228549
9.9798975,18,161.234975
9.984643,18,161.241342
9.998456,18,161.247662
10.009283,18,161.256458
10.024569,18,161.263055
9.981398,18,161.269523
10.011283,18,161.27582
9.995003,18,161.282138
10.027892,18,161.288399
10.009511,18,161.29462
9.946714,18,161.30128
10.017663,18,161.706398
9.84577,18,161.712789
10.011458,18,161.719534
9.998308,18,161.725965
10.002126,18,161.732319
10.007686,18,161.738898
10.026791,18,161.745288
9.977519,18,161.75171
9.84807,18,161.757967
10.0157995,18,161.764203
10.022231,18,161.772374
10.013072,18,161.779078
9.856269,18,161.785623
9.951906,18,161.791899
10.0208,18,162.198112
10.011891,18,162.205221
9.962134,18,162.211777
9.9720335,18,162.218456
10.011757,18,162.224888
10.023514,18,162.231219
10.025387,18,162.23785
10.023556,18,162.244276
10.025571,18,162.250745
10.008618,18,162.257126
10.006627,18,162.26353
9.943768,18,162.269958
10.023622,18,162.276307
9.940651,18,162.282675
10.027554,18,162.289058
10.017429,18,162.732011
9.785769,18,162.738815
10.01835,18,162.745213
10.003791,18,162.751957
10.014846,18,162.798702
10.010841,18,162.805259
9.96018,18,162.811868
10.000708,18,162.81863
10.00327,18,162.827217
9.990319,18,162.833735
10.005478,18,162.840336
10.020896,18,162.84675
10.01367,18,162.853352
10.016168,18,162.859762
9.948958,18,163.264413
10.02154,18,163.27139
10.012932,18,163.277849
9.984424,18,163.284449
10.009723,18,163.29084
10.009808,18,163.297272
10.010123,18,163.303757
9.810076,18,163.310471
10.011302,18,163.317036
10.0253315,18,163.323517
9.836143,18,163.329859
9.97381,18,163.336305
10.004393,18,163.342673
10.008921,18,163.351355
9.998314,18,163.754198
9.987145,18,163.761001
10.022335,18,163.769094
9.7949915,18,163.776123
10.016942,18,163.782591
9.826377,18,163.789258
10.020234,18,163.795569
10.014156,18,163.801975
10.018577,18,163.80829
10.005969,18,163.814726
9.89311,18,163.822548
10.002277,18,163.828942
9.978893,18,163.835365
10.011365,18,163.841751
10.005099,18,164.247049
10.020855,18,164.253918
9.990437,18,164.260673
10.008015,18,164.267178
9.921144,18,164.273584
9.9888115,18,164.28001
9.960829,18,164.2867
9.862255,18,164.295305
10.013106,18,164.301972
10.007926,18,164.308349
9.8604,18,164.314698
10.012156,18,164.321325
10.018678,18,164.327762
10.006502,18,164.334219
10.013869,18,164.340594
10.033356,18,164.785906
10.021096,18,164.792433
9.9998665,18,164.798875
10.009881,18,164.805232
10.020541,18,164.811543
10.008406,18,164.820548
9.977919,18,164.827017
10.015214,18,164.833446
9.98296,18,164.840169
10.015284,18,164.846527
10.013967,18,164.853029
10.0249195,18,164.859448
10.019412,18,164.865884
9.995897,18,164.872187
9.85927,18,165.278428
10.014861,18,165.285135
10.024012,18,165.291485
10.024106,18,165.297768
9.9716835,18,165.304474
9.671631,18,165.310905
10.022002,18,165.317382
10.019667,18,165.323977
9.983673,18,165.330226
10.021281,18,165.336668
10.010614,18,165.345184
10.001652,18,165.351823
10.020726,18,165.358336
9.806454,18,165.36471
10.005868,18,165.771009
10.010138,18,165.777497
9.794868,18,165.784158
9.9937315,18,165.790664
10.007688,18,165.797062
9.855436,18,165.803796
10.023172,18,165.810127
9.982937,18,165.816464
10.0066395,18,165.822819
10.014912,18,165.829181
10.008329,18,165.835538
9.853823,18,165.842128
9.997347,18,165.848574
10.022223,18,165.855055
9.999499,18,166.262956
9.999872,18,166.269793
9.991958,18,166.276534
10.0327,18,166.282993
9.962678,18,166.291768
9.997113,18,166.298183
10.004242,18,166.304817
10.004619,18,166.311223
10.020145,18,166.317748
9.922404,18,166.324159
10.006017,18,166.330523
10.025401,18,166.336966
10.017432,18,166.343385
9.989932,18,166.349836
10.018702,18,166.789116
10.009219,18,166.795694
10.007779,18,166.846441
10.019019,18,166.853535
10.01509,18,166.860317
10.020464,18,166.866875
10.025205,18,166.873234
10.012321,18,166.879496
10.027207,18,166.886075
10.029552,18,166.89252
10.009824,18,166.898876
10.008495,18,166.905228
9.975652,18,166.911579
10.019942,18,166.920056
10.021301,18,166.927085
10.019403,18,167.331702
9.988358,18,167.340801
10.009651,18,167.347231
10.016849,18,167.354012
10.0206785,18,167.360507
10.017266,18,167.36696
10.022714,18,167.373368
10.010392,18,167.379734
9.86208,18,167.386376
10.007786,18,167.392802
9.869462,18,167.399174
10.018434,18,167.40557
10.018084,18,167.411921
10.011055,18,167.418593
9.851651,18,167.825323
9.994369,18,167.831722
9.925849,18,167.838069
10.024364,18,167.844393
9.995701,18,167.851051
10.026593,18,167.857729
10.023686,18,167.86718
10.015634,18,167.874107
10.0159855,18,167.880568
10.0174265,18,167.886978
10.018164,18,167.893341
10.025988,18,167.899767
9.990173,18,167.906281
10.012287,18,167.912671
10.012043,18,168.318885
9.851647,18,168.325607
10.018959,18,168.332192
9.9817915,18,168.338918
9.862664,18,168.345465
10.0180235,18,168.352066
9.93811,18,168.358759
10.0113125,18,168.36515
10.012278,18,168.371691
10.011049,18,168.378152
10.012069,18,168.386276
9.997675,18,168.3934
9.797322,18,168.39992
10.025585,18,168.406389
10.004312,18,168.845407
10.00441,18,168.852218
10.013792,18,168.858739
10.012468,18,168.86509
9.999745,18,168.871704
10.016599,18,168.87804
9.85759,18,168.88467
10.012394,18,168.891102
9.847206,18,168.897441
10.023322,18,168.903825
10.00491,18,168.912388
10.007636,18,168.919038
10.016343,18,168.925421
9.865095,18,168.931684
9.815,18,168.938192
10.013317,18,169.341157
10.016338,18,169.34779
10.000413,18,169.354266
10.019185,18,169.360747
10.01387,18,169.367448
10.019785,18,169.373898
10.004184,18,169.380249
10.018502,18,169.386637
9.835168,18,169.393057
10.014514,18,169.399608
9.976383,18,169.406163
9.999556,18,169.412493
9.976656,18,169.418983
10.00775,18,169.425415
10.019763,18,169.830968
9.984979,18,169.837568
10.013021,18,169.843961
10.004839,18,169.8507
10.015433,18,169.859489
10.008035,18,169.865994
9.859722,18,169.872581
9.968735,18,169.878918
9.97966,18,169.8854
10.022244,18,169.891817
10.021425,18,169.898131
10.020228,18,169.90465
10.008041,18,169.911054
10.010298,18,169.917538
9.998741,18,170.321354
9.995001,18,170.327769
10.027565,18,170.334371
10.019549,18,170.340809
9.974237,18,170.347139
10.005505,18,170.353859
10.018343,18,170.360284
10.025077,18,170.366678
10.012241,18,170.37302
10.008796,18,170.379334
10.013215,18,170.388549
10.002071,18,170.395001
10.022837,18,170.401581
10.015889,18,170.447954
10.012063,18,170.886825
9.994592,18,170.893373
10.009285,18,170.899954
9.968709,18,170.908529
10.008824,18,170.9151
10.004178,18,170.922169
10.026296,18,170.928574
10.023274,18,170.934988
10.019806,18,170.941344
10.01346,18,170.947655
10.009301,18,170.954339
10.016858,18,170.960694
10.000479,18,170.967124
9.909756,18,170.973695
10.025274,18,171.37545
10.002011,18,171.381992
9.987506,18,171.388629
10.001203,18,171.394945
9.96011,18,171.401615
9.986175,18,171.407893
10.022831,18,171.414143
10.020696,18,171.42068
9.974842,18,171.427124
10.018901,18,171.436275
9.997855,18,171.442642
10.002379,18,171.448937
10.016036,18,171.45522
10.01067,18,171.46174
10.010534,18,171.468585
10.013401,18,171.878411
9.973797,18,171.885138
10.021288,18,171.891573
9.990566,18,171.897922
9.960004,18,171.904794
9.984293,18,171.91124
10.012508,18,171.917981
10.018571,18,171.924458
10.012503,18,171.930792
10.025809,18,171.937205
10.021051,18,171.943541
10.013118,18,171.949963
9.852931,18,171.958191
9.98471,18,171.964955
10.008855,18,172.366865
10.010078,18,172.375855
10.020552,18,172.382522
10.007093,18,172.389137
10.0197315,18,172.395505
9.834827,18,172.401817
9.849126,18,172.408071
10.012865,18,172.414335
9.963052,18,172.420969
10.011745,18,172.427385
10.022924,18,172.433852
10.019394,18,172.440209
9.964774,18,172.446542
9.988806,18,172.453198
10.008293,18,172.893043
10.021008,18,172.90241
9.979499,18,172.908864
10.012411,18,172.915559
9.849705,18,172.922242
10.018698,18,172.928642
10.01775,18,172.935212
9.990472,18,172.941627
10.007043,18,172.947927
10.0021305,18,172.954473
10.003013,18,172.960885
9.978298,18,172.967387
10.0178795,18,172.973838
10.012451,18,172.980135
10.022074,18,173.388057
9.865534,18,173.394559
10.024305,18,173.401173
10.008907,18,173.407638
10.024603,18,173.413969
10.019767,18,173.422254
10.007317,18,173.429278
10.014342,18,173.435732
10.023912,18,173.442075
9.952231,18,173.448336
9.985771,18,173.454909
9.998438,18,173.46133
10.021178,18,173.467839
10.019576,18,173.474217
10.025808,18,173.480597
10.011551,18,173.887488
10.017717,18,173.894046
9.994473,18,173.900765
10.01323,18,173.9072
10.01816,18,173.913818
9.845492,18,173.920361
10.001272,18,173.926706
9.97699,18,173.933101
9.7922325,18,173.939435
10.021507,18,173.94713
10.021946,18,173.954755
10.012134,18,173.961329
10.010149,18,173.967844
9.675264,18,173.974195
10.024356,18,174.380342
10.013994,18,174.3874
10.021645,18,174.393897
10.010189,18,174.400339
10.000377,18,174.406753
9.82828,18,174.413305
10.015051,18,174.419794
9.965318,18,174.426191
10.018153,18,174.432592
10.023579,18,174.438979
10.017963,18,174.488358
10.020055,18,174.495153
10.002027,18,174.502097
10.000816,18,174.508826
9.998948,18,174.947698
10.015669,18,174.954887
10.023641,18,174.961352
10.018872,18,174.967879
9.9908,18,174.974333
10.021149,18,174.980659
10.001594,18,174.987165
10.024622,18,174.99352
10.0213375,18,175.002274
9.9934,18,175.008823
9.837491,18,175.015275
10.022774,18,175.02197
9.949191,18,175.028418
10.007674,18,175.034868
10.008303,18,175.438304
10.024371,18,175.444855
9.976698,18,175.451708
10.018068,18,175.458428
10.017229,18,175.464922
10.01892,18,175.47146
9.856407,18,175.477819
10.024851,18,175.484253
10.018961,18,175.490506
9.981324,18,175.496745
10.023823,18,175.5034
10.017624,18,175.512049
9.988176,18,175.520745
10.015172,18,175.527089
10.021364,18,175.928441
10.024718,18,175.937891
10.030595,18,175.944474
10.029143,18,175.951053
10.024852,18,175.957642
10.003132,18,175.964067
9.85576,18,175.970851
9.825349,18,175.977344
9.781026,18,175.983825
10.022094,18,175.990193
10.020323,18,175.996527
10.010582,18,176.00289
10.024309,18,176.009209
9.830357,18,176.015697
10.01984,18,176.022178
10.007354,18,176.428831
9.950111,18,176.435423
10.012396,18,176.441812
10.009333,18,176.448174
10.011011,18,176.454758
9.934722,18,176.463625
9.912729,18,176.470494
9.855692,18,176.477058
10.018472,18,176.483439
9.984534,18,176.489857
10.005731,18,176.496239
10.000679,18,176.502807
10.019728,18,176.50925
10.020986,18,176.515642
10.00507,18,176.953717
10.022586,18,176.960194
10.02651,18,176.966543
10.021495,18,176.973599
9.978544,18,176.98214
10.023653,18,176.988845
10.024248,18,176.995205
10.021853,18,177.001464
10.020889,18,177.008119
10.021712,18,177.01453
10.002693,18,177.021011
10.001327,18,177.027677
9.968197,18,177.034115
9.971796,18,177.040578
10.023027,18,177.450805
10.00967,18,177.457706
9.981561,18,177.464281
9.982983,18,177.470787
9.988182,18,177.477193
9.952158,18,177.483571
10.000426,18,177.490349
9.99672,18,177.496949
10.023146,18,177.50567
10.023303,18,177.512566
10.026853,18,177.519087
9.747995,18,177.525925
9.981694,18,177.532368
9.989114,18,177.538905
10.011312,18,177.948063
10.009976,18,177.954679
9.855461,18,177.961286
10.014773,18,177.967876
10.022936,18,177.974708
10.008381,18,177.981113
10.010972,18,177.987403
10.002657,18,177.993692
10.003332,18,177.999956
10.013128,18,178.006471
10.016318,18,178.012982
10.030474,18,178.019411
10.002087,18,178.025899
10.000372,18,178.034376
10.0243845,18,178.041026
10.034751,18,178.444531
9.993306,18,178.453431
9.988562,18,178.460243
10.019314,18,178.466752
9.951695,18,178.473317
9.858244,18,178.479864
10.026794,18,178.486219
10.008574,18,178.492638
10.001033,18,178.539792
10.053596,18,178.546332
10.026476,18,178.552773
9.993909,18,178.561771
10.022391,18,178.56825
10.003952,18,178.574705
10.023607,18,179.020297
10.007429,18,179.026852
9.992055,18,179.033258
10.013548,18,179.039551
9.980572,18,179.045941
10.024962,18,179.052255
10.023372,18,179.058871
9.84638,18,179.06517
10.024911,18,179.071473
10.013867,18,179.077781
10.016546,18,179.086598
10.014458,18,179.093281
9.987639,18,179.0996
9.847442,18,179.10583
9.965041,18,179.528175
10.013835,18,179.534804
10.0111685,18,179.541145
10.015968,18,179.547553
10.010188,18,179.554054
9.979686,18,179.564017
10.019014,18,179.570488
9.97837,18,179.577217
10.006676,18,179.583624
9.856373,18,179.589984
10.026975,18,179.596558
10.013995,18,179.603017
10.004002,18,179.611088
9.843884,18,179.618233
9.997629,18,180.024279
10.006437,18,180.031743
10.024519,18,180.039975
10.026731,18,180.046671
10.018976,18,180.053173
10.022083,18,180.059691
10.020348,18,180.066187
9.983692,18,180.072683
9.985732,18,180.080666
10.014417,18,180.088231
10.015404,18,180.094719
10.017351,18,180.101498
10.004862,18,180.107994
9.970452,18,180.11457
9.9976845,18,180.524963
9.98792,18,180.531939
9.968615,18,180.5384
10.01813,18,180.54486
9.845003,18,180.551621
10.022713,18,180.559566
10.000851,18,180.567446
10.007441,18,180.573904
10.018632,18,180.580452
10.026386,18,180.587052
9.9815,18,180.59334
10.01089,18,180.599894
10.024695,18,180.606402
10.006493,18,180.612833
10.024239,18,180.61934
10.020571,18,181.066039
10.013192,18,181.072871
10.016745,18,181.080917
10.019302,18,181.088476
10.024702,18,181.0949
9.832795,18,181.10148
10.018095,18,181.107936
10.026555,18,181.114407
10.014269,18,181.120874
9.971317,18,181.127283
10.025026,18,181.133736
10.003861,18,181.140124
10.008011,18,181.146533
10.004548,18,181.152855
10.010973,18,181.557621
10.013769,18,181.564405
9.995384,18,181.570856
10.018669,18,181.577212
9.962326,18,181.583722
10.024652,18,181.590225
10.001121,18,181.596646
10.012802,18,181.603419
9.964597,18,181.61163
10.023086,18,181.618728
10.00969,18,181.62521
9.857895,18,181.631648
9.98951,18,181.638056
10.023194,18,181.644427
10.019256,18,182.048908
9.85635,18,182.055707
10.010534,18,182.062099
9.81693,18,182.068679
10.018227,18,182.075129
9.990932,18,182.081785
9.987542,18,182.088332
9.858078,18,182.094647
10.006046,18,182.10106
10.023246,18,182.107424
10.0206995,18,182.113727
9.979774,18,182.120178
10.006793,18,182.126525
10.01438,18,182.13443
10.028362,18,182.540159
10.023563,18,182.546725
10.014514,18,182.555935
9.982477,18,182.562328
10.006784,18,182.568859
9.991399,18,182.575271
10.025608,18,182.623355
10.004287,18,182.629915
10.018213,18,182.636435
10.025886,18,182.64286
10.003987,18,182.649248
10.01994,18,182.655708
9.859686,18,182.66436
10.006629,18,182.671156
9.994548,18,182.677606
9.83634,18,183.120305
9.997333,18,183.126868
10.020588,18,183.133304
10.008383,18,183.139979
9.961346,18,183.146396
9.978815,18,183.152856
10.014734,18,183.159215
10.007485,18,183.165506
10.022527,18,183.172309
9.985917,18,183.178852
10.023129,18,183.188157
10.009401,18,183.194602
10.014045,18,183.201085
10.023112,18,183.207656
10.0103,18,183.617467
9.853819,18,183.624064
10.020868,18,183.630408
10.028004,18,183.637369
10.00893,18,183.645764
9.987536,18,183.652381
9.924672,18,183.658836
10.011572,18,183.665175
10.00704,18,183.671716
9.991715,18,183.678163
10.0025215,18,183.684564
10.007882,18,183.690856
10.018587,18,183.697122
10.019004,18,183.703565
9.985221,18,184.107829
10.019131,18,184.11432
9.995461,18,184.121025
10.025267,18,184.127578
10.02008,18,184.136797
10.019059,18,184.143444
10.024934,18,184.149747
9.995118,18,184.156209
9.982149,18,184.162601
9.972989,18,184.169061
10.013866,18,184.175382
9.989696,18,184.181673
10.018005,18,184.188219
10.006863,18,184.194722
10.01086,18,184.600379
10.01939,18,184.607271
10.015573,18,184.613969
9.994736,18,184.62061
9.862393,18,184.627123
10.023277,18,184.633535
9.993841,18,184.64012
10.009727,18,184.646572
9.9784155,18,184.652961
10.016171,18,184.66161
9.967705,18,184.668009
9.970871,18,184.674604
10.020956,18,184.680976
10.02077,18,184.687533
10.0028515,18,185.124514
10.006147,18,185.13115
10.011172,18,185.13779
10.014137,18,185.144241
10.008566,18,185.150563
9.98151,18,185.15713
10.014709,18,185.163421
10.027583,18,185.169679
10.020081,18,185.176032
9.920391,18,185.182578
10.016699,18,185.191789
10.02538,18,185.198319
10.010505,18,185.204823
10.002696,18,185.21133
10.007415,18,185.217725
10.024512,18,185.62362
10.027965,18,185.63013
9.980603,18,185.636484
9.860168,18,185.642898
10.02087,18,185.649524
10.02236,18,185.65605
9.99813,18,185.662358
10.021471,18,185.668658
10.014605,18,185.675101
10.025824,18,185.68145
10.022235,18,185.687787
10.009007,18,185.694295
9.8447695,18,185.700792
10.027063,18,185.707271
9.8541975,18,186.111978
9.99948,18,186.118645
9.93336,18,186.125073
10.023962,18,186.13379
10.003677,18,186.140545
9.991568,18,186.147075
9.972549,18,186.153472
9.994864,18,186.159873
10.0206995,18,186.166132
9.982154,18,186.172412
10.024,18,186.178846
9.988241,18,186.18517
10.018334,18,186.191865
9.988122,18,186.198205
10.019008,18,186.604577
10.020776,18,186.611463
9.998462,18,186.617926
9.996846,18,186.667986
10.011418,18,186.674795
10.024955,18,186.681214
10.018981,18,186.687513
10.009064,18,186.693985
10.016719,18,186.700364
9.993474,18,186.706821
10.025633,18,186.713079
10.01602,18,186.719329
10.021492,18,186.725849
10.026336,18,186.732233
10.014125,18,187.174318
10.027469,18,187.180861
10.010673,18,187.189838
10.006614,18,187.197019
9.986098,18,187.20347
10.004668,18,187.210037
9.835073,18,187.216398
10.023457,18,187.222642
10.002531,18,187.229308
9.966809,18,187.235684
10.021698,18,187.24218
10.024825,18,187.248605
9.997302,18,187.25508
9.981376,18,187.261572
10.008841,18,187.26786
10.012881,18,187.676495
10.013566,18,187.683246
10.023224,18,187.689988
10.031332,18,187.696827
9.9986105,18,187.703278
9.989139,18,187.71223
10.026044,18,187.718696
10.007001,18,187.725029
10.015734,18,187.731526
10.007072,18,187.737941
10.008843,18,187.744506
10.023012,18,187.750918
10.023131,18,187.757331
10.007833,18,187.763708
10.0302925,18,188.168872
10.023617,18,188.175686
9.862842,18,188.18237
10.017647,18,188.188831
9.928271,18,188.195391
10.019355,18,188.201837
10.019395,18,188.208271
10.014783,18,188.21477
10.015848,18,188.221161
10.01274,18,188.227795
10.016075,18,188.236553
10.013657,18,188.243293
10.025277,18,188.249849
10.011482,18,188.256273
9.958209,18,188.661185
10.0177965,18,188.667705
9.991916,18,188.674372
10.003134,18,188.680982
10.021833,18,188.687438
9.979814,18,188.694151
10.007774,18,188.700649
10.014884,18,188.707038
9.97995,18,188.713438
10.016751,18,188.719771
10.004177,18,188.72615
10.024414,18,188.732542
10.016558,18,188.738895
9.999273,18,188.74537
10.0148735,18,189.192814
10.024554,18,189.199761
10.010098,18,189.206223
10.012294,18,189.212697
10.011405,18,189.219036
10.014845,18,189.225291
9.971748,18,189.231829
10.007563,18,189.238186
9.943083,18,189.244627
9.853018,18,189.250903
9.774244,18,189.257164
10.008514,18,189.26348
9.845311,18,189.26974
10.019508,18,189.27605
9.982108,18,189.682587
10.028299,18,189.689123
9.958327,18,189.695723
9.867459,18,189.704612
10.021933,18,189.711218
10.008097,18,189.717615
9.835647,18,189.723942
10.019201,18,189.730577
10.018067,18,189.736931
10.019462,18,189.743282
10.004285,18,189.74981
10.014307,18,189.756236
10.026077,18,189.762588
10.019091,18,189.76885
10.007387,18,189.775107
9.961317,18,190.184228
9.9403,18,190.190723
10.026411,18,190.197406
9.990503,18,190.203948
9.986192,18,190.210313
9.979888,18,190.217035
9.848473,18,190.223428
10.049695,18,190.232213
10.02219,18,190.238639
10.016443,18,190.245155
10.015328,18,190.251401
9.849575,18,190.257639
10.021087,18,190.264049
9.997938,18,190.270395
9.930304,18,190.717377
10.009289,18,190.723867
9.960082,18,190.730568
9.827882,18,190.737106
10.009733,18,190.743474
9.999189,18,190.752565
10.026317,18,190.759002
9.960176,18,190.765631
10.008019,18,190.77205
10.013921,18,190.778422
10.023514,18,190.784964
10.023326,18,190.791415
9.8561325,18,190.797913
9.916263,18,190.804229
10.013757,18,191.246567
10.015009,18,191.253412
9.996534,18,191.259796
9.845917,18,191.26655
10.023059,18,191.27542
10.014623,18,191.282009
9.997609,18,191.288387
10.013305,18,191.294689
10.016894,18,191.30125
10.027821,18,191.307693
9.987279,18,191.314372
10.022059,18,191.320795
10.000915,18,191.32712
10.019862,18,191.333892
10.023419,18,191.738861
9.91439,18,191.745681
10.0161705,18,191.752572
10.014093,18,191.759057
10.026343,18,191.76556
10.009332,18,191.771912
10.015676,18,191.778361
10.02309,18,191.784776
10.017498,18,191.791093
10.027627,18,191.797568
9.8273,18,191.806401
10.018302,18,191.812866
10.014199,18,191.819452
10.016712,18,191.825857
9.989661,18,191.832404
10.024631,18,192.237893
10.028468,18,192.244499
9.844097,18,192.2514
10.012926,18,192.257779
10.019341,18,192.264239
10.021924,18,192.270725
10.024692,18,192.277133
10.01794,18,192.283572
10.020827,18,192.290074
10.01136,18,192.296841
9.944018,18,192.303314
10.019779,18,192.309712
10.007738,18,192.316137
10.019535,18,192.322471
10.021231,18,192.72866
10.011848,18,192.735693
9.980405,18,192.742137
10.019766,18,192.750133
10.012688,18,192.75752
10.014582,18,192.764064
10.010975,18,192.770503
9.970183,18,192.77683
10.020513,18,192.783203
10.028612,18,192.789506
10.012799,18,192.795721
10.003276,18,192.802136
10.016824,18,192.808483
10.014538,18,192.815133
9.975498,18,193.221051
10.022888,18,193.227505
10.028762,18,193.234193
10.000264,18,193.240894
10.024804,18,193.247336
9.991581,18,193.253663
9.827251,18,193.26004
10.021305,18,193.266476
10.021574,18,193.272804
10.021129,18,193.281864
10.023334,18,193.288306
10.009738,18,193.294654
9.858736,18,193.305087
10.014689,18,193.334439
10.005747,18,193.743432
9.997148,18,193.750293
10.018866,18,193.756912
10.0192375,18,193.763462
10.016348,18,193.769896
10.0246935,18,193.776237
10.004556,18,193.782603
10.019278,18,193.7889
10.008714,18,193.795195
9.988706,18,193.804141
10.016455,18,193.810776
9.848631,18,193.817368
10.021108,18,193.823765
10.007305,18,193.830105
10.023844,18,194.234745
10.020228,18,194.241664
9.839463,18,194.248162
10.003499,18,194.254817
10.026699,18,194.261186
10.025758,18,194.26766
10.005,18,194.274047
10.027618,18,194.28035
10.021684,18,194.286859
10.011876,18,194.293267
9.844445,18,194.299985
10.004758,18,194.306361
9.962249,18,194.355272
9.971678,18,194.361775
9.998608,18,194.36858
10.018191,18,194.775255
10.019936,18,194.781667
9.9820595,18,194.788111
10.017313,18,194.794782
10.017931,18,194.801313
10.026152,18,194.80766
10.011868,18,194.813943
10.005156,18,194.82026
9.981042,18,194.826565
10.009956,18,194.833098
10.017136,18,194.839477
10.015672,18,194.845794
9.974448,18,194.854782
10.023356,18,194.861203
10.014391,18,195.265969
10.018848,18,195.275057
9.97526,18,195.28152
9.959664,18,195.288262
10.003011,18,195.294813
9.987333,18,195.301406
9.985385,18,195.307853
10.024572,18,195.314213
10.004368,18,195.320975
10.025144,18,195.327401
9.83125,18,195.333917
9.814535,18,195.34042
10.017994,18,195.346886
10.003753,18,195.353515
10.016262,18,195.81502
10.0133095,18,195.821958
10.019458,18,195.828436
10.0152025,18,195.83499
10.024351,18,195.841383
10.019024,18,195.847732
10.006143,18,195.854564
9.9665365,18,195.861094
9.987506,18,195.867681
10.032494,18,195.874078
10.01689,18,195.880385
10.020074,18,195.886877
10.018986,18,195.893265
10.009734,18,195.901619
10.01531,18,196.306857
9.99316,18,196.313729
10.018104,18,196.322707
9.995278,18,196.329154
10.006549,18,196.335838
10.017607,18,196.342301
10.0124035,18,196.348655
9.818403,18,196.35524
10.023336,18,196.361639
10.020023,18,196.368077
10.028293,18,196.374462
9.967634,18,196.380796
9.8638735,18,196.387279
10.015265,18,196.393638
9.98387,18,196.39989
10.002436,18,196.805587
10.015703,18,196.811981
9.97874,18,196.818372
10.017323,18,196.824833
10.027696,18,196.8312
9.847922,18,196.837901
10.018671,18,196.844348
10.021385,18,196.853409
9.81935,18,196.860037
9.800297,18,196.866457
10.020757,18,196.872937
10.023139,18,196.8793
9.946613,18,196.885711
10.0208435,18,196.892048
10.02586,18,197.294962
9.980765,18,197.301501
10.019491,18,197.308247
9.970234,18,197.314701
9.950967,18,197.321478
10.02323,18,197.327868
10.023082,18,197.334163
10.026968,18,197.340479
10.004219,18,197.346718
10.003358,18,197.353086
10.012717,18,197.359453
9.979763,18,197.365797
10.009537,18,197.37225
10.02678,18,197.380792
10.008108,18,197.820637
10.01578,18,197.827226
10.025571,18,197.833603
10.018939,18,197.840057
9.985801,18,197.846445
10.011548,18,197.853
10.019463,18,197.85945
10.022501,18,197.865815
9.97355,18,197.872407
10.005979,18,197.878848
10.018952,18,197.885305
9.977245,18,197.89169
10.024054,18,197.898102
10.026615,18,197.907223
10.021179,18,198.309128
9.853598,18,198.317502
9.9355955,18,198.325338
10.023314,18,198.331852
10.028829,18,198.338401
10.007511,18,198.344886
10.023725,18,198.351595
10.010472,18,198.357947
10.026505,18,198.364282
10.014148,18,198.411725
9.998097,18,198.418119
10.024056,18,198.42721
10.0185175,18,198.433663
10.025767,18,198.440289
