Symbol,Start_Price,End_Price,Type,IPO_Date,Company Name,Return
ABBV,175.10,229.31,Established,Pre-2025,AbbVie Inc.,1.31
AMAT,168.37,268.87,Established,Pre-2025,APPLIED MATERIALS INC /DE,1.60
AMD,125.37,223.47,Established,Pre-2025,ADVANCED MICRO DEVICES INC,1.78
AMZN,224.19,226.50,Established,Pre-2025,AMAZON COM INC,1.01
ASML,707.60,1163.78,Established,Pre-2025,ASML HOLDING NV,1.64
AVGO,230.47,347.62,Established,Pre-2025,Broadcom Inc.,1.51
AXP,299.89,372.73,Established,Pre-2025,AMERICAN EXPRESS CO,1.24
AZN,64.87,91.57,Established,Pre-2025,ASTRAZENECA PLC,1.41
BABA,84.12,155.74,Established,Pre-2025,Alibaba Group Holding Ltd,1.85
BAC,43.80,55.95,Established,Pre-2025,BANK OF AMERICA CORP /DE/,1.28
CAT,358.38,598.41,Established,Pre-2025,CATERPILLAR INC,1.67
COST,911.82,854.50,Established,Pre-2025,COSTCO WHOLESALE CORP /NEW,0.94
CRM,330.74,253.62,Established,Pre-2025,"Salesforce, Inc.",0.77
CSCO,57.46,76.04,Established,Pre-2025,"CISCO SYSTEMS, INC.",1.32
CVX,141.30,155.90,Established,Pre-2025,CHEVRON CORP,1.10
GE,170.99,320.75,Established,Pre-2025,GENERAL ELECTRIC CO,1.88
GS,568.53,914.34,Established,Pre-2025,GOLDMAN SACHS GROUP INC,1.61
HD,379.71,345.82,Established,Pre-2025,"HOME DEPOT, INC.",0.91
HSBC,46.48,80.45,Established,Pre-2025,HSBC HOLDINGS PLC,1.73
IBM,217.04,291.50,Established,Pre-2025,INTERNATIONAL BUSINESS MACHINES CORP,1.34
JNJ,139.91,207.35,Established,Pre-2025,JOHNSON & JOHNSON,1.48
JPM,237.17,324.02,Established,Pre-2025,JPMORGAN CHASE & CO,1.37
KO,59.98,69.12,Established,Pre-2025,COCA COLA CO,1.15
LLY,776.19,1080.36,Established,Pre-2025,ELI LILLY & Co,1.39
LRCX,74.43,185.06,Established,Pre-2025,LAM RESEARCH CORP,2.49
MA,518.38,563.13,Established,Pre-2025,Mastercard Inc,1.09
META,602.73,650.41,Established,Pre-2025,"Meta Platforms, Inc.",1.08
MRK,95.55,106.45,Established,Pre-2025,"Merck & Co., Inc.",1.11
MS,122.51,181.90,Established,Pre-2025,MORGAN STANLEY,1.48
MSFT,420.25,472.94,Established,Pre-2025,MICROSOFT CORP,1.13
MU,89.58,315.42,Established,Pre-2025,MICRON TECHNOLOGY INC,3.52
NFLX,88.11,90.99,Established,Pre-2025,NETFLIX INC,1.03
NVDA,144.43,188.85,Established,Pre-2025,NVIDIA CORP,1.31
NVO,85.30,52.39,Established,Pre-2025,NOVO NORDISK A S,0.61
NVS,94.14,138.54,Established,Pre-2025,NOVARTIS AG,1.47
ORCL,164.68,195.71,Established,Pre-2025,ORACLE CORP,1.19
PG,160.88,141.79,Established,Pre-2025,PROCTER & GAMBLE Co,0.88
PLTR,79.89,167.86,Established,Pre-2025,Palantir Technologies Inc.,2.10
PM,117.86,160.30,Established,Pre-2025,Philip Morris International Inc.,1.36
RTX,113.75,187.25,Established,Pre-2025,RTX Corp,1.65
RY,117.34,170.78,Established,Pre-2025,ROYAL BANK OF CANADA,1.46
SAP,239.24,236.92,Established,Pre-2025,SAP SE,0.99
TM,191.48,217.87,Established,Pre-2025,TOYOTA MOTOR CORP/,1.14
TSLA,410.44,438.07,Established,Pre-2025,"Tesla, Inc.",1.07
UNH,500.67,336.40,Established,Pre-2025,UNITEDHEALTH GROUP INC,0.67
V,312.69,346.48,Established,Pre-2025,VISA INC.,1.11
WFC,69.79,95.20,Established,Pre-2025,WELLS FARGO & COMPANY/MN,1.36
WMT,89.92,112.76,Established,Pre-2025,Walmart Inc.,1.25
XOM,104.04,122.65,Established,Pre-2025,EXXON MOBIL CORP,1.18
ABT,111.71,124.19,Established,Pre-2025,ABBOTT LABORATORIES,1.11
ACN,348.87,259.95,Established,Pre-2025,Accenture plc,0.75
ADBE,430.57,333.30,Established,Pre-2025,ADOBE INC.,0.77
ADI,211.88,273.74,Established,Pre-2025,ANALOG DEVICES INC,1.29
AMGN,252.99,327.64,Established,Pre-2025,AMGEN INC,1.30
ANET,115.20,133.60,Established,Pre-2025,"Arista Networks, Inc.",1.16
APH,69.56,139.71,Established,Pre-2025,AMPHENOL CORP /DE/,2.01
APP,350.65,618.32,Established,Pre-2025,AppLovin Corp,1.76
BA,169.90,227.77,Established,Pre-2025,BOEING CO,1.34
BHP,47.85,61.76,Established,Pre-2025,BHP Group Ltd,1.29
BKNG,4867.68,5323.20,Established,Pre-2025,Booking Holdings Inc.,1.09
BLK,1000.32,1085.06,Established,Pre-2025,"BlackRock, Inc.",1.08
BSX,90.69,94.71,Established,Pre-2025,BOSTON SCIENTIFIC CORP,1.04
BX,170.64,158.80,Established,Pre-2025,Blackstone Inc.,0.93
C,69.08,118.70,Established,Pre-2025,CITIGROUP INC,1.72
COF,178.16,247.93,Established,Pre-2025,CAPITAL ONE FINANCIAL CORP,1.39
DHR,233.37,230.40,Established,Pre-2025,DANAHER CORP /DE/,0.99
DIS,109.94,111.85,Established,Pre-2025,Walt Disney Co,1.02
GEV,353.20,679.05,Established,Pre-2025,GE Vernova Inc.,1.92
GILD,88.92,121.60,Established,Pre-2025,"GILEAD SCIENCES, INC.",1.37
HDB,30.89,36.48,Established,Pre-2025,HDFC BANK LTD,1.18
INTC,20.56,39.38,Established,Pre-2025,INTEL CORP,1.92
INTU,626.09,629.46,Established,Pre-2025,INTUIT INC.,1.01
ISRG,535.29,561.98,Established,Pre-2025,INTUITIVE SURGICAL INC,1.05
KLAC,651.44,1274.47,Established,Pre-2025,KLA CORP,1.96
LIN,408.01,429.11,Established,Pre-2025,LINDE PLC,1.05
MCD,288.06,303.26,Established,Pre-2025,MCDONALDS CORP,1.05
MUFG,11.52,15.97,Established,Pre-2025,MITSUBISHI UFJ FINANCIAL GROUP INC,1.39
NEE,69.81,80.93,Established,Pre-2025,NEXTERA ENERGY INC,1.16
NOW,214.75,147.45,Established,Pre-2025,"ServiceNow, Inc.",0.69
PDD,96.82,115.75,Established,Pre-2025,PDD Holdings Inc.,1.20
PEP,143.90,142.23,Established,Pre-2025,PEPSICO INC,0.99
PFE,24.80,25.18,Established,Pre-2025,PFIZER INC,1.02
QCOM,154.37,172.98,Established,Pre-2025,QUALCOMM INC/DE,1.12
SAN,4.41,12.07,Established,Pre-2025,"Banco Santander, S.A.",2.74
SCHW,73.55,101.57,Established,Pre-2025,SCHWAB CHARLES CORP,1.38
SHEL,61.94,75.44,Established,Pre-2025,Shell plc,1.22
SHOP,109.25,157.20,Established,Pre-2025,SHOPIFY INC.,1.44
SONY,21.26,25.88,Established,Pre-2025,Sony Group Corp,1.22
SPGI,495.90,512.66,Established,Pre-2025,S&P Global Inc.,1.03
SYK,358.21,348.18,Established,Pre-2025,STRYKER CORP,0.97
T,21.70,24.56,Established,Pre-2025,AT&T INC.,1.13
TD,51.86,94.54,Established,Pre-2025,TORONTO DOMINION BANK,1.82
TJX,119.25,154.28,Established,Pre-2025,TJX COMPANIES INC /DE/,1.29
TMO,530.15,592.51,Established,Pre-2025,THERMO FISHER SCIENTIFIC INC.,1.12
TMUS,215.74,199.58,Established,Pre-2025,"T-Mobile US, Inc.",0.93
TXN,184.52,177.52,Established,Pre-2025,TEXAS INSTRUMENTS INC,0.96
UBER,64.59,82.86,Established,Pre-2025,"Uber Technologies, Inc",1.28
UBS,30.43,47.10,Established,Pre-2025,UBS Group AG,1.55
VZ,37.67,40.52,Established,Pre-2025,VERIZON COMMUNICATIONS INC,1.08
ABNB,135.71,133.01,Established,Pre-2025,"Airbnb, Inc.",0.98
ADP,285.37,252.88,Established,Pre-2025,AUTOMATIC DATA PROCESSING INC,0.89
ARM,141.08,114.73,Established,Pre-2025,ARM HOLDINGS PLC /UK,0.81
BBVA,9.25,23.99,Established,Pre-2025,"BANCO BILBAO VIZCAYA ARGENTARIA, S.A.",2.59
BMY,53.85,53.46,Established,Pre-2025,BRISTOL MYERS SQUIBB CO,0.99
BN,38.30,46.63,Established,Pre-2025,BROOKFIELD Corp /ON/,1.22
BTI,34.78,56.55,Established,Pre-2025,British American Tobacco p.l.c.,1.63
BUD,48.02,63.71,Established,Pre-2025,Anheuser-Busch InBev SA/NV,1.33
CB,269.96,310.06,Established,Pre-2025,Chubb Ltd,1.15
CEG,250.99,366.25,Established,Pre-2025,Constellation Energy Corp,1.46
CME,228.15,269.68,Established,Pre-2025,CME GROUP INC.,1.18
COP,97.71,96.70,Established,Pre-2025,CONOCOPHILLIPS,0.99
CRWD,359.02,453.58,Established,Pre-2025,"CrowdStrike Holdings, Inc.",1.26
CVNA,177.16,400.25,Established,Pre-2025,CARVANA CO.,2.26
CVS,43.89,80.13,Established,Pre-2025,CVS HEALTH Corp,1.83
DASH,174.96,219.79,Established,Pre-2025,"DoorDash, Inc.",1.26
DE,416.52,466.80,Established,Pre-2025,DEERE & CO,1.12
ENB,41.22,48.12,Established,Pre-2025,ENBRIDGE INC,1.17
ETN,339.16,327.31,Established,Pre-2025,Eaton Corp plc,0.97
GSK,32.09,49.63,Established,Pre-2025,GSK plc,1.55
HCA,294.49,470.39,Established,Pre-2025,"HCA Healthcare, Inc.",1.60
HON,208.94,195.88,Established,Pre-2025,HONEYWELL INTERNATIONAL INC,0.94
HOOD,41.35,115.21,Established,Pre-2025,"Robinhood Markets, Inc.",2.79
IBKR,45.69,67.23,Established,Pre-2025,"Interactive Brokers Group, Inc.",1.47
IBN,29.17,29.99,Established,Pre-2025,ICICI BANK LTD,1.03
KKR,151.17,128.90,Established,Pre-2025,KKR & Co. Inc.,0.85
LMT,468.02,497.07,Established,Pre-2025,LOCKHEED MARTIN CORP,1.06
LOW,243.60,246.89,Established,Pre-2025,LOWES COMPANIES INC,1.01
MCK,575.01,823.44,Established,Pre-2025,MCKESSON CORP,1.43
MCO,475.52,498.98,Established,Pre-2025,MOODYS CORP /DE/,1.05
MDT,79.05,96.05,Established,Pre-2025,Medtronic plc,1.22
MELI,1834.17,1973.70,Established,Pre-2025,MERCADOLIBRE INC,1.08
MFG,4.86,7.41,Established,Pre-2025,MIZUHO FINANCIAL GROUP INC,1.52
NEM,37.47,101.22,Established,Pre-2025,NEWMONT Corp /DE/,2.70
PANW,183.25,179.37,Established,Pre-2025,Palo Alto Networks Inc,0.98
PGR,223.20,212.12,Established,Pre-2025,PROGRESSIVE CORP/OH/,0.95
PH,631.52,893.98,Established,Pre-2025,Parker-Hannifin Corp,1.42
PLD,102.00,129.05,Established,Pre-2025,"Prologis, Inc.",1.27
RIO,55.20,81.43,Established,Pre-2025,RIO TINTO PLC,1.48
SBUX,90.19,83.97,Established,Pre-2025,STARBUCKS CORP,0.93
SCCO,86.95,148.69,Established,Pre-2025,SOUTHERN COPPER CORP/,1.71
SMFG,14.26,19.45,Established,Pre-2025,"SUMITOMO MITSUI FINANCIAL GROUP, INC.",1.36
SNPS,493.71,480.42,Established,Pre-2025,SYNOPSYS INC,0.97
SNY,46.11,48.23,Established,Pre-2025,Sanofi,1.05
SPOT,466.69,575.00,Established,Pre-2025,Spotify Technology S.A.,1.23
TTE,53.02,66.51,Established,Pre-2025,TotalEnergies SE,1.25
UL,61.51,65.05,Established,Pre-2025,UNILEVER PLC,1.06
UNP,226.10,231.91,Established,Pre-2025,UNION PACIFIC CORP,1.03
VRTX,407.11,452.13,Established,Pre-2025,VERTEX PHARMACEUTICALS INC / MA,1.11
WELL,123.65,186.94,Established,Pre-2025,WELLTOWER INC.,1.51
ADSK,294.06,286.73,Established,Pre-2025,"Autodesk, Inc.",0.98
AEM,80.06,170.45,Established,Pre-2025,AGNICO EAGLE MINES LTD,2.13
AMT,176.37,174.80,Established,Pre-2025,AMERICAN TOWER CORP /MA/,0.99
APO,166.71,146.61,Established,Pre-2025,"Apollo Global Management, Inc.",0.88
B,15.67,44.08,Established,Pre-2025,BARRICK MINING CORP,2.81
BAM,52.99,53.45,Established,Pre-2025,Brookfield Asset Management Ltd.,1.01
BCS,12.96,26.05,Established,Pre-2025,BARCLAYS PLC,2.01
BK,75.26,117.04,Established,Pre-2025,Bank of New York Mellon Corp,1.56
BMO,92.89,132.20,Established,Pre-2025,BANK OF MONTREAL /CAN/,1.42
BNS,51.09,74.53,Established,Pre-2025,BANK OF NOVA SCOTIA,1.46
BP,28.74,35.83,Established,Pre-2025,BP PLC,1.25
CDNS,303.86,310.40,Established,Pre-2025,CADENCE DESIGN SYSTEMS INC,1.02
CM,61.33,91.88,Established,Pre-2025,CANADIAN IMPERIAL BANK OF COMMERCE /CAN/,1.50
CRH,92.51,126.44,Established,Pre-2025,CRH PUBLIC LTD CO,1.37
DELL,117.77,127.80,Established,Pre-2025,Dell Technologies Inc.,1.09
DUK,104.02,117.44,Established,Pre-2025,Duke Energy CORP,1.13
ECL,229.57,262.64,Established,Pre-2025,ECOLAB INC.,1.14
ELV,364.51,354.25,Established,Pre-2025,"Elevance Health, Inc.",0.97
EMR,121.37,135.82,Established,Pre-2025,EMERSON ELECTRIC CO,1.12
FCX,37.14,51.93,Established,Pre-2025,FREEPORT-MCMORAN INC,1.40
GD,258.07,343.40,Established,Pre-2025,GENERAL DYNAMICS CORP,1.33
GM,51.24,80.98,Established,Pre-2025,General Motors Co,1.58
HWM,112.46,211.71,Established,Pre-2025,Howmet Aerospace Inc.,1.88
ICE,148.16,159.99,Established,Pre-2025,"Intercontinental Exchange, Inc.",1.08
ING,14.85,28.76,Established,Pre-2025,ING GROEP NV,1.94
ITUB,3.79,7.23,Established,Pre-2025,Itau Unibanco Holding S.A.,1.91
LYG,2.57,5.39,Established,Pre-2025,Lloyds Banking Group plc,2.10
MAR,272.62,313.41,Established,Pre-2025,MARRIOTT INTERNATIONAL INC /MD/,1.15
MMC,207.95,182.47,Established,Pre-2025,"MARSH & MCLENNAN COMPANIES, INC.",0.88
MMM,127.46,161.82,Established,Pre-2025,3M CO,1.27
MO,49.59,57.31,Established,Pre-2025,"ALTRIA GROUP, INC.",1.16
NGG,56.67,78.70,Established,Pre-2025,NATIONAL GRID PLC,1.39
NKE,71.63,63.28,Established,Pre-2025,"NIKE, Inc.",0.88
NOC,459.84,585.66,Established,Pre-2025,NORTHROP GRUMMAN CORP /DE/,1.27
NTES,86.01,147.56,Established,Pre-2025,"NetEase, Inc.",1.72
NU,10.97,17.02,Established,Pre-2025,Nu Holdings Ltd.,1.55
ORLY,80.28,90.34,Established,Pre-2025,O REILLY AUTOMOTIVE INC,1.13
PNC,188.65,211.46,Established,Pre-2025,"PNC FINANCIAL SERVICES GROUP, INC.",1.12
RCL,226.04,283.26,Established,Pre-2025,ROYAL CARIBBEAN CRUISES LTD,1.25
REGN,714.19,776.31,Established,Pre-2025,"REGENERON PHARMACEUTICALS, INC.",1.09
RELX,44.72,39.80,Established,Pre-2025,RELX PLC,0.89
SE,106.32,131.49,Established,Pre-2025,Sea Ltd,1.24
SHW,333.57,327.84,Established,Pre-2025,SHERWIN WILLIAMS CO,0.98
SNOW,162.22,216.71,Established,Pre-2025,Snowflake Inc.,1.34
SO,79.65,87.18,Established,Pre-2025,SOUTHERN CO,1.09
TDG,1193.49,1358.55,Established,Pre-2025,TransDigm Group INC,1.14
TT,378.37,398.00,Established,Pre-2025,Trane Technologies plc,1.05
UPS,115.83,101.02,Established,Pre-2025,UNITED PARCEL SERVICE INC,0.87
USB,46.80,53.93,Established,Pre-2025,US BANCORP \DE\,1.15
WM,198.69,218.40,Established,Pre-2025,WASTE MANAGEMENT INC,1.10
AEP,88.95,115.81,Established,Pre-2025,AMERICAN ELECTRIC POWER CO INC,1.30
AFL,100.94,110.24,Established,Pre-2025,AFLAC INC,1.09
AJG,277.97,256.00,Established,Pre-2025,Arthur J. Gallagher & Co.,0.92
AMX,13.70,20.67,Established,Pre-2025,AMERICA MOVIL SAB DE CV/,1.51
AON,351.86,344.27,Established,Pre-2025,Aon plc,0.98
CI,275.05,279.12,Established,Pre-2025,Cigna Group,1.01
CL,88.02,77.69,Established,Pre-2025,COLGATE PALMOLIVE CO,0.88
CMI,347.40,522.03,Established,Pre-2025,CUMMINS INC,1.50
CNI,100.60,100.30,Established,Pre-2025,CANADIAN NATIONAL RAILWAY CO,1.00
CNQ,30.74,34.32,Established,Pre-2025,CANADIAN NATURAL RESOURCES LTD,1.12
COIN,270.65,236.53,Established,Pre-2025,"Coinbase Global, Inc.",0.87
COR,227.44,338.87,Established,Pre-2025,"Cencora, Inc.",1.49
CP,73.45,74.45,Established,Pre-2025,CANADIAN PACIFIC KANSAS CITY LTD/CN,1.01
CSX,31.83,36.27,Established,Pre-2025,CSX CORP,1.14
CTAS,184.34,184.88,Established,Pre-2025,CINTAS CORP,1.00
DB,17.02,39.59,Established,Pre-2025,DEUTSCHE BANK AKTIENGESELLSCHAFT,2.33
EPD,29.73,32.16,Established,Pre-2025,ENTERPRISE PRODUCTS PARTNERS L.P.,1.08
EQIX,938.45,764.11,Established,Pre-2025,EQUINIX INC,0.81
FDX,268.07,293.13,Established,Pre-2025,FEDEX CORP,1.09
FTNT,97.47,77.88,Established,Pre-2025,"Fortinet, Inc.",0.80
GLW,46.61,90.67,Established,Pre-2025,CORNING INC /NY,1.95
HLT,245.96,292.98,Established,Pre-2025,Hilton Worldwide Holdings Inc.,1.19
INFY,21.98,18.15,Established,Pre-2025,Infosys Ltd,0.83
ITW,246.11,249.50,Established,Pre-2025,ILLINOIS TOOL WORKS INC,1.01
JCI,79.27,122.31,Established,Pre-2025,Johnson Controls International plc,1.54
MDLZ,58.03,53.65,Established,Pre-2025,"Mondelez International, Inc.",0.92
MFC,30.05,36.24,Established,Pre-2025,MANULIFE FINANCIAL CORP,1.21
MNST,52.39,76.16,Established,Pre-2025,Monster Beverage Corp,1.45
MRVL,117.81,89.39,Established,Pre-2025,"Marvell Technology, Inc.",0.76
MSI,456.85,381.02,Established,Pre-2025,"Motorola Solutions, Inc.",0.83
NET,114.73,196.02,Established,Pre-2025,"Cloudflare, Inc.",1.71
NSC,230.94,287.82,Established,Pre-2025,NORFOLK SOUTHERN CORP,1.25
NWG,9.67,17.82,Established,Pre-2025,NatWest Group plc,1.84
NXPI,205.01,221.28,Established,Pre-2025,NXP Semiconductors N.V.,1.08
PBR,12.13,11.92,Established,Pre-2025,PETROBRAS - PETROLEO BRASILEIRO SA,0.98
PCAR,102.22,111.56,Established,Pre-2025,PACCAR INC,1.09
PWR,326.15,439.68,Established,Pre-2025,"QUANTA SERVICES, INC.",1.35
RACE,414.12,371.89,Established,Pre-2025,Ferrari N.V.,0.90
ROST,152.56,182.74,Established,Pre-2025,"ROSS STORES, INC.",1.20
RSG,198.95,210.20,Established,Pre-2025,"REPUBLIC SERVICES, INC.",1.06
SLB,37.41,40.20,Established,Pre-2025,SLB LIMITED/NV,1.07
SPG,167.57,183.97,Established,Pre-2025,SIMON PROPERTY GROUP INC.,1.10
STX,87.45,287.54,Established,Pre-2025,Seagate Technology Holdings plc,3.29
TEL,140.69,233.22,Established,Pre-2025,TE Connectivity plc,1.66
TRV,238.40,285.19,Established,Pre-2025,"TRAVELERS COMPANIES, INC.",1.20
VALE,8.03,13.26,Established,Pre-2025,Vale S.A.,1.65
VRT,125.49,175.61,Established,Pre-2025,Vertiv Holdings Co,1.40
WBD,10.57,28.51,Established,Pre-2025,"Warner Bros. Discovery, Inc.",2.70
WDC,48.24,187.70,Established,Pre-2025,WESTERN DIGITAL CORP,3.89
WMB,54.71,60.85,Established,Pre-2025,"WILLIAMS COMPANIES, INC.",1.11
A,134.61,137.70,Established,Pre-2025,"AGILENT TECHNOLOGIES, INC.",1.02
AIG,71.28,84.27,Established,Pre-2025,"AMERICAN INTERNATIONAL GROUP, INC.",1.18
ALL,187.76,203.82,Established,Pre-2025,ALLSTATE CORP,1.09
ALNY,234.28,400.17,Established,Pre-2025,"ALNYLAM PHARMACEUTICALS, INC.",1.71
AME,178.37,209.14,Established,Pre-2025,AMETEK INC/,1.17
APD,276.54,250.47,Established,Pre-2025,"Air Products & Chemicals, Inc.",0.91
ARES,176.24,166.33,Established,Pre-2025,Ares Management Corp,0.94
ARGX,621.29,839.99,Established,Pre-2025,ARGENX SE,1.35
AXON,601.06,563.45,Established,Pre-2025,"AXON ENTERPRISE, INC.",0.94
AZO,3268.78,3303.82,Established,Pre-2025,AUTOZONE INC,1.01
BDX,223.62,194.94,Established,Pre-2025,BECTON DICKINSON & CO,0.87
BIDU,83.93,150.30,Established,Pre-2025,"Baidu, Inc.",1.79
CAH,117.82,205.72,Established,Pre-2025,CARDINAL HEALTH INC,1.75
CBRE,131.50,160.19,Established,Pre-2025,"CBRE GROUP, INC.",1.22
CMG,59.70,37.49,Established,Pre-2025,CHIPOTLE MEXICAN GRILL INC,0.63
DDOG,144.83,133.77,Established,Pre-2025,"Datadog, Inc.",0.92
E,26.72,39.04,Established,Pre-2025,ENI SPA,1.46
EA,145.59,204.41,Established,Pre-2025,ELECTRONIC ARTS INC.,1.40
EOG,122.34,107.27,Established,Pre-2025,EOG RESOURCES INC,0.88
EQNR,23.70,24.55,Established,Pre-2025,EQUINOR ASA,1.04
ET,18.24,16.59,Established,Pre-2025,Energy Transfer LP,0.91
EW,73.91,85.33,Established,Pre-2025,Edwards Lifesciences Corp,1.15
F,9.20,13.34,Established,Pre-2025,FORD MOTOR CO,1.45
HEI,237.81,329.19,Established,Pre-2025,HEICO CORP,1.38
IDXX,415.53,669.99,Established,Pre-2025,IDEXX LABORATORIES INC /DE,1.61
KMI,27.08,27.71,Established,Pre-2025,"KINDER MORGAN, INC.",1.02
LHX,205.81,304.48,Established,Pre-2025,"L3HARRIS TECHNOLOGIES, INC. /DE/",1.48
MET,79.89,80.32,Established,Pre-2025,METLIFE INC,1.01
MPC,139.64,165.14,Established,Pre-2025,Marathon Petroleum Corp,1.18
MPLX,44.89,53.87,Established,Pre-2025,MPLX LP,1.20
NDAQ,77.27,96.66,Established,Pre-2025,"NASDAQ, INC.",1.25
O,50.36,57.31,Established,Pre-2025,REALTY INCOME CORP,1.14
PSX,111.89,130.57,Established,Pre-2025,Phillips 66,1.17
PYPL,87.40,58.14,Established,Pre-2025,"PayPal Holdings, Inc.",0.67
RBLX,60.47,80.95,Established,Pre-2025,Roblox Corp,1.34
RKT,10.39,19.88,Established,Pre-2025,"Rocket Companies, Inc.",1.91
SRE,84.89,89.71,Established,Pre-2025,SEMPRA,1.06
SU,35.63,45.59,Established,Pre-2025,SUNCOR ENERGY INC,1.28
TAK,12.96,15.62,Established,Pre-2025,TAKEDA PHARMACEUTICAL CO LTD,1.21
TCOM,67.27,74.49,Established,Pre-2025,Trip.com Group Ltd,1.11
TRI,160.04,126.36,Established,Pre-2025,THOMSON REUTERS CORP /CAN/,0.79
TRP,46.31,55.93,Established,Pre-2025,TC ENERGY CORP,1.21
URI,689.14,845.06,Established,Pre-2025,"UNITED RENTALS, INC.",1.23
VLO,120.47,165.31,Established,Pre-2025,VALERO ENERGY CORP/TX,1.37
VST,161.48,165.23,Established,Pre-2025,Vistra Corp.,1.02
WDAY,252.84,205.79,Established,Pre-2025,"Workday, Inc.",0.81
WPM,57.31,117.87,Established,Pre-2025,Wheaton Precious Metals Corp.,2.06
ZTS,161.17,125.92,Established,Pre-2025,Zoetis Inc.,0.78
ABEV,1.72,2.47,Established,Pre-2025,AMBEV S.A.,1.44
ALC,83.77,77.60,Established,Pre-2025,ALCON INC,0.93
AMP,529.06,493.77,Established,Pre-2025,AMERIPRISE FINANCIAL INC,0.93
AU,22.66,85.60,Established,Pre-2025,AngloGold Ashanti PLC,3.78
BKR,41.77,47.14,Established,Pre-2025,Baker Hughes Co,1.13
BSBR,3.63,6.21,Established,Pre-2025,Banco Santander (Brasil) S.A.,1.71
CARR,68.57,53.52,Established,Pre-2025,CARRIER GLOBAL Corp,0.78
CCJ,53.02,98.56,Established,Pre-2025,CAMECO CORP,1.86
CCL,24.38,30.92,Established,Pre-2025,CARNIVAL CORP,1.27
CPNG,22.42,23.37,Established,Pre-2025,"Coupang, Inc.",1.04
CTSH,75.16,81.28,Established,Pre-2025,COGNIZANT TECHNOLOGY SOLUTIONS CORP,1.08
CTVA,55.37,67.76,Established,Pre-2025,"Corteva, Inc.",1.22
CUK,22.00,30.68,Established,Pre-2025,CARNIVAL PLC,1.39
D,52.24,59.24,Established,Pre-2025,"DOMINION ENERGY, INC",1.13
DAL,58.30,69.06,Established,Pre-2025,"DELTA AIR LINES, INC.",1.18
DEO,116.52,87.09,Established,Pre-2025,DIAGEO PLC,0.75
EBAY,60.68,87.06,Established,Pre-2025,EBAY INC,1.43
EXC,36.72,43.92,Established,Pre-2025,EXELON CORP,1.20
FAST,35.10,40.44,Established,Pre-2025,FASTENAL CO,1.15
FER,41.19,64.55,Established,Pre-2025,Ferrovial SE,1.57
FERG,171.38,225.02,Established,Pre-2025,Ferguson Enterprises Inc. /DE/,1.31
FNV,121.81,208.58,Established,Pre-2025,FRANCO NEVADA Corp,1.71
GFI,13.72,43.56,Established,Pre-2025,GOLD FIELDS LTD,3.17
GWW,1044.64,1003.81,Established,Pre-2025,"W.W. GRAINGER, INC.",0.96
HLN,9.30,10.00,Established,Pre-2025,Haleon plc,1.08
IMO,61.49,89.09,Established,Pre-2025,IMPERIAL OIL LTD,1.45
IQV,197.39,225.37,Established,Pre-2025,IQVIA HOLDINGS INC.,1.14
JD,34.33,29.53,Established,Pre-2025,"JD.com, Inc.",0.86
LNG,220.44,197.80,Established,Pre-2025,"Cheniere Energy, Inc.",0.90
LVS,49.36,65.21,Established,Pre-2025,LAS VEGAS SANDS CORP,1.32
MPWR,614.77,936.31,Established,Pre-2025,MONOLITHIC POWER SYSTEMS INC,1.52
MSCI,593.94,565.25,Established,Pre-2025,MSCI Inc.,0.95
MSTR,339.66,157.16,Established,Pre-2025,Strategy Inc,0.46
NUGN,96.00,19.00,Established,Pre-2025,"Livento Group, Inc.",0.20
OKE,97.76,74.34,Established,Pre-2025,ONEOK INC /NEW/,0.76
PRU,113.26,113.87,Established,Pre-2025,PRUDENTIAL FINANCIAL INC,1.01
PSA,288.30,258.44,Established,Pre-2025,Public Storage,0.90
PSNY,36.60,19.81,Established,Pre-2025,Polestar Automotive Holding UK PLC,0.54
RDDT,177.74,241.89,Established,Pre-2025,"Reddit, Inc.",1.36
RKLB,28.74,75.99,Established,Pre-2025,Rocket Lab Corp,2.64
ROK,278.24,398.55,Established,Pre-2025,"ROCKWELL AUTOMATION, INC",1.43
ROP,511.26,434.54,Established,Pre-2025,ROPER TECHNOLOGIES INC,0.85
SYM,25.64,64.87,Established,Pre-2025,Symbotic Inc.,2.53
TEAM,250.27,154.76,Established,Pre-2025,Atlassian Corp,0.62
TGT,130.05,100.51,Established,Pre-2025,TARGET CORP,0.77
TTWO,188.75,251.60,Established,Pre-2025,TAKE TWO INTERACTIVE SOFTWARE INC,1.33
WCN,170.09,174.12,Established,Pre-2025,"Waste Connections, Inc.",1.02
XEL,64.05,74.68,Established,Pre-2025,XCEL ENERGY INC,1.17
XYZ,92.16,65.15,Established,Pre-2025,"Block, Inc.",0.71
YUM,130.91,150.49,Established,Pre-2025,YUM BRANDS INC,1.15
ACGL,91.40,93.86,Established,Pre-2025,ARCH CAPITAL GROUP LTD.,1.03
ASTS,23.97,83.47,Established,Pre-2025,"AST SpaceMobile, Inc.",3.48
ASX,9.86,16.86,Established,Pre-2025,"ASE Technology Holding Co., Ltd.",1.71
BBD,1.77,3.36,Established,Pre-2025,BANK BRADESCO,1.90
CCEP,74.19,88.21,Established,Pre-2025,COCA-COLA EUROPACIFIC PARTNERS plc,1.19
CCI,85.58,88.70,Established,Pre-2025,CROWN CASTLE INC.,1.04
CIEN,83.61,246.06,Established,Pre-2025,CIENA CORP,2.94
CPRT,56.91,37.77,Established,Pre-2025,COPART INC,0.66
DHI,138.25,145.72,Established,Pre-2025,HORTON D R INC /DE/,1.05
ED,86.26,99.99,Established,Pre-2025,CONSOLIDATED EDISON INC,1.16
EL,70.91,106.76,Established,Pre-2025,ESTEE LAUDER COMPANIES INC,1.51
ETR,74.58,93.86,Established,Pre-2025,ENTERGY CORP /DE/,1.26
EXPE,184.60,282.94,Established,Pre-2025,"Expedia Group, Inc.",1.53
FANG,166.24,152.34,Established,Pre-2025,"Diamondback Energy, Inc.",0.92
FICO,1966.26,1643.27,Established,Pre-2025,FAIR ISAAC CORP,0.84
FISV,208.57,65.59,Established,Pre-2025,FISERV INC,0.31
FIX,446.97,1003.64,Established,Pre-2025,COMFORT SYSTEMS USA INC,2.25
FLUT,256.76,218.27,Established,Pre-2025,Flutter Entertainment plc,0.85
GEHC,80.37,82.82,Established,Pre-2025,GE HealthCare Technologies Inc.,1.03
GRMN,203.84,202.44,Established,Pre-2025,GARMIN LTD,0.99
HIG,107.68,137.11,Established,Pre-2025,"HARTFORD INSURANCE GROUP, INC.",1.27
HMC,27.94,29.96,Established,Pre-2025,HONDA MOTOR CO LTD,1.07
HSY,163.66,182.41,Established,Pre-2025,HERSHEY CO,1.11
INSM,69.86,177.12,Established,Pre-2025,INSMED Inc,2.54
KDP,30.58,27.73,Established,Pre-2025,Keurig Dr Pepper Inc.,0.91
KEYS,163.80,206.59,Established,Pre-2025,"Keysight Technologies, Inc.",1.26
KGC,9.72,28.30,Established,Pre-2025,KINROSS GOLD CORP,2.91
KR,60.24,62.96,Established,Pre-2025,KROGER CO,1.05
MCHP,55.91,65.03,Established,Pre-2025,MICROCHIP TECHNOLOGY INC,1.16
MDB,246.39,399.65,Established,Pre-2025,"MongoDB, Inc.",1.62
MLM,513.70,634.44,Established,Pre-2025,MARTIN MARIETTA MATERIALS INC,1.24
MT,21.84,47.20,Established,Pre-2025,ArcelorMittal,2.16
NOK,4.36,6.51,Established,Pre-2025,NOKIA CORP,1.49
NUE,113.60,169.40,Established,Pre-2025,NUCOR CORP,1.49
ONC,180.82,311.02,Established,Pre-2025,BeOne Medicines Ltd.,1.72
OXY,49.42,42.38,Established,Pre-2025,OCCIDENTAL PETROLEUM CORP /DE/,0.86
PAYX,135.42,108.60,Established,Pre-2025,PAYCHEX INC,0.80
PEG,83.56,80.99,Established,Pre-2025,PUBLIC SERVICE ENTERPRISE GROUP INC,0.97
PUK,15.20,31.64,Established,Pre-2025,PRUDENTIAL PLC,2.08
RMD,229.62,244.81,Established,Pre-2025,RESMED INC,1.07
STT,94.83,129.07,Established,Pre-2025,STATE STREET CORP,1.36
TEVA,21.24,30.95,Established,Pre-2025,TEVA PHARMACEUTICAL INDUSTRIES LTD,1.46
TRGP,182.14,186.77,Established,Pre-2025,Targa Resources Corp.,1.03
UAL,95.67,113.01,Established,Pre-2025,"United Airlines Holdings, Inc.",1.18
VEEV,213.03,219.49,Established,Pre-2025,VEEVA SYSTEMS INC,1.03
VMC,255.24,292.65,Established,Pre-2025,Vulcan Materials CO,1.15
WAB,189.49,216.28,Established,Pre-2025,WESTINGHOUSE AIR BRAKE TECHNOLOGIES CORP,1.14
ZS,185.84,220.57,Established,Pre-2025,"Zscaler, Inc.",1.19
ADM,48.17,59.05,Established,Pre-2025,Archer-Daniels-Midland Co,1.23
AEE,86.32,100.86,Established,Pre-2025,AMEREN CORP,1.17
AER,95.21,144.63,Established,Pre-2025,AerCap Holdings N.V.,1.52
AFRM,66.50,74.03,Established,Pre-2025,"Affirm Holdings, Inc.",1.11
CHT,36.00,41.74,Established,Pre-2025,CHUNGHWA TELECOM CO LTD,1.16
CLS,96.92,302.40,Established,Pre-2025,CELESTICA INC,3.12
COHR,106.24,194.33,Established,Pre-2025,COHERENT CORP.,1.83
CVE,15.04,17.53,Established,Pre-2025,CENOVUS ENERGY INC.,1.17
DG,72.49,136.24,Established,Pre-2025,DOLLAR GENERAL CORP,1.88
EQT,46.46,53.46,Established,Pre-2025,EQT Corp,1.15
ERIC,7.87,9.50,Established,Pre-2025,ERICSSON LM TELEPHONE CO,1.21
ESLT,262.18,591.96,Established,Pre-2025,ELBIT SYSTEMS LTD,2.26
EXR,144.34,130.97,Established,Pre-2025,Extra Space Storage Inc.,0.91
FIS,78.48,65.62,Established,Pre-2025,"Fidelity National Information Services, Inc.",0.84
FMX,77.40,100.94,Established,Pre-2025,MEXICAN ECONOMIC DEVELOPMENT INC,1.30
FOXA,48.86,73.76,Established,Pre-2025,Fox Corp,1.51
HPE,21.25,24.17,Established,Pre-2025,Hewlett Packard Enterprise Co,1.14
HUM,258.85,264.48,Established,Pre-2025,HUMANA INC,1.02
IR,92.40,79.76,Established,Pre-2025,Ingersoll Rand Inc.,0.86
IX,21.02,29.49,Established,Pre-2025,ORIX CORP,1.40
KB,55.96,86.21,Established,Pre-2025,KB Financial Group Inc.,1.54
KMB,124.66,101.40,Established,Pre-2025,KIMBERLY CLARK CORP,0.81
LYV,129.49,145.31,Established,Pre-2025,"Live Nation Entertainment, Inc.",1.12
MTB,185.90,204.04,Established,Pre-2025,M&T BANK CORP,1.10
MTD,1238.28,1411.39,Established,Pre-2025,METTLER TOLEDO INTERNATIONAL INC/,1.14
NTRA,167.60,228.84,Established,Pre-2025,"Natera, Inc.",1.37
ODFL,179.62,159.19,Established,Pre-2025,"OLD DOMINION FREIGHT LINE, INC.",0.89
OTIS,91.26,88.34,Established,Pre-2025,Otis Worldwide Corp,0.97
PCG,20.24,16.27,Established,Pre-2025,PG&E Corp,0.80
QSR,62.58,67.81,Established,Pre-2025,Restaurant Brands International Inc.,1.08
RJF,155.66,163.60,Established,Pre-2025,RAYMOND JAMES FINANCIAL INC,1.05
SATS,23.11,112.18,Established,Pre-2025,EchoStar CORP,4.85
SLF,57.97,62.84,Established,Pre-2025,SUN LIFE FINANCIAL INC,1.08
SOFI,14.84,27.46,Established,Pre-2025,"SoFi Technologies, Inc.",1.85
STLA,11.51,11.42,Established,Pre-2025,Stellantis N.V.,0.99
SYF,65.61,84.65,Established,Pre-2025,Synchrony Financial,1.29
SYY,73.37,72.62,Established,Pre-2025,SYSCO CORP,0.99
TER,130.03,207.56,Established,Pre-2025,"TERADYNE, INC",1.60
UI,341.89,566.28,Established,Pre-2025,Ubiquiti Inc.,1.66
VICI,27.83,28.15,Established,Pre-2025,VICI PROPERTIES INC.,1.01
VIK,42.82,72.27,Established,Pre-2025,Viking Holdings Ltd,1.69
VOD,8.08,13.34,Established,Pre-2025,VODAFONE GROUP PUBLIC LTD CO,1.65
VRSK,274.41,221.02,Established,Pre-2025,"Verisk Analytics, Inc.",0.81
VTR,56.72,77.33,Established,Pre-2025,"Ventas, Inc.",1.36
WDS,15.25,15.99,Established,Pre-2025,WOODSIDE ENERGY GROUP LTD,1.05
WEC,90.70,106.47,Established,Pre-2025,"WEC ENERGY GROUP, INC.",1.17
WIT,3.37,2.92,Established,Pre-2025,WIPRO LTD,0.87
WTW,305.59,326.27,Established,Pre-2025,WILLIS TOWERS WATSON PLC,1.07
XYL,115.80,137.11,Established,Pre-2025,Xylem Inc.,1.18
ALAB,140.93,179.56,Established,Pre-2025,"Astera Labs, Inc.",1.27
ATO,135.73,169.36,Established,Pre-2025,ATMOS ENERGY CORP,1.25
AVB,211.54,180.48,Established,Pre-2025,AVALONBAY COMMUNITIES INC,0.85
AWK,120.80,130.32,Established,Pre-2025,"American Water Works Company, Inc.",1.08
AXIA,5.07,9.25,Established,Pre-2025,BRAZILIAN ELECTRIC POWER CO,1.82
BAP,174.55,286.41,Established,Pre-2025,CREDICORP LTD,1.64
BE,24.32,98.69,Established,Pre-2025,Bloom Energy Corp,4.06
BIIB,152.21,177.82,Established,Pre-2025,BIOGEN INC.,1.17
BNTX,115.79,96.69,Established,Pre-2025,BioNTech SE,0.84
BR,225.66,220.47,Established,Pre-2025,"BROADRIDGE FINANCIAL SOLUTIONS, INC.",0.98
BRO,100.94,77.62,Established,Pre-2025,"BROWN & BROWN, INC.",0.77
CBOE,194.11,248.11,Established,Pre-2025,"Cboe Global Markets, Inc.",1.28
CFG,42.91,59.39,Established,Pre-2025,CITIZENS FINANCIAL GROUP INC/RI,1.38
CHTR,358.35,209.28,Established,Pre-2025,"CHARTER COMMUNICATIONS, INC. /MO/",0.58
CINF,138.90,161.49,Established,Pre-2025,CINCINNATI FINANCIAL CORP,1.16
CQP,52.28,54.00,Established,Pre-2025,"Cheniere Energy Partners, L.P.",1.03
CSGP,72.25,65.69,Established,Pre-2025,"COSTAR GROUP, INC.",0.91
DLTR,73.36,127.70,Established,Pre-2025,"DOLLAR TREE, INC.",1.74
DOV,185.94,195.75,Established,Pre-2025,DOVER Corp,1.05
DTE,117.61,130.36,Established,Pre-2025,DTE ENERGY CO,1.11
DXCM,81.07,66.54,Established,Pre-2025,DEXCOM INC,0.82
EFX,251.40,214.03,Established,Pre-2025,EQUIFAX INC,0.85
EME,472.72,638.65,Established,Pre-2025,"EMCOR Group, Inc.",1.35
FE,38.31,45.26,Established,Pre-2025,FIRSTENERGY CORP,1.18
FSLR,186.43,274.34,Established,Pre-2025,"FIRST SOLAR, INC.",1.47
FTS,40.43,51.90,Established,Pre-2025,Fortis Inc.,1.28
HAL,26.88,29.60,Established,Pre-2025,HALLIBURTON CO,1.10
HBAN,15.84,17.48,Established,Pre-2025,HUNTINGTON BANCSHARES INC /MD/,1.10
IRM,102.02,83.24,Established,Pre-2025,IRON MOUNTAIN INC,0.82
KHC,28.88,24.39,Established,Pre-2025,Kraft Heinz Co,0.84
LEN,129.33,104.22,Established,Pre-2025,LENNAR CORP /NEW/,0.81
LITE,89.35,386.11,Established,Pre-2025,Lumentum Holdings Inc.,4.32
LPLA,331.97,361.63,Established,Pre-2025,LPL Financial Holdings Inc.,1.09
MKL,1713.08,2130.36,Established,Pre-2025,MARKEL GROUP INC.,1.24
NMR,5.62,8.45,Established,Pre-2025,NOMURA HOLDINGS INC,1.50
NRG,97.18,166.16,Established,Pre-2025,"NRG ENERGY, INC.",1.71
NTR,45.89,63.16,Established,Pre-2025,Nutrien Ltd.,1.38
PHG,24.19,27.07,Established,Pre-2025,KONINKLIJKE PHILIPS NV,1.12
PPL,31.26,35.11,Established,Pre-2025,PPL Corp,1.12
ROL,45.62,59.01,Established,Pre-2025,ROLLINS INC,1.29
SHG,32.26,54.02,Established,Pre-2025,SHINHAN FINANCIAL GROUP CO LTD,1.67
STE,202.59,250.04,Established,Pre-2025,STERIS plc,1.23
STM,24.09,27.37,Established,Pre-2025,STMicroelectronics N.V.,1.14
TME,11.02,17.86,Established,Pre-2025,Tencent Music Entertainment Group,1.62
TPR,65.71,129.07,Established,Pre-2025,"TAPESTRY, INC.",1.96
TSCO,51.07,50.83,Established,Pre-2025,TRACTOR SUPPLY CO /DE/,1.00
ULTA,431.35,620.04,Established,Pre-2025,"Ulta Beauty, Inc.",1.44
WRB,56.42,69.36,Established,Pre-2025,BERKLEY W R CORP,1.23
ZM,82.70,83.32,Established,Pre-2025,"Zoom Communications, Inc.",1.01
AS,29.49,37.50,Established,Pre-2025,"Amer Sports, Inc.",1.27
BCE,22.50,23.66,Established,Pre-2025,BCE INC,1.05
BCH,20.48,38.21,Established,Pre-2025,BANK OF CHILE,1.87
CASY,396.16,556.26,Established,Pre-2025,CASEYS GENERAL STORES INC,1.40
CG,50.48,60.86,Established,Pre-2025,Carlyle Group Inc.,1.21
CNC,61.48,41.78,Established,Pre-2025,CENTENE CORP,0.68
CNP,30.90,38.73,Established,Pre-2025,CENTERPOINT ENERGY INC,1.25
CPAY,341.85,300.59,Established,Pre-2025,"CORPAY, INC.",0.88
CRDO,72.39,143.22,Established,Pre-2025,Credo Technology Group Holding Ltd,1.98
CYBR,339.47,435.32,Established,Pre-2025,CyberArk Software Ltd.,1.28
DRI,182.20,187.21,Established,Pre-2025,DARDEN RESTAURANTS INC,1.03
EIX,74.29,60.05,Established,Pre-2025,EDISON INTERNATIONAL,0.81
EQR,68.01,62.03,Established,Pre-2025,EQUITY RESIDENTIAL,0.91
ES,54.69,68.06,Established,Pre-2025,EVERSOURCE ENERGY,1.24
EXE,96.95,109.77,Established,Pre-2025,EXPAND ENERGY Corp,1.13
FLEX,40.06,63.68,Established,Pre-2025,FLEX LTD.,1.59
FTAI,149.90,210.35,Established,Pre-2025,FTAI Aviation Ltd.,1.40
FUTU,80.63,178.46,Established,Pre-2025,Futu Holdings Ltd,2.21
GFS,43.18,36.87,Established,Pre-2025,GLOBALFOUNDRIES Inc.,0.85
GIS,61.09,45.72,Established,Pre-2025,GENERAL MILLS INC,0.75
HUBB,425.31,463.03,Established,Pre-2025,HUBBELL INC,1.09
ILMN,136.01,134.35,Established,Pre-2025,"ILLUMINA, INC.",0.99
JBL,149.40,240.39,Established,Pre-2025,JABIL INC,1.61
KEY,16.50,20.98,Established,Pre-2025,KEYCORP /NEW/,1.27
LDOS,145.66,183.47,Established,Pre-2025,"Leidos Holdings, Inc.",1.26
LULU,378.18,210.81,Established,Pre-2025,lululemon athletica inc.,0.56
NBIS,31.18,89.95,Established,Pre-2025,Nebius Group N.V.,2.88
OMC,82.78,81.32,Established,Pre-2025,OMNICOM GROUP INC.,0.98
ON,63.91,56.70,Established,Pre-2025,ON SEMICONDUCTOR CORP,0.89
OWL,22.98,15.31,Established,Pre-2025,BLUE OWL CAPITAL INC.,0.67
PAAS,20.66,51.04,Established,Pre-2025,PAN AMERICAN SILVER CORP,2.47
PHM,109.18,119.07,Established,Pre-2025,PULTEGROUP INC/MI/,1.09
PPG,111.33,104.35,Established,Pre-2025,PPG INDUSTRIES INC,0.94
PSTG,64.23,69.01,Established,Pre-2025,"Pure Storage, Inc.",1.07
RF,22.64,27.56,Established,Pre-2025,REGIONS FINANCIAL CORP,1.22
RIVN,16.49,19.41,Established,Pre-2025,"Rivian Automotive, Inc. / DE",1.18
RPRX,25.20,38.86,Established,Pre-2025,Royalty Pharma plc,1.54
STLD,111.53,176.06,Established,Pre-2025,STEEL DYNAMICS INC,1.58
STZ,216.43,141.17,Established,Pre-2025,"CONSTELLATION BRANDS, INC.",0.65
TDY,459.70,518.77,Established,Pre-2025,TELEDYNE TECHNOLOGIES INC,1.13
TECK,40.72,48.03,Established,Pre-2025,TECK RESOURCES LTD,1.18
TEF,3.91,4.00,Established,Pre-2025,TELEFONICA S A,1.02
TPG,63.51,65.75,Established,Pre-2025,TPG Inc.,1.04
TW,133.92,106.20,Established,Pre-2025,Tradeweb Markets Inc.,0.79
UTHR,356.33,496.72,Established,Pre-2025,UNITED THERAPEUTICS Corp,1.39
VLTO,100.34,98.50,Established,Pre-2025,Veralto Corp,0.98
VRSN,203.84,240.53,Established,Pre-2025,VERISIGN INC/CA,1.18
WAT,371.76,381.96,Established,Pre-2025,WATERS CORP /DE/,1.03
WSM,189.81,187.85,Established,Pre-2025,WILLIAMS SONOMA INC,0.99
AGI,19.13,38.41,Established,Pre-2025,ALAMOS GOLD INC,2.01
ALB,86.01,143.93,Established,Pre-2025,ALBEMARLE CORP,1.67
AMCR,9.09,8.41,Established,Pre-2025,Amcor plc,0.93
APG,24.43,38.97,Established,Pre-2025,APi Group Corp,1.60
CHD,103.33,82.64,Established,Pre-2025,CHURCH & DWIGHT CO INC /DE/,0.80
CHKP,181.40,181.03,Established,Pre-2025,CHECK POINT SOFTWARE TECHNOLOGIES LTD,1.00
CMS,64.63,70.42,Established,Pre-2025,CMS ENERGY CORP,1.09
CW,348.71,572.38,Established,Pre-2025,CURTISS WRIGHT CORP,1.64
DGX,149.10,173.79,Established,Pre-2025,QUEST DIAGNOSTICS INC,1.17
DVN,33.01,37.87,Established,Pre-2025,DEVON ENERGY CORP/DE,1.15
EC,7.45,10.22,Established,Pre-2025,ECOPETROL S.A.,1.37
EXPD,109.94,151.86,Established,Pre-2025,EXPEDITORS INTERNATIONAL OF WASHINGTON INC,1.38
FTI,31.16,47.31,Established,Pre-2025,TechnipFMC plc,1.52
GIB,109.43,91.14,Established,Pre-2025,CGI INC,0.83
GMAB,21.47,31.82,Established,Pre-2025,GENMAB A/S,1.48
GRAB,4.81,5.08,Established,Pre-2025,Grab Holdings Ltd,1.06
HUBS,702.85,382.23,Established,Pre-2025,HUBSPOT INC,0.54
IHG,119.49,140.35,Established,Pre-2025,INTERCONTINENTAL HOTELS GROUP PLC /NEW/,1.17
INCY,69.63,101.42,Established,Pre-2025,INCYTE CORP,1.46
IOT,45.91,33.92,Established,Pre-2025,Samsara Inc.,0.74
IP,50.78,40.25,Established,Pre-2025,INTERNATIONAL PAPER CO /NEW/,0.79
JBHT,173.80,196.78,Established,Pre-2025,HUNT J B TRANSPORT SERVICES INC,1.13
KEP,6.86,16.66,Established,Pre-2025,KOREA ELECTRIC POWER CORP,2.43
KOF,74.58,94.84,Established,Pre-2025,COCA COLA FEMSA SAB DE CV,1.27
L,84.12,104.66,Established,Pre-2025,LOEWS CORP,1.24
LH,226.64,251.66,Established,Pre-2025,LABCORP HOLDINGS INC.,1.11
LUV,32.89,41.30,Established,Pre-2025,SOUTHWEST AIRLINES CO,1.26
NTAP,114.57,106.47,Established,Pre-2025,"NetApp, Inc.",0.93
NVR,8070.60,7278.87,Established,Pre-2025,NVR INC,0.90
PBA,36.02,38.57,Established,Pre-2025,PEMBINA PIPELINE CORP,1.07
PFG,75.00,89.42,Established,Pre-2025,PRINCIPAL FINANCIAL GROUP INC,1.19
PODD,266.30,282.92,Established,Pre-2025,INSULET CORP,1.06
PTC,184.54,170.10,Established,Pre-2025,PTC INC.,0.92
RBA,91.69,103.29,Established,Pre-2025,RB GLOBAL INC.,1.13
RCI,29.74,37.93,Established,Pre-2025,ROGERS COMMUNICATIONS INC,1.28
RGLD,133.15,221.12,Established,Pre-2025,ROYAL GOLD INC,1.66
RL,231.56,362.53,Established,Pre-2025,RALPH LAUREN CORP,1.57
RVMD,44.12,79.02,Established,Pre-2025,"Revolution Medicines, Inc.",1.79
SQM,36.70,69.73,Established,Pre-2025,CHEMICAL & MINING CO OF CHILE INC,1.90
SSNC,75.13,85.75,Established,Pre-2025,SS&C Technologies Holdings Inc,1.14
SW,50.90,39.60,Established,Pre-2025,Smurfit Westrock plc,0.78
TLK,15.77,21.08,Established,Pre-2025,PERUSAHAAN PERSEROAN PERSERO PT TELEKOMUNIKASI INDONESIA TBK,1.34
TOST,37.60,34.02,Established,Pre-2025,"Toast, Inc.",0.90
TS,36.52,39.07,Established,Pre-2025,TENARIS SA,1.07
TSN,56.18,58.04,Established,Pre-2025,"TYSON FOODS, INC.",1.03
TU,13.29,13.11,Established,Pre-2025,TELUS CORP,0.99
TWLO,113.09,138.36,Established,Pre-2025,TWILIO INC,1.22
UMC,6.18,7.84,Established,Pre-2025,UNITED MICROELECTRONICS CORP,1.27
WST,334.47,276.40,Established,Pre-2025,WEST PHARMACEUTICAL SERVICES INC,0.83
AA,35.26,56.54,Established,Pre-2025,Alcoa Corp,1.60
APTV,60.53,78.44,Established,Pre-2025,Aptiv PLC,1.30
ATI,56.11,119.20,Established,Pre-2025,ATI INC,2.12
AVAV,161.01,256.19,Established,Pre-2025,AeroVironment Inc,1.59
BEKE,17.66,16.06,Established,Pre-2025,KE Holdings Inc.,0.91
BEP,22.47,27.93,Established,Pre-2025,Brookfield Renewable Partners L.P.,1.24
BG,74.67,92.64,Established,Pre-2025,Bunge Global SA,1.24
BURL,289.16,298.39,Established,Pre-2025,"Burlington Stores, Inc.",1.03
BWXT,112.63,181.85,Established,Pre-2025,"BWX Technologies, Inc.",1.61
CDW,171.64,133.16,Established,Pre-2025,CDW Corp,0.78
CHRW,102.20,163.72,Established,Pre-2025,"C. H. ROBINSON WORLDWIDE, INC.",1.60
CIB,26.13,63.20,Established,Pre-2025,Grupo Cibest S.A.,2.42
CTRA,25.35,26.60,Established,Pre-2025,Coterra Energy Inc.,1.05
DD,30.61,40.87,Established,Pre-2025,"DuPont de Nemours, Inc.",1.34
DKNG,37.45,35.66,Established,Pre-2025,DraftKings Inc.,0.95
DKS,223.85,200.22,Established,Pre-2025,"DICK'S SPORTING GOODS, INC.",0.89
DOW,36.66,24.27,Established,Pre-2025,DOW INC.,0.66
EXAS,57.25,101.74,Established,Pre-2025,EXACT SCIENCES CORP,1.78
FTV,56.94,55.39,Established,Pre-2025,Fortive Corp,0.97
GPN,111.25,75.53,Established,Pre-2025,GLOBAL PAYMENTS INC,0.68
HPQ,31.73,22.12,Established,Pre-2025,HP INC,0.70
IFF,80.63,68.03,Established,Pre-2025,INTERNATIONAL FLAVORS & FRAGRANCES INC,0.84
IONQ,47.77,46.77,Established,Pre-2025,"IonQ, Inc.",0.98
IT,485.97,237.03,Established,Pre-2025,GARTNER INC,0.49
LI,24.75,17.25,Established,Pre-2025,Li Auto Inc.,0.70
LII,606.87,498.91,Established,Pre-2025,LENNOX INTERNATIONAL INC,0.82
LTM,25.77,54.58,Established,Pre-2025,LATAM AIRLINES GROUP S.A.,2.12
MEDP,339.46,571.02,Established,Pre-2025,"Medpace Holdings, Inc.",1.68
MKC,73.92,67.28,Established,Pre-2025,MCCORMICK & CO INC,0.91
MTZ,146.69,227.65,Established,Pre-2025,MASTEC INC,1.55
NI,35.39,42.16,Established,Pre-2025,NISOURCE INC.,1.19
NVT,69.87,106.82,Established,Pre-2025,nVent Electric plc,1.53
PINS,30.94,26.56,Established,Pre-2025,"PINTEREST, INC.",0.86
PKG,220.31,211.12,Established,Pre-2025,PACKAGING CORP OF AMERICA,0.96
SBAC,197.72,192.48,Established,Pre-2025,SBA COMMUNICATIONS CORP,0.97
SGI,55.28,88.74,Established,Pre-2025,SOMNIGROUP INTERNATIONAL INC.,1.61
SMCI,33.33,30.96,Established,Pre-2025,"Super Micro Computer, Inc.",0.93
SNA,327.15,350.95,Established,Pre-2025,Snap-on Inc,1.07
THC,122.65,199.45,Established,Pre-2025,TENET HEALTHCARE CORP,1.63
TPL,401.21,297.97,Established,Pre-2025,Texas Pacific Land Corp,0.74
TRMB,70.57,78.33,Established,Pre-2025,TRIMBLE INC.,1.11
TTD,121.84,37.68,Established,Pre-2025,"Trade Desk, Inc.",0.31
TYL,584.17,435.83,Established,Pre-2025,TYLER TECHNOLOGIES INC,0.75
U,24.09,44.25,Established,Pre-2025,Unity Software Inc.,1.84
VIV,7.17,12.07,Established,Pre-2025,TELEFONICA BRASIL S.A.,1.68
WWD,173.78,310.86,Established,Pre-2025,"Woodward, Inc.",1.79
XPEV,11.71,20.43,Established,Pre-2025,XPENG INC.,1.74
ZBH,103.45,90.02,Established,Pre-2025,"ZIMMER BIOMET HOLDINGS, INC.",0.87
ALLY,34.71,45.76,Established,Pre-2025,Ally Financial Inc.,1.32
ARCC,20.28,20.44,Established,Pre-2025,ARES CAPITAL CORP,1.01
BALL,53.20,53.35,Established,Pre-2025,BALL Corp,1.00
BBIO,28.12,78.24,Established,Pre-2025,"BridgeBio Pharma, Inc.",2.78
COO,91.79,81.11,Established,Pre-2025,"COOPER COMPANIES, INC.",0.88
CRS,179.44,338.34,Established,Pre-2025,CARPENTER TECHNOLOGY CORP,1.89
CX,5.62,11.57,Established,Pre-2025,CEMEX SAB DE CV,2.06
EVRG,59.20,73.08,Established,Pre-2025,"Evergy, Inc.",1.23
EWBC,93.15,115.06,Established,Pre-2025,EAST WEST BANCORP INC,1.24
FFIV,254.36,256.63,Established,Pre-2025,"F5, INC.",1.01
FN,229.69,479.42,Established,Pre-2025,Fabrinet,2.09
GDDY,200.39,118.52,Established,Pre-2025,GoDaddy Inc.,0.59
GEN,27.02,26.07,Established,Pre-2025,Gen Digital Inc.,0.96
GPC,113.22,124.00,Established,Pre-2025,GENUINE PARTS CO,1.10
GWRE,172.31,187.63,Established,Pre-2025,"Guidewire Software, Inc.",1.09
H,156.02,165.57,Established,Pre-2025,Hyatt Hotels Corp,1.06
HOLX,73.19,74.56,Established,Pre-2025,HOLOGIC INC,1.02
ICLR,213.28,188.67,Established,Pre-2025,ICON PLC,0.88
INVH,30.73,27.72,Established,Pre-2025,Invitation Homes Inc.,0.90
J,131.21,135.35,Established,Pre-2025,JACOBS SOLUTIONS INC.,1.03
JLL,253.95,335.84,Established,Pre-2025,JONES LANG LASALLE INC,1.32
KSPI,98.87,77.54,Established,Pre-2025,Joint Stock Co Kaspi.kz,0.78
LNT,56.49,65.59,Established,Pre-2025,ALLIANT ENERGY CORP,1.16
MAA,148.81,139.13,Established,Pre-2025,MID AMERICA APARTMENT COMMUNITIES INC.,0.93
MGA,39.74,54.66,Established,Pre-2025,MAGNA INTERNATIONAL INC,1.38
NLY,16.56,22.90,Established,Pre-2025,ANNALY CAPITAL MANAGEMENT INC,1.38
OKTA,80.76,83.64,Established,Pre-2025,"Okta, Inc.",1.04
ONON,56.62,46.95,Established,Pre-2025,On Holding AG,0.83
PKX,43.02,53.45,Established,Pre-2025,POSCO HOLDINGS INC.,1.24
PNR,100.04,105.47,Established,Pre-2025,PENTAIR plc,1.05
QXO,15.95,19.72,Established,Pre-2025,"QXO, Inc.",1.24
ROKU,77.38,108.72,Established,Pre-2025,"ROKU, INC",1.41
RS,263.25,295.82,Established,Pre-2025,"RELIANCE, INC.",1.12
RTO,24.31,29.87,Established,Pre-2025,RENTOKIL INITIAL PLC /FI,1.23
SBS,13.63,24.37,Established,Pre-2025,COMPANHIA DE SANEAMENTO BASICO DO ESTADO DE SAO PAULO-SABESP,1.79
SN,98.56,113.85,Established,Pre-2025,"SharkNinja, Inc.",1.16
SUI,116.92,122.13,Established,Pre-2025,SUN COMMUNITIES INC,1.04
TKO,140.63,206.94,Established,Pre-2025,"TKO Group Holdings, Inc.",1.47
TLN,215.59,396.73,Established,Pre-2025,Talen Energy Corp,1.84
TRU,91.78,83.33,Established,Pre-2025,TransUnion,0.91
TXT,75.65,87.05,Established,Pre-2025,TEXTRON INC,1.15
ULS,48.93,80.91,Established,Pre-2025,UL Solutions Inc.,1.65
USFD,67.98,74.64,Established,Pre-2025,US Foods Holding Corp.,1.10
WES,35.76,39.72,Established,Pre-2025,"Western Midstream Partners, LP",1.11
WY,27.45,23.80,Established,Pre-2025,WEYERHAEUSER CO,0.87
XPO,138.46,138.79,Established,Pre-2025,"XPO, Inc.",1.00
YUMC,44.15,48.17,Established,Pre-2025,"Yum China Holdings, Inc.",1.09
ZG,71.40,65.61,Established,Pre-2025,"ZILLOW GROUP, INC.",0.92
ZTO,18.90,21.46,Established,Pre-2025,ZTO Express (Cayman) Inc.,1.14
ACM,106.66,96.10,Established,Pre-2025,AECOM,0.90
ALLE,129.17,160.91,Established,Pre-2025,Allegion plc,1.25
AMH,36.01,31.92,Established,Pre-2025,American Homes 4 Rent,0.89
AMKR,26.16,42.92,Established,Pre-2025,"AMKOR TECHNOLOGY, INC.",1.64
ASND,140.40,213.29,Established,Pre-2025,Ascendis Pharma A/S,1.52
BBY,79.35,69.18,Established,Pre-2025,BEST BUY CO INC,0.87
BIP,30.70,34.30,Established,Pre-2025,Brookfield Infrastructure Partners L.P.,1.12
BSAC,17.43,31.20,Established,Pre-2025,BANCO SANTANDER CHILE,1.79
CRBG,29.90,30.37,Established,Pre-2025,"Corebridge Financial, Inc.",1.02
CSL,366.83,328.47,Established,Pre-2025,CARLISLE COMPANIES INC,0.90
DECK,207.25,106.79,Established,Pre-2025,DECKERS OUTDOOR CORP,0.52
EMA,35.97,49.23,Established,Pre-2025,EMERA INC,1.37
ENTG,100.15,89.56,Established,Pre-2025,ENTEGRIS INC,0.89
EQH,47.54,47.97,Established,Pre-2025,"Equitable Holdings, Inc.",1.01
ERIE,406.36,276.37,Established,Pre-2025,ERIE INDEMNITY CO,0.68
EVR,274.33,351.27,Established,Pre-2025,Evercore Inc.,1.28
FNF,52.93,54.28,Established,Pre-2025,"Fidelity National Financial, Inc.",1.03
GFL,44.59,42.88,Established,Pre-2025,GFL Environmental Inc.,0.96
GH,33.76,101.74,Established,Pre-2025,"Guardant Health, Inc.",3.01
HII,183.78,349.75,Established,Pre-2025,"HUNTINGTON INGALLS INDUSTRIES, INC.",1.90
HL,5.09,18.87,Established,Pre-2025,HECLA MINING CO/DE/,3.71
HTHT,30.19,47.99,Established,Pre-2025,H World Group Ltd,1.59
IREN,11.34,42.70,Established,Pre-2025,IREN Ltd,3.77
ITT,141.53,174.21,Established,Pre-2025,ITT INC.,1.23
JOBY,9.77,14.36,Established,Pre-2025,"Joby Aviation, Inc.",1.47
KTOS,27.48,79.29,Established,Pre-2025,"KRATOS DEFENSE & SECURITY SOLUTIONS, INC.",2.89
LOGI,81.53,100.28,Established,Pre-2025,LOGITECH INTERNATIONAL S.A.,1.23
LYB,66.25,44.39,Established,Pre-2025,LyondellBasell Industries N.V.,0.67
MRNA,42.18,30.86,Established,Pre-2025,"Moderna, Inc.",0.73
NBIX,138.10,140.60,Established,Pre-2025,NEUROCRINE BIOSCIENCES INC,1.02
NDSN,204.56,241.03,Established,Pre-2025,NORDSON CORP,1.18
NTNX,62.68,50.60,Established,Pre-2025,"Nutanix, Inc.",0.81
NWSA,27.35,26.19,Established,Pre-2025,NEWS CORP,0.96
OKLO,27.25,77.80,Established,Pre-2025,Oklo Inc.,2.86
PNFP,114.29,95.10,Established,Pre-2025,"Pinnacle Financial Partners, Inc.",0.83
RBC,301.65,458.79,Established,Pre-2025,RBC Bearings INC,1.52
RBRK,66.90,75.47,Established,Pre-2025,"Rubrik, Inc.",1.13
ROIV,11.69,21.93,Established,Pre-2025,Roivant Sciences Ltd.,1.88
SMMT,18.24,17.52,Established,Pre-2025,Summit Therapeutics Inc.,0.96
SNAP,11.97,8.13,Established,Pre-2025,Snap Inc,0.68
SNN,23.83,32.88,Established,Pre-2025,SMITH & NEPHEW PLC,1.38
SOLV,67.12,79.02,Established,Pre-2025,Solventum Corp,1.18
VTRS,11.69,12.46,Established,Pre-2025,Viatris Inc,1.07
W,45.53,106.56,Established,Pre-2025,Wayfair Inc.,2.34
WF,29.62,59.22,Established,Pre-2025,WOORI FINANCIAL GROUP INC.,2.00
WMG,30.28,30.44,Established,Pre-2025,Warner Music Group Corp.,1.01
WPC,51.84,64.86,Established,Pre-2025,W. P. Carey Inc.,1.25
WSO,463.49,347.33,Established,Pre-2025,WATSCO INC,0.75
YPF,44.06,36.29,Established,Pre-2025,YPF SOCIEDAD ANONIMA,0.82
AGNC,8.14,10.93,Established,Pre-2025,AGNC Investment Corp.,1.34
AIZ,208.64,237.72,Established,Pre-2025,"ASSURANT, INC.",1.14
AKAM,93.56,85.10,Established,Pre-2025,AKAMAI TECHNOLOGIES INC,0.91
ALGN,208.26,156.03,Established,Pre-2025,ALIGN TECHNOLOGY INC,0.75
AVY,181.22,182.44,Established,Pre-2025,Avery Dennison Corp,1.01
BEN,19.26,23.80,Established,Pre-2025,FRANKLIN RESOURCES INC,1.24
BF-A,34.88,26.22,Established,Pre-2025,BROWN FORMAN CORP,0.75
BJ,88.00,91.92,Established,Pre-2025,"BJ's Wholesale Club Holdings, Inc.",1.04
BNT,38.35,46.68,Established,Pre-2025,Brookfield Wealth Solutions Ltd.,1.22
CELH,28.80,47.75,Established,Pre-2025,"Celsius Holdings, Inc.",1.66
CHWY,35.96,33.49,Established,Pre-2025,"Chewy, Inc.",0.93
CLH,231.77,243.44,Established,Pre-2025,CLEAN HARBORS INC,1.05
DOCU,90.21,64.85,Established,Pre-2025,"DOCUSIGN, INC.",0.72
DPZ,431.20,425.28,Established,Pre-2025,DOMINOS PIZZA INC,0.99
DT,54.81,42.35,Established,Pre-2025,"Dynatrace, Inc.",0.77
EG,360.99,334.48,Established,Pre-2025,"EVEREST GROUP, LTD.",0.93
FMS,21.76,23.51,Established,Pre-2025,Fresenius Medical Care AG,1.08
GGG,82.98,82.64,Established,Pre-2025,GRACO INC,1.00
GLPI,44.77,44.42,Established,Pre-2025,"Gaming & Leisure Properties, Inc.",0.99
HLI,169.28,176.34,Established,Pre-2025,"HOULIHAN LOKEY, INC.",1.04
HMY,8.28,19.57,Established,Pre-2025,HARMONY GOLD MINING CO LTD,2.36
IEX,203.93,179.06,Established,Pre-2025,IDEX CORP /DE/,0.88
IONS,34.81,79.67,Established,Pre-2025,IONIS PHARMACEUTICALS INC,2.29
JEF,78.83,63.46,Established,Pre-2025,Jefferies Financial Group Inc.,0.81
JKHY,171.39,178.35,Established,Pre-2025,JACK HENRY & ASSOCIATES INC,1.04
KIM,22.09,20.06,Established,Pre-2025,KIMCO REALTY CORP,0.91
LAMR,115.28,124.12,Established,Pre-2025,LAMAR ADVERTISING CO/NEW,1.08
LECO,183.56,243.76,Established,Pre-2025,LINCOLN ELECTRIC HOLDINGS INC,1.33
MAS,70.88,64.47,Established,Pre-2025,MASCO CORP /DE/,0.91
MLI,79.84,116.81,Established,Pre-2025,MUELLER INDUSTRIES INC,1.46
MTSI,136.53,174.96,Established,Pre-2025,"MACOM Technology Solutions Holdings, Inc.",1.28
NXT,39.63,92.78,Established,Pre-2025,Nextpower Inc.,2.34
OHI,35.77,44.53,Established,Pre-2025,OMEGA HEALTHCARE INVESTORS INC,1.24
PAA,15.99,18.21,Established,Pre-2025,PLAINS ALL AMERICAN PIPELINE LP,1.14
PAC,172.35,261.90,Established,Pre-2025,Pacific Airport Group,1.52
PFGC,84.40,88.05,Established,Pre-2025,Performance Food Group Co,1.04
PSKY,10.51,13.18,Established,Pre-2025,Paramount Skydance Corp,1.25
REG,70.14,67.96,Established,Pre-2025,REGENCY CENTERS CORP,0.97
RGA,214.63,203.44,Established,Pre-2025,REINSURANCE GROUP OF AMERICA INC,0.95
RNR,251.59,272.24,Established,Pre-2025,RENAISSANCERE HOLDINGS LTD,1.08
RPM,118.61,103.76,Established,Pre-2025,RPM INTERNATIONAL INC/DE/,0.87
RYAN,62.29,50.61,Established,Pre-2025,"RYAN SPECIALTY HOLDINGS, INC.",0.81
SF,106.34,128.31,Established,Pre-2025,STIFEL FINANCIAL CORP,1.21
TOL,125.16,135.58,Established,Pre-2025,"Toll Brothers, Inc.",1.08
TSEM,52.10,121.74,Established,Pre-2025,TOWER SEMICONDUCTOR LTD,2.34
UDR,41.25,36.69,Established,Pre-2025,"UDR, Inc.",0.89
UHS,178.16,219.88,Established,Pre-2025,UNIVERSAL HEALTH SERVICES INC,1.23
UNM,71.46,77.23,Established,Pre-2025,Unum Group,1.08
WCC,179.78,252.12,Established,Pre-2025,WESCO INTERNATIONAL INC,1.40
AAL,16.97,15.48,Established,Pre-2025,American Airlines Group Inc.,0.91
AEG,5.75,7.76,Established,Pre-2025,AEGON LTD.,1.35
AES,12.46,14.82,Established,Pre-2025,AES CORP,1.19
AFG,127.79,134.79,Established,Pre-2025,AMERICAN FINANCIAL GROUP INC,1.05
AYI,300.90,373.33,Established,Pre-2025,ACUITY INC. (DE),1.24
BAH,129.10,84.89,Established,Pre-2025,Booz Allen Hamilton Holding Corp,0.66
BLD,316.52,431.45,Established,Pre-2025,TopBuild Corp,1.36
BLDR,144.03,104.63,Established,Pre-2025,"Builders FirstSource, Inc.",0.73
BMRN,66.83,59.45,Established,Pre-2025,BIOMARIN PHARMACEUTICAL INC,0.89
BSY,46.78,38.15,Established,Pre-2025,BENTLEY SYSTEMS INC,0.82
BXP,71.37,67.82,Established,Pre-2025,"BXP, Inc.",0.95
CACI,420.14,537.41,Established,Pre-2025,CACI INTERNATIONAL INC /DE/,1.28
CART,44.93,43.91,Established,Pre-2025,Maplebear Inc.,0.98
CCK,79.68,104.18,Established,Pre-2025,"CROWN HOLDINGS, INC.",1.31
CDE,6.05,17.55,Established,Pre-2025,"Coeur Mining, Inc.",2.90
CF,86.43,80.13,Established,Pre-2025,"CF Industries Holdings, Inc.",0.93
CLX,157.00,100.85,Established,Pre-2025,CLOROX CO /DE/,0.64
CMA,59.85,88.65,Established,Pre-2025,COMERICA INC,1.48
CNA,44.12,46.87,Established,Pre-2025,CNA FINANCIAL CORP,1.06
CNH,10.99,9.35,Established,Pre-2025,CNH Industrial N.V.,0.85
DOC,19.09,16.20,Established,Pre-2025,"HEALTHPEAK PROPERTIES, INC.",0.85
DTM,100.44,120.99,Established,Pre-2025,"DT Midstream, Inc.",1.20
ELS,65.58,59.79,Established,Pre-2025,EQUITY LIFESTYLE PROPERTIES INC,0.91
EMBJ,37.07,65.43,Established,Pre-2025,EMBRAER S.A.,1.77
EPAM,230.72,200.46,Established,Pre-2025,"EPAM Systems, Inc.",0.87
EXEL,33.97,43.58,Established,Pre-2025,"EXELIXIS, INC.",1.28
FHN,19.69,24.13,Established,Pre-2025,FIRST HORIZON CORP,1.23
FNMA,4.47,11.00,Established,Pre-2025,FEDERAL NATIONAL MORTGAGE ASSOCIATION FANNIE MAE,2.46
GMED,82.79,87.30,Established,Pre-2025,GLOBUS MEDICAL INC,1.05
HAS,54.62,82.97,Established,Pre-2025,"HASBRO, INC.",1.52
HRL,30.09,23.39,Established,Pre-2025,HORMEL FOODS CORP /DE/,0.78
HST,16.47,18.16,Established,Pre-2025,"HOST HOTELS & RESORTS, INC.",1.10
IVZ,17.00,26.94,Established,Pre-2025,Invesco Ltd.,1.58
JHX,31.02,20.81,Established,Pre-2025,James Hardie Industries plc,0.67
MKSI,107.40,168.36,Established,Pre-2025,MKS INC,1.57
NIO,4.63,5.14,Established,Pre-2025,NIO Inc.,1.11
NYT,52.09,69.64,Established,Pre-2025,NEW YORK TIMES CO,1.34
PCOR,77.04,70.04,Established,Pre-2025,"PROCORE TECHNOLOGIES, INC.",0.91
PEN,241.97,309.42,Established,Pre-2025,Penumbra Inc,1.28
RVTY,113.28,98.15,Established,Pre-2025,"REVVITY, INC.",0.87
SNX,116.37,153.43,Established,Pre-2025,TD SYNNEX CORP,1.32
SWK,77.16,76.47,Established,Pre-2025,"STANLEY BLACK & DECKER, INC.",0.99
TEM,38.25,62.36,Established,Pre-2025,"Tempus AI, Inc.",1.63
TXRH,180.14,171.36,Established,Pre-2025,"Texas Roadhouse, Inc.",0.95
VNOM,48.19,38.78,Established,Pre-2025,"Viper Energy, Inc.",0.80
WYNN,82.52,122.57,Established,Pre-2025,WYNN RESORTS LTD,1.49
ZBRA,391.86,248.30,Established,Pre-2025,ZEBRA TECHNOLOGIES CORP,0.63
ABVX,7.45,133.77,Established,Pre-2025,Abivax S.A.,17.96
AIT,243.25,259.63,Established,Pre-2025,APPLIED INDUSTRIAL TECHNOLOGIES INC,1.07
ALV,91.36,122.08,Established,Pre-2025,AUTOLIV INC,1.34
AOS,67.22,68.32,Established,Pre-2025,SMITH A O CORP,1.02
AR,34.94,34.21,Established,Pre-2025,ANTERO RESOURCES Corp,0.98
ARMK,36.71,36.58,Established,Pre-2025,Aramark,1.00
BAX,28.98,19.50,Established,Pre-2025,BAXTER INTERNATIONAL INC,0.67
BILI,17.12,26.37,Established,Pre-2025,Bilibili Inc.,1.54
BROS,56.35,62.16,Established,Pre-2025,Dutch Bros Inc.,1.10
BWA,31.05,46.64,Established,Pre-2025,BORGWARNER INC,1.50
CFLT,29.26,30.11,Established,Pre-2025,"Confluent, Inc.",1.03
CNM,52.09,53.41,Established,Pre-2025,"Core & Main, Inc.",1.03
CR,154.31,187.53,Established,Pre-2025,Crane Co,1.22
CRL,185.80,202.42,Established,Pre-2025,"CHARLES RIVER LABORATORIES INTERNATIONAL, INC.",1.09
DAY,72.52,69.27,Established,Pre-2025,"Dayforce, Inc.",0.96
DCI,67.20,89.93,Established,Pre-2025,DONALDSON Co INC,1.34
DY,180.84,347.56,Established,Pre-2025,DYCOM INDUSTRIES INC,1.92
EHC,90.60,106.37,Established,Pre-2025,Encompass Health Corp,1.17
ELAN,11.98,22.52,Established,Pre-2025,Elanco Animal Health Inc,1.88
ENSG,132.28,173.92,Established,Pre-2025,"ENSIGN GROUP, INC",1.31
EQX,5.19,13.70,Established,Pre-2025,Equinox Gold Corp.,2.64
FDS,469.60,284.90,Established,Pre-2025,FACTSET RESEARCH SYSTEMS INC,0.61
FIVE,97.07,193.45,Established,Pre-2025,"FIVE BELOW, INC",1.99
GIL,46.29,62.93,Established,Pre-2025,Gildan Activewear Inc.,1.36
GL,110.36,138.15,Established,Pre-2025,GLOBE LIFE INC.,1.25
JAZZ,120.56,173.15,Established,Pre-2025,Jazz Pharmaceuticals plc,1.44
LSCC,56.28,78.65,Established,Pre-2025,LATTICE SEMICONDUCTOR CORP,1.40
MANH,272.84,167.28,Established,Pre-2025,MANHATTAN ASSOCIATES INC,0.61
MP,18.20,54.97,Established,Pre-2025,MP Materials Corp. / DE,3.02
NCLH,25.42,22.78,Established,Pre-2025,Norwegian Cruise Line Holdings Ltd.,0.90
NVMI,204.64,347.34,Established,Pre-2025,NOVA LTD.,1.70
ORI,31.56,43.27,Established,Pre-2025,OLD REPUBLIC INTERNATIONAL CORP,1.37
PAG,146.06,158.16,Established,Pre-2025,"PENSKE AUTOMOTIVE GROUP, INC.",1.08
PEGA,47.16,56.06,Established,Pre-2025,PEGASYSTEMS INC,1.19
PNW,80.94,88.14,Established,Pre-2025,PINNACLE WEST CAPITAL CORP,1.09
QBTS,9.14,28.13,Established,Pre-2025,D-Wave Quantum Inc.,3.08
RDY,15.34,13.86,Established,Pre-2025,DR REDDYS LABORATORIES LTD,0.90
RNA,30.50,72.10,Established,Pre-2025,"Avidity Biosciences, Inc.",2.36
SBSW,3.37,14.46,Established,Pre-2025,Sibanye Stillwater Ltd,4.29
SCI,76.46,77.20,Established,Pre-2025,SERVICE CORP INTERNATIONAL,1.01
SEIC,80.93,83.01,Established,Pre-2025,SEI INVESTMENTS CO,1.03
SPXC,149.99,203.26,Established,Pre-2025,"SPX Technologies, Inc.",1.36
STN,78.92,96.21,Established,Pre-2025,STANTEC INC,1.22
SUZ,10.17,9.52,Established,Pre-2025,Suzano S.A.,0.94
WBS,53.90,63.82,Established,Pre-2025,WEBSTER FINANCIAL CORP,1.18
WMS,114.84,149.63,Established,Pre-2025,"ADVANCED DRAINAGE SYSTEMS, INC.",1.30
WTRG,34.91,38.67,Established,Pre-2025,"Essential Utilities, Inc.",1.11
YMM,10.69,11.25,Established,Pre-2025,Full Truck Alliance Co. Ltd.,1.05
ACI,19.22,17.31,Established,Pre-2025,"Albertsons Companies, Inc.",0.90
AEIS,118.24,221.99,Established,Pre-2025,ADVANCED ENERGY INDUSTRIES INC,1.88
AG,5.78,16.06,Established,Pre-2025,FIRST MAJESTIC SILVER CORP,2.78
AHR,27.43,47.24,Established,Pre-2025,"American Healthcare REIT, Inc.",1.72
AMG,188.51,288.85,Established,Pre-2025,"AFFILIATED MANAGERS GROUP, INC.",1.53
ARE,93.15,48.97,Established,Pre-2025,"ALEXANDRIA REAL ESTATE EQUITIES, INC.",0.53
ASR,236.32,323.72,Established,Pre-2025,SOUTHEAST AIRPORT GROUP,1.37
BZ,13.85,20.91,Established,Pre-2025,Kanzhun Ltd,1.51
CAE,24.33,30.92,Established,Pre-2025,CAE INC,1.27
COKE,131.16,149.84,Established,Pre-2025,"Coca-Cola Consolidated, Inc.",1.14
DDS,437.36,636.94,Established,Pre-2025,"DILLARD'S, INC.",1.46
DRS,32.56,34.78,Established,Pre-2025,"Leonardo DRS, Inc.",1.07
EDU,62.63,57.83,Established,Pre-2025,New Oriental Education & Technology Group Inc.,0.92
EGP,155.55,179.90,Established,Pre-2025,EASTGROUP PROPERTIES INC,1.16
FLS,57.57,70.75,Established,Pre-2025,FLOWSERVE CORP,1.23
FYBR,35.06,38.07,Established,Pre-2025,"Frontier Communications Parent, Inc.",1.09
GAP,23.34,25.04,Established,Pre-2025,GAP INC,1.07
GME,31.65,20.62,Established,Pre-2025,GameStop Corp.,0.65
GTLS,198.96,206.23,Established,Pre-2025,CHART INDUSTRIES INC,1.04
HSIC,69.09,76.82,Established,Pre-2025,HENRY SCHEIN INC,1.11
IAG,5.51,16.22,Established,Pre-2025,IAMGOLD CORP,2.94
KNSL,427.64,392.46,Established,Pre-2025,"Kinsale Capital Group, Inc.",0.92
KT,15.23,19.04,Established,Pre-2025,KT CORP,1.25
MBLY,21.70,11.23,Established,Pre-2025,Mobileye Global Inc.,0.52
MGM,34.09,36.49,Established,Pre-2025,MGM Resorts International,1.07
MOH,294.49,178.46,Established,Pre-2025,"MOLINA HEALTHCARE, INC.",0.61
OC,167.70,113.36,Established,Pre-2025,Owens Corning,0.68
OVV,40.56,40.49,Established,Pre-2025,Ovintiv Inc.,1.00
PATH,13.28,15.88,Established,Pre-2025,"UiPath, Inc.",1.20
PR,14.50,14.40,Established,Pre-2025,Permian Resources Corp,0.99
QGEN,44.74,45.19,Established,Pre-2025,QIAGEN N.V.,1.01
REXR,37.33,39.03,Established,Pre-2025,"Rexford Industrial Realty, Inc.",1.05
RGEN,149.90,164.35,Established,Pre-2025,REPLIGEN CORP,1.10
RMBS,55.15,99.28,Established,Pre-2025,RAMBUS INC,1.80
RRX,157.06,146.10,Established,Pre-2025,REGAL REXNORD CORP,0.93
SAIA,465.28,337.17,Established,Pre-2025,SAIA INC,0.72
SARO,24.04,29.64,Established,Pre-2025,"StandardAero, Inc.",1.23
SJM,107.17,96.63,Established,Pre-2025,J M SMUCKER Co,0.90
SSB,95.07,94.23,Established,Pre-2025,SouthState Bank Corp,0.99
STRL,177.51,319.16,Established,Pre-2025,"STERLING INFRASTRUCTURE, INC.",1.80
SUN,48.52,52.73,Established,Pre-2025,Sunoco LP,1.09
TECH,73.37,59.65,Established,Pre-2025,BIO-TECHNE Corp,0.81
TIMB,10.92,19.91,Established,Pre-2025,TIM S.A.,1.82
TTAN,105.79,101.59,Established,Pre-2025,"ServiceTitan, Inc.",0.96
UHAL,69.51,50.55,Established,Pre-2025,U-Haul Holding Co /NV/,0.73
WAL,82.82,85.47,Established,Pre-2025,WESTERN ALLIANCE BANCORPORATION,1.03
WLK,109.04,74.15,Established,Pre-2025,WESTLAKE CORP,0.68
WTS,201.58,278.58,Established,Pre-2025,WATTS WATER TECHNOLOGIES INC,1.38
ADC,67.44,72.12,Established,Pre-2025,AGREE REALTY CORP,1.07
AGCO,91.27,105.84,Established,Pre-2025,AGCO CORP /DE,1.16
ALSN,108.22,98.94,Established,Pre-2025,Allison Transmission Holdings Inc,0.91
AM,14.75,17.94,Established,Pre-2025,Antero Midstream Corp,1.22
APA,22.24,25.36,Established,Pre-2025,APA Corp,1.14
APLD,9.11,28.11,Established,Pre-2025,Applied Digital Corp.,3.09
ARWR,19.79,67.79,Established,Pre-2025,"ARROWHEAD PHARMACEUTICALS, INC.",3.43
AUR,6.82,3.87,Established,Pre-2025,"Aurora Innovation, Inc.",0.57
AXSM,86.45,178.69,Established,Pre-2025,"Axsome Therapeutics, Inc.",2.07
BIO,330.75,305.27,Established,Pre-2025,"BIO-RAD LABORATORIES, INC.",0.92
BPOP,91.77,125.96,Established,Pre-2025,"POPULAR, INC.",1.37
CFR,130.36,128.17,Established,Pre-2025,"CULLEN/FROST BANKERS, INC.",0.98
COLB,25.65,28.19,Established,Pre-2025,"COLUMBIA BANKING SYSTEM, INC.",1.10
DINO,33.51,46.85,Established,Pre-2025,HF Sinclair Corp,1.40
DOCS,55.22,43.29,Established,Pre-2025,"Doximity, Inc.",0.78
DOX,82.12,80.16,Established,Pre-2025,AMDOCS LTD,0.98
GGAL,68.48,53.35,Established,Pre-2025,GRUPO FINANCIERO GALICIA SA,0.78
HALO,47.74,70.31,Established,Pre-2025,"HALOZYME THERAPEUTICS, INC.",1.47
HBM,8.45,20.10,Established,Pre-2025,Hudbay Minerals Inc.,2.38
HQY,97.47,91.07,Established,Pre-2025,"HEALTHEQUITY, INC.",0.93
KNX,53.69,52.23,Established,Pre-2025,Knight-Swift Transportation Holdings Inc.,0.97
KVYO,42.45,29.32,Established,Pre-2025,"Klaviyo, Inc.",0.69
LEVI,17.11,20.82,Established,Pre-2025,LEVI STRAUSS & CO,1.22
LINE,56.14,35.42,Established,Pre-2025,"Lineage, Inc.",0.63
LNC,30.71,45.01,Established,Pre-2025,LINCOLN NATIONAL CORP,1.47
MORN,332.26,210.42,Established,Pre-2025,"Morningstar, Inc.",0.63
OGE,39.62,42.46,Established,Pre-2025,OGE ENERGY CORP.,1.07
ONB,20.93,22.55,Established,Pre-2025,OLD NATIONAL BANCORP /IN/,1.08
ONTO,180.03,165.87,Established,Pre-2025,ONTO INNOVATION INC.,0.92
OSK,92.60,132.22,Established,Pre-2025,OSHKOSH CORP,1.43
PAYC,202.41,152.40,Established,Pre-2025,"Paycom Software, Inc.",0.75
PCTY,199.23,145.70,Established,Pre-2025,Paylocity Holding Corp,0.73
PLNT,100.24,109.73,Established,Pre-2025,"Planet Fitness, Inc.",1.09
POOL,331.83,229.71,Established,Pre-2025,POOL CORP,0.69
PPC,40.59,39.87,Established,Pre-2025,PILGRIMS PRIDE CORP,0.98
PRI,272.16,258.73,Established,Pre-2025,"Primerica, Inc.",0.95
PSO,15.66,13.70,Established,Pre-2025,PEARSON PLC,0.87
SANM,76.30,159.29,Established,Pre-2025,SANMINA CORP,2.09
SITM,234.35,369.96,Established,Pre-2025,SITIME Corp,1.58
STEP,58.88,66.61,Established,Pre-2025,StepStone Group Inc.,1.13
SWKS,85.26,64.40,Established,Pre-2025,"SKYWORKS SOLUTIONS, INC.",0.76
TAP,53.29,47.40,Established,Pre-2025,MOLSON COORS BEVERAGE CO,0.89
TFII,132.20,106.58,Established,Pre-2025,TFI International Inc.,0.81
TIGO,22.07,55.72,Established,Pre-2025,MILLICOM INTERNATIONAL CELLULAR SA,2.52
TTEK,39.94,33.65,Established,Pre-2025,TETRA TECH INC,0.84
UMBF,111.59,116.48,Established,Pre-2025,UMB FINANCIAL CORP,1.04
VIPS,12.72,17.71,Established,Pre-2025,Vipshop Holdings Ltd,1.39
XP,11.35,16.18,Established,Pre-2025,XP Inc.,1.43
ZION,53.08,59.25,Established,Pre-2025,"ZIONS BANCORPORATION, NATIONAL ASSOCIATION /UT/",1.12
AL,47.05,64.15,Established,Pre-2025,AIR LEASE CORP,1.36
AMTM,22.57,30.48,Established,Pre-2025,"Amentum Holdings, Inc.",1.35
AN,169.36,206.48,Established,Pre-2025,"AUTONATION, INC.",1.22
APPF,252.72,230.37,Established,Pre-2025,APPFOLIO INC,0.91
ATR,153.59,122.54,Established,Pre-2025,"APTARGROUP, INC.",0.80
AVTR,21.76,11.46,Established,Pre-2025,"Avantor, Inc.",0.53
AWI,141.02,196.85,Established,Pre-2025,ARMSTRONG WORLD INDUSTRIES INC,1.40
AXS,87.96,104.26,Established,Pre-2025,AXIS CAPITAL HOLDINGS LTD,1.19
BIRK,56.29,41.77,Established,Pre-2025,Birkenstock Holding plc,0.74
BOKF,105.85,118.68,Established,Pre-2025,BOK FINANCIAL CORP,1.12
BRKR,59.43,48.11,Established,Pre-2025,BRUKER CORP,0.81
BRX,26.39,25.65,Established,Pre-2025,Brixmor Property Group Inc.,0.97
BVN,11.74,28.59,Established,Pre-2025,BUENAVENTURA MINING CO INC,2.44
CADE,33.37,43.22,Established,Pre-2025,Cadence Bank,1.30
CAVA,115.08,60.55,Established,Pre-2025,"CAVA GROUP, INC.",0.53
CBSH,58.15,52.24,Established,Pre-2025,COMMERCE BANCSHARES INC /MO/,0.90
CMC,48.21,71.79,Established,Pre-2025,COMMERCIAL METALS Co,1.49
CUBE,40.17,35.40,Established,Pre-2025,CubeSmart,0.88
CYTK,49.36,61.73,Established,Pre-2025,CYTOKINETICS INC,1.25
DVA,152.82,114.51,Established,Pre-2025,DAVITA INC.,0.75
ESTC,101.40,72.56,Established,Pre-2025,Elastic N.V.,0.72
FRHC,134.10,124.23,Established,Pre-2025,Freedom Holding Corp.,0.93
G,43.04,45.91,Established,Pre-2025,Genpact LTD,1.07
GGB,2.74,3.78,Established,Pre-2025,GERDAU S.A.,1.38
GNRC,158.88,141.10,Established,Pre-2025,GENERAC HOLDINGS INC.,0.89
HIMS,26.63,33.41,Established,Pre-2025,"Hims & Hers Health, Inc.",1.25
HLNE,148.02,136.66,Established,Pre-2025,Hamilton Lane INC,0.92
IDCC,201.25,326.26,Established,Pre-2025,"InterDigital, Inc.",1.62
JBTM,127.24,150.59,Established,Pre-2025,JBT Marel Corp,1.18
JXN,86.22,107.46,Established,Pre-2025,Jackson Financial Inc.,1.25
LAD,345.42,332.29,Established,Pre-2025,LITHIA MOTORS INC,0.96
LKQ,35.37,30.03,Established,Pre-2025,LKQ CORP,0.85
LUMN,5.66,7.69,Established,Pre-2025,"Lumen Technologies, Inc.",1.36
LYFT,14.27,19.79,Established,Pre-2025,"Lyft, Inc.",1.39
MMYT,117.16,81.89,Established,Pre-2025,MakeMyTrip Ltd,0.70
MOS,24.38,25.02,Established,Pre-2025,MOSAIC CO,1.03
MUSA,497.74,405.33,Established,Pre-2025,Murphy USA Inc.,0.81
OMF,49.03,69.07,Established,Pre-2025,"OneMain Holdings, Inc.",1.41
OTEX,27.56,31.74,Established,Pre-2025,OPEN TEXT CORP,1.15
RGTI,19.02,23.60,Established,Pre-2025,"Rigetti Computing, Inc.",1.24
RRC,35.56,35.30,Established,Pre-2025,RANGE RESOURCES CORP,0.99
SKM,20.68,20.55,Established,Pre-2025,SK TELECOM CO LTD,0.99
TTC,78.49,80.17,Established,Pre-2025,TORO CO,1.02
TX,27.35,39.13,Established,Pre-2025,Ternium S.A.,1.43
UGI,27.44,37.63,Established,Pre-2025,UGI CORP /PA/,1.37
VFS,4.55,3.38,Established,Pre-2025,VinFast Auto Ltd.,0.74
VMI,307.40,411.71,Established,Pre-2025,VALMONT INDUSTRIES INC,1.34
ADT,6.89,8.01,Established,Pre-2025,ADT Inc.,1.16
AXTA,33.85,33.00,Established,Pre-2025,Axalta Coating Systems Ltd.,0.97
BEPC,27.22,39.89,Established,Pre-2025,Brookfield Renewable Corp,1.47
BTSG,17.64,38.40,Established,Pre-2025,"BrightSpring Health Services, Inc.",2.18
BYD,72.24,86.19,Established,Pre-2025,BOYD GAMING CORP,1.19
CAG,25.87,17.30,Established,Pre-2025,CONAGRA BRANDS INC.,0.67
CHDN,132.40,111.95,Established,Pre-2025,Churchill Downs Inc,0.85
CIGI,136.08,145.22,Established,Pre-2025,Colliers International Group Inc.,1.07
CPB,39.73,27.30,Established,Pre-2025,CAMPBELL'S Co,0.69
CWAN,27.86,24.11,Established,Pre-2025,"Clearwater Analytics Holdings, Inc.",0.87
DBX,30.00,26.93,Established,Pre-2025,"DROPBOX, INC.",0.90
DSGX,113.90,85.13,Established,Pre-2025,DESCARTES SYSTEMS GROUP INC,0.75
EGO,15.53,35.42,Established,Pre-2025,ELDORADO GOLD CORP /FI,2.28
EMN,84.75,64.34,Established,Pre-2025,EASTMAN CHEMICAL CO,0.76
FCFS,102.01,156.78,Established,Pre-2025,"FirstCash Holdings, Inc.",1.54
FLR,51.00,41.70,Established,Pre-2025,FLUOR CORP,0.82
FROG,30.59,59.57,Established,Pre-2025,JFrog Ltd,1.95
GDS,24.05,38.34,Established,Pre-2025,GDS Holdings Ltd,1.59
GRFS,7.60,9.24,Established,Pre-2025,Grifols SA,1.22
GSAT,33.00,63.99,Established,Pre-2025,"Globalstar, Inc.",1.94
ICL,4.99,5.79,Established,Pre-2025,ICL Group Ltd.,1.16
IESC,225.67,406.91,Established,Pre-2025,"IES Holdings, Inc.",1.80
JHG,41.85,47.78,Established,Pre-2025,JANUS HENDERSON GROUP PLC,1.14
KRYS,158.33,246.91,Established,Pre-2025,"Krystal Biotech, Inc.",1.56
MASI,171.23,127.40,Established,Pre-2025,MASIMO CORP,0.74
MIDD,134.37,150.77,Established,Pre-2025,MIDDLEBY Corp,1.12
MNDY,235.25,143.42,Established,Pre-2025,monday.com Ltd.,0.61
MTCH,31.74,31.55,Established,Pre-2025,"Match Group, Inc.",0.99
NFG,59.82,82.06,Established,Pre-2025,NATIONAL FUEL GAS CO,1.37
NGD,2.59,8.56,Established,Pre-2025,New Gold Inc. /FI,3.31
NICE,169.80,111.94,Established,Pre-2025,NICE Ltd.,0.66
NNN,38.10,39.53,Established,Pre-2025,"NNN REIT, INC.",1.04
NUVL,80.78,100.84,Established,Pre-2025,"Nuvalent, Inc.",1.25
NXE,7.44,10.25,Established,Pre-2025,NexGen Energy Ltd.,1.38
OR,18.45,35.21,Established,Pre-2025,OR Royalties Inc.,1.91
PJT,155.54,169.54,Established,Pre-2025,PJT Partners Inc.,1.09
PONY,14.68,16.07,Established,Pre-2025,Pony AI Inc.,1.09
PRAX,80.93,286.40,Established,Pre-2025,"Praxis Precision Medicines, Inc.",3.54
QRVO,70.63,86.27,Established,Pre-2025,"Qorvo, Inc.",1.22
R,156.01,194.18,Established,Pre-2025,RYDER SYSTEM INC,1.24
SFM,134.65,80.64,Established,Pre-2025,"Sprouts Farmers Market, Inc.",0.60
STAG,32.02,36.92,Established,Pre-2025,"STAG Industrial, Inc.",1.15
TFPM,15.09,32.77,Established,Pre-2025,Triple Flag Precious Metals Corp.,2.17
TTMI,24.94,70.61,Established,Pre-2025,TTM TECHNOLOGIES INC,2.83
UWMC,5.34,4.41,Established,Pre-2025,UWM Holdings Corp,0.83
VFC,20.69,18.16,Established,Pre-2025,V F CORP,0.88
VOYA,67.48,75.60,Established,Pre-2025,"Voya Financial, Inc.",1.12
WING,296.72,256.84,Established,Pre-2025,Wingstop Inc.,0.87
ZWS,36.72,46.85,Established,Pre-2025,Zurn Elkay Water Solutions Corp,1.28
AAON,119.46,79.19,Established,Pre-2025,"AAON, INC.",0.66
ACHR,11.51,8.13,Established,Pre-2025,Archer Aviation Inc.,0.71
BLCO,17.74,16.58,Established,Pre-2025,Bausch & Lomb Corp,0.93
BLTE,62.09,159.27,Established,Pre-2025,"BELITE BIO, INC",2.57
BMA,110.09,88.77,Established,Pre-2025,Macro Bank Inc.,0.81
CDTX,26.62,221.03,Established,Pre-2025,"Cidara Therapeutics, Inc.",8.30
CGNX,35.93,36.93,Established,Pre-2025,COGNEX CORP,1.03
CLF,9.50,13.60,Established,Pre-2025,CLEVELAND-CLIFFS INC.,1.43
COMP,5.88,10.50,Established,Pre-2025,"Compass, Inc.",1.79
EAT,141.14,151.52,Established,Pre-2025,"BRINKER INTERNATIONAL, INC",1.07
ELP,5.53,9.27,Established,Pre-2025,ENERGY CO OF PARANA,1.68
ESAB,117.54,112.57,Established,Pre-2025,ESAB Corp,0.96
ESI,24.99,25.94,Established,Pre-2025,Element Solutions Inc,1.04
EXLS,44.73,41.21,Established,Pre-2025,"ExlService Holdings, Inc.",0.92
EXP,246.30,211.45,Established,Pre-2025,EAGLE MATERIALS INC,0.86
FND,98.24,62.97,Established,Pre-2025,"Floor & Decor Holdings, Inc.",0.64
FSS,95.32,111.44,Established,Pre-2025,FEDERAL SIGNAL CORP /DE/,1.17
FSV,180.44,150.99,Established,Pre-2025,FirstService Corp,0.84
GLBE,54.98,37.86,Established,Pre-2025,Global-E Online Ltd.,0.69
HESM,35.07,34.65,Established,Pre-2025,Hess Midstream LP,0.99
IBP,172.58,267.45,Established,Pre-2025,"Installed Building Products, Inc.",1.55
IDA,105.85,127.30,Established,Pre-2025,IDACORP INC,1.20
INGR,133.02,109.79,Established,Pre-2025,Ingredion Inc,0.83
KEX,106.19,111.90,Established,Pre-2025,KIRBY CORP,1.05
LFUS,235.93,262.54,Established,Pre-2025,LITTELFUSE INC /DE,1.11
LOAR,76.30,70.23,Established,Pre-2025,Loar Holdings Inc.,0.92
MAT,17.94,20.04,Established,Pre-2025,MATTEL INC /DE/,1.12
MHK,117.31,109.51,Established,Pre-2025,MOHAWK INDUSTRIES INC,0.93
MSA,162.75,162.24,Established,Pre-2025,MSA Safety Inc,1.00
MTG,23.35,29.15,Established,Pre-2025,MGIC INVESTMENT CORP,1.25
OLLI,106.63,111.32,Established,Pre-2025,"Ollie's Bargain Outlet Holdings, Inc.",1.04
ORA,68.52,113.73,Established,Pre-2025,"ORMAT TECHNOLOGIES, INC.",1.66
PB,72.55,69.63,Established,Pre-2025,PROSPERITY BANCSHARES INC,0.96
PFSI,99.62,131.51,Established,Pre-2025,"PennyMac Financial Services, Inc.",1.32
PL,4.22,20.41,Established,Pre-2025,Planet Labs PBC,4.84
PRIM,79.31,130.61,Established,Pre-2025,Primoris Services Corp,1.65
PSN,92.30,62.21,Established,Pre-2025,PARSONS CORP,0.67
QMMM,1.21,119.40,Established,Pre-2025,QMMM Holdings Ltd,98.68
QS,6.00,11.06,Established,Pre-2025,QuantumScape Corp,1.84
RYTM,59.62,105.01,Established,Pre-2025,"RHYTHM PHARMACEUTICALS, INC.",1.76
SIRI,21.31,20.51,Established,Pre-2025,SIRIUS XM HOLDINGS INC.,0.96
SMTC,66.13,75.26,Established,Pre-2025,SEMTECH CORP,1.14
SSD,165.50,164.72,Established,Pre-2025,"Simpson Manufacturing Co., Inc.",1.00
TAL,9.83,11.49,Established,Pre-2025,TAL Education Group,1.17
UEC,7.64,13.11,Established,Pre-2025,URANIUM ENERGY CORP,1.72
URBN,57.55,75.34,Established,Pre-2025,URBAN OUTFITTERS INC,1.31
VIRT,34.89,32.60,Established,Pre-2025,"Virtu Financial, Inc.",0.93
VLY,8.65,11.69,Established,Pre-2025,VALLEY NATIONAL BANCORP,1.35
ACT,31.77,39.62,Established,Pre-2025,"Enact Holdings, Inc.",1.25
ALGM,23.70,26.91,Established,Pre-2025,"ALLEGRO MICROSYSTEMS, INC.",1.14
ALK,63.98,51.52,Established,Pre-2025,"ALASKA AIR GROUP, INC.",0.81
ANF,158.92,123.74,Established,Pre-2025,ABERCROMBIE & FITCH CO /DE/,0.78
ARW,113.14,113.04,Established,Pre-2025,"ARROW ELECTRONICS, INC.",1.00
ATAT,25.97,39.87,Established,Pre-2025,Atour Lifestyle Holdings Ltd,1.54
CHE,532.57,423.79,Established,Pre-2025,CHEMED CORP,0.80
CIFR,5.57,16.20,Established,Pre-2025,Cipher Mining Inc.,2.91
CIG,1.56,2.06,Established,Pre-2025,ENERGY CO OF MINAS GERAIS,1.32
CRK,17.68,23.58,Established,Pre-2025,COMSTOCK RESOURCES INC,1.33
CRUS,100.79,119.67,Established,Pre-2025,"CIRRUS LOGIC, INC.",1.19
CWEN,25.10,33.96,Established,Pre-2025,"Clearway Energy, Inc.",1.35
CWST,105.20,98.65,Established,Pre-2025,CASELLA WASTE SYSTEMS INC,0.94
DLB,76.78,63.53,Established,Pre-2025,"Dolby Laboratories, Inc.",0.83
ENLT,17.43,47.69,Established,Pre-2025,Enlight Renewable Energy Ltd.,2.74
ESNT,54.40,64.67,Established,Pre-2025,Essent Group Ltd.,1.19
FAF,59.77,61.08,Established,Pre-2025,First American Financial Corp,1.02
FBIN,66.96,50.94,Established,Pre-2025,"Fortune Brands Innovations, Inc.",0.76
FMCC,4.33,10.35,Established,Pre-2025,FEDERAL HOME LOAN MORTGAGE CORP,2.39
FNB,14.22,17.19,Established,Pre-2025,FNB CORP/PA/,1.21
GATX,151.84,170.82,Established,Pre-2025,GATX CORP,1.12
GKOS,151.45,110.72,Established,Pre-2025,GLAUKOS Corp,0.73
GTLB,59.76,36.18,Established,Pre-2025,Gitlab Inc.,0.61
GXO,43.90,54.30,Established,Pre-2025,"GXO Logistics, Inc.",1.24
HUT,24.16,51.27,Established,Pre-2025,Hut 8 Corp.,2.12
HXL,62.31,76.88,Established,Pre-2025,HEXCEL CORP /DE/,1.23
KD,37.24,25.49,Established,Pre-2025,"Kyndryl Holdings, Inc.",0.68
KMX,80.07,39.29,Established,Pre-2025,CARMAX INC,0.49
KYMR,41.59,72.76,Established,Pre-2025,"Kymera Therapeutics, Inc.",1.75
LEA,90.27,118.61,Established,Pre-2025,LEAR CORP,1.31
MKTX,222.92,178.55,Established,Pre-2025,MARKETAXESS HOLDINGS INC,0.80
MOD,122.44,140.81,Established,Pre-2025,MODINE MANUFACTURING CO,1.15
MSGS,223.33,258.86,Established,Pre-2025,Madison Square Garden Sports Corp.,1.16
NEU,498.39,687.75,Established,Pre-2025,NEWMARKET CORP,1.38
NOV,14.22,16.41,Established,Pre-2025,NOV Inc.,1.15
NXST,154.33,208.84,Established,Pre-2025,"NEXSTAR MEDIA GROUP, INC.",1.35
OBDC,13.62,12.56,Established,Pre-2025,Blue Owl Capital Corp,0.92
PACS,13.35,39.51,Established,Pre-2025,"PACS Group, Inc.",2.96
PRMB,30.54,16.19,Established,Pre-2025,Primo Brands Corp,0.53
PTCT,46.54,76.74,Established,Pre-2025,"PTC THERAPEUTICS, INC.",1.65
RITM,10.20,10.98,Established,Pre-2025,Rithm Capital Corp.,1.08
ROAD,91.58,112.16,Established,Pre-2025,"Construction Partners, Inc.",1.22
RRR,43.14,62.97,Established,Pre-2025,"Red Rock Resorts, Inc.",1.46
SRAD,17.75,23.32,Established,Pre-2025,Sportradar Group AG,1.31
THG,150.05,179.06,Established,Pre-2025,"HANOVER INSURANCE GROUP, INC.",1.19
TKR,70.26,86.29,Established,Pre-2025,TIMKEN CO,1.23
TXNM,47.55,59.05,Established,Pre-2025,TXNM ENERGY INC,1.24
VICR,51.26,116.86,Established,Pre-2025,VICOR CORP,2.28
WAY,36.98,31.37,Established,Pre-2025,Waystar Holding Corp.,0.85
WFRD,71.78,80.89,Established,Pre-2025,Weatherford International plc,1.13
ABCB,61.18,73.98,Established,Pre-2025,Ameris Bancorp,1.21
ACA,98.31,106.79,Established,Pre-2025,"Arcosa, Inc.",1.09
APGE,47.77,75.78,Established,Pre-2025,"Apogee Therapeutics, Inc.",1.59
AUB,35.66,35.52,Established,Pre-2025,Atlantic Union Bankshares Corp,1.00
BC,62.71,75.89,Established,Pre-2025,BRUNSWICK CORP,1.21
BFAM,112.46,99.30,Established,Pre-2025,BRIGHT HORIZONS FAMILY SOLUTIONS INC.,0.88
BILL,88.24,50.56,Established,Pre-2025,"BILL Holdings, Inc.",0.57
BIPC,37.74,45.28,Established,Pre-2025,Brookfield Infrastructure Corp,1.20
BOOT,158.50,186.63,Established,Pre-2025,"Boot Barn Holdings, Inc.",1.18
BTG,2.54,4.50,Established,Pre-2025,B2GOLD CORP,1.77
CAMT,82.69,115.50,Established,Pre-2025,CAMTEK LTD,1.40
CVLT,158.56,124.18,Established,Pre-2025,COMMVAULT SYSTEMS INC,0.78
DAR,34.69,37.64,Established,Pre-2025,DARLING INGREDIENTS INC.,1.09
ENIC,2.68,3.98,Established,Pre-2025,Enel Chile S.A.,1.49
ENS,93.17,150.73,Established,Pre-2025,EnerSys,1.62
ETSY,53.90,57.28,Established,Pre-2025,ETSY INC,1.06
FCN,191.59,170.28,Established,Pre-2025,"FTI CONSULTING, INC",0.89
FOUR,109.14,62.68,Established,Pre-2025,"Shift4 Payments, Inc.",0.57
GBCI,48.85,44.64,Established,Pre-2025,"GLACIER BANCORP, INC.",0.91
HWC,53.59,64.46,Established,Pre-2025,HANCOCK WHITNEY CORP,1.20
IRTC,90.82,175.22,Established,Pre-2025,"iRhythm Technologies, Inc.",1.93
LEU,80.80,272.50,Established,Pre-2025,CENTRUS ENERGY CORP,3.37
LMND,37.95,75.96,Established,Pre-2025,"Lemonade, Inc.",2.00
LTH,22.79,26.69,Established,Pre-2025,"Life Time Group Holdings, Inc.",1.17
LW,63.87,42.29,Established,Pre-2025,"Lamb Weston Holdings, Inc.",0.66
M,16.04,22.75,Established,Pre-2025,"Macy's, Inc.",1.42
MIR,17.23,23.83,Established,Pre-2025,"Mirion Technologies, Inc.",1.38
MNSO,27.00,19.49,Established,Pre-2025,MINISO Group Holding Ltd,0.72
OLED,149.54,121.85,Established,Pre-2025,UNIVERSAL DISPLAY CORP \PA\,0.81
OPEN,1.65,6.07,Established,Pre-2025,Opendoor Technologies Inc.,3.68
OS,28.26,17.72,Established,Pre-2025,"OneStream, Inc.",0.63
PCVX,84.86,46.46,Established,Pre-2025,"Vaxcyte, Inc.",0.55
PI,151.37,179.76,Established,Pre-2025,IMPINJ INC,1.19
PIPR,295.53,349.97,Established,Pre-2025,PIPER SANDLER COMPANIES,1.18
RDNT,71.51,70.95,Established,Pre-2025,"RadNet, Inc.",0.99
RHP,99.31,95.48,Established,Pre-2025,"Ryman Hospitality Properties, Inc.",0.96
RIOT,12.34,14.16,Established,Pre-2025,"Riot Platforms, Inc.",1.15
SEE,32.93,41.52,Established,Pre-2025,SEALED AIR CORP/DE,1.26
SITE,130.33,125.06,Established,Pre-2025,"SiteOne Landscape Supply, Inc.",0.96
SLM,27.69,27.41,Established,Pre-2025,SLM Corp,0.99
STVN,23.61,20.58,Established,Pre-2025,Stevanato Group S.p.A.,0.87
SWX,69.05,80.15,Established,Pre-2025,"Southwest Gas Holdings, Inc.",1.16
THO,93.98,104.91,Established,Pre-2025,THOR INDUSTRIES INC,1.12
TMHC,61.11,58.83,Established,Pre-2025,Taylor Morrison Home Corp,0.96
TRNO,56.68,59.02,Established,Pre-2025,Terreno Realty Corp,1.04
WH,98.92,75.27,Established,Pre-2025,"WYNDHAM HOTELS & RESORTS, INC.",0.76
ZETA,18.61,19.91,Established,Pre-2025,Zeta Global Holdings Corp.,1.07
ALKS,29.04,28.26,Established,Pre-2025,Alkermes plc.,0.97
AQN,4.43,6.12,Established,Pre-2025,ALGONQUIN POWER & UTILITIES CORP.,1.38
AVAL,2.04,4.04,Established,Pre-2025,Grupo Aval Acciones Y Valores S.A.,1.98
AX,70.58,87.38,Established,Pre-2025,"Axos Financial, Inc.",1.24
BCO,92.23,116.46,Established,Pre-2025,BRINKS CO,1.26
BCPC,158.11,154.02,Established,Pre-2025,BALCHEM CORP,0.97
BKH,55.32,69.65,Established,Pre-2025,BLACK HILLS CORP /SD/,1.26
CCC,11.55,7.87,Established,Pre-2025,CCC Intelligent Solutions Holdings Inc.,0.68
CNX,33.12,36.46,Established,Pre-2025,CNX Resources Corp,1.10
COGT,7.88,34.74,Established,Pre-2025,"Cogent Biosciences, Inc.",4.41
CPA,83.35,121.83,Established,Pre-2025,"Copa Holdings, S.A.",1.46
CRSP,41.02,53.77,Established,Pre-2025,CRISPR Therapeutics AG,1.31
DOO,50.47,71.89,Established,Pre-2025,BRP Inc.,1.42
ESE,132.92,197.62,Established,Pre-2025,ESCO TECHNOLOGIES INC,1.49
FLG,9.53,12.55,Established,Pre-2025,"FLAGSTAR BANK, NATIONAL ASSOCIATION",1.32
FRO,13.93,20.58,Established,Pre-2025,Frontline plc,1.48
GNTX,27.35,23.57,Established,Pre-2025,GENTEX CORP,0.86
GTES,20.76,22.06,Established,Pre-2025,Gates Industrial Corp plc,1.06
GVA,88.95,118.67,Established,Pre-2025,GRANITE CONSTRUCTION INC,1.33
HOMB,27.48,27.91,Established,Pre-2025,HOME BANCSHARES INC,1.02
HRB,52.16,42.61,Established,Pre-2025,H&R BLOCK INC,0.82
HRI,184.80,152.35,Established,Pre-2025,HERC HOLDINGS INC,0.82
IMVT,24.81,25.91,Established,Pre-2025,"Immunovant, Inc.",1.04
KBR,58.22,40.51,Established,Pre-2025,"KBR, INC.",0.70
LPX,105.59,81.73,Established,Pre-2025,LOUISIANA-PACIFIC CORP,0.77
MAIN,55.48,61.49,Established,Pre-2025,Main Street Capital CORP,1.11
MC,71.91,71.22,Established,Pre-2025,Moelis & Co,0.99
MMSI,95.89,86.45,Established,Pre-2025,MERIT MEDICAL SYSTEMS INC,0.90
OMAB,65.88,108.93,Established,Pre-2025,Central North Airport Group,1.65
OPCH,23.57,32.24,Established,Pre-2025,"Option Care Health, Inc.",1.37
OZK,42.30,47.04,Established,Pre-2025,Bank OZK,1.11
POR,41.15,48.46,Established,Pre-2025,PORTLAND GENERAL ELECTRIC CO /OR/,1.18
REZI,22.86,35.16,Established,Pre-2025,"RESIDEO TECHNOLOGIES, INC.",1.54
RLI,78.07,62.48,Established,Pre-2025,RLI CORP,0.80
S,22.81,14.64,Established,Pre-2025,"SentinelOne, Inc.",0.64
SGHC,6.14,11.64,Established,Pre-2025,Super Group (SGHC) Ltd,1.90
SHC,13.63,17.69,Established,Pre-2025,Sotera Health Co,1.30
SMR,20.85,16.31,Established,Pre-2025,NUSCALE POWER Corp,0.78
SNEX,68.47,97.38,Established,Pre-2025,StoneX Group Inc.,1.42
SOBO,23.28,27.89,Established,Pre-2025,South Bow Corp,1.20
TFX,179.75,122.40,Established,Pre-2025,TELEFLEX INC,0.68
UBSI,35.84,38.39,Established,Pre-2025,UNITED BANKSHARES INC/WV,1.07
UFPI,109.88,92.18,Established,Pre-2025,UFP INDUSTRIES INC,0.84
VNT,36.62,37.80,Established,Pre-2025,Vontier Corp,1.03
WEX,177.00,148.39,Established,Pre-2025,WEX Inc.,0.84
WIX,222.75,100.97,Established,Pre-2025,Wix.com Ltd.,0.45
WTM,1932.98,2041.90,Established,Pre-2025,WHITE MOUNTAINS INSURANCE GROUP LTD,1.06
WULF,6.22,12.74,Established,Pre-2025,TERAWULF INC.,2.05
ABG,236.93,234.76,Established,Pre-2025,ASBURY AUTOMOTIVE GROUP INC,0.99
ACAD,18.41,26.29,Established,Pre-2025,ACADIA PHARMACEUTICALS INC,1.43
ACIW,53.21,45.67,Established,Pre-2025,"ACI WORLDWIDE, INC.",0.86
AD,43.70,54.00,Established,Pre-2025,"ARRAY DIGITAL INFRASTRUCTURE, INC.",1.24
AEO,16.51,26.36,Established,Pre-2025,AMERICAN EAGLE OUTFITTERS INC,1.60
AGX,147.74,325.96,Established,Pre-2025,ARGAN INC,2.21
BMI,211.77,176.39,Established,Pre-2025,BADGER METER INC,0.83
CACC,467.87,453.92,Established,Pre-2025,CREDIT ACCEPTANCE CORP,0.97
CELC,13.62,100.55,Established,Pre-2025,Celcuity Inc.,7.38
CHRD,114.66,94.68,Established,Pre-2025,Chord Energy Corp,0.83
CORZ,15.38,15.99,Established,Pre-2025,"Core Scientific, Inc./tx",1.04
CRNX,53.15,46.73,Established,Pre-2025,"Crinetics Pharmaceuticals, Inc.",0.88
CSW,356.81,295.03,Established,Pre-2025,"CSW INDUSTRIALS, INC.",0.83
CVCO,447.28,591.56,Established,Pre-2025,"CAVCO INDUSTRIES, INC.",1.32
DOCN,35.72,48.97,Established,Pre-2025,"DigitalOcean Holdings, Inc.",1.37
ELF,125.39,77.81,Established,Pre-2025,"e.l.f. Beauty, Inc.",0.62
FORM,44.46,59.19,Established,Pre-2025,FORMFACTOR INC,1.33
GOLF,71.01,82.11,Established,Pre-2025,Acushnet Holdings Corp.,1.16
GPI,416.63,392.58,Established,Pre-2025,GROUP 1 AUTOMOTIVE INC,0.94
INGM,19.49,21.31,Established,Pre-2025,Ingram Micro Holding Corp,1.09
LAUR,18.34,33.31,Established,Pre-2025,"LAUREATE EDUCATION, INC.",1.82
LAZ,47.44,49.74,Established,Pre-2025,"Lazard, Inc.",1.05
LIF,42.54,64.36,Established,Pre-2025,"Life360, Inc.",1.51
LSTR,166.71,144.83,Established,Pre-2025,LANDSTAR SYSTEM INC,0.87
MAC,19.77,18.52,Established,Pre-2025,MACERICH CO,0.94
MCY,64.54,91.77,Established,Pre-2025,MERCURY GENERAL CORP,1.42
MMS,76.29,86.47,Established,Pre-2025,"MAXIMUS, INC.",1.13
MRCY,42.66,76.03,Established,Pre-2025,MERCURY SYSTEMS INC,1.78
MTDR,57.35,43.36,Established,Pre-2025,Matador Resources Co,0.76
NNI,105.36,128.99,Established,Pre-2025,NELNET INC,1.22
ORLA,5.98,13.18,Established,Pre-2025,Orla Mining Ltd.,2.20
PECO,36.17,35.27,Established,Pre-2025,"Phillips Edison & Company, Inc.",0.98
POST,113.46,99.63,Established,Pre-2025,"Post Holdings, Inc.",0.88
PTGX,39.57,87.18,Established,Pre-2025,"Protagonist Therapeutics, Inc",2.20
REYN,25.58,23.06,Established,Pre-2025,Reynolds Consumer Products Inc.,0.90
SAIC,112.65,101.22,Established,Pre-2025,Science Applications International Corp,0.90
SBRA,16.13,19.15,Established,Pre-2025,"Sabra Health Care REIT, Inc.",1.19
SIGI,90.60,83.52,Established,Pre-2025,SELECTIVE INSURANCE GROUP INC,0.92
SKY,90.43,84.91,Established,Pre-2025,"Champion Homes, Inc.",0.94
SNDR,29.44,26.97,Established,Pre-2025,"Schneider National, Inc.",0.92
SR,65.78,83.21,Established,Pre-2025,SPIRE INC,1.26
ST,27.15,34.89,Established,Pre-2025,Sensata Technologies Holding plc,1.29
TGS,32.70,30.80,Established,Pre-2025,GAS TRANSPORTER OF THE SOUTH INC,0.94
TKC,6.69,5.59,Established,Pre-2025,TURKCELL ILETISIM HIZMETLERI A S,0.84
UPST,64.08,45.84,Established,Pre-2025,"Upstart Holdings, Inc.",0.72
VSAT,9.08,37.63,Established,Pre-2025,VIASAT INC,4.14
VSCO,41.86,53.36,Established,Pre-2025,Victoria's Secret & Co.,1.27
WK,111.35,82.97,Established,Pre-2025,WORKIVA INC,0.75
WPP,47.40,22.91,Established,Pre-2025,WPP plc,0.48
AB,34.51,38.64,Established,Pre-2025,ALLIANCEBERNSTEIN HOLDING L.P.,1.12
ADMA,18.44,17.88,Established,Pre-2025,"ADMA BIOLOGICS, INC.",0.97
AGO,89.58,88.74,Established,Pre-2025,ASSURED GUARANTY LTD,0.99
AROC,25.18,26.63,Established,Pre-2025,"Archrock, Inc.",1.06
ASB,23.16,25.76,Established,Pre-2025,ASSOCIATED BANC-CORP,1.11
ATMU,38.97,52.41,Established,Pre-2025,Atmus Filtration Technologies Inc.,1.34
CE,65.97,42.16,Established,Pre-2025,Celanese Corp,0.64
CHH,141.85,96.10,Established,Pre-2025,CHOICE HOTELS INTERNATIONAL INC /DE,0.68
CLBT,22.10,17.84,Established,Pre-2025,Cellebrite DI Ltd.,0.81
CNR,107.35,89.89,Established,Pre-2025,"Core Natural Resources, Inc.",0.84
CROX,110.80,86.95,Established,Pre-2025,"Crocs, Inc.",0.78
CZR,32.51,23.56,Established,Pre-2025,"Caesars Entertainment, Inc.",0.72
GHC,881.99,1087.26,Established,Pre-2025,Graham Holdings Co,1.23
GPCR,27.76,68.12,Established,Pre-2025,Structure Therapeutics Inc.,2.45
HCC,54.27,89.55,Established,Pre-2025,"WARRIOR MET COAL, INC.",1.65
HHH,76.48,78.81,Established,Pre-2025,Howard Hughes Holdings Inc.,1.03
IEP,7.34,7.48,Established,Pre-2025,ICAHN ENTERPRISES L.P.,1.02
IFS,28.00,42.23,Established,Pre-2025,Intercorp Financial Services Inc.,1.51
KRC,38.30,38.02,Established,Pre-2025,KILROY REALTY CORP,0.99
LNTH,91.21,67.27,Established,Pre-2025,"Lantheus Holdings, Inc.",0.74
LOPE,162.81,165.39,Established,Pre-2025,"Grand Canyon Education, Inc.",1.02
MTH,73.88,66.23,Established,Pre-2025,Meritage Homes CORP,0.90
MTN,168.77,133.96,Established,Pre-2025,VAIL RESORTS INC,0.79
NE,30.62,29.00,Established,Pre-2025,Noble Corp plc,0.95
NJR,44.90,45.98,Established,Pre-2025,NEW JERSEY RESOURCES CORP,1.02
NPO,169.83,219.21,Established,Pre-2025,Enpro Inc.,1.29
OGS,66.62,77.42,Established,Pre-2025,"ONE Gas, Inc.",1.16
ONDS,2.80,11.02,Established,Pre-2025,Ondas Holdings Inc.,3.94
OSCR,14.35,14.97,Established,Pre-2025,"Oscar Health, Inc.",1.04
OSIS,166.78,255.58,Established,Pre-2025,OSI SYSTEMS INC,1.53
PAM,93.54,88.01,Established,Pre-2025,Pampa Energy Inc.,0.94
PHI,21.83,21.86,Established,Pre-2025,PLDT Inc.,1.00
QLYS,142.25,131.01,Established,Pre-2025,"QUALYS, INC.",0.92
RDN,31.28,35.92,Established,Pre-2025,RADIAN GROUP INC,1.15
RIG,3.96,4.24,Established,Pre-2025,Transocean Ltd.,1.07
SIM,26.68,29.66,Established,Pre-2025,"GRUPO SIMEC, S.A.B. de C.V.",1.11
SLAB,127.66,131.93,Established,Pre-2025,SILICON LABORATORIES INC.,1.03
SOUN,20.62,10.60,Established,Pre-2025,"SOUNDHOUND AI, INC.",0.51
TDS,33.75,41.05,Established,Pre-2025,TELEPHONE & DATA SYSTEMS INC /DE/,1.22
TEO,14.18,11.54,Established,Pre-2025,TELECOM ARGENTINA SA,0.81
TGTX,30.05,29.28,Established,Pre-2025,"TG THERAPEUTICS, INC.",0.97
TMDX,69.09,122.69,Established,Pre-2025,"TransMedics Group, Inc.",1.78
TNL,47.91,72.03,Established,Pre-2025,Travel & Leisure Co.,1.50
VIST,54.17,48.81,Established,Pre-2025,"Vista Energy, S.A.B. de C.V.",0.90
VSEC,93.35,181.32,Established,Pre-2025,VSE CORP,1.94
WFG,86.59,62.80,Established,Pre-2025,"WEST FRASER TIMBER CO., LTD",0.73
YOU,26.54,34.38,Established,Pre-2025,"Clear Secure, Inc.",1.30
ALHC,11.70,20.22,Established,Pre-2025,"Alignment Healthcare, Inc.",1.73
AMRX,7.82,12.66,Established,Pre-2025,"Amneal Pharmaceuticals, Inc.",1.62
ATGE,94.97,104.47,Established,Pre-2025,Adtalem Global Education Inc.,1.10
AVT,50.68,49.34,Established,Pre-2025,AVNET INC,0.97
BBAR,22.26,17.95,Established,Pre-2025,Banco BBVA Argentina S.A.,0.81
BBWI,36.51,20.74,Established,Pre-2025,"Bath & Body Works, Inc.",0.57
BDC,115.43,117.81,Established,Pre-2025,BELDEN INC.,1.02
BOX,31.49,28.83,Established,Pre-2025,BOX INC,0.92
CAAP,19.12,26.57,Established,Pre-2025,CORPORACION AMERICA AIRPORTS S.A.,1.39
CAR,81.76,128.22,Established,Pre-2025,"AVIS BUDGET GROUP, INC.",1.57
COPR,6.00,3.51,Established,Pre-2025,Idaho Copper Corp,0.58
CUZ,29.20,25.60,Established,Pre-2025,COUSINS PROPERTIES INC,0.88
DLO,10.94,14.07,Established,Pre-2025,dLocal Ltd,1.29
EBC,16.70,18.54,Established,Pre-2025,"Eastern Bankshares, Inc.",1.11
ECG,68.96,89.18,Established,Pre-2025,"Everus Construction Group, Inc.",1.29
ENPH,72.15,33.75,Established,Pre-2025,"Enphase Energy, Inc.",0.47
EOSE,5.67,12.97,Established,Pre-2025,"Eos Energy Enterprises, Inc.",2.29
FELE,95.32,97.00,Established,Pre-2025,FRANKLIN ELECTRIC CO INC,1.02
FFIN,35.24,30.02,Established,Pre-2025,FIRST FINANCIAL BANKSHARES INC,0.85
FOLD,9.41,14.27,Established,Pre-2025,"AMICUS THERAPEUTICS, INC.",1.52
GPK,25.92,15.15,Established,Pre-2025,GRAPHIC PACKAGING HOLDING CO,0.58
HGTY,9.77,13.15,Established,Pre-2025,"Hagerty, Inc.",1.35
HPP,20.30,11.24,Established,Pre-2025,"Hudson Pacific Properties, Inc.",0.55
IBOC,61.97,66.84,Established,Pre-2025,INTERNATIONAL BANCSHARES CORP,1.08
INDV,12.49,35.73,Established,Pre-2025,INDIVIOR PLC,2.86
ITRI,110.29,94.47,Established,Pre-2025,"ITRON, INC.",0.86
LPL,3.16,4.25,Established,Pre-2025,"LG Display Co., Ltd.",1.34
MSM,75.26,85.84,Established,Pre-2025,MSC INDUSTRIAL DIRECT CO INC,1.14
MUR,29.31,32.49,Established,Pre-2025,MURPHY OIL CORP,1.11
MZTI,169.73,164.55,Established,Pre-2025,MARZETTI CO,0.97
NMRK,12.62,16.97,Established,Pre-2025,"NEWMARK GROUP, INC.",1.34
NOVT,152.00,111.14,Established,Pre-2025,NOVANTA INC,0.73
PAGP,17.11,19.41,Established,Pre-2025,PLAINS GP HOLDINGS LP,1.13
POWL,244.76,352.52,Established,Pre-2025,POWELL INDUSTRIES INC,1.44
QTWO,102.68,69.43,Established,Pre-2025,"Q2 Holdings, Inc.",0.68
SEB,2448.77,4423.24,Established,Pre-2025,SEABOARD CORP /DE/,1.81
SLGN,50.15,41.25,Established,Pre-2025,SILGAN HOLDINGS INC,0.82
SON,45.72,44.37,Established,Pre-2025,SONOCO PRODUCTS CO,0.97
SRRK,45.17,42.80,Established,Pre-2025,Scholar Rock Holding Corp,0.95
SSRM,7.12,21.52,Established,Pre-2025,SSR MINING INC.,3.02
TCBI,77.25,91.70,Established,Pre-2025,TEXAS CAPITAL BANCSHARES INC/TX,1.19
TERN,5.75,40.11,Established,Pre-2025,"Terns Pharmaceuticals, Inc.",6.98
UUUU,5.74,16.68,Established,Pre-2025,ENERGY FUELS INC,2.91
VCTR,64.15,64.10,Established,Pre-2025,"Victory Capital Holdings, Inc.",1.00
WHR,108.25,74.50,Established,Pre-2025,WHIRLPOOL CORP /DE/,0.69
ACLX,79.13,63.34,Established,Pre-2025,"Arcellx, Inc.",0.80
ASO,56.26,52.15,Established,Pre-2025,"Academy Sports & Outdoors, Inc.",0.93
BGC,9.42,8.94,Established,Pre-2025,"BGC Group, Inc.",0.95
BHF,48.09,64.57,Established,Pre-2025,"Brighthouse Financial, Inc.",1.34
BRC,72.59,78.65,Established,Pre-2025,BRADY CORP,1.08
BTU,19.90,30.68,Established,Pre-2025,PEABODY ENERGY CORP,1.54
BULL,11.63,8.19,Established,Pre-2025,Webull Corp,0.70
CALM,98.53,78.47,Established,Pre-2025,CAL-MAINE FOODS INC,0.80
CENX,17.29,40.94,Established,Pre-2025,CENTURY ALUMINUM CO,2.37
CNO,36.91,42.20,Established,Pre-2025,"CNO Financial Group, Inc.",1.14
CRC,50.16,46.39,Established,Pre-2025,California Resources Corp,0.92
ENVA,99.54,161.96,Established,Pre-2025,"Enova International, Inc.",1.63
FG,41.31,30.04,Established,Pre-2025,"F&G Annuities & Life, Inc.",0.73
FHI,39.89,52.37,Established,Pre-2025,"FEDERATED HERMES, INC.",1.31
FSK,18.84,14.93,Established,Pre-2025,FS KKR Capital Corp,0.79
FTDR,54.89,57.04,Established,Pre-2025,"Frontdoor, Inc.",1.04
GBTG,9.09,7.52,Established,Pre-2025,"Global Business Travel Group, Inc.",0.83
GEF,58.91,68.45,Established,Pre-2025,"GREIF, INC",1.16
GRAL,19.45,88.87,Established,Pre-2025,"GRAIL, Inc.",4.57
HAE,80.05,79.98,Established,Pre-2025,HAEMONETICS CORP,1.00
HASI,26.24,31.82,Established,Pre-2025,"HA Sustainable Infrastructure Capital, Inc.",1.21
HGV,37.65,45.49,Established,Pre-2025,Hilton Grand Vacations Inc.,1.21
HSAI,15.57,24.08,Established,Pre-2025,Hesai Group,1.55
KNF,101.02,72.74,Established,Pre-2025,Knife River Corp,0.72
LEGN,35.78,21.51,Established,Pre-2025,Legend Biotech Corp,0.60
MATX,138.36,123.71,Established,Pre-2025,"Matson, Inc.",0.89
MDU,17.60,19.87,Established,Pre-2025,MDU RESOURCES GROUP INC,1.13
MGY,23.34,22.48,Established,Pre-2025,Magnolia Oil & Gas Corp,0.96
MIRM,42.80,78.07,Established,Pre-2025,"Mirum Pharmaceuticals, Inc.",1.82
NAMS,25.94,35.20,Established,Pre-2025,NewAmsterdam Pharma Co N.V.,1.36
NG,3.41,9.20,Established,Pre-2025,NOVAGOLD RESOURCES INC,2.70
NWE,50.76,64.75,Established,Pre-2025,"NorthWestern Energy Group, Inc.",1.28
OUT,16.94,23.71,Established,Pre-2025,OUTFRONT Media Inc.,1.40
PLXS,157.91,152.23,Established,Pre-2025,PLEXUS CORP,0.96
PRM,12.40,27.51,Established,Pre-2025,"Perimeter Solutions, Inc.",2.22
RSI,14.25,19.31,Established,Pre-2025,"Rush Street Interactive, Inc.",1.36
RUN,10.71,19.44,Established,Pre-2025,Sunrun Inc.,1.82
SFBS,82.83,71.82,Established,Pre-2025,"ServisFirst Bancshares, Inc.",0.87
SIMO,53.47,93.76,Established,Pre-2025,Silicon Motion Technology CORP,1.75
SKYW,103.73,101.20,Established,Pre-2025,SKYWEST INC,0.98
SSL,4.69,6.66,Established,Pre-2025,SASOL LTD,1.42
SXT,68.68,93.44,Established,Pre-2025,SENSIENT TECHNOLOGIES CORP,1.36
TBBB,29.44,34.37,Established,Pre-2025,BBB FOODS INC,1.17
TMC,1.25,6.78,Established,Pre-2025,TMC the metals Co Inc.,5.42
UCB,30.83,31.45,Established,Pre-2025,UNITED COMMUNITY BANKS INC,1.02
UGP,2.49,3.82,Established,Pre-2025,ULTRAPAR HOLDINGS INC,1.53
VIAV,10.12,18.15,Established,Pre-2025,VIAVI SOLUTIONS INC.,1.79
VRNS,44.58,32.04,Established,Pre-2025,VARONIS SYSTEMS INC,0.72
AIR,62.50,84.45,Established,Pre-2025,AAR CORP,1.35
ARMN,3.65,15.81,Established,Pre-2025,Aris Mining Corp,4.33
ARQT,14.62,29.00,Established,Pre-2025,"Arcutis Biotherapeutics, Inc.",1.98
BANF,115.08,106.47,Established,Pre-2025,BANCFIRST CORP /OK/,0.93
BFH,60.97,75.30,Established,Pre-2025,"BREAD FINANCIAL HOLDINGS, INC.",1.24
BL,61.64,53.78,Established,Pre-2025,"BLACKLINE, INC.",0.87
CARG,35.82,37.65,Established,Pre-2025,"CarGurus, Inc.",1.05
CBT,86.43,67.05,Established,Pre-2025,CABOT CORP,0.78
COMM,5.27,18.26,Established,Pre-2025,"CommScope Holding Company, Inc.",3.46
CORT,50.86,38.20,Established,Pre-2025,CORCEPT THERAPEUTICS INC,0.75
CSAN,5.23,3.93,Established,Pre-2025,Cosan S.A.,0.75
CWK,12.82,15.84,Established,Pre-2025,Cushman & Wakefield Ltd.,1.24
DJT,34.62,13.77,Established,Pre-2025,Trump Media & Technology Group Corp.,0.40
DORM,130.09,124.10,Established,Pre-2025,"Dorman Products, Inc.",0.95
EPR,41.67,50.76,Established,Pre-2025,EPR PROPERTIES,1.22
EXPO,87.53,70.15,Established,Pre-2025,EXPONENT INC,0.80
FIBK,30.27,35.30,Established,Pre-2025,FIRST INTERSTATE BANCSYSTEM INC,1.17
FLNC,17.35,23.01,Established,Pre-2025,"Fluence Energy, Inc.",1.33
GLNG,42.37,37.95,Established,Pre-2025,GOLAR LNG LTD,0.90
ICUI,160.21,138.53,Established,Pre-2025,ICU MEDICAL INC/DE,0.86
INDB,61.73,73.19,Established,Pre-2025,INDEPENDENT BANK CORP,1.19
INTA,63.67,43.87,Established,Pre-2025,"Intapp, Inc.",0.69
INTR,3.94,8.45,Established,Pre-2025,"Inter & Co, Inc.",2.14
LGND,110.56,190.11,Established,Pre-2025,LIGAND PHARMACEUTICALS INC,1.72
MARA,19.64,9.91,Established,Pre-2025,"MARA Holdings, Inc.",0.50
MWA,22.13,23.94,Established,Pre-2025,"Mueller Water Products, Inc.",1.08
NHI,65.92,76.85,Established,Pre-2025,NATIONAL HEALTH INVESTORS INC,1.17
NVST,19.03,21.69,Established,Pre-2025,Envista Holdings Corp,1.14
PATK,82.02,110.43,Established,Pre-2025,PATRICK INDUSTRIES INC,1.35
PAY,35.00,28.47,Established,Pre-2025,"Paymentus Holdings, Inc.",0.81
PII,54.80,66.48,Established,Pre-2025,Polaris Inc.,1.21
PSMT,91.20,123.33,Established,Pre-2025,PRICESMART INC,1.35
RH,405.46,193.41,Established,Pre-2025,RH,0.48
SEI,29.15,50.26,Established,Pre-2025,"Solaris Energy Infrastructure, Inc.",1.72
SHAK,133.38,83.47,Established,Pre-2025,Shake Shack Inc.,0.63
SIG,76.29,86.11,Established,Pre-2025,SIGNET JEWELERS LTD,1.13
SKT,33.18,33.11,Established,Pre-2025,TANGER INC.,1.00
STNE,8.03,14.69,Established,Pre-2025,StoneCo Ltd.,1.83
TEX,45.06,55.03,Established,Pre-2025,TEREX CORP,1.22
TFSL,11.51,13.57,Established,Pre-2025,TFS Financial CORP,1.18
TPC,24.76,69.35,Established,Pre-2025,TUTOR PERINI CORP,2.80
TREX,69.43,35.83,Established,Pre-2025,TREX CO INC,0.52
VRRM,24.22,22.33,Established,Pre-2025,VERRA MOBILITY Corp,0.92
VVV,35.81,28.87,Established,Pre-2025,VALVOLINE INC,0.81
WGS,79.14,132.30,Established,Pre-2025,GeneDx Holdings Corp.,1.67
WSC,33.57,19.47,Established,Pre-2025,WillScot Holdings Corp,0.58
YETI,38.12,44.84,Established,Pre-2025,"YETI Holdings, Inc.",1.18
AGYS,133.26,115.51,Established,Pre-2025,AGILYSYS INC,0.87
APLS,33.46,25.86,Established,Pre-2025,"Apellis Pharmaceuticals, Inc.",0.77
ASAN,20.61,12.96,Established,Pre-2025,"Asana, Inc.",0.63
AZZ,84.54,109.74,Established,Pre-2025,AZZ INC,1.30
BKU,37.44,44.76,Established,Pre-2025,"BankUnited, Inc.",1.20
BNL,14.80,17.46,Established,Pre-2025,"Broadstone Net Lease, Inc.",1.18
BRZE,44.87,32.55,Established,Pre-2025,"Braze, Inc.",0.73
CALX,35.74,53.59,Established,Pre-2025,"CALIX, INC",1.50
CATY,46.18,48.67,Established,Pre-2025,CATHAY GENERAL BANCORP,1.05
CBU,60.02,58.10,Established,Pre-2025,"COMMUNITY FINANCIAL SYSTEM, INC.",0.97
CDP,29.66,27.49,Established,Pre-2025,COPT DEFENSE PROPERTIES,0.93
CGON,30.52,41.79,Established,Pre-2025,"CG Oncology, Inc.",1.37
CRVL,110.72,65.74,Established,Pre-2025,CORVEL CORP,0.59
FRSH,16.07,11.60,Established,Pre-2025,Freshworks Inc.,0.72
FULT,18.70,19.47,Established,Pre-2025,FULTON FINANCIAL CORP,1.04
GBDC,13.77,13.57,Established,Pre-2025,"GOLUB CAPITAL BDC, Inc.",0.99
GFF,72.12,75.04,Established,Pre-2025,GRIFFON CORP,1.04
GNW,7.04,8.97,Established,Pre-2025,GENWORTH FINANCIAL INC,1.27
GPOR,184.53,206.16,Established,Pre-2025,GULFPORT ENERGY CORP,1.12
GTX,8.77,17.38,Established,Pre-2025,Garrett Motion Inc.,1.98
JOE,44.50,59.81,Established,Pre-2025,ST JOE Co,1.34
JOYY,36.23,64.74,Established,Pre-2025,JOYY Inc.,1.79
KAI,350.10,286.07,Established,Pre-2025,KADANT INC,0.82
KBH,64.37,57.07,Established,Pre-2025,KB HOME,0.89
KEN,27.39,67.54,Established,Pre-2025,Kenon Holdings Ltd.,2.47
KFY,66.20,66.39,Established,Pre-2025,KORN FERRY,1.00
LB,69.55,48.46,Established,Pre-2025,LandBridge Co LLC,0.70
LCID,32.90,11.15,Established,Pre-2025,"Lucid Group, Inc.",0.34
LIVN,47.27,60.64,Established,Pre-2025,LivaNova PLC,1.28
MEOH,48.46,40.74,Established,Pre-2025,METHANEX CORP,0.84
MYRG,153.41,226.72,Established,Pre-2025,MYR GROUP INC.,1.48
PLMR,104.81,131.82,Established,Pre-2025,"Palomar Holdings, Inc.",1.26
PPTA,11.08,24.54,Established,Pre-2025,PERPETUA RESOURCES CORP.,2.21
RYN,23.76,21.61,Established,Pre-2025,RAYONIER INC,0.91
SLG,64.78,46.96,Established,Pre-2025,SL GREEN REALTY CORP,0.72
SMG,63.69,59.43,Established,Pre-2025,SCOTTS MIRACLE-GRO CO,0.93
SPSC,186.85,87.91,Established,Pre-2025,SPS COMMERCE INC,0.47
TAC,14.01,13.02,Established,Pre-2025,TRANSALTA CORP,0.93
UNF,169.99,193.61,Established,Pre-2025,UNIFIRST CORP,1.14
USLM,122.70,120.96,Established,Pre-2025,UNITED STATES LIME & MINERALS INC,0.99
VAL,44.74,52.15,Established,Pre-2025,Valaris Ltd,1.17
VCYT,41.91,42.39,Established,Pre-2025,"VERACYTE, INC.",1.01
VEON,44.47,52.70,Established,Pre-2025,VEON Ltd.,1.19
VERA,43.22,48.62,Established,Pre-2025,"Vera Therapeutics, Inc.",1.12
VKTX,42.89,35.42,Established,Pre-2025,"Viking Therapeutics, Inc.",0.83
XMTR,43.20,62.76,Established,Pre-2025,"Xometry, Inc.",1.45
AAUC,7.50,23.11,Established,Pre-2025,Allied Gold Corp,3.08
ACMR,15.50,44.88,Established,Pre-2025,"ACM Research, Inc.",2.90
AMBA,77.54,75.16,Established,Pre-2025,AMBARELLA INC,0.97
APAM,39.40,41.41,Established,Pre-2025,Artisan Partners Asset Management Inc.,1.05
ARLP,24.07,23.29,Established,Pre-2025,ALLIANCE RESOURCE PARTNERS LP,0.97
AVA,34.78,38.72,Established,Pre-2025,AVISTA CORP,1.11
AVPT,17.14,13.22,Established,Pre-2025,"AvePoint, Inc.",0.77
BANC,15.11,19.45,Established,Pre-2025,"BANC OF CALIFORNIA, INC.",1.29
BBU,24.11,35.83,Established,Pre-2025,Brookfield Business Partners L.P.,1.49
CLSK,10.80,11.55,Established,Pre-2025,"CLEANSPARK, INC.",1.07
CNS,89.64,63.57,Established,Pre-2025,"COHEN & STEERS, INC.",0.71
CNTA,17.01,23.69,Established,Pre-2025,Centessa Pharmaceuticals plc,1.39
DAN,11.09,24.95,Established,Pre-2025,DANA Inc,2.25
DAVE,89.87,219.48,Established,Pre-2025,Dave Inc./DE,2.44
DYN,24.76,18.50,Established,Pre-2025,"Dyne Therapeutics, Inc.",0.75
EE,31.30,28.34,Established,Pre-2025,"Excelerate Energy, Inc.",0.91
FBP,18.13,20.90,Established,Pre-2025,FIRST BANCORP /PR/,1.15
FHB,24.84,25.67,Established,Pre-2025,"FIRST HAWAIIAN, INC.",1.03
FUL,61.79,60.34,Established,Pre-2025,FULLER H B CO,0.98
GTM,10.64,9.61,Established,Pre-2025,ZoomInfo Technologies Inc.,0.90
HAYW,15.20,15.77,Established,Pre-2025,"Hayward Holdings, Inc.",1.04
HTGC,18.20,18.86,Established,Pre-2025,"Hercules Capital, Inc.",1.04
IDYA,26.00,33.85,Established,Pre-2025,"IDEAYA Biosciences, Inc.",1.30
IPGP,72.76,74.84,Established,Pre-2025,IPG PHOTONICS CORP,1.03
KNSA,20.31,42.01,Established,Pre-2025,"Kiniksa Pharmaceuticals International, plc",2.07
KTB,83.94,61.50,Established,Pre-2025,"Kontoor Brands, Inc.",0.73
MCHB,10.65,14.73,Established,Pre-2025,Mechanics Bancorp,1.38
MHO,131.95,127.84,Established,Pre-2025,"M/I HOMES, INC.",0.97
OPLN,20.03,29.21,Established,Pre-2025,"OPENLANE, Inc.",1.46
OTTR,71.67,81.45,Established,Pre-2025,Otter Tail Corp,1.14
PBF,25.99,28.53,Established,Pre-2025,PBF Energy Inc.,1.10
PLUG,2.63,2.23,Established,Pre-2025,PLUG POWER INC,0.85
PVH,105.28,67.82,Established,Pre-2025,PVH CORP. /DE/,0.64
REVG,33.72,62.29,Established,Pre-2025,"REV Group, Inc.",1.85
RNST,35.11,35.37,Established,Pre-2025,RENASANT CORP,1.01
SA,11.78,29.83,Established,Pre-2025,SEABRIDGE GOLD INC,2.53
SHOO,40.79,42.20,Established,Pre-2025,"STEVEN MADDEN, LTD.",1.03
SPHR,42.46,94.30,Established,Pre-2025,Sphere Entertainment Co.,2.22
SYNA,81.01,75.74,Established,Pre-2025,SYNAPTICS Inc,0.93
TARS,55.67,80.77,Established,Pre-2025,"Tarsus Pharmaceuticals, Inc.",1.45
TBBK,53.69,67.66,Established,Pre-2025,"Bancorp, Inc.",1.26
TVTX,18.86,39.52,Established,Pre-2025,"Travere Therapeutics, Inc.",2.10
VERX,51.32,19.01,Established,Pre-2025,"Vertex, Inc.",0.37
WHD,60.18,47.03,Established,Pre-2025,"Cactus, Inc.",0.78
WRBY,26.46,22.62,Established,Pre-2025,Warby Parker Inc.,0.85
WRD,13.89,9.39,Established,Pre-2025,WeRide Inc.,0.68
WSBC,30.59,33.34,Established,Pre-2025,WESBANCO INC,1.09
XENE,40.51,44.49,Established,Pre-2025,Xenon Pharmaceuticals Inc.,1.10
XXI,10.35,9.30,Established,Pre-2025,"Twenty One Capital, Inc.",0.90
ACLS,71.96,86.12,Established,Pre-2025,AXCELIS TECHNOLOGIES INC,1.20
AMR,196.96,203.06,Established,Pre-2025,"Alpha Metallurgical Resources, Inc.",1.03
APLE,14.03,12.06,Established,Pre-2025,"Apple Hospitality REIT, Inc.",0.86
AVNT,38.11,31.71,Established,Pre-2025,AVIENT CORP,0.83
AWR,74.45,72.26,Established,Pre-2025,AMERICAN STATES WATER CO,0.97
BEAM,25.38,27.14,Established,Pre-2025,Beam Therapeutics Inc.,1.07
BHC,7.80,7.21,Established,Pre-2025,Bausch Health Companies Inc.,0.92
BLKB,74.41,59.52,Established,Pre-2025,BLACKBAUD INC,0.80
BOH,69.01,68.42,Established,Pre-2025,BANK OF HAWAII CORP,0.99
BRBR,75.20,26.09,Established,Pre-2025,"BELLRING BRANDS, INC.",0.35
BRSL,13.81,15.30,Established,Pre-2025,Brightstar Lottery PLC,1.11
BWIN,38.14,23.78,Established,Pre-2025,"Baldwin Insurance Group, Inc.",0.62
CGAU,5.70,14.14,Established,Pre-2025,Centerra Gold Inc.,2.48
CMBT,10.16,9.46,Established,Pre-2025,CMB.TECH NV,0.93
COCO,34.46,53.46,Established,Pre-2025,"Vita Coco Company, Inc.",1.55
COLM,81.05,56.03,Established,Pre-2025,COLUMBIA SPORTSWEAR CO,0.69
CPRI,20.28,24.39,Established,Pre-2025,Capri Holdings Ltd,1.20
DBRG,11.29,15.38,Established,Pre-2025,"DigitalBridge Group, Inc.",1.36
DNN,2.10,3.03,Established,Pre-2025,DENISON MINES CORP.,1.44
EEFT,102.01,74.10,Established,Pre-2025,"EURONET WORLDWIDE, INC.",0.73
ERO,13.82,29.05,Established,Pre-2025,Ero Copper Corp.,2.10
EXK,3.88,9.02,Established,Pre-2025,ENDEAVOUR SILVER CORP,2.32
FBK,50.66,56.12,Established,Pre-2025,FB Financial Corp,1.11
FIZZ,43.03,31.66,Established,Pre-2025,NATIONAL BEVERAGE CORP,0.74
FRPT,145.87,60.15,Established,Pre-2025,"Freshpet, Inc.",0.41
FSM,4.49,9.54,Established,Pre-2025,FORTUNA MINING CORP.,2.12
GLOB,219.28,63.07,Established,Pre-2025,Globant S.A.,0.29
HIW,28.75,25.88,Established,Pre-2025,"HIGHWOODS PROPERTIES, INC.",0.90
HP,31.66,29.94,Established,Pre-2025,"Helmerich & Payne, Inc.",0.95
HURN,124.66,171.05,Established,Pre-2025,Huron Consulting Group Inc.,1.37
HWKN,122.29,145.28,Established,Pre-2025,HAWKINS INC,1.19
IAC,35.50,39.04,Established,Pre-2025,IAC Inc.,1.10
IRON,63.82,79.09,Established,Pre-2025,"Disc Medicine, Inc.",1.24
KC,11.35,10.93,Established,Pre-2025,Kingsoft Cloud Holdings Ltd,0.96
KGS,41.54,37.64,Established,Pre-2025,"Kodiak Gas Services, Inc.",0.91
LBRT,20.39,18.88,Established,Pre-2025,Liberty Energy Inc.,0.93
LCII,99.60,124.31,Established,Pre-2025,LCI INDUSTRIES,1.25
LRN,107.14,64.61,Established,Pre-2025,"Stride, Inc.",0.60
NMIH,36.92,40.61,Established,Pre-2025,"NMI Holdings, Inc.",1.10
NUVB,2.89,8.58,Established,Pre-2025,Nuvation Bio Inc.,2.97
PBH,76.88,61.22,Established,Pre-2025,Prestige Consumer Healthcare Inc.,0.80
PCH,37.82,39.72,Established,Pre-2025,POTLATCHDELTIC CORP,1.05
PRVA,19.96,23.46,Established,Pre-2025,"Privia Health Group, Inc.",1.18
SBCF,26.21,31.61,Established,Pre-2025,SEACOAST BANKING CORP OF FLORIDA,1.21
SKE,9.35,23.70,Established,Pre-2025,Skeena Resources Ltd,2.53
TDC,30.91,29.69,Established,Pre-2025,TERADATA CORP /DE/,0.96
TGNA,18.28,19.29,Established,Pre-2025,TEGNA INC,1.06
WSFS,52.65,55.05,Established,Pre-2025,WSFS FINANCIAL CORP,1.05
WU,9.46,9.23,Established,Pre-2025,Western Union CO,0.98
AAOI,37.90,39.60,Established,Pre-2025,"APPLIED OPTOELECTRONICS, INC.",1.04
ABM,51.12,42.68,Established,Pre-2025,ABM INDUSTRIES INC /DE/,0.83
ALRM,60.37,51.24,Established,Pre-2025,"Alarm.com Holdings, Inc.",0.85
APPN,33.89,34.06,Established,Pre-2025,APPIAN CORP,1.01
ASH,68.30,59.85,Established,Pre-2025,ASHLAND INC.,0.88
ATHM,26.19,22.68,Established,Pre-2025,Autohome Inc.,0.87
ATS,30.13,27.89,Established,Pre-2025,ATS Corp /ATS,0.93
BBAI,4.53,5.84,Established,Pre-2025,"BigBear.ai Holdings, Inc.",1.29
BCC,117.58,74.12,Established,Pre-2025,BOISE CASCADE Co,0.63
BSM,13.18,13.51,Established,Pre-2025,"Black Stone Minerals, L.P.",1.03
CAKE,48.47,52.81,Established,Pre-2025,CHEESECAKE FACTORY INC,1.09
CBZ,82.22,50.80,Established,Pre-2025,"CBIZ, Inc.",0.62
CPK,119.12,124.31,Established,Pre-2025,CHESAPEAKE UTILITIES CORP,1.04
CPRX,21.31,23.15,Established,Pre-2025,"CATALYST PHARMACEUTICALS, INC.",1.09
CSTM,10.52,19.77,Established,Pre-2025,CONSTELLIUM SE,1.88
DRD,8.79,30.32,Established,Pre-2025,DRDGOLD LTD,3.45
GRBK,55.90,63.21,Established,Pre-2025,"Green Brick Partners, Inc.",1.13
GSHD,101.09,70.16,Established,Pre-2025,"Goosehead Insurance, Inc.",0.69
HAFN,5.41,5.21,Established,Pre-2025,Hafnia Ltd,0.96
INSP,198.68,92.27,Established,Pre-2025,"Inspire Medical Systems, Inc.",0.46
ITGR,133.89,76.78,Established,Pre-2025,Integer Holdings Corp,0.57
KLIC,46.33,48.35,Established,Pre-2025,KULICKE & SOFFA INDUSTRIES INC,1.04
KYIV,10.02,13.27,Established,Pre-2025,Kyivstar Group Ltd.,1.32
LFST,7.84,6.96,Established,Pre-2025,"LifeStance Health Group, Inc.",0.89
MANU,16.89,15.78,Established,Pre-2025,Manchester United plc,0.93
MGEE,91.40,78.44,Established,Pre-2025,MGE ENERGY INC,0.86
MLYS,12.75,35.71,Established,Pre-2025,"Mineralys Therapeutics, Inc.",2.80
MRX,32.99,37.94,Established,Pre-2025,Marex Group plc,1.15
NATL,34.92,37.23,Established,Pre-2025,NCR Atleos Corp,1.07
NCNO,34.07,24.65,Established,Pre-2025,"nCino, Inc.",0.72
PAGS,6.09,9.67,Established,Pre-2025,PagSeguro Digital Ltd.,1.59
PAX,10.92,15.92,Established,Pre-2025,Patria Investments Ltd,1.46
RCUS,15.06,23.29,Established,Pre-2025,"Arcus Biosciences, Inc.",1.55
RELY,22.99,13.22,Established,Pre-2025,"Remitly Global, Inc.",0.58
RHI,65.86,27.34,Established,Pre-2025,ROBERT HALF INC.,0.42
RLX,2.20,2.32,Established,Pre-2025,RLX Technology Inc.,1.05
STNG,47.46,49.69,Established,Pre-2025,Scorpio Tankers Inc.,1.05
SUPN,36.92,49.47,Established,Pre-2025,"SUPERNUS PHARMACEUTICALS, INC.",1.34
SXI,188.42,224.86,Established,Pre-2025,STANDEX INTERNATIONAL CORP/DE/,1.19
TENB,39.08,22.73,Established,Pre-2025,"Tenable Holdings, Inc.",0.58
TNET,89.97,57.17,Established,Pre-2025,"TRINET GROUP, INC.",0.64
UPWK,16.11,19.84,Established,Pre-2025,"UPWORK, INC",1.23
USAC,22.24,23.79,Established,Pre-2025,"USA Compression Partners, LP",1.07
VC,86.80,96.88,Established,Pre-2025,VISTEON CORP,1.12
VRDN,20.19,30.68,Established,Pre-2025,"Viridian Therapeutics, Inc.\DE",1.52
WVE,13.51,15.95,Established,Pre-2025,Wave Life Sciences Ltd.,1.18
AAP,45.31,38.89,Established,Pre-2025,ADVANCE AUTO PARTS INC,0.86
ADPT,7.20,15.91,Established,Pre-2025,Adaptive Biotechnologies Corp,2.21
ALKT,37.53,22.68,Established,Pre-2025,"ALKAMI TECHNOLOGY, INC.",0.60
ALM,1.62,8.80,Established,Pre-2025,Almonty Industries Inc.,5.43
AMBP,2.71,4.15,Established,Pre-2025,Ardagh Metal Packaging S.A.,1.53
BKD,5.13,10.84,Established,Pre-2025,Brookdale Senior Living Inc.,2.11
BKE,47.64,53.86,Established,Pre-2025,BUCKLE INC,1.13
BKV,23.68,27.44,Established,Pre-2025,BKV Corp,1.16
BTDR,26.10,11.55,Established,Pre-2025,Bitdeer Technologies Group,0.44
CCU,11.06,12.67,Established,Pre-2025,UNITED BREWERIES CO INC,1.15
CEPU,15.84,17.35,Established,Pre-2025,CENTRAL PUERTO S.A.,1.10
CNK,30.69,23.53,Established,Pre-2025,"Cinemark Holdings, Inc.",0.77
CNXC,45.14,41.21,Established,Pre-2025,Concentrix Corp,0.91
COTY,6.81,3.11,Established,Pre-2025,COTY INC.,0.46
CTRI,20.13,25.82,Established,Pre-2025,"Centuri Holdings, Inc.",1.28
CUBI,48.83,74.50,Established,Pre-2025,"Customers Bancorp, Inc.",1.53
CVBF,20.34,18.67,Established,Pre-2025,CVB FINANCIAL CORP,0.92
CXT,58.91,47.73,Established,Pre-2025,"Crane NXT, Co.",0.81
DNLI,21.26,16.27,Established,Pre-2025,Denali Therapeutics Inc.,0.77
DXC,19.87,14.08,Established,Pre-2025,DXC Technology Co,0.71
EWTX,27.72,23.75,Established,Pre-2025,"Edgewise Therapeutics, Inc.",0.86
FA,18.43,14.25,Established,Pre-2025,FIRST ADVANTAGE CORP,0.77
FFBC,25.72,25.09,Established,Pre-2025,FIRST FINANCIAL BANCORP /OH/,0.98
GT,8.83,8.92,Established,Pre-2025,GOODYEAR TIRE & RUBBER CO /OH/,1.01
HCM,14.99,13.65,Established,Pre-2025,HUTCHMED (China) Ltd,0.91
HG,18.53,27.27,Established,Pre-2025,"Hamilton Insurance Group, Ltd.",1.47
HUBG,44.31,42.75,Established,Pre-2025,"Hub Group, Inc.",0.96
INSW,32.99,46.99,Established,Pre-2025,"International Seaways, Inc.",1.42
IPAR,126.32,85.44,Established,Pre-2025,INTERPARFUMS INC,0.68
LQDA,12.29,31.40,Established,Pre-2025,Liquidia Corp,2.55
MGRC,109.34,105.23,Established,Pre-2025,MCGRATH RENTCORP,0.96
MLCO,5.60,7.51,Established,Pre-2025,Melco Resorts & Entertainment LTD,1.34
MTRN,96.57,128.53,Established,Pre-2025,MATERION Corp,1.33
NSIT,149.39,83.96,Established,Pre-2025,INSIGHT ENTERPRISES INC,0.56
PFS,17.98,19.75,Established,Pre-2025,PROVIDENT FINANCIAL SERVICES INC,1.10
PTON,9.07,6.12,Established,Pre-2025,"PELOTON INTERACTIVE, INC.",0.67
QUBT,17.50,11.01,Established,Pre-2025,Quantum Computing Inc.,0.63
SFNC,21.00,18.82,Established,Pre-2025,SIMMONS FIRST NATIONAL CORP,0.90
SII,42.37,101.23,Established,Pre-2025,SPROTT INC.,2.39
TDW,56.46,52.23,Established,Pre-2025,TIDEWATER INC,0.93
TPH,35.99,31.57,Established,Pre-2025,"Tri Pointe Homes, Inc.",0.88
TR,31.29,35.41,Established,Pre-2025,TOOTSIE ROLL INDUSTRIES INC,1.13
VTMX,24.71,30.57,Established,Pre-2025,"Vesta Real Estate Corporation, S.A.B. de C.V.",1.24
WB,8.29,10.54,Established,Pre-2025,WEIBO Corp,1.27
WDFC,234.60,196.76,Established,Pre-2025,WD 40 CO,0.84
ZGN,7.84,10.43,Established,Pre-2025,Ermenegildo Zegna N.V.,1.33
ZIM,17.71,21.91,Established,Pre-2025,ZIM Integrated Shipping Services Ltd.,1.24
ATKR,81.79,64.43,Established,Pre-2025,Atkore Inc.,0.79
BB,3.68,3.80,Established,Pre-2025,BLACKBERRY Ltd,1.03
BBT,27.33,26.40,Established,Pre-2025,Beacon Financial Corp,0.97
BBUC,24.88,36.40,Established,Pre-2025,Brookfield Business Corp,1.46
BTE,2.60,3.30,Established,Pre-2025,BAYTEX ENERGY CORP.,1.27
CHEF,50.63,62.39,Established,Pre-2025,"Chefs' Warehouse, Inc.",1.23
CLVT,5.10,3.24,Established,Pre-2025,CLARIVATE PLC,0.64
CMPO,13.14,18.67,Established,Pre-2025,"CompoSecure, Inc.",1.42
CON,19.37,19.41,Established,Pre-2025,"Concentra Group Holdings Parent, Inc.",1.00
CRGY,14.31,8.51,Established,Pre-2025,Crescent Energy Co,0.59
CSGS,50.37,76.76,Established,Pre-2025,CSG SYSTEMS INTERNATIONAL INC,1.52
CURB,22.82,23.13,Established,Pre-2025,Curbline Properties Corp.,1.01
CVI,18.73,25.19,Established,Pre-2025,CVR ENERGY INC,1.34
CWT,43.59,42.95,Established,Pre-2025,CALIFORNIA WATER SERVICE GROUP,0.99
DBD,42.75,63.96,Established,Pre-2025,"DIEBOLD NIXDORF, Inc",1.50
DEI,17.95,11.07,Established,Pre-2025,Douglas Emmett Inc,0.62
DIOD,63.57,51.43,Established,Pre-2025,DIODES INC /DEL/,0.81
DKL,38.09,47.00,Established,Pre-2025,"Delek Logistics Partners, LP",1.23
DNOW,13.11,13.36,Established,Pre-2025,DNOW Inc.,1.02
DRVN,15.85,14.50,Established,Pre-2025,Driven Brands Holdings Inc.,0.91
GENI,8.80,10.78,Established,Pre-2025,Genius Sports Ltd,1.22
GRND,17.96,13.31,Established,Pre-2025,Grindr Inc.,0.74
HOG,29.18,20.64,Established,Pre-2025,"HARLEY-DAVIDSON, INC.",0.71
HYMC,2.18,24.40,Established,Pre-2025,HYCROFT MINING HOLDING CORP,11.19
IHS,3.37,7.35,Established,Pre-2025,IHS Holding Ltd,2.18
KMPR,64.83,39.53,Established,Pre-2025,KEMPER Corp,0.61
KWR,134.39,138.96,Established,Pre-2025,QUAKER CHEMICAL CORP,1.03
LION,8.09,9.30,Established,Pre-2025,Lionsgate Studios Corp.,1.15
MESO,20.12,18.16,Established,Pre-2025,MESOBLAST LTD,0.90
MSGE,35.89,54.34,Established,Pre-2025,Madison Square Garden Entertainment Corp.,1.51
OCUL,8.76,11.82,Established,Pre-2025,"OCULAR THERAPEUTIX, INC",1.35
OII,27.42,24.85,Established,Pre-2025,OCEANEERING INTERNATIONAL INC,0.91
OLN,31.23,21.55,Established,Pre-2025,OLIN Corp,0.69
PHIN,47.32,64.65,Established,Pre-2025,PHINIA INC.,1.37
PRK,167.31,154.32,Established,Pre-2025,PARK NATIONAL CORP /OH/,0.92
PTEN,8.14,6.47,Established,Pre-2025,PATTERSON UTI ENERGY INC,0.79
QFIN,36.95,19.05,Established,Pre-2025,"Qfin Holdings, Inc.",0.52
RNG,35.40,27.59,Established,Pre-2025,"RingCentral, Inc.",0.78
RXRX,7.80,4.20,Established,Pre-2025,"RECURSION PHARMACEUTICALS, INC.",0.54
SEZL,46.45,65.15,Established,Pre-2025,Sezzle Inc.,1.40
SID,1.38,1.61,Established,Pre-2025,NATIONAL STEEL CO,1.17
SRPT,126.29,21.31,Established,Pre-2025,"Sarepta Therapeutics, Inc.",0.17
TLX,14.93,7.62,Established,Pre-2025,Telix Pharmaceuticals Ltd,0.51
TXG,15.60,16.62,Established,Pre-2025,"10x Genomics, Inc.",1.07
UE,20.55,19.10,Established,Pre-2025,Urban Edge Properties,0.93
VNET,4.95,9.11,Established,Pre-2025,"VNET Group, Inc.",1.84
WAFD,31.21,32.13,Established,Pre-2025,WAFD INC,1.03
WOR,39.24,51.96,Established,Pre-2025,"WORTHINGTON ENTERPRISES, INC.",1.32
XRAY,17.75,11.27,Established,Pre-2025,DENTSPLY SIRONA Inc.,0.63
ADUS,124.59,106.58,Established,Pre-2025,Addus HomeCare Corp,0.86
ALG,180.87,170.43,Established,Pre-2025,ALAMO GROUP INC,0.94
AORT,27.88,44.46,Established,Pre-2025,"ARTIVION, INC.",1.59
ASGN,85.05,46.66,Established,Pre-2025,ASGN Inc,0.55
ATRC,32.03,39.27,Established,Pre-2025,"AtriCure, Inc.",1.23
ATRO,15.96,56.61,Established,Pre-2025,ASTRONICS CORP,3.55
AUPH,8.54,15.35,Established,Pre-2025,Aurinia Pharmaceuticals Inc.,1.80
AVDL,11.06,21.52,Established,Pre-2025,AVADEL PHARMACEUTICALS PLC,1.95
BANR,64.73,62.47,Established,Pre-2025,BANNER CORP,0.97
BUSE,22.28,23.90,Established,Pre-2025,FIRST BUSEY CORP /NV/,1.07
BWLP,10.98,12.80,Established,Pre-2025,BW LPG Ltd,1.17
GEO,29.31,15.93,Established,Pre-2025,GEO GROUP INC,0.54
HCI,109.07,183.89,Established,Pre-2025,"HCI Group, Inc.",1.69
HE,9.33,12.63,Established,Pre-2025,HAWAIIAN ELECTRIC INDUSTRIES INC,1.35
HI,29.74,31.72,Established,Pre-2025,"Hillenbrand, Inc.",1.07
IE,7.99,16.35,Established,Pre-2025,Ivanhoe Electric Inc.,2.05
KMT,22.87,28.99,Established,Pre-2025,KENNAMETAL INC,1.27
KNTK,55.65,36.46,Established,Pre-2025,Kinetik Holdings Inc.,0.66
KSS,13.55,21.34,Established,Pre-2025,KOHLS Corp,1.57
LC,17.51,19.12,Established,Pre-2025,LendingClub Corp,1.09
LU,2.38,2.69,Established,Pre-2025,Lufax Holding Ltd,1.13
LUNR,21.89,17.88,Established,Pre-2025,"Intuitive Machines, Inc.",0.82
MGNI,17.13,16.06,Established,Pre-2025,"MAGNITE, INC.",0.94
MODG,9.38,11.72,Established,Pre-2025,Topgolf Callaway Brands Corp.,1.25
NBTB,46.32,41.59,Established,Pre-2025,NBT BANCORP INC,0.90
NGVT,39.86,60.09,Established,Pre-2025,Ingevity Corp,1.51
NVTS,3.99,8.38,Established,Pre-2025,Navitas Semiconductor Corp,2.10
OI,10.57,15.16,Established,Pre-2025,"O-I Glass, Inc. /DE/",1.43
OSW,19.15,20.64,Established,Pre-2025,ONESPAWORLD HOLDINGS Ltd,1.08
PGNY,17.60,25.74,Established,Pre-2025,"Progyny, Inc.",1.46
PLUS,73.94,86.64,Established,Pre-2025,EPLUS INC,1.17
POWI,60.61,37.30,Established,Pre-2025,POWER INTEGRATIONS INC,0.62
QDEL,46.66,28.78,Established,Pre-2025,QuidelOrtho Corp,0.62
RARE,41.50,23.60,Established,Pre-2025,Ultragenyx Pharmaceutical Inc.,0.57
RUM,13.43,6.37,Established,Pre-2025,Rumble Inc.,0.47
RVLV,33.75,29.56,Established,Pre-2025,"Revolve Group, Inc.",0.88
RXO,25.17,12.84,Established,Pre-2025,"RXO, Inc.",0.51
SAM,289.72,199.84,Established,Pre-2025,BOSTON BEER CO INC,0.69
SBLK,14.96,19.37,Established,Pre-2025,Star Bulk Carriers Corp.,1.29
SLNO,46.46,47.17,Established,Pre-2025,SOLENO THERAPEUTICS INC,1.02
SPNT,15.70,21.07,Established,Pre-2025,SiriusPoint Ltd,1.34
SYRE,24.35,30.58,Established,Pre-2025,"Spyre Therapeutics, Inc.",1.26
TGLS,76.13,52.04,Established,Pre-2025,Tecnoglass Inc.,0.68
TRMD,18.18,19.79,Established,Pre-2025,TORM plc,1.09
TRN,34.48,26.95,Established,Pre-2025,TRINITY INDUSTRIES INC,0.78
TWST,47.33,32.39,Established,Pre-2025,Twist Bioscience Corp,0.68
UAA,8.36,5.29,Established,Pre-2025,"Under Armour, Inc.",0.63
USAR,12.35,14.15,Established,Pre-2025,"USA Rare Earth, Inc.",1.15
ADEA,13.78,17.58,Established,Pre-2025,Adeia Inc.,1.28
ARR,16.18,18.09,Established,Pre-2025,"Armour Residential REIT, Inc.",1.12
BUR,13.18,8.75,Established,Pre-2025,Burford Capital Ltd,0.66
CC,16.07,12.25,Established,Pre-2025,Chemours Co,0.76
CECO,31.61,59.79,Established,Pre-2025,CECO ENVIRONMENTAL CORP,1.89
CENT,38.35,31.95,Established,Pre-2025,CENTRAL GARDEN & PET CO,0.83
CIVI,45.03,27.79,Established,Pre-2025,"CIVITAS RESOURCES, INC.",0.62
CMRE,12.65,15.68,Established,Pre-2025,Costamare Inc.,1.24
CXW,22.22,19.02,Established,Pre-2025,"CoreCivic, Inc.",0.86
DHT,9.09,11.74,Established,Pre-2025,"DHT Holdings, Inc.",1.29
DQ,20.85,29.66,Established,Pre-2025,DAQO NEW ENERGY CORP.,1.42
DX,10.83,14.08,Established,Pre-2025,DYNEX CAPITAL INC,1.30
EFSC,54.68,54.05,Established,Pre-2025,ENTERPRISE FINANCIAL SERVICES CORP,0.99
EPAC,40.78,39.56,Established,Pre-2025,ENERPAC TOOL GROUP CORP,0.97
ESTA,46.26,68.84,Established,Pre-2025,ESTABLISHMENT LABS HOLDINGS INC.,1.49
EVCM,10.97,11.55,Established,Pre-2025,EverCommerce Inc.,1.05
EXTR,16.68,16.54,Established,Pre-2025,EXTREME NETWORKS INC,0.99
EYE,10.88,25.95,Established,Pre-2025,"National Vision Holdings, Inc.",2.39
FBNC,42.54,50.91,Established,Pre-2025,FIRST BANCORP /NC/,1.20
FIGS,5.91,11.39,Established,Pre-2025,"FIGS, Inc.",1.93
FLO,19.41,10.79,Established,Pre-2025,FLOWERS FOODS INC,0.56
FRME,38.09,37.50,Established,Pre-2025,FIRST MERCHANTS CORP,0.98
GCMG,12.29,11.30,Established,Pre-2025,GCM Grosvenor Inc.,0.92
GLPG,28.42,32.97,Established,Pre-2025,GALAPAGOS NV,1.16
HRMY,34.78,37.38,Established,Pre-2025,"Harmony Biosciences Holdings, Inc.",1.07
HTH,27.57,33.90,Established,Pre-2025,Hilltop Holdings Inc.,1.23
IBRX,2.81,2.02,Established,Pre-2025,"ImmunityBio, Inc.",0.72
IMNM,11.27,20.82,Established,Pre-2025,Immunome Inc.,1.85
INOD,44.32,52.99,Established,Pre-2025,INNODATA INC,1.20
IQ,1.97,2.03,Established,Pre-2025,"iQIYI, Inc.",1.03
MQ,3.86,4.64,Established,Pre-2025,"Marqeta, Inc.",1.20
NHC,104.44,130.41,Established,Pre-2025,NATIONAL HEALTHCARE CORP,1.25
NTB,35.51,49.70,Established,Pre-2025,Bank of N.T. Butterfield & Son Ltd,1.40
ODD,42.63,39.45,Established,Pre-2025,Oddity Tech Ltd,0.93
OGN,15.05,7.24,Established,Pre-2025,Organon & Co.,0.48
OLMA,5.89,25.28,Established,Pre-2025,"Olema Pharmaceuticals, Inc.",4.29
OMCL,45.32,45.14,Established,Pre-2025,"OMNICELL, INC.",1.00
PK,12.94,10.77,Established,Pre-2025,Park Hotels & Resorts Inc.,0.83
PLAB,24.12,33.41,Established,Pre-2025,PHOTRONICS INC,1.39
PRDO,25.57,29.10,Established,Pre-2025,PERDOCEO EDUCATION Corp,1.14
SAH,61.79,61.64,Established,Pre-2025,SONIC AUTOMOTIVE INC,1.00
SDRL,38.74,34.95,Established,Pre-2025,Seadrill Ltd,0.90
STC,64.49,69.99,Established,Pre-2025,STEWART INFORMATION SERVICES CORP,1.09
TGB,2.00,5.60,Established,Pre-2025,TASEKO MINES LTD,2.80
VAC,82.90,58.85,Established,Pre-2025,MARRIOTT VACATIONS WORLDWIDE Corp,0.71
VCEL,57.50,35.61,Established,Pre-2025,Vericel Corp,0.62
VSH,16.71,15.29,Established,Pre-2025,VISHAY INTERTECHNOLOGY INC,0.92
WD,92.60,58.72,Established,Pre-2025,"Walker & Dunlop, Inc.",0.63
ZLAB,25.30,17.33,Established,Pre-2025,Zai Lab Ltd,0.68
AGM,188.67,176.43,Established,Pre-2025,FEDERAL AGRICULTURAL MORTGAGE CORP,0.94
AI,36.78,13.75,Established,Pre-2025,"C3.ai, Inc.",0.37
ALMS,8.45,8.95,Established,Pre-2025,ALUMIS INC.,1.06
ARCB,93.51,77.17,Established,Pre-2025,ARCBEST CORP /DE/,0.83
AVAH,4.66,8.08,Established,Pre-2025,"Aveanna Healthcare Holdings, Inc.",1.73
CLDX,26.81,27.01,Established,Pre-2025,"Celldex Therapeutics, Inc.",1.01
CXM,8.78,7.32,Established,Pre-2025,"Sprinklr, Inc.",0.83
DRH,8.56,9.12,Established,Pre-2025,DiamondRock Hospitality Co,1.07
DV,19.61,10.86,Established,Pre-2025,"DoubleVerify Holdings, Inc.",0.55
DVAX,12.94,15.38,Established,Pre-2025,DYNAVAX TECHNOLOGIES CORP,1.19
EFXT,10.20,15.94,Established,Pre-2025,Enerflex Ltd.,1.56
FIHL,17.07,19.38,Established,Pre-2025,Fidelis Insurance Holdings Ltd,1.14
GNL,6.69,8.82,Established,Pre-2025,"Global Net Lease, Inc.",1.32
GRDN,19.79,29.53,Established,Pre-2025,"Guardian Pharmacy Services, Inc.",1.49
HNI,47.50,42.58,Established,Pre-2025,HNI CORP,0.90
IOSP,106.57,76.28,Established,Pre-2025,INNOSPEC INC.,0.72
KALU,67.47,120.30,Established,Pre-2025,KAISER ALUMINUM CORP,1.78
KN,20.27,21.95,Established,Pre-2025,Knowles Corp,1.08
MTX,74.61,61.15,Established,Pre-2025,MINERALS TECHNOLOGIES INC,0.82
NN,16.11,16.22,Established,Pre-2025,NEXTNAV INC.,1.01
NOG,35.81,22.01,Established,Pre-2025,"NORTHERN OIL & GAS, INC.",0.61
NTCT,21.68,26.85,Established,Pre-2025,NETSCOUT SYSTEMS INC,1.24
NWN,37.89,46.74,Established,Pre-2025,Northwest Natural Holding Co,1.23
NYAX,30.67,51.95,Established,Pre-2025,Nayax Ltd.,1.69
PAYO,10.48,5.44,Established,Pre-2025,Payoneer Global Inc.,0.52
PENN,18.76,14.85,Established,Pre-2025,"PENN Entertainment, Inc.",0.79
PGY,10.41,22.28,Established,Pre-2025,Pagaya Technologies Ltd.,2.14
PRGO,25.10,13.89,Established,Pre-2025,PERRIGO Co plc,0.55
PRKS,57.39,36.22,Established,Pre-2025,United Parks & Resorts Inc.,0.63
RNW,6.89,5.86,Established,Pre-2025,ReNew Energy Global plc,0.85
SBET,7.56,9.69,Established,Pre-2025,"SharpLink Gaming, Inc.",1.28
SGRY,21.08,15.26,Established,Pre-2025,"Surgery Partners, Inc.",0.72
SM,38.94,19.13,Established,Pre-2025,SM Energy Co,0.49
SMPL,39.50,19.56,Established,Pre-2025,Simply Good Foods Co,0.50
SONO,15.08,17.49,Established,Pre-2025,Sonos Inc,1.16
STOK,11.49,30.90,Established,Pre-2025,"Stoke Therapeutics, Inc.",2.69
STRA,89.91,78.58,Established,Pre-2025,"Strategic Education, Inc.",0.87
SVM,3.06,8.34,Established,Pre-2025,SILVERCORP METALS INC,2.73
SYBT,69.65,65.20,Established,Pre-2025,"Stock Yards Bancorp, Inc.",0.94
TNK,38.38,51.50,Established,Pre-2025,TEEKAY TANKERS LTD.,1.34
TPB,60.48,110.24,Established,Pre-2025,"Turning Point Brands, Inc.",1.82
TSLX,19.45,21.66,Established,Pre-2025,"Sixth Street Specialty Lending, Inc.",1.11
UNFI,28.59,33.42,Established,Pre-2025,UNITED NATURAL FOODS INC,1.17
VECO,27.16,30.54,Established,Pre-2025,VEECO INSTRUMENTS INC,1.12
VZLA,1.71,5.52,Established,Pre-2025,Vizsla Silver Corp.,3.23
WERN,36.04,30.47,Established,Pre-2025,WERNER ENTERPRISES INC,0.85
WT,10.04,12.51,Established,Pre-2025,"WisdomTree, Inc.",1.25
AAMI,25.81,47.38,Established,Pre-2025,Acadian Asset Management Inc.,1.84
ABTC,2.07,1.78,Established,Pre-2025,American Bitcoin Corp.,0.86
ALGT,93.93,88.01,Established,Pre-2025,Allegiant Travel CO,0.94
ANDE,39.35,53.05,Established,Pre-2025,"Andersons, Inc.",1.35
ANIP,55.50,78.43,Established,Pre-2025,ANI PHARMACEUTICALS INC,1.41
AZTA,50.52,33.39,Established,Pre-2025,"Azenta, Inc.",0.66
CCB,83.88,113.30,Established,Pre-2025,COASTAL FINANCIAL CORP,1.35
CCS,71.23,58.94,Established,Pre-2025,"Century Communities, Inc.",0.83
CDLR,22.99,19.05,Established,Pre-2025,Cadeler A/S,0.83
CDRE,32.23,41.12,Established,Pre-2025,"Cadre Holdings, Inc.",1.28
CHCO,115.63,119.89,Established,Pre-2025,CITY HOLDING CO,1.04
EVTC,34.48,28.68,Established,Pre-2025,"EVERTEC, Inc.",0.83
FMC,46.13,14.34,Established,Pre-2025,FMC CORP,0.31
GEL,9.91,15.88,Established,Pre-2025,GENESIS ENERGY LP,1.60
HLIO,43.97,54.63,Established,Pre-2025,"HELIOS TECHNOLOGIES, INC.",1.24
HLMN,9.58,8.71,Established,Pre-2025,Hillman Solutions Corp.,0.91
HMN,37.77,45.18,Established,Pre-2025,HORACE MANN EDUCATORS CORP /DE/,1.20
HOUS,3.26,13.96,Established,Pre-2025,Anywhere Real Estate Inc.,4.28
HROW,36.34,49.91,Established,Pre-2025,"HARROW, INC.",1.37
HTO,46.68,49.25,Established,Pre-2025,H2O AMERICA,1.06
HUN,15.88,10.19,Established,Pre-2025,Huntsman CORP,0.64
IMAX,25.13,36.02,Established,Pre-2025,IMAX CORP,1.43
IRDM,29.31,17.76,Established,Pre-2025,Iridium Communications Inc.,0.61
JBLU,7.51,4.59,Established,Pre-2025,JETBLUE AIRWAYS CORP,0.61
LASR,10.75,38.37,Established,Pre-2025,"NLIGHT, INC.",3.57
LMAT,90.90,80.17,Established,Pre-2025,LEMAITRE VASCULAR INC,0.88
LZ,7.73,9.59,Established,Pre-2025,"LEGALZOOM.COM, INC.",1.24
MCW,7.10,5.56,Established,Pre-2025,"Mister Car Wash, Inc.",0.78
MD,13.14,21.29,Established,Pre-2025,"Pediatrix Medical Group, Inc.",1.62
MNR,14.94,11.25,Established,Pre-2025,MACH NATURAL RESOURCES LP,0.75
NIC,103.18,120.49,Established,Pre-2025,NICOLET BANKSHARES INC,1.17
NRIX,19.71,18.06,Established,Pre-2025,"Nurix Therapeutics, Inc.",0.92
OFG,41.50,41.02,Established,Pre-2025,OFG BANCORP,0.99
PARR,16.70,35.82,Established,Pre-2025,"PAR PACIFIC HOLDINGS, INC.",2.14
PRCT,84.30,30.76,Established,Pre-2025,PROCEPT BioRobotics Corp,0.36
PRGS,65.26,41.07,Established,Pre-2025,PROGRESS SOFTWARE CORP /MA,0.63
RAMP,30.45,27.42,Established,Pre-2025,"LiveRamp Holdings, Inc.",0.90
REAL,9.50,15.80,Established,Pre-2025,"TheRealReal, Inc.",1.66
SEDG,15.28,31.36,Established,Pre-2025,"SOLAREDGE TECHNOLOGIES, INC.",2.05
SEM,18.08,14.82,Established,Pre-2025,SELECT MEDICAL HOLDINGS CORP,0.82
SKWD,46.47,48.62,Established,Pre-2025,"Skyward Specialty Insurance Group, Inc.",1.05
SLVM,76.18,47.33,Established,Pre-2025,Sylvamo Corp,0.62
SNDX,14.37,21.30,Established,Pre-2025,Syndax Pharmaceuticals Inc,1.48
TALO,10.18,11.25,Established,Pre-2025,TALOS ENERGY INC.,1.11
UFPT,244.09,223.40,Established,Pre-2025,UFP TECHNOLOGIES INC,0.92
UNIT,9.10,6.83,Established,Pre-2025,Uniti Group Inc.,0.75
VVX,48.20,55.56,Established,Pre-2025,"V2X, Inc.",1.15
YELP,39.54,30.20,Established,Pre-2025,YELP INC,0.76
ZYME,15.01,26.62,Established,Pre-2025,Zymeworks Inc.,1.77
AESI,21.83,9.72,Established,Pre-2025,Atlas Energy Solutions Inc.,0.45
AGIO,32.19,27.18,Established,Pre-2025,"AGIOS PHARMACEUTICALS, INC.",0.84
ARCO,7.15,7.29,Established,Pre-2025,Arcos Dorados Holdings Inc.,1.02
BCRX,7.70,7.50,Established,Pre-2025,BIOCRYST PHARMACEUTICALS INC,0.97
BHE,45.40,43.90,Established,Pre-2025,BENCHMARK ELECTRONICS INC,0.97
BITF,1.72,2.60,Established,Pre-2025,Bitfarms Ltd,1.51
BLX,35.55,43.82,Established,Pre-2025,"FOREIGN TRADE BANK OF LATIN AMERICA, INC.",1.23
CASH,73.58,71.87,Established,Pre-2025,"PATHWARD FINANCIAL, INC.",0.98
CLBK,15.75,15.42,Established,Pre-2025,"Columbia Financial, Inc.",0.98
CLMT,23.58,19.55,Established,Pre-2025,"Calumet, Inc. /DE",0.83
CMPR,70.39,65.66,Established,Pre-2025,CIMPRESS plc,0.93
CRML,6.78,8.12,Established,Pre-2025,Critical Metals Corp.,1.20
DAC,79.91,95.25,Established,Pre-2025,Danaos Corp,1.19
DFH,23.18,17.14,Established,Pre-2025,"Dream Finders Homes, Inc.",0.74
DGII,29.92,43.16,Established,Pre-2025,DIGI INTERNATIONAL INC,1.44
DK,17.69,29.78,Established,Pre-2025,"Delek US Holdings, Inc.",1.68
ENVX,12.66,7.89,Established,Pre-2025,Enovix Corp,0.62
ESBA,10.08,6.25,Established,Pre-2025,"Empire State Realty OP, L.P.",0.62
FCF,16.20,16.77,Established,Pre-2025,FIRST COMMONWEALTH FINANCIAL CORP /PA/,1.04
FLYW,20.45,13.90,Established,Pre-2025,Flywire Corp,0.68
HTZ,3.83,5.22,Established,Pre-2025,"HERTZ GLOBAL HOLDINGS, INC",1.36
IMCR,29.86,33.78,Established,Pre-2025,Immunocore Holdings plc,1.13
JAMF,14.27,13.00,Established,Pre-2025,Jamf Holding Corp.,0.91
JJSF,148.49,90.52,Established,Pre-2025,J&J SNACK FOODS CORP,0.61
JMIA,3.95,12.83,Established,Pre-2025,Jumia Technologies AG,3.25
LAC,3.17,4.77,Established,Pre-2025,LITHIUM AMERICAS CORP.,1.50
LTC,32.12,34.65,Established,Pre-2025,LTC PROPERTIES INC,1.08
MAAS,21.36,5.82,Established,Pre-2025,Maase Inc.,0.27
MCRI,77.24,96.04,Established,Pre-2025,MONARCH CASINO & RESORT INC,1.24
MNKD,6.48,5.60,Established,Pre-2025,MANNKIND CORP,0.86
NOMD,15.73,12.16,Established,Pre-2025,Nomad Foods Ltd,0.77
NWBI,12.31,11.98,Established,Pre-2025,"Northwest Bancshares, Inc.",0.97
PBI,7.11,10.33,Established,Pre-2025,PITNEY BOWES INC /DE/,1.45
PGEN,1.20,4.28,Established,Pre-2025,"PRECIGEN, INC.",3.57
SEMR,11.81,11.89,Established,Pre-2025,"SEMrush Holdings, Inc.",1.01
SGML,12.09,14.21,Established,Pre-2025,Sigma Lithium Corp,1.18
SHCO,7.44,8.96,Established,Pre-2025,Soho House & Co Inc.,1.20
SHO,11.34,9.13,Established,Pre-2025,"Sunstone Hotel Investors, Inc.",0.81
TIGR,6.61,10.44,Established,Pre-2025,UP Fintech Holding Ltd,1.58
TRIP,14.99,14.64,Established,Pre-2025,"TripAdvisor, Inc.",0.98
TY,30.56,32.63,Established,Pre-2025,TRI-CONTINENTAL Corp,1.07
USAS,1.00,5.11,Established,Pre-2025,Americas Gold & Silver Corp,5.11
WBTN,14.00,13.21,Established,Pre-2025,WEBTOON Entertainment Inc.,0.94
WS,29.73,35.14,Established,Pre-2025,"Worthington Steel, Inc.",1.18
ACVA,21.02,8.29,Established,Pre-2025,ACV Auctions Inc.,0.39
ADNT,16.86,19.04,Established,Pre-2025,Adient plc,1.13
AIN,79.57,52.34,Established,Pre-2025,ALBANY INTERNATIONAL CORP /DE/,0.66
ALEX,16.77,20.65,Established,Pre-2025,"Alexander & Baldwin, Inc.",1.23
AMPL,10.89,10.93,Established,Pre-2025,"Amplitude, Inc.",1.00
AMRC,27.51,30.67,Established,Pre-2025,"Ameresco, Inc.",1.11
ARHS,9.19,11.36,Established,Pre-2025,"Arhaus, Inc.",1.24
AXGN,16.11,31.00,Established,Pre-2025,"Axogen, Inc.",1.92
BHVN,38.64,10.84,Established,Pre-2025,Biohaven Ltd.,0.28
BLBD,41.77,46.76,Established,Pre-2025,Blue Bird Corp,1.12
CERT,11.21,8.74,Established,Pre-2025,"Certara, Inc.",0.78
CET,43.16,50.73,Established,Pre-2025,CENTRAL SECURITIES CORP,1.18
COLL,29.51,45.53,Established,Pre-2025,"COLLEGIUM PHARMACEUTICAL, INC",1.54
DNTH,25.12,39.68,Established,Pre-2025,"Dianthus Therapeutics, Inc. /DE/",1.58
DXPE,85.70,107.72,Established,Pre-2025,DXP ENTERPRISES INC,1.26
ENOV,43.27,26.51,Established,Pre-2025,Enovis CORP,0.61
FDP,31.71,35.32,Established,Pre-2025,FRESH DEL MONTE PRODUCE INC,1.11
FTRE,19.28,16.81,Established,Pre-2025,Fortrea Holdings Inc.,0.87
GCT,19.59,38.76,Established,Pre-2025,GigaCloud Technology Inc,1.98
GTY,28.03,27.56,Established,Pre-2025,GETTY REALTY CORP /MD/,0.98
ICFI,118.06,85.31,Established,Pre-2025,"ICF International, Inc.",0.72
KOD,9.12,26.02,Established,Pre-2025,Kodiak Sciences Inc.,2.85
LEG,9.17,10.99,Established,Pre-2025,LEGGETT & PLATT INC,1.20
LOB,38.67,34.71,Established,Pre-2025,"Live Oak Bancshares, Inc.",0.90
LSPD,15.72,11.74,Established,Pre-2025,Lightspeed Commerce Inc.,0.75
MBIN,36.33,33.18,Established,Pre-2025,Merchants Bancorp,0.91
MXL,20.61,18.51,Established,Pre-2025,"MAXLINEAR, INC",0.90
NEO,16.98,11.76,Established,Pre-2025,NEOGENOMICS INC,0.69
NEOG,12.25,7.00,Established,Pre-2025,NEOGEN CORP,0.57
NESR,8.50,15.79,Established,Pre-2025,National Energy Services Reunited Corp.,1.86
NMM,45.52,51.39,Established,Pre-2025,Navios Maritime Partners L.P.,1.13
NSP,75.08,38.62,Established,Pre-2025,"INSPERITY, INC.",0.51
NTST,13.30,17.77,Established,Pre-2025,NETSTREIT Corp.,1.34
NVCR,30.19,13.12,Established,Pre-2025,NovoCure Ltd,0.43
NWL,9.45,3.72,Established,Pre-2025,NEWELL BRANDS INC.,0.39
PAHC,20.20,37.30,Established,Pre-2025,PHIBRO ANIMAL HEALTH CORP,1.85
PCT,10.75,8.95,Established,Pre-2025,"PureCycle Technologies, Inc.",0.83
PHVS,18.53,26.48,Established,Pre-2025,Pharvaris N.V.,1.43
PWP,22.84,17.55,Established,Pre-2025,Perella Weinberg Partners,0.77
RDW,18.09,9.03,Established,Pre-2025,Redwire Corp,0.50
ROG,100.75,91.97,Established,Pre-2025,ROGERS CORP,0.91
STEL,27.51,30.76,Established,Pre-2025,"Stellar Bancorp, Inc.",1.12
TILE,24.18,28.42,Established,Pre-2025,INTERFACE INC,1.18
TNGX,3.15,8.93,Established,Pre-2025,"Tango Therapeutics, Inc.",2.83
TYRA,15.63,26.79,Established,Pre-2025,"Tyra Biosciences, Inc.",1.71
VRE,16.23,14.84,Established,Pre-2025,"Veris Residential, Inc.",0.91
WLDN,38.58,106.66,Established,Pre-2025,"Willdan Group, Inc.",2.76
WLY,41.35,29.50,Established,Pre-2025,"JOHN WILEY & SONS, INC.",0.71
XPRO,12.75,13.64,Established,Pre-2025,EXPRO GROUP HOLDINGS N.V.,1.07
AHCO,9.64,9.67,Established,Pre-2025,AdaptHealth Corp.,1.00
ALVO,13.26,5.00,Established,Pre-2025,Alvotech,0.38
AMSC,28.68,31.58,Established,Pre-2025,AMERICAN SUPERCONDUCTOR CORP /DE/,1.10
ARDX,4.97,6.15,Established,Pre-2025,"ARDELYX, INC.",1.24
ARLO,11.11,13.23,Established,Pre-2025,"Arlo Technologies, Inc.",1.19
ASTH,32.18,25.22,Established,Pre-2025,"Astrana Health, Inc.",0.78
ATAI,1.77,3.87,Established,Pre-2025,Atai Beckley N.V.,2.19
CAPR,15.61,28.31,Established,Pre-2025,"CAPRICOR THERAPEUTICS, INC.",1.81
CNXN,68.68,56.88,Established,Pre-2025,PC CONNECTION INC,0.83
CRAI,184.53,200.52,Established,Pre-2025,"CRA INTERNATIONAL, INC.",1.09
CSIQ,12.19,25.41,Established,Pre-2025,Canadian Solar Inc.,2.08
CYD,9.50,37.02,Established,Pre-2025,CHINA YUCHAI INTERNATIONAL LTD,3.90
DCO,64.01,96.80,Established,Pre-2025,DUCOMMUN INC /DE/,1.51
EFC,10.96,13.68,Established,Pre-2025,Ellington Financial Inc.,1.25
ELME,2.24,2.69,Established,Pre-2025,Elme Communities,1.20
ERAS,2.74,3.59,Established,Pre-2025,"Erasca, Inc.",1.31
EVEX,5.62,4.19,Established,Pre-2025,"Eve Holding, Inc.",0.75
EXPI,11.17,9.10,Established,Pre-2025,"eXp World Holdings, Inc.",0.81
EYPT,8.26,17.48,Established,Pre-2025,"EyePoint, Inc.",2.12
FIVN,41.04,18.81,Established,Pre-2025,"Five9, Inc.",0.46
FSLY,9.55,10.19,Established,Pre-2025,"Fastly, Inc.",1.07
FUN,46.89,15.49,Established,Pre-2025,Six Flags Entertainment Corporation/NEW,0.33
GBX,60.34,47.28,Established,Pre-2025,GREENBRIER COMPANIES INC,0.78
GLUE,7.17,15.31,Established,Pre-2025,"Monte Rosa Therapeutics, Inc.",2.14
INVX,14.88,22.78,Established,Pre-2025,"Innovex International, Inc.",1.53
IPX,33.50,39.91,Established,Pre-2025,IPERIONX Ltd,1.19
LOMA,12.53,12.88,Established,Pre-2025,Loma Negra Compania Industrial Argentina Sociedad Anonima,1.03
LZB,42.55,37.30,Established,Pre-2025,LA-Z-BOY INC,0.88
NBHC,41.50,37.90,Established,Pre-2025,National Bank Holdings Corp,0.91
NNE,27.01,27.61,Established,Pre-2025,Nano Nuclear Energy Inc.,1.02
OUST,14.64,23.37,Established,Pre-2025,"Ouster, Inc.",1.60
SPB,81.43,60.04,Established,Pre-2025,"Spectrum Brands Holdings, Inc.",0.74
SRCE,56.32,62.46,Established,Pre-2025,1ST SOURCE CORP,1.11
STBA,36.02,39.24,Established,Pre-2025,S&T BANCORP INC,1.09
TCBK,41.91,47.15,Established,Pre-2025,TRICO BANCSHARES /,1.13
TE,2.89,7.84,Established,Pre-2025,T1 Energy Inc.,2.71
TFIN,88.99,63.37,Established,Pre-2025,"Triumph Financial, Inc.",0.71
TNDM,36.83,21.55,Established,Pre-2025,TANDEM DIABETES CARE INC,0.59
TRUP,49.58,37.20,Established,Pre-2025,"TRUPANION, INC.",0.75
TRVI,4.59,11.89,Established,Pre-2025,"Trevi Therapeutics, Inc.",2.59
TSAT,17.57,29.16,Established,Pre-2025,Telesat Corp,1.66
TV,1.65,2.98,Established,Pre-2025,"GRUPO TELEVISA, S.A.B.",1.81
UCTT,37.57,27.32,Established,Pre-2025,"Ultra Clean Holdings, Inc.",0.73
UPB,18.35,27.07,Established,Pre-2025,"Upstream Bio, Inc.",1.48
WEN,15.25,8.17,Established,Pre-2025,Wendy's Co,0.54
WINA,376.23,401.59,Established,Pre-2025,WINMARK CORP,1.07
WMK,66.79,64.11,Established,Pre-2025,WEIS MARKETS INC,0.96
XHR,14.22,14.34,Established,Pre-2025,"Xenia Hotels & Resorts, Inc.",1.01
AFYA,14.81,14.95,Established,Pre-2025,Afya Ltd,1.01
AMLX,4.15,11.42,Established,Pre-2025,"Amylyx Pharmaceuticals, Inc.",2.75
ARI,8.10,9.86,Established,Pre-2025,"Apollo Commercial Real Estate Finance, Inc.",1.22
ARRY,6.73,9.68,Established,Pre-2025,"Array Technologies, Inc.",1.44
AXTI,2.27,16.76,Established,Pre-2025,AXT INC,7.38
BFC,93.43,120.63,Established,Pre-2025,Bank First Corp,1.29
BORR,4.01,3.99,Established,Pre-2025,Borr Drilling Ltd,1.00
BY,28.05,29.04,Established,Pre-2025,"BYLINE BANCORP, INC.",1.04
CNL,4.21,13.91,Established,Pre-2025,Collective Mining Ltd.,3.30
CNMD,67.22,40.52,Established,Pre-2025,CONMED Corp,0.60
CNOB,22.52,26.12,Established,Pre-2025,"ConnectOne Bancorp, Inc.",1.16
CTOS,4.87,5.80,Established,Pre-2025,"Custom Truck One Source, Inc.",1.19
FLNG,22.67,24.67,Established,Pre-2025,Flex LNG Ltd.,1.09
GABC,37.92,38.88,Established,Pre-2025,"GERMAN AMERICAN BANCORP, INC.",1.03
GAM,45.70,58.82,Established,Pre-2025,GENERAL AMERICAN INVESTORS CO INC,1.29
HCSG,11.76,17.35,Established,Pre-2025,HEALTHCARE SERVICES GROUP INC,1.48
HIMX,7.28,8.53,Established,Pre-2025,"Himax Technologies, Inc.",1.17
HLF,6.74,12.82,Established,Pre-2025,HERBALIFE LTD.,1.90
HOPE,11.46,10.98,Established,Pre-2025,HOPE BANCORP INC,0.96
INVA,17.52,19.87,Established,Pre-2025,"Innoviva, Inc.",1.13
JKS,24.63,27.94,Established,Pre-2025,"JinkoSolar Holding Co., Ltd.",1.13
KARO,46.77,44.67,Established,Pre-2025,Karooooo Ltd.,0.96
LKFN,66.00,56.46,Established,Pre-2025,LAKELAND FINANCIAL CORP,0.86
MBC,14.73,11.28,Established,Pre-2025,"MasterBrand, Inc.",0.77
MBX,18.59,30.55,Established,Pre-2025,"MBX Biosciences, Inc.",1.64
MRVI,5.68,3.40,Established,Pre-2025,"MARAVAI LIFESCIENCES HOLDINGS, INC.",0.60
NABL,9.31,7.30,Established,Pre-2025,"N-able, Inc.",0.78
NSSC,35.12,41.38,Established,Pre-2025,"NAPCO SECURITY TECHNOLOGIES, INC",1.18
NVRI,8.33,17.90,Established,Pre-2025,ENVIRI Corp,2.15
OXLC,19.47,15.05,Established,Pre-2025,Oxford Lane Capital Corp.,0.77
PAR,74.08,35.73,Established,Pre-2025,PAR TECHNOLOGY CORP,0.48
PLTK,6.34,3.98,Established,Pre-2025,Playtika Holding Corp.,0.63
PSIX,28.60,61.53,Established,Pre-2025,"POWER SOLUTIONS INTERNATIONAL, INC.",2.15
QCRH,79.42,82.14,Established,Pre-2025,QCR HOLDINGS INC,1.03
QURE,17.94,23.39,Established,Pre-2025,uniQure N.V.,1.30
RAPP,19.48,28.11,Established,Pre-2025,"Rapport Therapeutics, Inc.",1.44
RLAY,4.42,8.18,Established,Pre-2025,"Relay Therapeutics, Inc.",1.85
ROCK,59.15,50.14,Established,Pre-2025,"GIBRALTAR INDUSTRIES, INC.",0.85
SBH,10.74,14.49,Established,Pre-2025,"Sally Beauty Holdings, Inc.",1.35
SHLS,5.93,9.09,Established,Pre-2025,"Shoals Technologies Group, Inc.",1.53
SVV,10.03,9.45,Established,Pre-2025,"Savers Value Village, Inc.",0.94
TRS,23.84,36.29,Established,Pre-2025,TRIMAS CORP,1.52
TSHA,1.92,5.25,Established,Pre-2025,"Taysha Gene Therapies, Inc.",2.73
TUYA,1.71,2.19,Established,Pre-2025,Tuya Inc.,1.28
UTI,26.20,24.84,Established,Pre-2025,UNIVERSAL TECHNICAL INSTITUTE INC,0.95
VYX,13.59,9.86,Established,Pre-2025,NCR Voyix Corp,0.73
WKC,26.81,24.12,Established,Pre-2025,WORLD KINECT CORP,0.90
WWW,21.92,18.21,Established,Pre-2025,WOLVERINE WORLD WIDE INC /DE/,0.83
XPEL,39.24,50.24,Established,Pre-2025,"XPEL, Inc.",1.28
ACHC,44.32,14.29,Established,Pre-2025,"Acadia Healthcare Company, Inc.",0.32
AMPH,36.30,26.46,Established,Pre-2025,"Amphastar Pharmaceuticals, Inc.",0.73
ANAB,14.60,44.95,Established,Pre-2025,"ANAPTYSBIO, INC",3.08
ARDT,16.64,8.64,Established,Pre-2025,"Ardent Health, Inc.",0.52
ATEN,18.05,17.35,Established,Pre-2025,"A10 Networks, Inc.",0.96
BH-A,1287.00,1816.09,Established,Pre-2025,Biglari Holdings Inc.,1.41
CLOV,3.29,2.41,Established,Pre-2025,"CLOVER HEALTH INVESTMENTS, CORP. /DE",0.73
COHU,26.86,24.61,Established,Pre-2025,COHU INC,0.92
COUR,8.53,7.08,Established,Pre-2025,"Coursera, Inc.",0.83
CRI,51.97,33.20,Established,Pre-2025,CARTERS INC,0.64
CSWC,19.86,22.29,Established,Pre-2025,CAPITAL SOUTHWEST CORP,1.12
CTS,52.28,43.85,Established,Pre-2025,CTS CORP,0.84
DAO,7.08,11.22,Established,Pre-2025,"Youdao, Inc.",1.58
DCOM,29.81,29.87,Established,Pre-2025,"Dime Community Bancshares, Inc. /NY/",1.00
DFIN,60.43,45.63,Established,Pre-2025,"Donnelley Financial Solutions, Inc.",0.76
DOLE,13.19,14.63,Established,Pre-2025,Dole plc,1.11
DSGR,34.61,28.04,Established,Pre-2025,"Distribution Solutions Group, Inc.",0.81
ECO,20.52,31.96,Established,Pre-2025,Okeanis Eco Tankers Corp.,1.56
ECPG,47.54,55.91,Established,Pre-2025,ENCORE CAPITAL GROUP INC,1.18
EDN,44.65,29.78,Established,Pre-2025,EDENOR,0.67
ENR,32.92,19.93,Established,Pre-2025,"ENERGIZER HOLDINGS, INC.",0.61
FINV,6.66,5.22,Established,Pre-2025,FinVolution Group,0.78
GLP,44.43,42.26,Established,Pre-2025,GLOBAL PARTNERS LP,0.95
IDT,47.56,50.57,Established,Pre-2025,IDT CORP,1.06
IIPR,59.28,49.47,Established,Pre-2025,INNOVATIVE INDUSTRIAL PROPERTIES INC,0.83
IMTX,7.17,10.45,Established,Pre-2025,Immatics N.V.,1.46
IRS,16.02,16.62,Established,Pre-2025,IRSA INVESTMENTS & REPRESENTATIONS INC,1.04
KW,9.48,9.64,Established,Pre-2025,"Kennedy-Wilson Holdings, Inc.",1.02
LADR,10.39,11.10,Established,Pre-2025,Ladder Capital Corp,1.07
LILA,6.45,7.26,Established,Pre-2025,Liberty Latin America Ltd.,1.13
MAN,55.30,30.06,Established,Pre-2025,ManpowerGroup Inc.,0.54
METC,10.22,18.71,Established,Pre-2025,"Ramaco Resources, Inc.",1.83
MGIC,11.45,26.05,Established,Pre-2025,MAGIC SOFTWARE ENTERPRISES LTD,2.28
MNMD,7.18,13.64,Established,Pre-2025,Mind Medicine (MindMed) Inc.,1.90
NEXT,8.23,5.38,Established,Pre-2025,NextDecade Corp,0.65
NRP,106.45,104.01,Established,Pre-2025,NATURAL RESOURCE PARTNERS LP,0.98
ORKA,20.81,28.27,Established,Pre-2025,"Oruka Therapeutics, Inc.",1.36
RBTK,2.18,12.22,Established,Pre-2025,ZHEN DING RESOURCES INC.,5.61
SDGR,20.87,17.98,Established,Pre-2025,"Schrodinger, Inc.",0.86
SKYT,14.49,22.43,Established,Pre-2025,"SkyWater Technology, Inc",1.55
SLSR,3.30,7.84,Established,Pre-2025,Solaris Resources Inc.,2.38
TDOC,9.52,7.05,Established,Pre-2025,"Teladoc Health, Inc.",0.74
TNC,80.98,73.96,Established,Pre-2025,TENNANT CO,0.91
UMH,17.99,15.90,Established,Pre-2025,"UMH PROPERTIES, INC.",0.88
UVV,51.42,52.58,Established,Pre-2025,UNIVERSAL CORP /VA/,1.02
VITL,39.63,29.82,Established,Pre-2025,"Vital Farms, Inc.",0.75
WTTR,13.42,11.09,Established,Pre-2025,"Select Water Solutions, Inc.",0.83
ZD,55.32,33.99,Established,Pre-2025,"ZIFF DAVIS, INC.",0.61
ABCL,3.13,3.43,Established,Pre-2025,AbCellera Biologics Inc.,1.10
ALX,183.48,218.86,Established,Pre-2025,ALEXANDERS INC,1.19
AMPX,3.28,8.74,Established,Pre-2025,"Amprius Technologies, Inc.",2.66
ASA,20.77,58.25,Established,Pre-2025,ASA Gold & Precious Metals Ltd,2.80
BAK,3.78,2.92,Established,Pre-2025,BRASKEM SA,0.77
BLFS,26.42,23.89,Established,Pre-2025,BIOLIFE SOLUTIONS INC,0.90
BV,16.02,12.60,Established,Pre-2025,"BrightView Holdings, Inc.",0.79
CBL,28.15,36.93,Established,Pre-2025,CBL & ASSOCIATES PROPERTIES INC,1.31
CCEC,18.05,20.41,Established,Pre-2025,Capital Clean Energy Carriers Corp.,1.13
CSR,62.41,66.97,Established,Pre-2025,CENTERSPACE,1.07
CSTL,28.61,38.54,Established,Pre-2025,CASTLE BIOSCIENCES INC,1.35
ECVT,7.74,9.91,Established,Pre-2025,Ecovyst Inc.,1.28
ELE,8.03,15.79,Established,Pre-2025,Elemental Royalty Corp,1.97
EVLV,3.97,6.70,Established,Pre-2025,"Evolv Technologies Holdings, Inc.",1.69
EVO,4.46,3.18,Established,Pre-2025,Evotec SE,0.71
EZPW,12.12,20.06,Established,Pre-2025,EZCORP INC,1.66
FOR,25.91,24.32,Established,Pre-2025,Forestar Group Inc.,0.94
FSCO,6.01,6.35,Established,Pre-2025,FS Credit Opportunities Corp.,1.06
GIII,32.04,29.51,Established,Pre-2025,G III APPAREL GROUP LTD /DE/,0.92
GOOS,10.01,13.52,Established,Pre-2025,Canada Goose Holdings Inc.,1.35
GRC,36.74,48.14,Established,Pre-2025,GORMAN RUPP CO,1.31
GSL,20.88,34.92,Established,Pre-2025,"Global Ship Lease, Inc.",1.67
IRMD,54.65,95.50,Established,Pre-2025,IRADIMED CORP,1.75
KRP,14.64,12.03,Established,Pre-2025,"Kimbell Royalty Partners, LP",0.82
LNN,116.96,121.15,Established,Pre-2025,LINDSAY CORP,1.04
MLKN,21.44,18.26,Established,Pre-2025,"MILLERKNOLL, INC.",0.85
NAVI,12.51,12.78,Established,Pre-2025,NAVIENT CORP,1.02
NEXA,6.91,8.79,Established,Pre-2025,Nexa Resources S.A.,1.27
NUTX,33.88,148.19,Established,Pre-2025,"Nutex Health, Inc.",4.37
NVAX,8.85,7.13,Established,Pre-2025,NOVAVAX INC,0.81
NVGS,15.57,17.35,Established,Pre-2025,Navigator Holdings Ltd.,1.11
OPRA,18.25,13.84,Established,Pre-2025,Opera Ltd,0.76
ORC,6.51,7.37,Established,Pre-2025,"Orchid Island Capital, Inc.",1.13
PDFS,28.21,29.55,Established,Pre-2025,PDF SOLUTIONS INC,1.05
PHAT,7.74,15.71,Established,Pre-2025,"Phathom Pharmaceuticals, Inc.",2.03
PRA,15.55,24.02,Established,Pre-2025,PROASSURANCE CORP,1.54
PRLB,39.65,51.35,Established,Pre-2025,Proto Labs Inc,1.30
PSEC,3.66,2.61,Established,Pre-2025,PROSPECT CAPITAL CORP,0.71
RCAT,13.20,9.16,Established,Pre-2025,"Red Cat Holdings, Inc.",0.69
RERE,2.75,5.42,Established,Pre-2025,ATRenew Inc.,1.97
RES,5.98,5.53,Established,Pre-2025,RPC INC,0.92
SANA,1.71,4.19,Established,Pre-2025,"Sana Biotechnology, Inc.",2.45
SLI,1.60,4.78,Established,Pre-2025,STANDARD LITHIUM LTD.,2.99
SOC,24.91,11.73,Established,Pre-2025,Sable Offshore Corp.,0.47
STGW,6.50,4.73,Established,Pre-2025,Stagwell Inc,0.73
TBLA,3.79,4.43,Established,Pre-2025,Taboola.com Ltd.,1.17
THR,29.31,37.63,Established,Pre-2025,"Thermon Group Holdings, Inc.",1.28
TTI,3.83,9.79,Established,Pre-2025,TETRA TECHNOLOGIES INC,2.56
AGRO,9.35,7.76,Established,Pre-2025,Adecoagro S.A.,0.83
BFLY,4.06,3.75,Established,Pre-2025,"Butterfly Network, Inc.",0.92
BFS,35.93,31.56,Established,Pre-2025,"SAUL CENTERS, INC.",0.88
CCOI,70.86,20.62,Established,Pre-2025,"COGENT COMMUNICATIONS HOLDINGS, INC.",0.29
CRTO,41.30,20.04,Established,Pre-2025,Criteo S.A.,0.49
DEA,26.41,21.31,Established,Pre-2025,"Easterly Government Properties, Inc.",0.81
DMLP,30.87,23.25,Established,Pre-2025,"DORCHESTER MINERALS, L.P.",0.75
FSUN,39.29,37.81,Established,Pre-2025,FIRSTSUN CAPITAL BANCORP,0.96
GHRS,9.03,13.24,Established,Pre-2025,GH Research PLC,1.47
GIC,23.26,29.42,Established,Pre-2025,GLOBAL INDUSTRIAL Co,1.26
GILT,6.10,13.41,Established,Pre-2025,GILAT SATELLITE NETWORKS LTD,2.20
HLIT,13.55,10.02,Established,Pre-2025,HARMONIC INC.,0.74
HQH,14.56,18.87,Established,Pre-2025,abrdn Healthcare Investors,1.30
IMOS,18.05,30.54,Established,Pre-2025,CHIPMOS TECHNOLOGIES INC,1.69
INBX,16.15,75.04,Established,Pre-2025,"Inhibrx Biosciences, Inc.",4.65
LAR,2.86,5.98,Established,Pre-2025,Lithium Argentina AG,2.09
LPG,22.67,24.75,Established,Pre-2025,DORIAN LPG LTD.,1.09
LUCK,10.32,8.49,Established,Pre-2025,Lucky Strike Entertainment Corp,0.82
NTLA,12.13,9.21,Established,Pre-2025,"Intellia Therapeutics, Inc.",0.76
OBK,32.85,37.64,Established,Pre-2025,"Origin Bancorp, Inc.",1.15
OCS,17.56,20.00,Established,Pre-2025,Oculis Holding AG,1.14
PCRX,18.40,24.46,Established,Pre-2025,"Pacira BioSciences, Inc.",1.33
PD,18.18,12.39,Established,Pre-2025,"PagerDuty, Inc.",0.68
PFBC,82.58,95.14,Established,Pre-2025,Preferred Bank,1.15
PHAR,9.89,17.14,Established,Pre-2025,Pharming Group N.V.,1.73
PLPC,128.09,211.72,Established,Pre-2025,PREFORMED LINE PRODUCTS CO,1.65
PRG,41.98,29.37,Established,Pre-2025,"PROG Holdings, Inc.",0.70
PVLA,13.25,100.28,Established,Pre-2025,"PALVELLA THERAPEUTICS, INC.",7.57
PZZA,41.21,40.30,Established,Pre-2025,PAPA JOHNS INTERNATIONAL INC,0.98
ROOT,75.32,70.90,Established,Pre-2025,"Root, Inc.",0.94
SAFT,78.63,75.71,Established,Pre-2025,SAFETY INSURANCE GROUP INC,0.96
SCL,61.61,47.16,Established,Pre-2025,STEPAN CO,0.77
SEPN,23.69,27.98,Established,Pre-2025,"Septerna, Inc.",1.18
SPH,16.79,18.69,Established,Pre-2025,SUBURBAN PROPANE PARTNERS LP,1.11
SVRA,3.14,5.64,Established,Pre-2025,Savara Inc,1.80
THRM,39.43,36.83,Established,Pre-2025,Gentherm Inc,0.93
THS,35.22,23.49,Established,Pre-2025,"TreeHouse Foods, Inc.",0.67
TRIN,12.83,15.05,Established,Pre-2025,Trinity Capital Inc.,1.17
UAN,67.41,101.50,Established,Pre-2025,"CVR PARTNERS, LP",1.51
USPH,86.13,78.88,Established,Pre-2025,U S PHYSICAL THERAPY INC /NV,0.92
VET,9.63,8.54,Established,Pre-2025,VERMILION ENERGY INC.,0.89
WABC,50.16,47.83,Established,Pre-2025,WESTAMERICA BANCORPORATION,0.95
WGO,47.93,40.84,Established,Pre-2025,WINNEBAGO INDUSTRIES INC,0.85
WLFC,215.82,134.12,Established,Pre-2025,WILLIS LEASE FINANCE CORP,0.62
XERS,3.61,7.35,Established,Pre-2025,"Xeris Biopharma Holdings, Inc.",2.04
AEVA,5.22,12.75,Established,Pre-2025,"Aeva Technologies, Inc.",2.44
AMAL,32.95,31.94,Established,Pre-2025,Amalgamated Financial Corp.,0.97
ASTE,32.87,44.63,Established,Pre-2025,ASTEC INDUSTRIES INC,1.36
ATLC,55.73,66.35,Established,Pre-2025,Atlanticus Holdings Corp,1.19
BBOT,10.99,12.29,Established,Pre-2025,"BridgeBio Oncology Therapeutics, Inc.",1.12
CCO,1.47,2.12,Established,Pre-2025,"Clear Channel Outdoor Holdings, Inc.",1.44
CDNA,22.33,19.14,Established,Pre-2025,"CareDx, Inc.",0.86
CIM,12.82,12.74,Established,Pre-2025,CHIMERA INVESTMENT CORP,0.99
CRCT,4.99,4.73,Established,Pre-2025,"Cricut, Inc.",0.95
CRON,2.07,2.70,Established,Pre-2025,Cronos Group Inc.,1.30
DAKT,16.84,19.84,Established,Pre-2025,DAKTRONICS INC /SD/,1.18
DAWN,12.59,8.85,Established,Pre-2025,"Day One Biopharmaceuticals, Inc.",0.70
DEC,15.51,14.80,Established,Pre-2025,Diversified Energy Co,0.95
DLX,21.23,22.19,Established,Pre-2025,DELUXE CORP,1.05
INMD,17.01,14.80,Established,Pre-2025,InMode Ltd.,0.87
IOVA,7.65,2.52,Established,Pre-2025,"IOVANCE BIOTHERAPEUTICS, INC.",0.33
JBGS,14.95,16.70,Established,Pre-2025,JBG SMITH Properties,1.12
KUBR,4.50,7.79,Established,Pre-2025,Kuber Resources Corp,1.73
LUXE,7.24,8.36,Established,Pre-2025,LuxExperience B.V.,1.15
MMI,37.17,26.99,Established,Pre-2025,"Marcus & Millichap, Inc.",0.73
MOMO,6.79,6.79,Established,Pre-2025,Hello Group Inc.,1.00
MUX,8.18,18.68,Established,Pre-2025,McEwen Inc.,2.28
NFGC,1.87,3.03,Established,Pre-2025,New Found Gold Corp.,1.62
NGL,5.31,9.90,Established,Pre-2025,NGL Energy Partners LP,1.86
OCSL,13.60,12.72,Established,Pre-2025,Oaktree Specialty Lending Corp,0.94
OLPX,1.63,1.35,Established,Pre-2025,"OLAPLEX HOLDINGS, INC.",0.83
OPK,1.48,1.27,Established,Pre-2025,"OPKO HEALTH, INC.",0.86
PEBO,29.71,30.16,Established,Pre-2025,PEOPLES BANCORP INC,1.02
PHR,26.20,16.30,Established,Pre-2025,"Phreesia, Inc.",0.62
PX,12.73,9.89,Established,Pre-2025,"P10, Inc.",0.78
RDWR,22.36,23.78,Established,Pre-2025,RADWARE LTD,1.06
RZLV,4.32,2.87,Established,Pre-2025,REZOLVE AI PLC,0.66
SFL,9.73,7.89,Established,Pre-2025,SFL Corp Ltd.,0.81
SPRY,11.19,11.49,Established,Pre-2025,"ARS Pharmaceuticals, Inc.",1.03
SSII,7.80,5.65,Established,Pre-2025,"SS Innovations International, Inc.",0.72
STAA,24.54,23.60,Established,Pre-2025,STAAR SURGICAL CO,0.96
SVMB,2.75,2.15,Established,Pre-2025,"Jingbo Technology, Inc.",0.78
TASK,16.99,11.42,Established,Pre-2025,"TaskUs, Inc.",0.67
TMP,65.00,72.51,Established,Pre-2025,TOMPKINS FINANCIAL CORP,1.12
TWO,10.14,10.24,Established,Pre-2025,TWO HARBORS INVESTMENT CORP.,1.01
UAMY,1.86,5.93,Established,Pre-2025,UNITED STATES ANTIMONY CORP,3.19
ULCC,7.11,4.57,Established,Pre-2025,"Frontier Group Holdings, Inc.",0.64
UPBD,26.77,17.35,Established,Pre-2025,"UPBOUND GROUP, INC.",0.65
URGN,11.21,22.71,Established,Pre-2025,UroGen Pharma Ltd.,2.03
VLRS,7.43,9.14,Established,Pre-2025,"Controladora Vuela Compania de Aviacion, S.A.B. de C.V.",1.23
VRTS,209.04,162.51,Established,Pre-2025,"VIRTUS INVESTMENT PARTNERS, INC.",0.78
VTOL,35.91,37.34,Established,Pre-2025,Bristow Group Inc.,1.04
XNCR,24.13,14.92,Established,Pre-2025,Xencor Inc,0.62
YALA,4.05,7.06,Established,Pre-2025,Yalla Group Ltd,1.74
ABUS,3.42,4.77,Established,Pre-2025,Arbutus Biopharma Corp,1.39
ACEL,10.62,11.37,Established,Pre-2025,"Accel Entertainment, Inc.",1.07
ALIT,6.52,1.88,Established,Pre-2025,"Alight, Inc. / Delaware",0.29
ALNT,25.52,55.58,Established,Pre-2025,ALLIENT INC,2.18
ARVN,20.50,11.47,Established,Pre-2025,"ARVINAS, INC.",0.56
BBDC,8.55,9.24,Established,Pre-2025,"Barings BDC, Inc.",1.08
BBSI,42.47,36.39,Established,Pre-2025,BARRETT BUSINESS SERVICES INC,0.86
BCAX,16.69,16.38,Established,Pre-2025,Bicara Therapeutics Inc.,0.98
BHRB,58.67,61.77,Established,Pre-2025,Burke & Herbert Financial Services Corp.,1.05
BJRI,36.67,41.09,Established,Pre-2025,BJs RESTAURANTS INC,1.12
CMP,11.02,19.86,Established,Pre-2025,COMPASS MINERALS INTERNATIONAL INC,1.80
CMPX,1.56,5.17,Established,Pre-2025,"Compass Therapeutics, Inc.",3.31
EH,15.42,14.44,Established,Pre-2025,EHang Holdings Ltd,0.94
EIG,48.62,42.84,Established,Pre-2025,"Employers Holdings, Inc.",0.88
GDRX,4.45,2.75,Established,Pre-2025,"GoodRx Holdings, Inc.",0.62
GROY,1.25,4.08,Established,Pre-2025,Gold Royalty Corp.,3.26
GSBD,10.27,9.28,Established,Pre-2025,"Goldman Sachs BDC, Inc.",0.90
HDL,28.93,16.45,Established,Pre-2025,SUPER HI INTERNATIONAL HOLDING LTD.,0.57
HLX,9.52,6.40,Established,Pre-2025,HELIX ENERGY SOLUTIONS GROUP INC,0.67
IART,23.17,12.01,Established,Pre-2025,INTEGRA LIFESCIENCES HOLDINGS CORP,0.52
IGIC,22.18,25.03,Established,Pre-2025,International General Insurance Holdings Ltd.,1.13
IVA,2.16,4.76,Established,Pre-2025,Inventiva S.A.,2.20
KBDC,14.87,14.30,Established,Pre-2025,"Kayne Anderson BDC, Inc.",0.96
LGIH,86.88,41.71,Established,Pre-2025,"LGI Homes, Inc.",0.48
MFIC,12.08,11.46,Established,Pre-2025,MidCap Financial Investment Corp,0.95
MRTN,15.55,11.45,Established,Pre-2025,MARTEN TRANSPORT LTD,0.74
MVST,2.39,2.82,Established,Pre-2025,"Microvast Holdings, Inc.",1.18
NBTX,3.00,22.13,Established,Pre-2025,Nanobiotix S.A.,7.38
NEGG,9.60,52.29,Established,Pre-2025,"Newegg Commerce, Inc.",5.45
NPKI,7.74,12.10,Established,Pre-2025,NPK International Inc.,1.56
NRDS,13.67,12.93,Established,Pre-2025,"NERDWALLET, INC.",0.95
OCFC,17.23,17.84,Established,Pre-2025,OCEANFIRST FINANCIAL CORP,1.04
OMER,11.21,16.38,Established,Pre-2025,OMEROS CORP,1.46
OSBC,17.47,19.48,Established,Pre-2025,OLD SECOND BANCORP INC,1.12
PENG,19.21,20.28,Established,Pre-2025,"Penguin Solutions, Inc.",1.06
PLSE,19.63,13.39,Established,Pre-2025,"PULSE BIOSCIENCES, INC.",0.68
PLYM,16.71,21.88,Established,Pre-2025,"Plymouth Industrial REIT, Inc.",1.31
PNTG,26.54,27.83,Established,Pre-2025,"Pennant Group, Inc.",1.05
REX,21.62,32.40,Established,Pre-2025,REX AMERICAN RESOURCES Corp,1.50
SAFE,17.72,13.63,Established,Pre-2025,Safehold Inc.,0.77
SBGI,16.01,15.22,Established,Pre-2025,"Sinclair, Inc.",0.95
SERV,19.03,11.83,Established,Pre-2025,Serve Robotics Inc. /DE/,0.62
SUPV,16.86,11.51,Established,Pre-2025,Grupo Supervielle S.A.,0.68
TLRY,14.50,9.72,Established,Pre-2025,"Tilray Brands, Inc.",0.67
XIFR,18.70,10.17,Established,Pre-2025,"XPLR Infrastructure, LP",0.54
YEXT,6.33,7.85,Established,Pre-2025,"Yext, Inc.",1.24
AENT,9.69,8.01,Established,Pre-2025,ALLIANCE ENTERTAINMENT HOLDING CORP,0.83
BCSF,15.26,13.96,Established,Pre-2025,"Bain Capital Specialty Finance, Inc.",0.91
BKSY,11.87,20.82,Established,Pre-2025,BlackSky Technology Inc.,1.75
BOW,33.85,27.43,Established,Pre-2025,Bowhead Specialty Holdings Inc.,0.81
CFFN,5.56,6.69,Established,Pre-2025,"Capitol Federal Financial, Inc.",1.20
CGBD,16.17,12.55,Established,Pre-2025,"Carlyle Secured Lending, Inc.",0.78
CPAC,5.64,10.25,Established,Pre-2025,CEMENTOS PACASMAYO SAA,1.82
CRMD,8.18,12.16,Established,Pre-2025,CorMedix Inc.,1.49
EEX,4.76,4.55,Established,Pre-2025,"Emerald Holding, Inc.",0.96
ELVN,24.42,15.54,Established,Pre-2025,"Enliven Therapeutics, Inc.",0.64
EQBK,41.12,44.86,Established,Pre-2025,EQUITY BANCSHARES INC,1.09
ESPR,2.19,3.71,Established,Pre-2025,"Esperion Therapeutics, Inc.",1.69
ESQ,78.93,101.31,Established,Pre-2025,"Esquire Financial Holdings, Inc.",1.28
EVER,20.00,25.43,Established,Pre-2025,"EverQuote, Inc.",1.27
EVGO,4.32,3.08,Established,Pre-2025,EVgo Inc.,0.71
FLGT,18.76,25.59,Established,Pre-2025,"Fulgent Genetics, Inc.",1.36
FMBH,35.26,38.63,Established,Pre-2025,"FIRST MID BANCSHARES, INC.",1.10
FWRG,19.82,15.37,Established,Pre-2025,"First Watch Restaurant Group, Inc.",0.78
GERN,3.57,1.32,Established,Pre-2025,GERON CORP,0.37
GES,13.36,16.79,Established,Pre-2025,GUESS INC,1.26
GLDD,11.77,13.26,Established,Pre-2025,Great Lakes Dredge & Dock CORP,1.13
GMRE,34.91,33.89,Established,Pre-2025,Global Medical REIT Inc.,0.97
GOLD,27.31,34.77,Established,Pre-2025,"Gold.com, Inc.",1.27
JBI,7.57,6.65,Established,Pre-2025,"Janus International Group, Inc.",0.88
LOT,3.83,1.42,Established,Pre-2025,Lotus Technology Inc.,0.37
LQDT,32.29,29.59,Established,Pre-2025,LIQUIDITY SERVICES INC,0.92
MDXG,9.19,6.48,Established,Pre-2025,"MIMEDX GROUP, INC.",0.71
MFA,8.91,9.53,Established,Pre-2025,"MFA FINANCIAL, INC.",1.07
MFI,10.24,18.45,Established,Pre-2025,mF International Ltd,1.80
MSEX,50.39,50.27,Established,Pre-2025,MIDDLESEX WATER CO,1.00
NMFC,9.98,9.22,Established,Pre-2025,New Mountain Finance Corp,0.92
PDS,63.70,73.68,Established,Pre-2025,PRECISION DRILLING Corp,1.16
PFLT,9.81,9.40,Established,Pre-2025,PennantPark Floating Rate Capital Ltd.,0.96
POET,6.75,7.16,Established,Pre-2025,POET TECHNOLOGIES INC.,1.06
PRCH,5.32,9.22,Established,Pre-2025,"Porch Group, Inc.",1.73
PRSU,41.34,33.41,Established,Pre-2025,"Pursuit Attractions & Hospitality, Inc.",0.81
PUMP,9.87,9.82,Established,Pre-2025,ProPetro Holding Corp.,0.99
RPD,39.62,14.27,Established,Pre-2025,"Rapid7, Inc.",0.36
SBSI,29.73,30.45,Established,Pre-2025,SOUTHSIDE BANCSHARES INC,1.02
SIBN,14.27,19.79,Established,Pre-2025,"SI-BONE, Inc.",1.39
SIFY,3.02,12.29,Established,Pre-2025,SIFY TECHNOLOGIES LTD,4.07
SLDP,2.21,4.65,Established,Pre-2025,"Solid Power, Inc.",2.10
TBPH,9.31,18.15,Established,Pre-2025,"Theravance Biopharma, Inc.",1.95
UVSP,28.29,32.28,Established,Pre-2025,UNIVEST FINANCIAL Corp,1.14
VTYX,2.49,8.40,Established,Pre-2025,"Ventyx Biosciences, Inc.",3.37
AIV,6.01,5.90,Established,Pre-2025,APARTMENT INVESTMENT & MANAGEMENT CO,0.98
AMTB,21.39,19.71,Established,Pre-2025,Amerant Bancorp Inc.,0.92
ANNX,5.41,4.69,Established,Pre-2025,"Annexon, Inc.",0.87
AVO,14.10,11.58,Established,Pre-2025,"Mission Produce, Inc.",0.82
AXL,5.76,6.49,Established,Pre-2025,AMERICAN AXLE & MANUFACTURING HOLDINGS INC,1.13
BALY,18.49,16.64,Established,Pre-2025,Bally's Corp,0.90
BBW,44.68,61.00,Established,Pre-2025,BUILD-A-BEAR WORKSHOP INC,1.37
BFST,24.48,25.88,Established,Pre-2025,"Business First Bancshares, Inc.",1.06
BGM,9.37,3.58,Established,Pre-2025,BGM Group Ltd.,0.38
BLDP,1.92,2.68,Established,Pre-2025,Ballard Power Systems Inc.,1.40
BLND,3.80,3.02,Established,Pre-2025,"Blend Labs, Inc.",0.79
CBLL,24.29,21.30,Established,Pre-2025,"Ceribell, Inc.",0.88
CLB,18.69,16.95,Established,Pre-2025,Core Laboratories Inc. /DE/,0.91
CNNE,19.49,15.73,Established,Pre-2025,"Cannae Holdings, Inc.",0.81
CPF,26.63,31.08,Established,Pre-2025,CENTRAL PACIFIC FINANCIAL CORP,1.17
DBVT,3.36,19.05,Established,Pre-2025,DBV Technologies S.A.,5.67
GO,15.67,10.17,Established,Pre-2025,Grocery Outlet Holding Corp.,0.65
GSM,3.91,4.59,Established,Pre-2025,Ferroglobe PLC,1.17
HBNC,15.14,16.54,Established,Pre-2025,HORIZON BANCORP INC /IN/,1.09
HEPS,3.23,2.56,Established,Pre-2025,D-MARKET Electronic Services & Trading,0.79
IIIV,23.52,25.25,Established,Pre-2025,"i3 Verticals, Inc.",1.07
ITRN,31.03,42.52,Established,Pre-2025,Ituran Location & Control Ltd.,1.37
KURA,8.73,10.34,Established,Pre-2025,"Kura Oncology, Inc.",1.18
LMB,94.12,79.07,Established,Pre-2025,"Limbach Holdings, Inc.",0.84
MEG,19.20,24.88,Established,Pre-2025,"Montrose Environmental Group, Inc.",1.30
NBBK,17.71,19.53,Established,Pre-2025,"NB Bancorp, Inc.",1.10
NBR,61.72,55.40,Established,Pre-2025,NABORS INDUSTRIES LTD,0.90
NKTR,16.50,43.42,Established,Pre-2025,NEKTAR THERAPEUTICS,2.63
NRGV,2.53,4.89,Established,Pre-2025,"Energy Vault Holdings, Inc.",1.93
ODV,1.58,3.52,Established,Pre-2025,Osisko Development Corp.,2.23
OPFI,8.32,10.30,Established,Pre-2025,OppFi Inc.,1.24
QNST,23.55,14.08,Established,Pre-2025,"QUINSTREET, INC",0.60
RAPT,13.36,31.85,Established,Pre-2025,"RAPT Therapeutics, Inc.",2.38
RJET,18.90,19.62,Established,Pre-2025,REPUBLIC AIRWAYS HOLDINGS INC.,1.04
SCSC,47.61,39.06,Established,Pre-2025,"SCANSOURCE, INC.",0.82
SG,33.14,6.93,Established,Pre-2025,"Sweetgreen, Inc.",0.21
SSYS,9.08,9.01,Established,Pre-2025,STRATASYS LTD.,0.99
TMQ,1.17,4.59,Established,Pre-2025,Trilogy Metals Inc.,3.92
TYG,38.68,41.43,Established,Pre-2025,TORTOISE ENERGY INFRASTRUCTURE CORP,1.07
UDMY,8.48,5.57,Established,Pre-2025,"Udemy, Inc.",0.66
UFCS,27.55,35.58,Established,Pre-2025,UNITED FIRE GROUP INC,1.29
UTL,52.12,48.99,Established,Pre-2025,UNITIL CORP,0.94
UTZ,14.71,10.29,Established,Pre-2025,"Utz Brands, Inc.",0.70
UVE,19.40,31.71,Established,Pre-2025,"UNIVERSAL INSURANCE HOLDINGS, INC.",1.63
VALN,4.62,8.95,Established,Pre-2025,Valneva SE,1.94
VIR,7.50,5.94,Established,Pre-2025,"Vir Biotechnology, Inc.",0.79
VSTS,15.22,6.58,Established,Pre-2025,Vestis Corp,0.43
ZBIO,9.83,34.50,Established,Pre-2025,"Zenas BioPharma, Inc.",3.51
ABX,7.66,7.92,Established,Pre-2025,"Abacus Global Management, Inc.",1.03
AHG,1.41,1.60,Established,Pre-2025,Akso Health Group,1.13
AIP,12.25,15.58,Established,Pre-2025,"Arteris, Inc.",1.27
AMC,4.02,1.61,Established,Pre-2025,"AMC ENTERTAINMENT HOLDINGS, INC.",0.40
AMWD,79.66,54.99,Established,Pre-2025,AMERICAN WOODMARK CORP,0.69
AQST,3.58,6.45,Established,Pre-2025,"Aquestive Therapeutics, Inc.",1.80
ATXS,8.88,12.89,Established,Pre-2025,"Astria Therapeutics, Inc.",1.45
AVBP,27.52,20.80,Established,Pre-2025,"ArriVent BioPharma, Inc.",0.76
AXG,1.86,4.08,Established,Pre-2025,"Solowin Holdings, Ltd.",2.19
CAPL,20.06,20.62,Established,Pre-2025,CrossAmerica Partners LP,1.03
CCNE,23.92,25.74,Established,Pre-2025,CNB FINANCIAL CORP/PA,1.08
CMPS,4.45,6.55,Established,Pre-2025,COMPASS Pathways plc,1.47
CTLP,9.42,10.68,Established,Pre-2025,"CANTALOUPE, INC.",1.13
DJCO,577.61,501.82,Established,Pre-2025,DAILY JOURNAL CORP,0.87
FMCB,1021.60,1140.00,Established,Pre-2025,FARMERS & MERCHANTS BANCORP,1.12
FPH,3.83,5.44,Established,Pre-2025,"Five Point Holdings, LLC",1.42
FUBO,1.44,2.59,Established,Pre-2025,FuboTV Inc.,1.80
FWRD,33.37,25.13,Established,Pre-2025,FORWARD AIR CORP,0.75
GDYN,21.91,8.83,Established,Pre-2025,"GRID DYNAMICS HOLDINGS, INC.",0.40
GNK,13.51,18.44,Established,Pre-2025,GENCO SHIPPING & TRADING LTD,1.36
HAFC,21.81,26.85,Established,Pre-2025,HANMI FINANCIAL CORP,1.23
HBT,20.95,25.71,Established,Pre-2025,"HBT Financial, Inc.",1.23
HRTG,12.00,27.28,Established,Pre-2025,"Heritage Insurance Holdings, Inc.",2.27
ICHR,32.87,20.41,Established,Pre-2025,"ICHOR HOLDINGS, LTD.",0.62
INDI,4.59,3.70,Established,Pre-2025,"indie Semiconductor, Inc.",0.81
JANX,53.92,13.65,Established,Pre-2025,"Janux Therapeutics, Inc.",0.25
KALV,9.03,15.46,Established,Pre-2025,"KalVista Pharmaceuticals, Inc.",1.71
LDI,1.88,2.09,Established,Pre-2025,"loanDepot, Inc.",1.11
LIND,11.51,14.44,Established,Pre-2025,"LINDBLAD EXPEDITIONS HOLDINGS, INC.",1.25
MATW,26.38,25.93,Established,Pre-2025,MATTHEWS INTERNATIONAL CORP,0.98
MBWM,42.75,47.61,Established,Pre-2025,MERCANTILE BANK CORP,1.11
MCB,59.24,76.97,Established,Pre-2025,Metropolitan Bank Holding Corp.,1.30
NPK,95.14,107.00,Established,Pre-2025,NATIONAL PRESTO INDUSTRIES INC,1.12
ORIC,8.55,8.17,Established,Pre-2025,"Oric Pharmaceuticals, Inc.",0.96
PSNL,6.64,7.85,Established,Pre-2025,"Personalis, Inc.",1.18
REAX,4.48,3.69,Established,Pre-2025,Real Brokerage Inc,0.82
RIGL,17.38,41.83,Established,Pre-2025,RIGEL PHARMACEUTICALS INC,2.41
RSKD,4.83,4.81,Established,Pre-2025,RISKIFIED LTD.,1.00
RYI,17.12,25.76,Established,Pre-2025,Ryerson Holding Corp,1.50
SCHL,20.27,29.96,Established,Pre-2025,SCHOLASTIC CORP,1.48
SLRC,14.85,15.43,Established,Pre-2025,SLR Investment Corp.,1.04
SMP,29.71,37.06,Established,Pre-2025,"STANDARD MOTOR PRODUCTS, INC.",1.25
SNCY,14.33,14.49,Established,Pre-2025,"Sun Country Airlines Holdings, Inc.",1.01
TDAY,5.36,5.21,Established,Pre-2025,"USA TODAY Co., Inc.",0.97
TK,6.10,8.82,Established,Pre-2025,TEEKAY CORP LTD,1.45
VINP,9.36,13.03,Established,Pre-2025,Vinci Compass Investments Ltd.,1.39
WOOF,4.06,2.85,Established,Pre-2025,"Petco Health & Wellness Company, Inc.",0.70
ACDC,8.21,4.04,Established,Pre-2025,ProFrac Holding Corp.,0.49
ADTN,9.04,8.68,Established,Pre-2025,"ADTRAN Holdings, Inc.",0.96
AEHR,17.27,22.16,Established,Pre-2025,AEHR TEST SYSTEMS,1.28
AIOT,6.65,5.25,Established,Pre-2025,"Powerfleet, Inc.",0.79
AMSF,47.95,37.58,Established,Pre-2025,AMERISAFE INC,0.78
APEI,21.21,36.15,Established,Pre-2025,AMERICAN PUBLIC EDUCATION INC,1.70
BRSP,5.19,5.72,Established,Pre-2025,"BrightSpire Capital, Inc.",1.10
BTBT,3.69,2.04,Established,Pre-2025,"Bit Digital, Inc",0.55
CAC,40.36,43.03,Established,Pre-2025,CAMDEN NATIONAL CORP,1.07
CARS,17.13,12.04,Established,Pre-2025,Cars.com Inc.,0.70
CCBG,34.99,42.32,Established,Pre-2025,CAPITAL CITY BANK GROUP INC,1.21
CTKB,6.83,4.92,Established,Pre-2025,"Cytek Biosciences, Inc.",0.72
CTMX,1.13,4.25,Established,Pre-2025,"CytomX Therapeutics, Inc.",3.76
DNUT,9.70,4.08,Established,Pre-2025,"Krispy Kreme, Inc.",0.42
DRUG,39.85,83.46,Established,Pre-2025,BRIGHT MINDS BIOSCIENCES INC.,2.09
DSP,19.37,11.60,Established,Pre-2025,Viant Technology Inc.,0.60
ECC,7.27,5.90,Established,Pre-2025,Eagle Point Credit Co Inc.,0.81
EPC,31.85,16.86,Established,Pre-2025,EDGEWELL PERSONAL CARE Co,0.53
ERII,15.06,13.72,Established,Pre-2025,"Energy Recovery, Inc.",0.91
FOXF,30.17,17.42,Established,Pre-2025,FOX FACTORY HOLDING CORP,0.58
FSBC,29.02,35.65,Established,Pre-2025,FIVE STAR BANCORP,1.23
HFWA,23.21,23.70,Established,Pre-2025,HERITAGE FINANCIAL CORP /WA/,1.02
HIPO,26.80,29.98,Established,Pre-2025,Hippo Holdings Inc.,1.12
HNRG,11.74,19.36,Established,Pre-2025,HALLADOR ENERGY CO,1.65
HTBK,8.76,12.06,Established,Pre-2025,HERITAGE COMMERCE CORP,1.38
HTLD,11.08,9.15,Established,Pre-2025,HEARTLAND EXPRESS INC,0.83
IDR,10.47,41.13,Established,Pre-2025,"Idaho Strategic Resources, Inc.",3.93
JBSS,85.59,69.77,Established,Pre-2025,SANFILIPPO JOHN B & SON INC,0.82
KODK,6.78,8.44,Established,Pre-2025,EASTMAN KODAK CO,1.24
LINC,15.40,23.31,Established,Pre-2025,LINCOLN EDUCATIONAL SERVICES CORP,1.51
MAX,11.57,11.95,Established,Pre-2025,"MediaAlpha, Inc.",1.03
MCBS,30.81,26.27,Established,Pre-2025,"MetroCity Bankshares, Inc.",0.85
MLTX,53.45,11.95,Established,Pre-2025,MoonLake Immunotherapeutics,0.22
MOFG,27.86,38.07,Established,Pre-2025,"MidWestOne Financial Group, Inc.",1.37
MTA,2.66,7.75,Established,Pre-2025,Metalla Royalty & Streaming Ltd.,2.91
MTUS,13.74,17.79,Established,Pre-2025,Metallus Inc.,1.29
NAT,2.40,3.37,Established,Pre-2025,NORDIC AMERICAN TANKERS Ltd,1.40
NB,1.55,5.95,Established,Pre-2025,NIOCORP DEVELOPMENTS LTD,3.84
NXDR,2.46,2.08,Established,Pre-2025,"Nextdoor Holdings, Inc.",0.85
OPY,63.46,72.64,Established,Pre-2025,OPPENHEIMER HOLDINGS INC,1.14
PLOW,23.30,32.99,Established,Pre-2025,"DOUGLAS DYNAMICS, INC",1.42
RGNX,7.77,13.57,Established,Pre-2025,REGENXBIO Inc.,1.75
SES,2.25,1.92,Established,Pre-2025,SES AI Corp,0.85
TDUP,1.56,6.07,Established,Pre-2025,ThredUp Inc.,3.89
TH,9.68,8.10,Established,Pre-2025,Target Hospitality Corp.,0.84
TROX,8.85,4.27,Established,Pre-2025,Tronox Holdings plc,0.48
UXIN,4.97,3.62,Established,Pre-2025,Uxin Ltd,0.73
WRLD,114.22,141.80,Established,Pre-2025,WORLD ACCEPTANCE CORP,1.24
ADSE,15.26,12.61,Established,Pre-2025,Ads-Tec Energy Public Ltd Co,0.83
AHH,9.42,6.64,Established,Pre-2025,"Armada Hoffler Properties, Inc.",0.70
AOSL,38.63,20.66,Established,Pre-2025,ALPHA & OMEGA SEMICONDUCTOR Ltd,0.53
APOG,70.19,37.34,Established,Pre-2025,"APOGEE ENTERPRISES, INC.",0.53
ASPI,5.37,5.63,Established,Pre-2025,ASP Isotopes Inc.,1.05
BW,1.78,6.35,Established,Pre-2025,"Babcock & Wilcox Enterprises, Inc.",3.57
CGNT,8.88,8.90,Established,Pre-2025,Cognyte Software Ltd.,1.00
CSV,38.75,41.50,Established,Pre-2025,CARRIAGE SERVICES INC,1.07
CWH,20.23,9.71,Established,Pre-2025,"Camping World Holdings, Inc.",0.48
DC,2.36,5.48,Established,Pre-2025,Dakota Gold Corp.,2.32
DDL,3.57,2.66,Established,Pre-2025,Dingdong (Cayman) Ltd,0.75
DVLT,2.21,1.01,Established,Pre-2025,Datavault AI Inc.,0.46
EBS,10.32,12.51,Established,Pre-2025,Emergent BioSolutions Inc.,1.21
EMBC,19.55,11.66,Established,Pre-2025,Embecta Corp.,0.60
FDUS,19.06,19.53,Established,Pre-2025,FIDUS INVESTMENT Corp,1.02
FULC,5.08,10.92,Established,Pre-2025,"Fulcrum Therapeutics, Inc.",2.15
FVRR,32.64,19.68,Established,Pre-2025,Fiverr International Ltd.,0.60
FWDI,5.27,7.31,Established,Pre-2025,"Forward Industries, Inc.",1.39
GAU,1.30,2.56,Established,Pre-2025,Galiano Gold Inc.,1.97
GDEN,30.26,27.30,Established,Pre-2025,"GOLDEN ENTERTAINMENT, INC.",0.90
GDOT,9.95,12.60,Established,Pre-2025,GREEN DOT CORP,1.27
GHM,47.26,66.38,Established,Pre-2025,GRAHAM CORP,1.40
GPRE,9.64,10.28,Established,Pre-2025,Green Plains Inc.,1.07
GYRE,10.79,6.81,Established,Pre-2025,"GYRE THERAPEUTICS, INC.",0.63
HBIA,69.10,82.00,Established,Pre-2025,HILLS BANCORPORATION,1.19
HIVE,3.31,2.73,Established,Pre-2025,HIVE Digital Technologies Ltd.,0.82
INNV,3.98,5.19,Established,Pre-2025,InnovAge Holding Corp.,1.30
LAES,8.14,4.24,Established,Pre-2025,SEALSQ Corp,0.52
LXEO,7.29,9.61,Established,Pre-2025,"Lexeo Therapeutics, Inc.",1.32
MPB,27.60,30.86,Established,Pre-2025,MID PENN BANCORP INC,1.12
MYE,10.58,18.61,Established,Pre-2025,MYERS INDUSTRIES INC,1.76
NOAH,10.02,10.63,Established,Pre-2025,NOAH HOLDINGS LTD,1.06
NX,23.08,15.37,Established,Pre-2025,Quanex Building Products CORP,0.67
NXP,14.28,14.06,Established,Pre-2025,NUVEEN SELECT TAX FREE INCOME PORTFOLIO,0.98
ODC,43.19,48.45,Established,Pre-2025,Oil-Dri Corp of America,1.12
PIII,12.40,3.50,Established,Pre-2025,P3 Health Partners Inc.,0.28
PRME,3.35,3.53,Established,Pre-2025,"Prime Medicine, Inc.",1.05
PROK,1.86,2.23,Established,Pre-2025,PROKIDNEY CORP.,1.20
RDVT,35.46,51.37,Established,Pre-2025,"Red Violet, Inc.",1.45
STRW,10.20,12.98,Established,Pre-2025,"Strawberry Fields REIT, Inc.",1.27
SWIM,6.57,6.33,Established,Pre-2025,"Latham Group, Inc.",0.96
TEN,16.90,21.89,Established,Pre-2025,TSAKOS ENERGY NAVIGATION LTD,1.30
THFF,43.75,59.52,Established,Pre-2025,FIRST FINANCIAL CORP /IN/,1.36
TREE,39.99,51.50,Established,Pre-2025,"LendingTree, Inc.",1.29
VEL,19.11,19.54,Established,Pre-2025,"Velocity Financial, Inc.",1.02
VTS,23.51,19.91,Established,Pre-2025,"Vitesse Energy, Inc.",0.85
WSR,13.67,13.81,Established,Pre-2025,Whitestone REIT,1.01
ABAT,2.47,3.70,Established,Pre-2025,AMERICAN BATTERY TECHNOLOGY Co,1.50
ABSI,3.26,3.61,Established,Pre-2025,Absci Corp,1.11
ALTI,4.40,4.71,Established,Pre-2025,"AlTi Global, Inc.",1.07
AMN,25.46,15.12,Established,Pre-2025,AMN HEALTHCARE SERVICES INC,0.59
BCAL,16.11,18.55,Established,Pre-2025,California BanCorp CA,1.15
BWMN,25.66,33.87,Established,Pre-2025,Bowman Consulting Group Ltd.,1.32
BWMX,10.01,15.83,Established,Pre-2025,"BETTERWARE DE MEXICO, S.A.P.I. DE C.V",1.58
BZH,26.69,20.25,Established,Pre-2025,BEAZER HOMES USA INC,0.76
CBRL,54.78,26.85,Established,Pre-2025,"CRACKER BARREL OLD COUNTRY STORE, INC",0.49
CEVA,32.05,22.42,Established,Pre-2025,CEVA INC,0.70
CGEM,12.68,10.12,Established,Pre-2025,"Cullinan Therapeutics, Inc.",0.80
CPS,13.63,32.59,Established,Pre-2025,Cooper-Standard Holdings Inc.,2.39
CRSR,7.09,6.02,Established,Pre-2025,"Corsair Gaming, Inc.",0.85
CTO,18.09,18.35,Established,Pre-2025,"CTO Realty Growth, Inc.",1.01
CVLG,27.84,22.30,Established,Pre-2025,"COVENANT LOGISTICS GROUP, INC.",0.80
DCBO,44.08,22.43,Established,Pre-2025,Docebo Inc.,0.51
ECX,2.03,1.64,Established,Pre-2025,ECARX Holdings Inc.,0.81
GRPN,12.06,17.31,Established,Pre-2025,"Groupon, Inc.",1.44
GSBC,57.72,61.31,Established,Pre-2025,"GREAT SOUTHERN BANCORP, INC.",1.06
HSTM,31.90,22.79,Established,Pre-2025,HEALTHSTREAM INC,0.71
HUYA,1.77,3.03,Established,Pre-2025,HUYA Inc.,1.71
IBCP,33.40,32.19,Established,Pre-2025,INDEPENDENT BANK CORP /MI/,0.96
IMSR,10.03,6.53,Established,Pre-2025,Terrestrial Energy Inc. /DE/,0.65
IRWD,4.51,4.27,Established,Pre-2025,IRONWOOD PHARMACEUTICALS INC,0.95
JBIO,91.40,14.16,Established,Pre-2025,"Jade Biosciences, Inc.",0.15
KE,18.61,28.79,Established,Pre-2025,"Kimball Electronics, Inc.",1.55
KRNT,30.73,14.34,Established,Pre-2025,Kornit Digital Ltd.,0.47
KRUS,100.21,54.23,Established,Pre-2025,"KURA SUSHI USA, INC.",0.54
LVWR,4.95,4.55,Established,Pre-2025,"LiveWire Group, Inc.",0.92
MATV,10.42,11.82,Established,Pre-2025,"Mativ Holdings, Inc.",1.13
MSC,5.21,3.53,Established,Pre-2025,STUDIO CITY INTERNATIONAL HOLDINGS Ltd,0.68
NCDL,14.87,13.49,Established,Pre-2025,Nuveen Churchill Direct Lending Corp.,0.91
NEWP,1.29,3.43,Established,Pre-2025,NEW PACIFIC METALS CORP,2.66
NTGR,27.52,24.30,Established,Pre-2025,"NETGEAR, INC.",0.88
ORRF,34.94,34.91,Established,Pre-2025,ORRSTOWN FINANCIAL SERVICES INC,1.00
PRAA,20.53,17.48,Established,Pre-2025,PRA GROUP INC,0.85
REPL,12.62,8.90,Established,Pre-2025,"Replimune Group, Inc.",0.71
RR,4.09,3.48,Established,Pre-2025,RICHTECH ROBOTICS INC.,0.85
SFIX,4.52,5.12,Established,Pre-2025,"Stitch Fix, Inc.",1.13
SKYH,11.69,8.91,Established,Pre-2025,Sky Harbour Group Corp,0.76
SMBC,55.56,58.60,Established,Pre-2025,"SOUTHERN MISSOURI BANCORP, INC.",1.05
SPT,32.35,10.35,Established,Pre-2025,"Sprout Social, Inc.",0.32
SSTK,29.43,18.69,Established,Pre-2025,"Shutterstock, Inc.",0.64
TALK,3.22,3.51,Established,Pre-2025,"Talkspace, Inc.",1.09
TATT,27.11,47.58,Established,Pre-2025,TAT TECHNOLOGIES LTD,1.76
TCMD,17.53,27.40,Established,Pre-2025,TACTILE SYSTEMS TECHNOLOGY INC,1.56
TIPT,19.86,18.04,Established,Pre-2025,TIPTREE INC.,0.91
VTEX,5.80,3.63,Established,Pre-2025,VTEX,0.63
WDH,1.14,1.90,Established,Pre-2025,Waterdrop Inc.,1.67
WLKP,21.06,18.95,Established,Pre-2025,Westlake Chemical Partners LP,0.90
ALLT,6.51,9.66,Established,Pre-2025,Allot Ltd.,1.48
ALRS,18.49,22.45,Established,Pre-2025,ALERUS FINANCIAL CORP,1.21
ANGI,16.40,12.65,Established,Pre-2025,Angi Inc.,0.77
APPS,1.97,4.78,Established,Pre-2025,"Digital Turbine, Inc.",2.43
BLMN,11.53,6.38,Established,Pre-2025,"Bloomin' Brands, Inc.",0.55
BMBL,8.10,3.62,Established,Pre-2025,Bumble Inc.,0.45
CABO,369.59,104.16,Established,Pre-2025,"Cable One, Inc.",0.28
CINT,6.32,4.32,Established,Pre-2025,CI&T Inc,0.68
CMCL,9.18,26.33,Established,Pre-2025,Caledonia Mining Corp Plc,2.87
CRNC,19.33,11.56,Established,Pre-2025,Cerence Inc.,0.60
CWCO,25.67,34.83,Established,Pre-2025,Consolidated Water Co. Ltd.,1.36
DIN,28.38,33.22,Established,Pre-2025,"Dine Brands Global, Inc.",1.17
DNA,11.54,8.70,Established,Pre-2025,"Ginkgo Bioworks Holdings, Inc.",0.75
DSGN,6.66,9.10,Established,Pre-2025,"Design Therapeutics, Inc.",1.37
EGBN,24.85,20.85,Established,Pre-2025,EAGLE BANCORP INC,0.84
EVTL,11.41,5.83,Established,Pre-2025,Vertical Aerospace Ltd.,0.51
FBYD,7.92,14.25,Established,Pre-2025,"Falcon's Beyond Global, Inc.",1.80
FISI,25.63,30.84,Established,Pre-2025,FINANCIAL INSTITUTIONS INC,1.20
FRGE,14.27,44.45,Established,Pre-2025,"Forge Global Holdings, Inc.",3.11
GOGO,8.24,4.76,Established,Pre-2025,Gogo Inc.,0.58
GOTU,2.14,2.44,Established,Pre-2025,Gaotu Techedu Inc.,1.14
HTT,2.76,3.51,Established,Pre-2025,Qudian Inc.,1.27
IBTA,67.63,22.90,Established,Pre-2025,"Ibotta, Inc.",0.34
IIIN,25.11,32.41,Established,Pre-2025,INSTEEL INDUSTRIES INC,1.29
ISOU,8.32,10.08,Established,Pre-2025,IsoEnergy Ltd.,1.21
IVR,6.91,8.48,Established,Pre-2025,Invesco Mortgage Capital Inc.,1.23
KFRC,53.96,31.33,Established,Pre-2025,KFORCE INC,0.58
LXU,7.68,8.57,Established,Pre-2025,"LSB INDUSTRIES, INC.",1.12
MBUU,37.29,28.61,Established,Pre-2025,"MALIBU BOATS, INC.",0.77
MGTX,6.42,7.81,Established,Pre-2025,MeiraGTx Holdings plc,1.22
MYGN,13.67,6.14,Established,Pre-2025,MYRIAD GENETICS INC,0.45
NRIM,18.94,26.86,Established,Pre-2025,NORTHRIM BANCORP INC,1.42
NWPX,47.05,63.03,Established,Pre-2025,"NWPX Infrastructure, Inc.",1.34
OFIX,17.35,14.84,Established,Pre-2025,Orthofix Medical Inc.,0.86
PACB,1.99,1.84,Established,Pre-2025,"PACIFIC BIOSCIENCES OF CALIFORNIA, INC.",0.92
PHCI,1.54,8.00,Established,Pre-2025,Panamera Holdings Corp,5.19
SHEN,12.34,11.31,Established,Pre-2025,SHENANDOAH TELECOMMUNICATIONS CO/VA/,0.92
SLS,1.08,4.35,Established,Pre-2025,"SELLAS Life Sciences Group, Inc.",4.03
SMBK,30.94,36.56,Established,Pre-2025,SMARTFINANCIAL INC.,1.18
SMWB,14.51,7.11,Established,Pre-2025,SIMILARWEB LTD.,0.49
SNDA,22.84,31.93,Established,Pre-2025,"SONIDA SENIOR LIVING, INC.",1.40
SPFI,33.92,38.28,Established,Pre-2025,"SOUTH PLAINS FINANCIAL, INC.",1.13
SXC,9.79,7.33,Established,Pre-2025,"SunCoke Energy, Inc.",0.75
URG,1.21,1.53,Established,Pre-2025,UR-ENERGY INC,1.26
WRN,1.10,2.71,Established,Pre-2025,Western Copper & Gold Corp,2.46
ACIC,11.55,11.38,Established,Pre-2025,AMERICAN COASTAL INSURANCE Corp,0.99
AROW,26.59,31.30,Established,Pre-2025,ARROW FINANCIAL CORP,1.18
AUTL,2.68,1.87,Established,Pre-2025,Autolus Therapeutics plc,0.70
AVNS,15.55,11.18,Established,Pre-2025,"AVANOS MEDICAL, INC.",0.72
BETR,9.85,34.74,Established,Pre-2025,Better Home & Finance Holding Co,3.53
BHB,28.82,31.22,Established,Pre-2025,BAR HARBOR BANKSHARES,1.08
CANG,2.62,1.41,Established,Pre-2025,Cango Inc.,0.54
CASS,38.56,40.58,Established,Pre-2025,CASS INFORMATION SYSTEMS INC,1.05
CCAP,17.09,14.28,Established,Pre-2025,"Crescent Capital BDC, Inc.",0.84
CLMB,126.70,100.53,Established,Pre-2025,"Climb Global Solutions, Inc.",0.79
CMCO,36.19,17.20,Established,Pre-2025,COLUMBUS MCKINNON CORP,0.48
CRVS,5.83,7.32,Established,Pre-2025,"Corvus Pharmaceuticals, Inc.",1.26
CTEV,14.21,33.89,Established,Pre-2025,Claritev Corp,2.38
CYRX,8.49,9.56,Established,Pre-2025,"Cryoport, Inc.",1.13
ENGN,7.98,8.85,Established,Pre-2025,enGene Holdings Inc.,1.11
ETD,26.19,22.86,Established,Pre-2025,ETHAN ALLEN INTERIORS INC,0.87
EU,3.59,2.72,Established,Pre-2025,enCore Energy Corp.,0.76
FCBC,36.72,32.05,Established,Pre-2025,FIRST COMMUNITY BANKSHARES INC /VA/,0.87
FEIM,18.47,50.55,Established,Pre-2025,FREQUENCY ELECTRONICS INC,2.74
FIP,7.28,4.88,Established,Pre-2025,FTAI Infrastructure Inc.,0.67
FTK,9.25,17.05,Established,Pre-2025,FLOTEK INDUSTRIES INC/CN/,1.84
GFR,7.17,4.81,Established,Pre-2025,Greenfire Resources Ltd.,0.67
GOSS,1.02,2.88,Established,Pre-2025,"Gossamer Bio, Inc.",2.82
GRNL,118.78,2.95,Established,Pre-2025,GREENLITE VENTURES INC,0.02
HOV,129.76,97.78,Established,Pre-2025,HOVNANIAN ENTERPRISES INC,0.75
HZO,28.13,24.08,Established,Pre-2025,MARINEMAX INC,0.86
IHRT,2.13,4.15,Established,Pre-2025,"iHeartMedia, Inc.",1.95
KRO,9.03,4.48,Established,Pre-2025,KRONOS WORLDWIDE INC,0.50
KROS,16.10,18.54,Established,Pre-2025,"Keros Therapeutics, Inc.",1.15
LPTH,4.14,11.72,Established,Pre-2025,LIGHTPATH TECHNOLOGIES INC,2.83
LWLG,2.42,3.66,Established,Pre-2025,"Lightwave Logic, Inc.",1.51
LYTS,19.51,18.47,Established,Pre-2025,LSI INDUSTRIES INC,0.95
MNRO,22.72,19.70,Established,Pre-2025,"MONRO, INC.",0.87
NPCE,11.57,15.17,Established,Pre-2025,NeuroPace Inc,1.31
PLAY,30.37,17.04,Established,Pre-2025,"Dave & Buster's Entertainment, Inc.",0.56
RGR,34.54,33.47,Established,Pre-2025,STURM RUGER & CO INC,0.97
RHNO,4.84,5.75,Established,Pre-2025,RHINO BITCOIN INC.,1.19
SHBI,15.30,17.41,Established,Pre-2025,SHORE BANCSHARES INC,1.14
SOHU,13.05,15.83,Established,Pre-2025,Sohu.com Ltd,1.21
TRNS,108.26,57.16,Established,Pre-2025,TRANSCAT INC,0.53
TXO,14.89,10.99,Established,Pre-2025,"TXO Partners, L.P.",0.74
UROY,2.35,3.88,Established,Pre-2025,Uranium Royalty Corp.,1.65
VSTM,7.00,7.23,Established,Pre-2025,"Verastem, Inc.",1.03
WEAV,15.95,7.17,Established,Pre-2025,"Weave Communications, Inc.",0.45
ZKH,3.64,3.69,Established,Pre-2025,ZKH Group Ltd,1.01
ACNB,38.15,47.25,Established,Pre-2025,ACNB CORP,1.24
ANRO,4.61,16.59,Established,Pre-2025,"Alto Neuroscience, Inc.",3.60
ARKO,6.22,4.47,Established,Pre-2025,ARKO Corp.,0.72
ASMB,17.49,33.75,Established,Pre-2025,"ASSEMBLY BIOSCIENCES, INC.",1.93
BVS,10.44,7.21,Established,Pre-2025,Bioventus Inc.,0.69
BWB,13.43,17.53,Established,Pre-2025,Bridgewater Bancshares Inc,1.31
BXC,101.04,60.75,Established,Pre-2025,BlueLinx Holdings Inc.,0.60
CDZI,5.12,5.80,Established,Pre-2025,CADIZ INC,1.13
CION,9.98,9.73,Established,Pre-2025,CION Investment Corp,0.97
CLCO,8.32,9.64,Established,Pre-2025,Cool Co Ltd.,1.16
DRTS,3.13,4.83,Established,Pre-2025,Alpha Tau Medical Ltd.,1.54
FFIC,13.79,15.14,Established,Pre-2025,FLUSHING FINANCIAL CORP,1.10
FFWM,6.22,6.18,Established,Pre-2025,First Foundation Inc.,0.99
FMNB,13.25,13.27,Established,Pre-2025,FARMERS NATIONAL BANC CORP /OH/,1.00
FUFU,5.68,2.80,Established,Pre-2025,Bitfufu Inc.,0.49
GAIN,11.97,13.94,Established,Pre-2025,GLADSTONE INVESTMENT CORPORATION\DE,1.16
GETY,2.39,1.31,Established,Pre-2025,"Getty Images Holdings, Inc.",0.55
GOOD,14.82,10.79,Established,Pre-2025,GLADSTONE COMMERCIAL CORP,0.73
GRNT,6.17,4.68,Established,Pre-2025,"Granite Ridge Resources, Inc.",0.76
GTN,3.21,4.80,Established,Pre-2025,"GRAY MEDIA, INC",1.50
HCKT,30.05,19.55,Established,Pre-2025,"HACKETT GROUP, INC.",0.65
HELE,58.87,20.61,Established,Pre-2025,HELEN OF TROY LTD,0.35
HLLY,3.05,4.14,Established,Pre-2025,Holley Inc.,1.36
HPK,15.13,4.47,Established,Pre-2025,"HighPeak Energy, Inc.",0.30
HY,49.05,30.07,Established,Pre-2025,"HYSTER-YALE, INC.",0.61
IMRX,2.34,6.62,Established,Pre-2025,Immuneering Corp,2.83
KLC,18.45,4.16,Established,Pre-2025,"KinderCare Learning Companies, Inc.",0.23
KOP,31.38,26.67,Established,Pre-2025,Koppers Holdings Inc.,0.85
KYTX,4.10,8.77,Established,Pre-2025,"Kyverna Therapeutics, Inc.",2.14
LTBR,6.60,14.11,Established,Pre-2025,LIGHTBRIDGE Corp,2.14
LX,5.83,3.24,Established,Pre-2025,LexinFintech Holdings Ltd.,0.56
LYEL,13.96,28.98,Established,Pre-2025,"Lyell Immunopharma, Inc.",2.08
NAGE,5.51,6.25,Established,Pre-2025,"Niagen Bioscience, Inc.",1.13
NGVC,40.89,24.70,Established,Pre-2025,"Natural Grocers by Vitamin Cottage, Inc.",0.60
ORGO,3.10,4.64,Established,Pre-2025,Organogenesis Holdings Inc.,1.50
OXM,75.68,35.89,Established,Pre-2025,OXFORD INDUSTRIES INC,0.47
REPX,31.52,26.60,Established,Pre-2025,"Riley Exploration Permian, Inc.",0.84
SABR,3.55,1.33,Established,Pre-2025,Sabre Corp,0.37
SB,3.41,4.83,Established,Pre-2025,"SAFE BULKERS, INC.",1.42
TBN,20.67,27.88,Established,Pre-2025,Tamboran Resources Corp,1.35
TCBX,33.07,37.43,Established,Pre-2025,"Third Coast Bancshares, Inc.",1.13
TROO,1.80,3.55,Established,Pre-2025,"Troops, Inc. /Cayman Islands/",1.97
TWI,7.02,7.96,Established,Pre-2025,TITAN INTERNATIONAL INC,1.13
UMAC,16.68,13.57,Established,Pre-2025,"Unusual Machines, Inc.",0.81
UNTY,41.94,51.08,Established,Pre-2025,UNITY BANCORP INC /NJ/,1.22
VPG,23.41,39.28,Established,Pre-2025,"Vishay Precision Group, Inc.",1.68
VREX,14.26,11.65,Established,Pre-2025,Varex Imaging Corp,0.82
AAM,10.11,10.64,Established,Pre-2025,AA Mission Acquisition Corp.,1.05
AFJK,10.68,75.86,Established,Pre-2025,"Aimei Health Technology Co., Ltd.",7.10
ANSC,10.49,11.19,Established,Pre-2025,Agriculture & Natural Solutions Acquisition Corp,1.07
ASC,12.10,10.45,Established,Pre-2025,Ardmore Shipping Corp,0.86
ASIX,26.71,17.22,Established,Pre-2025,AdvanSix Inc.,0.64
BCYC,14.89,6.68,Established,Pre-2025,BICYCLE THERAPEUTICS PLC,0.45
BSRR,28.10,32.43,Established,Pre-2025,SIERRA BANCORP,1.15
CBNK,27.63,28.04,Established,Pre-2025,Capital Bancorp Inc,1.01
CLLS,1.67,4.80,Established,Pre-2025,Cellectis S.A.,2.87
CLNE,2.87,2.16,Established,Pre-2025,Clean Energy Fuels Corp.,0.75
DHIL,144.46,170.22,Established,Pre-2025,DIAMOND HILL INVESTMENT GROUP INC,1.18
EBF,19.86,17.75,Established,Pre-2025,"ENNIS, INC.",0.89
EHAB,7.87,9.09,Established,Pre-2025,"Enhabit, Inc.",1.16
EVH,11.88,3.89,Established,Pre-2025,"Evolent Health, Inc.",0.33
EXOD,32.71,15.20,Established,Pre-2025,"Exodus Movement, Inc.",0.46
FTW,9.98,10.49,Established,Pre-2025,EQV Ventures Acquisition Corp.,1.05
GEVO,2.85,2.06,Established,Pre-2025,"Gevo, Inc.",0.72
GLRE,13.73,14.16,Established,Pre-2025,"GREENLIGHT CAPITAL RE, LTD.",1.03
HQL,11.89,16.77,Established,Pre-2025,abrdn Life Sciences Investors,1.41
IBEX,21.78,36.32,Established,Pre-2025,IBEX Ltd,1.67
IMXI,20.52,15.34,Established,Pre-2025,"International Money Express, Inc.",0.75
INN,6.39,4.87,Established,Pre-2025,"Summit Hotel Properties, Inc.",0.76
ITIC,223.08,246.60,Established,Pre-2025,INVESTORS TITLE CO,1.11
LAB,1.82,1.27,Established,Pre-2025,STANDARD BIOTOOLS INC.,0.70
LENZ,28.46,16.00,Established,Pre-2025,"LENZ Therapeutics, Inc.",0.56
MAGN,18.72,14.27,Established,Pre-2025,Magnera Corp,0.76
MAMA,7.77,12.93,Established,Pre-2025,"Mama's Creations, Inc.",1.66
MGPI,37.59,24.09,Established,Pre-2025,MGP INGREDIENTS INC,0.64
MLAB,137.37,79.43,Established,Pre-2025,MESA LABORATORIES INC /CO/,0.58
NMG,1.76,2.60,Established,Pre-2025,Nouveau Monde Graphite Inc.,1.48
NUS,7.34,9.69,Established,Pre-2025,"NU SKIN ENTERPRISES, INC.",1.32
OSPN,18.54,12.29,Established,Pre-2025,OneSpan Inc.,0.66
PEPG,3.83,7.17,Established,Pre-2025,PepGen Inc.,1.87
PGC,31.38,27.79,Established,Pre-2025,PEAPACK GLADSTONE FINANCIAL CORP,0.89
PRTA,13.87,9.20,Established,Pre-2025,PROTHENA CORP PUBLIC LTD CO,0.66
RBBN,4.04,2.90,Established,Pre-2025,Ribbon Communications Inc.,0.72
RYAM,8.08,5.86,Established,Pre-2025,RAYONIER ADVANCED MATERIALS INC.,0.73
SCVL,31.02,17.50,Established,Pre-2025,SHOE CARNIVAL INC,0.56
SD,11.48,14.78,Established,Pre-2025,SANDRIDGE ENERGY INC,1.29
SIGA,5.73,6.27,Established,Pre-2025,SIGA TECHNOLOGIES INC,1.09
SRTA,4.79,4.93,Established,Pre-2025,"Strata Critical Medical, Inc.",1.03
STEX,1.58,3.11,Established,Pre-2025,Streamex Corp.,1.97
VNDA,4.85,8.25,Established,Pre-2025,Vanda Pharmaceuticals Inc.,1.70
ZEUS,31.72,43.87,Established,Pre-2025,OLYMPIC STEEL INC,1.38
ADCT,2.02,3.52,Established,Pre-2025,ADC Therapeutics SA,1.74
ALT,7.26,3.51,Established,Pre-2025,"Altimmune, Inc.",0.48
ANGO,9.08,12.68,Established,Pre-2025,ANGIODYNAMICS INC,1.40
ASTL,8.80,3.92,Established,Pre-2025,Algoma Steel Group Inc.,0.45
BACQ,9.86,10.74,Established,Pre-2025,INFLECTION POINT ACQUISITION CORP. IV,1.09
BAND,17.02,14.22,Established,Pre-2025,Bandwidth Inc.,0.84
CARE,17.42,19.43,Established,Pre-2025,"Carter Bankshares, Inc.",1.12
CGC,2.94,1.19,Established,Pre-2025,Canopy Growth Corp,0.40
CIVB,20.13,21.88,Established,Pre-2025,"CIVISTA BANCSHARES, INC.",1.09
CLPT,15.89,14.03,Established,Pre-2025,"ClearPoint Neuro, Inc.",0.88
CYH,3.07,3.10,Established,Pre-2025,COMMUNITY HEALTH SYSTEMS INC,1.01
DMAC,5.56,7.93,Established,Pre-2025,DiaMedica Therapeutics Inc.,1.43
EAF,17.00,16.42,Established,Pre-2025,GRAFTECH INTERNATIONAL LTD,0.97
EB,3.67,4.44,Established,Pre-2025,"Eventbrite, Inc.",1.21
ETON,13.00,16.26,Established,Pre-2025,"Eton Pharmaceuticals, Inc.",1.25
FBIZ,44.09,53.58,Established,Pre-2025,"FIRST BUSINESS FINANCIAL SERVICES, INC.",1.22
FDMT,5.93,7.32,Established,Pre-2025,"4D Molecular Therapeutics, Inc.",1.23
FET,16.53,38.26,Established,Pre-2025,"FORUM ENERGY TECHNOLOGIES, INC.",2.31
FPI,11.38,9.67,Established,Pre-2025,Farmland Partners Inc.,0.85
FRPH,30.08,22.77,Established,Pre-2025,"FRP HOLDINGS, INC.",0.76
GLAD,26.79,20.69,Established,Pre-2025,GLADSTONE CAPITAL CORP,0.77
HBCP,45.28,57.44,Established,Pre-2025,"HOME BANCORP, INC.",1.27
HSHP,4.85,8.84,Established,Pre-2025,Himalaya Shipping Ltd.,1.82
IMMP,2.18,2.95,Established,Pre-2025,IMMUTEP Ltd,1.35
JOUT,32.61,42.97,Established,Pre-2025,JOHNSON OUTDOORS INC,1.32
KIDS,23.35,17.56,Established,Pre-2025,ORTHOPEDIATRICS CORP,0.75
KMDA,6.27,7.03,Established,Pre-2025,KAMADA LTD,1.12
KOPN,1.47,2.49,Established,Pre-2025,KOPIN CORP,1.69
KRNY,6.43,7.35,Established,Pre-2025,Kearny Financial Corp.,1.14
KRT,28.24,22.37,Established,Pre-2025,Karat Packaging Inc.,0.79
LAW,4.95,7.30,Established,Pre-2025,"CS Disco, Inc.",1.47
LEGH,23.73,19.30,Established,Pre-2025,Legacy Housing Corp,0.81
MCS,20.84,15.25,Established,Pre-2025,MARCUS CORP,0.73
MITK,10.84,9.97,Established,Pre-2025,MITEK SYSTEMS INC,0.92
MOV,18.36,21.01,Established,Pre-2025,MOVADO GROUP INC,1.14
MSBI,22.25,21.21,Established,Pre-2025,"Midland States Bancorp, Inc.",0.95
MTW,9.00,12.21,Established,Pre-2025,MANITOWOC CO INC,1.36
NFBK,10.93,11.33,Established,Pre-2025,"Northfield Bancorp, Inc.",1.04
PACK,6.94,5.53,Established,Pre-2025,Ranpak Holdings Corp.,0.80
PFIS,47.71,48.19,Established,Pre-2025,PEOPLES FINANCIAL SERVICES CORP.,1.01
PSFE,17.47,7.98,Established,Pre-2025,Paysafe Ltd,0.46
RSVR,8.49,7.48,Established,Pre-2025,"Reservoir Media, Inc.",0.88
VBNK,13.62,14.99,Established,Pre-2025,VersaBank,1.10
XNET,2.05,7.26,Established,Pre-2025,Xunlei Ltd,3.54
ZEPP,2.90,28.03,Established,Pre-2025,Zepp Health Corp,9.67
ZVRA,8.59,8.34,Established,Pre-2025,"ZEVRA THERAPEUTICS, INC.",0.97
ARQQ,39.66,24.54,Established,Pre-2025,Arqit Quantum Inc.,0.62
ATEX,30.27,22.23,Established,Pre-2025,Anterix Inc.,0.73
BBBY,5.70,5.91,Established,Pre-2025,"BED BATH & BEYOND, INC.",1.04
BCHT,3.00,4.13,Established,Pre-2025,Birchtech Corp.,1.38
BMRC,22.54,25.79,Established,Pre-2025,Bank of Marin Bancorp,1.14
BNTC,12.10,12.59,Established,Pre-2025,Benitec Biopharma Inc.,1.04
BWAY,9.74,19.29,Established,Pre-2025,Brainsway Ltd.,1.98
CAL,21.46,12.25,Established,Pre-2025,CALERES INC,0.57
CLFD,33.22,29.49,Established,Pre-2025,"Clearfield, Inc.",0.89
COFS,33.80,28.97,Established,Pre-2025,CHOICEONE FINANCIAL SERVICES INC,0.86
CTGO,11.10,26.85,Established,Pre-2025,"Contango ORE, Inc.",2.42
CWBC,18.67,22.05,Established,Pre-2025,Community West Bancshares,1.18
DDI,10.80,8.77,Established,Pre-2025,"DoubleDown Interactive Co., Ltd.",0.81
DVS,2.68,4.52,Established,Pre-2025,DOLLY VARDEN SILVER CORP,1.69
DXYZ,61.70,30.93,Established,Pre-2025,Destiny Tech100 Inc.,0.50
EACO,36.50,77.65,Established,Pre-2025,EACO CORP,2.13
GBFH,39.84,32.51,Established,Pre-2025,GBank Financial Holdings Inc.,0.82
HKD,2.92,1.34,Established,Pre-2025,AMTD Digital Inc.,0.46
HKHC,35.23,23.65,Established,Pre-2025,Horizon Kinetics Holding Corp,0.67
LE,13.43,14.59,Established,Pre-2025,"LANDS' END, INC.",1.09
LEO,5.91,6.38,Established,Pre-2025,"BNY MELLON STRATEGIC MUNICIPALS, INC.",1.08
LZM,7.03,4.38,Established,Pre-2025,Lifezone Metals Ltd,0.62
MG,9.10,12.92,Established,Pre-2025,"Mistras Group, Inc.",1.42
MLR,65.61,37.44,Established,Pre-2025,MILLER INDUSTRIES INC /TN/,0.57
OIS,5.33,7.07,Established,Pre-2025,"OIL STATES INTERNATIONAL, INC",1.33
OLP,25.21,20.41,Established,Pre-2025,ONE LIBERTY PROPERTIES INC,0.81
OWLT,4.55,16.17,Established,Pre-2025,"Owlet, Inc.",3.55
PANL,5.34,6.68,Established,Pre-2025,Pangaea Logistics Solutions Ltd.,1.25
PKE,13.93,21.26,Established,Pre-2025,PARK AEROSPACE CORP,1.53
PRTH,12.29,5.32,Established,Pre-2025,"Priority Technology Holdings, Inc.",0.43
SBC,5.62,4.33,Established,Pre-2025,SBC Medical Group Holdings Inc,0.77
SCGX,14.50,8.00,Established,Pre-2025,SAXON CAPITAL GROUP INC,0.55
STKL,7.86,3.71,Established,Pre-2025,SunOpta Inc.,0.47
SUPX,3.65,15.39,Established,Pre-2025,SuperX AI Technology Ltd,4.22
SWBI,9.52,9.98,Established,Pre-2025,"SMITH & WESSON BRANDS, INC.",1.05
TCI,29.52,58.91,Established,Pre-2025,TRANSCONTINENTAL REALTY INVESTORS INC,2.00
TCPC,7.53,5.55,Established,Pre-2025,BlackRock TCP Capital Corp.,0.74
VELO,13.95,16.58,Established,Pre-2025,"Velo3D, Inc.",1.19
VERI,3.53,4.79,Established,Pre-2025,"Veritone, Inc.",1.36
VRNO,1.36,1.31,Established,Pre-2025,Verano Holdings Corp.,0.96
YORW,31.49,31.71,Established,Pre-2025,YORK WATER CO,1.01
ZUMZ,19.17,25.89,Established,Pre-2025,Zumiez Inc,1.35
ADUR,6.07,10.57,Established,Pre-2025,ADURO CLEAN TECHNOLOGIES INC.,1.74
AKBA,1.92,1.55,Established,Pre-2025,"Akebia Therapeutics, Inc.",0.81
AMCX,9.85,9.25,Established,Pre-2025,AMC Networks Inc.,0.94
BOC,14.23,12.58,Established,Pre-2025,BOSTON OMAHA Corp,0.88
BRBS,3.19,4.29,Established,Pre-2025,"BLUE RIDGE BANKSHARES, INC.",1.34
BSVN,43.94,41.38,Established,Pre-2025,Bank7 Corp.,0.94
BYRN,30.01,16.72,Established,Pre-2025,Byrna Technologies Inc.,0.56
CCIX,10.30,10.61,Established,Pre-2025,Churchill Capital Corp IX/Cayman,1.03
CCSI,24.63,21.72,Established,Pre-2025,"Consensus Cloud Solutions, Inc.",0.88
CERS,1.68,1.97,Established,Pre-2025,CERUS CORP,1.17
CVGW,24.68,21.80,Established,Pre-2025,CALAVO GROWERS INC,0.88
ELVA,2.63,7.92,Established,Pre-2025,Electrovaya Inc.,3.01
ENTA,5.58,14.42,Established,Pre-2025,ENANTA PHARMACEUTICALS INC,2.58
ESEA,27.69,54.22,Established,Pre-2025,EUROSEAS LTD.,1.96
GBLI,34.53,28.74,Established,Pre-2025,"Global Indemnity Group, LLC",0.83
GPAT,10.18,10.67,Established,Pre-2025,GP-Act III Acquisition Corp.,1.05
GRVY,61.89,58.60,Established,Pre-2025,"GRAVITY Co., Ltd.",0.95
HVT,20.74,23.58,Established,Pre-2025,HAVERTY FURNITURE COMPANIES INC,1.14
IONR,4.22,5.22,Established,Pre-2025,ioneer Ltd,1.24
JACK,39.91,18.72,Established,Pre-2025,JACK IN THE BOX INC,0.47
LSAK,5.28,4.59,Established,Pre-2025,LESAKA TECHNOLOGIES INC,0.87
MNPR,22.98,66.01,Established,Pre-2025,Monopar Therapeutics,2.87
NGS,27.53,34.39,Established,Pre-2025,NATURAL GAS SERVICES GROUP INC,1.25
NMRA,2.17,1.66,Established,Pre-2025,"Neumora Therapeutics, Inc.",0.76
NOA,21.55,14.69,Established,Pre-2025,North American Construction Group Ltd.,0.68
NRC,17.15,18.03,Established,Pre-2025,NATIONAL RESEARCH CORP,1.05
OBE,5.88,6.29,Established,Pre-2025,OBSIDIAN ENERGY LTD.,1.07
OBT,26.51,28.38,Established,Pre-2025,"Orange County Bancorp, Inc. /DE/",1.07
ONIT,30.14,44.13,Established,Pre-2025,ONITY GROUP INC.,1.46
ORN,7.76,9.99,Established,Pre-2025,Orion Group Holdings Inc,1.29
PRTC,18.80,16.64,Established,Pre-2025,PureTech Health plc,0.89
RCKT,12.56,3.46,Established,Pre-2025,"ROCKET PHARMACEUTICALS, INC.",0.28
SFST,38.13,51.70,Established,Pre-2025,SOUTHERN FIRST BANCSHARES INC,1.36
SLDB,4.14,5.45,Established,Pre-2025,Solid Biosciences Inc.,1.32
SNDL,1.91,1.74,Established,Pre-2025,SNDL Inc.,0.91
TECX,48.52,20.91,Established,Pre-2025,"Tectonic Therapeutic, Inc.",0.43
TRC,16.30,15.66,Established,Pre-2025,TEJON RANCH CO,0.96
TRDA,18.31,10.05,Established,Pre-2025,"Entrada Therapeutics, Inc.",0.55
TWFG,29.70,28.00,Established,Pre-2025,"TWFG, Inc.",0.94
ULH,43.30,15.40,Established,Pre-2025,"UNIVERSAL LOGISTICS HOLDINGS, INC.",0.36
WILC,15.04,28.70,Established,Pre-2025,G WILLI FOOD INTERNATIONAL LTD,1.91
ACIU,2.98,3.36,Established,Pre-2025,AC Immune SA,1.13
ALF,10.11,10.64,Established,Pre-2025,Centurion Acquisition Corp.,1.05
API,4.43,4.04,Established,Pre-2025,"Agora, Inc.",0.91
AUNA,7.01,4.76,Established,Pre-2025,AUNA S.A.,0.68
AVXL,12.35,3.68,Established,Pre-2025,ANAVEX LIFE SCIENCES CORP.,0.30
BBCP,6.02,6.92,Established,Pre-2025,"Concrete Pumping Holdings, Inc.",1.15
BKKT,27.11,11.25,Established,Pre-2025,"Bakkt Holdings, Inc.",0.41
BWFG,29.53,45.06,Established,Pre-2025,"Bankwell Financial Group, Inc.",1.53
CBAN,15.31,17.71,Established,Pre-2025,COLONY BANKCORP INC,1.16
CNCK,8.64,2.67,Established,Pre-2025,Coincheck Group N.V.,0.31
CTRN,26.49,41.53,Established,Pre-2025,Citi Trends Inc,1.57
DAVA,31.26,6.09,Established,Pre-2025,Endava plc,0.19
DCTH,12.67,9.95,Established,Pre-2025,"DELCATH SYSTEMS, INC.",0.79
EGY,4.14,3.66,Established,Pre-2025,VAALCO ENERGY INC /DE/,0.88
ELLO,16.60,26.75,Established,Pre-2025,Ellomay Capital Ltd.,1.61
EOLS,11.53,6.72,Established,Pre-2025,"Evolus, Inc.",0.58
EPRX,3.10,7.57,Established,Pre-2025,EUPRAXIA PHARMACEUTICALS INC.,2.44
FCEL,11.81,8.17,Established,Pre-2025,FUELCELL ENERGY INC,0.69
GCBC,26.79,21.76,Established,Pre-2025,GREENE COUNTY BANCORP INC,0.81
GNE,15.30,13.68,Established,Pre-2025,Genie Energy Ltd.,0.89
GPRK,10.12,7.29,Established,Pre-2025,GeoPark Ltd,0.72
HELP,10.10,8.28,Established,Pre-2025,CYBIN INC.,0.82
IPI,22.63,28.22,Established,Pre-2025,"Intrepid Potash, Inc.",1.25
ISTR,20.80,26.21,Established,Pre-2025,Investar Holding Corp,1.26
LXFR,12.58,13.60,Established,Pre-2025,LUXFER HOLDINGS PLC,1.08
MBAV,10.06,10.63,Established,Pre-2025,M3-Brigade Acquisition V Corp.,1.06
MCI,18.58,18.56,Established,Pre-2025,BARINGS CORPORATE INVESTORS,1.00
MEC,15.47,18.95,Established,Pre-2025,"Mayville Engineering Company, Inc.",1.22
MTLS,7.68,5.45,Established,Pre-2025,MATERIALISE NV,0.71
NATH,76.34,91.99,Established,Pre-2025,"NATHANS FAMOUS, INC.",1.21
NATR,14.65,20.97,Established,Pre-2025,NATURES SUNSHINE PRODUCTS INC,1.43
PDLB,13.24,16.10,Established,Pre-2025,"Ponce Financial Group, Inc.",1.22
PERI,9.02,9.35,Established,Pre-2025,Perion Network Ltd.,1.04
PNNT,6.19,6.05,Established,Pre-2025,PENNANTPARK INVESTMENT CORP,0.98
PUBM,15.33,8.59,Established,Pre-2025,"PubMatic, Inc.",0.56
RMAX,10.61,7.40,Established,Pre-2025,"RE/MAX Holdings, Inc.",0.70
RXST,35.84,10.38,Established,Pre-2025,"RxSight, Inc.",0.29
SGHT,3.49,7.48,Established,Pre-2025,"Sight Sciences, Inc.",2.14
SGU,10.87,11.86,Established,Pre-2025,"STAR GROUP, L.P.",1.09
SOR,40.21,46.48,Established,Pre-2025,SOURCE CAPITAL /DE/,1.16
TLS,3.49,4.96,Established,Pre-2025,TELOS CORP,1.42
TTGT,19.98,5.17,Established,Pre-2025,"TechTarget, Inc.",0.26
VSTA,2.23,4.93,Established,Pre-2025,Vasta Platform Ltd,2.21
XPOF,15.26,8.02,Established,Pre-2025,"Xponential Fitness, Inc.",0.53
YSG,3.51,4.24,Established,Pre-2025,Yatsen Holding Ltd,1.21
ACTG,4.32,3.74,Established,Pre-2025,ACACIA RESEARCH CORP,0.87
ALMU,7.83,17.80,Established,Pre-2025,"Aeluma, Inc.",2.27
AURA,8.45,5.30,Established,Pre-2025,"Aura Biosciences, Inc.",0.63
CD,6.85,4.46,Established,Pre-2025,Chaince Digital Holdings Inc.,0.65
CDRO,6.55,8.05,Established,Pre-2025,"Codere Online Luxembourg, S.A.",1.23
CMRC,6.35,4.06,Established,Pre-2025,"Commerce.com, Inc.",0.64
CODI,22.30,4.65,Established,Pre-2025,Compass Diversified Holdings,0.21
CTNM,14.52,11.39,Established,Pre-2025,"Contineum Therapeutics, Inc.",0.78
CZNC,17.40,19.97,Established,Pre-2025,CITIZENS & NORTHERN CORP,1.15
DBI,5.13,7.14,Established,Pre-2025,Designer Brands Inc.,1.39
DOMO,7.11,8.30,Established,Pre-2025,"DOMO, INC.",1.17
ELA,7.25,11.99,Established,Pre-2025,Envela Corp,1.65
GIG,10.00,10.54,Established,Pre-2025,GigCapital7 Corp.,1.05
GLSI,12.88,19.47,Established,Pre-2025,"Greenwich LifeSciences, Inc.",1.51
ISBA,25.11,50.30,Established,Pre-2025,ISABELLA BANK CORP,2.00
JFIN,6.24,6.02,Established,Pre-2025,Jiayin Group Inc.,0.96
KFS,8.18,11.80,Established,Pre-2025,KINGSWAY FINANCIAL SERVICES INC,1.44
KNOP,6.12,10.27,Established,Pre-2025,KNOT Offshore Partners LP,1.68
LAND,10.27,9.13,Established,Pre-2025,GLADSTONE LAND Corp,0.89
LND,3.62,3.58,Established,Pre-2025,BrasilAgro - Brazilian Agricultural Real Estate Co,0.99
MBI,6.83,6.92,Established,Pre-2025,MBIA INC,1.01
NCMI,6.56,3.84,Established,Pre-2025,"National CineMedia, Inc.",0.59
NFE,15.90,1.11,Established,Pre-2025,New Fortress Energy Inc.,0.07
NNDM,2.50,1.56,Established,Pre-2025,Nano Dimension Ltd.,0.62
OPAL,3.35,2.38,Established,Pre-2025,OPAL Fuels Inc.,0.71
ORBS,1.97,1.82,Established,Pre-2025,Eightco Holdings Inc.,0.92
PSBD,13.54,12.03,Established,Pre-2025,Palmer Square Capital BDC Inc.,0.89
QDMI,65.96,39.32,Established,Pre-2025,QDM International Inc.,0.60
RM,32.73,39.24,Established,Pre-2025,Regional Management Corp.,1.20
SAR,21.03,22.92,Established,Pre-2025,SARATOGA INVESTMENT CORP.,1.09
SCM,12.31,12.82,Established,Pre-2025,Stellus Capital Investment Corp,1.04
SLP,28.73,18.11,Established,Pre-2025,"Simulations Plus, Inc.",0.63
TITN,14.00,14.96,Established,Pre-2025,Titan Machinery Inc.,1.07
USCB,17.40,18.20,Established,Pre-2025,"USCB FINANCIAL HOLDINGS, INC.",1.05
WNC,16.52,8.86,Established,Pre-2025,WABASH NATIONAL Corp,0.54
WTBA,20.61,21.77,Established,Pre-2025,WEST BANCORPORATION INC,1.06
ACCO,4.86,3.69,Established,Pre-2025,ACCO BRANDS Corp,0.76
ALLO,2.16,1.35,Established,Pre-2025,"Allogene Therapeutics, Inc.",0.62
ASLE,6.23,7.22,Established,Pre-2025,AerSale Corp,1.16
ATGL,15.53,20.50,Established,Pre-2025,Alpha Technology Group Ltd,1.32
ATNI,15.51,22.22,Established,Pre-2025,"ATN International, Inc.",1.43
AZ,6.93,6.83,Established,Pre-2025,A2Z CUST2MATE SOLUTIONS CORP.,0.99
BEAG,9.86,10.59,Established,Pre-2025,Bold Eagle Acquisition Corp.,1.07
CUB,10.10,10.63,Established,Pre-2025,Lionheart Holdings,1.05
FBRX,24.50,23.61,Established,Pre-2025,"Forte Biosciences, Inc.",0.96
FCCN,6.30,3.99,Established,Pre-2025,SPECTRAL CAPITAL Corp,0.63
FMAO,27.15,24.33,Established,Pre-2025,FARMERS & MERCHANTS BANCORP INC,0.90
FVR,16.77,14.89,Established,Pre-2025,"FrontView REIT, Inc.",0.89
HYAC,10.77,11.40,Established,Pre-2025,Haymaker Acquisition Corp. 4,1.06
HYLN,2.67,1.82,Established,Pre-2025,Hyliion Holdings Corp.,0.68
LWAY,24.01,22.80,Established,Pre-2025,"Lifeway Foods, Inc.",0.95
MCFT,18.78,18.90,Established,Pre-2025,"MasterCraft Boat Holdings, Inc.",1.01
MLP,20.97,16.72,Established,Pre-2025,MAUI LAND & PINEAPPLE CO INC,0.80
MTRX,12.55,12.05,Established,Pre-2025,MATRIX SERVICE CO,0.96
MVBF,19.79,25.46,Established,Pre-2025,MVB FINANCIAL CORP,1.29
NC,29.66,47.89,Established,Pre-2025,NACCO INDUSTRIES INC,1.61
NEWT,12.00,11.43,Established,Pre-2025,"NewtekOne, Inc.",0.95
NEXN,10.39,6.32,Established,Pre-2025,Nexxen International Ltd.,0.61
ONTF,6.59,7.96,Established,Pre-2025,ON24 INC.,1.21
OTLY,15.12,11.20,Established,Pre-2025,Oatly Group AB,0.74
PBFS,11.41,13.31,Established,Pre-2025,"Pioneer Bancorp, Inc./MD",1.17
RBB,19.64,20.48,Established,Pre-2025,RBB Bancorp,1.04
RMNI,2.66,3.80,Established,Pre-2025,"Rimini Street, Inc.",1.43
SMRT,1.80,1.93,Established,Pre-2025,"SmartRent, Inc.",1.07
USNA,36.17,19.44,Established,Pre-2025,USANA HEALTH SCIENCES INC,0.54
VENU,9.65,7.98,Established,Pre-2025,Venu Holding Corp,0.83
VHI,21.92,12.16,Established,Pre-2025,VALHI INC /DE/,0.55
WEST,6.59,4.07,Established,Pre-2025,Westrock Coffee Co,0.62
XFOR,22.26,3.89,Established,Pre-2025,"X4 Pharmaceuticals, Inc",0.17
YRD,4.86,3.83,Established,Pre-2025,Yiren Digital Ltd.,0.79
ALDF,9.92,10.49,Established,Pre-2025,Aldel Financial II Inc.,1.06
BGS,6.05,4.20,Established,Pre-2025,"B&G Foods, Inc.",0.69
CAMP,4.95,6.00,Established,Pre-2025,Camp4 Therapeutics Corp,1.21
CNDT,4.11,1.90,Established,Pre-2025,CONDUENT Inc,0.46
DDD,3.39,1.85,Established,Pre-2025,3D SYSTEMS CORP,0.55
DENN,6.41,6.21,Established,Pre-2025,DENNY'S Corp,0.97
FGPR,7.84,18.30,Established,Pre-2025,FERRELLGAS PARTNERS L P,2.33
FRST,11.06,13.05,Established,Pre-2025,Primis Financial Corp.,1.18
GUTS,2.20,2.25,Established,Pre-2025,"FRACTYL HEALTH, INC.",1.02
ISSC,8.70,18.75,Established,Pre-2025,INNOVATIVE SOLUTIONS & SUPPORT INC,2.16
LOCO,11.37,10.32,Established,Pre-2025,"El Pollo Loco Holdings, Inc.",0.91
MPX,8.58,8.77,Established,Pre-2025,MARINE PRODUCTS CORP,1.02
NLCP,15.24,15.76,Established,Pre-2025,"NewLake Capital Partners, Inc.",1.03
NREF,13.89,14.09,Established,Pre-2025,"NexPoint Real Estate Finance, Inc.",1.01
NVEC,81.09,61.45,Established,Pre-2025,NVE CORP /NEW/,0.76
OEC,15.25,5.26,Established,Pre-2025,Orion S.A.,0.34
OOMA,14.22,11.14,Established,Pre-2025,OOMA INC,0.78
PTLO,9.51,4.59,Established,Pre-2025,Portillo's Inc.,0.48
RC,6.34,2.14,Established,Pre-2025,Ready Capital Corp,0.34
RNGR,16.12,14.06,Established,Pre-2025,"Ranger Energy Services, Inc.",0.87
RPAY,7.70,3.62,Established,Pre-2025,Repay Holdings Corp,0.47
RWAY,9.68,9.04,Established,Pre-2025,Runway Growth Finance Corp.,0.93
SATL,3.17,1.96,Established,Pre-2025,Satellogic Inc.,0.62
SHMD,3.01,7.50,Established,Pre-2025,SCHMID Group N.V.,2.49
SIMA,10.05,10.57,Established,Pre-2025,SIM Acquisition Corp. I,1.05
SITC,7.49,6.40,Established,Pre-2025,SITE Centers Corp.,0.85
SMC,38.00,26.77,Established,Pre-2025,Summit Midstream Corp,0.70
SOPH,3.26,4.67,Established,Pre-2025,SOPHiA GENETICS SA,1.43
SSP,1.88,3.95,Established,Pre-2025,E.W. SCRIPPS Co,2.10
USAU,6.17,18.48,Established,Pre-2025,U.S. GOLD CORP.,3.00
VACH,10.05,10.66,Established,Pre-2025,Voyager Acquisition Corp./Cayman Islands,1.06
VALU,51.94,37.25,Established,Pre-2025,VALUE LINE INC,0.72
XOMA,26.82,27.99,Established,Pre-2025,XOMA Royalty Corp,1.04
ZURA,2.58,5.55,Established,Pre-2025,Zura Bio Ltd,2.15
AVTX,8.39,17.02,Established,Pre-2025,"Avalo Therapeutics, Inc.",2.03
BCML,25.52,28.82,Established,Pre-2025,BayCom Corp,1.13
CADL,9.22,5.44,Established,Pre-2025,"Candel Therapeutics, Inc.",0.59
CVEO,22.79,23.24,Established,Pre-2025,Civeo Corp,1.02
EVI,16.69,25.28,Established,Pre-2025,"EVI INDUSTRIES, INC.",1.51
FHTX,4.80,5.19,Established,Pre-2025,Foghorn Therapeutics Inc.,1.08
FSBW,39.33,40.85,Established,Pre-2025,"FS Bancorp, Inc.",1.04
GRAF,10.08,10.66,Established,Pre-2025,Graf Global Corp.,1.06
GRRR,23.52,12.59,Established,Pre-2025,Gorilla Technology Group Inc.,0.54
HDSN,5.85,6.80,Established,Pre-2025,HUDSON TECHNOLOGIES INC /NY,1.16
LNKB,7.26,8.19,Established,Pre-2025,"LINKBANCORP, Inc.",1.13
LPAA,10.04,10.60,Established,Pre-2025,Launch One Acquisition Corp.,1.06
LPBB,9.95,10.48,Established,Pre-2025,Launch Two Acquisition Corp.,1.05
NECB,23.37,22.57,Established,Pre-2025,"NorthEast Community Bancorp, Inc./MD/",0.97
NLOP,19.35,20.83,Established,Pre-2025,Net Lease Office Properties,1.08
NVX,1.98,1.09,Established,Pre-2025,NOVONIX Ltd,0.55
OFLX,39.59,29.10,Established,Pre-2025,"Omega Flex, Inc.",0.74
PALI,1.90,2.50,Established,Pre-2025,"PALISADE BIO, INC.",1.32
PBYI,2.95,5.77,Established,Pre-2025,"PUMA BIOTECHNOLOGY, INC.",1.96
PCB,19.17,21.58,Established,Pre-2025,PCB BANCORP,1.13
PKOH,24.90,20.79,Established,Pre-2025,PARK OHIO HOLDINGS CORP,0.83
PLBC,44.92,43.95,Established,Pre-2025,PLUMAS BANCORP,0.98
PLG,1.33,2.33,Established,Pre-2025,PLATINUM GROUP METALS LTD,1.75
POLE,10.00,10.51,Established,Pre-2025,Andretti Acquisition Corp. II,1.05
PROF,7.79,7.66,Established,Pre-2025,Profound Medical Corp.,0.98
QTRX,12.08,6.43,Established,Pre-2025,Quanterix Corp,0.53
QUAD,6.38,5.81,Established,Pre-2025,"Quad/Graphics, Inc.",0.91
RLGT,6.72,6.32,Established,Pre-2025,"RADIANT LOGISTICS, INC",0.94
SIDU,3.30,4.33,Established,Pre-2025,Sidus Space Inc.,1.31
SMLR,59.04,17.78,Established,Pre-2025,"Semler Scientific, Inc.",0.30
SPIR,15.55,7.81,Established,Pre-2025,"Spire Global, Inc.",0.50
STRT,40.87,76.03,Established,Pre-2025,STRATTEC SECURITY CORP,1.86
TBRG,20.66,20.90,Established,Pre-2025,"TruBridge, Inc.",1.01
VCIC,10.03,10.75,Established,Pre-2025,Vine Hill Capital Investment Corp.,1.07
VOXR,2.35,4.68,Established,Pre-2025,VOX ROYALTY CORP.,1.99
WSBF,12.37,16.31,Established,Pre-2025,"Waterstone Financial, Inc.",1.32
XRX,7.90,2.46,Established,Pre-2025,Xerox Holdings Corp,0.31
ABEO,6.02,5.31,Established,Pre-2025,ABEONA THERAPEUTICS INC.,0.88
ACRS,2.60,2.88,Established,Pre-2025,"Aclaris Therapeutics, Inc.",1.11
AFRI,10.22,10.98,Established,Pre-2025,Forafric Global PLC,1.07
AMRN,10.60,13.72,Established,Pre-2025,AMARIN CORP PLC\UK,1.29
AVBH,21.59,26.19,Established,Pre-2025,"Avidbank Holdings, Inc.",1.21
BKTI,33.28,75.17,Established,Pre-2025,BK Technologies Corp,2.26
BLZE,6.52,4.74,Established,Pre-2025,"Backblaze, Inc.",0.73
CIO,5.20,6.98,Established,Pre-2025,"City Office REIT, Inc.",1.34
CIX,24.04,23.00,Established,Pre-2025,COMPX INTERNATIONAL INC,0.96
CLW,29.50,17.70,Established,Pre-2025,Clearwater Paper Corp,0.60
CLYM,2.25,3.75,Established,Pre-2025,"Climb Bio, Inc.",1.67
EGAN,6.45,10.32,Established,Pre-2025,EGAIN Corp,1.60
EIC,14.46,11.36,Established,Pre-2025,Eagle Point Income Co Inc.,0.79
FNLC,25.28,26.07,Established,Pre-2025,"First Bancorp, Inc /ME/",1.03
FSTR,27.51,26.98,Established,Pre-2025,FOSTER L B CO,0.98
GASS,6.01,7.04,Established,Pre-2025,StealthGas Inc.,1.17
GCO,42.69,24.73,Established,Pre-2025,GENESCO INC,0.58
HNST,6.67,2.61,Established,Pre-2025,"Honest Company, Inc.",0.39
HRZN,7.72,6.62,Established,Pre-2025,Horizon Technology Finance Corp,0.86
III,3.18,5.58,Established,Pre-2025,Information Services Group Inc.,1.75
JRVR,4.84,6.16,Established,Pre-2025,"James River Group Holdings, Inc.",1.27
LEGT,10.29,10.82,Established,Pre-2025,Legato Merger Corp. III,1.05
LFCR,7.62,7.74,Established,Pre-2025,"LIFECORE BIOMEDICAL, INC. DE",1.02
LRMR,4.18,3.47,Established,Pre-2025,"Larimar Therapeutics, Inc.",0.83
NAUT,1.67,1.91,Established,Pre-2025,"Nautilus Biotechnology, Inc.",1.14
NGNE,23.23,20.16,Established,Pre-2025,Neurogene Inc.,0.87
NVA,3.40,6.40,Established,Pre-2025,Nova Minerals Ltd,1.88
PAL,8.84,9.81,Established,Pre-2025,"Proficient Auto Logistics, Inc",1.11
PKBK,19.15,24.26,Established,Pre-2025,"PARKE BANCORP, INC.",1.27
SMX,4268.98,20.65,Established,Pre-2025,SMX (Security Matters) Public Ltd Co,0.00
SPMC,17.63,13.71,Established,Pre-2025,"Sound Point Meridian Capital, Inc.",0.78
STTK,1.34,3.71,Established,Pre-2025,"Shattuck Labs, Inc.",2.77
TARA,6.14,5.38,Established,Pre-2025,"Protara Therapeutics, Inc.",0.88
TLSI,5.02,6.10,Established,Pre-2025,"TriSalus Life Sciences, Inc.",1.22
TSBK,29.00,35.33,Established,Pre-2025,TIMBERLAND BANCORP INC,1.22
UNTC,24.97,31.55,Established,Pre-2025,UNIT CORP,1.26
VOR,26.40,11.64,Established,Pre-2025,Vor Biopharma Inc.,0.44
ZH,3.57,3.33,Established,Pre-2025,Zhihu Inc.,0.93
ACHV,3.70,4.97,Established,Pre-2025,"ACHIEVE LIFE SCIENCES, INC.",1.34
ALCO,26.17,36.72,Established,Pre-2025,"ALICO, INC.",1.40
ARL,15.50,16.24,Established,Pre-2025,AMERICAN REALTY INVESTORS INC,1.05
ASPN,13.02,2.89,Established,Pre-2025,ASPEN AEROGELS INC,0.22
ASUR,9.65,9.09,Established,Pre-2025,ASURE SOFTWARE INC,0.94
AVIR,3.52,3.48,Established,Pre-2025,"Atea Pharmaceuticals, Inc.",0.99
AVNW,18.40,21.60,Established,Pre-2025,"AVIAT NETWORKS, INC.",1.17
BLFY,9.36,12.51,Established,Pre-2025,Blue Foundry Bancorp,1.34
BNED,10.22,8.61,Established,Pre-2025,"Barnes & Noble Education, Inc.",0.84
BRT,16.93,14.46,Established,Pre-2025,BRT Apartments Corp.,0.85
CCRN,18.21,8.06,Established,Pre-2025,CROSS COUNTRY HEALTHCARE INC,0.44
CZFS,60.67,55.65,Established,Pre-2025,CITIZENS FINANCIAL SERVICES INC,0.92
DH,4.36,2.38,Established,Pre-2025,Definitive Healthcare Corp.,0.55
EGHT,2.79,1.89,Established,Pre-2025,8X8 INC /DE/,0.68
EVC,2.21,3.00,Established,Pre-2025,ENTRAVISION COMMUNICATIONS CORP,1.36
FLWS,7.85,3.69,Established,Pre-2025,1 800 FLOWERS COM INC,0.47
GDEV,16.14,14.83,Established,Pre-2025,GDEV Inc.,0.92
GSIT,3.50,6.73,Established,Pre-2025,GSI TECHNOLOGY INC,1.92
HERE,2.00,5.11,Established,Pre-2025,Here Group Ltd,2.56
IMMX,2.35,5.43,Established,Pre-2025,"Immix Biopharma, Inc.",2.31
JMSB,19.75,19.72,Established,Pre-2025,"John Marshall Bancorp, Inc.",1.00
KRMD,3.90,5.61,Established,Pre-2025,"KORU Medical Systems, Inc.",1.44
LANV,2.00,2.20,Established,Pre-2025,Lanvin Group Holdings Ltd,1.10
MBCN,26.66,33.94,Established,Pre-2025,MIDDLEFIELD BANC CORP,1.27
MRAM,6.47,10.06,Established,Pre-2025,EVERSPIN TECHNOLOGIES INC.,1.55
NL,7.08,5.46,Established,Pre-2025,NL INDUSTRIES INC,0.77
NODK,15.62,13.27,Established,Pre-2025,"NI Holdings, Inc.",0.85
OABI,3.68,1.88,Established,Pre-2025,"OmniAb, Inc.",0.51
OACC,9.98,10.61,Established,Pre-2025,Oaktree Acquisition Corp. III Life Sciences,1.06
OBIO,5.79,4.31,Established,Pre-2025,"Orchestra BioMed Holdings, Inc.",0.74
PAYS,2.99,4.96,Established,Pre-2025,"Paysign, Inc.",1.66
PNRG,211.50,179.05,Established,Pre-2025,PRIMEENERGY RESOURCES CORP,0.85
PRE,5.65,15.78,Established,Pre-2025,Prenetics Global Ltd,2.79
QSI,4.29,1.16,Established,Pre-2025,Quantum-Si Inc,0.27
RENT,9.19,8.10,Established,Pre-2025,"Rent the Runway, Inc.",0.88
RMR,18.24,15.13,Established,Pre-2025,RMR GROUP INC.,0.83
SBXD,10.09,10.57,Established,Pre-2025,SilverBox Corp IV,1.05
SENS,10.00,5.89,Established,Pre-2025,"Senseonics Holdings, Inc.",0.59
SLN,7.39,6.15,Established,Pre-2025,Silence Therapeutics plc,0.83
UCFI,10.29,5.51,Established,Pre-2025,CN Healthy Food Tech Group Corp.,0.54
VMD,8.12,7.22,Established,Pre-2025,"VIEMED HEALTHCARE, INC.",0.89
WEYS,33.45,30.33,Established,Pre-2025,WEYCO GROUP INC,0.91
XPER,10.34,5.77,Established,Pre-2025,Xperi Inc.,0.56
ZIP,6.95,3.77,Established,Pre-2025,"ZIPRECRUITER, INC.",0.54
ACRE,5.45,4.73,Established,Pre-2025,Ares Commercial Real Estate Corp,0.87
AIRJ,8.43,4.19,Established,Pre-2025,AirJoule Technologies Corp.,0.50
ALDX,5.45,4.67,Established,Pre-2025,"Aldeyra Therapeutics, Inc.",0.86
AUDC,9.64,8.74,Established,Pre-2025,AUDIOCODES LTD,0.91
BNC,8.49,6.43,Established,Pre-2025,CEA Industries Inc.,0.76
BNR,7.05,19.68,Established,Pre-2025,Burning Rock Biotech Ltd,2.79
BZAI,13.10,2.07,Established,Pre-2025,"Blaize Holdings, Inc.",0.16
CFNB,23.50,27.88,Established,Pre-2025,CALIFORNIA FIRST LEASING CORP,1.19
CHMG,46.58,54.50,Established,Pre-2025,CHEMUNG FINANCIAL CORP,1.17
ELMD,30.69,27.39,Established,Pre-2025,"Electromed, Inc.",0.89
FACT,9.89,10.41,Established,Pre-2025,FACT II Acquisition Corp.,1.05
FDBC,45.84,43.18,Established,Pre-2025,FIDELITY D & D BANCORP INC,0.94
FENC,6.15,7.68,Established,Pre-2025,FENNEC PHARMACEUTICALS INC.,1.25
FOA,29.81,22.45,Established,Pre-2025,Finance of America Companies Inc.,0.75
FVCB,13.15,13.96,Established,Pre-2025,"FVCBankcorp, Inc.",1.06
GDC,2.02,4.62,Established,Pre-2025,GD Culture Group Ltd,2.29
GWRS,11.22,8.43,Established,Pre-2025,"Global Water Resources, Inc.",0.75
INSE,8.87,8.97,Established,Pre-2025,"Inspired Entertainment, Inc.",1.01
INV,13.54,4.48,Established,Pre-2025,"Innventure, Inc.",0.33
MDWD,17.99,18.42,Established,Pre-2025,MediWound Ltd.,1.02
MEI,11.65,6.70,Established,Pre-2025,METHODE ELECTRONICS INC,0.58
MPAA,7.74,12.36,Established,Pre-2025,MOTORCAR PARTS OF AMERICA INC,1.60
MYFW,19.19,26.65,Established,Pre-2025,First Western Financial Inc,1.39
NIU,1.77,3.14,Established,Pre-2025,Niu Technologies,1.77
NTWO,9.97,10.44,Established,Pre-2025,Newbury Street II Acquisition Corp,1.05
NWFL,25.08,28.00,Established,Pre-2025,NORWOOD FINANCIAL CORP,1.12
OPRX,5.49,12.42,Established,Pre-2025,OptimizeRx Corp,2.26
OVLY,26.89,29.70,Established,Pre-2025,Oak Valley Bancorp,1.10
PCYO,12.57,10.81,Established,Pre-2025,PURE CYCLE CORP,0.86
PDYN,10.31,4.72,Established,Pre-2025,Palladyne AI Corp.,0.46
PESI,11.10,12.25,Established,Pre-2025,PERMA FIX ENVIRONMENTAL SERVICES INC,1.10
PPIH,14.35,30.57,Established,Pre-2025,"Perma-Pipe International Holdings, Inc.",2.13
REFI,13.59,12.26,Established,Pre-2025,"Chicago Atlantic Real Estate Finance, Inc.",0.90
SEG,27.67,19.66,Established,Pre-2025,Seaport Entertainment Group Inc.,0.71
SKYX,1.24,2.40,Established,Pre-2025,SKYX Platforms Corp.,1.94
SNWV,22.01,28.89,Established,Pre-2025,"SANUWAVE Health, Inc.",1.31
SPOK,14.79,13.00,Established,Pre-2025,"Spok Holdings, Inc",0.88
STXS,2.37,2.32,Established,Pre-2025,"Stereotaxis, Inc.",0.98
TBCH,17.53,14.02,Established,Pre-2025,Turtle Beach Corp,0.80
TG,7.87,7.36,Established,Pre-2025,TREDEGAR CORP,0.94
THRY,14.94,5.67,Established,Pre-2025,"Thryv Holdings, Inc.",0.38
TPVG,6.53,6.64,Established,Pre-2025,TriplePoint Venture Growth BDC Corp.,1.02
VUZI,4.39,3.85,Established,Pre-2025,Vuzix Corp,0.88
WNEB,8.82,12.35,Established,Pre-2025,"Western New England Bancorp, Inc.",1.40
ACB,4.70,4.34,Established,Pre-2025,AURORA CANNABIS INC,0.92
AMBR,10.60,1.99,Established,Pre-2025,Amber International Holding Ltd,0.19
AOMR,8.33,8.59,Established,Pre-2025,"Angel Oak Mortgage REIT, Inc.",1.03
ARMP,1.97,6.56,Established,Pre-2025,"Armata Pharmaceuticals, Inc.",3.33
BPRN,32.98,33.76,Established,Pre-2025,"Princeton Bancorp, Inc.",1.02
CIA,4.41,4.98,Established,Pre-2025,"CITIZENS, INC.",1.13
ETHM,9.80,10.30,Established,Pre-2025,Dynamix Corp,1.05
FBLA,11.85,12.91,Established,Pre-2025,"FB Bancorp, Inc. /MD/",1.09
FINW,15.94,17.44,Established,Pre-2025,Finwise Bancorp,1.09
FLX,8.63,3.22,Established,Pre-2025,BingEx Ltd,0.37
FUNC,32.30,37.08,Established,Pre-2025,FIRST UNITED CORP/MD/,1.15
GALT,1.16,4.05,Established,Pre-2025,GALECTIN THERAPEUTICS INC,3.49
GEOS,10.11,17.69,Established,Pre-2025,GEOSPACE TECHNOLOGIES CORP,1.75
GPRO,1.14,1.46,Established,Pre-2025,"GoPro, Inc.",1.28
HITI,3.41,2.80,Established,Pre-2025,High Tide Inc.,0.82
HRTX,1.66,1.26,Established,Pre-2025,"HERON THERAPEUTICS, INC. /DE/",0.76
HTLM,8.70,2.42,Established,Pre-2025,HomesToLife Ltd,0.28
IKT,3.32,1.95,Established,Pre-2025,"Inhibikase Therapeutics, Inc.",0.59
KINS,15.40,16.26,Established,Pre-2025,"KINGSTONE COMPANIES, INC.",1.06
KLTR,2.78,1.56,Established,Pre-2025,KALTURA INC,0.56
LCNB,14.17,16.19,Established,Pre-2025,LCNB CORP,1.14
LIEN,11.07,10.35,Established,Pre-2025,"Chicago Atlantic BDC, Inc.",0.93
LMNR,24.34,12.78,Established,Pre-2025,Limoneira CO,0.53
LTRX,4.23,6.15,Established,Pre-2025,LANTRONIX INC,1.45
MACI,10.09,10.62,Established,Pre-2025,Melar Acquisition Corp. I/Cayman,1.05
MFIN,9.04,10.18,Established,Pre-2025,MEDALLION FINANCIAL CORP,1.13
NPWR,11.24,2.51,Established,Pre-2025,NET Power Inc.,0.22
OPRT,4.00,5.06,Established,Pre-2025,Oportun Financial Corp,1.26
PAMT,16.04,12.05,Established,Pre-2025,PAMT CORP,0.75
PRQR,2.76,1.99,Established,Pre-2025,ProQR Therapeutics N.V.,0.72
SLQT,4.14,1.37,Established,Pre-2025,"SelectQuote, Inc.",0.33
SSSS,5.59,9.66,Established,Pre-2025,SURO CAPITAL CORP.,1.73
TCX,16.46,22.03,Established,Pre-2025,TUCOWS INC /PA/,1.34
TSSI,13.74,7.69,Established,Pre-2025,"TSS, Inc.",0.56
TWIN,11.36,16.20,Established,Pre-2025,TWIN DISC INC,1.43
VYGR,6.04,4.03,Established,Pre-2025,"Voyager Therapeutics, Inc.",0.67
XYF,8.36,5.78,Established,Pre-2025,X Financial,0.69
ATLO,15.87,22.74,Established,Pre-2025,AMES NATIONAL CORP,1.43
AVR,5.59,4.92,Established,Pre-2025,Anteris Technologies Global Corp.,0.88
BHR,2.81,2.86,Established,Pre-2025,Braemar Hotels & Resorts Inc.,1.02
CABA,2.40,2.21,Established,Pre-2025,"Cabaletta Bio, Inc.",0.92
CBNA,24.75,34.65,Established,Pre-2025,CHAIN BRIDGE BANCORP INC,1.40
CCCC,3.92,1.93,Established,Pre-2025,"C4 Therapeutics, Inc.",0.49
CFFI,68.70,70.70,Established,Pre-2025,C & F FINANCIAL CORP,1.03
CRDF,4.70,2.66,Established,Pre-2025,"Cardiff Oncology, Inc.",0.57
CRMT,49.22,24.29,Established,Pre-2025,AMERICAS CARMART INC,0.49
CVRX,13.64,7.10,Established,Pre-2025,"CVRx, Inc.",0.52
DIBS,3.61,5.90,Established,Pre-2025,"1stdibs.com, Inc.",1.63
DOYU,4.22,6.89,Established,Pre-2025,DouYu International Holdings Ltd,1.63
EWCZ,6.53,3.44,Established,Pre-2025,"European Wax Center, Inc.",0.53
FC,37.06,16.64,Established,Pre-2025,FRANKLIN COVEY CO,0.45
FCCO,23.12,28.97,Established,Pre-2025,FIRST COMMUNITY CORP /SC/,1.25
FRAF,28.13,48.93,Established,Pre-2025,FRANKLIN FINANCIAL SERVICES CORP /PA/,1.74
FSFG,24.76,31.83,Established,Pre-2025,"First Savings Financial Group, Inc.",1.29
FXNC,22.12,24.54,Established,Pre-2025,FIRST NATIONAL CORP /VA/,1.11
HBB,16.12,16.00,Established,Pre-2025,Hamilton Beach Brands Holding Co,0.99
HUHU,4.56,9.98,Established,Pre-2025,HUHUTECH International Group Inc.,2.19
HWBK,28.70,33.85,Established,Pre-2025,"HAWTHORN BANCSHARES, INC.",1.18
IMDX,2.37,7.16,Established,Pre-2025,Insight Molecular Diagnostics Inc.,3.02
JILL,27.64,13.79,Established,Pre-2025,"J.Jill, Inc.",0.50
LOVE,24.51,14.44,Established,Pre-2025,Lovesac Co,0.59
MNTK,4.94,1.68,Established,Pre-2025,"Montauk Renewables, Inc.",0.34
NEN,77.82,64.50,Established,Pre-2025,NEW ENGLAND REALTY ASSOCIATES LIMITED PARTNERSHIP,0.83
NVCT,5.58,8.51,Established,Pre-2025,"Nuvectis Pharma, Inc.",1.53
NYXH,9.15,4.50,Established,Pre-2025,Nyxoah SA,0.49
OGI,1.68,1.73,Established,Pre-2025,ORGANIGRAM GLOBAL INC.,1.03
RCKY,22.43,28.67,Established,Pre-2025,"ROCKY BRANDS, INC.",1.28
RDCM,12.15,12.86,Established,Pre-2025,RADCOM LTD,1.06
RDNW,5.30,5.95,Established,Pre-2025,"RideNow Group, Inc.",1.12
REKR,1.83,1.42,Established,Pre-2025,"Rekor Systems, Inc.",0.78
RGCO,19.27,21.40,Established,Pre-2025,RGC RESOURCES INC,1.11
RZLT,5.24,2.16,Established,Pre-2025,"Rezolute, Inc.",0.41
SDA,9.12,2.06,Established,Pre-2025,SunCar Technology Group Inc.,0.23
SMTI,33.50,23.10,Established,Pre-2025,Sanara MedTech Inc.,0.69
TKNO,8.71,3.90,Established,Pre-2025,"Alpha Teknova, Inc.",0.45
TOYO,3.70,5.96,Established,Pre-2025,"TOYO Co., Ltd",1.61
TRAK,22.47,11.84,Established,Pre-2025,"ReposiTrak, Inc.",0.53
WEWA,2.02,2.11,Established,Pre-2025,"WEWARDS, INC.",1.04
WLAC,9.87,12.87,Established,Pre-2025,Willow Lane Acquisition Corp.,1.30
WTI,1.72,1.61,Established,Pre-2025,W&T OFFSHORE INC,0.94
ALEC,2.06,1.53,Established,Pre-2025,"Alector, Inc.",0.74
ALTO,1.75,2.66,Established,Pre-2025,"Alto Ingredients, Inc.",1.52
CATX,3.51,2.79,Established,Pre-2025,"Perspective Therapeutics, Inc.",0.79
CPSS,10.98,9.17,Established,Pre-2025,"CONSUMER PORTFOLIO SERVICES, INC.",0.84
CXDO,5.76,6.63,Established,Pre-2025,"Crexendo, Inc.",1.15
DERM,4.26,7.45,Established,Pre-2025,Journey Medical Corp,1.75
DOUG,1.70,2.28,Established,Pre-2025,Douglas Elliman Inc.,1.34
DPRO,4.45,7.35,Established,Pre-2025,Draganfly Inc.,1.65
DSX,1.91,1.68,Established,Pre-2025,DIANA SHIPPING INC.,0.88
DUOT,7.54,10.80,Established,Pre-2025,"DUOS TECHNOLOGIES GROUP, INC.",1.43
EARN,5.77,5.30,Established,Pre-2025,Ellington Credit Co,0.92
EDIT,1.34,2.05,Established,Pre-2025,"Editas Medicine, Inc.",1.53
EFSI,34.94,39.44,Established,Pre-2025,EAGLE FINANCIAL SERVICES INC,1.13
FFAI,3.18,1.07,Established,Pre-2025,FARADAY FUTURE INTELLIGENT ELECTRIC INC.,0.34
FLXS,52.11,39.91,Established,Pre-2025,FLEXSTEEL INDUSTRIES INC,0.77
FNRN,9.44,13.36,Established,Pre-2025,FIRST NORTHERN COMMUNITY BANCORP,1.42
FOSL,1.88,3.82,Established,Pre-2025,"Fossil Group, Inc.",2.03
GOAI,5.20,7.70,Established,Pre-2025,Eva Live Inc,1.48
GPJA,21.16,22.64,Established,Pre-2025,GEORGIA POWER CO,1.07
IMMR,8.55,6.41,Established,Pre-2025,IMMERSION CORP,0.75
JAKK,27.00,17.22,Established,Pre-2025,JAKKS PACIFIC INC,0.64
LODE,6.70,3.89,Established,Pre-2025,Comstock Inc.,0.58
LOGC,7.29,7.56,Established,Pre-2025,ContextLogic Holdings Inc.,1.04
LPRO,5.84,1.56,Established,Pre-2025,Open Lending Corp,0.27
NERV,2.28,3.92,Established,Pre-2025,"Minerva Neurosciences, Inc.",1.72
NKSH,26.42,33.01,Established,Pre-2025,NATIONAL BANKSHARES INC,1.25
ONEW,17.05,10.77,Established,Pre-2025,OneWater Marine Inc.,0.63
OPBK,15.03,13.98,Established,Pre-2025,OP Bancorp,0.93
OZ,71.00,56.16,Established,Pre-2025,"Belpointe PREP, LLC",0.79
POWW,1.22,1.67,Established,Pre-2025,Outdoor Holding Co,1.37
RAIL,10.21,10.93,Established,Pre-2025,"FreightCar America, Inc.",1.07
RICK,56.11,23.43,Established,Pre-2025,"RCI HOSPITALITY HOLDINGS, INC.",0.42
RNAC,16.85,6.76,Established,Pre-2025,"Cartesian Therapeutics, Inc.",0.40
SHIP,6.59,9.12,Established,Pre-2025,Seanergy Maritime Holdings Corp.,1.38
STRS,20.67,24.01,Established,Pre-2025,STRATUS PROPERTIES INC,1.16
SWKH,9.37,17.14,Established,Pre-2025,SWK Holdings Corp,1.83
TAYD,35.26,64.25,Established,Pre-2025,"TAYLOR DEVICES, INC.",1.82
TRUE,3.49,2.27,Established,Pre-2025,"TrueCar, Inc.",0.65
TRVG,2.31,2.81,Established,Pre-2025,trivago N.V.,1.22
UIS,6.67,2.60,Established,Pre-2025,UNISYS CORP,0.39
UTKN,2.95,2.10,Established,Pre-2025,Universal Token,0.71
VABK,35.49,39.68,Established,Pre-2025,Virginia National Bankshares Corp,1.12
ALTG,6.68,5.01,Established,Pre-2025,ALTA EQUIPMENT GROUP INC.,0.75
ALTS,5.49,1.21,Established,Pre-2025,ALT5 Sigma Corp,0.22
AMPY,6.16,4.63,Established,Pre-2025,Amplify Energy Corp.,0.75
ARCT,17.94,6.25,Established,Pre-2025,Arcturus Therapeutics Holdings Inc.,0.35
AREN,1.35,3.95,Established,Pre-2025,"Arena Group Holdings, Inc.",2.93
ASYS,5.63,12.95,Established,Pre-2025,AMTECH SYSTEMS INC,2.30
BANX,19.07,21.99,Established,Pre-2025,ArrowMark Financial Corp.,1.15
BRLT,1.90,1.79,Established,Pre-2025,"Brilliant Earth Group, Inc.",0.94
BUKS,1.74,3.06,Established,Pre-2025,BUTLER NATIONAL CORP,1.76
BVFL,17.14,18.17,Established,Pre-2025,"BV Financial, Inc.",1.06
CBFV,27.45,34.67,Established,Pre-2025,"CB Financial Services, Inc.",1.26
CBIO,28.00,11.08,Established,Pre-2025,"CRESCENT BIOPHARMA, INC.",0.40
CCFN,41.66,56.25,Established,Pre-2025,MUNCY COLUMBIA FINANCIAL Corp,1.35
CMCM,4.53,6.26,Established,Pre-2025,Cheetah Mobile Inc.,1.38
CRNT,4.73,2.19,Established,Pre-2025,CERAGON NETWORKS LTD,0.46
CURI,1.45,3.76,Established,Pre-2025,CuriosityStream Inc.,2.59
ESCA,14.24,13.54,Established,Pre-2025,ESCALADE INC,0.95
FNKO,13.99,3.36,Established,Pre-2025,"Funko, Inc.",0.24
GAMB,14.33,5.29,Established,Pre-2025,Gambling.com Group Ltd,0.37
GENC,17.38,13.21,Established,Pre-2025,GENCOR INDUSTRIES INC,0.76
GIFI,7.10,11.96,Established,Pre-2025,GULF ISLAND FABRICATION INC,1.68
INGN,9.62,6.63,Established,Pre-2025,Inogen Inc,0.69
JELD,7.97,2.48,Established,Pre-2025,"JELD-WEN Holding, Inc.",0.31
LFMD,5.75,3.49,Established,Pre-2025,"LifeMD, Inc.",0.61
MASS,2.29,5.09,Established,Pre-2025,908 Devices Inc.,2.22
MPV,15.72,16.59,Established,Pre-2025,BARINGS PARTICIPATION INVESTORS,1.06
MRBK,13.74,17.12,Established,Pre-2025,Meridian Corp,1.25
NNOX,9.25,2.83,Established,Pre-2025,Nano-X Imaging Ltd.,0.31
NRDY,1.63,1.02,Established,Pre-2025,Nerdy Inc.,0.63
OSS,3.78,6.80,Established,Pre-2025,"ONE STOP SYSTEMS, INC.",1.80
OVBC,22.83,39.53,Established,Pre-2025,OHIO VALLEY BANC CORP,1.73
PEBK,29.48,35.71,Established,Pre-2025,PEOPLES BANCORP OF NORTH CAROLINA INC,1.21
PLBY,1.47,1.84,Established,Pre-2025,"Playboy, Inc.",1.25
RILY,4.99,5.18,Established,Pre-2025,"BRC Group Holdings, Inc.",1.04
SABS,3.66,3.77,Established,Pre-2025,"SAB Biotherapeutics, Inc.",1.03
SKIN,1.65,1.40,Established,Pre-2025,Beauty Health Co,0.85
SPCE,6.53,3.29,Established,Pre-2025,"Virgin Galactic Holdings, Inc",0.50
SRFM,5.96,2.39,Established,Pre-2025,SURF AIR MOBILITY INC.,0.40
SRG,4.21,3.40,Established,Pre-2025,Seritage Growth Properties,0.81
TNXP,31.00,16.55,Established,Pre-2025,Tonix Pharmaceuticals Holding Corp.,0.53
UTMD,60.06,56.50,Established,Pre-2025,UTAH MEDICAL PRODUCTS INC,0.94
WALD,3.43,1.71,Established,Pre-2025,Waldencast plc,0.50
ACH,13.06,2.32,Established,Pre-2025,ACCENDRA HEALTH INC/VA/,0.18
ACU,36.10,40.05,Established,Pre-2025,ACME UNITED CORP,1.11
AMCI,11.40,7.19,Established,Pre-2025,AMC Robotics Corp,0.63
AVX,24.39,1.61,Established,Pre-2025,AVAX ONE TECHNOLOGY LTD.,0.07
BCIC,14.11,11.92,Established,Pre-2025,BCP Investment Corp,0.84
BZUN,2.87,2.81,Established,Pre-2025,Baozun Inc.,0.98
CFBK,24.47,24.52,Established,Pre-2025,CF BANKSHARES INC.,1.00
CGEN,1.60,1.55,Established,Pre-2025,COMPUGEN LTD,0.97
CHPT,23.20,7.04,Established,Pre-2025,"ChargePoint Holdings, Inc.",0.30
CHRS,1.66,1.37,Established,Pre-2025,"Coherus Oncology, Inc.",0.83
CZWI,15.72,17.43,Established,Pre-2025,Citizens Community Bancorp Inc.,1.11
DGXX,1.67,2.79,Established,Pre-2025,Digi Power X Inc.,1.67
ENJ,20.07,20.85,Established,Pre-2025,"ENTERGY NEW ORLEANS, LLC",1.04
ESGL,1.30,4.00,Established,Pre-2025,ESGL Holdings Ltd,3.08
FCAP,31.65,58.27,Established,Pre-2025,FIRST CAPITAL INC,1.84
FTCI,6.06,12.23,Established,Pre-2025,"FTC Solar, Inc.",2.02
GHI,9.71,7.04,Established,Pre-2025,Greystone Housing Impact Investors LP,0.73
HCAT,7.42,2.28,Established,Pre-2025,"Health Catalyst, Inc.",0.31
INBK,34.90,20.43,Established,Pre-2025,First Internet Bancorp,0.59
INFU,8.21,8.39,Established,Pre-2025,"InfuSystem Holdings, Inc",1.02
MDXH,2.32,3.43,Established,Pre-2025,MDxHealth SA,1.48
MIST,2.20,2.05,Established,Pre-2025,Milestone Pharmaceuticals Inc.,0.93
MPTI,51.25,52.08,Established,Pre-2025,"M-tron Industries, Inc.",1.02
MRT,3.48,2.32,Established,Pre-2025,"Marti Technologies, Inc.",0.67
NUAI,4.20,3.44,Established,Pre-2025,"New ERA Energy & Digital, Inc.",0.82
OSUR,3.69,2.38,Established,Pre-2025,ORASURE TECHNOLOGIES INC,0.64
PERF,2.62,1.73,Established,Pre-2025,Perfect Corp.,0.66
PNBK,1.90,1.67,Established,Pre-2025,PATRIOT NATIONAL BANCORP INC,0.88
PRLD,1.39,2.73,Established,Pre-2025,Prelude Therapeutics Inc,1.96
RANI,1.52,1.36,Established,Pre-2025,"Rani Therapeutics Holdings, Inc.",0.89
RDZN,2.49,2.37,Established,Pre-2025,Roadzen Inc.,0.95
RELL,14.00,10.76,Established,Pre-2025,"RICHARDSON ELECTRONICS, LTD.",0.77
RGP,8.55,5.05,Established,Pre-2025,"RESOURCES CONNECTION, INC.",0.59
SGMT,4.97,5.99,Established,Pre-2025,Sagimet Biosciences Inc.,1.21
SLMT,8.50,2.00,Established,Pre-2025,Brera Holdings PLC,0.24
SLNH,2.38,1.41,Established,Pre-2025,"Soluna Holdings, Inc",0.59
SMID,44.22,37.49,Established,Pre-2025,SMITH MIDLAND CORP,0.85
SPWR,1.87,1.65,Established,Pre-2025,SunPower Inc.,0.88
SRZN,17.02,21.55,Established,Pre-2025,"Surrozen, Inc./DE",1.27
TMCI,7.90,2.50,Established,Pre-2025,"TREACE MEDICAL CONCEPTS, INC.",0.32
TONX,7.57,2.41,Established,Pre-2025,TON Strategy Co,0.32
TTEC,4.79,3.57,Established,Pre-2025,"TTEC Holdings, Inc.",0.75
UBFO,9.34,9.81,Established,Pre-2025,UNITED SECURITY BANCSHARES,1.05
UTGN,29.63,55.10,Established,Pre-2025,UTG INC,1.86
ZNTL,3.24,1.37,Established,Pre-2025,"Zentalis Pharmaceuticals, Inc.",0.42
ACNT,11.47,16.06,Established,Pre-2025,ASCENT INDUSTRIES CO.,1.40
ACR,16.85,20.61,Established,Pre-2025,ACRES Commercial Realty Corp.,1.22
ACTU,8.33,6.03,Established,Pre-2025,"ACTUATE THERAPEUTICS, INC.",0.72
AEI,1.18,3.41,Established,Pre-2025,Alset Inc.,2.89
ARQ,7.36,3.33,Established,Pre-2025,"Arq, Inc.",0.45
BDTX,2.20,2.49,Established,Pre-2025,"Black Diamond Therapeutics, Inc.",1.13
BMBN,25.20,33.51,Established,Pre-2025,BENCHMARK BANKSHARES INC,1.33
CDXS,5.43,1.61,Established,Pre-2025,"CODEXIS, INC.",0.30
CLPR,4.13,3.56,Established,Pre-2025,Clipper Realty Inc.,0.86
CMT,15.73,19.46,Established,Pre-2025,CORE MOLDING TECHNOLOGIES INC,1.24
CMTL,4.20,5.53,Established,Pre-2025,COMTECH TELECOMMUNICATIONS CORP /DE/,1.32
CNTX,1.25,1.55,Established,Pre-2025,Context Therapeutics Inc.,1.24
COE,19.69,31.26,Established,Pre-2025,51Talk Online Education Group,1.59
CRBP,13.04,7.87,Established,Pre-2025,"Corbus Pharmaceuticals Holdings, Inc.",0.60
CRBU,1.72,1.59,Established,Pre-2025,"Caribou Biosciences, Inc.",0.92
DMRC,46.81,6.32,Established,Pre-2025,Digimarc CORP,0.14
DOGZ,36.60,10.80,Established,Pre-2025,Dogness (International) Corp,0.30
EBMT,14.40,19.57,Established,Pre-2025,"Eagle Bancorp Montana, Inc.",1.36
EMPD,33.92,4.65,Established,Pre-2025,Empery Digital Inc.,0.14
FORR,15.85,8.15,Established,Pre-2025,"FORRESTER RESEARCH, INC.",0.51
GHG,2.50,1.70,Established,Pre-2025,GreenTree Hospitality Group Ltd.,0.68
HNVR,21.87,22.77,Established,Pre-2025,"Hanover Bancorp, Inc. /MD",1.04
INSG,10.39,10.11,Established,Pre-2025,INSEEGO CORP.,0.97
IPHA,1.87,1.82,Established,Pre-2025,Innate Pharma SA,0.97
KLRS,10.44,8.30,Established,Pre-2025,"Kalaris Therapeutics, Inc.",0.80
MAMO,2.59,3.96,Established,Pre-2025,Massimo Group,1.53
MERC,6.34,1.96,Established,Pre-2025,MERCER INTERNATIONAL INC.,0.31
MOLN,4.87,4.22,Established,Pre-2025,MOLECULAR PARTNERS AG,0.87
MXCT,4.39,1.55,Established,Pre-2025,"MAXCYTE, INC.",0.35
PMTS,32.05,14.22,Established,Pre-2025,CPI Card Group Inc.,0.44
QIPT,3.05,3.53,Established,Pre-2025,Quipt Home Medical Corp.,1.16
QNCX,1.95,3.00,Established,Pre-2025,"Quince Therapeutics, Inc.",1.54
RFAI,10.22,10.75,Established,Pre-2025,RF Acquisition Corp II,1.05
SANG,6.92,4.98,Established,Pre-2025,Sangoma Technologies Corp,0.72
SCTH,1.00,5.00,Established,Pre-2025,"Securetech Innovations, Inc.",5.00
SDHC,24.49,16.85,Established,Pre-2025,Smith Douglas Homes Corp.,0.69
SLND,3.49,3.08,Established,Pre-2025,"Southland Holdings, Inc.",0.88
SMHI,6.96,5.98,Established,Pre-2025,SEACOR Marine Holdings Inc.,0.86
SNBR,14.99,8.59,Established,Pre-2025,Sleep Number Corp,0.57
SRI,5.97,5.97,Established,Pre-2025,STONERIDGE INC,1.00
TAVI,9.91,10.43,Established,Pre-2025,Tavia Acquisition Corp.,1.05
VLN,2.84,1.56,Established,Pre-2025,Valens Semiconductor Ltd.,0.55
VTVT,14.68,39.60,Established,Pre-2025,vTv Therapeutics Inc.,2.70
WHF,8.48,6.99,Established,Pre-2025,"WhiteHorse Finance, Inc.",0.82
WHG,14.59,17.63,Established,Pre-2025,WESTWOOD HOLDINGS GROUP INC,1.21
ACOG,5.67,6.50,Established,Pre-2025,Alpha Cognition Inc.,1.15
AIRS,5.85,1.85,Established,Pre-2025,"Airsculpt Technologies, Inc.",0.32
ANIK,16.19,9.35,Established,Pre-2025,"Anika Therapeutics, Inc.",0.58
APYX,1.66,3.50,Established,Pre-2025,Apyx Medical Corp,2.11
BCBP,10.80,7.98,Established,Pre-2025,BCB BANCORP INC,0.74
BOOM,7.29,6.85,Established,Pre-2025,DMC Global Inc.,0.94
BSET,13.27,16.59,Established,Pre-2025,BASSETT FURNITURE INDUSTRIES INC,1.25
BTCS,2.71,2.87,Established,Pre-2025,BTCS Inc.,1.06
CAAS,4.08,4.31,Established,Pre-2025,"China Automotive Systems, Inc.",1.06
CBUS,3.10,1.88,Established,Pre-2025,"Cibus, Inc.",0.61
CMTV,15.81,24.89,Established,Pre-2025,COMMUNITY BANCORP /VT,1.57
CSBB,36.14,53.51,Established,Pre-2025,"CSB Bancorp, Inc.",1.48
DLNG,5.34,3.72,Established,Pre-2025,Dynagas LNG Partners LP,0.70
ECBK,14.90,17.32,Established,Pre-2025,"ECB Bancorp, Inc. /MD/",1.16
EDAP,2.49,3.40,Established,Pre-2025,EDAP TMS SA,1.37
ELTX,5.62,8.05,Established,Pre-2025,"Elicio Therapeutics, Inc.",1.43
EMYB,15.97,18.20,Established,Pre-2025,"Embassy Bancorp, Inc.",1.14
FGFH,32.21,41.65,Established,Pre-2025,FORESIGHT FINANCIAL GROUP INC,1.29
FNWD,27.89,35.60,Established,Pre-2025,Finward Bancorp,1.28
FOTB,128.73,168.00,Established,Pre-2025,"FIRST OTTAWA BANCSHARES, INC.",1.31
FTLF,16.02,15.76,Established,Pre-2025,"FITLIFE BRANDS, INC.",0.98
HPAI,5.75,4.12,Established,Pre-2025,Helport AI Ltd,0.72
HQI,13.51,10.70,Established,Pre-2025,"HireQuest, Inc.",0.79
IRD,1.35,2.12,Established,Pre-2025,"Opus Genetics, Inc.",1.57
KULR,26.56,3.20,Established,Pre-2025,"KULR Technology Group, Inc.",0.12
KVHI,5.65,7.07,Established,Pre-2025,KVH INDUSTRIES INC \DE\,1.25
LARK,22.17,25.97,Established,Pre-2025,LANDMARK BANCORP INC,1.17
MDV,13.75,14.41,Established,Pre-2025,"MODIV INDUSTRIAL, INC.",1.05
MNSB,17.07,19.86,Established,Pre-2025,"MainStreet Bancshares, Inc.",1.16
NEXM,5.38,4.02,Established,Pre-2025,NexMetals Mining Corp.,0.75
NKTX,2.50,1.87,Established,Pre-2025,"Nkarta, Inc.",0.75
NXXT,3.65,1.34,Established,Pre-2025,"NEXTNRG, INC.",0.37
OXSQ,2.14,1.75,Established,Pre-2025,Oxford Square Capital Corp.,0.82
PCSC,10.18,13.00,Established,Pre-2025,Perceptive Capital Solutions Corp,1.28
RCMT,22.48,19.86,Established,Pre-2025,"RCM TECHNOLOGIES, INC.",0.88
RPID,1.03,3.14,Established,Pre-2025,"RAPID MICRO BIOSYSTEMS, INC.",3.05
SGC,15.31,9.62,Established,Pre-2025,"SUPERIOR GROUP OF COMPANIES, INC.",0.63
SLGL,10.90,42.15,Established,Pre-2025,Sol-Gel Technologies Ltd.,3.87
SND,2.16,4.04,Established,Pre-2025,"Smart Sand, Inc.",1.87
SPRO,1.10,2.35,Established,Pre-2025,"Spero Therapeutics, Inc.",2.14
STEM,24.40,16.96,Established,Pre-2025,"STEM, INC.",0.70
SUIG,1.99,1.79,Established,Pre-2025,SUI Group Holdings Ltd.,0.90
ZJK,9.11,2.22,Established,Pre-2025,"ZJK Industrial Co., Ltd.",0.24
AFBI,16.19,20.54,Established,Pre-2025,"Affinity Bancshares, Inc.",1.27
AGEN,3.27,3.23,Established,Pre-2025,AGENUS INC,0.99
AKA,18.46,10.61,Established,Pre-2025,A.K.A. BRANDS HOLDING CORP.,0.57
ARBE,2.63,1.20,Established,Pre-2025,Arbe Robotics Ltd.,0.46
ATLX,7.19,4.38,Established,Pre-2025,Atlas Lithium Corp,0.61
BEOB,75.45,108.00,Established,Pre-2025,BEO BANCORP,1.43
BHST,6.28,5.21,Established,Pre-2025,BIOHARVEST SCIENCES INC.,0.83
CCLD,3.67,2.91,Established,Pre-2025,"CareCloud, Inc.",0.79
CLAR,4.52,3.36,Established,Pre-2025,Clarus Corp,0.74
CNTB,1.17,2.52,Established,Pre-2025,Connect Biopharma Holdings Ltd,2.15
CPKF,18.00,28.15,Established,Pre-2025,CHESAPEAKE FINANCIAL SHARES INC,1.56
CURR,1.52,1.89,Established,Pre-2025,Currenc Group Inc.,1.24
DBGI,1.54,15.23,Established,Pre-2025,"Digital Brands Group, Inc.",9.89
EHTH,9.55,4.26,Established,Pre-2025,"eHealth, Inc.",0.45
ELDN,4.83,1.62,Established,Pre-2025,"Eledon Pharmaceuticals, Inc.",0.34
ENBP,16.83,23.25,Established,Pre-2025,ENB Financial Corp,1.38
ESGH,9.98,5.30,Established,Pre-2025,ESG Inc.,0.53
ESOA,12.68,8.09,Established,Pre-2025,Energy Services of America CORP,0.64
ESP,27.68,46.89,Established,Pre-2025,ESPEY MFG & ELECTRONICS CORP,1.69
EXFY,3.60,1.45,Established,Pre-2025,"Expensify, Inc.",0.40
FBIO,2.23,4.03,Established,Pre-2025,"Fortress Biotech, Inc.",1.81
FF,4.93,3.18,Established,Pre-2025,FutureFuel Corp.,0.65
FGNX,23.23,3.23,Established,Pre-2025,FG Nexus Inc.,0.14
FLD,11.18,2.76,Established,Pre-2025,"Fold Holdings, Inc.",0.25
FRD,15.05,20.24,Established,Pre-2025,FRIEDMAN INDUSTRIES INC,1.34
GCL,11.35,1.05,Established,Pre-2025,GCL Global Holdings Ltd,0.09
GTE,7.73,4.23,Established,Pre-2025,GRAN TIERRA ENERGY INC.,0.55
HSDT,519.00,3.09,Established,Pre-2025,Solana Co,0.01
IMPP,3.26,3.65,Established,Pre-2025,Imperial Petroleum Inc./Marshall Islands,1.12
ISPR,5.05,2.86,Established,Pre-2025,Ispire Technology Inc.,0.57
JYNT,10.64,8.85,Established,Pre-2025,JOINT Corp,0.83
KPTI,11.70,7.19,Established,Pre-2025,Karyopharm Therapeutics Inc.,0.61
LNSR,8.65,11.61,Established,Pre-2025,"LENSAR, Inc.",1.34
MBOT,2.14,2.11,Established,Pre-2025,Microbot Medical Inc.,0.99
MCRB,18.10,15.15,Established,Pre-2025,"Seres Therapeutics, Inc.",0.84
MRCC,7.55,6.51,Established,Pre-2025,MONROE CAPITAL Corp,0.86
OCCI,5.72,4.86,Established,Pre-2025,"OFS Credit Company, Inc.",0.85
PLX,2.12,1.74,Established,Pre-2025,"Protalix BioTherapeutics, Inc.",0.82
SIEB,3.19,3.59,Established,Pre-2025,SIEBERT FINANCIAL CORP,1.13
SVCO,8.52,4.14,Established,Pre-2025,"Silvaco Group, Inc.",0.49
TBI,8.12,4.40,Established,Pre-2025,"TrueBlue, Inc.",0.54
UPXI,4.59,1.91,Established,Pre-2025,"UPEXI, INC.",0.42
WRAP,2.05,2.58,Established,Pre-2025,"WRAP TECHNOLOGIES, INC.",1.26
XGN,3.58,6.04,Established,Pre-2025,EXAGEN INC.,1.69
ZENA,7.54,3.13,Established,Pre-2025,"ZenaTech, Inc.",0.42
ABOS,1.90,2.02,Established,Pre-2025,"Acumen Pharmaceuticals, Inc.",1.06
AEYE,15.60,9.95,Established,Pre-2025,AUDIOEYE INC,0.64
BAER,2.10,1.82,Established,Pre-2025,"Bridger Aerospace Group Holdings, Inc.",0.87
BTMD,6.20,2.47,Established,Pre-2025,biote Corp.,0.40
CHAR,9.94,10.46,Established,Pre-2025,Charlton Aria Acquisition Corp,1.05
CHCI,8.35,11.97,Established,Pre-2025,"Comstock Holding Companies, Inc.",1.43
CHR,128.00,1.43,Established,Pre-2025,"Cheer Holding, Inc.",0.01
COOK,2.45,1.06,Established,Pre-2025,"Traeger, Inc.",0.43
CRGO,3.18,2.23,Established,Pre-2025,Freightos Ltd,0.70
EPSN,6.29,4.60,Established,Pre-2025,Epsilon Energy Ltd.,0.73
FKYS,12.81,19.82,Established,Pre-2025,FIRST KEYSTONE CORP,1.55
FONR,15.02,18.52,Established,Pre-2025,FONAR CORP,1.23
FTCO,4.82,3.92,Established,Pre-2025,Fortitude Gold Corp,0.81
GNLX,2.54,4.55,Established,Pre-2025,GENELUX Corp,1.79
GRO,8.04,1.99,Established,Pre-2025,Brazil Potash Corp.,0.25
HFUS,5.44,5.00,Established,Pre-2025,"Hartford Creative Group, Inc.",0.92
HOFT,12.43,11.15,Established,Pre-2025,HOOKER FURNISHINGS Corp,0.90
IDN,2.90,6.61,Established,Pre-2025,"Intellicheck, Inc.",2.28
INO,1.96,1.69,Established,Pre-2025,"INOVIO PHARMACEUTICALS, INC.",0.86
KGEI,5.60,3.92,Established,Pre-2025,Kolibri Global Energy Inc.,0.70
KISB,32.98,41.56,Established,Pre-2025,KISH BANCORP INC,1.26
LGCY,8.22,10.35,Established,Pre-2025,Legacy Education Inc.,1.26
LSBK,9.56,14.69,Established,Pre-2025,"Lake Shore Bancorp, Inc. /MD/",1.54
LVRO,4.98,1.10,Established,Pre-2025,Lavoro Ltd,0.22
NIPG,7.07,1.15,Established,Pre-2025,NIP Group Inc.,0.16
ORMP,2.44,2.91,Established,Pre-2025,ORAMED PHARMACEUTICALS INC.,1.19
PDEX,46.99,37.72,Established,Pre-2025,PRO DEX INC,0.80
QNBC,32.55,35.25,Established,Pre-2025,QNB CORP.,1.08
QUIK,11.82,6.28,Established,Pre-2025,QUICKLOGIC Corp,0.53
RBKB,9.65,11.98,Established,Pre-2025,"Rhinebeck Bancorp, Inc.",1.24
RMBI,12.77,14.01,Established,Pre-2025,"Richmond Mutual Bancorporation, Inc.",1.10
SAMG,17.36,15.40,Established,Pre-2025,Silvercrest Asset Management Group Inc.,0.89
SBFG,20.33,21.37,Established,Pre-2025,"SB FINANCIAL GROUP, INC.",1.05
SERA,8.02,3.00,Established,Pre-2025,"SERA PROGNOSTICS, INC.",0.37
SRBK,11.85,15.88,Established,Pre-2025,"SR Bancorp, Inc.",1.34
TGEN,1.80,5.34,Established,Pre-2025,TECOGEN INC.,2.97
UNCY,7.79,5.80,Established,Pre-2025,"Unicycive Therapeutics, Inc.",0.74
VRCA,7.00,8.30,Established,Pre-2025,Verrica Pharmaceuticals Inc.,1.19
WHWK,3.26,2.44,Established,Pre-2025,"Whitehawk Therapeutics, Inc.",0.75
ZVIA,4.47,2.01,Established,Pre-2025,Zevia PBC,0.45
ANIX,2.38,3.16,Established,Pre-2025,Anixa Biosciences Inc,1.33
ANVS,5.39,3.65,Established,Pre-2025,"Annovis Bio, Inc.",0.68
AP,2.35,4.97,Established,Pre-2025,AMPCO PITTSBURGH CORP,2.11
ARTV,10.67,4.23,Established,Pre-2025,"Artiva Biotherapeutics, Inc.",0.40
ATLN,5.59,2.04,Established,Pre-2025,ATLANTIC INTERNATIONAL CORP.,0.36
ATRA,16.35,17.77,Established,Pre-2025,"Atara Biotherapeutics, Inc.",1.09
BCRD,6.25,8.22,Established,Pre-2025,"BlueOne Card, Inc.",1.32
BEEP,4.18,2.54,Established,Pre-2025,Mobile Infrastructure Corp,0.61
BRCC,3.19,1.12,Established,Pre-2025,BRC Inc.,0.35
BSBK,7.60,8.63,Established,Pre-2025,Bogota Financial Corp.,1.14
CODA,7.89,9.51,Established,Pre-2025,"Coda Octopus Group, Inc.",1.21
COYA,6.11,5.65,Established,Pre-2025,"Coya Therapeutics, Inc.",0.92
CSPI,17.50,11.94,Established,Pre-2025,CSP INC /MA/,0.68
CURV,5.68,1.06,Established,Pre-2025,Torrid Holdings Inc.,0.19
DWTX,2.61,4.24,Established,Pre-2025,"Dogwood Therapeutics, Inc.",1.62
EML,26.29,19.63,Established,Pre-2025,EASTERN CO,0.75
EPM,4.80,3.64,Established,Pre-2025,EVOLUTION PETROLEUM CORP,0.76
FGBI,10.77,5.38,Established,Pre-2025,"First Guaranty Bancshares, Inc.",0.50
GFLT,24.45,10.42,Established,Pre-2025,"GenFlat Holdings, Inc.",0.43
HFFG,3.22,2.18,Established,Pre-2025,HF Foods Group Inc.,0.68
ICG,4.51,1.87,Established,Pre-2025,Intchains Group Ltd,0.41
KEQU,62.00,37.50,Established,Pre-2025,KEWAUNEE SCIENTIFIC CORP /DE/,0.60
KVAC,10.98,11.75,Established,Pre-2025,Keen Vision Acquisition Corp.,1.07
MED,17.60,10.40,Established,Pre-2025,MEDIFAST INC,0.59
MGNX,3.46,1.61,Established,Pre-2025,MACROGENICS INC,0.47
MGYR,14.00,17.54,Established,Pre-2025,"Magyar Bancorp, Inc.",1.25
MLCI,3.65,8.22,Established,Pre-2025,Mount Logan Capital Inc.,2.25
MMLP,3.38,2.70,Established,Pre-2025,MARTIN MIDSTREAM PARTNERS L.P.,0.80
NEOV,5.68,3.29,Established,Pre-2025,NeoVolta Inc.,0.58
ONL,3.71,2.26,Established,Pre-2025,Orion Properties Inc.,0.61
OPTX,3.09,3.13,Established,Pre-2025,"SYNTEC OPTICS HOLDINGS, INC.",1.01
PLCE,10.98,4.13,Established,Pre-2025,"Childrens Place, Inc.",0.38
QMCO,54.43,7.00,Established,Pre-2025,QUANTUM CORP /DE/,0.13
QTZM,1.00,3.18,Established,Pre-2025,Quantumzyme Corp.,3.18
SHIM,2.96,3.05,Established,Pre-2025,Shimmick Corp,1.03
STIM,1.49,1.44,Established,Pre-2025,"Neuronetics, Inc.",0.97
TORO,2.96,5.38,Established,Pre-2025,TORO CORP.,1.82
TYFG,44.67,49.10,Established,Pre-2025,"Tri-County Financial Group, Inc.",1.10
USGO,9.06,8.78,Established,Pre-2025,U.S. GoldMining Inc.,0.97
VNJA,2.35,4.20,Established,Pre-2025,VANJIA CORP,1.79
WRIV,34.59,49.49,Established,Pre-2025,WHITE RIVER BANCSHARES CO,1.43
ZEO,3.43,1.17,Established,Pre-2025,Zeo Energy Corp.,0.34
AEC,4.50,5.90,Established,Pre-2025,ANFIELD ENERGY INC.,1.31
AISP,5.89,3.11,Established,Pre-2025,"Airship AI Holdings, Inc.",0.53
AMTX,2.97,1.59,Established,Pre-2025,"AEMETIS, INC",0.54
ANNA,8.04,2.77,Established,Pre-2025,"AleAnna, Inc.",0.34
AOUT,15.74,7.92,Established,Pre-2025,"American Outdoor Brands, Inc.",0.50
AURX,1.40,2.00,Established,Pre-2025,"Nuo Therapeutics, Inc.",1.43
AXR,30.91,19.12,Established,Pre-2025,AMREP CORP.,0.62
BTM,1.65,1.32,Established,Pre-2025,Bitcoin Depot Inc.,0.80
CWGL,6.25,4.95,Established,Pre-2025,"Crimson Wine Group, Ltd",0.79
DTI,3.43,2.58,Established,Pre-2025,Drilling Tools International Corp,0.75
DTIL,4.75,4.10,Established,Pre-2025,PRECISION BIOSCIENCES INC,0.86
EP,7.78,3.04,Established,Pre-2025,EMPIRE PETROLEUM CORP,0.39
FMBM,19.09,28.70,Established,Pre-2025,F&M BANK CORP,1.50
HAIN,6.19,1.05,Established,Pre-2025,HAIN CELESTIAL GROUP INC,0.17
HURC,19.56,16.35,Established,Pre-2025,HURCO COMPANIES INC,0.84
IH,1.55,2.00,Established,Pre-2025,iHuman Inc.,1.29
INTT,9.40,7.54,Established,Pre-2025,INTEST CORP,0.80
LGO,1.81,1.05,Established,Pre-2025,Largo Inc.,0.58
LIDR,2.03,2.11,Established,Pre-2025,"AEye, Inc.",1.04
LVPA,1.01,1.01,Established,Pre-2025,LVPAI GROUP Ltd,1.00
MX,4.22,2.68,Established,Pre-2025,MAGNACHIP SEMICONDUCTOR Corp,0.64
NCTY,16.29,6.23,Established,Pre-2025,The9 LTD,0.38
PROP,6.74,1.83,Established,Pre-2025,Prairie Operating Co.,0.27
PROV,15.43,15.98,Established,Pre-2025,PROVIDENT FINANCIAL HOLDINGS INC,1.04
RCEL,13.24,3.47,Established,Pre-2025,"AVITA Medical, Inc.",0.26
RPTX,1.39,2.57,Established,Pre-2025,Repare Therapeutics Inc.,1.85
RVSB,5.65,5.03,Established,Pre-2025,RIVERVIEW BANCORP INC,0.89
SAVA,2.89,2.09,Established,Pre-2025,CASSAVA SCIENCES INC,0.72
SEAT,91.90,7.00,Established,Pre-2025,Vivid Seats Inc.,0.08
SEER,2.47,1.82,Established,Pre-2025,"Seer, Inc.",0.74
SFBC,52.50,43.50,Established,Pre-2025,"Sound Financial Bancorp, Inc.",0.83
SLBK,11.75,19.00,Established,Pre-2025,"Skyline Bankshares, Inc.",1.62
SLSN,2.34,1.50,Established,Pre-2025,"SOLESENCE, INC.",0.64
SNCR,9.17,8.59,Established,Pre-2025,SYNCHRONOSS TECHNOLOGIES INC,0.94
SNT,3.70,4.56,Established,Pre-2025,Senstar Technologies Corp,1.23
SPKL,10.62,11.43,Established,Pre-2025,Spark I Acquisition Corp,1.08
SRL,8.30,8.15,Established,Pre-2025,Scully Royalty Ltd.,0.98
SSTI,13.44,7.75,Established,Pre-2025,"SOUNDTHINKING, INC.",0.58
STHO,9.33,8.12,Established,Pre-2025,Star Holdings,0.87
TNMG,129.46,2.80,Established,Pre-2025,TNL Mediagene,0.02
UNB,27.37,23.72,Established,Pre-2025,UNION BANKSHARES INC,0.87
VIOT,1.40,1.83,Established,Pre-2025,"Viomi Technology Co., Ltd",1.31
YTRA,1.29,1.79,Established,Pre-2025,"Yatra Online, Inc.",1.39
ACRV,6.62,2.46,Established,Pre-2025,"Acrivon Therapeutics, Inc.",0.37
AMWL,7.48,4.85,Established,Pre-2025,American Well Corp,0.65
AUBN,22.12,26.25,Established,Pre-2025,"AUBURN NATIONAL BANCORPORATION, INC",1.19
BIOX,6.40,1.35,Established,Pre-2025,Bioceres Crop Solutions Corp.,0.21
BMEA,3.73,1.34,Established,Pre-2025,"Biomea Fusion, Inc.",0.36
BOTJ,14.65,18.54,Established,Pre-2025,BANK OF THE JAMES FINANCIAL GROUP INC,1.27
CHMI,2.20,2.52,Established,Pre-2025,Cherry Hill Mortgage Investment Corp,1.15
CSBR,9.74,6.66,Established,Pre-2025,"CHAMPIONS ONCOLOGY, INC.",0.68
CTOR,1.30,1.08,Established,Pre-2025,"CITIUS ONCOLOGY, INC.",0.83
DTSQ,10.09,10.82,Established,Pre-2025,DT Cloud Star Acquisition Corp,1.07
ETHZ,17.20,5.11,Established,Pre-2025,ETHZilla Corp,0.30
EUDA,4.50,2.46,Established,Pre-2025,EUDA Health Holdings Ltd,0.55
FLL,4.81,2.50,Established,Pre-2025,FULL HOUSE RESORTS INC,0.52
FLNT,2.63,2.53,Established,Pre-2025,"Fluent, Inc.",0.96
FSHP,10.16,10.75,Established,Pre-2025,Flag Ship Acquisition Corp,1.06
GANX,2.43,3.18,Established,Pre-2025,"Gain Therapeutics, Inc.",1.31
GECC,9.17,6.86,Established,Pre-2025,Great Elm Capital Corp.,0.75
GNSS,2.82,2.18,Established,Pre-2025,Genasys Inc.,0.77
GRWG,1.82,1.54,Established,Pre-2025,GrowGeneration Corp.,0.85
HIT,5.34,1.75,Established,Pre-2025,"Health In Tech, Inc.",0.33
HOVR,1.15,1.63,Established,Pre-2025,New Horizon Aircraft Ltd.,1.42
LUNG,6.55,2.30,Established,Pre-2025,Pulmonx Corp,0.35
MATH,1.34,2.31,Established,Pre-2025,Metalpha Technology Holding Ltd,1.72
NCSM,29.00,39.65,Established,Pre-2025,"NCS Multistage Holdings, Inc.",1.37
NOBH,31.62,29.00,Established,Pre-2025,NOBILITY HOMES INC,0.92
OPXS,6.61,13.10,Established,Pre-2025,Optex Systems Holdings Inc,1.98
PDCC,17.68,14.15,Established,Pre-2025,Pearl Diver Credit Co Inc.,0.80
PEW,11.79,3.04,Established,Pre-2025,GrabAGun Digital Holdings Inc.,0.26
PFBX,18.27,20.50,Established,Pre-2025,PEOPLES FINANCIAL CORP /MS/,1.12
RSSS,4.13,2.93,Established,Pre-2025,"Research Solutions, Inc.",0.71
SCLX,16.59,13.09,Established,Pre-2025,Scilex Holding Co,0.79
SPAI,3.73,4.15,Established,Pre-2025,Safe Pro Group Inc.,1.11
SPRU,3.12,5.30,Established,Pre-2025,SPRUCE POWER HOLDING CORP,1.70
STRO,19.50,10.96,Established,Pre-2025,"SUTRO BIOPHARMA, INC.",0.56
THAR,2.08,3.38,Established,Pre-2025,"Tharimmune, Inc.",1.62
TUSK,3.12,1.97,Established,Pre-2025,"MAMMOTH ENERGY SERVICES, INC.",0.63
UHG,4.08,1.59,Established,Pre-2025,"United Homes Group, Inc.",0.39
ULBI,7.61,5.65,Established,Pre-2025,ULTRALIFE CORP,0.74
UNIB,16.19,19.95,Established,Pre-2025,UNIVERSITY BANCORP INC /DE/,1.23
VANI,1.28,1.27,Established,Pre-2025,"Vivani Medical, Inc.",0.99
VIRC,9.92,6.30,Established,Pre-2025,VIRCO MFG CORPORATION,0.64
WKEY,10.75,8.65,Established,Pre-2025,Wisekey International Holding S.A.,0.80
XBP,10.90,7.10,Established,Pre-2025,"XBP Global Holdings, Inc.",0.65
ACET,15.89,8.82,Established,Pre-2025,"Adicet Bio, Inc.",0.56
ADAG,2.02,1.84,Established,Pre-2025,Adagene Inc.,0.91
AMTD,1.19,1.02,Established,Pre-2025,AMTD IDEA GROUP,0.86
BEAT,2.24,2.43,Established,Pre-2025,"HeartBeam, Inc.",1.08
BWEN,2.21,2.88,Established,Pre-2025,"BROADWIND, INC.",1.30
BYNO,11.44,12.49,Established,Pre-2025,byNordic Acquisition Corp,1.09
CALC,3.22,6.74,Established,Pre-2025,"CalciMedica, Inc.",2.09
CAPN,10.03,10.65,Established,Pre-2025,Cayson Acquisition Corp,1.06
CBKM,18.35,26.09,Established,Pre-2025,CONSUMERS BANCORP INC /OH/,1.42
CCNB,10.75,12.98,Established,Pre-2025,"Coastal Carolina Bancshares, Inc.",1.21
CHSN,427.20,2.14,Established,Pre-2025,Chanson International Holding,0.01
COEP,5.72,14.64,Established,Pre-2025,"Coeptis Therapeutics Holdings, Inc.",2.56
DHX,1.75,1.63,Established,Pre-2025,"DHI GROUP, INC.",0.93
DLHC,8.06,5.58,Established,Pre-2025,DLH Holdings Corp.,0.69
DLTH,3.02,2.07,Established,Pre-2025,DULUTH HOLDINGS INC.,0.69
DRIO,17.90,10.52,Established,Pre-2025,DarioHealth Corp.,0.59
DTCX,3.46,2.69,Established,Pre-2025,"Datacentrex, Inc.",0.78
FEAM,15.85,3.43,Established,Pre-2025,"5E Advanced Materials, Inc.",0.22
FNWB,10.19,9.27,Established,Pre-2025,First Northwest Bancorp,0.91
GAIA,4.52,3.50,Established,Pre-2025,"GAIA, INC",0.77
IROQ,22.93,26.99,Established,Pre-2025,"IF Bancorp, Inc.",1.18
KORE,2.56,4.45,Established,Pre-2025,"KORE Group Holdings, Inc.",1.74
LAKE,25.72,8.85,Established,Pre-2025,LAKELAND INDUSTRIES INC,0.34
LCUT,5.57,3.89,Established,Pre-2025,"LIFETIME BRANDS, INC",0.70
LPA,10.67,2.63,Established,Pre-2025,Logistic Properties of the Americas,0.25
MHH,14.86,6.69,Established,Pre-2025,"Mastech Digital, Inc.",0.45
MOB,4.29,6.79,Established,Pre-2025,Mobilicom Ltd,1.58
NORD,9.00,5.00,Established,Pre-2025,Nordicus Partners Corp,0.56
NWPP,3.45,3.56,Established,Pre-2025,NEW PEOPLES BANKSHARES INC,1.03
NXC,12.49,13.13,Established,Pre-2025,NUVEEN CALIFORNIA SELECT TAX FREE INCOME PORTFOLIO,1.05
OKYO,1.11,2.23,Established,Pre-2025,OKYO Pharma Ltd,2.01
PBHC,17.04,14.12,Established,Pre-2025,"Pathfinder Bancorp, Inc.",0.83
PFX,47.57,44.83,Established,Pre-2025,PhenixFIN Corp,0.94
PTHS,8.00,29.45,Established,Pre-2025,Pelthos Therapeutics Inc.,3.68
PYXS,1.70,1.15,Established,Pre-2025,"Pyxis Oncology, Inc.",0.68
SILC,16.22,14.21,Established,Pre-2025,SILICOM LTD.,0.88
SPRB,2418.75,90.70,Established,Pre-2025,"SPRUCE BIOSCIENCES, INC.",0.04
TSQ,9.04,5.08,Established,Pre-2025,"Townsquare Media, Inc.",0.56
UBCP,12.60,14.34,Established,Pre-2025,UNITED BANCORP INC /OH/,1.14
VGAS,4.14,1.99,Established,Pre-2025,"Verde Clean Fuels, Inc.",0.48
VRA,3.76,2.58,Established,Pre-2025,"Vera Bradley, Inc.",0.69
YHNA,10.05,10.61,Established,Pre-2025,YHN Acquisition I Ltd,1.06
AEAE,11.08,12.01,Established,Pre-2025,AltEnergy Acquisition Corp,1.08
AGIG,13.90,2.03,Established,Pre-2025,"ABUNDIA GLOBAL IMPACT GROUP, INC.",0.15
ASPS,5.76,6.97,Established,Pre-2025,ALTISOURCE PORTFOLIO SOLUTIONS S.A.,1.21
ATOM,16.55,2.36,Established,Pre-2025,Atomera Inc,0.14
BODI,6.58,9.42,Established,Pre-2025,"Beachbody Company, Inc.",1.43
BRID,10.80,8.20,Established,Pre-2025,BRIDGFORD FOODS CORP,0.76
BSEM,13.98,3.91,Established,Pre-2025,BIOSTEM TECHNOLOGIES,0.28
CDLX,3.81,1.12,Established,Pre-2025,"Cardlytics, Inc.",0.29
CNDA,10.51,11.42,Established,Pre-2025,Concord Acquisition Corp II,1.09
CPHC,20.66,15.30,Established,Pre-2025,Canterbury Park Holding Corp,0.74
CPIX,2.30,3.98,Established,Pre-2025,CUMBERLAND PHARMACEUTICALS INC,1.73
CRVO,2.33,7.79,Established,Pre-2025,CervoMed Inc.,3.34
EXOZ,14.58,10.99,Established,Pre-2025,EXOZYMES INC.,0.75
FBSI,24.60,33.57,Established,Pre-2025,FIRST BANCSHARES INC /MO/,1.36
FDSB,12.62,14.99,Established,Pre-2025,"Fifth District Bancorp, Inc.",1.19
FNGR,1.21,1.33,Established,Pre-2025,"FingerMotion, Inc.",1.10
FSI,3.64,6.81,Established,Pre-2025,FLEXIBLE SOLUTIONS INTERNATIONAL INC,1.87
FUSB,12.68,13.95,Established,Pre-2025,"FIRST US BANCSHARES, INC.",1.10
FVN,10.03,10.58,Established,Pre-2025,Future Vision II Acquisition Corp.,1.05
GEG,1.82,2.54,Established,Pre-2025,"Great Elm Group, Inc.",1.40
GENK,7.65,2.31,Established,Pre-2025,"GEN Restaurant Group, Inc.",0.30
GLXZ,2.71,2.88,Established,Pre-2025,"Galaxy Gaming, Inc.",1.06
HNNA,12.24,9.64,Established,Pre-2025,HENNESSY ADVISORS INC,0.79
HTCO,103.00,8.46,Established,Pre-2025,High-Trend International Group,0.08
IFRX,2.41,1.09,Established,Pre-2025,InflaRx N.V.,0.45
IMA,20.28,6.76,Established,Pre-2025,"ImageneBio, Inc.",0.33
INVE,3.77,3.64,Established,Pre-2025,"Identiv, Inc.",0.97
IOR,18.00,17.55,Established,Pre-2025,INCOME OPPORTUNITY REALTY INVESTORS INC /TX/,0.98
JFU,1.53,5.03,Established,Pre-2025,9F Inc.,3.29
KRRO,42.84,8.05,Established,Pre-2025,"Korro Bio, Inc.",0.19
LFVN,17.50,6.03,Established,Pre-2025,Lifevantage Corp,0.34
LSE,5.01,4.27,Established,Pre-2025,"Leishen Energy Holding Co., Ltd.",0.85
MAYS,44.00,39.94,Established,Pre-2025,MAYS J W INC,0.91
NTIC,13.29,8.12,Established,Pre-2025,NORTHERN TECHNOLOGIES INTERNATIONAL CORP,0.61
OM,21.00,3.70,Established,Pre-2025,"Outset Medical, Inc.",0.18
PLRX,13.53,1.25,Established,Pre-2025,"PLIANT THERAPEUTICS, INC.",0.09
PYPD,3.06,4.35,Established,Pre-2025,PolyPid Ltd.,1.42
SLNG,6.46,4.58,Established,Pre-2025,"Stabilis Solutions, Inc.",0.71
STG,5.40,5.92,Established,Pre-2025,Sunlands Technology Group,1.10
TENX,6.22,11.05,Established,Pre-2025,"TENAX THERAPEUTICS, INC.",1.78
UWHR,8.25,10.50,Established,Pre-2025,UWHARRIE CAPITAL CORP,1.27
VHC,7.12,17.21,Established,Pre-2025,VirnetX Holding Corp,2.42
AIFU,21.60,2.71,Established,Pre-2025,AIFU Inc.,0.13
ALAR,11.00,8.84,Established,Pre-2025,Alarum Technologies Ltd.,0.80
ALOT,11.95,8.90,Established,Pre-2025,"AstroNova, Inc.",0.74
AMPG,4.27,3.28,Established,Pre-2025,"AmpliTech Group, Inc.",0.77
BENF,5.75,7.28,Established,Pre-2025,Beneficient,1.27
BYFC,7.19,7.61,Established,Pre-2025,BROADWAY FINANCIAL CORP DE,1.06
CPBI,14.78,17.03,Established,Pre-2025,"Central Plains Bancshares, Inc.",1.15
CSTE,4.40,1.73,Established,Pre-2025,Caesarstone Ltd.,0.39
DIT,127.52,110.80,Established,Pre-2025,AMCON DISTRIBUTING CO,0.87
DWNX,20.37,20.85,Established,Pre-2025,DELHI BANK CORP,1.02
DXR,7.77,14.36,Established,Pre-2025,DAXOR CORP,1.85
FLYX,3.16,4.02,Established,Pre-2025,FLYEXCLUSIVE INC.,1.27
FORA,2.07,2.12,Established,Pre-2025,Forian Inc.,1.02
GCTS,2.49,1.22,Established,Pre-2025,"GCT Semiconductor Holding, Inc.",0.49
IMAQ,11.12,9.72,Established,Pre-2025,International Media Acquisition Corp.,0.87
IZEA,2.66,4.57,Established,Pre-2025,"IZEA Worldwide, Inc.",1.72
JUVF,12.16,14.21,Established,Pre-2025,JUNIATA VALLEY FINANCIAL CORP,1.17
KZIA,9.00,5.00,Established,Pre-2025,KAZIA THERAPEUTICS LTD,0.56
LITM,11.57,3.29,Established,Pre-2025,Snow Lake Resources Ltd.,0.28
MCHX,1.90,1.68,Established,Pre-2025,MARCHEX INC,0.88
MGX,3.62,1.67,Established,Pre-2025,"Metagenomi, Inc.",0.46
MIND,7.68,9.00,Established,Pre-2025,"MIND TECHNOLOGY, INC",1.17
MLGO,88.50,5.12,Established,Pre-2025,MicroAlgo Inc.,0.06
MNOV,2.13,1.33,Established,Pre-2025,MEDICINOVA INC,0.62
MTC,1.80,3.46,Established,Pre-2025,"MMTec, Inc.",1.92
,8.10,3.28,Established,Pre-2025,Nano Labs Ltd,0.40
NRXP,2.69,2.62,Established,Pre-2025,"NRX Pharmaceuticals, Inc.",0.97
NSPR,2.71,1.86,Established,Pre-2025,"InspireMD, Inc.",0.69
NSTS,12.00,12.72,Established,Pre-2025,"NSTS Bancorp, Inc.",1.06
NUVR,10.16,13.22,Established,Pre-2025,"Nuvera Communications, Inc.",1.30
OFS,7.03,4.78,Established,Pre-2025,OFS Capital Corp,0.68
PETS,4.77,3.30,Established,Pre-2025,PETMED EXPRESS INC,0.69
PODC,2.08,2.35,Established,Pre-2025,"PodcastOne, Inc.",1.13
PYYX,2.59,3.52,Established,Pre-2025,"PYXUS INTERNATIONAL, INC.",1.36
RFL,1.87,1.26,Established,Pre-2025,"Rafael Holdings, Inc.",0.67
RITR,3.82,1.07,Established,Pre-2025,Reitar Logtech Holdings Ltd,0.28
RRGB,5.91,4.14,Established,Pre-2025,RED ROBIN GOURMET BURGERS INC,0.70
SQNS,34.30,4.82,Established,Pre-2025,SEQUANS COMMUNICATIONS,0.14
SRTS,7.25,4.10,Established,Pre-2025,"Sensus Healthcare, Inc.",0.57
THCH,3.55,2.52,Established,Pre-2025,TH International Ltd,0.71
TZOO,21.13,6.93,Established,Pre-2025,TRAVELZOO,0.33
XBIT,4.42,2.38,Established,Pre-2025,XBiotech Inc.,0.54
AAME,1.48,2.88,Established,Pre-2025,ATLANTIC AMERICAN CORP,1.95
ACRG,5.05,5.00,Established,Pre-2025,"American Clean Resources Group, Inc.",0.99
AFCG,7.75,2.85,Established,Pre-2025,Advanced Flower Capital Inc.,0.37
ALXO,1.81,1.15,Established,Pre-2025,ALX ONCOLOGY HOLDINGS INC,0.64
ASRT,13.20,9.14,Established,Pre-2025,"Assertio Holdings, Inc.",0.69
ATHE,4.26,3.16,Established,Pre-2025,ALTERITY THERAPEUTICS LTD,0.74
BYSI,1.63,1.61,Established,Pre-2025,BeyondSpring Inc.,0.99
CATO,3.83,3.00,Established,Pre-2025,CATO CORP,0.78
CLNN,5.34,5.77,Established,Pre-2025,Clene Inc.,1.08
CLST,11.77,15.75,Established,Pre-2025,"Catalyst Bancorp, Inc.",1.34
CYPH,3.35,1.13,Established,Pre-2025,CYPHERPUNK TECHNOLOGIES INC.,0.34
FSEA,10.06,12.98,Established,Pre-2025,"First Seacoast Bancorp, Inc.",1.29
GOCO,14.33,2.40,Established,Pre-2025,"GoHealth, Inc.",0.17
HOUR,2.56,1.85,Established,Pre-2025,"Hour Loop, Inc",0.72
IBAC,10.13,10.50,Established,Pre-2025,IB Acquisition Corp.,1.04
INTG,14.10,26.28,Established,Pre-2025,INTERGROUP CORP,1.86
KBSX,10.05,1.39,Established,Pre-2025,FST Corp.,0.14
KG,26.80,9.40,Established,Pre-2025,Kestrel Group Ltd,0.35
LINK,4.40,4.05,Established,Pre-2025,INTERLINK ELECTRONICS INC,0.92
MAIA,2.23,1.60,Established,Pre-2025,"MAIA Biotechnology, Inc.",0.72
MIRA,1.26,1.49,Established,Pre-2025,"MIRA PHARMACEUTICALS, INC.",1.18
NNBR,3.30,1.34,Established,Pre-2025,NN INC,0.41
NUKK,22.50,4.22,Established,Pre-2025,Nukkleus Inc.,0.19
OAKU,11.37,12.07,Established,Pre-2025,Oak Woods Acquisition Corp,1.06
ONMD,1.42,1.22,Established,Pre-2025,OneMedNet Corp,0.86
PMVC,438.80,438.80,Established,Pre-2025,PMV Consumer Acquisition Corp.,1.00
PMVP,1.55,1.23,Established,Pre-2025,"PMV Pharmaceuticals, Inc.",0.79
QTIH,6.89,5.95,Established,Pre-2025,"QT IMAGING HOLDINGS, INC.",0.86
RDAC,10.02,9.16,Established,Pre-2025,Rising Dragon Acquisition Corp.,0.91
RFIL,4.08,5.68,Established,Pre-2025,R F INDUSTRIES LTD,1.39
RGS,22.95,26.74,Established,Pre-2025,REGIS CORP,1.17
SGA,10.99,11.50,Established,Pre-2025,SAGA COMMUNICATIONS INC,1.05
SKIL,26.48,8.50,Established,Pre-2025,Skillsoft Corp.,0.32
SKLZ,5.18,4.41,Established,Pre-2025,Skillz Inc.,0.85
SOTK,4.18,4.11,Established,Pre-2025,SONO TEK CORP,0.98
STI,38.50,8.00,Established,Pre-2025,Solidion Technology Inc.,0.21
STKE,17.58,1.78,Established,Pre-2025,SOL Strategies Inc.,0.10
STKS,2.92,1.84,Established,Pre-2025,"ONE Group Hospitality, Inc.",0.63
STSS,666.00,2.24,Established,Pre-2025,Sharps Technology Inc.,0.00
TBMC,11.11,13.90,Established,Pre-2025,Trailblazer Merger Corp I,1.25
TCRX,3.07,1.02,Established,Pre-2025,"TScan Therapeutics, Inc.",0.33
UCL,1.81,1.66,Established,Pre-2025,uCloudlink Group Inc.,0.92
UFI,6.09,3.50,Established,Pre-2025,UNIFI INC,0.57
VATE,5.47,5.20,Established,Pre-2025,INNOVATE Corp.,0.95
XCH,2.13,1.12,Established,Pre-2025,XCHG Ltd,0.53
ZBAI,26.10,6.90,Established,Pre-2025,ATIF Holdings Ltd,0.26
AASP,2.75,6.00,Established,Pre-2025,Agassi Sports Entertainment Corp.,2.18
ALCY,10.94,14.45,Established,Pre-2025,Alchemy Investments Acquisition Corp 1,1.32
ALGS,43.42,9.13,Established,Pre-2025,"Aligos Therapeutics, Inc.",0.21
ANL,2.30,1.38,Established,Pre-2025,Adlai Nortye Ltd.,0.60
ASRV,2.58,3.28,Established,Pre-2025,AMERISERV FINANCIAL INC /PA/,1.27
BDL,24.19,29.65,Established,Pre-2025,FLANIGANS ENTERPRISES INC,1.23
BGSF,4.14,4.67,Established,Pre-2025,"BGSF, INC.",1.13
BLNE,8.60,1.85,Established,Pre-2025,"Beeline Holdings, Inc.",0.22
BRAG,3.76,2.11,Established,Pre-2025,Bragg Gaming Group Inc.,0.56
CPSH,1.63,3.20,Established,Pre-2025,CPS TECHNOLOGIES CORP/DE/,1.96
CVGI,2.33,1.51,Established,Pre-2025,"Commercial Vehicle Group, Inc.",0.65
DDC,5.00,2.11,Established,Pre-2025,DDC Enterprise Ltd,0.42
DMYY,10.66,12.96,Established,Pre-2025,"dMY Squared Technology Group, Inc.",1.22
DUO,10.61,1.57,Established,Pre-2025,Fangdd Network Group Ltd.,0.15
EDVR,11.92,17.00,Established,Pre-2025,Endeavor Bancorp,1.43
ELTK,10.77,8.53,Established,Pre-2025,ELTEK LTD,0.79
FMFG,19.67,17.22,Established,Pre-2025,"Farmers & Merchants Bancshares, Inc.",0.88
GRCE,4.00,3.66,Established,Pre-2025,"Grace Therapeutics, Inc.",0.92
HLP,1.37,1.02,Established,Pre-2025,Hongli Group Inc.,0.74
ICCC,5.15,5.92,Established,Pre-2025,IMMUCELL CORP /DE/,1.15
INKT,8.87,11.12,Established,Pre-2025,"MiNK Therapeutics, Inc.",1.25
JSPR,19.27,1.84,Established,Pre-2025,"Jasper Therapeutics, Inc.",0.10
LEAT,7.00,9.31,Established,Pre-2025,Leatt Corp,1.33
LIVE,9.23,15.71,Established,Pre-2025,LIVE VENTURES Inc,1.70
MDNC,5.00,5.00,Established,Pre-2025,Medinotec Inc.,1.00
MI,3.34,4.07,Established,Pre-2025,NFT Ltd,1.22
NTRB,5.07,4.43,Established,Pre-2025,NutriBand Inc.,0.87
ODYS,8.95,3.41,Established,Pre-2025,Odysight.ai Inc.,0.38
OESX,8.40,14.93,Established,Pre-2025,"ORION ENERGY SYSTEMS, INC.",1.78
PASG,16.58,11.69,Established,Pre-2025,"Passage BIO, Inc.",0.71
PSQH,4.62,1.07,Established,Pre-2025,"PSQ Holdings, Inc.",0.23
RMCO,1.01,3.08,Established,Pre-2025,Royalty Management Holding Corp,3.05
SELF,4.95,5.10,Established,Pre-2025,"Global Self Storage, Inc.",1.03
SUUN,2.40,1.94,Established,Pre-2025,POWERBANK Corp,0.81
SYPR,2.65,2.32,Established,Pre-2025,SYPRIS SOLUTIONS INC,0.88
TISI,14.55,14.23,Established,Pre-2025,TEAM INC,0.98
TLYS,4.55,2.02,Established,Pre-2025,"TILLY'S, INC.",0.44
TRT,3.07,6.22,Established,Pre-2025,TRIO-TECH INTERNATIONAL,2.03
UBXG,3.46,2.08,Established,Pre-2025,U-BX Technology Ltd.,0.60
WFCF,13.23,11.40,Established,Pre-2025,"Where Food Comes From, Inc.",0.86
WYY,4.71,5.63,Established,Pre-2025,WIDEPOINT CORP,1.20
XTIA,10.25,1.43,Established,Pre-2025,"XTI Aerospace, Inc.",0.14
AIRG,7.00,4.08,Established,Pre-2025,AIRGAIN INC,0.58
AIRT,19.94,19.10,Established,Pre-2025,AIR T INC,0.96
ANEB,1.65,1.13,Established,Pre-2025,"Anebulo Pharmaceuticals, Inc.",0.68
APT,5.66,4.55,Established,Pre-2025,ALPHA PRO TECH LTD,0.80
BDMD,6.04,1.34,Established,Pre-2025,Baird Medical Investment Holdings Ltd,0.22
BRFH,2.59,3.05,Established,Pre-2025,BARFRESH FOOD GROUP INC.,1.18
BSPA,56.96,67.50,Established,Pre-2025,"Ballston Spa Bancorp, Inc.",1.19
CDIX,3.10,1.86,Established,Pre-2025,Cardiff Lexington Corp,0.60
CNTY,3.20,1.38,Established,Pre-2025,CENTURY CASINOS INC /CO/,0.43
CVM,12.90,5.15,Established,Pre-2025,CEL SCI CORP,0.40
CVU,4.31,4.01,Established,Pre-2025,CPI AEROSTRUCTURES INC,0.93
DFLI,33.50,3.87,Established,Pre-2025,Dragonfly Energy Holdings Corp.,0.12
DSWL,2.29,3.40,Established,Pre-2025,DESWELL INDUSTRIES INC,1.48
DWSN,1.38,1.62,Established,Pre-2025,DAWSON GEOPHYSICAL CO,1.17
ESHA,11.00,15.25,Established,Pre-2025,ESH Acquisition Corp.,1.39
ESLA,1.24,1.39,Established,Pre-2025,"Estrella Immunopharma, Inc.",1.12
EURK,10.16,10.92,Established,Pre-2025,Eureka Acquisition Corp,1.07
FKWL,4.85,4.32,Established,Pre-2025,FRANKLIN WIRELESS CORP,0.89
FORL,11.10,11.75,Established,Pre-2025,Four Leaf Acquisition Corp,1.06
FTEK,1.03,1.71,Established,Pre-2025,"FUEL TECH, INC.",1.66
FTII,11.95,12.02,Established,Pre-2025,FutureTech II Acquisition Corp.,1.01
FUSE,11.55,1.70,Established,Pre-2025,Fusemachines Inc.,0.15
GGR,9.52,3.03,Established,Pre-2025,Gogoro Inc.,0.32
HFBL,12.24,17.80,Established,Pre-2025,"Home Federal Bancorp, Inc. of Louisiana",1.45
HKIT,1.46,2.26,Established,Pre-2025,HiTek Global Inc.,1.55
INCR,1.66,1.03,Established,Pre-2025,Intercure Ltd.,0.62
ISPO,3.70,4.18,Established,Pre-2025,Inspirato Inc,1.13
LITS,2.68,1.54,Established,Pre-2025,"Lite Strategy, Inc.",0.57
LOAN,5.11,4.63,Established,Pre-2025,"MANHATTAN BRIDGE CAPITAL, INC",0.91
LOOP,1.25,1.01,Established,Pre-2025,"Loop Industries, Inc.",0.81
MAXN,8.34,2.98,Established,Pre-2025,"Maxeon Solar Technologies, Ltd.",0.36
MDAI,3.00,1.45,Established,Pre-2025,"Spectral AI, Inc.",0.48
MNY,1.10,1.25,Established,Pre-2025,MoneyHero Ltd,1.14
NEPH,1.54,4.75,Established,Pre-2025,NEPHROS INC,3.08
OPAD,2.76,1.33,Established,Pre-2025,Offerpad Solutions Inc.,0.48
OSTX,4.26,1.34,Established,Pre-2025,OS Therapies Inc,0.31
PPSI,4.17,4.69,Established,Pre-2025,"PIONEER POWER SOLUTIONS, INC.",1.12
RDGT,1.82,2.66,Established,Pre-2025,Ridgetech Inc.,1.46
SPWH,2.49,1.46,Established,Pre-2025,"SPORTSMAN'S WAREHOUSE HOLDINGS, INC.",0.59
STLE,23.61,28.50,Established,Pre-2025,STEELE BANCORP INC,1.21
TPCS,3.48,4.95,Established,Pre-2025,TECHPRECISION CORP,1.42
UAVS,3.30,1.23,Established,Pre-2025,AgEagle Aerial Systems Inc.,0.37
VNCE,4.13,4.19,Established,Pre-2025,VINCE HOLDING CORP.,1.01
VTSI,7.01,4.41,Established,Pre-2025,"VirTra, Inc",0.63
ZENV,2.23,1.01,Established,Pre-2025,Zenvia Inc.,0.45
ACFN,17.50,15.22,Established,Pre-2025,"ACORN ENERGY, INC.",0.87
APLM,10.69,19.30,Established,Pre-2025,Apollomics Inc.,1.81
ATNM,1.44,1.37,Established,Pre-2025,"Actinium Pharmaceuticals, Inc.",0.95
BCG,3.01,2.74,Established,Pre-2025,"Binah Capital Group, Inc.",0.91
BDSX,29.60,6.46,Established,Pre-2025,BIODESIX INC,0.22
BHAT,14.80,1.21,Established,Pre-2025,Blue Hat Interactive Entertainment Technology,0.08
BKHA,10.38,11.25,Established,Pre-2025,Black Hawk Acquisition Corp,1.08
BRIA,3.97,1.73,Established,Pre-2025,BrilliA Inc,0.44
BTAI,6.62,1.70,Established,Pre-2025,"BioXcel Therapeutics, Inc.",0.26
COHN,8.73,23.45,Established,Pre-2025,Cohen & Co Inc.,2.69
CULP,5.68,3.51,Established,Pre-2025,CULP INC,0.62
EVAX,4.55,4.71,Established,Pre-2025,Evaxion A/S,1.04
GKOR,2.60,1.25,Established,Pre-2025,Golkor Inc.,0.48
GMM,4.69,1.26,Established,Pre-2025,Global Mofy AI Ltd,0.27
GROV,1.43,1.12,Established,Pre-2025,"Grove Collaborative Holdings, Inc.",0.78
HGBL,1.84,1.23,Established,Pre-2025,Heritage Global Inc.,0.67
HOLO,181.60,2.77,Established,Pre-2025,MicroCloud Hologram Inc.,0.02
IBIO,2.45,2.02,Established,Pre-2025,"iBio, Inc.",0.82
INDO,3.16,3.14,Established,Pre-2025,Indonesia Energy Corp Ltd,0.99
JANL,40.00,40.00,Established,Pre-2025,JANEL CORP,1.00
KANP,39.00,27.50,Established,Pre-2025,KAANAPALI LAND LLC,0.71
KLXE,5.28,1.94,Established,Pre-2025,"KLX Energy Services Holdings, Inc.",0.37
KSCP,14.17,4.06,Established,Pre-2025,"Knightscope, Inc.",0.29
KZR,6.86,6.29,Established,Pre-2025,"Kezar Life Sciences, Inc.",0.92
LASE,5.92,2.00,Established,Pre-2025,Laser Photonics Corp,0.34
LITB,1.70,2.57,Established,Pre-2025,"LightInTheBox Holding Co., Ltd.",1.51
LOCL,2.19,2.16,Established,Pre-2025,Local Bounti Corporation/DE,0.99
LPSN,24.90,3.89,Established,Pre-2025,LIVEPERSON INC,0.16
LVO,13.70,4.54,Established,Pre-2025,"LiveOne, Inc.",0.33
NTRP,7.41,3.39,Established,Pre-2025,"NextTrip, Inc.",0.46
NXN,11.02,12.02,Established,Pre-2025,NUVEEN NEW YORK SELECT TAX -FREE INCOME PORTFOLIO,1.09
NXTC,9.88,13.28,Established,Pre-2025,"NextCure, Inc.",1.34
OAKV,14.64,13.96,Established,Pre-2025,"Oak View Bankshares, Inc.",0.95
OPHC,4.76,4.24,Established,Pre-2025,"OptimumBank Holdings, Inc.",0.89
RCON,2.15,1.55,Established,Pre-2025,"Recon Technology, Ltd",0.72
SACH,1.09,1.04,Established,Pre-2025,Sachem Capital Corp.,0.95
SOGP,1.97,11.74,Established,Pre-2025,Sound Group Inc.,5.96
TCBS,15.06,17.98,Established,Pre-2025,"Texas Community Bancshares, Inc.",1.19
TELA,2.91,1.14,Established,Pre-2025,"TELA Bio, Inc.",0.39
TELO,4.52,1.34,Established,Pre-2025,"Telomir Pharmaceuticals, Inc.",0.30
TIL,20.61,11.27,Established,Pre-2025,"Instil Bio, Inc.",0.55
ZDGE,2.62,3.37,Established,Pre-2025,"Zedge, Inc.",1.29
ACCS,9.13,9.81,Established,Pre-2025,ACCESS Newswire Inc.,1.07
ASPC,9.95,21.63,Established,Pre-2025,ASPAC III Acquisition Corp.,2.17
AWRE,1.68,1.95,Established,Pre-2025,AWARE INC /MA/,1.16
AXIL,4.00,6.65,Established,Pre-2025,"Axil Brands, Inc.",1.66
BAYA,10.68,11.91,Established,Pre-2025,Bayview Acquisition Corp,1.12
BLBX,2.20,9.66,Established,Pre-2025,BLACKBOXSTOCKS INC.,4.39
BOF,1.92,3.24,Established,Pre-2025,BranchOut Food Inc.,1.69
CHAI,27.16,1.99,Established,Pre-2025,"Core AI Holdings, Inc.",0.07
CNVS,3.90,2.10,Established,Pre-2025,Cineverse Corp.,0.54
FGEN,13.65,9.16,Established,Pre-2025,FIBROGEN INC,0.67
ICMB,2.55,2.69,Established,Pre-2025,"Investcorp Credit Management BDC, Inc.",1.05
INMB,5.30,1.54,Established,Pre-2025,"Inmune Bio, Inc.",0.29
INUV,7.20,2.64,Established,Pre-2025,"Inuvo, Inc.",0.37
JG,6.48,6.25,Established,Pre-2025,Aurora Mobile Ltd,0.96
JRSH,3.23,3.06,Established,Pre-2025,"Jerash Holdings (US), Inc.",0.95
KOSS,7.56,4.34,Established,Pre-2025,KOSS CORP,0.57
LPCN,5.06,8.00,Established,Pre-2025,Lipocine Inc.,1.58
MDCX,2.51,1.60,Established,Pre-2025,Medicus Pharma Ltd.,0.64
MKTW,10.01,15.05,Established,Pre-2025,"MARKETWISE, INC.",1.50
NRXS,2.42,4.46,Established,Pre-2025,"Neuraxis, INC",1.84
ORIS,42.80,1.35,Established,Pre-2025,ORIENTAL RISE HOLDINGS Ltd,0.03
PHUN,5.58,1.85,Established,Pre-2025,"Phunware, Inc.",0.33
PRPO,5.55,23.82,Established,Pre-2025,"Precipio, Inc.",4.29
PTNT,68.50,16.05,Established,Pre-2025,PALATIN TECHNOLOGIES INC,0.23
PXLW,9.72,6.84,Established,Pre-2025,"PIXELWORKS, INC",0.70
QETA,10.55,11.35,Established,Pre-2025,Quetta Acquisition Corp,1.08
QRHC,6.43,1.98,Established,Pre-2025,Quest Resource Holding Corp,0.31
QTTB,3.91,3.44,Established,Pre-2025,Q32 Bio Inc.,0.88
RAVE,2.70,3.19,Established,Pre-2025,"RAVE RESTAURANT GROUP, INC.",1.18
RDI,1.45,1.09,Established,Pre-2025,READING INTERNATIONAL INC,0.75
REFR,1.66,1.28,Established,Pre-2025,RESEARCH FRONTIERS INC,0.77
RYM,30.66,22.09,Established,Pre-2025,"RYTHM, Inc.",0.72
SCWO,7.00,2.48,Established,Pre-2025,374Water Inc.,0.35
SODI,15.70,19.00,Established,Pre-2025,SOLITRON DEVICES INC,1.21
SPCB,9.00,9.24,Established,Pre-2025,SuperCom Ltd,1.03
SST,8.91,4.28,Established,Pre-2025,"System1, Inc.",0.48
SVRN,31.75,1.16,Established,Pre-2025,OceanPal Inc.,0.04
UEIC,10.72,3.63,Established,Pre-2025,UNIVERSAL ELECTRONICS INC,0.34
UONE,1.50,1.03,Established,Pre-2025,"URBAN ONE, INC.",0.69
UPLD,4.69,1.50,Established,Pre-2025,"Upland Software, Inc.",0.32
VVPR,1.55,2.45,Established,Pre-2025,VivoPower International PLC,1.58
WKHS,126.90,5.56,Established,Pre-2025,Workhorse Group Inc.,0.04
ANGH,7.80,4.00,Established,Pre-2025,Anghami Inc,0.51
APWC,1.45,1.84,Established,Pre-2025,ASIA PACIFIC WIRE & CABLE CORP LTD,1.27
BESS,8.40,10.50,Established,Pre-2025,Bimergen Energy Corp,1.25
BIRD,7.18,4.12,Established,Pre-2025,"Allbirds, Inc.",0.57
BRLS,5.89,1.77,Established,Pre-2025,Borealis Foods Inc.,0.30
CELU,2.30,1.21,Established,Pre-2025,Celularity Inc,0.53
CING,5.05,4.38,Established,Pre-2025,Cingulate Inc.,0.87
CNF,10.20,6.00,Established,Pre-2025,CNFinance Holdings Ltd.,0.59
CREX,2.68,2.79,Established,Pre-2025,"CREATIVE REALITIES, INC.",1.04
DTST,4.88,5.10,Established,Pre-2025,Data Storage Corp,1.05
ECOR,17.36,4.55,Established,Pre-2025,"electroCore, Inc.",0.26
FARM,1.80,1.48,Established,Pre-2025,FARMER BROTHERS CO,0.82
FLUX,1.80,1.42,Established,Pre-2025,"Flux Power Holdings, Inc.",0.79
FMST,1.41,2.29,Established,Pre-2025,Foremost Clean Energy Ltd.,1.62
GBIO,11.50,5.45,Established,Pre-2025,Generation Bio Co.,0.47
GIFT,1.02,1.12,Established,Pre-2025,"GIFTIFY, INC.",1.10
GLBS,1.32,1.66,Established,Pre-2025,GLOBUS MARITIME LTD,1.26
GLTO,5.70,21.82,Established,Pre-2025,"Galecto, Inc.",3.83
GNTA,4.34,1.41,Established,Pre-2025,Genenta Science S.p.A.,0.32
GWH,6.34,2.01,Established,Pre-2025,"ESS Tech, Inc.",0.32
HRGN,2.72,1.84,Established,Pre-2025,"Harvard Apparatus Regenerative Technology, Inc.",0.68
INLX,13.89,7.97,Established,Pre-2025,"INTELLINETICS, INC.",0.57
JUNS,8.50,1.01,Established,Pre-2025,"JUPITER NEUROSCIENCES, INC.",0.12
KFFB,2.90,4.64,Established,Pre-2025,Kentucky First Federal Bancorp,1.60
KPLT,6.74,6.47,Established,Pre-2025,"Katapult Holdings, Inc.",0.96
LTRN,3.74,3.11,Established,Pre-2025,Lantern Pharma Inc.,0.83
MDBH,6.44,3.50,Established,Pre-2025,"MDB Capital Holdings, LLC",0.54
NHTC,3.95,3.08,Established,Pre-2025,NATURAL HEALTH TRENDS CORP,0.78
NTWK,2.56,2.90,Established,Pre-2025,NETSOL TECHNOLOGIES INC,1.13
OCC,4.73,4.57,Established,Pre-2025,OPTICAL CABLE CORP,0.97
OKUR,8.97,2.96,Established,Pre-2025,"OnKure Therapeutics, Inc.",0.33
ONEG,3.24,1.45,Established,Pre-2025,OneConstruction Group Ltd,0.45
PSIG,4.82,4.64,Established,Pre-2025,PS International Group Ltd.,0.96
RADX,4.62,5.16,Established,Pre-2025,Radiopharm Theranostics Ltd,1.12
SDST,36.90,3.41,Established,Pre-2025,Stardust Power Inc.,0.09
STRR,13.29,10.67,Established,Pre-2025,"Star Equity Holdings, Inc.",0.80
TACT,4.09,3.88,Established,Pre-2025,TRANSACT TECHNOLOGIES INC,0.95
TAOX,3.69,4.43,Established,Pre-2025,TAO Synergies Inc.,1.20
TOP,1.57,1.01,Established,Pre-2025,TOP Financial Group Ltd,0.64
TVRD,15.66,4.08,Established,Pre-2025,"Tvardi Therapeutics, Inc.",0.26
USIO,1.61,1.38,Established,Pre-2025,"Usio, Inc.",0.86
VERU,7.40,2.27,Established,Pre-2025,VERU INC.,0.31
VTYB,10.49,18.86,Established,Pre-2025,Victory Bancorp Inc,1.80
WIMI,16.10,2.48,Established,Pre-2025,WiMi Hologram Cloud Inc.,0.15
XCUR,14.36,5.58,Established,Pre-2025,"EXICURE, INC.",0.39
ANTX,1.42,1.11,Established,Pre-2025,"AN2 Therapeutics, Inc.",0.78
ATHA,5.73,6.96,Established,Pre-2025,"Athira Pharma, Inc.",1.21
BAFN,12.96,7.87,Established,Pre-2025,BayFirst Financial Corp.,0.61
BEEM,3.67,1.62,Established,Pre-2025,Beam Global,0.44
BMNM,1.02,3.00,Established,Pre-2025,"BIMINI CAPITAL MANAGEMENT, INC.",2.94
BMR,5.14,1.75,Established,Pre-2025,Beamr Imaging Ltd.,0.34
BOSC,3.71,4.69,Established,Pre-2025,BOS BETTER ONLINE SOLUTIONS LTD,1.26
CRWS,4.06,2.81,Established,Pre-2025,CROWN CRAFTS INC,0.69
DAIO,2.83,3.30,Established,Pre-2025,DATA I/O CORP,1.17
EVOH,23.00,23.00,Established,Pre-2025,EvoAir Holdings Inc.,1.00
FOXX,6.63,4.23,Established,Pre-2025,Foxx Development Holdings Inc.,0.64
GROW,2.36,2.46,Established,Pre-2025,U S GLOBAL INVESTORS INC,1.04
HYEX,2.00,1.52,Established,Pre-2025,HEALTHY EXTRACTS INC.,0.76
IPWR,8.07,3.30,Established,Pre-2025,Ideal Power Inc.,0.41
IZM,1.74,2.58,Established,Pre-2025,ICZOOM Group Inc.,1.48
KTCC,4.27,2.78,Established,Pre-2025,KEY TRONIC CORP,0.65
LEE,13.99,4.59,Established,Pre-2025,"LEE ENTERPRISES, Inc",0.33
LGL,6.15,5.79,Established,Pre-2025,LGL GROUP INC,0.94
LIXT,2.33,3.84,Established,Pre-2025,"LIXTE BIOTECHNOLOGY HOLDINGS, INC.",1.65
LNZA,168.00,14.00,Established,Pre-2025,"LanzaTech Global, Inc.",0.08
MBBC,10.20,12.19,Established,Pre-2025,"Marathon Bancorp, Inc. /MD/",1.20
MCAG,11.30,12.29,Established,Pre-2025,Mountain Crest Acquisition Corp. V,1.09
NAAS,32.80,3.19,Established,Pre-2025,NaaS Technology Inc.,0.10
NEON,9.25,1.82,Established,Pre-2025,Neonode Inc.,0.20
NTIP,1.35,1.31,Established,Pre-2025,"NETWORK-1 TECHNOLOGIES, INC.",0.97
NTZ,4.75,2.51,Established,Pre-2025,NATUZZI S P A,0.53
PC,7.61,9.40,Established,Pre-2025,Premium Catering (Holdings) Ltd,1.24
POCI,4.80,4.25,Established,Pre-2025,"PRECISION OPTICS CORPORATION, INC.",0.89
PRKA,42.00,39.55,Established,Pre-2025,"PARKS AMERICA, INC",0.94
PXS,3.73,2.76,Established,Pre-2025,Pyxis Tankers Inc.,0.74
QNTM,4.01,7.01,Established,Pre-2025,Quantum Biopharma Ltd.,1.75
RAIN,5.84,5.00,Established,Pre-2025,"Rain Enhancement Technologies Holdco, Inc.",0.86
RAND,17.60,11.60,Established,Pre-2025,RAND CAPITAL CORP,0.66
RNTX,2.28,1.25,Established,Pre-2025,"Rein Therapeutics, Inc.",0.55
SCOR,6.68,6.59,Established,Pre-2025,"COMSCORE, INC.",0.99
SFCO,8.40,9.55,Established,Pre-2025,Southern Financial Corp,1.14
SIF,3.67,5.71,Established,Pre-2025,SIFCO INDUSTRIES INC,1.56
SNTI,4.30,1.10,Established,Pre-2025,"Senti Biosciences, Inc.",0.26
SURG,1.80,1.71,Established,Pre-2025,"SurgePays, Inc.",0.95
UNXP,1.49,1.10,Established,Pre-2025,OZ VISION INC.,0.74
WAVE,11.03,6.02,Established,Pre-2025,Eco Wave Power Global AB (publ),0.55
WPRT,3.91,1.64,Established,Pre-2025,WESTPORT FUEL SYSTEMS INC.,0.42
YSXT,3.50,1.26,Established,Pre-2025,"YSX Tech Co., Ltd",0.36
ARKR,14.73,6.61,Established,Pre-2025,ARK RESTAURANTS CORP,0.45
AYTU,1.78,2.77,Established,Pre-2025,"AYTU BIOPHARMA, INC",1.56
BOLD,2.68,1.22,Established,Pre-2025,"Boundless Bio, Inc.",0.46
CCEL,7.17,3.43,Established,Pre-2025,CRYO CELL INTERNATIONAL INC,0.48
CGTL,6.00,1.21,Established,Pre-2025,Creative Global Technology Holdings Ltd,0.20
CLPS,1.12,1.01,Established,Pre-2025,CLPS Inc,0.90
CREG,7.30,1.35,Established,Pre-2025,Smart Powerr Corp.,0.18
CRMZ,3.00,2.60,Established,Pre-2025,CREDITRISKMONITOR COM INC,0.87
CVV,4.52,3.22,Established,Pre-2025,CVD EQUIPMENT CORP,0.71
DARE,3.37,1.95,Established,Pre-2025,"Dare Bioscience, Inc.",0.58
EKSO,10.95,7.84,Established,Pre-2025,"EKSO BIONICS HOLDINGS, INC.",0.72
FEDU,10.30,11.69,Established,Pre-2025,Four Seasons Education (Cayman) Inc.,1.13
GDST,11.29,10.20,Established,Pre-2025,Goldenstone Acquisition Ltd.,0.90
GREE,1.79,1.64,Established,Pre-2025,Greenidge Generation Holdings Inc.,0.92
HYPD,8.80,3.58,Established,Pre-2025,"HYPERION DEFI, INC.",0.41
IEHC,10.75,9.45,Established,Pre-2025,IEH Corp,0.88
IGTA,11.25,8.25,Established,Pre-2025,Inception Growth Acquisition Ltd,0.73
INAB,8.73,2.46,Established,Pre-2025,"IN8BIO, INC.",0.28
INTZ,4.20,1.21,Established,Pre-2025,INTRUSION INC,0.29
IPM,2.03,1.73,Established,Pre-2025,INTELLIGENT PROTECTION MANAGEMENT CORP.,0.85
JL,4.54,6.12,Established,Pre-2025,J-Long Group Ltd,1.35
KLNG,2.12,2.32,Established,Pre-2025,"Koil Energy Solutions, Inc.",1.09
LSF,8.02,2.23,Established,Pre-2025,"Laird Superfood, Inc.",0.28
MNDO,1.79,1.17,Established,Pre-2025,MIND CTI LTD,0.65
MNTS,160.36,5.74,Established,Pre-2025,Momentus Inc.,0.04
MOBQ,3.43,1.33,Established,Pre-2025,"Mobiquity Technologies, Inc.",0.39
MRKR,3.29,1.54,Established,Pre-2025,"Marker Therapeutics, Inc.",0.47
NAII,4.32,3.59,Established,Pre-2025,NATURAL ALTERNATIVES INTERNATIONAL INC,0.83
NNVC,1.50,1.21,Established,Pre-2025,"NANOVIRICIDES, INC.",0.81
NOTE,15.00,1.59,Established,Pre-2025,"FiscalNote Holdings, Inc.",0.11
NVNI,27.20,2.74,Established,Pre-2025,Nvni Group Ltd,0.10
NXTT,608.00,6.78,Established,Pre-2025,Next Technology Holding Inc.,0.01
PLUR,4.33,2.99,Established,Pre-2025,Pluri Inc.,0.69
PSHG,1.85,2.19,Established,Pre-2025,Performance Shipping Inc.,1.18
QNTO,10.07,11.50,Established,Pre-2025,"QUAINT OAK BANCORP, INC.",1.14
REED,4.38,2.10,Established,Pre-2025,"REED'S, INC.",0.48
RSRV,153.27,178.00,Established,Pre-2025,RESERVE PETROLEUM CO,1.16
SPND,2.00,3.95,Established,Pre-2025,SPINDLETOP OIL & GAS CO,1.98
STLY,4.75,5.00,Established,Pre-2025,"HG Holdings, Inc.",1.05
TBHC,1.66,1.18,Established,Pre-2025,"BRAND HOUSE COLLECTIVE, INC.",0.71
UG,9.35,6.13,Established,Pre-2025,UNITED GUARDIAN INC,0.66
YQ,1.57,3.41,Established,Pre-2025,17 Education & Technology Group Inc.,2.17
ZLME,8.50,8.50,Established,Pre-2025,Zhanling International Ltd,1.00
ADGM,1.12,1.08,Established,Pre-2025,"Adagio Medical Holdings, Inc.",0.96
AGPU,18.00,7.09,Established,Pre-2025,Axe Compute Inc.,0.39
ALUR,7.95,1.45,Established,Pre-2025,"ALLURION TECHNOLOGIES, INC.",0.18
AQUC,12.09,12.10,Established,Pre-2025,Aquaron Acquisition Corp.,1.00
AUST,1.26,1.54,Established,Pre-2025,Austin Gold Corp.,1.22
BATL,1.75,1.19,Established,Pre-2025,BATTALION OIL CORP,0.68
BNAI,9.70,3.77,Established,Pre-2025,Brand Engagement Network Inc.,0.39
CCM,4.50,4.27,Established,Pre-2025,Concord Medical Services Holdings Ltd,0.95
CETX,47.85,2.74,Established,Pre-2025,CEMTREX INC,0.06
CTRM,2.86,2.12,Established,Pre-2025,Castor Maritime Inc.,0.74
CYN,111.30,2.75,Established,Pre-2025,Cyngn Inc.,0.02
EBON,6.53,3.20,Established,Pre-2025,Ebang International Holdings Inc.,0.49
FENG,2.47,1.71,Established,Pre-2025,Phoenix New Media Ltd,0.69
GAUZ,10.16,1.19,Established,Pre-2025,Gauzy Ltd.,0.12
HHS,5.37,3.06,Established,Pre-2025,HARTE HANKS INC,0.57
HUIZ,3.35,2.70,Established,Pre-2025,Huize Holding Ltd,0.81
JVA,4.06,3.75,Established,Pre-2025,COFFEE HOLDING CO INC,0.92
KTTA,3.12,1.19,Established,Pre-2025,Pasithea Therapeutics Corp.,0.38
LGCB,4.24,1.91,Established,Pre-2025,Linkage Global Inc,0.45
LRE,1.82,1.75,Established,Pre-2025,"LEAD REAL ESTATE CO., LTD",0.96
MXC,11.35,9.96,Established,Pre-2025,MEXCO ENERGY CORP,0.88
NEUP,3.40,3.82,Established,Pre-2025,Neuphoria Therapeutics Inc.,1.12
NIXX,6.08,1.03,Established,Pre-2025,"Nixxy, Inc.",0.17
NRDE,1.25,1.38,Established,Pre-2025,NU RIDE INC.,1.10
NSYS,10.53,7.43,Established,Pre-2025,NORTECH SYSTEMS INC,0.71
NWGL,1.16,1.35,Established,Pre-2025,CL Workshop Group Ltd,1.16
NYC,8.99,8.60,Established,Pre-2025,American Strategic Investment Co.,0.96
ORIO,1.31,1.01,Established,Pre-2025,Orion Digital Corp.,0.77
PAYD,3.22,2.95,Established,Pre-2025,PAID INC,0.92
PFSB,11.20,15.60,Established,Pre-2025,"PFS Bancorp, Inc.",1.39
PLAG,2.72,2.40,Established,Pre-2025,Planet Green Holdings Corp.,0.88
PRZO,2.27,1.18,Established,Pre-2025,ParaZero Technologies Ltd.,0.52
RECT,7.00,1.80,Established,Pre-2025,Rectitude Holdings Ltd.,0.26
ROLR,4.08,2.19,Established,Pre-2025,"High Roller Technologies, Inc.",0.54
SCIA,5.05,5.29,Established,Pre-2025,"SCI Engineered Materials, Inc.",1.05
SER,5.18,2.08,Established,Pre-2025,"Serina Therapeutics, Inc.",0.40
SNYR,4.23,1.88,Established,Pre-2025,Synergy CHC Corp.,0.44
SOPA,1.05,3.56,Established,Pre-2025,SOCIETY PASS INCORPORATED.,3.39
SWVL,6.20,1.87,Established,Pre-2025,Swvl Holdings Corp,0.30
TLF,3.44,2.71,Established,Pre-2025,TANDY LEATHER FACTORY INC,0.79
TOPS,6.73,4.74,Established,Pre-2025,TOP SHIPS INC.,0.70
TXMD,1.47,1.65,Established,Pre-2025,"TherapeuticsMD, Inc.",1.12
UTSI,2.74,2.36,Established,Pre-2025,UTSTARCOM HOLDINGS CORP.,0.86
VVOS,4.37,2.53,Established,Pre-2025,"Vivos Therapeutics, Inc.",0.58
WNW,55.60,1.47,Established,Pre-2025,Meiwu Technology Co Ltd,0.03
XOS,3.57,1.97,Established,Pre-2025,"Xos, Inc.",0.55
ALLR,1.06,1.14,Established,Pre-2025,"Allarity Therapeutics, Inc.",1.08
AQMS,27.90,5.33,Established,Pre-2025,"Aqua Metals, Inc.",0.19
ASTI,3.13,4.06,Established,Pre-2025,"Ascent Solar Technologies, Inc.",1.30
BDCO,2.62,1.50,Established,Pre-2025,BLUE DOLPHIN ENERGY CO,0.57
BNZI,15.90,1.21,Established,Pre-2025,"Banzai International, Inc.",0.08
BON,43.00,1.71,Established,Pre-2025,Bon Natural Life Ltd,0.04
CKX,12.30,9.15,Established,Pre-2025,"CKX LANDS, INC.",0.74
CLGN,4.22,1.48,Established,Pre-2025,CollPlant Biotechnologies Ltd,0.35
CLIK,36.60,5.33,Established,Pre-2025,Click Holdings Ltd.,0.15
CVKD,15.85,7.33,Established,Pre-2025,"Cadrenal Therapeutics, Inc.",0.46
DLPN,1.19,1.57,Established,Pre-2025,"Dolphin Entertainment, Inc.",1.32
ELWS,3.10,6.52,Established,Pre-2025,"Earlyworks Co., Ltd.",2.10
EQS,1.17,1.36,Established,Pre-2025,"EQUUS TOTAL RETURN, INC.",1.16
GDTC,3.45,1.39,Established,Pre-2025,CytoMed Therapeutics Ltd,0.40
GOVB,11.94,17.50,Established,Pre-2025,"Gouverneur Bancorp, Inc./MD/",1.47
GRDX,1.86,5.14,Established,Pre-2025,GridAI Technologies Corp.,2.76
GUER,1.34,2.01,Established,Pre-2025,"Guerrilla RF, Inc.",1.50
GYRO,9.02,9.24,Established,Pre-2025,"Gyrodyne, LLC",1.02
HIND,470.00,3.55,Established,Pre-2025,"Vyome Holdings, Inc",0.01
HUDI,1.70,1.15,Established,Pre-2025,"Huadi International Group Co., Ltd.",0.68
IMG,14.82,1.15,Established,Pre-2025,CIMG Inc.,0.08
IRIX,1.77,1.17,Established,Pre-2025,IRIDEX CORP,0.66
KHOB,2.50,2.50,Established,Pre-2025,KHEOBA CORP.,1.00
LESL,46.00,1.73,Established,Pre-2025,"Leslie's, Inc.",0.04
LIMX,1.00,1.25,Established,Pre-2025,Limitless X Holdings Inc.,1.25
LIQT,1.87,1.49,Established,Pre-2025,LIQTECH INTERNATIONAL INC,0.80
LSTA,3.85,1.96,Established,Pre-2025,"LISATA THERAPEUTICS, INC.",0.51
LVLU,17.10,5.35,Established,Pre-2025,"Lulu's Fashion Lounge Holdings, Inc.",0.31
MOGU,2.30,2.15,Established,Pre-2025,MOGU Inc.,0.93
MTVA,23.54,9.56,Established,Pre-2025,MetaVia Inc.,0.41
NCEW,18.16,6.27,Established,Pre-2025,New Century Logistics (BVI) Ltd,0.35
NNUP,1.78,1.50,Established,Pre-2025,NOCOPI TECHNOLOGIES INC/MD/,0.84
PMN,26.00,7.14,Established,Pre-2025,ProMIS Neurosciences Inc.,0.27
QCLS,119.00,4.23,Established,Pre-2025,"Q/C TECHNOLOGIES, INC.",0.04
RBOT,14.61,2.52,Established,Pre-2025,Vicarious Surgical Inc.,0.17
RMCF,2.78,1.93,Established,Pre-2025,"Rocky Mountain Chocolate Factory, Inc.",0.69
SAIH,12.03,9.73,Established,Pre-2025,SAIHEAT Ltd,0.81
SNNF,7.16,10.55,Established,Pre-2025,"Seneca Bancorp, Inc.",1.47
SPPL,11.12,3.95,Established,Pre-2025,SIMPPLE LTD.,0.36
SPRS,2.20,3.38,Established,Pre-2025,SURGE COMPONENTS INC,1.54
TBTC,3.77,4.29,Established,Pre-2025,TABLE TRAC INC,1.14
TRSG,2.10,1.12,Established,Pre-2025,Tungray Technologies Inc,0.53
VBIX,5.00,1.64,Established,Pre-2025,Viewbix Inc.,0.33
WETH,1.67,1.49,Established,Pre-2025,Wetouch Technology Inc.,0.89
WKSP,9.64,2.35,Established,Pre-2025,Worksport Ltd,0.24
ZEOX,3.40,2.67,Established,Pre-2025,"Zeo ScientifiX, Inc.",0.79
ABP,48.30,4.22,Established,Pre-2025,"Abpro Holdings, Inc.",0.09
AEON,40.97,1.11,Established,Pre-2025,"AEON Biopharma, Inc.",0.03
AIRI,4.31,3.11,Established,Pre-2025,AIR INDUSTRIES GROUP,0.72
AMS,3.10,2.10,Established,Pre-2025,AMERICAN SHARED HOSPITAL SERVICES,0.68
BCDA,2.31,1.27,Established,Pre-2025,"BioCardia, Inc.",0.55
BCTX,6.40,7.17,Established,Pre-2025,BriaCell Therapeutics Corp.,1.12
BLRX,10.80,2.80,Established,Pre-2025,BioLineRx Ltd.,0.26
BLTH,3.75,5.00,Established,Pre-2025,"AMERICAN BATTERY MATERIALS, INC.",1.33
BNGO,19.20,1.59,Established,Pre-2025,"Bionano Genomics, Inc.",0.08
BNKK,27.02,2.94,Established,Pre-2025,"BONK, INC.",0.11
BRN,1.49,1.15,Established,Pre-2025,BARNWELL INDUSTRIES INC,0.77
BTCT,5.39,1.63,Established,Pre-2025,BTC Digital Ltd.,0.30
CLRB,10.50,3.47,Established,Pre-2025,"Cellectar Biosciences, Inc.",0.33
CNFN,4.00,1.57,Established,Pre-2025,CFN Enterprises Inc.,0.39
CVR,15.71,14.00,Established,Pre-2025,CHICAGO RIVET & MACHINE CO,0.89
ELSE,5.35,4.20,Established,Pre-2025,ELECTRO SENSORS INC,0.79
GIGM,1.50,1.54,Established,Pre-2025,GIGAMEDIA Ltd,1.03
GRNQ,1.18,1.78,Established,Pre-2025,Greenpro Capital Corp.,1.51
INBS,14.80,7.89,Established,Pre-2025,INTELLIGENT BIO SOLUTIONS INC.,0.53
IPST,33.00,1.70,Established,Pre-2025,"Heritage Distilling Holding Company, Inc.",0.05
IQST,23.76,3.05,Established,Pre-2025,iQSTEL Inc,0.13
ITHR,3.10,1.55,Established,Pre-2025,"Intelithrive, Inc.",0.50
JYD,156.50,5.07,Established,Pre-2025,Jayud Global Logistics Ltd,0.03
LEDS,1.34,1.62,Established,Pre-2025,SemiLEDs Corp,1.21
MDRR,12.06,12.33,Established,Pre-2025,"Medalist Diversified REIT, Inc.",1.02
MGIH,1.65,1.31,Established,Pre-2025,Millennium Group International Holdings Ltd,0.79
MMA,1.42,1.11,Established,Pre-2025,MIXED MARTIAL ARTS GROUP LTD,0.78
MRM,1.11,1.96,Established,Pre-2025,Medirom Healthcare Technologies Inc.,1.77
MSBB,13.99,15.83,Established,Pre-2025,"Mercer Bancorp, Inc.",1.13
MSGM,1.45,3.04,Established,Pre-2025,Motorsport Games Inc.,2.10
MTEX,14.73,8.35,Established,Pre-2025,MANNATECH INC,0.57
NXGL,3.83,1.81,Established,Pre-2025,"NEXGEL, INC.",0.47
PHIO,1.97,1.09,Established,Pre-2025,Phio Pharmaceuticals Corp.,0.55
RMSG,2.43,1.36,Established,Pre-2025,Real Messenger Corp,0.56
SINT,3.69,3.78,Established,Pre-2025,"Sintx Technologies, Inc.",1.02
SNGX,3.13,1.42,Established,Pre-2025,"SOLIGENIX, INC.",0.45
SNSE,10.10,9.65,Established,Pre-2025,"Sensei Biotherapeutics, Inc.",0.96
SOS,7.24,1.50,Established,Pre-2025,SOS Ltd,0.21
SYBX,1.45,1.17,Established,Pre-2025,"SYNLOGIC, INC.",0.81
TC,22.40,7.56,Established,Pre-2025,Token Cat Ltd,0.34
TPST,12.38,2.95,Established,Pre-2025,"Tempest Therapeutics, Inc.",0.24
USEA,1.60,1.77,Established,Pre-2025,United Maritime Corp,1.11
WVVI,3.37,3.17,Established,Pre-2025,WILLAMETTE VALLEY VINEYARDS INC,0.94
YTFD,3.99,3.99,Established,Pre-2025,"Yale Transaction Finders, Inc.",1.00
ADXN,8.37,8.09,Established,Pre-2025,Addex Therapeutics Ltd.,0.97
AIMD,2.64,1.75,Established,Pre-2025,"Ainos, Inc.",0.66
ALZN,11.34,1.90,Established,Pre-2025,"Alzamend Neuro, Inc.",0.17
AMST,4.65,2.00,Established,Pre-2025,Amesite Inc.,0.43
ARBB,8.11,5.77,Established,Pre-2025,ARB IOT Group Ltd,0.71
ARTW,2.03,2.31,Established,Pre-2025,ARTS WAY MANUFACTURING CO INC,1.14
AWX,3.72,2.78,Established,Pre-2025,AVALON HOLDINGS CORP,0.75
AZI,44.60,2.66,Established,Pre-2025,Autozi Internet Technology (Global) Ltd.,0.06
BOLT,11.76,5.79,Established,Pre-2025,"Bolt Biotherapeutics, Inc.",0.49
BRTX,1.50,1.22,Established,Pre-2025,"BioRestorative Therapies, Inc.",0.81
CLRO,19.65,5.28,Established,Pre-2025,CLEARONE INC,0.27
CMMB,8.52,1.79,Established,Pre-2025,Chemomab Therapeutics Ltd.,0.21
CODX,23.40,5.56,Established,Pre-2025,"Co-Diagnostics, Inc.",0.24
EDSA,1.88,1.50,Established,Pre-2025,"Edesa Biotech, Inc.",0.80
EDUC,1.67,1.35,Established,Pre-2025,EDUCATIONAL DEVELOPMENT CORP,0.81
EFOI,1.28,2.22,Established,Pre-2025,"ENERGY FOCUS, INC/DE",1.73
FEBO,1.86,1.21,Established,Pre-2025,Fenbo Holdings Ltd,0.65
FGI,4.16,5.71,Established,Pre-2025,FGI Industries Ltd.,1.37
FLYE,68.60,8.32,Established,Pre-2025,"Fly-E Group, Inc.",0.12
FXBY,17.06,23.25,Established,Pre-2025,FOXBY CORP.,1.36
GSUN,2.92,1.16,Established,Pre-2025,Golden Sun Technology Group Ltd.,0.40
GTIM,2.55,1.20,Established,Pre-2025,Good Times Restaurants Inc.,0.47
HWH,2.31,1.55,Established,Pre-2025,HWH International Inc.,0.67
IMNN,13.30,3.95,Established,Pre-2025,"Imunon, Inc.",0.30
JCSE,1.35,1.07,Established,Pre-2025,JE Cleantech Holdings Ltd,0.79
JXG,15.90,5.92,Established,Pre-2025,JX Luxventure Group Inc.,0.37
MBAI,1.77,1.72,Established,Pre-2025,Check-Cap Ltd,0.97
MTEK,5.17,1.13,Established,Pre-2025,Maris Tech Ltd.,0.22
MYNZ,4.38,1.16,Established,Pre-2025,MAINZ BIOMED N.V.,0.26
NCEL,21.60,2.09,Established,Pre-2025,NewcelX Ltd.,0.10
OXBR,3.93,1.31,Established,Pre-2025,OXBRIDGE RE HOLDINGS Ltd,0.33
PLRZ,2910.00,12.75,Established,Pre-2025,Polyrizon Ltd.,0.00
QNRX,24.50,14.08,Established,Pre-2025,"Quoin Pharmaceuticals, Ltd.",0.57
REBN,1.75,1.58,Established,Pre-2025,"Reborn Coffee, Inc.",0.90
SGBX,36.93,2.04,Established,Pre-2025,SAFE & GREEN HOLDINGS CORP.,0.06
SNES,3.54,2.21,Established,Pre-2025,"SenesTech, Inc.",0.62
SSM,7.12,7.28,Established,Pre-2025,Sono Group N.V.,1.02
STAI,44.00,3.32,Established,Pre-2025,ScanTech AI Systems Inc.,0.08
STKH,68.00,2.33,Established,Pre-2025,Steakholder Foods Ltd.,0.03
SVRE,8.97,1.41,Established,Pre-2025,SaverOne 2014 Ltd.,0.16
TAOP,12.60,1.39,Established,Pre-2025,Taoping Inc.,0.11
TGL,390.00,7.03,Established,Pre-2025,TREASURE GLOBAL INC,0.02
TKLF,3.37,3.05,Established,Pre-2025,"Tokyo Lifestyle Co., Ltd.",0.91
TRAW,8.66,1.33,Established,Pre-2025,"Traws Pharma, Inc.",0.15
USIC,2.10,1.75,Established,Pre-2025,Uncle's Ice Cream,0.83
UUU,1.95,5.19,Established,Pre-2025,"UNIVERSAL SAFETY PRODUCTS, INC.",2.66
WATT,23.55,4.32,Established,Pre-2025,Energous Corp,0.18
WLDS,9.12,1.26,Established,Pre-2025,Wearable Devices Ltd.,0.14
YCBD,4.62,1.16,Established,Pre-2025,"cbdMD, Inc.",0.25
ADTI,3.20,1.20,Established,Pre-2025,"Adapti, Inc.",0.37
AEHL,9.60,1.75,Established,Pre-2025,Antelope Enterprise Holdings Ltd,0.18
AMBO,2.79,2.80,Established,Pre-2025,Ambow Education Holding Ltd.,1.00
APM,2.14,1.07,Established,Pre-2025,Aptorum Group Ltd,0.50
APVO,1648.80,9.39,Established,Pre-2025,Aptevo Therapeutics Inc.,0.01
BBGI,9.19,5.15,Established,Pre-2025,BEASLEY BROADCAST GROUP INC,0.56
BGLC,4.61,3.94,Established,Pre-2025,BioNexus Gene Lab Corp,0.85
BIVI,22.30,1.33,Established,Pre-2025,BIOVIE INC.,0.06
BMRA,2.72,2.53,Established,Pre-2025,BIOMERICA INC,0.93
BQ,3.60,2.02,Established,Pre-2025,Boqii Holding Ltd,0.56
BTBD,1.55,1.45,Established,Pre-2025,"BT Brands, Inc.",0.94
CELZ,2.44,1.97,Established,Pre-2025,"CREATIVE MEDICAL TECHNOLOGY HOLDINGS, INC.",0.81
CLDI,14.76,1.18,Established,Pre-2025,"Calidi Biotherapeutics, Inc.",0.08
CLWT,1.39,1.20,Established,Pre-2025,EURO TECH HOLDINGS CO LTD,0.86
CWD,13.98,1.39,Established,Pre-2025,CaliberCos Inc.,0.10
ELPW,20.66,1.92,Established,Pre-2025,Elong Power Holding Ltd.,0.09
ERNA,5.10,1.16,Established,Pre-2025,Ernexa Therapeutics Inc.,0.23
EVGN,1.90,1.13,Established,Pre-2025,Evogene Ltd.,0.59
FAMI,3.72,1.29,Established,Pre-2025,"Farmmi, Inc.",0.35
FNFI,8.11,8.00,Established,Pre-2025,FIRST NILES FINANCIAL INC,0.99
GIBO,2236.00,2.11,Established,Pre-2025,GIBO HOLDINGS Ltd,0.00
GLNS,1.15,1.11,Established,Pre-2025,Golden Star Resource Corp.,0.97
GNLN,1320.00,1.58,Established,Pre-2025,"Greenlane Holdings, Inc.",0.00
GXAI,2.92,1.16,Established,Pre-2025,GAXOS.AI INC.,0.40
HSCS,3.66,3.14,Established,Pre-2025,HeartSciences Inc.,0.86
HTOO,25.38,3.58,Established,Pre-2025,Fusion Fuel Green PLC,0.14
HYFM,6.73,1.60,Established,Pre-2025,"HYDROFARM HOLDINGS GROUP, INC.",0.24
ICU,21.00,2.63,Established,Pre-2025,SeaStar Medical Holding Corp,0.13
IFBD,2.51,1.02,Established,Pre-2025,"Infobird Co., Ltd",0.41
ILAG,8.68,3.80,Established,Pre-2025,Intelligent Living Application Group Inc.,0.44
IMCC,2.53,1.49,Established,Pre-2025,IM Cannabis Corp.,0.59
INHD,120.00,1.30,Established,Pre-2025,INNO HOLDINGS INC.,0.01
IPW,26.10,7.59,Established,Pre-2025,iPower Inc.,0.29
JCTC,4.51,2.38,Established,Pre-2025,JEWETT CAMERON TRADING CO LTD,0.53
JZ,9.75,1.05,Established,Pre-2025,Jianzhi Education Technology Group Co Ltd,0.11
KPRX,3.63,2.02,Established,Pre-2025,KIORA PHARMACEUTICALS INC,0.56
KRKR,3.37,4.68,Established,Pre-2025,36Kr Holdings Inc.,1.39
LUCY,5.54,1.14,Established,Pre-2025,Innovative Eyewear Inc,0.21
MBIO,10.90,1.07,Established,Pre-2025,"MUSTANG BIO, INC.",0.10
MBRX,44.75,3.62,Established,Pre-2025,"Moleculin Biotech, Inc.",0.08
MYSE,1.95,1.79,Established,Pre-2025,"Myseum, Inc.",0.92
NWTG,17.01,1.55,Established,Pre-2025,"Newton Golf Company, Inc.",0.09
OST,61.75,1.70,Established,Pre-2025,"Ostin Technology Group Co., Ltd.",0.03
PULM,7.20,2.26,Established,Pre-2025,"Pulmatrix, Inc.",0.31
SBDS,46.00,6.06,Established,Pre-2025,"Solo Brands, Inc.",0.13
SCKT,1.34,1.05,Established,Pre-2025,"SOCKET MOBILE, INC.",0.78
SEED,2.03,1.16,Established,Pre-2025,Origin Agritech LTD,0.57
SUGP,12.30,5.67,Established,Pre-2025,SU Group Holdings Ltd,0.46
YHGJ,6.80,3.59,Established,Pre-2025,YUNHONG GREEN CTI LTD.,0.53
ACXP,17.80,2.76,Established,Pre-2025,"Acurx Pharmaceuticals, Inc.",0.16
ANVI,2.46,2.46,Established,Pre-2025,"ANVI GLOBAL HOLDINGS, INC.",1.00
ASTC,6.99,3.65,Established,Pre-2025,ASTROTECH Corp,0.52
BIAF,28.20,1.22,Established,Pre-2025,"bioAffinity Technologies, Inc.",0.04
BNBX,172.50,1.48,Established,Pre-2025,BNB PLUS CORP.,0.01
CPHI,2.30,1.21,Established,Pre-2025,"CHINA PHARMA HOLDINGS, INC.",0.53
CYCN,3.22,1.34,Established,Pre-2025,"Cyclerion Therapeutics, Inc.",0.42
DEVS,7.79,1.41,Established,Pre-2025,DevvStream Corp.,0.18
DRMA,14.30,2.18,Established,Pre-2025,"Dermata Therapeutics, Inc.",0.15
FRSX,12.04,1.45,Established,Pre-2025,Foresight Autonomous Holdings Ltd.,0.12
GURE,5.90,3.83,Established,Pre-2025,"GULF RESOURCES, INC.",0.65
HIHO,2.02,1.37,Established,Pre-2025,HIGHWAY HOLDINGS LTD,0.68
HLYK,1.90,1.54,Established,Pre-2025,HealthLynked Corp,0.81
IBG,5.45,1.89,Established,Pre-2025,Innovation Beverage Group Ltd,0.35
IPDN,4.90,1.33,Established,Pre-2025,"Professional Diversity Network, Inc.",0.27
KXIN,48.60,5.95,Established,Pre-2025,Kaixin Holdings,0.12
LCFY,7.00,2.93,Established,Pre-2025,Locafy Ltd,0.42
LCTC,2.77,2.40,Established,Pre-2025,"Lifeloc Technologies, Inc",0.87
LDWY,4.68,3.53,Established,Pre-2025,"LENDWAY, INC.",0.75
LGCL,24.28,2.30,Established,Pre-2025,Lucas GC Ltd,0.09
LYRA,10.40,3.16,Established,Pre-2025,"Lyra Therapeutics, Inc.",0.30
MKZR,26.56,4.38,Established,Pre-2025,"MacKenzie Realty Capital, Inc.",0.16
MOVE,57.00,8.78,Established,Pre-2025,Movano Inc.,0.15
NCNA,262.00,3.64,Established,Pre-2025,NuCana plc,0.01
NDRA,6.67,4.29,Established,Pre-2025,ENDRA Life Sciences Inc.,0.64
PAVM,20.19,7.33,Established,Pre-2025,PAVmed Inc.,0.36
PCSA,24.52,2.93,Established,Pre-2025,"Processa Pharmaceuticals, Inc.",0.12
RAY,22.40,2.09,Established,Pre-2025,Raytech Holding Ltd,0.09
RNAZ,101.92,7.40,Established,Pre-2025,"Transcode Therapeutics, Inc.",0.07
SBFM,3.46,1.28,Established,Pre-2025,Sunshine Biopharma Inc.,0.37
SKAS,7.25,6.75,Established,Pre-2025,"Saker Aviation Services, Inc.",0.93
SLXN,32.25,1.88,Established,Pre-2025,Silexion Therapeutics Corp,0.06
SMTK,3.07,1.19,Established,Pre-2025,"SmartKem, Inc.",0.39
SNOA,2.64,3.64,Established,Pre-2025,"Sonoma Pharmaceuticals, Inc.",1.38
SSKN,3.06,1.27,Established,Pre-2025,"STRATA Skin Sciences, Inc.",0.42
SYNX,4.98,1.18,Established,Pre-2025,Silynxcom Ltd.,0.24
TCRT,2.05,3.28,Established,Pre-2025,"Alaunos Therapeutics, Inc.",1.60
TWAV,3.63,1.97,Established,Pre-2025,"TaoWeave, Inc.",0.54
UCAR,7.97,1.45,Established,Pre-2025,U Power Ltd,0.18
ULY,5.42,2.67,Established,Pre-2025,Urgent.ly Inc.,0.49
VS,2.33,1.25,Established,Pre-2025,Versus Systems Inc.,0.54
WAFU,1.69,1.62,Established,Pre-2025,Wah Fu Education Group Ltd,0.96
XELB,5.08,1.10,Established,Pre-2025,"XCel Brands, Inc.",0.22
YAAS,309.60,1.63,Established,Pre-2025,Youxin Technology Ltd,0.01
YJ,1.68,1.19,Established,Pre-2025,Yunji Inc.,0.71
YOTA,11.27,2.00,Established,Pre-2025,Yotta Acquisition Corp,0.18
ZICX,4.30,2.00,Established,Pre-2025,Zicix Corp,0.47
ACON,2695.41,4.98,Established,Pre-2025,"Aclarion, Inc.",0.00
AGMH,72.50,1.98,Established,Pre-2025,"AGM GROUP HOLDINGS, INC.",0.03
AIHS,10.30,1.08,Established,Pre-2025,Senmiao Technology Ltd,0.10
ALBT,3.66,1.25,Established,Pre-2025,Avalon GloboCare Corp.,0.34
BAOS,3.25,2.64,Established,Pre-2025,Baosheng Media Group Holdings Ltd,0.81
BGMS,53.30,1.41,Established,Pre-2025,"Bio Green Med Solution, Inc.",0.03
CANF,36.20,4.40,Established,Pre-2025,Can-Fite BioPharma Ltd.,0.12
CDIO,28.68,2.84,Established,Pre-2025,"Cardio Diagnostics Holdings, Inc.",0.10
CHNR,5.20,3.52,Established,Pre-2025,CHINA NATURAL RESOURCES INC,0.68
CNET,1.92,1.26,Established,Pre-2025,ZW Data Action Technologies Inc.,0.66
CTNT,3.09,1.17,Established,Pre-2025,CHEETAH NET SUPPLY CHAIN SERVICE INC.,0.38
DFSC,17.53,1.92,Established,Pre-2025,DEFSEC Technologies Inc.,0.11
ENVB,1090.80,3.67,Established,Pre-2025,"Enveric Biosciences, Inc.",0.00
FLGC,42.90,6.85,Established,Pre-2025,Flora Growth Corp.,0.16
FTEL,1068.48,4.43,Established,Pre-2025,Fitell Corp,0.00
GDHG,986.25,1.84,Established,Pre-2025,GOLDEN HEAVEN GROUP HOLDINGS LTD.,0.00
GLXG,9.80,1.76,Established,Pre-2025,Galaxy Payroll Group Ltd,0.18
GV,2.48,1.20,Established,Pre-2025,Visionary Holdings Inc.,0.48
GWAV,85.91,4.65,Established,Pre-2025,"Greenwave Technology Solutions, Inc.",0.05
IDXG,2.57,1.19,Established,Pre-2025,"INTERPACE BIOSCIENCES, INC.",0.46
INDP,24.64,2.74,Established,Pre-2025,"Indaptus Therapeutics, Inc.",0.11
JWEL,2.95,2.33,Established,Pre-2025,Jowell Global Ltd.,0.79
KWIK,3.19,2.10,Established,Pre-2025,"KwikClick, Inc.",0.66
MIGI,19.40,4.55,Established,Pre-2025,Mawson Infrastructure Group Inc.,0.23
NCI,3.55,1.14,Established,Pre-2025,Neo-Concept International Group Holdings Ltd,0.32
NISN,6.57,1.01,Established,Pre-2025,"Nisun International Enterprise Development Group Co., Ltd",0.15
NITO,92.40,1.59,Established,Pre-2025,"N2OFF, Inc.",0.02
NVVE,149.60,2.42,Established,Pre-2025,Nuvve Holding Corp.,0.02
PMAX,16.08,1.99,Established,Pre-2025,Powell Max Ltd,0.12
POLA,3.31,1.79,Established,Pre-2025,"Polar Power, Inc.",0.54
PRSI,1.75,9.71,Established,Pre-2025,PORTSMOUTH SQUARE INC,5.55
RDHL,6.52,1.03,Established,Pre-2025,RedHill Biopharma Ltd.,0.16
RETO,4.59,1.91,Established,Pre-2025,"ReTo Eco-Solutions, Inc.",0.42
RHEP,1.55,1.37,Established,Pre-2025,"REGIONAL HEALTH PROPERTIES, INC",0.88
RVYL,51.80,5.73,Established,Pre-2025,RYVYL Inc.,0.11
SBLX,11.84,2.63,Established,Pre-2025,"StableX Technologies, Inc.",0.22
SNTG,1.93,1.99,Established,Pre-2025,Sentage Holdings Inc.,1.03
SOBR,10.80,2.10,Established,Pre-2025,"SOBR Safe, Inc.",0.19
SONM,57.42,2.88,Established,Pre-2025,SONIM TECHNOLOGIES INC,0.05
SPFX,1.88,2.10,Established,Pre-2025,"STANDARD PREMIUM FINANCE HOLDINGS, INC.",1.12
SPRC,11.09,1.40,Established,Pre-2025,SciSparc Ltd.,0.13
TWG,24.21,3.52,Established,Pre-2025,Top Wealth Group Holding Ltd,0.15
VEEE,4.93,1.77,Established,Pre-2025,"Twin Vee PowerCats, Co.",0.36
VIVS,5.40,1.88,Established,Pre-2025,"VivoSim Labs, INC.",0.35
XBIO,4.25,2.15,Established,Pre-2025,"Xenetic Biosciences, Inc.",0.51
YDKG,49.00,1.04,Established,Pre-2025,Yueda Digital Holding,0.02
AEMD,64.00,2.82,Established,Pre-2025,AETHLON MEDICAL INC,0.04
AIM,23.33,1.19,Established,Pre-2025,AIM ImmunoTech Inc.,0.05
ARBK,138.89,3.69,Established,Pre-2025,Argo Blockchain Plc,0.03
ARTL,6.54,1.27,Established,Pre-2025,"ARTELO BIOSCIENCES, INC.",0.19
AUUD,8.91,1.02,Established,Pre-2025,AUDDIA INC.,0.11
BBLG,6.66,1.54,Established,Pre-2025,Bone Biologics Corp,0.23
BDRX,45.00,2.46,Established,Pre-2025,Biodexa Pharmaceuticals Plc,0.05
BHIC,52.00,4.00,Established,Pre-2025,"BioScience Health Innovations, Inc.",0.08
BOXL,13.80,1.73,Established,Pre-2025,Boxlight Corp,0.13
CDT,852.00,1.44,Established,Pre-2025,CDT Equity Inc.,0.00
CMND,59.60,1.99,Established,Pre-2025,Clearmind Medicine Inc.,0.03
CNSP,73.80,5.30,Established,Pre-2025,"CNS Pharmaceuticals, Inc.",0.07
CRCE,1.25,1.41,Established,Pre-2025,"Circle Energy, Inc./NV",1.13
CREV,6.50,1.73,Established,Pre-2025,Carbon Revolution Public Ltd Co,0.27
EZGO,15.62,2.00,Established,Pre-2025,EZGO Technologies Ltd.,0.13
FEED,66.11,2.45,Established,Pre-2025,"ENvue Medical, Inc.",0.04
FRGT,44.60,1.84,Established,Pre-2025,"Freight Technologies, Inc.",0.04
GCTK,351.60,3.88,Established,Pre-2025,"Glucotrack, Inc.",0.01
GLVT,1.72,1.51,Established,Pre-2025,GREENLIT VENTURES INC.,0.88
GNPX,41.90,1.79,Established,Pre-2025,"Genprex, Inc.",0.04
GVH,133.00,1.38,Established,Pre-2025,Globavend Holdings Ltd,0.01
HCWB,17.56,1.12,Established,Pre-2025,HCW Biologics Inc.,0.06
ICON,423.53,3.27,Established,Pre-2025,Icon Energy Corp,0.01
INM,4.97,1.12,Established,Pre-2025,InMed Pharmaceuticals Inc.,0.23
JZXN,54.52,1.83,Established,Pre-2025,"Jiuzi Holdings, Inc.",0.03
MLEC,132.00,4.14,Established,Pre-2025,Moolec Science SA,0.03
NUWE,49.56,1.81,Established,Pre-2025,"Nuwellis, Inc.",0.04
ONCO,68.85,1.61,Established,Pre-2025,"Onconetix, Inc.",0.02
PAPL,10.80,1.23,Established,Pre-2025,Pineapple Financial Inc.,0.11
PHGE,14.73,2.14,Established,Pre-2025,BiomX Inc.,0.15
RAYA,290.40,4.03,Established,Pre-2025,Erayak Power Solution Group Inc.,0.01
RIME,22.00,1.04,Established,Pre-2025,"Algorhythm Holdings, Inc.",0.05
RKDA,6.36,2.15,Established,Pre-2025,"Arcadia Biosciences, Inc.",0.34
SDOT,38.20,1.75,Established,Pre-2025,Sadot Group Inc.,0.05
SHFS,8.70,1.04,Established,Pre-2025,"SHF Holdings, Inc.",0.12
SHPH,23.33,1.81,Established,Pre-2025,"Shuttle Pharmaceuticals Holdings, Inc.",0.08
SPHL,48.24,1.98,Established,Pre-2025,SPRINGVIEW HOLDINGS LTD,0.04
SUNE,516.00,1.08,Established,Pre-2025,"SUNation Energy, Inc.",0.00
TIVC,6.00,1.42,Established,Pre-2025,"Tivic Health Systems, Inc.",0.24
UOKA,5.97,2.13,Established,Pre-2025,MDJM LTD,0.36
UPC,25.64,4.16,Established,Pre-2025,Universe Pharmaceuticals INC,0.16
VERO,4.77,1.52,Established,Pre-2025,Venus Concept Inc.,0.32
VSA,36.00,2.46,Established,Pre-2025,VisionSys AI Inc,0.07
VSME,30.20,1.89,Established,Pre-2025,VS MEDIA Holdings Ltd,0.06
VTAK,10.07,2.01,Established,Pre-2025,"Catheter Precision, Inc.",0.20
WAI,225.00,2.14,Established,Pre-2025,Top KingWin Ltd,0.01
WBUY,21.48,1.32,Established,Pre-2025,WEBUY GLOBAL LTD,0.06
WOK,44100.00,2.32,Established,Pre-2025,WORK Medical Technology Group LTD,0.00
ABL,7.66,7.92,Established,Pre-2025,"Abacus Global Management, Inc.",1.03
AIXC,4.54,2.40,Established,Pre-2025,"AIxCrypto Holdings, Inc.",0.53
ALTB,2.02,8.00,Established,Pre-2025,Alpine Auto Brokers Inc.,3.96
AOAO,10.78,3.55,Established,Pre-2025,Alpha One Inc.,0.33
ATEK,1.00,9.02,Established,Pre-2025,Athena Technology Acquisition Corp. II,9.02
BBDO,1.69,2.89,Established,Pre-2025,BANK BRADESCO,1.71
BCTF,12.20,13.65,Established,Pre-2025,"Bancorp 34, Inc.",1.12
BF-B,35.18,26.14,Established,Pre-2025,BROWN FORMAN CORP,0.74
BFIN,11.89,12.00,Established,Pre-2025,BankFinancial CORP,1.01
BH,257.76,343.66,Established,Pre-2025,Biglari Holdings Inc.,1.33
CCZ,59.26,60.01,Established,Pre-2025,COMCAST CORP,1.01
CLUS,130.00,200.00,Established,Pre-2025,Cluster Group Holdings Ltd Co,1.54
CMSA,21.69,22.21,Established,Pre-2025,CMS ENERGY CORP,1.02
CTBB,16.17,19.57,Established,Pre-2025,QWEST CORP,1.21
DGLY,3616.20,1.99,Established,Pre-2025,"DIGITAL ALLY, INC.",0.00
ELAB,243.65,5.68,Established,Pre-2025,PMGC Holdings Inc.,0.02
ELC,20.85,20.64,Established,Pre-2025,"ENTERGY LOUISIANA, LLC",0.99
FITB,40.90,47.71,Established,Pre-2025,FIFTH THIRD BANCORP,1.17
FNGD,13.01,5.49,Established,Pre-2025,BANK OF MONTREAL /CAN/,0.42
FOX,46.25,65.96,Established,Pre-2025,Fox Corp,1.43
GOOG,192.38,315.32,Established,Pre-2025,Alphabet Inc.,1.64
JBK,25.00,26.02,Established,Pre-2025,LEHMAN ABS CORP GOLDMAN SACHS CAP 1 SEC BACKED SER 2004-6,1.04
KTH,27.45,28.57,Established,Pre-2025,STRUCTURED PRODUCTS CORP CORTS TR FOR PECO ENERGY CAP TR III,1.04
KTN,24.46,25.64,Established,Pre-2025,STRUCTURED PRODUCTS CORP CRED ENHANCE CORTS TR FOR AON CAP A,1.05
LGHL,138.45,2.40,Established,Pre-2025,Lion Group Holding Ltd,0.02
MRUS,43.16,90.00,Established,Pre-2025,Merus N.V.,2.09
NGEN,2.20,5.88,Established,Pre-2025,NERVGEN PHARMA CORP.,2.67
NRUC,22.36,23.89,Established,Pre-2025,NATIONAL RURAL UTILITIES COOPERATIVE FINANCE CORP /DC/,1.07
NWS,30.31,29.77,Established,Pre-2025,NEWS CORP,0.98
OPTU,2.45,1.72,Established,Pre-2025,"Optimum Communications, Inc.",0.70
OSG,12.33,7.47,Established,Pre-2025,OCTAVE SPECIALTY GROUP INC,0.61
PAVS,128.00,2.02,Established,Pre-2025,Paranovus Entertainment Technology Ltd.,0.02
QH,135.00,1.11,Established,Pre-2025,QUHUO Ltd,0.01
QVCD,10.67,8.50,Established,Pre-2025,QVC INC,0.80
RCIT,2131.64,2189.84,Established,Pre-2025,REELCAUSE INC,1.03
RZB,23.38,24.91,Established,Pre-2025,REINSURANCE GROUP OF AMERICA INC,1.07
SIGY,3.15,1.71,Established,Pre-2025,"Sigyn Therapeutics, Inc.",0.54
SNV,50.33,50.05,Established,Pre-2025,SYNOVUS FINANCIAL CORP,0.99
SOJC,21.23,21.86,Established,Pre-2025,SOUTHERN CO,1.03
TBB,23.06,22.57,Established,Pre-2025,AT&T INC.,0.98
TFC,42.02,49.74,Established,Pre-2025,TRUIST FINANCIAL CORP,1.18
TSM,205.84,319.61,Established,Pre-2025,TAIWAN SEMICONDUCTOR MANUFACTURING CO LTD,1.55
Z,74.64,65.92,Established,Pre-2025,"ZILLOW GROUP, INC.",0.88
AATC,6.51,6.14,Established,Pre-2025,AUTOSCOPE TECHNOLOGIES CORP,0.94
AFGC,19.55,19.15,Established,Pre-2025,AMERICAN FINANCIAL GROUP INC,0.98
AKOM,2.58,2.58,Established,Pre-2025,Aerkomm Inc.,1.00
BCOW,10.00,11.03,Established,Pre-2025,"1895 Bancorp of Wisconsin, Inc. /MD/",1.10
BKSC,12.45,15.77,Established,Pre-2025,BANK OF SOUTH CAROLINA CORP,1.27
CIZN,9.16,7.97,Established,Pre-2025,CITIZENS HOLDING CO /MS/,0.87
CNGL,10.71,9.00,Established,Pre-2025,Canna-Global Acquisition Corp,0.84
CPTP,9.73,14.00,Established,Pre-2025,CAPITAL PROPERTIES INC /RI/,1.44
CULL,9.45,12.50,Established,Pre-2025,"Cullman Bancorp, Inc. /MD/",1.32
CVAC,3.62,4.67,Established,Pre-2025,CureVac N.V.,1.29
CYBN,10.10,8.28,Established,Pre-2025,CYBIN INC.,0.82
DTW,21.28,21.43,Established,Pre-2025,DTE ENERGY CO,1.01
ECCX,23.03,24.95,Established,Pre-2025,Eagle Point Credit Co Inc.,1.08
ENDI,11.43,16.90,Established,Pre-2025,ENDI Corp.,1.48
ENO,22.61,22.47,Established,Pre-2025,"ENTERGY NEW ORLEANS, LLC",0.99
ENTX,2.69,1.77,Established,Pre-2025,Entera Bio Ltd.,0.66
FISK,9.96,6.54,Established,Pre-2025,"Empire State Realty OP, L.P.",0.66
FNCH,11.02,13.49,Established,Pre-2025,"Finch Therapeutics Group, Inc.",1.22
GBNY,15.30,17.95,Established,Pre-2025,"Generations Bancorp NY, Inc.",1.17
GEVI,4.44,7.50,Established,Pre-2025,"General Enterprise Ventures, Inc.",1.69
HCXY,23.67,25.57,Established,Pre-2025,"Hercules Capital, Inc.",1.08
HLTC,8.02,7.16,Established,Pre-2025,"National Healthcare Properties, Inc.",0.89
HRBR,1.05,1.65,Established,Pre-2025,"HARBOR DIVERSIFIED, INC.",1.57
IRRX,10.01,6.50,Established,Pre-2025,INTEGRATED RAIL & RESOURCES ACQUISITION CORP,0.65
JSM,17.42,20.14,Established,Pre-2025,NAVIENT CORP,1.16
LIFX,12.65,25.50,Established,Pre-2025,"Life360, Inc.",2.02
LUCN,4.30,8.97,Established,Pre-2025,"Lucent, Inc.",2.09
MDRX,9.11,4.55,Established,Pre-2025,Veradigm Inc.,0.50
MHLA,14.45,13.00,Established,Pre-2025,"Maiden Holdings, Ltd.",0.90
MRSN,34.75,29.04,Established,Pre-2025,"Mersana Therapeutics, Inc.",0.84
MTMV,1.10,1.10,Established,Pre-2025,Motomova Inc,1.00
OFED,12.34,16.50,Established,Pre-2025,Oconee Federal Financial Corp.,1.34
OGCP,9.89,6.34,Established,Pre-2025,"Empire State Realty OP, L.P.",0.64
OMI,13.06,2.32,Established,Pre-2025,ACCENDRA HEALTH INC/VA/,0.18
PMHG,27.55,56.63,Established,Pre-2025,Prime Meridian Holding Co,2.06
RDIB,8.00,11.25,Established,Pre-2025,READING INTERNATIONAL INC,1.41
RVRF,30.53,40.00,Established,Pre-2025,River Financial Corp,1.31
SFDL,26.96,33.50,Established,Pre-2025,SECURITY FEDERAL CORP,1.24
SINC,120.00,1.51,Established,Pre-2025,Sincerity Applied Materials Holdings Corp.,0.01
SPLP,42.81,43.01,Established,Pre-2025,STEEL PARTNERS HOLDINGS L.P.,1.00
TTSH,7.08,3.65,Established,Pre-2025,"TILE SHOP HOLDINGS, INC.",0.52
TY-P,43.36,44.07,Established,Pre-2025,TRI-CONTINENTAL Corp,1.02
UA,7.50,5.07,Established,Pre-2025,"Under Armour, Inc.",0.68
UNMA,22.88,23.33,Established,Pre-2025,Unum Group,1.02
WBHC,175.00,175.00,Established,Pre-2025,WILSON BANK HOLDING CO,1.00
WLYB,40.79,31.18,Established,Pre-2025,"JOHN WILEY & SONS, INC.",0.76
WOW,4.80,5.20,Established,Pre-2025,"WideOpenWest, Inc.",1.08
AEFC,19.70,19.83,Established,Pre-2025,AEGON LTD.,1.01
AIMI,23.35,1.19,Established,Pre-2025,AIM ImmunoTech Inc.,0.05
AMJB,28.19,30.22,Established,Pre-2025,JPMORGAN CHASE & CO,1.07
ASBA,23.40,24.82,Established,Pre-2025,ASSOCIATED BANC-CORP,1.06
ATMP,27.50,29.04,Established,Pre-2025,BARCLAYS BANK PLC,1.06
C-PN,28.51,30.36,Established,Pre-2025,CITIGROUP INC,1.06
CARV,1.84,1.40,Established,Pre-2025,CARVER BANCORP INC,0.76
CJAX,2.15,3.55,Established,Pre-2025,CoJax Oil & Gas Corp,1.65
CMSC,21.98,22.89,Established,Pre-2025,CMS ENERGY CORP,1.04
CMSD,22.25,23.59,Established,Pre-2025,CMS ENERGY CORP,1.06
DDT,24.02,26.27,Established,Pre-2025,"DILLARD'S, INC.",1.09
DJP,32.00,37.67,Established,Pre-2025,BARCLAYS BANK PLC,1.18
EVTK,2.30,2.00,Established,Pre-2025,EVENTIKO INC.,0.87
FALC,1.36,1.15,Established,Pre-2025,FALCONSTOR SOFTWARE INC,0.85
GBCS,1.25,2.23,Established,Pre-2025,"SELECTIS HEALTH, INC.",1.78
GLBZ,5.75,4.47,Established,Pre-2025,GLEN BURNIE BANCORP,0.78
GRN,29.46,34.56,Established,Pre-2025,BARCLAYS BANK PLC,1.17
JOCM,1.18,1.18,Established,Pre-2025,JOCOM HOLDINGS CORP.,1.00
LUNA,2.05,1.15,Established,Pre-2025,LUNA INNOVATIONS INC,0.56
MGHL,2.19,2.02,Established,Pre-2025,MORGAN GROUP HOLDING CO,0.92
MLMC,2.50,1.50,Established,Pre-2025,"FrankSpeech Network, Inc.",0.60
MOGO,1.31,1.01,Established,Pre-2025,Orion Digital Corp.,0.77
OMCC,6.40,4.20,Established,Pre-2025,OLD MARKET CAPITAL Corp,0.66
OSBK,38.45,46.30,Established,Pre-2025,OCONEE FINANCIAL CORP,1.20
PBBK,15.25,19.81,Established,Pre-2025,"PB Bankshares, Inc.",1.30
PFH,17.86,17.49,Established,Pre-2025,PRUDENTIAL FINANCIAL INC,0.98
PMDI,2.00,1.59,Established,Pre-2025,PSYCHEMEDICS CORP,0.80
PRH,23.87,24.98,Established,Pre-2025,PRUDENTIAL FINANCIAL INC,1.05
PTN,68.50,16.05,Established,Pre-2025,PALATIN TECHNOLOGIES INC,0.23
RBCN,1.65,2.94,Established,Pre-2025,"Rubicon Technology, Inc.",1.78
RMHI,1.07,1.64,Established,Pre-2025,"Retrieve Medical Holdings, Inc.",1.53
SEAC,6.51,3.30,Established,Pre-2025,SEACHANGE INTERNATIONAL INC,0.51
TAIT,2.46,1.20,Established,Pre-2025,TAITRON COMPONENTS INC,0.49
TVC,22.19,24.05,Established,Pre-2025,Tennessee Valley Authority,1.08
TVE,21.89,24.36,Established,Pre-2025,Tennessee Valley Authority,1.11
UBOH,29.12,43.02,Established,Pre-2025,UNITED BANCSHARES INC/OH,1.48
VCNX,1.20,1.13,Established,Pre-2025,"VACCINEX, INC.",0.94
VICP,7.00,1.50,Established,Pre-2025,"Vicapsys Life Sciences, Inc.",0.21
VISL,3.93,1.68,Established,Pre-2025,"Vislink Technologies, Inc.",0.43
VWFB,14.99,11.92,Established,Pre-2025,"VWF Bancorp, Inc.",0.80
WHLM,3.49,3.50,Established,Pre-2025,"Wilhelmina International, Inc.",1.00
WTMA,12.01,11.82,Established,Pre-2025,Evolution Metals & Technologies Corp.,0.98
ZIVO,21.95,9.92,Established,Pre-2025,"Zivo Bioscience, Inc.",0.45
AFGB,21.70,21.71,Established,Pre-2025,AMERICAN FINANCIAL GROUP INC,1.00
AFGD,21.03,20.95,Established,Pre-2025,AMERICAN FINANCIAL GROUP INC,1.00
AFGE,17.47,17.07,Established,Pre-2025,AMERICAN FINANCIAL GROUP INC,0.98
AMUB,17.69,19.04,Established,Pre-2025,UBS AG,1.08
AQNB,23.70,25.58,Established,Pre-2025,ALGONQUIN POWER & UTILITIES CORP.,1.08
BDCX,27.57,24.61,Established,Pre-2025,UBS AG,0.89
BDCZ,17.65,16.93,Established,Pre-2025,UBS AG,0.96
BNH,15.93,16.22,Established,Pre-2025,BROOKFIELD Corp /ON/,1.02
BNJ,15.38,15.21,Established,Pre-2025,BROOKFIELD Corp /ON/,0.99
CEFD,17.13,19.26,Established,Pre-2025,UBS AG,1.12
CTDD,16.22,19.71,Established,Pre-2025,QWEST CORP,1.22
DGP,67.26,162.11,Established,Pre-2025,DEUTSCHE BANK AKTIENGESELLSCHAFT,2.41
DGZ,8.34,5.60,Established,Pre-2025,DEUTSCHE BANK AKTIENGESELLSCHAFT,0.67
DTB,17.73,17.27,Established,Pre-2025,DTE ENERGY CO,0.97
DTG,17.89,17.38,Established,Pre-2025,DTE ENERGY CO,0.97
DZZ,1.63,3.60,Established,Pre-2025,DEUTSCHE BANK AKTIENGESELLSCHAFT,2.21
GLDI,130.17,174.12,Established,Pre-2025,CREDIT SUISSE AG,1.34
HDLB,12.05,15.11,Established,Pre-2025,UBS AG,1.25
IFED,41.07,46.35,Established,Pre-2025,UBS AG,1.13
IWDL,39.05,46.60,Established,Pre-2025,UBS AG,1.19
IWFL,49.68,57.30,Established,Pre-2025,UBS AG,1.15
IWML,22.14,23.85,Established,Pre-2025,UBS AG,1.08
KMPB,21.95,23.45,Established,Pre-2025,KEMPER Corp,1.07
LNWO,85.96,103.05,Established,Pre-2025,"Light & Wonder, Inc.",1.20
MLPB,23.94,25.50,Established,Pre-2025,UBS AG,1.07
MLPR,54.55,59.03,Established,Pre-2025,UBS AG,1.08
MTUL,30.61,38.28,Established,Pre-2025,UBS AG,1.25
MVRL,13.51,15.35,Established,Pre-2025,UBS AG,1.14
PFFL,8.42,8.37,Established,Pre-2025,UBS AG,0.99
PRS,22.44,23.98,Established,Pre-2025,PRUDENTIAL FINANCIAL INC,1.07
QULL,48.84,56.79,Established,Pre-2025,UBS AG,1.16
SCDL,39.17,40.27,Established,Pre-2025,UBS AG,1.03
SLVO,59.73,100.23,Established,Pre-2025,CREDIT SUISSE AG,1.68
SMHB,4.41,4.02,Established,Pre-2025,UBS AG,0.91
SOJD,20.21,20.49,Established,Pre-2025,SOUTHERN CO,1.01
SOJE,18.26,18.00,Established,Pre-2025,SOUTHERN CO,0.99
SONG,157500000.00,1.75,Established,Pre-2025,Music Licensing Inc.,0.00
T-PA,20.49,20.50,Established,Pre-2025,AT&T INC.,1.00
T-PC,19.21,19.37,Established,Pre-2025,AT&T INC.,1.01
UCIB,26.12,27.89,Established,Pre-2025,UBS AG,1.07
USML,38.70,41.46,Established,Pre-2025,UBS AG,1.07
VXX,44.10,26.10,Established,Pre-2025,BARCLAYS BANK PLC,0.59
VXZ,50.04,53.22,Established,Pre-2025,BARCLAYS BANK PLC,1.06
ACGP,34.99,37.54,Established,Pre-2025,"Associated Capital Group, Inc.",1.07
AIZN,19.47,19.63,Established,Pre-2025,"ASSURANT, INC.",1.01
ATHS,23.45,25.08,Established,Pre-2025,Athene Holding Ltd.,1.07
BEPH,15.11,15.45,Established,Pre-2025,Brookfield Renewable Partners L.P.,1.02
BEPI,15.77,16.27,Established,Pre-2025,Brookfield Renewable Partners L.P.,1.03
BEPJ,23.83,25.05,Established,Pre-2025,Brookfield Renewable Partners L.P.,1.05
BERZ,12.64,2.83,Established,Pre-2025,BANK OF MONTREAL /CAN/,0.22
BIPH,16.07,16.45,Established,Pre-2025,Brookfield Infrastructure Partners L.P.,1.02
BIPI,17.16,16.73,Established,Pre-2025,Brookfield Infrastructure Partners L.P.,0.97
BIPJ,22.78,25.07,Established,Pre-2025,Brookfield Infrastructure Partners L.P.,1.10
CIMN,23.09,25.38,Established,Pre-2025,CHIMERA INVESTMENT CORP,1.10
CIMO,23.26,25.40,Established,Pre-2025,CHIMERA INVESTMENT CORP,1.09
CUBB,18.62,22.37,Established,Pre-2025,"Customers Bancorp, Inc.",1.20
DUKB,22.75,24.70,Established,Pre-2025,Duke Energy CORP,1.09
DULL,8.50,1.66,Established,Pre-2025,BANK OF MONTREAL /CAN/,0.20
FCRX,23.28,25.00,Established,Pre-2025,"Crescent Capital BDC, Inc.",1.07
FLYD,15.37,6.08,Established,Pre-2025,BANK OF MONTREAL /CAN/,0.40
FLYU,57.45,56.16,Established,Pre-2025,BANK OF MONTREAL /CAN/,0.98
FNGO,95.97,112.94,Established,Pre-2025,BANK OF MONTREAL /CAN/,1.18
FNGS,58.07,67.02,Established,Pre-2025,BANK OF MONTREAL /CAN/,1.15
GDXD,307.40,8.53,Established,Pre-2025,BANK OF MONTREAL /CAN/,0.03
HTFB,23.33,24.96,Established,Pre-2025,Horizon Technology Finance Corp,1.07
HTFC,22.62,24.87,Established,Pre-2025,Horizon Technology Finance Corp,1.10
KKRS,17.57,17.72,Established,Pre-2025,KKR & Co. Inc.,1.01
MGR,21.18,21.18,Established,Pre-2025,"AFFILIATED MANAGERS GROUP, INC.",1.00
MGRB,17.60,17.16,Established,Pre-2025,"AFFILIATED MANAGERS GROUP, INC.",0.97
MGRD,15.34,15.52,Established,Pre-2025,"AFFILIATED MANAGERS GROUP, INC.",1.01
MGRE,23.35,24.35,Established,Pre-2025,"AFFILIATED MANAGERS GROUP, INC.",1.04
MHNC,15.85,15.80,Established,Pre-2025,"Maiden Holdings, Ltd.",1.00
QVCC,10.58,8.48,Established,Pre-2025,QVC INC,0.80
RZC,24.27,25.50,Established,Pre-2025,REINSURANCE GROUP OF AMERICA INC,1.05
SAJ,23.38,25.57,Established,Pre-2025,SARATOGA INVESTMENT CORP.,1.09
SAT,23.28,24.85,Established,Pre-2025,SARATOGA INVESTMENT CORP.,1.07
SAY,23.41,25.34,Established,Pre-2025,SARATOGA INVESTMENT CORP.,1.08
SAZ,23.39,25.35,Established,Pre-2025,SARATOGA INVESTMENT CORP.,1.08
SREA,21.97,22.36,Established,Pre-2025,SEMPRA,1.02
USOI,52.65,47.25,Established,Pre-2025,CREDIT SUISSE AG,0.90
UZD,22.06,20.29,Established,Pre-2025,"ARRAY DIGITAL INFRASTRUCTURE, INC.",0.92
UZE,20.98,18.09,Established,Pre-2025,"ARRAY DIGITAL INFRASTRUCTURE, INC.",0.86
UZF,21.14,17.90,Established,Pre-2025,"ARRAY DIGITAL INFRASTRUCTURE, INC.",0.85
ABXL,28.62,25.50,Established,Pre-2025,"Abacus Global Management, Inc.",0.89
ANKM,5.01,6.00,Established,Pre-2025,"Ankam, Inc.",1.20
AOMN,25.47,25.69,Established,Pre-2025,"Angel Oak Mortgage REIT, Inc.",1.01
APOS,24.97,26.37,Established,Pre-2025,"Apollo Global Management, Inc.",1.06
BAKR,6.00,5.50,Established,Pre-2025,Baker Global Asset Management Inc.,0.92
BULZ,169.84,259.13,Established,Pre-2025,BANK OF MONTREAL /CAN/,1.53
BWNB,19.04,24.42,Established,Pre-2025,"Babcock & Wilcox Enterprises, Inc.",1.28
CARD,6.67,2.73,Established,Pre-2025,BANK OF MONTREAL /CAN/,0.41
CARU,29.24,30.54,Established,Pre-2025,BANK OF MONTREAL /CAN/,1.04
CICB,23.33,25.30,Established,Pre-2025,CION Investment Corp,1.08
CRBD,23.72,23.61,Established,Pre-2025,"Corebridge Financial, Inc.",1.00
ECCC,21.28,24.61,Established,Pre-2025,Eagle Point Credit Co Inc.,1.16
ECCF,23.03,25.04,Established,Pre-2025,Eagle Point Credit Co Inc.,1.09
ECCU,22.97,25.20,Established,Pre-2025,Eagle Point Credit Co Inc.,1.10
ECCV,21.43,23.73,Established,Pre-2025,Eagle Point Credit Co Inc.,1.11
ECCW,21.95,24.64,Established,Pre-2025,Eagle Point Credit Co Inc.,1.12
EICA,22.62,24.67,Established,Pre-2025,Eagle Point Income Co Inc.,1.09
EICC,23.22,25.22,Established,Pre-2025,Eagle Point Income Co Inc.,1.09
ELPC,5.02,8.92,Established,Pre-2025,ENERGY CO OF PARANA,1.78
FGN,24.59,25.66,Established,Pre-2025,"F&G Annuities & Life, Inc.",1.04
FIGP,10.00,16.75,Established,Pre-2025,"Forge Group, Inc.",1.68
FRBP,9.31,8.64,Established,Pre-2025,Franklin BSP Capital Corp,0.93
GDXU,29.79,242.06,Established,Pre-2025,BANK OF MONTREAL /CAN/,8.13
GLTK,1.99,1.99,Established,Pre-2025,GlobalTech Corp,1.00
GSCE,35.50,24.92,Established,Pre-2025,GOLDMAN SACHS GROUP INC,0.70
GSTK,1.10,3.00,Established,Pre-2025,Growth Stalk Holdings Corp,2.73
ICRP,7.45,7.30,Established,Pre-2025,"InPoint Commercial Real Estate Income, Inc.",0.98
JETD,12.45,4.59,Established,Pre-2025,BANK OF MONTREAL /CAN/,0.37
JETU,27.65,31.09,Established,Pre-2025,BANK OF MONTREAL /CAN/,1.12
KMFG,3.50,1.05,Established,Pre-2025,KEEMO Fashion Group Ltd,0.30
KUST,3600.00,1.98,Established,Pre-2025,Clover Leaf Capital Corp.,0.00
MACT,6.20,7.50,Established,Pre-2025,"MachTen, Inc.",1.21
MFAN,23.22,25.30,Established,Pre-2025,"MFA FINANCIAL, INC.",1.09
OILD,16.43,9.54,Established,Pre-2025,BANK OF MONTREAL /CAN/,0.58
OILU,29.26,24.48,Established,Pre-2025,BANK OF MONTREAL /CAN/,0.84
PDPA,23.10,25.20,Established,Pre-2025,Pearl Diver Credit Co Inc.,1.09
SHNY,42.08,132.64,Established,Pre-2025,BANK OF MONTREAL /CAN/,3.15
SPMA,23.00,25.16,Established,Pre-2025,"Sound Point Meridian Capital, Inc.",1.09
WLSS,1.26,2.40,Established,Pre-2025,Welsis Corp.,1.90
WTID,19.65,11.01,Established,Pre-2025,BANK OF MONTREAL /CAN/,0.56
WTIU,12.06,10.00,Established,Pre-2025,BANK OF MONTREAL /CAN/,0.83
MFAO,23.25,25.49,Established,Pre-2025,"MFA FINANCIAL, INC.",1.10
OZVN,1.49,1.10,Established,Pre-2025,OZ VISION INC.,0.74
RCB,23.27,24.55,Established,Pre-2025,Ready Capital Corp,1.06
RCC,23.17,25.10,Established,Pre-2025,Ready Capital Corp,1.08
RCD,23.40,21.21,Established,Pre-2025,Ready Capital Corp,0.91
SCCD,20.27,24.16,Established,Pre-2025,Sachem Capital Corp.,1.19
SCCE,19.20,23.20,Established,Pre-2025,Sachem Capital Corp.,1.21
SCCF,19.05,23.31,Established,Pre-2025,Sachem Capital Corp.,1.22
SCCG,18.79,23.52,Established,Pre-2025,Sachem Capital Corp.,1.25
AEBI,11.13,12.80,IPO,2025-07-02,Aebi Schmidt Holding AG,1.15
AERO,20.35,22.15,IPO,2025-11-06,"Grupo Aeromexico, S.A.B. de C.V.",1.09
AEXA,10.61,11.32,IPO,2025-09-26,American Exceptionalism Acquisition Corp. A,1.07
AII,16.90,20.65,IPO,2025-05-08,"American Integrity Insurance Group, Inc.",1.22
ANTA,12.80,9.11,IPO,2025-05-13,Antalpha Platform Holding Co,0.71
BLUW,9.98,10.31,IPO,2025-07-31,Blue Water Acquisition Corp. III,1.03
BMNR,7.75,27.72,IPO,2025-06-05,"BITMINE IMMERSION TECHNOLOGIES, INC.",3.58
BSAA,10.01,10.13,IPO,2025-08-07,BEST SPAC I Acquisition Corp.,1.01
CCII,10.14,10.26,IPO,2025-08-22,Cohen Circle Acquisition Corp. II,1.01
CEPT,11.08,11.20,IPO,2025-05-02,"Cantor Equity Partners II, Inc.",1.01
CGCT,10.01,10.27,IPO,2025-06-24,Cartesian Growth Corp III,1.03
CHYM,37.11,26.33,IPO,2025-06-12,"Chime Financial, Inc.",0.71
CITR,7.85,7.91,IPO,2025-12-04,"General Enterprise Ventures, Inc.",1.01
COLA,9.96,10.35,IPO,2025-03-17,Columbus Acquisition Corp/Cayman Islands,1.04
COSO,20.90,23.14,IPO,2025-05-08,"CoastalSouth Bancshares, Inc.",1.11
DFPH,1.00,2.01,IPO,2025-03-03,"Oncology Institute, Inc.",2.01
DXST,4.06,1.24,IPO,2025-01-22,Decent Holding Inc.,0.31
ETOR,52.00,35.54,IPO,2025-05-13,eToro Group Ltd.,0.68
EVAC,9.95,10.03,IPO,2025-08-22,EQV Ventures Acquisition Corp. II,1.01
FLOC,29.29,18.78,IPO,2025-01-16,Flowco Holdings Inc.,0.64
GBUG,19.95,44.01,IPO,2025-02-20,BARCLAYS BANK PLC,2.21
GLOO,8.00,5.65,IPO,2025-11-18,"Gloo Holdings, Inc.",0.71
GRAN,4.60,4.45,IPO,2025-07-01,Grande Group Ltd/HK,0.97
KRMN,30.05,74.62,IPO,2025-02-13,Karman Holdings Inc.,2.48
LBRX,17.30,21.50,IPO,2025-09-11,LB PHARMACEUTICALS INC,1.24
LWAC,9.99,10.03,IPO,2025-08-15,LightWave Acquisition Corp.,1.00
MB,4.10,7.13,IPO,2025-04-10,MASTERBEEF GROUP,1.74
MDLN,41.00,41.92,IPO,2025-12-17,Medline Inc.,1.02
MGN,4.85,1.60,IPO,2025-09-26,Megan Holdings Ltd.,0.33
MH,17.00,16.49,IPO,2025-07-24,"McGraw Hill, Inc.",0.97
MPLT,18.34,17.93,IPO,2025-10-27,"MapLight Therapeutics, Inc.",0.98
NIQ,19.01,16.33,IPO,2025-07-23,NIQ Global Intelligence plc,0.86
NTSK,22.49,17.93,IPO,2025-09-18,Netskope Inc,0.80
OBA,9.96,10.02,IPO,2025-08-15,Oxley Bridge Acquisition Ltd,1.01
ONCH,10.22,10.19,IPO,2025-09-12,1RT Acquisition Corp.,1.00
OTGA,10.03,10.00,IPO,2025-11-03,OTG Acquisition Corp. I,1.00
PACH,9.97,10.06,IPO,2025-08-15,Pioneer Acquisition I Corp,1.01
PCAP,10.44,10.15,IPO,2025-07-11,ProCap Acquisition Corp,0.97
PLMK,9.97,10.46,IPO,2025-01-31,"Plum Acquisition Corp, IV",1.05
PXED,38.15,29.75,IPO,2025-10-09,"Phoenix Education Partners, Inc.",0.78
QSEA,10.00,10.23,IPO,2025-05-12,Quartzsea Acquisition Corp,1.02
RCT,4.50,1.50,IPO,2025-03-21,RedCloud Holdings plc,0.33
SORA,3.83,2.99,IPO,2025-04-02,AsiaStrategy,0.78
SVCC,9.95,10.38,IPO,2025-03-24,Stellar V Capital Corp. (Cayman Islands),1.04
TROW,107.72,103.64,IPO,2025-01-02,PRICE T ROWE GROUP INC,0.96
TTAM,16.57,16.60,IPO,2025-02-07,Titan America SA,1.00
UYSC,9.99,10.24,IPO,2025-05-27,UY Scuti Acquisition Corp.,1.03
VRM,31.00,19.73,IPO,2025-02-20,"Vroom, Inc.",0.64
XRPN,10.04,10.22,IPO,2025-06-24,Armada Acquisition Corp. II,1.02
YCY,9.93,9.96,IPO,2025-10-29,AA Mission Acquisition Corp. II,1.00
ALMP,2.00,2.75,IPO,2025-07-25,Almco Plumbing Inc,1.38
ANDG,23.50,25.64,IPO,2025-12-17,Andersen Group Inc.,1.09
ARX,26.50,16.41,IPO,2025-07-24,Accelerant Holdings,0.62
BDCI,10.15,10.02,IPO,2025-10-16,BTC Development Corp.,0.99
BGIN,4.96,2.59,IPO,2025-10-21,BGIN BLOCKCHAIN Ltd,0.52
BNKD,26.79,9.98,IPO,2025-02-20,BANK OF MONTREAL /CAN/,0.37
BUUU,4.00,8.97,IPO,2025-08-14,BUUU Group Ltd,2.24
CBC,23.57,23.86,IPO,2025-11-21,"Central Bancompany, Inc.",1.01
CEFZ,7.61,8.17,IPO,2025-08-04,UBS AG,1.07
CEPF,10.12,10.29,IPO,2025-08-21,"Cantor Equity Partners IV, Inc.",1.02
CHA,30.39,11.68,IPO,2025-04-17,Chagee Holdings Ltd.,0.38
CJMB,4.10,1.16,IPO,2025-02-05,CALLAN JMB INC.,0.28
CV,3.50,12.39,IPO,2025-07-02,"CapsoVision, Inc",3.54
CYCU,98.72,2.82,IPO,2025-02-18,"Cycurion, Inc.",0.03
DRDB,9.91,10.46,IPO,2025-02-03,Roman DBDR Acquisition Corp. II,1.06
EGG,6.53,4.68,IPO,2025-06-18,ENIGMATIG LTD,0.72
FJET,8.50,13.15,IPO,2025-12-18,"Starfighters Space, Inc.",1.55
IGAC,9.89,9.84,IPO,2025-12-22,Invest Green Acquisition Corp,0.99
JBS,13.87,14.49,IPO,2025-06-13,JBS N.V.,1.04
KLAR,42.74,29.05,IPO,2025-09-11,Klarna Group plc,0.68
LAFA,9.90,9.92,IPO,2025-11-26,LaFayette Acquisition Corp.,1.00
LCCC,10.00,10.21,IPO,2025-06-23,Lakeshore Acquisition III Corp.,1.02
LHAI,5.63,8.10,IPO,2025-07-24,Linkhome Holdings Inc.,1.44
LUD,4.00,6.73,IPO,2025-02-27,Luda Technology Group Ltd,1.68
MCGA,10.77,10.13,IPO,2025-07-25,Yorkville Acquisition Corp.,0.94
NMAX,83.51,7.79,IPO,2025-03-31,Newsmax Inc.,0.09
NOEM,9.82,10.31,IPO,2025-01-16,CO2 Energy Transition Corp.,1.05
NPT,4.91,5.36,IPO,2025-10-22,Texxon Holding Ltd,1.09
PTRN,15.63,11.84,IPO,2025-09-19,Pattern Group Inc.,0.76
PVOZ,90.00,87.00,IPO,2025-12-09,Park View OZ REIT Inc,0.97
QUMS,9.96,10.00,IPO,2025-09-30,Quantumsphere Acquisition Corp,1.00
RAAQ,10.05,10.22,IPO,2025-06-02,Real Asset Acquisition Corp.,1.02
RTAC,11.36,10.64,IPO,2025-06-09,Renatus Tactical Acquisition Corp I,0.94
SFD,18.88,22.29,IPO,2025-01-28,SMITHFIELD FOODS INC,1.18
SI,15.05,15.15,IPO,2025-07-31,"SHOULDER INNOVATIONS, INC.",1.01
SKBL,8.59,3.00,IPO,2025-02-20,Skyline Builders Group Holding Ltd,0.35
SLGB,5.28,1.06,IPO,2025-10-15,Smart Logistics Global Ltd,0.20
SMJF,4.51,4.81,IPO,2025-12-04,SMJ International Holdings Inc.,1.07
SNDK,36.00,240.22,IPO,2025-02-13,Sandisk Corp,6.67
SVAC,10.10,10.15,IPO,2025-09-30,Spring Valley Acquisition Corp. III,1.00
TACH,10.01,10.23,IPO,2025-06-02,Titan Acquisition Corp.,1.02
TCGL,4.93,5.32,IPO,2025-10-15,TechCreate Group Ltd.,1.08
TIC,12.00,10.07,IPO,2025-02-18,"TIC Solutions, Inc.",0.84
VNME,9.93,10.03,IPO,2025-08-22,Vendome Acquisition Corp I,1.01
VSNT,45.65,46.93,IPO,2025-12-15,"Versant Media Group, Inc.",1.03
WBI,22.83,20.23,IPO,2025-09-17,WaterBridge Infrastructure LLC,0.89
WTG,10.02,10.19,IPO,2025-07-21,Wintergreen Acquisition Corp.,1.02
YDES,13.36,11.97,IPO,2025-08-26,YD Bio Ltd,0.90
YMT,2.80,1.41,IPO,2025-08-19,Yimutian Inc.,0.50
ZYBT,4.86,1.13,IPO,2025-01-07,Zhengye Biotechnology Holding Ltd,0.23
AAPL,242.75,273.08,IPO,2025-01-02,Apple Inc.,1.12
AIIA,9.93,9.94,IPO,2025-11-24,AI Infrastructure Acquisition Corp.,1.00
ALH,24.82,21.06,IPO,2025-10-09,Alliance Laundry Holdings Inc.,0.85
APAD,9.90,10.04,IPO,2025-08-27,AParadise Acquisition Corp.,1.01
APXT,9.92,9.89,IPO,2025-11-17,Apex Treasury Corp,1.00
BCAR,9.92,10.04,IPO,2025-08-20,D. Boral ARC Acquisition I Corp.,1.01
BGL,20.11,1.93,IPO,2025-06-26,Blue Gold Ltd,0.10
BLLN,108.94,85.09,IPO,2025-11-06,"BillionToOne, Inc.",0.78
BMHL,4.00,3.50,IPO,2025-07-11,Bluemount Holdings Ltd,0.88
BRBI,22.83,14.05,IPO,2025-09-19,BRBI BR Partners S.A.,0.62
CAEP,10.50,10.20,IPO,2025-06-26,"Cantor Equity Partners III, Inc.",0.97
CAI,28.00,27.32,IPO,2025-06-18,"Caris Life Sciences, Inc.",0.98
CARL,14.50,13.31,IPO,2025-07-23,"CARLSMED, INC.",0.92
CCCX,10.22,15.76,IPO,2025-07-07,Churchill Capital Corp X/Cayman,1.54
DMII,9.88,9.91,IPO,2025-12-03,Drugs Made In America Acquisition II Corp.,1.00
DYOR,9.96,9.91,IPO,2025-11-18,Insight Digital Partners II,0.99
EDRY,11.35,13.05,IPO,2025-01-02,EuroDry Ltd.,1.15
EHLD,16.56,6.75,IPO,2025-03-07,Euroholdings Ltd.,0.41
EMIS,9.95,9.95,IPO,2025-10-22,Emmis Acquisition Corp.,1.00
EVOX,9.89,9.88,IPO,2025-12-03,Evolution Global Acquisition Corp,1.00
FATN,13.00,2.39,IPO,2025-04-08,Fatpipe Inc/UT,0.18
FLY,60.35,22.72,IPO,2025-08-07,Firefly Aerospace Inc.,0.38
FOFO,12.35,9.93,IPO,2025-09-12,"Hang Feng Technology Innovation Co., Ltd.",0.80
GTEN,10.26,10.25,IPO,2025-06-23,"Gores Holdings X, Inc. / CI",1.00
HAVA,9.88,9.91,IPO,2025-12-15,Harvard Ave Acquisition Corp,1.00
HBNB,10.89,7.45,IPO,2025-06-03,Hotel101 Global Holdings Corp.,0.68
INR,21.07,15.20,IPO,2025-01-31,"INFINITY NATURAL RESOURCES, INC.",0.72
IOTR,35.50,2.47,IPO,2025-04-10,iOThree Ltd,0.07
IPEX,9.87,10.28,IPO,2025-03-07,Inflection Point Acquisition Corp. V,1.04
JMG,5.60,5.91,IPO,2025-12-10,JM Group Ltd,1.06
LKSP,9.93,9.92,IPO,2025-11-06,Lake Superior Acquisition Corp,1.00
MBVI,10.09,10.01,IPO,2025-10-17,M3-Brigade Acquisition VI Corp.,0.99
MCRP,3.55,1.28,IPO,2025-03-07,Micropolis Holding Co,0.36
NKLR,12.32,4.70,IPO,2025-10-06,Terra Innovatum Global N.V.,0.38
OYSE,9.96,10.11,IPO,2025-07-11,Oyster Enterprises II Acquisition Corp,1.02
PAII,9.93,10.07,IPO,2025-09-11,Pyrophyte Acquisition Corp. II,1.01
PHOE,3.65,15.98,IPO,2025-04-25,Phoenix Asia Holdings Ltd,4.38
PLBL,10.73,11.00,IPO,2025-08-08,Polibeli Group Ltd,1.03
Q,95.23,84.01,IPO,2025-10-27,"Qnity Electronics, Inc.",0.88
RAL,47.40,51.22,IPO,2025-06-25,Ralliant Corp,1.08
SEV,8.00,4.85,IPO,2025-10-16,Aptera Motors Corp,0.61
SNTL,5.30,6.16,IPO,2025-04-07,Sentinel Holdings Ltd.,1.16
SOMN,50.05,49.88,IPO,2025-11-04,SOUTHERN CO,1.00
SUNC,49.74,49.42,IPO,2025-11-06,SunocoCorp LLC,0.99
TCPA,24.68,24.49,IPO,2025-10-15,TRANSCANADA PIPELINES LTD,0.99
TGE,10.04,1.09,IPO,2025-06-05,Generation Essentials Group,0.11
THH,24.19,18.95,IPO,2025-08-27,TryHard Holdings Ltd,0.78
TVAI,9.97,10.12,IPO,2025-07-02,Thayer Ventures Acquisition Corp II,1.02
VWAV,3.27,9.50,IPO,2025-07-15,"VisionWave Holdings, Inc.",2.91
WSHP,30.21,95.25,IPO,2025-11-14,WeShop Holdings Ltd,3.15
AGH,3.88,3.07,IPO,2025-02-12,Aureus Greenway Holdings Inc,0.79
AHL,32.50,37.04,IPO,2025-05-08,ASPEN INSURANCE HOLDINGS LTD,1.14
AOMD,24.03,25.27,IPO,2025-05-27,"Angel Oak Mortgage REIT, Inc.",1.05
APUS,2.20,1.64,IPO,2025-05-09,"Apimeds Pharmaceuticals US, Inc.",0.75
ATHR,5.75,6.26,IPO,2025-04-10,"Aether Holdings, Inc.",1.09
AVBC,14.64,17.03,IPO,2025-08-01,"Avidia Bancorp, Inc.",1.16
BCSS,10.08,10.08,IPO,2025-11-20,Bain Capital GSS Investment Corp.,1.00
BLIV,3.54,3.48,IPO,2025-04-04,BeLive Holdings,0.98
BLSH,68.00,39.32,IPO,2025-08-13,Bullish,0.58
BLZR,10.15,10.04,IPO,2025-11-03,Trailblazer Acquisition Corp.,0.99
BRCB,27.53,22.97,IPO,2025-09-12,"Black Rock Coffee Bar, Inc.",0.83
CHTH,3.31,5.21,IPO,2025-08-25,"CNL Healthcare Properties, Inc.",1.57
DAAQ,10.40,10.16,IPO,2025-06-02,Digital Asset Acquisition Corp.,0.98
DMAA,9.96,10.37,IPO,2025-02-25,Drugs Made In America Acquisition Corp.,1.04
DTK,25.22,24.94,IPO,2025-09-22,DTE ENERGY CO,0.99
EFTY,4.88,15.02,IPO,2025-08-08,"ETOILES CAPITAL GROUP CO., LTD",3.08
FCRS,10.24,10.10,IPO,2025-11-17,FutureCrest Acquisition Corp.,0.99
FGMC,9.65,10.03,IPO,2025-02-11,FG Merger II Corp.,1.04
FIGR,31.11,41.68,IPO,2025-09-11,"Figure Technology Solutions, Inc.",1.34
FRMI,32.53,8.09,IPO,2025-10-01,Fermi Inc.,0.25
GLXY,22.80,22.78,IPO,2025-05-16,Galaxy Digital Inc.,1.00
HCHL,5.00,3.93,IPO,2025-06-24,Happy City Holdings Ltd,0.79
JENA,10.10,10.17,IPO,2025-07-22,JENA ACQUISITION Corp II,1.01
KNRX,3.20,1.45,IPO,2025-09-29,KNOREX LTD.,0.45
MGTE,3.50,2.22,IPO,2025-04-10,Marblegate Capital Corp,0.63
MICC,14.92,15.90,IPO,2025-12-08,Magnum Ice Cream Co N.V.,1.07
MLAC,9.95,10.40,IPO,2025-02-03,Mountain Lake Acquisition Corp.,1.05
MMTX,9.89,9.90,IPO,2025-12-15,Miluna Acquisition Corp,1.00
NOMA,11.50,4.43,IPO,2025-11-03,Nomadar Corp.,0.39
NPAC,10.40,10.27,IPO,2025-06-16,New Providence Acquisition Corp. III/Cayman,0.99
NPB,14.52,16.93,IPO,2025-02-18,NORTHPOINTE BANCSHARES INC,1.17
NTHI,12.11,8.21,IPO,2025-03-26,"NEONC TECHNOLOGIES HOLDINGS, INC.",0.68
OTH,3.80,2.20,IPO,2025-11-13,OFF THE HOOK YS INC.,0.58
PGAC,9.91,10.36,IPO,2025-01-28,PANTAGES CAPITAL ACQUSITION Corp,1.05
PLUT,4.00,3.31,IPO,2025-02-05,Plutus Financial Group Ltd,0.83
RGNT,7.50,6.85,IPO,2025-12-04,REGENTIS BIOMATERIALS LTD.,0.91
RHLD,35.89,206.81,IPO,2025-02-24,"Resolute Holdings Management, Inc.",5.76
RNGT,10.00,9.98,IPO,2025-11-24,Range Capital Acquisition Corp II,1.00
SBMW,11.40,14.50,IPO,2025-08-01,"Security Midwest Bancorp, Inc.",1.27
SCAG,15.01,2.02,IPO,2025-06-27,Scage Future,0.13
SHAZ,95.00,92.50,IPO,2025-12-18,"SharonAI Holdings, Inc.",0.97
STRC,90.48,98.98,IPO,2025-07-30,Strategy Inc,1.09
STRF,86.56,103.44,IPO,2025-03-26,Strategy Inc,1.20
TAPR,24.31,25.90,IPO,2025-04-01,BARCLAYS BANK PLC,1.07
TWOD,25.14,25.89,IPO,2025-05-16,TWO HARBORS INVESTMENT CORP.,1.03
VG,23.83,7.01,IPO,2025-01-24,"Venture Global, Inc.",0.29
WW,27.00,29.21,IPO,2025-06-27,"WW INTERNATIONAL, INC.",1.08
XZO,21.01,23.89,IPO,2025-11-05,"Exzeo Group, Inc.",1.14
YOUL,5.00,1.41,IPO,2025-07-10,Youlife Group Inc.,0.28
ZGM,3.69,2.08,IPO,2025-09-09,Zenta Group Co Ltd,0.56
AAPG,17.38,26.07,IPO,2025-01-24,ASCENTAGE PHARMA GROUP INTERNATIONAL,1.50
AARD,14.31,13.23,IPO,2025-02-13,"Aardvark Therapeutics, Inc.",0.92
AIRO,24.00,8.15,IPO,2025-06-13,"AIRO Group Holdings, Inc.",0.34
ANGX,13.00,4.67,IPO,2025-09-11,"Angel Studios, Inc.",0.36
APAC,9.91,9.93,IPO,2025-11-21,StoneBridge Acquisition II Corp,1.00
AUGO,23.97,50.84,IPO,2025-07-16,Aura Minerals Inc.,2.12
BGSI,157.90,160.35,IPO,2025-11-03,Boyd Group Services Inc.,1.02
BNKU,23.21,34.64,IPO,2025-02-20,BANK OF MONTREAL /CAN/,1.49
CEPV,10.30,10.27,IPO,2025-11-04,"Cantor Equity Partners V, Inc.",1.00
CTW,4.44,1.75,IPO,2025-08-06,CTW Cayman,0.39
DXF,29.00,2.00,IPO,2025-01-24,Eason Technology Ltd,0.07
EGHA,10.00,10.12,IPO,2025-06-30,EGH Acquisition Corp.,1.01
ELOG,2.96,1.33,IPO,2025-08-28,Eastern International Ltd.,0.45
ELVR,22.82,53.48,IPO,2025-09-02,Elevra Lithium Ltd,2.34
EPSM,4.82,2.14,IPO,2025-03-26,Epsium Enterprise Ltd,0.44
EVMN,20.23,17.52,IPO,2025-11-06,"Evommune, Inc.",0.87
HCMA,10.07,10.07,IPO,2025-09-22,HCM III ACQUISITION CORP.,1.00
HNGE,37.56,46.23,IPO,2025-05-22,"Hinge Health, Inc.",1.23
HSPT,10.02,10.55,IPO,2025-02-05,Horizon Space Acquisition II Corp.,1.05
JCAP,18.10,22.72,IPO,2025-06-26,"Jefferson Capital, Inc. / DE",1.26
KCHV,10.02,10.15,IPO,2025-07-21,Kochav Defense Acquisition Corp.,1.01
LMRI,18.52,18.30,IPO,2025-12-11,"Lumexa Imaging Holdings, Inc.",0.99
LZMH,5.00,1.39,IPO,2025-02-27,LZ Technology Holdings Ltd,0.28
MFBI,13.10,10.82,IPO,2025-01-06,"Monroe Federal Bancorp, Inc.",0.83
MGNC,2.05,1.58,IPO,2025-08-14,Mag Magna Corp,0.77
MGNO,11.12,11.85,IPO,2025-01-15,"Magnolia Bancorp, Inc.",1.07
MNTN,26.36,11.88,IPO,2025-05-22,"MNTN, Inc.",0.45
MSGY,4.27,2.68,IPO,2025-07-08,Masonglory Ltd,0.63
NFTN,4.50,6.00,IPO,2025-02-13,NFiniTi inc.,1.33
NRGU,26.12,17.89,IPO,2025-02-20,BANK OF MONTREAL /CAN/,0.68
NSRX,8.25,7.79,IPO,2025-08-13,Nasus Pharma Ltd,0.94
NUTR,3.91,9.00,IPO,2025-08-15,NUSATRIP Inc,2.30
PELI,9.97,10.14,IPO,2025-06-12,Pelican Acquisition Corp,1.02
PFAI,4.00,2.02,IPO,2025-04-21,Pinnacle Food Group Ltd,0.51
PLTS,7.13,17.50,IPO,2025-09-19,Platinum Analytics Cayman Ltd,2.45
POAS,3.85,3.55,IPO,2025-11-13,Phaos Technology (Cayman) Holdings Ltd,0.92
PURR,3.90,3.37,IPO,2025-12-03,Hyperliquid Strategies Inc,0.86
RAC,9.89,10.36,IPO,2025-04-21,Rithm Acquisition Corp.,1.05
RYOJ,2.90,3.19,IPO,2025-08-14,"rYojbaba Co., Ltd.",1.10
SAGT,3.60,2.08,IPO,2025-03-07,SAGTEC GLOBAL Ltd,0.58
SATA,86.00,93.98,IPO,2025-11-06,"Strive, Inc.",1.09
SION,25.00,41.39,IPO,2025-02-07,"Sionna Therapeutics, Inc.",1.66
STRZ,11.20,11.61,IPO,2025-05-07,STARZ ENTERTAINMENT CORP /CN/,1.04
TTRX,7.00,3.71,IPO,2025-10-08,Turn Therapeutics Inc.,0.53
TVA,9.99,10.59,IPO,2025-05-16,Texas Ventures Acquisition III Corp,1.06
VACI,9.93,10.07,IPO,2025-11-20,Viking Acquisition Corp I,1.01
WENN,10.29,10.10,IPO,2025-07-07,WEN Acquisition Corp,0.98
WSBK,9.30,10.30,IPO,2025-05-02,"Winchester Bancorp, Inc./MD/",1.11
YDDL,5.42,5.28,IPO,2025-10-09,One & one Green Technologies. INC,0.97
AACB,9.88,10.30,IPO,2025-04-07,Artius II Acquisition Inc.,1.04
AGCC,6.05,10.00,IPO,2025-10-22,Agencia Comercial Spirits Ltd.,1.65
AMRZ,51.99,54.96,IPO,2025-06-23,Amrize Ltd,1.06
ANPA,3.52,23.60,IPO,2025-07-08,Rich Sparkle Holdings Ltd,6.70
ASIC,24.68,21.37,IPO,2025-06-11,Ategrity Specialty Insurance Co Holdings,0.87
BACC,9.95,10.22,IPO,2025-08-04,Blue Acquisition Corp/Cayman,1.03
BIXI,9.86,9.85,IPO,2025-12-19,Bitcoin Infrastructure Acquisition Corp Ltd,1.00
CRAC,9.90,9.94,IPO,2025-12-09,Crown Reserve Acquisition Corp. I,1.00
DUOL,325.88,177.14,IPO,2025-01-02,"Duolingo, Inc.",0.54
ELWT,7.20,4.74,IPO,2025-11-05,"Elauwit Connection, Inc.",0.66
EWSB,10.54,9.04,IPO,2025-01-22,"EWSB Bancorp, Inc. /MD/",0.86
FIG,115.50,37.63,IPO,2025-07-31,"Figma, Inc.",0.33
FIGX,9.95,10.06,IPO,2025-08-18,FIGX Capital Acquisition Corp.,1.01
GSRF,10.09,10.00,IPO,2025-10-20,GSR IV Acquisition Corp.,0.99
HVMC,9.95,10.03,IPO,2025-10-03,Highview Merger Corp.,1.01
HYNE,14.00,14.39,IPO,2025-12-04,"Hoyne Bancorp, Inc.",1.03
INAC,9.92,10.05,IPO,2025-07-30,Indigo Acquisition Corp.,1.01
IPCX,10.31,10.14,IPO,2025-06-16,Inflection Point Acquisition Corp. III,0.98
IPOD,10.03,10.22,IPO,2025-06-12,Dune Acquisition Corp II,1.02
KFII,9.93,10.34,IPO,2025-03-13,K&F GROWTH ACQUISITION CORP. II,1.04
KKRT,24.73,25.75,IPO,2025-05-30,KKR & Co. Inc.,1.04
KMRK,4.95,1.27,IPO,2025-07-16,K-TECH SOLUTIONS CO LTD,0.26
KOYN,9.94,9.94,IPO,2025-09-19,"CSLM Digital Asset Acquisition Corp III, Ltd",1.00
LATA,10.11,9.96,IPO,2025-11-10,Galata Acquisition Corp. II,0.99
LOKV,9.93,10.32,IPO,2025-04-21,Live Oak Acquisition Corp. V,1.04
MAZE,15.95,40.05,IPO,2025-01-31,"Maze Therapeutics, Inc.",2.51
MENS,10.11,4.22,IPO,2025-06-17,Jyong Biotech Ltd.,0.42
MRP,20.11,29.27,IPO,2025-02-05,"Millrose Properties, Inc.",1.46
NAVN,20.00,17.39,IPO,2025-10-30,"Navan, Inc.",0.87
NNNN,5.77,29.99,IPO,2025-02-19,Anbio Biotechnology,5.20
OTF,15.30,14.31,IPO,2025-06-12,Blue Owl Technology Finance Corp.,0.94
OWLS,55.55,6.07,IPO,2025-10-16,OBOOK HOLDINGS INC.,0.11
PARK,10.25,12.41,IPO,2025-12-03,"Park Dental Partners, Inc.",1.21
PTNM,3.80,10.39,IPO,2025-05-30,Pitanium Ltd,2.73
RTEZ,70.00,70.00,IPO,2025-06-02,REST EZ Inc.,1.00
RYET,4.51,1.21,IPO,2025-04-08,Ruanyun Edai Technology Inc.,0.27
SDHI,10.06,10.28,IPO,2025-06-04,Siddhi Acquisition Corp (Cayman Islands),1.02
SDM,6.11,1.85,IPO,2025-05-02,Smart Digital Group Ltd,0.30
SLDE,20.25,19.55,IPO,2025-06-18,"Slide Insurance Holdings, Inc.",0.97
SOJF,23.88,25.38,IPO,2025-01-16,SOUTHERN CO,1.06
SPEG,9.95,10.07,IPO,2025-09-09,Silver Pegasus Acquisition Corp.,1.01
SPME,24.15,25.21,IPO,2025-07-15,"Sound Point Meridian Capital, Inc.",1.04
SZZL,9.91,10.16,IPO,2025-05-23,Sizzle Acquisition Corp. II,1.03
TDWD,9.86,9.86,IPO,2025-12-08,Tailwind 2.0 Acquisition Corp.,1.00
TLNC,9.90,10.11,IPO,2025-10-08,Talon Capital Corp.,1.02
VIA,49.51,29.48,IPO,2025-09-12,"Via Transportation, Inc.",0.60
WLTH,13.95,13.58,IPO,2025-12-15,WEALTHFRONT CORP,0.97
WOLF,22.10,17.12,IPO,2025-09-29,"WOLFSPEED, INC.",0.77
WTF,19.85,3.28,IPO,2025-04-01,Waton Financial Ltd,0.17
AHMA,4.65,5.48,IPO,2025-10-21,AMBITIONS ENTERPRISE MANAGEMENT CO. L.L.C,1.18
AMBQ,38.53,29.32,IPO,2025-07-30,"Ambiq Micro, Inc.",0.76
ARAI,13.25,2.76,IPO,2025-05-15,Arrive AI Inc.,0.21
ATII,9.97,10.37,IPO,2025-04-03,Archimedes Tech SPAC Partners II Co.,1.04
AXIN,9.97,10.05,IPO,2025-08-01,Axiom Intelligence Acquisition Corp 1,1.01
BBNX,23.63,31.97,IPO,2025-01-30,"Beta Bionics, Inc.",1.35
BRR,10.14,3.30,IPO,2025-06-09,"ProCap Financial, Inc.",0.33
BTTC,23.98,1.67,IPO,2025-10-02,Black Titan Corp,0.07
CDNL,23.50,23.89,IPO,2025-12-10,Cardinal Infrastructure Group Inc.,1.02
CEPO,10.05,10.40,IPO,2025-01-07,"Cantor Equity Partners I, Inc.",1.03
CHAC,9.90,10.83,IPO,2025-05-19,Crane Harbor Acquisition Corp.,1.09
CHPG,9.99,10.17,IPO,2025-06-20,ChampionsGate Acquisition Corp,1.02
CIGL,4.00,1.57,IPO,2025-04-21,Concorde International Group Ltd.,0.39
CIMP,24.43,25.01,IPO,2025-09-18,CHIMERA INVESTMENT CORP,1.02
CMDB,13.50,15.53,IPO,2025-05-01,Costamare Bulkers Holdings Ltd,1.15
CRAQ,9.98,10.14,IPO,2025-06-23,Cal Redwood Acquisition Corp.,1.02
CRCL,83.23,79.89,IPO,2025-06-05,"Circle Internet Group, Inc.",0.96
DNMX,9.95,9.89,IPO,2025-11-19,Dynamix Corp III,0.99
FERA,9.87,10.27,IPO,2025-04-21,Fifth Era Acquisition Corp I,1.04
FNGU,24.23,25.89,IPO,2025-02-20,BANK OF MONTREAL /CAN/,1.07
GIW,9.93,9.89,IPO,2025-10-27,GigCapital8 Corp.,1.00
GSHR,10.00,10.25,IPO,2025-05-12,Gesher Acquisition Corp. II,1.02
HVII,9.82,10.34,IPO,2025-02-06,Hennessy Capital Investment Corp. VII,1.05
JACS,9.96,10.43,IPO,2025-01-30,Jackson Acquisition Co II,1.05
JFB,3.50,14.15,IPO,2025-03-06,JFB Construction Holdings,4.04
JLHL,4.23,3.82,IPO,2025-06-26,Julong Holding Ltd,0.90
KDK,7.95,10.82,IPO,2025-09-25,"Kodiak AI, Inc.",1.36
KMTS,21.84,26.97,IPO,2025-03-06,"KESTRA MEDICAL TECHNOLOGIES, LTD.",1.23
LFS,3.11,2.76,IPO,2025-10-09,"LEIFRAS Co., Ltd.",0.89
LGN,30.50,43.50,IPO,2025-09-12,Legence Corp.,1.43
MAGH,4.06,6.76,IPO,2025-08-12,Magnitude International Ltd,1.67
MAMK,3.69,13.00,IPO,2025-07-07,MaxsMaking Inc.,3.52
MIAX,30.74,45.68,IPO,2025-08-14,"MIAMI INTERNATIONAL HOLDINGS, INC.",1.49
MKLY,9.85,9.98,IPO,2025-10-02,McKinley Acquisition Corp,1.01
NHIC,9.93,10.36,IPO,2025-04-17,NewHold Investment Corp. III,1.04
PMI,4.59,1.75,IPO,2025-08-29,"Picard Medical, Inc.",0.38
PMTR,10.20,10.26,IPO,2025-06-20,Perimeter Acquisition Corp. I,1.01
RBNE,42.50,2.96,IPO,2025-04-11,Robin Energy Ltd.,0.07
RIBB,9.97,10.38,IPO,2025-03-07,Ribbon Acquisition Corp.,1.04
SAIL,22.00,20.81,IPO,2025-02-13,"SailPoint, Inc.",0.95
SMA,31.63,31.24,IPO,2025-04-02,"SmartStop Self Storage REIT, Inc.",0.99
SOLS,48.40,48.86,IPO,2025-10-20,Solstice Advanced Materials Inc.,1.01
SSEA,9.93,10.01,IPO,2025-10-02,STARRY SEA ACQUISITION CORP,1.01
STRK,76.57,81.27,IPO,2025-02-03,Strategy Inc,1.06
STUB,22.00,13.92,IPO,2025-09-17,"StubHub Holdings, Inc.",0.63
TACO,10.30,10.13,IPO,2025-06-05,Berto Acquisition Corp.,0.98
VOYG,56.48,26.29,IPO,2025-06-11,"Voyager Technologies, Inc./DE",0.47
WYFI,16.22,15.55,IPO,2025-08-07,"WhiteFiber, Inc.",0.96
YB,15.96,20.25,IPO,2025-04-30,Yuanbao Inc.,1.27
ACCL,4.05,3.04,IPO,2025-10-17,Acco Group Holdings Ltd,0.75
ALIS,9.92,9.93,IPO,2025-11-19,Calisa Acquisition Corp,1.00
ATEC,9.06,20.86,IPO,2025-01-02,"Alphatec Holdings, Inc.",2.30
BETA,36.00,28.05,IPO,2025-11-04,"BETA Technologies, Inc.",0.78
BIYA,104.50,4.69,IPO,2025-03-21,Baiya International Group Inc.,0.04
BTQ,5.26,5.23,IPO,2025-09-26,BTQ Technologies Corp.,0.99
CBK,24.00,24.15,IPO,2025-10-02,"Commercial Bancgroup, Inc.",1.01
CHEC,9.98,9.97,IPO,2025-11-11,Chenghe Acquisition III Co.,1.00
COPL,10.00,10.27,IPO,2025-06-02,Copley Acquisition Corp,1.03
CRWV,40.00,73.90,IPO,2025-03-28,"CoreWeave, Inc.",1.85
EMPG,4.35,17.36,IPO,2025-07-02,Empro Group Inc.,3.99
FGSN,23.03,21.90,IPO,2025-01-21,"F&G Annuities & Life, Inc.",0.95
GEMI,32.00,9.94,IPO,2025-09-12,"Gemini Space Station, Inc.",0.31
HTFL,29.99,30.21,IPO,2025-08-11,"Heartflow, Inc.",1.01
KRSP,10.40,10.25,IPO,2025-11-24,Rice Acquisition Corp 3,0.99
LAWR,3.52,3.75,IPO,2025-07-17,"Robot Consulting Co., Ltd.",1.07
MCTA,7.00,29.35,IPO,2025-10-21,Charming Medical Ltd,4.19
MGRT,3.81,8.06,IPO,2025-07-16,Mega Fortune Co Ltd,2.12
NMP,9.91,10.02,IPO,2025-09-03,NMP Acquisition Corp.,1.01
NP,24.80,29.85,IPO,2025-10-01,Neptune Insurance Holdings Inc.,1.20
NRGD,23.88,15.86,IPO,2025-02-20,BANK OF MONTREAL /CAN/,0.66
OMDA,23.00,15.34,IPO,2025-06-06,"Omada Health, Inc.",0.67
OMSE,7.51,4.30,IPO,2025-05-13,OMS Energy Technologies Inc.,0.57
ORIQ,10.00,10.12,IPO,2025-09-09,Origin Investment Corp I,1.01
RANG,9.93,10.42,IPO,2025-01-14,Range Capital Acquisition Corp.,1.05
RDAG,10.39,10.13,IPO,2025-06-23,Republic Digital Acquisition Co,0.97
SMNR,20.00,23.00,IPO,2025-09-23,"Semnur Pharmaceuticals, Inc.",1.15
SOCA,9.96,10.06,IPO,2025-09-05,Solarius Capital Acquisition Corp.,1.01
SOUL,9.91,10.15,IPO,2025-05-23,Soulpower Acquisition Corp.,1.02
STRD,79.79,76.96,IPO,2025-06-06,Strategy Inc,0.96
TDAC,10.01,10.49,IPO,2025-02-13,Translational Development Acquisition Corp.,1.05
VYLD,25.10,28.33,IPO,2025-03-21,JPMORGAN CHASE & CO,1.13
XHLD,102.00,1.24,IPO,2025-02-13,"TEN Holdings, Inc.",0.01
