CIK,Symbol,Company Name
1045810,NVDA,NVIDIA CORP
320193,AAPL,Apple Inc.
1652044,GOOGL,Alphabet Inc.
789019,MSFT,MICROSOFT CORP
1018724,AMZN,AMAZON COM INC
1326801,META,"Meta Platforms, Inc."
1730168,AVGO,Broadcom Inc.
1318605,TSLA,"Tesla, Inc."
1067983,BRK-B,BERKSHIRE HATHAWAY INC
59478,LLY,ELI LILLY & Co
104169,WMT,Walmart Inc.
19617,JPM,JPMORGAN CHASE & CO
1403161,V,VISA INC.
884394,SPY,SPDR S&P 500 ETF TRUST
1341439,ORCL,ORACLE CORP
1141391,MA,Mastercard Inc
34088,XOM,EXXON MOBIL CORP
200406,JNJ,JOHNSON & JOHNSON
1321655,PLTR,Palantir Technologies Inc.
937966,ASML,ASML HOLDING NV
1551152,ABBV,AbbVie Inc.
1065280,NFLX,NETFLIX INC
909832,COST,COSTCO WHOLESALE CORP /NEW
1577552,BABA,Alibaba Group Holding Ltd
2488,AMD,ADVANCED MICRO DEVICES INC
354950,HD,"HOME DEPOT, INC."
80424,PG,PROCTER & GAMBLE Co
40545,GE,GENERAL ELECTRIC CO
723125,MU,MICRON TECHNOLOGY INC
93410,CVX,CHEVRON CORP
858877,CSCO,"CISCO SYSTEMS, INC."
21344,KO,COCA COLA CO
731766,UNH,UNITEDHEALTH GROUP INC
72971,WFC,WELLS FARGO & COMPANY/MN
2070829,CYATY,"Contemporary Amperex Technology Co., Limited/ADR"
901832,AZN,ASTRAZENECA PLC
1000184,SAP,SAP SE
895421,MS,MORGAN STANLEY
1094517,TM,TOYOTA MOTOR CORP/
51143,IBM,INTERNATIONAL BUSINESS MACHINES CORP
1089113,HSBC,HSBC HOLDINGS PLC
18230,CAT,CATERPILLAR INC
886982,GS,GOLDMAN SACHS GROUP INC
1114448,NVS,NOVARTIS AG
310158,MRK,"Merck & Co., Inc."
4962,AXP,AMERICAN EXPRESS CO
1108524,CRM,"Salesforce, Inc."
1413329,PM,Philip Morris International Inc.
101829,RTX,RTX Corp
1067839,QQQ,"INVESCO QQQ TRUST, SERIES 1"
1000275,RY,ROYAL BANK OF CANADA
1283699,TMUS,"T-Mobile US, Inc."
1751008,APP,AppLovin Corp
353278,NVO,NOVO NORDISK A S
63908,MCD,MCDONALDS CORP
1800,ABT,ABBOTT LABORATORIES
97745,TMO,THERMO FISHER SCIENTIFIC INC.
707549,LRCX,LAM RESEARCH CORP
831001,C,CITIGROUP INC
1594805,SHOP,SHOPIFY INC.
1306965,SHEL,Shell plc
6951,AMAT,APPLIED MATERIALS INC /DE
1744489,DIS,Walt Disney Co
1035267,ISRG,INTUITIVE SURGICAL INC
1707925,LIN,LINDE PLC
77476,PEP,PEPSICO INC
1393818,BX,Blackstone Inc.
1144967,HDB,HDFC BANK LTD
804328,QCOM,QUALCOMM INC/DE
896878,INTU,INTUIT INC.
316709,SCHW,SCHWAB CHARLES CORP
67088,MUFG,MITSUBISHI UFJ FINANCIAL GROUP INC
1996810,GEV,GE Vernova Inc.
732717,T,AT&T INC.
318154,AMGN,AMGEN INC
50863,INTC,INTEL CORP
1075531,BKNG,Booking Holdings Inc.
891478,SAN,"Banco Santander, S.A."
732712,VZ,VERIZON COMMUNICATIONS INC
109198,TJX,TJX COMPANIES INC /DE/
1543151,UBER,"Uber Technologies, Inc"
12927,BA,BOEING CO
753308,NEE,NEXTERA ENERGY INC
1467373,ACN,Accenture plc
2012383,BLK,"BlackRock, Inc."
820313,APH,AMPHENOL CORP /DE/
1596532,ANET,"Arista Networks, Inc."
887028,RTNTF,RIO TINTO LTD
946770,DTEGY,DEUTSCHE TELEKOM AG
313616,DHR,DANAHER CORP /DE/
947263,TD,TORONTO DOMINION BANK
1737806,PDD,PDD Holdings Inc.
319201,KLAC,KLA CORP
64040,SPGI,S&P Global Inc.
1373715,NOW,"ServiceNow, Inc."
811809,BHPLF,BHP Group Ltd
97476,TXN,TEXAS INSTRUMENTS INC
927628,COF,CAPITAL ONE FINANCIAL CORP
313838,SONY,Sony Group Corp
882095,GILD,"GILEAD SCIENCES, INC."
796343,ADBE,ADOBE INC.
1610520,UBS,UBS Group AG
217410,UL,UNILEVER PLC
78003,PFE,PFIZER INC
885725,BSX,BOSTON SCIENTIFIC CORP
47710,HTHIY,HITACHI LTD
879764,TTE,TotalEnergies SE
100885,UNP,UNION PACIFIC CORP
60667,LOW,LOWES COMPANIES INC
310764,SYK,STRYKER CORP
80661,PGR,PROGRESSIVE CORP/OH/
6281,ADI,ANALOG DEVICES INC
842180,BBVA,"BANCO BILBAO VIZCAYA ARGENTARIA, S.A."
773840,HON,HONEYWELL INTERNATIONAL INC
863064,RIO,RIO TINTO PLC
2046954,UTX,Ultratrex Inc.
766704,WELL,WELLTOWER INC.
1327567,PANW,Palo Alto Networks Inc
315189,DE,DEERE & CO
1668717,BUD,Anheuser-Busch InBev SA/NV
896159,CB,Chubb Ltd
1551182,ETN,Eaton Corp plc
1022837,SMFG,"SUMITOMO MITSUI FINANCIAL GROUP, INC."
1613103,MDT,Medtronic plc
1303523,BTI,British American Tobacco p.l.c.
1639920,SPOT,Spotify Technology S.A.
1535527,CRWD,"CrowdStrike Holdings, Inc."
1404912,KKR,KKR & Co. Inc.
1001838,SCCO,SOUTHERN COPPER CORP/
1121404,SNY,Sanofi
1163165,COP,CONOCOPHILLIPS
875320,VRTX,VERTEX PHARMACEUTICALS INC / MA
1973239,ARM,ARM HOLDINGS PLC /UK
936468,LMT,LOCKHEED MARTIN CORP
76334,PH,Parker-Hannifin Corp
1868275,CEG,Constellation Energy Corp
1166691,CMCSA,COMCAST CORP
14272,BMY,BRISTOL MYERS SQUIBB CO
1164727,NEM,NEWMONT Corp /DE/
1381197,IBKR,"Interactive Brokers Group, Inc."
860730,HCA,"HCA Healthcare, Inc."
1103838,IBN,ICICI BANK LTD
895728,ENB,ENBRIDGE INC
8670,ADP,AUTOMATIC DATA PROCESSING INC
1222333,GLD,SPDR GOLD TRUST
1001085,BN,BROOKFIELD Corp /ON/
1099590,MELI,MERCADOLIBRE INC
927653,MCK,MCKESSON CORP
1783879,HOOD,"Robinhood Markets, Inc."
64803,CVS,CVS HEALTH Corp
1131399,GSK,GSK plc
1156375,CME,CME GROUP INC.
1792789,DASH,"DoorDash, Inc."
764180,MO,"ALTRIA GROUP, INC."
92122,SO,SOUTHERN CO
829224,SBUX,STARBUCKS CORP
320187,NKE,"NIKE, Inc."
927971,BMO,BANK OF MONTREAL /CAN/
1571949,ICE,"Intercontinental Exchange, Inc."
9631,BNS,BANK OF NOVA SCOTIA
1158838,ATEYY,ADVANTEST CORP
1059556,MCO,MOODYS CORP /DE/
1690820,CVNA,CARVANA CO.
62709,MMC,"MARSH & MCLENNAN COMPANIES, INC."
1326160,DUK,Duke Energy CORP
40533,GD,GENERAL DYNAMICS CORP
1335730,MFG,MIZUHO FINANCIAL GROUP INC
883241,SNPS,SYNOPSYS INC
313807,BP,BP PLC
1110646,NTES,"NetEase, Inc."
823768,WM,WASTE MANAGEMENT INC
312069,BCS,BARCLAYS PLC
1466258,TT,Trane Technologies plc
66740,MMM,3M CO
813672,CDNS,CADENCE DESIGN SYSTEMS INC
2809,AEM,AGNICO EAGLE MINES LTD
1937926,BAM,Brookfield Asset Management Ltd.
1045520,CM,CANADIAN IMPERIAL BANK OF COMMERCE /CAN/
1571996,DELL,Dell Technologies Inc.
1048286,MAR,MARRIOTT INTERNATIONAL INC /MD/
1090727,UPS,UNITED PARCEL SERVICE INC
1858681,APO,"Apollo Global Management, Inc."
849395,CRH,CRH PUBLIC LTD CO
1559720,ABNB,"Airbnb, Inc."
2039784,MGCLY,"Midea Group Co., Ltd./ADR"
36104,USB,US BANCORP \DE\
4281,HWM,Howmet Aerospace Inc.
1053507,AMT,AMERICAN TOWER CORP /MA/
713676,PNC,"PNC FINANCIAL SERVICES GROUP, INC."
1390777,BK,Bank of New York Mellon Corp
872589,REGN,"REGENERON PHARMACEUTICALS, INC."
1039765,ING,ING GROEP NV
1133421,NOC,NORTHROP GRUMMAN CORP /DE/
1691493,NU,Nu Holdings Ltd.
89800,SHW,SHERWIN WILLIAMS CO
1132597,ITUB,Itau Unibanco Holding S.A.
1156039,ELV,"Elevance Health, Inc."
1278680,IAU,ISHARES GOLD TRUST
833444,JCI,Johnson Controls International plc
1160106,LYG,Lloyds Banking Group plc
1467858,GM,General Motors Co
898173,ORLY,O REILLY AUTOMOTIVE INC
1004315,NGG,NATIONAL GRID PLC
1119639,PBR,PETROBRAS - PETROLEO BRASILEIRO SA
315293,AON,Aon plc
884887,RCL,ROYAL CARIBBEAN CRUISES LTD
723254,CTAS,CINTAS CORP
1703399,SE,Sea Ltd
1101239,EQIX,EQUINIX INC
24741,GLW,CORNING INC /NY
1159508,DB,DEUTSCHE BANK AKTIENGESELLSCHAFT
1640147,SNOW,Snowflake Inc.
1260221,TDG,TransDigm Group INC
865752,MNST,Monster Beverage Corp
32604,EMR,EMERSON ELECTRIC CO
756894,B,BARRICK MINING CORP
31462,ECL,ECOLAB INC.
1739940,CI,Cigna Group
929869,RELX,RELX PLC
107263,WMB,"WILLIAMS COMPANIES, INC."
1835632,MRVL,"Marvell Technology, Inc."
831259,FCX,FREEPORT-MCMORAN INC
1067491,INFY,Infosys Ltd
49826,ITW,ILLINOIS TOOL WORKS INC
1437107,WBD,"Warner Bros. Discovery, Inc."
1017413,CNQ,CANADIAN NATURAL RESOURCES LTD
26172,CMI,CUMMINS INC
844150,NWG,NatWest Group plc
1063761,SPG,SIMON PROPERTY GROUP INC.
1103982,MDLZ,"Mondelez International, Inc."
1061219,EPD,ENTERPRISE PRODUCTS PARTNERS L.P.
1477333,NET,"Cloudflare, Inc."
1048911,FDX,FEDEX CORP
895564,BAESY,BAE SYSTEMS PLC /FI/
277948,CSX,CSX CORP
1585689,HLT,Hilton Worldwide Holdings Inc.
16875,CP,CANADIAN PACIFIC KANSAS CITY LTD/CN
1385157,TEL,TE Connectivity plc
1446250,BMWKY,Bayerische Motoren Werke AG/ADR
354190,AJG,Arthur J. Gallagher & Co.
1060391,RSG,"REPUBLIC SERVICES, INC."
1648416,RACE,Ferrari N.V.
1140859,COR,"Cencora, Inc."
86312,TRV,"TRAVELERS COMPANIES, INC."
702165,NSC,NORFOLK SOUTHERN CORP
21665,CL,COLGATE PALMOLIVE CO
68505,MSI,"Motorola Solutions, Inc."
769397,ADSK,"Autodesk, Inc."
1050915,PWR,"QUANTA SERVICES, INC."
1129137,AMX,AMERICA MOVIL SAB DE CV/
1842726,LSEGY,London Stock Exchange Group plc
1674101,VRT,Vertiv Holdings Co
16868,CNI,CANADIAN NATIONAL RAILWAY CO
4904,AEP,AMERICAN ELECTRIC POWER CO INC
1506307,KMI,"KINDER MORGAN, INC."
1086888,MFC,MANULIFE FINANCIAL CORP
1679788,COIN,"Coinbase Global, Inc."
1262039,FTNT,"Fortinet, Inc."
1137789,STX,Seagate Technology Holdings plc
1075124,TRI,THOMSON REUTERS CORP /CAN/
106040,WDC,WESTERN DIGITAL CORP
4977,AFL,AFLAC INC
1140625,STOHF,EQUINOR ASA
745732,ROST,"ROSS STORES, INC."
1032208,SRE,SEMPRA
75362,PCAR,PACCAR INC
1327811,WDAY,"Workday, Inc."
87347,SLB,SLB LIMITED/NV
821189,EOG,EOG RESOURCES INC
1107457,IFNNY,INFINEON TECHNOLOGIES AG
1315098,RBLX,Roblox Corp
1276187,ET,Energy Transfer LP
866787,AZO,AUTOZONE INC
1002242,E,ENI SPA
1633917,PYPL,"PayPal Holdings, Inc."
1555280,ZTS,Zoetis Inc.
917851,VALE,Vale S.A.
1120193,NDAQ,"NASDAQ, INC."
10795,BDX,BECTON DICKINSON & CO
2969,APD,"Air Products & Chemicals, Inc."
202058,LHX,"L3HARRIS TECHNOLOGIES, INC. /DE/"
899051,ALL,ALLSTATE CORP
1413447,NXPI,NXP Semiconductors N.V.
1692819,VST,Vistra Corp.
1805284,RKT,"Rocket Companies, Inc."
1552000,MPLX,MPLX LP
874716,IDXX,IDEXX LABORATORIES INC /DE
1297996,DLR,"DIGITAL REALTY TRUST, INC."
311337,SU,SUNCOR ENERGY INC
1323404,WPM,Wheaton Precious Metals Corp.
2068385,SHAZ,"SharonAI Holdings, Inc."
1176948,ARES,Ares Management Corp
1178670,ALNY,"ALNYLAM PHARMACEUTICALS, INC."
1099219,MET,METLIFE INC
1697862,ARGX,ARGENX SE
37996,F,FORD MOTOR CO
1534701,PSX,Phillips 66
1067701,URI,"UNITED RENTALS, INC."
1395064,TAK,TAKEDA PHARMACEUTICAL CO LTD
726728,O,REALTY INCOME CORP
712515,EA,ELECTRONIC ARTS INC.
1035002,VLO,VALERO ENERGY CORP/TX
1099800,EW,Edwards Lifesciences Corp
715957,D,"DOMINION ENERGY, INC"
1058090,CMG,CHIPOTLE MEXICAN GRILL INC
1136808,EONGY,E.ON SE
1510295,MPC,Marathon Petroleum Corp
721371,CAH,CARDINAL HEALTH INC
2021390,GALDY,Galderma Group AG/ADR
1547873,PTCAY,PT Chandra Asri Petrochemical Tbk/ADR
277135,GWW,"W.W. GRAINGER, INC."
835403,DEO,DIAGEO PLC
882835,ROP,ROPER TECHNOLOGIES INC
1138118,CBRE,"CBRE GROUP, INC."
1561550,DDOG,"Datadog, Inc."
1037868,AME,AMETEK INC/
5272,AIG,"AMERICAN INTERNATIONAL GROUP, INC."
1588489,GBTC,Grayscale Bitcoin Trust ETF
946581,TTWO,TAKE TWO INTERACTIVE SOFTWARE INC
1269238,TCOM,Trip.com Group Ltd
1471055,BSBR,Banco Santander (Brasil) S.A.
1039684,OKE,ONEOK INC /NEW/
1468522,FER,Ferrovial SE
820027,AMP,AMERIPRISE FINANCIAL INC
815556,FAST,FASTENAL CO
1329099,BIDU,"Baidu, Inc."
1393311,PSA,Public Storage
1755672,CTVA,"Corteva, Inc."
27904,DAL,"DELTA AIR LINES, INC."
1884082,PSNY,Polestar Automotive Holding UK PLC
1069183,AXON,"AXON ENTERPRISE, INC."
46619,HEI,HEICO CORP
1318220,WCN,"Waste Connections, Inc."
1900304,HLN,Haleon plc
1783180,CARR,CARRIER GLOBAL Corp
1701605,BKR,Baker Hughes Co
850918,GWLIF,GREAT-WEST LIFECO INC.
2011641,FERG,Ferguson Enterprises Inc. /DE/
1300514,LVS,LAS VEGAS SANDS CORP
27419,TGT,TARGET CORP
1408198,MSCI,MSCI Inc.
1109357,EXC,EXELON CORP
49938,IMO,IMPERIAL OIL LTD
1024478,ROK,"ROCKWELL AUTOMATION, INC"
72903,XEL,XCEL ENERGY INC
1050446,MSTR,Strategy Inc
1713445,RDDT,"Reddit, Inc."
1539838,FANG,"Diamondback Energy, Inc."
1045609,PLDGP,"Prologis, Inc."
1280452,MPWR,MONOLITHIC POWER SYSTEMS INC
1834584,CPNG,"Coupang, Inc."
1973832,AU,AngloGold Ashanti PLC
3570,LNG,"Cheniere Energy, Inc."
1650372,TEAM,Atlassian Corp
915191,FRFHF,FAIRFAX FINANCIAL HOLDINGS LTD/ CAN
1549802,JD,"JD.com, Inc."
882184,DHI,HORTON D R INC /DE/
1041061,YUM,YUM BRANDS INC
56873,KR,KROGER CO
65984,ETR,ENTERGY CORP /DE/
1650107,CCEP,COCA-COLA EUROPACIFIC PARTNERS plc
814547,FICO,FAIR ISAAC CORP
1058290,CTSH,COGNIZANT TECHNOLOGY SOLUTIONS CORP
797468,OXY,OCCIDENTAL PETROLEUM CORP /DE/
723531,PAYX,PAYCHEX INC
1456346,FNV,FRANCO NEVADA Corp
788784,PEG,PUBLIC SERVICE ENTERPRISE GROUP INC
815097,CCL,CARNIVAL CORP
1009001,CCJ,CAMECO CORP
1125259,CUK,CARNIVAL PLC
1065088,EBAY,EBAY INC
1137774,PRU,PRUDENTIAL FINANCIAL INC
1389170,TRGP,Targa Resources Corp.
1512673,XYZ,"Block, Inc."
1172724,GFI,GOLD FIELDS LTD
1116578,PUKPF,PRUDENTIAL PLC
1121788,GRMN,GARMIN LTD
1041130,DIA,SPDR DOW JONES INDUSTRIAL AVERAGE ETF TRUST
1167379,ALC,ALCON INC
1051470,CCI,CROWN CASTLE INC.
1090872,A,"AGILENT TECHNOLOGIES, INC."
1565025,ABEV,AMBEV S.A.
874766,HIG,"HARTFORD INSURANCE GROUP, INC."
1478242,IQV,IQVIA HOLDINGS INC.
2073893,DLMAY,Dollarama Inc./ADR
715153,HMC,HONDA MOTOR CO LTD
1418135,KDP,Keurig Dr Pepper Inc.
1038683,RYAAY,RYANAIR HOLDINGS PLC
900075,CPRT,COPART INC
1001250,EL,ESTEE LAUDER COMPANIES INC
1396009,VMC,Vulcan Materials CO
1635327,FLUT,Flutter Entertainment plc
916076,MLM,MARTIN MARIETTA MATERIALS INC
1932393,GEHC,GE HealthCare Technologies Inc.
73309,NUE,NUCOR CORP
1819994,RKLB,Rocket Lab Corp
1104506,INSM,INSMED Inc
2018139,TYHOY,Toyota Tsusho Corporation/ADR
47111,HSY,HERSHEY CO
1393052,VEEV,VEEVA SYSTEMS INC
924613,NOK,NOKIA CORP
93751,STT,STATE STREET CORP
2080921,APC,ARKO Petroleum Corp.
798354,FISV,FISERV INC
943452,WAB,WESTINGHOUSE AIR BRAKE TECHNOLOGIES CORP
740260,VTR,"Ventas, Inc."
100517,UAL,"United Airlines Holdings, Inc."
1713683,ZS,"Zscaler, Inc."
1047862,ED,CONSOLIDATED EDISON INC
818686,TEVA,TEVA PHARMACEUTICAL INDUSTRIES LTD
947484,ACGL,ARCH CAPITAL GROUP LTD.
1769628,CRWV,"CoreWeave, Inc."
1004980,PCG,PG&E Corp
1885110,CHLSY,Chocoladefabriken Lindt & Spruengli AG/ADR
96021,SYY,SYSCO CORP
1837240,SYM,Symbotic Inc.
1160330,BBD,BANK BRADESCO
943819,RMD,RESMED INC
1122411,ASX,"ASE Technology Holding Co., Ltd."
1324424,EXPE,"Expedia Group, Inc."
1061736,FMX,MEXICAN ECONOMIC DEVELOPMENT INC
1601046,KEYS,"Keysight Technologies, Inc."
1097362,SLF,SUN LIFE FINANCIAL INC
2023554,SNDK,Sandisk Corp
1136893,FIS,"Fidelity National Information Services, Inc."
1243429,MT,ArcelorMittal
827054,MCHP,MICROCHIP TECHNOLOGY INC
701818,KGC,KINROSS GOLD CORP
783325,WEC,"WEC ENERGY GROUP, INC."
1781335,OTIS,Otis Worldwide Corp
1441816,MDB,"MongoDB, Inc."
1030894,CLS,CELESTICA INC
1651308,ONC,BeOne Medicines Ltd.
55785,KMB,KIMBERLY CLARK CORP
1511737,UI,Ubiquiti Inc.
33213,EQT,EQT Corp
936958,MDY,SPDR S&P MIDCAP 400 ETF TRUST
1524472,XYL,Xylem Inc.
1335258,LYV,"Live Nation Entertainment, Inc."
2046386,MDLN,Medline Inc.
1944048,KVUE,Kenvue Inc.
1818874,SOFI,"SoFi Technologies, Inc."
936395,CIEN,CIENA CORP
878927,ODFL,"OLD DOMINION FREIGHT LINE, INC."
1035983,FIX,COMFORT SYSTEMS USA INC
1132924,CHT,CHUNGHWA TELECOM CO LTD
1070304,IX,ORIX CORP
1754301,FOXA,Fox Corp
904868,FSNUY,Fresenius SE & Co. KGaA
717826,ERIC,ERICSSON LM TELEPHONE CO
1645590,HPE,Hewlett Packard Enterprise Co
1140536,WTW,WILLIS TOWERS WATSON PLC
720005,RJF,RAYMOND JAMES FINANCIAL INC
1604821,NTRA,"Natera, Inc."
1745201,VIK,Viking Holdings Ltd
1445930,KB,KB Financial Group Inc.
1699150,IR,Ingersoll Rand Inc.
36270,MTB,M&T BANK CORP
1605484,STLA,Stellantis N.V.
1415404,SATS,EchoStar CORP
1442145,VRSK,"Verisk Analytics, Inc."
1618756,QSR,Restaurant Brands International Inc.
839923,VOD,VODAFONE GROUP PUBLIC LTD CO
1601712,SYF,Synchrony Financial
49071,HUM,HUMANA INC
1013871,NRG,"NRG ENERGY, INC."
97210,TER,"TERADYNE, INC"
844551,WOPEF,WOODSIDE ENERGY GROUP LTD
1725964,NTR,Nutrien Ltd.
1705696,VICI,VICI PROPERTIES INC.
1123799,WIT,WIPRO LTD
2035989,AMRZ,Amrize Ltd
1744676,TME,Tencent Music Entertainment Group
29534,DG,DOLLAR GENERAL CORP
820318,COHR,COHERENT CORP.
1518258,ASHGY,Ashtead Group plc/ADR
84839,ROL,ROLLINS INC
1289490,EXR,Extra Space Storage Inc.
1037646,MTD,METTLER TOLEDO INTERNATIONAL INC/
1637459,KHC,Kraft Heinz Co
1397911,LPLA,LPL Financial Holdings Inc.
1091667,CHTR,"CHARTER COMMUNICATIONS, INC. /MO/"
1057352,CSGP,"COSTAR GROUP, INC."
1736297,ALAB,"Astera Labs, Inc."
1274494,FSLR,"FIRST SOLAR, INC."
7084,ADM,Archer-Daniels-Midland Co
798941,FCNCA,FIRST CITIZENS BANCSHARES INC /DE/
105634,EME,"EMCOR Group, Inc."
49196,HBAN,HUNTINGTON BANCSHARES INC /MD/
79282,BRO,"BROWN & BROWN, INC."
1096343,MKL,MARKEL GROUP INC.
1403568,ULTA,"Ulta Beauty, Inc."
731802,ATO,ATMOS ENERGY CORP
1002910,AEE,AMEREN CORP
1439124,AXIA,BRAZILIAN ELECTRIC POWER CO
1027664,ESLT,ELBIT SYSTEMS LTD
936340,DTE,DTE ENERGY CO
29905,DOV,DOVER Corp
33185,EFX,EQUIFAX INC
1780312,ASTS,"AST SpaceMobile, Inc."
11544,WRB,BERKLEY W R CORP
1116132,TPR,"TAPESTRY, INC."
916365,TSCO,TRACTOR SUPPLY CO /DE/
895126,EXE,EXPAND ENERGY Corp
1374310,CBOE,"Cboe Global Markets, Inc."
1666175,FTS,Fortis Inc.
1263043,SHG,SHINHAN FINANCIAL GROUP CO LTD
1633978,LITE,Lumentum Holdings Inc.
1383312,BR,"BROADRIDGE FINANCIAL SOLUTIONS, INC."
73124,NTRS,NORTHERN TRUST CORP
1093557,DXCM,DEXCOM INC
1807794,CRDO,Credo Technology Group Holding Ltd
922224,PPL,PPL Corp
1383650,CQP,"Cheniere Energy Partners, L.P."
1031296,FE,FIRSTENERGY CORP
1585521,ZM,"Zoom Communications, Inc."
875045,BIIB,BIOGEN INC.
915912,AVB,AVALONBAY COMMUNITIES INC
313216,PHG,KONINKLIJKE PHILIPS NV
1378789,AER,AerCap Holdings N.V.
29989,OMC,OMNICOM GROUP INC.
1764757,DIDIY,DiDi Global Inc.
20286,CINF,CINCINNATI FINANCIAL CORP
800365,FUJIY,FUJI PHOTO FILM CO LTD /FI
1410636,AWK,"American Water Works Company, Inc."
920760,LEN,LENNAR CORP /NEW/
72741,ES,EVERSOURCE ENERGY
759944,CFG,CITIZENS FINANCIAL GROUP INC/RI
935703,DLTR,"DOLLAR TREE, INC."
1130310,CNP,CENTERPOINT ENERGY INC
1757898,STE,STERIS plc
1022671,STLD,STEEL DYNAMICS INC
40704,GIS,GENERAL MILLS INC
906107,EQR,EQUITY RESIDENTIAL
1967680,VLTO,Veralto Corp
1397187,LULU,lululemon athletica inc.
1163653,NMR,NOMURA HOLDINGS INC
1820953,AFRM,"Affirm Holdings, Inc."
1020569,IRM,IRON MOUNTAIN INC
1880661,TPG,TPG Inc.
1474968,GELHY,Geely Automobile Holdings Limited/ADR
898293,JBL,JABIL INC
1560385,FWONA,Liberty Media Corp
1281761,RF,REGIONS FINANCIAL CORP
1874178,RIVN,"Rivian Automotive, Inc. / DE"
45012,HAL,HALLIBURTON CO
16918,STZ,"CONSTELLATION BRANDS, INC."
1094285,TDY,TELEDYNE TECHNOLOGIES INC
861967,WTKWY,WOLTERS KLUWER N V /FI
48898,HUBB,HUBBELL INC
1758730,TW,Tradeweb Markets Inc.
886986,TECK,TECK RESOURCES LTD
1823945,OWL,BLUE OWL CAPITAL INC.
1090012,DVN,DEVON ENERGY CORP/DE
1336920,LDOS,"Leidos Holdings, Inc."
822416,PHM,PULTEGROUP INC/MI/
79879,PPG,PPG INDUSTRIES INC
827052,EIX,EDISON INTERNATIONAL
932787,STM,STMicroelectronics N.V.
1776985,BNTX,BioNTech SE
1754581,FUTU,Futu Holdings Ltd
814052,TEF,TELEFONICA S A
1001290,BAP,CREDICORP LTD
1014473,VRSN,VERISIGN INC/CA
1000697,WAT,WATERS CORP /DE/
866374,FLEX,FLEX LTD.
91576,KEY,KEYCORP /NEW/
1802768,RPRX,Royalty Pharma plc
1598110,CYBR,CyberArk Software Ltd.
1113169,TROW,PRICE T ROWE GROUP INC
1535759,KBGGY,Kongsberg Gruppen ASA/ADR
1097864,ON,ON SEMICONDUCTOR CORP
1474432,PSTG,"Pure Storage, Inc."
1546066,PBA,PEMBINA PIPELINE CORP
1082554,UTHR,UNITED THERAPEUTICS Corp
1330568,SLV,iShares Silver Trust
771992,PAAS,PAN AMERICAN SILVER CORP
60086,L,LOEWS CORP
1447669,TWLO,TWILIO INC
92380,LUV,SOUTHWEST AIRLINES CO
1593549,NUGN,"Livento Group, Inc."
1444406,EC,ECOPETROL S.A.
1447391,RSHGY,RESONA HOLDINGS INC
940944,DRI,DARDEN RESTAURANTS INC
1037038,RL,RALPH LAUREN CORP
1527166,CG,Carlyle Group Inc.
1002047,NTAP,"NetApp, Inc."
1402436,SSNC,SS&C Technologies Holdings Inc
719955,WSM,WILLIAMS SONOMA INC
811156,CMS,CMS ENERGY CORP
1175454,CPAY,"CORPAY, INC."
858446,ICHGF,INTERCONTINENTAL HOTELS GROUP PLC /NEW/
887225,KEP,KOREA ELECTRIC POWER CORP
1404655,HUBS,HUBSPOT INC
1513845,NBIS,Nebius Group N.V.
1650164,TOST,"Toast, Inc."
1142231,HKHHY,HEINEKEN HOLDING N V
1001807,TLK,PERUSAHAAN PERSEROAN PERSERO PT TELEKOMUNIKASI INDONESIA TBK
920148,LH,LABCORP HOLDINGS INC.
47217,HPQ,HP INC
857005,PTC,PTC INC.
51434,IP,INTERNATIONAL PAPER CO /NEW/
26324,CW,CURTISS WRIGHT CORP
1988894,AS,"Amer Sports, Inc."
100493,TSN,"TYSON FOODS, INC."
1034054,SBAC,SBA COMMUNICATIONS CORP
1664703,BE,Bloom Energy Corp
726958,CASY,CASEYS GENERAL STORES INC
1642896,IOT,Samsara Inc.
313927,CHD,CHURCH & DWIGHT CO INC /DE/
868675,TU,TELUS CORP
1855612,GRAB,Grab Holdings Ltd
1071739,CNC,CENTENE CORP
746515,EXPD,EXPEDITORS INTERNATIONAL OF WASHINGTON INC
2005951,SW,Smurfit Westrock plc
1590364,FTAI,FTAI Aviation Ltd.
1876042,CRCL,"Circle Internet Group, Inc."
1110803,ILMN,"ILLUMINA, INC."
906163,NVR,NVR INC
1061574,GIB,CGI INC
858470,CTRA,Coterra Energy Inc.
733099,RCIAF,ROGERS COMMUNICATIONS INC
1715801,SOAGY,Sartorius AG/ADR
1145197,PODD,INSULET CORP
1126113,TELNY,TELENOR ASA
1015922,CHKP,CHECK POINT SOFTWARE TECHNOLOGIES LTD
910631,KOF,COCA COLA FEMSA SAB DE CV
1811074,TPL,Texas Pacific Land Corp
105770,WST,WEST PHARMACEUTICAL SERVICES INC
1033767,UMC,UNITED MICROELECTRONICS CORP
1111711,NI,NISOURCE INC.
909037,SQM,CHEMICAL & MINING CO OF CHILE INC
1126328,PFG,PRINCIPAL FINANCIAL GROUP INC
860731,TYL,TYLER TECHNOLOGIES INC
1190723,TS,TENARIS SA
1022079,DGX,QUEST DIAGNOSTICS INC
1709048,GFS,GLOBALFOUNDRIES Inc.
879169,INCY,INCYTE CORP
1810997,XPEV,XPENG INC.
1469059,CKHGF,Capitec Bank Holdings Ltd / ADR
1124140,EXAS,EXACT SCIENCES CORP
1748790,AMCR,Amcor plc
1161125,BCH,BANK OF CHILE
1046102,RBA,RB GLOBAL INC.
749251,IT,GARTNER INC
1434265,GMAB,GENMAB A/S
1039610,EDPFY,EDP ENERGIAS DE PORTUGAL SA
1043277,CHRW,"C. H. ROBINSON WORLDWIDE, INC."
1066119,VIV,TELEFONICA BRASIL S.A.
1810806,U,Unity Software Inc.
728535,JBHT,HUNT J B TRANSPORT SERVICES INC
1123360,GPN,GLOBAL PAYMENTS INC
85535,RGLD,ROYAL GOLD INC
1206264,SGI,SOMNIGROUP INTERNATIONAL INC.
1659166,FTV,Fortive Corp
2013003,PMDIY,Pro Medicus Ltd./ADR
864749,TRMB,TRIMBLE INC.
1671933,TTD,"Trade Desk, Inc."
75677,PKG,PACKAGING CORP OF AMERICA
1579878,FIG,"Figma, Inc."
1533232,BEP,Brookfield Renewable Partners L.P.
1809587,BEKE,KE Holdings Inc.
1681459,FTI,TechnipFMC plc
63754,MKC,MCCORMICK & CO INC
1579298,BURL,"Burlington Stores, Inc."
108312,WWD,"Woodward, Inc."
920522,ESS,"ESSEX PROPERTY TRUST, INC."
91440,SNA,Snap-on Inc
35527,FITBI,FIFTH THIRD BANCORP
1402057,CDW,CDW Corp
1136869,ZBH,"ZIMMER BIOMET HOLDINGS, INC."
1089063,DKS,"DICK'S SPORTING GOODS, INC."
1506293,PINS,"PINTEREST, INC."
70318,THC,TENET HEALTHCARE CORP
1375365,SMCI,"Super Micro Computer, Inc."
51253,IFF,INTERNATIONAL FLAVORS & FRAGRANCES INC
1996862,BG,Bunge Global SA
1609711,GDDY,GoDaddy Inc.
1973266,TKO,"TKO Group Holdings, Inc."
1791706,LI,Li Auto Inc.
1883685,DKNG,DraftKings Inc.
15615,MTZ,MASTEC INC
1622536,TLN,Talen Energy Corp
1617640,ZG,"ZILLOW GROUP, INC."
40987,GPC,GENUINE PARTS CO
2058873,Q,"Qnity Electronics, Inc."
106535,WY,WEYERHAEUSER CO
1528396,GWRE,"Guidewire Software, Inc."
77360,PNR,PENTAIR plc
1069202,LII,LENNOX INTERNATIONAL INC
1687229,INVH,Invitation Homes Inc.
1665918,USFD,US Foods Holding Corp.
1673358,YUMC,"Yum China Holdings, Inc."
1666700,DD,"DuPont de Nemours, Inc."
849399,GEN,Gen Digital Inc.
1170858,SBS,COMPANHIA DE SANEAMENTO BASICO DO ESTADO DE SAO PAULO-SABESP
352541,LNT,ALLIANT ENERGY CORP
1552033,TRU,TransUnion
2007855,VG,"Venture Global, Inc."
1711269,EVRG,"Evergy, Inc."
912595,MAA,MID AMERICA APARTMENT COMMUNITIES INC.
1076378,CX,CEMEX SAB DE CV
915913,ALB,ALBEMARLE CORP
1751788,DOW,DOW INC.
859737,HOLX,HOLOGIC INC
2058897,CIB,Grupo Cibest S.A.
1521332,APTV,Aptiv PLC
1047716,LTM,LATAM AIRLINES GROUP S.A.
1720635,NVT,nVent Electric plc
1677250,ZTO,ZTO Express (Cayman) Inc.
1408710,FN,Fabrinet
711404,COO,"COOPER COMPANIES, INC."
1158967,NJDCY,NIDEC CORP
1178819,AGI,ALAMOS GOLD INC
1423902,WES,"Western Midstream Partners, LP"
1406234,BIP,Brookfield Infrastructure Partners L.P.
889132,PKX,POSCO HOLDINGS INC.
1428439,ROKU,"ROKU, INC"
1166003,XPO,"XPO, Inc."
1791942,JBS,JBS N.V.
1319161,WMG,Warner Music Group Corp.
1037976,JLL,JONES LANG LASALLE INC
912593,SUI,SUN COMMUNITIES INC
1796209,APG,APi Group Corp
1824920,IONQ,"IonQ, Inc."
1477049,PHYS,Sprott Physical Gold Trust
1901440,ULS,UL Solutions Inc.
1668397,MEDP,"Medpace Holdings, Inc."
1018963,ATI,ATI INC
1486957,BWXT,"BWX Technologies, Inc."
1957132,SN,"SharkNinja, Inc."
52988,J,JACOBS SOLUTIONS INC.
1985487,KSPI,Joint Stock Co Kaspi.kz
17843,CRS,CARPENTER TECHNOLOGY CORP
217346,TXT,TEXTRON INC
1069157,EWBC,EAST WEST BANCORP INC
1780232,GFL,GFL Environmental Inc.
930157,RKLIF,RENTOKIL INITIAL PLC /FI
1628171,RVMD,"Revolution Medicines, Inc."
910521,DECK,DECKERS OUTDOOR CORP
904851,YPF,YPF SOCIEDAD ANONIMA
1858985,ONON,On Holding AG
1660134,OKTA,"Okta, Inc."
1468174,H,Hyatt Hotels Corp
1943896,RBRK,"Rubrik, Inc."
1043219,NLY,ANNALY CAPITAL MANAGEMENT INC
1889539,CRBG,"Corebridge Financial, Inc."
861884,RS,"RELIANCE, INC."
1635088,ROIV,Roivant Sciences Ltd.
749098,MGA,MAGNA INTERNATIONAL INC
922621,ERIE,ERIE INDEMNITY CO
216228,ITT,ITT INC.
1127248,EMA,EMERA INC
1048695,FFIV,"F5, INC."
1331875,FNF,"Fidelity National Financial, Inc."
2041610,PSKY,Paramount Skydance Corp
1743881,BBIO,"BridgeBio Pharma, Inc."
1032975,LOGI,LOGITECH INTERNATIONAL S.A.
1719117,ARNNY,ASR Nederland N.V./ADR
1027552,BSAC,BANCO SANTANDER CHILE
1287750,ARCC,ARES CAPITAL CORP
9389,BALL,BALL Corp
1264136,WF,WOORI FINANCIAL GROUP INC.
1792044,VTRS,Viatris Inc
1333986,EQH,"Equitable Holdings, Inc."
1095073,EG,"EVEREST GROUP, LTD."
1324948,RBC,RBC Bearings INC
1060955,ICLR,ICON PLC
1286681,DPZ,DOMINOS PIZZA INC
914475,NBIX,NEUROCRINE BIOSCIENCES INC
1025378,WPC,W. P. Carey Inc.
1618673,PFGC,Performance Food Group Co
764478,BBY,BEST BUY CO INC
8818,AVY,Avery Dennison Corp
1618732,NTNX,"Nutanix, Inc."
40729,ALLY,Ally Financial Inc.
1489393,LYB,LyondellBasell Industries N.V.
845982,SNN,SMITH & NEPHEW PLC
1564408,SNAP,Snap Inc
352915,UHS,UNIVERSAL HEALTH SERVICES INC
1816319,LYTHF,Lytus Technologies Holdings PTV. Ltd.
74208,UDR,"UDR, Inc."
1333141,FMS,Fresenius Medical Care AG
1675149,AA,Alcoa Corp
1964738,SOLV,Solventum Corp
1494728,PSLV,Sprott Physical Silver Trust
879101,KIM,KIMCO REALTY CORP
1766502,CHWY,"Chewy, Inc."
105016,WSO,WATSCO INC
1261333,DOCU,"DOCUSIGN, INC."
1579241,ALLE,Allegion plc
2068440,LPGCY,Laopu Gold Co. Ltd./ADR
790051,CSL,CARLISLE COMPANIES INC
1849253,RYAN,"RYAN SPECIALTY HOLDINGS, INC."
2077146,OBICY,"OBIC Co., Ltd./ADR"
42888,GGG,GRACO INC
1562401,AMH,American Homes 4 Rent
888491,OHI,OMEGA HEALTHCARE INVESTORS INC
898174,RGA,REINSURANCE GROUP OF AMERICA INC
72331,NDSN,NORDSON CORP
832101,IEX,IDEX CORP /DE/
1501585,HII,"HUNTINGTON INGALLS INDUSTRIES, INC."
1347557,PAC,Pacific Airport Group
110621,RPM,RPM INTERNATIONAL INC/DE/
62996,MAS,MASCO CORP /DE/
1576280,GH,"Guardant Health, Inc."
779152,JKHY,JACK HENRY & ASSOCIATES INC
913144,RNR,RENAISSANCERE HOLDINGS LTD
1157601,MDGL,"MADRIGAL PHARMACEUTICALS, INC."
59527,LECO,LINCOLN ELECTRIC HOLDINGS INC
1852131,NXT,Nextpower Inc.
5513,UNM,Unum Group
928876,TSEM,TOWER SEMICONDUCTOR LTD
1360901,EVR,Evercore Inc.
2029472,PUGBY,Puig Brands S.A./ADR
1616707,W,Wayfair Inc.
1773383,DT,"Dynatrace, Inc."
48465,HRL,HORMEL FOODS CORP /DE/
794170,TOL,"Toll Brothers, Inc."
1612042,ASND,Ascendis Pharma A/S
1599298,SMMT,Summit Therapeutics Inc.
1236275,QXO,"QXO, Inc."
21175,CNA,CNA FINANCIAL CORP
1736541,NIO,NIO Inc.
719413,HL,HECLA MINING CO/DE/
1493594,MTSI,"MACOM Technology Solutions Holdings, Inc."
1090425,LAMR,LAMAR ADVERTISING CO/NEW
1069258,KTOS,"KRATOS DEFENSE & SECURITY SOLUTIONS, INC."
874015,IONS,IONIS PHARMACEUTICALS INC
2019040,NPXYY,Nippon Sanso Holdings Corporation/ADR
720672,SF,STIFEL FINANCIAL CORP
96223,JEF,Jefferies Financial Group Inc.
1101302,ENTG,ENTEGRIS INC
89439,MLI,MUELLER INDUSTRIES INC
910606,REG,REGENCY CENTERS CORP
1049724,DLAKY,DEUTSCHE LUFTHANSA A G /FI
1575965,GLPI,"Gaming & Leisure Properties, Inc."
868857,ACM,AECOM
1837429,BNT,Brookfield Wealth Solutions Ltd.
2074176,VNOM,"Viper Energy, Inc."
822818,CLH,CLEAN HARBORS INC
1086222,AKAM,AKAMAI TECHNOLOGIES INC
1324404,CF,"CF Industries Holdings, Inc."
1174922,WYNN,WYNN RESORTS LTD
38777,BEN,FRANKLIN RESOURCES INC
1023514,HMY,HARMONY GOLD MINING CO LTD
310522,FNMA,FEDERAL NATIONAL MORTGAGE ASSOCIATION FANNIE MAE
1878848,IREN,IREN Ltd
1177394,SNX,TD SYNNEX CORP
1070750,HST,"HOST HOTELS & RESORTS, INC."
877212,ZBRA,ZEBRA TECHNOLOGIES CORP
21076,CLX,CLOROX CO /DE/
895417,ELS,EQUITY LIFESTYLE PROPERTIES INC
1302215,HLI,"HOULIHAN LOKEY, INC."
14693,BF-A,BROWN FORMAN CORP
1321732,PEN,Penumbra Inc
1842022,DTM,"DT Midstream, Inc."
1267238,AIZ,"ASSURANT, INC."
36966,FHN,FIRST HORIZON CORP
1481045,DSEEY,Daiwa Securities Group Inc.
1368622,AVAV,AeroVironment Inc
1819848,JOBY,"Joby Aviation, Inc."
1159152,JHX,James Hardie Industries plc
1219601,CCK,"CROWN HOLDINGS, INC."
1037540,BXP,"BXP, Inc."
929008,WCC,WESCO INTERNATIONAL INC
1531152,BJ,"BJ's Wholesale Club Holdings, Inc."
1579091,CART,Maplebear Inc.
939767,EXEL,"EXELIXIS, INC."
1078642,CRRFY,CARREFOUR SA
1237831,GMED,GLOBUS MEDICAL INC
1341766,CELH,"Celsius Holdings, Inc."
16058,CACI,CACI INTERNATIONAL INC /DE/
906345,CPT,CAMDEN PROPERTY TRUST
1135951,RDY,DR REDDYS LABORATORIES LTD
769218,AEG,AEGON LTD.
1633931,BLD,TopBuild Corp
914208,IVZ,Invesco Ltd.
1355444,EMBJ,EMBRAER S.A.
909327,SUZ,Suzano S.A.
1031308,BSY,BENTLEY SYSTEMS INC
1061894,GIL,Gildan Activewear Inc.
1829311,BMNR,"BITMINE IMMERSION TECHNOLOGIES, INC."
1567094,CNH,CNH Industrial N.V.
1682852,MRNA,"Moderna, Inc."
46080,HAS,"HASBRO, INC."
93556,SWK,"STANLEY BLACK & DECKER, INC."
1423689,AGNC,AGNC Investment Corp.
215466,CDE,"Coeur Mining, Inc."
1048477,BMRN,BIOMARIN PHARMACEUTICAL INC
1352010,EPAM,"EPAM Systems, Inc."
1042046,AFG,AMERICAN FINANCIAL GROUP INC
1316835,BLDR,"Builders FirstSource, Inc."
2030781,SAIL,"SailPoint, Inc."
320335,GL,GLOBE LIFE INC.
1097149,ALGN,ALIGN TECHNOLOGY INC
1611052,PCOR,"PROCORE TECHNOLOGIES, INC."
71691,NYT,NEW YORK TIMES CO
74260,ORI,OLD REPUBLIC INTERNATIONAL CORP
1604028,WMS,"ADVANCED DRAINAGE SYSTEMS, INC."
1739104,ELAN,Elanco Animal Health Inc
31791,RVTY,"REVVITY, INC."
1838413,YMM,Full Truck Alliance Co. Ltd.
1849056,OKLO,Oklo Inc.
765880,DOC,"HEALTHPEAK PROPERTIES, INC."
28412,CMA,COMERICA INC
1725057,DAY,"Dayforce, Inc."
1144215,AYI,ACUITY INC. (DE)
1289460,TXRH,"Texas Roadhouse, Inc."
1756607,EQX,Equinox Gold Corp.
1440130,UUGRY,United Utilities Group plc
1013237,FDS,FACTSET RESEARCH SYSTEMS INC
89089,SCI,SERVICE CORP INTERNATIONAL
2003292,KLAR,Klarna Group plc
1599901,RNA,"Avidity Biosciences, Inc."
78128,WTRG,"Essential Utilities, Inc."
1131383,STN,STANTEC INC
1049502,MKSI,MKS INC
785161,EHC,Encompass Health Corp
1699838,CFLT,"Confluent, Inc."
1433270,AR,ANTERO RESOURCES Corp
1956827,ABVX,Abivax S.A.
1944013,CR,Crane Co
764622,PNW,PINNACLE WEST CAPITAL CORP
1717115,TEM,"Tempus AI, Inc."
1056696,MANH,MANHATTAN ASSOCIATES INC
801337,WBS,WEBSTER FINANCIAL CORP
1019849,PAG,"PENSKE AUTOMOTIVE GROUP, INC."
1658566,PR,Permian Resources Corp
91419,SJM,J M SMUCKER Co
1289688,JCYGY,Jardine Cycle & Carriage Ltd.
1443646,BAH,Booz Allen Hamilton Holding Corp
1279956,YARIY,YARA INTERNATIONAL ASA
1177609,FIVE,"FIVE BELOW, INC"
1829667,RGC,Regencell Bioscience Holdings Ltd
1232524,JAZZ,Jazz Pharmaceuticals plc
1801729,NCLTY,"Nitori Holdings Co., Ltd."
29644,DCI,DONALDSON Co INC
1856525,CNM,"Core & Main, Inc."
1786909,SBSW,Sibanye Stillwater Ltd
1013857,PEGA,PEGASYSTEMS INC
317540,COKE,"Coca-Cola Consolidated, Inc."
874761,AES,AES CORP
1513761,NCLH,Norwegian Cruise Line Holdings Ltd.
350894,SEIC,SEI INVESTMENTS CO
67215,DY,DYCOM INDUSTRIES INC
6201,AAL,American Airlines Group Inc.
1125376,ENSG,"ENSIGN GROUP, INC"
1866581,BROS,Dutch Bros Inc.
855658,LSCC,LATTICE SEMICONDUCTOR CORP
1723690,BILI,Bilibili Inc.
789570,MGM,MGM Resorts International
1638826,TTAN,"ServiceTitan, Inc."
88205,SPXC,"SPX Technologies, Inc."
1792580,OVV,Ovintiv Inc.
917273,RMBS,RAMBUS INC
1552275,SUN,Sunoco LP
10456,BAX,BAXTER INTERNATIONAL INC
2071668,MICC,Magnum Ice Cream Co N.V.
1100682,CRL,"CHARLES RIVER LABORATORIES INTERNATIONAL, INC."
1835830,KVYO,"Klaviyo, Inc."
1173382,CAE,CAE INC
1203464,IAG,IAMGOLD CORP
1047127,AMKR,"AMKOR TECHNOLOGY, INC."
1123452,ASR,SOUTHEAST AIRPORT GROUP
1015820,QGEN,QIAGEN N.V.
908255,BWA,BORGWARNER INC
1109345,NVMI,NOVA LTD.
2083221,SPIIY,SPIE SA/ADR
109563,AIT,APPLIED INDUSTRIAL TECHNOLOGIES INC
1584509,ARMK,Aramark
1648512,SHMXY,Shimadzu Corporation/ADR
2040127,KRMN,Karman Holdings Inc.
1545772,BPYPP,Brookfield Property Partners L.P.
1646972,ACI,"Albertsons Companies, Inc."
2025410,SARO,"StandardAero, Inc."
4457,UHAL,U-Haul Holding Co /NV/
20520,FYBR,"Frontier Communications Parent, Inc."
764038,SSB,SouthState Bank Corp
39911,GAP,GAP INC
1842827,BZ,Kanzhun Ltd
4127,SWKS,"SKYWORKS SOLUTIONS, INC."
49600,EGP,EASTGROUP PROPERTIES INC
1767582,LKNCY,Luckin Coffee Inc.
1262823,WLK,WESTLAKE CORP
1571283,REXR,"Rexford Industrial Realty, Inc."
28917,DDS,"DILLARD'S, INC."
1795586,CHYM,"Chime Financial, Inc."
874238,STRL,"STERLING INFRASTRUCTURE, INC."
1179929,MOH,"MOLINA HEALTHCARE, INC."
1826168,TIMB,TIM S.A.
91142,AOS,SMITH A O CORP
1015328,WTFC,WINTRUST FINANCIAL CORP
1370946,OC,Owens Corning
1969729,RCWLY,Rockwool A/S/ADR
1907982,QBTS,D-Wave Quantum Inc.
82811,RRX,REGAL REXNORD CORP
1212545,WAL,WESTERN ALLIANCE BANCORPORATION
892553,GTLS,CHART INDUSTRIES INC
912958,TIGO,MILLICOM INTERNATIONAL CELLULAR SA
802481,PPC,PILGRIMS PRIDE CORP
24545,TAP,MOLSON COORS BEVERAGE CO
730272,RGEN,REPLIGEN CORP
1451809,SITM,SITIME Corp
1579428,AXSM,"Axsome Therapeutics, Inc."
795403,WTS,WATTS WATER TECHNOLOGIES INC
879407,ARWR,"ARROWHEAD PHARMACEUTICALS, INC."
1289419,MORN,"Morningstar, Inc."
1000228,HSIC,HENRY SCHEIN INC
842023,TECH,BIO-TECHNE Corp
892450,KT,KT CORP
1637207,PLNT,"Planet Fitness, Inc."
1034670,ALV,AUTOLIV INC
1669162,KNSL,"Kinsale Capital Group, Inc."
1601992,SOTGY,Sunny Optical Technology (Group) Co Limited/ADR
30625,FLS,FLOWSERVE CORP
1833756,DRS,"Leonardo DRS, Inc."
1859392,GLXY,Galaxy Digital Inc.
1072397,BZLFY,BUNZL PLC
1326380,GME,GameStop Corp.
1590955,PAYC,"Paycom Software, Inc."
1801368,MP,MP Materials Corp. / DE
938323,PSO,PEARSON PLC
1726122,CEF,Sprott Physical Gold & Silver Trust
1062579,DOX,AMDOCS LTD
831641,TTEK,TETRA TECH INC
1021635,OGE,OGE ENERGY CORP.
91388,SFD,SMITHFIELD FOODS INC
1114700,GGAL,GRUPO FINANCIERO GALICIA SA
1632970,AHR,"American Healthcare REIT, Inc."
1734722,PATH,"UiPath, Inc."
2062522,GWKSY,GAMES WORKSHOP GROUP PLC/ADR
1841666,APA,APA Corp
34903,FRT,FEDERAL REALTY INVESTMENT TRUST
1868159,LINE,"Lineage, Inc."
2064124,FIGR,"Figure Technology Solutions, Inc."
101382,UMBF,UMB FINANCIAL CORP
1529192,VIPS,Vipshop Holdings Ltd
707179,ONB,OLD NATIONAL BANCORP /IN/
1177702,SAIA,SAIA INC
109380,ZION,"ZIONS BANCORPORATION, NATIONAL ASSOCIATION /UT/"
1915657,DINO,HF Sinclair Corp
1588823,TFII,TFI International Inc.
945841,POOL,POOL CORP
1623925,AM,Antero Midstream Corp
1910139,MBLY,Mobileye Global Inc.
1787425,XP,XP Inc.
1492691,KNX,Knight-Swift Transportation Holdings Inc.
1035443,ARE,"ALEXANDRIA REAL ESTATE EQUITIES, INC."
59558,LNC,LINCOLN NATIONAL CORP
763901,BPOP,"POPULAR, INC."
1591698,PCTY,Paylocity Holding Corp
315852,RRC,RANGE RESOURCES CORP
1214816,AXS,AXIS CAPITAL HOLDINGS LTD
1475922,PRI,"Primerica, Inc."
887343,COLB,"COLUMBIA BANKING SYSTEM, INC."
1433195,APPF,APPFOLIO INC
897723,SANM,SANMINA CORP
1516513,DOCS,"Doximity, Inc."
1002638,OTEX,OPEN TEXT CORP
16732,CPB,CAMPBELL'S Co
917251,ADC,AGREE REALTY CORP
1505880,PNDRY,Pandora A/S / ADR
1919275,VARRY,Var Energi ASA/ADR
23217,CAG,CONAGRA BRANDS INC.
7431,AWI,ARMSTRONG WORLD INDUSTRIES INC
1298675,CUBE,CubeSmart
1327068,USO,"United States Oil Fund, LP"
1405495,IDCC,"InterDigital, Inc."
94845,LEVI,LEVI STRAUSS & CO
1004434,AMG,"AFFILIATED MANAGERS GROUP, INC."
1411207,ALSN,Allison Transmission Holdings Inc
12208,BIO,"BIO-RAD LABORATORIES, INC."
1308648,AG,FIRST MAJESTIC SILVER CORP
67887,MOG-A,MOOG INC.
1398659,G,Genpact LTD
39263,CFR,"CULLEN/FROST BANKERS, INC."
927066,DVA,DAVITA INC.
1562088,DUOL,"Duolingo, Inc."
1372920,NWOEF,New Oriental Education & Technology Group Inc.
1590717,CTRE,"CareTrust REIT, Inc."
1023128,LAD,LITHIA MOTORS INC
775158,OSK,OSHKOSH CORP
884614,UGI,UGI CORP /PA/
896622,ATR,"APTARGROUP, INC."
1584207,OMF,"OneMain Holdings, Inc."
1581068,BRX,Brixmor Property Group Inc.
1707753,ESTC,Elastic N.V.
1474735,GNRC,GENERAC HOLDINGS INC.
1299939,CADE,Cadence Bank
1796022,STEP,StepStone Group Inc.
20212,CHDN,Churchill Downs Inc
18926,LUMN,"Lumen Technologies, Inc."
102729,VMI,VALMONT INDUSTRIES INC
1428336,HQY,"HEALTHEQUITY, INC."
1159036,HALO,"HALOZYME THERAPEUTICS, INC."
927003,AEIS,ADVANCED ENERGY INDUSTRIES INC
1015650,SKM,SK TELECOM CO LTD
1759509,LYFT,"Lyft, Inc."
1322422,HBM,Hudbay Minerals Inc.
704532,ONTO,ONTO INNOVATION INC.
1433660,JBTM,JBT Marel Corp
1604778,QRVO,"Qorvo, Inc."
921825,FR,FIRST INDUSTRIAL REALTY TRUST INC
1034983,MINBY,MINEBEA MITSUMI Inc.
1913510,VFS,VinFast Auto Ltd.
1722482,AVTR,"Avantor, Inc."
1495153,MMYT,MakeMyTrip Ltd
85961,R,RYDER SYSTEM INC
1439288,ZWS,Zurn Elkay Water Solutions Corp
1575515,SFM,"Sprouts Farmers Market, Inc."
1573516,MUSA,Murphy USA Inc.
880266,AGCO,AGCO CORP /DE
1065696,LKQ,LKQ CORP
891103,MTCH,"Match Group, Inc."
1061983,CYTK,CYTOKINETICS INC
2044863,TKMTY,"Tokyo Metro Co., Ltd./ADR"
1366868,GSAT,"Globalstar, Inc."
1048268,IESC,"IES Holdings, Inc."
1438569,GRFS,Grifols SA
1447126,KAIKY,Kawasaki Kisen Kaisha Ltd
2064953,SOLS,Solstice Advanced Materials Inc.
737758,TTC,TORO CO
22444,CMC,COMMERCIAL METALS Co
1584273,SNROY,"Sanrio Company, Ltd./ADR"
2078416,LLYVA,"Liberty Live Holdings, Inc."
1285785,MOS,MOSAIC CO
2019410,CAI,"Caris Life Sciences, Inc."
1845338,MNDY,monday.com Ltd.
764065,CLF,CLEVELAND-CLIFFS INC.
1433642,HLNE,Hamilton Lane INC
1050140,DSGX,DESCARTES SYSTEMS GROUP INC
875357,BOKF,BOK FINANCIAL CORP
769520,MIDD,MIDDLEBY Corp
350698,AN,"AUTONATION, INC."
751364,NNN,"NNN REIT, INC."
1977102,BIRK,Birkenstock Holding plc
1342874,TX,Ternium S.A.
913353,CIGI,Colliers International Group Inc.
924805,FRHC,Freedom Holding Corp.
1516324,BTDPY,Barratt Developments PLC/ADR
1828108,AUR,"Aurora Innovation, Inc."
1822993,JXN,Jackson Financial Inc.
1115055,PNFP,PINNACLE FINANCIAL PARTNERS INC
1510599,PDI,PIMCO Dynamic Income Fund
1773751,HIMS,"Hims & Hers Health, Inc."
1800667,FROG,JFrog Ltd
1689548,PRAX,"Praxis Precision Medicines, Inc."
941221,ICL,ICL Group Ltd.
1274173,JHG,JANUS HENDERSON GROUP PLC
915389,EMN,EASTMAN CHEMICAL CO
1861560,NUVL,"Nuvalent, Inc."
1838359,RGTI,"Rigetti Computing, Inc."
1073404,GGB,GERDAU S.A.
22356,CBSH,COMMERCE BANCSHARES INC /MO/
1467623,DBX,"DROPBOX, INC."
70145,NFG,NATIONAL FUEL GAS CO
918608,EGO,ELDORADO GOLD CORP /FI
1789832,HESM,Hess Midstream LP
1535929,VOYA,"Voya Financial, Inc."
1866368,CWAN,"Clearwater Analytics Holdings, Inc."
1487712,AL,AIR LEASE CORP
2084022,SFGYY,Sony Financial Group Inc./ADR
1109354,BRKR,BRUKER CORP
1711279,KRYS,"Krystal Biotech, Inc."
1649904,RYTM,"RHYTHM PHARMACEUTICALS, INC."
1116942,TTMI,TTM TECHNOLOGIES INC
1637810,FSV,FirstService Corp
1592386,VIRT,"Virtu Financial, Inc."
1046257,INGR,Ingredion Inc
840489,FCFS,"FirstCash Holdings, Inc."
1013131,BVN,BUENAVENTURA MINING CO INC
2011286,AMTM,"Amentum Holdings, Inc."
1783398,UWMC,UWM Holdings Corp
103379,VFC,V F CORP
1836470,SRAD,Sportradar Group AG
67347,MOD,MODINE MANUFACTURING CO
1479094,STAG,"STAG Industrial, Inc."
1580905,IBP,"Installed Building Products, Inc."
937556,MASI,MASIMO CORP
1003935,NICE,NICE Ltd.
1611983,LBRDA,Liberty Broadband Corp
18349,SNV,SYNOVUS FINANCIAL CORP
899689,VNO,VORNADO REALTY TRUST
1610618,CDTX,"Cidara Therapeutics, Inc."
800166,NGD,New Gold Inc. /FI
2063196,NTSK,Netskope Inc
1616862,AXTA,Axalta Coating Systems Ltd.
1791863,BEPC,Brookfield Renewable Corp
1829726,TFPM,Triple Flag Precious Metals Corp.
1041792,ELP,ENERGY CO OF PARANA
1297989,EXLS,"ExlService Holdings, Inc."
1745916,PFSI,"PennyMac Financial Services, Inc."
1144879,APLD,Applied Digital Corp.
1465128,STWD,"STARWOOD PROPERTY TRUST, INC."
1057877,IDA,IDACORP INC
906553,BYD,BOYD GAMING CORP
1971542,QMMM,QMMM Holdings Ltd
1651311,MRUS,Merus N.V.
88941,SMTC,SEMTECH CORP
1747777,OTF,Blue Owl Technology Finance Corp.
1639438,CAVA,"CAVA GROUP, INC."
23194,CRK,COMSTOCK RESOURCES INC
851968,MHK,MOHAWK INDUSTRIES INC
1877322,ESAB,ESAB Corp
1567683,CWEN,"Clearway Energy, Inc."
1278021,MKTX,MARKETAXESS HOLDINGS INC
1865782,BTSG,"BrightSpring Health Services, Inc."
912615,URBN,URBAN OUTFITTERS INC
876437,MTG,MGIC INVESTMENT CORP
908937,SIRI,SIRIUS XM HOLDINGS INC.
1639300,OLLI,"Ollie's Bargain Outlet Holdings, Inc."
920371,SSD,"Simpson Manufacturing Co., Inc."
1296445,ORA,"ORMAT TECHNOLOGIES, INC."
1361538,PRIM,Primoris Services Corp
918646,EXP,EAGLE MATERIALS INC
1784570,BETA,"BETA Technologies, Inc."
1526125,GDS,GDS Holdings Ltd
1835963,GLBE,Global-E Online Ltd.
1636222,WING,Wingstop Inc.
1627272,OR,OR Royalties Inc.
1626115,PJT,PJT Partners Inc.
1499620,TAL,TAL Education Group
1703056,ADT,ADT Inc.
277509,FSS,FEDERAL SIGNAL CORP /DE/
275880,PSN,PARSONS CORP
1026214,FMCC,FEDERAL HOME LOAN MORTGAGE CORP
1507079,FND,"Floor & Decor Holdings, Inc."
944695,THG,"HANOVER INSURANCE GROUP, INC."
714310,VLY,VALLEY NATIONAL BANCORP
1192448,GKOS,GLAUKOS Corp
201533,CMS-PB,CONSUMERS ENERGY CO
1282637,NEU,NEWMARKET CORP
1068851,PB,PROSPERITY BANCSHARES INC
1108426,TXNM,TXNM ENERGY INC
1124198,FLR,FLUOR CORP
1448893,ESNT,Essent Group Ltd.
63276,MAT,MATTEL INC /DE/
703351,EAT,"BRINKER INTERNATIONAL, INC"
1653653,RRR,"Red Rock Resorts, Inc."
2000178,LOAR,Loar Holdings Inc.
1347426,BMA,Macro Bank Inc.
1655888,OBDC,Blue Owl Capital Corp
1157557,CIG,ENERGY CO OF MINAS GERAIS
1653482,GTLB,Gitlab Inc.
2041918,LOTMY,Lottomatica Group S.p.A./ADR
889331,LFUS,LITTELFUSE INC /DE
1969302,PONY,Pony AI Inc.
100826,UELMO,UNION ELECTRIC CO
66570,MSA,MSA Safety Inc
1811414,QS,QuantumScape Corp
1990354,WAY,Waystar Holding Corp.
1472787,FAF,First American Financial Corp
19584,CHE,CHEMED CORP
1815442,KYMR,"Kymera Therapeutics, Inc."
824142,AAON,"AAON, INC."
1636519,MSGS,Madison Square Garden Sports Corp.
911177,CWST,CASELLA WASTE SYSTEMS INC
1836833,PL,Planet Labs PBC
1142417,NXST,"NEXSTAR MEDIA GROUP, INC."
56047,KEX,KIRBY CORP
37808,FNB,FNB CORP/PA/
1867072,KD,"Kyndryl Holdings, Inc."
1718227,ROAD,"Construction Partners, Inc."
1308547,DLB,"Dolby Laboratories, Inc."
1070081,PTCT,"PTC THERAPEUTICS, INC."
842162,LEA,LEAR CORP
1012100,SEE,SEALED AIR CORP/DE
1736035,BXSL,Blackstone Secured Lending Fund
772406,CRUS,"CIRRUS LOGIC, INC."
1476150,TRNO,Terreno Realty Corp
2042694,PRMB,Primo Brands Corp
40211,GATX,GATX CORP
1860742,BLCO,Bausch & Lomb Corp
1590714,ESI,Element Solutions Inc
1878057,SGHC,Super Group (SGHC) Ltd
1556593,RITM,Rithm Capital Corp.
1649094,PCVX,"Vaxcyte, Inc."
1360604,HR,Healthcare Realty Trust Inc
851205,CGNX,COGNEX CORP
1852244,GXO,"GXO Logistics, Inc."
1429937,BTG,B2GOLD CORP
1698535,NXE,NexGen Energy Ltd.
1519751,FBIN,"Fortune Brands Innovations, Inc."
1922641,ENLT,Enlight Renewable Energy Ltd.
1889109,BLTE,"BELITE BIO, INC"
1040829,RHP,"Ryman Hospitality Properties, Inc."
2001184,PACS,"PACS Group, Inc."
1563190,COMP,"Compass, Inc."
1018840,ANF,ABERCROMBIE & FITCH CO /DE/
1728951,EPRT,"ESSENTIAL PROPERTIES REALTY TRUST, INC."
717605,HXL,HEXCEL CORP /DE/
84246,RLI,RLI CORP
794367,M,"Macy's, Inc."
1869198,LTH,"Life Time Group Holdings, Inc."
98362,TKR,TIMKEN CO
1823529,ACT,"Enact Holdings, Inc."
1679273,LW,"Lamb Weston Holdings, Inc."
766421,ALK,"ALASKA AIR GROUP, INC."
1819989,CIFR,Cipher Mining Inc.
1021860,NOV,NOV Inc.
1576789,WIX,Wix.com Ltd.
1692115,SWX,"Southwest Gas Holdings, Inc."
1722684,WH,"WYNDHAM HOTELS & RESORTS, INC."
1437578,BFAM,BRIGHT HORIZONS FAMILY SOLUTIONS INC.
1562476,TMHC,Taylor Morrison Home Corp
2065601,CBC,"Central Bancompany, Inc."
2041385,RAL,Ralliant Corp
868671,GBCI,"GLACIER BANCORP, INC."
1809987,MIR,"Mirion Technologies, Inc."
2019061,SOBO,South Bow Corp
1388658,IRTC,"iRhythm Technologies, Inc."
1872195,BLSH,Bullish
916540,DAR,DARLING INGREDIENTS INC.
7536,ARW,"ARROW ELECTRONICS, INC."
1170010,KMX,CARMAX INC
932470,TEO,TELECOM ARGENTINA SA
1230245,PIPR,PIPER SANDLER COMPANIES
1334933,UEC,URANIUM ENERGY CORP
1032033,SLM,SLM Corp
60519,LPX,LOUISIANA-PACIFIC CORP
1603923,WFRD,Weatherford International plc
1794669,FOUR,"Shift4 Payments, Inc."
1169561,CVLT,COMMVAULT SYSTEMS INC
12659,HRB,H&R BLOCK INC
1659939,ENIC,Enel Chile S.A.
1801169,OPEN,Opendoor Technologies Inc.
1650729,SITE,"SiteOne Landscape Supply, Inc."
1005284,OLED,UNIVERSAL DISPLAY CORP \PA\
1718512,GTES,Gates Industrial Corp plc
887936,FCN,"FTI CONSULTING, INC"
1824502,ACHR,Archer Aviation Inc.
790526,RDNT,"RadNet, Inc."
1289308,ENS,EnerSys
1370637,ETSY,ETSY INC
1849853,STVN,Stevanato Group S.p.A.
1786352,BILL,"BILL Holdings, Inc."
1377121,PTGX,"Protagonist Therapeutics, Inc"
1331520,HOMB,HOME BANCSHARES INC
1786842,VNT,Vontier Corp
1622229,COGT,"Cogent Biosciences, Inc."
1853717,ATAT,Atour Lifestyle Holdings Ltd
1788348,BIPC,Brookfield Infrastructure Corp
730263,THO,THOR INDUSTRIES INC
1396440,MAIN,Main Street Capital CORP
784977,POR,PORTLAND GENERAL ELECTRIC CO /OR/
750577,HWC,HANCOCK WHITNEY CORP
96943,TFX,TELEFLEX INC
1610250,BOOT,"Boot Barn Holdings, Inc."
729986,UBSI,UNITED BANKSHARES INC/WV
1286043,KRG,KITE REALTY GROUP TRUST
1691421,LMND,"Lemonade, Inc."
1486159,CHRD,Chord Energy Corp
1070412,CNX,CNX Resources Corp
912767,UFPI,UFP INDUSTRIES INC
931427,TGS,GAS TRANSPORTER OF THE SOUTH INC
776867,WTM,WHITE MOUNTAINS INSURANCE GROUP LTD
1913577,SMNR,"Semnur Pharmaceuticals, Inc."
1520006,MTDR,Matador Resources Co
1740332,REZI,"RESIDEO TECHNOLOGIES, INC."
1378239,OMAB,Central North Airport Group
1130464,BKH,BLACK HILLS CORP /SD/
1114995,PI,IMPINJ INC
910073,FLG,"FLAGSTAR BANK, NATIONAL ASSOCIATION"
856982,MMSI,MERIT MEDICAL SYSTEMS INC
1739445,ACA,"Arcosa, Inc."
64996,MCY,MERCURY GENERAL CORP
1748797,DOO,BRP Inc.
1496919,MBRFY,MARFRIG GLOBAL FOODS S.A.
1357615,KBR,"KBR, INC."
1818201,CCC,CCC Intelligent Solutions Holdings Inc.
1014739,OPCH,"Option Care Health, Inc."
1530950,POST,"Post Holdings, Inc."
1974640,APGE,"Apogee Therapeutics, Inc."
1569650,OZK,Bank OZK
9092,BMI,BADGER METER INC
1764013,IMVT,"Immunovant, Inc."
1309108,WEX,WEX Inc.
355811,GNTX,GENTEX CORP
1596967,MC,Moelis & Co
1583708,S,"SentinelOne, Inc."
351569,ABCB,Ameris Bancorp
230557,SIGI,SELECTIVE INSURANCE GROUP INC
1469395,PAM,Pampa Energy Inc.
1762506,VIST,"Vista Energy, S.A.B. de C.V."
1699996,XNJJY,"Xinjiang Goldwind Science & Technology Co., Ltd./ADR"
866706,ESE,ESCO TECHNOLOGIES INC
861459,GVA,GRANITE CONSTRUCTION INC
883948,AUB,Atlantic Union Bankshares Corp
1581760,LIF,"Life360, Inc."
1897762,INGM,Ingram Micro Holding Corp
1822479,SHC,Sotera Health Co
1851003,ZETA,Zeta Global Holdings Corp.
1674416,CRSP,CRISPR Therapeutics AG
1370418,SLFPY,STANDARD LIFE PLC
885550,CACC,CREDIT ACCEPTANCE CORP
853816,LSTR,LANDSTAR SYSTEM INC
9326,BCPC,BALCHEM CORP
1337634,STUB,"StubHub Holdings, Inc."
913760,SNEX,StoneX Group Inc.
1031203,GPI,GROUP 1 AUTOMOTIVE INC
921638,SSRGF,SSR MINING INC.
1964789,HUT,Hut 8 Corp.
912766,LAUR,"LAUREATE EDUCATION, INC."
1345105,CPA,"Copa Holdings, S.A."
2017206,MRP,"Millrose Properties, Inc."
912242,MAC,MACERICH CO
1364479,HRI,HERC HOLDINGS INC
935036,ACIW,"ACI WORLDWIDE, INC."
1624794,CSW,"CSW INDUSTRIALS, INC."
1476204,PECO,"Phillips Edison & Company, Inc."
751978,VICR,VICOR CORP
1888886,GPCR,Structure Therapeutics Inc.
2071778,FRMI,Fermi Inc.
1126956,SR,SPIRE INC
1538118,YKLTY,"Yakult Honsha Co., LTD/ADR"
866291,ALGM,"ALLEGRO MICROSYSTEMS, INC."
1299709,AX,"Axos Financial, Inc."
890926,RDN,RADIAN GROUP INC
1109138,CAMT,CAMTEK LTD
1590895,CZR,"Caesars Entertainment, Inc."
2054696,NIQ,NIQ Global Intelligence plc
1032220,MMS,"MAXIMUS, INC."
78890,BCO,BRINKS CO
913290,FRO,Frontline plc
806968,WPP,WPP plc
14930,BC,BRUNSWICK CORP
1477294,ST,Sensata Technologies Holding plc
1445305,WK,WORKIVA INC
1504764,AVAL,Grupo Aval Acciones Y Valores S.A.
1786431,REYN,Reynolds Consumer Products Inc.
1083301,WULF,TERAWULF INC.
1402388,WFG,"WEST FRASER TIMBER CO., LTD"
1258602,NNI,NELNET INC
1482512,HPP,"Hudson Pacific Properties, Inc."
1107843,QLYS,"QUALYS, INC."
104889,GHC,Graham Holdings Co
90896,SKY,"Champion Homes, Inc."
812011,MTN,VAIL RESORTS INC
1071321,TKC,TURKCELL ILETISIM HIZMETLERI A S
78150,PHI,PLDT Inc.
1869666,HAPVY,Hapvida Participacoes e Investimentos S.A./ADR
1981792,HHH,Howard Hughes Holdings Inc.
1051512,TDS,TELEPHONE & DATA SYSTEMS INC /DE/
1001316,TGTX,"TG THERAPEUTICS, INC."
1856314,YOU,"Clear Secure, Inc."
1174169,AQN,ALGONQUIN POWER & UTILITIES CORP.
1492298,SBRA,"Sabra Health Care REIT, Inc."
1615903,IFS,Intercorp Financial Services Inc.
1167419,RIOT,"Riot Platforms, Inc."
1003078,MSM,MSC INDUSTRIAL DIRECT CO INC
1672013,GOLF,Acushnet Holdings Corp.
833079,MTH,Meritage Homes CORP
278166,CVCO,"CAVCO INDUSTRIES, INC."
1434588,LOPE,"Grand Canyon Education, Inc."
1334036,CROX,"Crocs, Inc."
797721,VSAT,VIASAT INC
1692063,SNDR,"Schneider National, Inc."
356309,NJR,NEW JERSEY RESOURCES CORP
1691303,HCC,"WARRIOR MET COAL, INC."
1587732,OGS,"ONE Gas, Inc."
1571123,SAIC,Science Applications International Corp
821130,AD,"ARRAY DIGITAL INFRASTRUCTURE, INC."
1306830,CE,Celanese Corp
1520262,ALKS,Alkermes plc.
913142,BDC,BELDEN INC.
1603454,CELC,Celcuity Inc.
1840776,HGTY,"Hagerty, Inc."
2018852,SHTPY,SCHOTT Pharma AG & Co. KGaA/ADR
1311370,LAZ,"Lazard, Inc."
1361658,TNL,Travel & Leisure Co.
1680056,ORLA,Orla Mining Ltd.
1144980,ABG,ASBURY AUTOMOTIVE GROUP INC
1389050,AROC,"Archrock, Inc."
1710366,CNR,"Core Natural Resources, Inc."
887153,SIM,"GRUPO SIMEC, S.A.B. de C.V."
1451505,RIG,Transocean Ltd.
1600033,ELF,"e.l.f. Beauty, Inc."
2052568,LGN,Legence Corp.
813762,IEP,ICAHN ENTERPRISES L.P.
57515,MZTI,MARZETTI CO
2091467,BGSI,Boyd Group Services Inc.
1521036,LNTH,"Lantheus Holdings, Inc."
1070494,ACAD,ACADIA PHARMACEUTICALS INC
723612,CAR,"AVIS BUDGET GROUP, INC."
1839341,CORZ,"Core Scientific, Inc./tx"
1410384,QTWO,"Q2 Holdings, Inc."
1164863,NPO,Enpro Inc.
1889956,OS,"OneStream, Inc."
1727196,SRRK,Scholar Rock Holding Corp
1625297,INDV,INDIVIOR PLC
1895262,NE,Noble Corp plc
1449664,NWSGY,CTF Services Ltd
919012,AEO,AMERICAN EAGLE OUTFITTERS INC
1025996,KRC,KILROY REALTY CORP
1408075,GPK,GRAPHIC PACKAGING HOLDING CO
717423,MUR,MURPHY OIL CORP
1581990,PAGP,PLAINS GP HOLDINGS LP
1793659,RSI,"Rush Street Interactive, Inc."
1263364,COPR,Idaho Copper Corp
1065059,LEU,CENTRUS ENERGY CORP
1658247,CRNX,"Crinetics Pharmaceuticals, Inc."
1046311,CHH,CHOICE HOTELS INTERNATIONAL INC /DE
1854587,CLBT,Cellebrite DI Ltd.
1178879,FOLD,"AMICUS THERAPEUTICS, INC."
1582961,DOCN,"DigitalOcean Holdings, Inc."
1831363,TERN,"Terns Pharmaceuticals, Inc."
1049521,MRCY,MERCURY SYSTEMS INC
1690680,NMRK,"NEWMARK GROUP, INC."
2015845,ECG,"Everus Construction Group, Inc."
1368514,ADMA,"ADMA BIOLOGICS, INC."
1856437,VSCO,Victoria's Secret & Co.
100591,AGX,ARGAN INC
25232,CUZ,COUSINS PROPERTIES INC
1039065,OSIS,OSI SYSTEMS INC
1039399,FORM,FORMFACTOR INC
849869,SLGN,SILGAN HOLDINGS INC
91767,SON,SONOCO PRODUCTS CO
1038074,SLAB,SILICON LABORATORIES INC.
1372612,BOX,BOX INC
1466085,IRT,"INDEPENDENCE REALTY TRUST, INC."
1076930,NOVT,NOVANTA INC
36029,FFIN,FIRST FINANCIAL BANKSHARES INC
1273813,AGO,ASSURED GUARANTY LTD
7789,ASB,ASSOCIATED BANC-CORP
1469367,RUN,Sunrun Inc.
1921963,ATMU,Atmus Filtration Technologies Inc.
88121,SEB,SEABOARD CORP /DE/
1012019,RUSHA,RUSH ENTERPRISES INC \TX\
1647639,UPST,"Upstart Holdings, Inc."
825313,AB,ALLIANCEBERNSTEIN HOLDING L.P.
780571,ITRI,"ITRON, INC."
38725,FELE,FRANKLIN ELECTRIC CO INC
1639723,NAVN,"Navan, Inc."
1094831,BGC,"BGC Group, Inc."
1717393,CAAP,CORPORACION AMERICA AIRPORTS S.A.
1570827,VCTR,"Victory Capital Holdings, Inc."
1468642,AUGO,Aura Minerals Inc.
1290109,LPL,"LG Display Co., Ltd."
1727263,FTDR,"Frontdoor, Inc."
1463101,ENPH,"Enphase Energy, Inc."
1840856,SOUN,"SOUNDHOUND AI, INC."
1698990,MGY,Magnolia Oil & Gas Corp
1846832,DLO,dLocal Ltd
913059,BBAR,Banco BBVA Argentina S.A.
1756262,TMDX,"TransMedics Group, Inc."
1618563,NSA,National Storage Affiliates Trust
1934850,FG,"F&G Annuities & Life, Inc."
314590,SSL,SASOL LTD
1422183,FSK,FS KKR Capital Corp
1810546,EBC,"Eastern Bankshares, Inc."
1077428,TCBI,TEXAS CAPITAL BANCSHARES INC/TX
701985,BBWI,"Bath & Body Works, Inc."
1568651,OSCR,"Oscar Health, Inc."
315709,IBOC,INTERNATIONAL BANCSHARES CORP
1317685,ALH,Alliance Laundry Holdings Inc.
1224608,CNO,"CNO Financial Group, Inc."
1759425,MIRM,"Mirum Pharmaceuticals, Inc."
1880319,PRM,"Perimeter Solutions, Inc."
793733,SKYW,SKYWEST INC
106640,WHR,WHIRLPOOL CORP /DE/
1820872,GBTG,"Global Business Travel Group, Inc."
102752,VSEC,VSE CORP
1056288,FHI,"FEDERATED HERMES, INC."
2044153,NGXXF,NGEx Minerals Ltd.
1579877,OUT,OUTFRONT Media Inc.
1094972,UGP,ULTRAPAR HOLDINGS INC
2067129,NP,Neptune Insurance Holdings Inc.
874499,GPOR,GULFPORT ENERGY CORP
1517228,COMM,"CommScope Holding Company, Inc."
2035697,PLBL,Polibeli Group Ltd
1801198,LEGN,Legend Biotech Corp
1822966,SMR,NUSCALE POWER Corp
1609253,CRC,California Resources Corp
310142,SXT,SENSIENT TECHNOLOGIES CORP
67716,MDU,MDU RESOURCES GROUP INC
1955520,KNF,Knife River Corp
1936258,NAMS,NewAmsterdam Pharma Co N.V.
912093,VIAV,VIAVI SOLUTIONS INC.
1607678,VKTX,"Viking Therapeutics, Inc."
1993004,NWE,"NorthWestern Energy Group, Inc."
1561894,HASI,"HA Sustainable Infrastructure Capital, Inc."
1841156,PAY,"Paymentus Holdings, Inc."
1723128,AMRX,"Amneal Pharmaceuticals, Inc."
925261,AKO-A,ANDINA BOTTLING CO INC
1745431,STNE,StoneCo Ltd.
1832466,ALHC,"Alignment Healthcare, Inc."
1674168,HGV,Hilton Grand Vacations Inc.
785786,PLXS,PLEXUS CORP
1605331,ABQQ,AI Era Corp.
3453,MATX,"Matson, Inc."
43920,GEF,"GREIF, INC"
1430723,SFBS,"ServisFirst Bancshares, Inc."
8858,AVT,AVNET INC
1430162,CSAN,Cosan S.A.
1866364,BULL,Webull Corp
1995807,LB,LandBridge Co LLC
1529864,ENVA,"Enova International, Inc."
1985406,NEXHY,"Nippon Express Holdings, Inc./ADR"
1545057,PTXKY,PT XLSMART Telecom Sejahtera Tbk/ADR
1361113,VRNS,VARONIS SYSTEMS INC
313143,HAE,HAEMONETICS CORP
16160,CALM,CAL-MAINE FOODS INC
1676238,BRZE,"Braze, Inc."
80420,POWL,POWELL INDUSTRIES INC
899715,SKT,TANGER INC.
1978954,TBBB,BBB FOODS INC
1570585,LBTYA,Liberty Global Ltd.
1207179,GLNG,GOLAR LNG LTD
1494259,CARG,"CarGurus, Inc."
1045450,EPR,EPR PROPERTIES
857855,UCB,UNITED COMMUNITY BANKS INC
1173420,NG,NOVAGOLD RESOURCES INC
1438472,MIAX,"MIAMI INTERNATIONAL HOLDINGS, INC."
1041803,PSMT,PRICESMART INC
1454144,ERELY,Eregli Demir ve Celik Fabrikalari TAS/ADR
1786205,ACLX,"Arcellx, Inc."
868780,DORM,"Dorman Products, Inc."
1069878,TREX,TREX CO INC
1818331,WGS,GeneDx Holdings Corp.
730464,ATGE,Adtalem Global Education Inc.
1381668,TFSL,TFS Financial CORP
806628,DNP,DNP SELECT INCOME FUND INC
1565687,INTA,"Intapp, Inc."
1144800,TAC,TRANSALTA CORP
1628369,CWK,Cushman & Wakefield Ltd.
2006911,HMKIY,Huhtamaki Oyj/ADR
2070849,BLLN,"BillionToOne, Inc."
1864163,INTR,"Inter & Co, Inc."
1350593,MWA,"Mueller Water Products, Inc."
886163,LGND,LIGAND PHARMACEUTICALS INC
1805077,EOSE,"Eos Energy Enterprises, Inc."
1849635,DJT,Trump Media & Technology Group Corp.
1276520,GNW,GENWORTH FINANCIAL INC
1646188,ONDS,Ondas Holdings Inc.
1685040,BHF,"Brighthouse Financial, Inc."
1674910,VVV,VALVOLINE INC
746598,BRC,BRADY CORP
1455863,COLD,AMERICOLD REALTY TRUST
1088856,CORT,CORCEPT THERAPEUTICS INC
949157,CENX,CENTURY ALUMINUM CO
1673743,HNGE,"Hinge Health, Inc."
1847903,CNTA,Centessa Pharmaceuticals plc
2074973,CCXI,Churchill Capital Corp XI
877860,NHI,NATIONAL HEALTH INVESTORS INC
776901,INDB,INDEPENDENT BANK CORP
1468091,VEON,VEON Ltd.
1997350,ARX,Accelerant Holdings
1868941,FLNC,"Fluence Energy, Inc."
1476765,GBDC,"GOLUB CAPITAL BDC, Inc."
1064728,BTU,PEABODY ENERGY CORP
1761312,PLMR,"Palomar Holdings, Inc."
76605,PATK,PATRICK INDUSTRIES INC
1757073,NVST,Envista Holdings Corp
1831828,VERA,"Vera Therapeutics, Inc."
314808,VAL,Valaris Ltd
1670592,YETI,"YETI Holdings, Inc."
1682745,VRRM,VERRA MOBILITY Corp
1544522,FRSH,Freshworks Inc.
795266,KBH,KB HOME
860413,FIBK,FIRST INTERSTATE BANCSYSTEM INC
1860160,FLY,Firefly Aerospace Inc.
1533082,EBOSY,EBOS Group Limited/ADR
931015,PII,Polaris Inc.
1787306,ARQT,"Arcutis Biotherapeutics, Inc."
1434614,SAND,SANDSTORM GOLD LTD
77543,TPC,TUTOR PERINI CORP
760498,BANF,BANCFIRST CORP /OK/
52827,RYN,RAYONIER INC
16040,CBT,CABOT CORP
1560968,SMSEY,Samsonite International SA/ADR
883984,ICUI,ICU MEDICAL INC/DE
1735707,GTX,Garrett Motion Inc.
1406666,CALX,"CALIX, INC"
851520,EXPO,EXPONENT INC
97216,TEX,TEREX CORP
1861737,HSAI,Hesai Group
717954,UNF,UNIFIRST CORP
700564,FULT,FULTON FINANCIAL CORP
1040971,SLG,SL GREEN REALTY CORP
1195737,NEA,Nuveen AMT-Free Quality Municipal Income Fund
1819790,TARS,"Tarsus Pharmaceuticals, Inc."
874866,CRVL,CORVEL CORP
1620533,SHAK,Shake Shack Inc.
1582313,XENE,Xenon Pharmaceuticals Inc.
50725,GFF,GRIFFON CORP
56679,KFY,KORN FERRY
1611005,KEN,Kenon Holdings Ltd.
1385849,UUUU,ENERGY FUELS INC
745308,JOE,ST JOE Co
1424182,BNL,"Broadstone Net Lease, Inc."
1600928,HPHTY,Hamamatsu Photonics K.K./ADR
82020,USLM,UNITED STATES LIME & MINERALS INC
1647088,WSC,WillScot Holdings Corp
1811210,LCID,"Lucid Group, Inc."
1795250,SPHR,Sphere Entertainment Co.
1666134,BL,"BLACKLINE, INC."
1280784,HTGC,"Hercules Capital, Inc."
1438533,TVTX,"Travere Therapeutics, Inc."
1267395,AHL,ASPEN INSURANCE HOLDINGS LTD
1760965,KTB,"Kontoor Brands, Inc."
1507605,MARA,"MARA Holdings, Inc."
832988,SIG,SIGNET JEWELERS LTD
700923,MYRG,MYR GROUP INC.
1466593,OTTR,Otter Tail Corp
825542,SMG,SCOTTS MIRACLE-GRO CO
1092699,SPSC,SPS COMMERCE INC
799292,MHO,"M/I HOMES, INC."
1101215,BFH,"BREAD FINANCIAL HOLDINGS, INC."
1528849,RH,RH
1639691,LIVN,LivaNova PLC
886346,KAI,KADANT INC
1504008,BKU,"BankUnited, Inc."
1834622,HAYW,"Hayward Holdings, Inc."
1991792,CGON,"CG Oncology, Inc."
715072,RNST,RENASANT CORP
861842,CATY,CATHAY GENERAL BANCORP
1699031,GRAL,"GRAIL, Inc."
78749,AGYS,AGILYSYS INC
1817358,ASO,"Academy Sports & Outdoors, Inc."
1384101,VCYT,"VERACYTE, INC."
1057706,FBP,FIRST BANCORP /PR/
1530238,JOYY,JOYY Inc.
1964504,ARMN,Aris Mining Corp
1798562,TMC,TMC the metals Co Inc.
1697500,SEI,"Solaris Energy Infrastructure, Inc."
1356570,WNS,WNS (HOLDINGS) LTD
1395942,KAR,"OPENLANE, Inc."
1061630,BXMT,"BLACKSTONE MORTGAGE TRUST, INC."
1750,AIR,AAR CORP
1263994,UTG,REAVES UTILITY INCOME FUND
1477720,ASAN,"Asana, Inc."
1794515,GTM,ZoomInfo Technologies Inc.
1518715,MCHB,Mechanics Bancorp
78239,PVH,PVH CORP. /DE/
8947,AZZ,AZZ INC
1818794,DYN,"Dyne Therapeutics, Inc."
39368,FUL,FULLER H B CO
860546,CDP,COPT DEFENSE PROPERTIES
1767042,KGS,"Kodiak Gas Services, Inc."
1561861,AERO,"Grupo Aeromexico, S.A.B. de C.V."
1284812,CNS,"COHEN & STEERS, INC."
1029199,EEFT,"EURONET WORLDWIDE, INC."
1772016,BRBR,"BELLRING BRANDS, INC."
1888447,EE,"Excelerate Energy, Inc."
203596,WSBC,WESBANCO INC
1806837,VERX,"Vertex, Inc."
1492422,APLS,"Apellis Pharmaceuticals, Inc."
1547903,NMIH,"NMI Holdings, Inc."
1631574,WVE,Wave Life Sciences Ltd.
36377,FHB,"FIRST HAWAIIAN, INC."
1951070,MH,"McGraw Hill, Inc."
1329394,SIMO,Silicon Motion Technology CORP
1699136,WHD,"Cactus, Inc."
1534504,PBF,PBF Energy Inc.
104918,AVA,AVISTA CORP
1800227,IAC,IAC Inc.
1730430,KNSA,"Kiniksa Pharmaceuticals International, plc"
39899,TGNA,TEGNA INC
1350653,ATEC,"Alphatec Holdings, Inc."
1654795,BBU,Brookfield Business Partners L.P.
26780,DAN,DANA Inc
1295401,TBBK,"Bancorp, Inc."
828944,WSFS,WSFS FINANCIAL CORP
1231346,SA,SEABRIDGE GOLD INC
1275214,CSQ,CALAMOS STRATEGIC TOTAL RETURN FUND
1338749,PCH,POTLATCHDELTIC CORP
730708,SBCF,SEACOAST BANKING CORP OF FLORIDA
1489079,ADOOY,Adaro Energy PT/ADR/
886977,MEOH,METHANEX CORP
1811063,NUVB,Nuvation Bio Inc.
1280058,BLKB,BLACKBAUD INC
1795589,KC,Kingsoft Cloud Holdings Ltd
1280263,AMBA,AMBARELLA INC
1657573,XMTR,"Xometry, Inc."
1169770,BANC,"BANC OF CALIFORNIA, INC."
2035304,TTAM,Titan America SA
723188,CBU,"COMMUNITY FINANCIAL SYSTEM, INC."
1295947,PBH,Prestige Consumer Healthcare Inc.
2070457,XXI,"Twenty One Capital, Inc."
1676725,IDYA,"IDEAYA Biosciences, Inc."
913241,SHOO,"STEVEN MADDEN, LTD."
1111928,IPGP,IPG PHOTONICS CORP
1482981,COCO,"Vita Coco Company, Inc."
1050797,COLM,COLUMBIA SPORTSWEAR CO
1341335,FSM,FORTUNA MINING CORP.
1287865,MPW,MEDICAL PROPERTIES TRUST INC
1365135,WU,Western Union CO
1819576,LQDA,Liquidia Corp
1816736,IRON,"Disc Medicine, Inc."
1777921,AVPT,"AvePoint, Inc."
2062440,KYIV,Kyivstar Group Ltd.
1289848,HURN,Huron Consulting Group Inc.
1679688,DBRG,"DigitalBridge Group, Inc."
1841408,DAVE,Dave Inc./DE
1694028,LBRT,Liberty Energy Inc.
69891,FIZZ,NATIONAL BEVERAGE CORP
1086600,ARLP,ALLIANCE RESOURCE PARTNERS LP
1649749,FBK,FB Financial Corp
1611647,FRPT,"Freshpet, Inc."
1867729,WRD,WeRide Inc.
1590750,VRDN,"Viridian Therapeutics, Inc.\DE"
1902733,NCNO,"nCino, Inc."
1687221,REVG,"REV Group, Inc."
46250,HWKN,HAWKINS INC
1828365,RLX,RLX Technology Inc.
1381640,MLCO,Melco Resorts & Entertainment LTD
1526243,PPTA,PERPETUA RESOURCES CORP.
19745,CPK,CHESAPEAKE UTILITIES CORP
1724521,RCUS,"Arcus Biosciences, Inc."
1853860,ERO,Ero Copper Corp.
763744,LCII,LCI INDUSTRIES
1619762,BRSL,Brightstar Lottery PLC
1493318,ETOR,eToro Group Ltd.
910108,LXP,LXP Industrial Trust
2035057,IFHLY,Inficon Holding AG/ADR
1759655,PRVA,"Privia Health Group, Inc."
1379438,EXG,Eaton Vance Tax-Managed Global Diversified Equity Income Fund
1562294,EYUBY,Electricity Generating Public Co Limited/ADR
1530721,CPRI,Capri Holdings Ltd
899629,AKR,ACADIA REALTY TRUST
1854640,CGAU,Centerra Gold Inc.
1216583,JPC,Nuveen Preferred & Income Opportunities Fund
921082,HIW,"HIGHWOODS PROPERTIES, INC."
817720,SYNA,SYNAPTICS Inc
1782170,RELY,"Remitly Global, Inc."
1557860,GLOB,Globant S.A.
2065708,ANDG,Andersen Group Inc.
816761,TDC,TERADATA CORP /DE/
1713748,SKE,Skeena Resources Ltd
937098,TNET,"TRINET GROUP, INC."
1933414,MLYS,"Mineralys Therapeutics, Inc."
1517302,APAM,Artisan Partners Asset Management Inc.
1369568,CPRX,"CATALYST PHARMACEUTICALS, INC."
1161728,MGEE,MGE ENERGY INC
1604481,CMBT,CMB.TECH NV
1122976,AVNT,AVIENT CORP
46765,HP,"Helmerich & Payne, Inc."
1356576,SUPN,"SUPERNUS PHARMACEUTICALS, INC."
1660280,TENB,"Tenable Holdings, Inc."
1157408,LRN,"Stride, Inc."
1993344,AAUC,Allied Gold Corp
1522727,USAC,"USA Compression Partners, LP"
1974138,NATL,NCR Atleos Corp
1712807,PAGS,PagSeguro Digital Ltd.
1745999,BEAM,Beam Therapeutics Inc.
1418121,APLE,"Apple Hospitality REIT, Inc."
1056903,AWR,AMERICAN STATES WATER CO
1083839,NAD,Nuveen Quality Municipal Income Fund
2230,ADX,"ADAMS DIVERSIFIED EQUITY FUND, INC."
1997464,MRX,Marex Group plc
1717161,CEPU,CENTRAL PUERTO S.A.
1593275,HG,"Hamilton Insurance Group, Ltd."
1726978,GSHD,"Goosehead Insurance, Inc."
1277866,EXK,ENDEAVOUR SILVER CORP
315213,RHI,ROBERT HALF INC.
1866175,CRGY,Crescent Energy Co
1561680,TPH,"Tri Pointe Homes, Inc."
1114483,ITGR,Integer Holdings Corp
1328581,BCC,BOISE CASCADE Co
1549107,MANU,Manchester United plc
944148,CBZ,"CBIZ, Inc."
1093691,PLUG,PLUG POWER INC
1845257,LFST,"LifeStance Health Group, Inc."
885245,BKE,BUCKLE INC
1385280,CNK,"Cinemark Holdings, Inc."
1373670,GRBK,"Green Brick Partners, Inc."
90498,SFNC,SIMMONS FIRST NATIONAL CORP
1609550,INSP,"Inspire Medical Systems, Inc."
46195,BOH,BANK OF HAWAII CORP
822663,IPAR,INTERPARFUMS INC
827876,CLSK,"CLEANSPARK, INC."
1090116,NVG,Nuveen AMT-Free Municipal Credit Income Fund
25445,CXT,"Crane NXT, Co."
1024305,COTY,COTY INC.
1674862,ASH,ASHLAND INC.
1023512,DRD,DRDGOLD LTD
1958140,BATRA,"Atlanta Braves Holdings, Inc."
98677,TR,TOOTSIE ROLL INDUSTRIES INC
1815779,HAFN,Hafnia Ltd
1394832,ATS,ATS Corp /ATS
105132,WDFC,WD 40 CO
1504776,WRBY,Warby Parker Inc.
1741530,QFIN,"Qfin Holdings, Inc."
2052959,LION,Lionsgate Studios Corp.
1527636,ATHM,Autohome Inc.
310354,SXI,STANDEX INTERNATIONAL CORP/DE/
1483934,STNG,Scorpio Tankers Inc.
1834489,GENI,Genius Sports Ltd
1563411,CSTM,CONSTELLIUM SE
1838406,BKV,BKV Corp
1627475,UPWK,"UPWORK, INC"
1710072,EWTX,"Edgewise Therapeutics, Inc."
1688568,DXC,DXC Technology Co
1441683,APPN,APPIAN CORP
1803599,CNXC,Concentrix Corp
1486749,HYPMY,Hypermarcas S.A.
1830918,MAUTF,Montage Gold Corp.
1704715,AMR,"Alpha Metallurgical Resources, Inc."
940942,HUBG,"Hub Group, Inc."
1877787,ZGN,Ermenegildo Zegna N.V.
1820144,GRND,Grindr Inc.
1111335,VC,VISTEON CORP
1611547,UE,Urban Edge Properties
771497,ABM,ABM INDUSTRIES INC /DE/
1393434,OCUL,"OCULAR THERAPEUTIX, INC"
752714,MGRC,MCGRATH RENTCORP
1035201,CWT,CALIFORNIA WATER SERVICE GROUP
1178970,PFS,PROVIDENT FINANCIAL SERVICES INC
1969373,VTMX,"Vesta Real Estate Corporation, S.A.B. de C.V."
1714899,DNLI,Denali Therapeutics Inc.
885590,BHC,Bausch Health Companies Inc.
1104657,MTRN,MATERION Corp
1639825,PTON,"PELOTON INTERACTIVE, INC."
108516,WOR,"WORTHINGTON ENTERPRISES, INC."
1380936,GOF,GUGGENHEIM STRATEGIC OPPORTUNITIES FUND
1332349,BKD,Brookdale Senior Living Inc.
932696,NSIT,INSIGHT ENTERPRISES INC
1045986,FORTY,FORMULA SYSTEMS (1985) LTD
1680062,ACMR,"ACM Research, Inc."
1376139,CVI,CVR ENERGY INC
1654126,ZIM,ZIM Integrated Shipping Services Ltd.
1576018,SPNT,SiriusPoint Ltd
1459200,ALRM,"Alarm.com Holdings, Inc."
1952073,MSGE,Madison Square Garden Entertainment Corp.
354647,CVBF,CVB FINANCIAL CORP
860748,KMPR,KEMPER Corp
1636282,SYRE,"Spyre Therapeutics, Inc."
1517175,CHEF,"Chefs' Warehouse, Inc."
2089661,SUNC,SunocoCorp LLC
1825570,PAX,Patria Investments Ltd
1210677,FA,FIRST ADVANTAGE CORP
1512920,SII,SPROTT INC.
1113232,ACLS,AXCELIS TECHNOLOGIES INC
2014596,CON,"Concentra Group Holdings Parent, Inc."
1595761,WB,WEIBO Corp
887596,CAKE,CHEESECAKE FACTORY INC
1981599,CTRI,"Centuri Holdings, Inc."
1871130,BBUC,Brookfield Business Corp
2007191,TLX,Telix Pharmaceuticals Ltd
42582,GT,GOODYEAR TIRE & RUBBER CO /OH/
98222,TDW,TIDEWATER INC
1876183,IHS,IHS Holding Ltd
1384905,RNG,"RingCentral, Inc."
1488813,CUBI,"Customers Bancorp, Inc."
1328237,DBC,Invesco DB Commodity Index Tracking Fund
793952,HOG,"HARLEY-DAVIDSON, INC."
28823,DBD,"DIEBOLD NIXDORF, Inc"
1484565,SLNO,SOLENO THERAPEUTICS INC
1899123,BTDR,Bitdeer Technologies Group
1279495,BTE,BAYTEX ENERGY CORP.
1400810,HCI,"HCI Group, Inc."
1464521,HTFL,"Heartflow, Inc."
1478320,ADPT,Adaptive Biotechnologies Corp
1260729,GDV,GABELLI DIVIDEND & INCOME TRUST
1190935,PTY,PIMCO CORPORATE & INCOME OPPORTUNITY FUND
708955,FFBC,FIRST FINANCIAL BANCORP /OH/
1599617,DNOW,DNOW Inc.
936528,WAFD,WAFD INC
2023311,AAPG,ASCENTAGE PHARMA GROUP INTERNATIONAL
1845097,AMBP,Ardagh Metal Packaging S.A.
805676,PRK,PARK NATIONAL CORP /OH/
1650132,FCPT,"Four Corners Property Trust, Inc."
2027317,CURB,Curbline Properties Corp.
1886428,SLDE,"Slide Insurance Holdings, Inc."
1555815,TSCFY,Tisco Financial Group Public Co Limited/ADR
1968915,PHIN,PHINIA INC.
1804745,DRVN,Driven Brands Holdings Inc.
1823144,CMPO,"CompoSecure, Inc."
1137887,NZF,Nuveen Municipal Credit Income Fund
1529274,ALKT,"ALKAMI TECHNOLOGY, INC."
1340736,ETY,Eaton Vance Tax-Managed Diversified Equity Income Fund
73756,OII,OCEANEERING INTERNATIONAL INC
1362988,AYR,Aircastle LTD
1679049,INSW,"International Seaways, Inc."
81362,KWR,QUAKER CHEMICAL CORP
74303,OLN,OLIN Corp
1063259,DNN,DENISON MINES CORP.
1552797,DKL,"Delek Logistics Partners, LP"
56978,KLIC,KULICKE & SOFFA INDUSTRIES INC
1158114,AAOI,"APPLIED OPTOELECTRONICS, INC."
814083,CLM,"Cornerstone Strategic Investment Fund, Inc."
1472012,IMNM,Immunome Inc.
888746,CCU,UNITED BREWERIES CO INC
1275617,UTF,COHEN & STEERS INFRASTRUCTURE FUND INC
1158449,AAP,ADVANCE AUTO PARTS INC
1836981,BBAI,"BigBear.ai Holdings, Inc."
889900,PTEN,PATTERSON UTI ENERGY INC
36146,TRMK,TRUSTMARK CORP
1603015,VIA,"Via Transportation, Inc."
1534675,TGLS,Tecnoglass Inc.
1022408,PLUS,EPLUS INC
1648257,HCM,HUTCHMED (China) Ltd
1595974,MGNI,"MAGNITE, INC."
1345099,MESO,MESOBLAST LTD
1879016,IE,Ivanhoe Electric Inc.
1509589,CIVI,"CIVITAS RESOURCES, INC."
1692787,KNTK,Kinetik Holdings Inc.
1907085,ODD,Oddity Tech Ltd
1437545,OSSUY,Embla Medical HF/ADR
1758009,QUBT,Quantum Computing Inc.
1128928,FLO,FLOWERS FOODS INC
29002,DIOD,DIODES INC /DEL/
885639,KSS,KOHLS Corp
1811935,PTRN,Pattern Group Inc.
923796,GEO,GEO GROUP INC
818479,XRAY,DENTSPLY SIRONA Inc.
1508475,VNET,"VNET Group, Inc."
812074,OI,"O-I Glass, Inc. /DE/"
1670061,ALM,Almonty Industries Inc.
873303,SRPT,"Sarepta Therapeutics, Inc."
1764046,CLVT,CLARIVATE PLC
1070235,BB,BLACKBERRY Ltd
1417398,HI,"Hillenbrand, Inc."
1364250,DEI,Douglas Emmett Inc
2032966,TIC,"TIC Solutions, Inc."
1078271,EXTR,EXTREME NETWORKS INC
1108134,BBT,Beacon Financial Corp
1515673,RARE,Ultragenyx Pharmaceutical Inc.
1816007,LU,Lufax Holding Ltd
1551306,PGNY,"Progyny, Inc."
1873951,XZO,"Exzeo Group, Inc."
1386716,SBLK,Star Bulk Carriers Corp.
1853145,EVCM,EverCommerce Inc.
1307748,IVT,InvenTrust Properties Corp.
1005757,CSGS,CSG SYSTEMS INTERNATIONAL INC
1409970,LC,LendingClub Corp
790359,NBTB,NBT BANCORP INC
1662991,SEZL,Sezzle Inc.
712534,FRME,FIRST MERCHANTS CORP
946673,BANR,BANNER CORP
55242,KMT,KENNAMETAL INC
784199,AORT,"ARTIVION, INC."
2013649,CHA,Chagee Holdings Ltd.
1737706,SDRL,Seadrill Ltd
1653477,NGVT,Ingevity Corp
1802665,HRMY,"Harmony Biosciences Holdings, Inc."
1421876,GLPG,GALAPAGOS NV
1746618,RVLV,"Revolve Group, Inc."
921738,PENN,"PENN Entertainment, Inc."
837465,MODG,Topgolf Callaway Brands Corp.
1830081,RUM,Rumble Inc.
893538,SM,SM Energy Co
1265131,HTH,Hilltop Holdings Inc.
99780,TRN,TRINITY INDUSTRIES INC
1666138,ATKR,Atkore Inc.
3197,CECO,CECO ENVIRONMENTAL CORP
1601830,RXRX,"RECURSION PHARMACEUTICALS, INC."
1758488,OSW,ONESPAWORLD HOLDINGS Ltd
1522540,MQ,"Marqeta, Inc."
1047335,NHC,NATIONAL HEALTHCARE CORP
949870,SAM,BOSTON BEER CO INC
729580,BELFA,BEL FUSE INC /NJ
354707,HE,HAWAIIAN ELECTRIC INDUSTRIES INC
1314727,SONO,Sonos Inc
94344,STC,STEWART INFORMATION SERVICES CORP
1049659,SID,NATIONAL STEEL CO
1688757,ESTA,ESTABLISHMENT LABS HOLDINGS INC.
1819796,GCMG,GCM Grosvenor Inc.
1012477,AVDL,AVADEL PHARMACEUTICALS PLC
1043509,SAH,SONIC AUTOMOTIVE INC
890564,ASGN,ASGN Inc
1336917,UAA,"Under Armour, Inc."
811589,FBNC,FIRST BANCORP /NC/
314489,BUSE,FIRST BUSEY CORP /NV/
1600620,AUPH,Aurinia Pharmaceuticals Inc.
1104485,NOG,"NORTHERN OIL & GAS, INC."
1293613,KYN,"Kayne Anderson Energy Infrastructure Fund, Inc."
1617406,PK,Park Hotels & Resorts Inc.
926326,OMCL,"OMNICELL, INC."
1653242,NTB,Bank of N.T. Butterfield & Son Ltd
1929561,RXO,"RXO, Inc."
1519449,SKWD,"Skyward Specialty Insurance Group, Inc."
1290677,TPB,"Turning Point Brands, Inc."
1770787,TXG,"10x Genomics, Inc."
1848763,RNW,ReNew Energy Global plc
826675,DX,DYNEX CAPITAL INC
1508655,TSLX,"Sixth Street Specialty Lending, Inc."
1636639,FIHL,Fidelis Insurance Holdings Ltd
1020859,UNFI,UNITED NATURAL FOODS INC
1497770,WD,"Walker & Dunlop, Inc."
1710155,EYE,"National Vision Holdings, Inc."
1070985,CXW,"CoreCivic, Inc."
878518,TGB,TASEKO MINES LTD
897077,ALG,ALAMO GROUP INC
6955,EPAC,ENERPAC TOOL GROUP CORP
1845815,PAYO,Payoneer Global Inc.
1702744,SMPL,Simply Good Foods Co
1750284,OLMA,"Olema Pharmaceuticals, Inc."
887733,CENT,CENTRAL GARDEN & PET CO
1025835,EFSC,ENTERPRISE FINANCIAL SERVICES CORP
1638833,SGRY,"Surgery Partners, Inc."
1564902,PRKS,United Parks & Resorts Inc.
1524358,VAC,MARRIOTT VACATIONS WORLDWIDE Corp
1937653,ZYME,Zymeworks Inc.
833640,POWI,POWER INTEGRATIONS INC
1842295,MAZE,"Maze Therapeutics, Inc."
1105122,FMCXF,FORAN MINING CORP
1622629,SXGCF,Southern Cross Gold Consolidated Ltd.
1428205,ARR,"Armour Residential REIT, Inc."
921582,IMAX,IMAX CORP
1524566,WLTH,WEALTHFRONT CORP
1468328,ADUS,Addus HomeCare Corp
1655891,TRMD,TORM plc
1649313,BWLP,BW LPG Ltd
1853138,KDK,"Kodiak AI, Inc."
1477641,DQ,DAQO NEW ENERGY CORP.
1323885,ATRC,"AtriCure, Inc."
103730,VSH,VISHAY INTERTECHNOLOGY INC
1331284,DHT,"DHT Holdings, Inc."
1078075,NTCT,NETSCOUT SYSTEMS INC
1714174,BUR,Burford Capital Ltd
1704292,ZLAB,Zai Lab Ltd
1326110,IBRX,"ImmunityBio, Inc."
1953926,ZBIO,"Zenas BioPharma, Inc."
1856485,SLVM,Sylvamo Corp
1906324,QDEL,QuidelOrtho Corp
1733998,NWN,Northwest Natural Holding Co
1581280,TWST,Twist Bioscience Corp
1844452,LUNR,"Intuitive Machines, Inc."
1541401,ESRT,"Empire State Realty Trust, Inc."
8063,ATRO,ASTRONICS CORP
1718405,HYMC,HYCROFT MINING HOLDING CORP
1756770,CURLF,"Curaleaf Holdings, Inc."
48287,HNI,HNI CORP
733269,RAMP,"LiveRamp Holdings, Inc."
804116,RVT,"ROYCE SMALL-CAP TRUST, INC."
1724965,TALO,TALOS ENERGY INC.
1549595,NRIX,"Nurix Therapeutics, Inc."
1253327,EVT,Eaton Vance Tax-Advantaged Dividend Income Fund
1569345,CXM,"Sprinklr, Inc."
1671541,DRSHF,DroneShield Ltd
1013934,STRA,"Strategic Education, Inc."
1345016,YELP,YELP INC
1585364,PRGO,PERRIGO Co plc
845877,AGM,FEDERAL AGRICULTURAL MORTGAGE CORP
835324,SYBT,"Stock Yards Bancorp, Inc."
891014,MTX,MINERALS TECHNOLOGIES INC
1022321,GEL,GENESIS ENERGY LP
794685,GAB,GABELLI EQUITY TRUST INC
1802255,GRDN,"Guardian Pharmacy Services, Inc."
1798618,PDO,PIMCO Dynamic Income Opportunities Fund
1046568,PRDO,PERDOCEO EDUCATION Corp
1124796,LASR,"NLIGHT, INC."
1503584,CMRE,Costamare Inc.
1054905,IOSP,INNOSPEC INC.
1526113,GNL,"Global Net Lease, Inc."
1901279,NYAX,Nayax Ltd.
1577526,AI,"C3.ai, Inc."
1904856,EFXT,Enerflex Ltd.
810136,PLAB,PHOTRONICS INC
1803696,ADEA,Adeia Inc.
1796073,VZLA,Vizsla Silver Corp.
1311307,LNXSY,LANXESS AG
812801,NUV,NUVEEN MUNICIPAL VALUE FUND INC
1651717,NOMD,Nomad Foods Ltd
850141,HMN,HORACE MANN EDUCATORS CORP /DE/
1819928,DV,"DoubleVerify Holdings, Inc."
1846576,FIGS,"FIGS, Inc."
1821825,OGN,Organon & Co.
893949,MD,"Pediatrix Medical Group, Inc."
1795139,GTBIF,Green Thumb Industries Inc.
811596,KALU,KAISER ALUMINUM CORP
1559865,EVTC,"EVERTEC, Inc."
1980088,MNR,MACH NATURAL RESOURCES LP
876167,PRGS,PROGRESS SOFTWARE CORP /MA
799195,USA,LIBERTY ALL STAR EQUITY FUND
1722608,IQ,"iQIYI, Inc."
1419945,TNK,TEEKAY TANKERS LTD.
1418819,IRDM,Iridium Communications Inc.
1573221,REAL,"TheRealReal, Inc."
1320414,SEM,SELECT MEDICAL HOLDINGS CORP
1587523,KN,Knowles Corp
1158895,LMAT,LEMAITRE VASCULAR INC
1340677,SVM,SILVERCORP METALS INC
2036042,SION,"Sionna Therapeutics, Inc."
1298946,DRH,DiamondRock Hospitality Co
1395937,SNDX,Syndax Pharmaceuticals Inc
1030469,OFG,OFG BANCORP
1853513,MCW,"Mister Car Wash, Inc."
887359,VCEL,Vericel Corp
78814,PBI,PITNEY BOWES INC /DE/
821026,ANDE,"Andersons, Inc."
1360214,HROW,"HARROW, INC."
1623526,STOK,"Stoke Therapeutics, Inc."
1029142,DVAX,DYNAVAX TECHNOLOGIES CORP
744218,CLDX,"Celldex Therapeutics, Inc."
1830487,PHVS,Pharvaris N.V.
1174850,NIC,NICOLET BANKSHARES INC
793074,WERN,WERNER ENTERPRISES INC
880631,WT,"WisdomTree, Inc."
1286139,LZ,"LEGALZOOM.COM, INC."
102426,STEW,"SRH Total Return Fund, Inc."
821483,PARR,"PAR PACIFIC HOLDINGS, INC."
1694426,DK,"Delek US Holdings, Inc."
1831840,SEMR,"SEMrush Holdings, Inc."
1024795,HLIO,"HELIOS TECHNOLOGIES, INC."
1023024,ANIP,ANI PHARMACEUTICALS INC
1627223,CC,Chemours Co
1690585,DNTH,"Dianthus Therapeutics, Inc. /DE/"
1270523,ETG,Eaton Vance Tax-Advantaged Global Dividend Income Fund
712537,FCF,FIRST COMMONWEALTH FINANCIAL CORP /PA/
1576940,CCS,"Century Communities, Inc."
2039497,RHLD,"Resolute Holdings Management, Inc."
785956,JJSF,J&J SNACK FOODS CORP
1981535,SBET,"SharpLink Gaming, Inc."
1588978,PRCT,PROCEPT BioRobotics Corp
1471265,NWBI,"Northwest Bancshares, Inc."
766829,HTO,H2O AMERICA
1671927,IMCR,Immunocore Holdings plc
1846510,SHCO,Soho House & Co Inc.
2071288,LMRI,"Lumexa Imaging Holdings, Inc."
2054507,HBNB,Hotel101 Global Holdings Corp.
907242,MCRI,MONARCH CASINO & RESORT INC
2035149,FLOC,Flowco Holdings Inc.
1721947,JAMF,Jamf Holding Corp.
899460,MNKD,MANNKIND CORP
1307954,HUN,Huntsman CORP
1553079,ESBA,"Empire State Realty OP, L.P."
1074952,NAC,Nuveen California Quality Municipal Income Fund
1842718,IAS,INTEGRAL AD SCIENCE HOLDING CORP.
1437958,CCB,COASTAL FINANCIAL CORP
37785,FMC,FMC CORP
1580560,FLYW,Flywire Corp
726854,CHCO,CITY HOLDING CO
1968487,WS,"Worthington Steel, Inc."
2020795,UNIT,Uniti Group Inc.
1419612,SEDG,"SOLAREDGE TECHNOLOGIES, INC."
1369241,DAC,Danaos Corp
2013745,CLMT,"Calumet, Inc. /DE"
1020710,DXPE,DXP ENTERPRISES INC
1781755,BWIN,"Baldwin Insurance Group, Inc."
103145,VECO,VEECO INSTRUMENTS INC
1585389,SMA,"SmartStop Self Storage REIT, Inc."
914156,UFPT,UFP TECHNOLOGIES INC
1822492,HLMN,Hillman Solutions Corp.
1047340,FDP,FRESH DEL MONTE PRODUCE INC
99614,TY,TRI-CONTINENTAL Corp
1468748,KOD,Kodiak Sciences Inc.
1832332,AVAH,"Aveanna Healthcare Holdings, Inc."
1997859,WBTN,WEBTOON Entertainment Inc.
1711375,LOMA,Loma Negra Compania Industrial Argentina Sociedad Anonima
1526520,TRIP,"TripAdvisor, Inc."
1601548,VVX,"V2X, Inc."
1756699,TIGR,UP Fintech Holding Ltd
18654,AILIH,Ameren Illinois Co
1798100,NTST,NETSTREIT Corp.
1295810,SHO,"Sunstone Hotel Investors, Inc."
1750264,MAAS,Maase Inc.
894405,ARCB,ARCBEST CORP /DE/
1748824,AAMI,Acadian Asset Management Inc.
1883085,PGY,Pagaya Technologies Ltd.
1332283,BDJ,BlackRock Enhanced Equity Dividend Trust
1322436,ETV,Eaton Vance Tax-Managed Buy-Write Opportunities Fund
1754195,TCNNF,Trulieve Cannabis Corp.
1860543,CDRE,"Cadre Holdings, Inc."
84748,ROG,ROGERS CORP
1970622,USAR,"USA Rare Earth, Inc."
1158463,JBLU,JETBLUE AIRWAYS CORP
924901,VRE,"Veris Residential, Inc."
1821769,NVTS,Navitas Semiconductor Corp
1253986,ABR,ARBOR REALTY TRUST INC
882796,BCRX,BIOCRYST PHARMACEUTICALS INC
890541,BLX,"FOREIGN TRADE BANK OF LATIN AMERICA, INC."
1262976,CMPR,CIMPRESS plc
1823306,LSPD,Lightspeed Commerce Inc.
2094100,MDCOY,PT Medco Energi Internasional Tbk/ADR
887905,LTC,LTC PROPERTIES INC
1723596,CLBK,"Columbia Financial, Inc."
715787,TILE,INTERFACE INC
1978867,CDLR,Cadeler A/S
854775,DGII,DIGI INTERNATIONAL INC
1286973,USAS,Americas Gold & Silver Corp
903651,INOD,INNODATA INC
907471,CASH,"PATHWARD FINANCIAL, INC."
1371285,TRUP,"TRUPANION, INC."
107140,WLY,"JOHN WILEY & SONS, INC."
1563880,TRVI,"Trevi Therapeutics, Inc."
2074160,BRKK,Barentsz Capital Ltd
1657853,HTZ,"HERTZ GLOBAL HOLDINGS, INC"
1898416,ALVO,Alvotech
1768666,BSTZ,BlackRock Science & Technology Term Trust
1965040,FTRE,Fortrea Holdings Inc.
1375877,CSIQ,Canadian Solar Inc.
1828318,ENVX,Enovix Corp
2082141,AVVSY,Avio S.p.A./ADR
1473844,STEL,"Stellar Bancorp, Inc."
1825088,DFH,"Dream Finders Homes, Inc."
1398987,HOUS,Anywhere Real Estate Inc.
30697,WEN,Wendy's Co
1439222,AGIO,"AGIOS PHARMACEUTICALS, INC."
105418,WMK,WEIS MARKETS INC
1875444,ARHS,"Arhaus, Inc."
1052752,GTY,GETTY REALTY CORP /MD/
1698514,NESR,National Energy Services Reunited Corp.
1755953,ABTC,American Bitcoin Corp.
1462120,LOB,"Live Oak Bancshares, Inc."
1362004,ICFI,"ICF International, Inc."
1133869,CAPR,"CAPRICOR THERAPEUTICS, INC."
1288847,FIVN,"Five9, Inc."
1984060,AESI,Atlas Energy Solutions Inc.
1362468,ALGT,Allegiant Travel CO
1629019,MBIN,Merchants Bancorp
1777835,PWP,Perella Weinberg Partners
814453,NWL,NEWELL BRANDS INC.
1670541,ADNT,Adient plc
1999001,FUN,Six Flags Entertainment Corporation/NEW
1788060,VOYG,"Voyager Technologies, Inc./DE"
912892,TV,"GRUPO TELEVISA, S.A.B."
1866692,AMPL,"Amplitude, Inc."
1620393,NXRT,"NexPoint Residential Trust, Inc."
1877184,KMTS,"KESTRA MEDICAL TECHNOLOGIES, LTD."
1488139,AMRC,"Ameresco, Inc."
1508478,ARCO,Arcos Dorados Holdings Inc.
1575828,XPRO,EXPRO GROUP HOLDINGS N.V.
356171,TCBK,TRICO BANCSHARES /
57131,LZB,LA-Z-BOY INC
863436,BHE,BENCHMARK ELECTRONICS INC
1157842,RQI,COHEN & STEERS QUALITY INCOME REALTY FUND INC
104894,ELME,Elme Communities
34782,SRCE,1ST SOURCE CORP
1298699,BXMX,Nuveen S&P 500 BuyWrite Income Fund
933974,AZTA,"Azenta, Inc."
1756708,JMIA,Jumia Technologies AG
1370450,WLDN,"Willdan Group, Inc."
1864843,ECAT,BlackRock ESG Capital Allocation Term Trust
1415921,NMM,Navios Maritime Partners L.P.
1785971,BMEZ,BlackRock Health Sciences Term Trust
1420800,ENOV,Enovis CORP
1288469,MXL,"MAXLINEAR, INC"
1077183,NEO,NEOGENOMICS INC
1517413,FSLY,"Fastly, Inc."
711377,NEOG,NEOGEN CORP
1069899,PAHC,PHIBRO ANIMAL HEALTH CORP
1314102,EYPT,"EyePoint, Inc."
1411342,EFC,Ellington Financial Inc.
805928,AXGN,"Axogen, Inc."
719220,STBA,S&T BANCORP INC
1042893,INVX,"Innovex International, Inc."
1806310,TSHA,"Taysha Gene Therapies, Inc."
1545654,ALEX,"Alexander & Baldwin, Inc."
1712184,LILA,Liberty Latin America Ltd.
1935979,BHVN,Biohaven Ltd.
1528437,BTT,BlackRock Municipal 2030 Target Term Trust
1080014,INVA,"Innoviva, Inc."
819793,AIN,ALBANY INTERNATIONAL CORP /DE/
1590560,QURE,uniQure N.V.
1589526,BLBD,Blue Bird Corp
1438133,TNDM,TANDEM DIABETES CARE INC
58492,LEG,LEGGETT & PLATT INC
1539638,TFIN,"Triumph Financial, Inc."
110471,WWW,WOLVERINE WORLD WIDE INC /DE/
69633,NSSC,"NAPCO SECURITY TECHNOLOGIES, INC"
1840904,ATAI,Atai Beckley N.V.
1828016,PLTK,Playtika Holding Corp.
1809541,BCAT,BlackRock Capital Allocation Term Trust
1845840,TSAT,Telesat Corp
1736946,ARLO,"Arlo Technologies, Inc."
1857816,GCT,GigaCloud Technology Inc
1356090,PGEN,"PRECIGEN, INC."
1395213,EDN,EDENOR
708821,PAR,PAR TECHNOLOGY CORP
1848309,SGML,Sigma Lithium Corp
714395,GABC,"GERMAN AMERICAN BANCORP, INC."
18748,CET,CENTRAL SECURITIES CORP
907654,ORKA,"Oruka Therapeutics, Inc."
2022626,UPB,"Upstream Bio, Inc."
1050377,CNXN,PC CONNECTION INC
1812364,RLAY,"Relay Therapeutics, Inc."
1500217,AAT,"American Assets Trust, Inc."
1267565,COLL,"COLLEGIUM PHARMACEUTICAL, INC"
912562,ROCK,"GIBRALTAR INDUSTRIES, INC."
1000753,NSP,"INSPERITY, INC."
1883313,SVV,"Savers Value Village, Inc."
923120,GBX,GREENBRIER COMPANIES INC
1309167,AEGXF,Aecon Group Inc.
721994,LKFN,LAKELAND FINANCIAL CORP
1637873,ACVA,ACV Auctions Inc.
1969796,EBCRY,Embracer Group AB/ADR
1645113,NVCR,NovoCure Ltd
45876,NVRI,ENVIRI Corp
2012593,RAPP,"Rapport Therapeutics, Inc."
908315,WINA,WINMARK CORP
1332174,GSG,iShares S&P GSCI Commodity-Indexed Trust
1084048,ZD,"ZIFF DAVIS, INC."
842633,TRS,TRIMAS CORP
1584297,MNSKY,MoneySupermarket.com Group PLC/ADR
1475841,NBHC,National Bank Holdings Corp
1495932,EXPI,"eXp World Holdings, Inc."
1616000,XHR,"Xenia Hotels & Resorts, Inc."
1342338,HIMX,"Himax Technologies, Inc."
1782524,MSDL,Morgan Stanley Direct Lending Fund
109177,SPB,"Spectrum Brands Holdings, Inc."
1579733,VITL,"Vital Farms, Inc."
1857475,DOLE,Dole plc
1222401,HYT,"BLACKROCK CORPORATE HIGH YIELD FUND, INC."
1831651,SHLS,"Shoals Technologies Group, Inc."
1261654,UTI,UNIVERSAL TECHNICAL INSTITUTE INC
30305,DCO,DUCOMMUN INC /DE/
1495222,OXLC,Oxford Lane Capital Corp.
1323468,GLP,GLOBAL PARTNERS LP
1992243,TE,T1 Energy Inc.
1437402,ARDX,"ARDELYX, INC."
1776111,MBX,"MBX Biosciences, Inc."
70866,VYX,NCR Voyix Corp
1820721,ARRY,"Array Technologies, Inc."
1809196,IMTX,Immatics N.V.
1616678,BST,BlackRock Science & Technology Trust
1836057,BTX,BlackRock Technology & Private Equity Term Trust
1828102,KARO,Karooooo Ltd.
1812477,BITF,Bitfarms Ltd
1128361,HOPE,HOPE BANCORP INC
1827090,CERT,"Certara, Inc."
1863127,TYRA,"Tyra Biosciences, Inc."
906465,QCRH,QCR HOLDINGS INC
1368458,SBH,"Sally Beauty Holdings, Inc."
1577670,LADR,Ladder Capital Corp
1941365,MBC,"MasterBrand, Inc."
1834488,NABL,"N-able, Inc."
1771007,AFYA,Afya Ltd
1612720,NEXT,NextDecade Corp
1608741,QQQX,Nuveen NASDAQ 100 Dynamic Overwrite Fund
933267,IRS,IRSA INVESTMENTS & REPRESENTATIONS INC
1823652,EVEX,"Eve Holding, Inc."
731012,HCSG,HEALTHCARE SERVICES GROUP INC
1767258,XPEL,"XPEL, Inc."
40417,GAM,GENERAL AMERICAN INVESTORS CO INC
871763,MAN,ManpowerGroup Inc.
1171486,NRP,NATURAL RESOURCE PARTNERS LP
880807,AMSC,AMERICAN SUPERCONDUCTOR CORP /DE/
1840502,TBLA,Taboola.com Ltd.
1632790,ENR,"ENERGIZER HOLDINGS, INC."
1493507,SFDMY,Shanghai Fudan Microelectronics Co Limited/ADR/
97134,TNC,TENNANT CO
1691445,FINV,FinVolution Group
1370053,ANAB,"ANAPTYSBIO, INC"
1594204,RBTK,ZHEN DING RESOURCES INC.
752642,UMH,"UMH PROPERTIES, INC."
1772253,FLNG,Flex LNG Ltd.
1725255,AHCO,AdaptHealth Corp.
1953575,CNL,Collective Mining Ltd.
921557,RBCAA,REPUBLIC BANCORP INC /KY/
1467760,ARI,"Apollo Commercial Real Estate Finance, Inc."
1474098,PEB,Pebblebrook Hotel Trust
1674632,BBNX,"Beta Bionics, Inc."
1702750,BY,"BYLINE BANCORP, INC."
1408100,KW,"Kennedy-Wilson Holdings, Inc."
1481513,JKS,"JinkoSolar Holding Co., Ltd."
932695,CYD,CHINA YUCHAI INTERNATIONAL LTD
1180262,HLF,HERBALIFE LTD.
2019103,SLSR,Solaris Resources Inc.
2014145,MNFYY,"Money Forward, Inc./ADR"
1677576,IIPR,INNOVATIVE INDUSTRIAL PROPERTIES INC
1658551,AMLX,"Amylyx Pharmaceuticals, Inc."
1966983,LAC,LITHIUM AMERICAS CORP.
1053706,CRAI,"CRA INTERNATIONAL, INC."
2073620,PAEXY,Parex Resources Inc./ADR
846617,DCOM,"Dime Community Bancshares, Inc. /NY/"
1982708,NNNN,Anbio Biotechnology
712771,CNOB,"ConnectOne Bancorp, Inc."
1490978,SDGR,"Schrodinger, Inc."
1137091,PSIX,"POWER SOLUTIONS INTERNATIONAL, INC."
102037,UVV,UNIVERSAL CORP /VA/
1520697,ACHC,"Acadia Healthcare Company, Inc."
1831481,SOC,Sable Offshore Corp.
1709682,CTOS,"Custom Truck One Source, Inc."
1867096,XERS,"Xeris Biopharma Holdings, Inc."
2046042,JCAP,"Jefferson Capital, Inc. / DE"
50493,IMKTA,INGLES MARKETS INC
1813814,MNMD,Mind Medicine (MindMed) Inc.
789460,WKC,WORLD KINECT CORP
1816581,OUST,"Ouster, Inc."
1971975,ABXXF,Abaxx Technologies Inc.
1593538,NAVI,NAVIENT CORP
1566388,DSL,DoubleLine Income Solutions Fund
1720580,ACET,"Adicet Bio, Inc."
1567925,SILA,"Sila Realty Trust, Inc."
1829118,TUYA,Tuya Inc.
1005731,IDT,IDT CORP
1669811,DFIN,"Donnelley Financial Solutions, Inc."
1293135,VET,VERMILION ENERGY INC.
1504461,NGL,NGL Energy Partners LP
1580808,ATEN,"A10 Networks, Inc."
1693256,WTTR,"Select Water Solutions, Inc."
836157,LNN,LINDSAY CORP
17313,CSWC,CAPITAL SOUTHWEST CORP
1737450,OPRA,Opera Ltd
1657788,KRP,"Kimbell Royalty Partners, LP"
703604,DSGR,"Distribution Solutions Group, Inc."
876883,STGW,Stagwell Inc
1756655,ARDT,"Ardent Health, Inc."
876779,MGIC,MAGIC SOFTWARE ENTERPRISES LTD
26058,CTS,CTS CORP
901491,PZZA,PAPA JOHNS INTERNATIONAL INC
1690511,GOOS,Canada Goose Holdings Inc.
1276533,JFR,NUVEEN FLOATING RATE INCOME FUND
816956,CNMD,CONMED Corp
42682,GRC,GORMAN RUPP CO
1819810,RDW,Redwire Corp
1430725,GSL,"Global Ship Lease, Inc."
1406587,FOR,Forestar Group Inc.
844965,TTI,TETRA TECHNOLOGIES INC
66382,MLKN,"MILLERKNOLL, INC."
1084961,ECPG,ENCORE CAPITAL GROUP INC
1805385,EVLV,"Evolv Technologies Holdings, Inc."
1568194,FSCO,FS Credit Opportunities Corp.
1984086,SEPN,"Septerna, Inc."
1297184,AMPH,"Amphastar Pharmaceuticals, Inc."
1083446,ASTH,"Astrana Health, Inc."
1308335,EOS,Eaton Vance Enhanced Equity Income Fund II
1477449,TDOC,"Teladoc Health, Inc."
1127703,PRA,PROASSURANCE CORP
1583648,PVLA,"PALVELLA THERAPEUTICS, INC."
1325618,IRMD,IRADIMED CORP
1715497,BORR,Borr Drilling Ltd
1651562,COUR,"Coursera, Inc."
1392326,CCEC,Capital Clean Energy Carriers Corp.
33934,CRF,CORNERSTONE TOTAL RETURN FUND INC
1828316,PHAR,Pharming Group N.V.
1489096,THR,"Thermon Group Holdings, Inc."
1081834,KUBR,Kuber Resources Corp
1160308,SVRA,Savara Inc
1005210,SPH,SUBURBAN PROPANE PARTNERS LP
821002,GIII,G III APPAREL GROUP LTD /DE/
1568100,PD,"PagerDuty, Inc."
1260563,NFJ,"Virtus Dividend, Interest & Premium Strategy Fund"
1287032,PSEC,PROSPECT CAPITAL CORP
311094,WABC,WESTAMERICA BANCORPORATION
1285819,OMER,OMEROS CORP
1898601,IPX,IPERIONX Ltd
1801170,CLOV,"CLOVER HEALTH INVESTMENTS, CORP. /DE"
1923891,NNE,Nano Nuclear Energy Inc.
1518621,ORC,"Orchid Island Capital, Inc."
1443669,PRLB,Proto Labs Inc
1853962,IAUX,i-80 Gold Corp.
1781753,DAO,"Youdao, Inc."
1734713,BV,"BrightView Holdings, Inc."
742278,RES,RPC INC
1964954,ECO,Okeanis Eco Tankers Corp.
1746109,BFC,Bank First Corp
1526491,GUYGF,G2 Goldfields Inc.
1819133,TNGX,"Tango Therapeutics, Inc."
1647822,SVMB,"Jingbo Technology, Inc."
1320695,THS,"TreeHouse Foods, Inc."
1687187,METC,"Ramaco Resources, Inc."
1823239,MRVI,"MARAVAI LIFESCIENCES HOLDINGS, INC."
1840572,LUCK,Lucky Strike Entertainment Corp
885978,USPH,U S PHYSICAL THERAPY INC /NV
1266585,NMZ,NUVEEN MUNICIPAL HIGH INCOME OPPORTUNITY FUND
876523,EZPW,EZCORP INC
798359,CSR,CENTERSPACE
1825155,TIXT,TELUS International (Cda) Inc.
1060822,CRI,CARTERS INC
1783183,PHAT,"Phathom Pharmaceuticals, Inc."
1838957,RERE,ATRenew Inc.
1071438,BAK,BRASKEM SA
1075415,DHC,DIVERSIFIED HEALTHCARE TRUST
1713930,NEXA,Nexa Resources S.A.
1492165,PFBC,Preferred Bank
2055592,GEMI,"Gemini Space Station, Inc."
1808834,PRG,"PROG Holdings, Inc."
1516912,OBK,"Origin Bancorp, Inc."
834365,BLFS,BIOLIFE SOLUTIONS INC
1479681,NUTX,"Nutex Health, Inc."
1396814,PCRX,"Pacira BioSciences, Inc."
1581804,NVGS,Navigator Holdings Ltd.
1172052,SAFT,SAFETY INSURANCE GROUP INC
1953530,OCS,Oculis Holding AG
1671858,SPRY,"ARS Pharmaceuticals, Inc."
1222922,EVV,Eaton Vance Ltd Duration Income Fund
1275014,UCTT,"Ultra Clean Holdings, Inc."
2007919,INBX,"Inhibrx Biosciences, Inc."
1831907,LUXE,LuxExperience B.V.
910612,CBL,CBL & ASSOCIATES PROPERTIES INC
107687,WGO,WINNEBAGO INDUSTRIES INC
718937,STAA,STAAR SURGICAL CO
2057463,GLIBA,"GCI Liberty, Inc."
1843181,NBXG,Neuberger Next Generation Connectivity Fund Inc.
1447362,CSTL,CASTLE BIOSCIENCES INC
1567569,FPF,First Trust Intermediate Duration Preferred & Income Fund
1511337,RLJ,RLJ Lodging Trust
1120914,PDFS,PDF SOLUTIONS INC
1922446,DEC,Diversified Energy Co
1282571,GRNL,GREENLITE VENTURES INC
1230869,ASA,ASA Gold & Precious Metals Ltd
851310,HLIT,HARMONIC INC.
945114,GIC,GLOBAL INDUSTRIAL Co
1414932,OCSL,Oaktree Specialty Lending Corp
1499505,AGRO,Adecoagro S.A.
1788882,ROOT,"Root, Inc."
1760854,NBTX,Nanobiotix S.A.
1708035,ECVT,Ecovyst Inc.
3499,ALX,ALEXANDERS INC
1498547,CMRF,"CIM REAL ESTATE FINANCE TRUST, INC."
903129,THRM,Gentherm Inc
1786108,TRIN,Trinity Capital Inc.
1726173,BH-A,Biglari Holdings Inc.
1794350,YALA,Yalla Group Ltd
883237,VRTS,"VIRTUS INVESTMENT PARTNERS, INC."
1412558,EVO,Evotec SE
1010000,RUPRF,RUPERT RESOURCES LTD
1676163,SSII,"SS Innovations International, Inc."
1334978,CCO,"Clear Channel Outdoor Holdings, Inc."
1668243,URGN,UroGen Pharma Ltd.
1465740,TWO,TWO HARBORS INVESTMENT CORP.
1326732,XNCR,Xencor Inc
1622194,DEA,"Easterly Government Properties, Inc."
1464423,PMT,PennyMac Mortgage Investment Trust
1000694,NVAX,NOVAVAX INC
1689796,JBGS,JBG SMITH Properties
1164771,NAK,NORTHERN DYNASTY MINERALS LTD
21535,COHU,COHU INC
907254,BFS,"SAUL CENTERS, INC."
1309251,MALG,MICROALLIANCE GROUP INC.
1770121,SANA,"Sana Biotechnology, Inc."
1425205,IOVA,"IOVANCE BIOTHERAPEUTICS, INC."
1425292,UAN,"CVR PARTNERS, LP"
1794338,IGIC,International General Insurance Holdings Ltd.
1517399,SUPV,Grupo Supervielle S.A.
2086771,ELE,Elemental Royalty Corp
1600222,PXED,"Phoenix Education Partners, Inc."
1841968,PX,"P10, Inc."
1172358,DMLP,"DORCHESTER MINERALS, L.P."
1670076,ULCC,"Frontier Group Holdings, Inc."
318300,PEBO,PEOPLES BANCORP INC
1809104,ALIT,"Alight, Inc. / Delaware"
94049,SCL,STEPAN CO
744187,REX,REX AMERICAN RESOURCES Corp
1278752,MFIC,MidCap Financial Investment Corp
1793882,PTA,Cohen & Steers Tax-Advantaged Preferred Securities & Income Fund
1971213,SBGI,"Sinclair, Inc."
1829864,TASK,"TaskUs, Inc."
1537137,SLI,STANDARD LITHIUM LTD.
1474627,NEGG,"Newegg Commerce, Inc."
1578732,MMI,"Marcus & Millichap, Inc."
1743235,RIOFF,Rio2 Ltd
1158324,CCOI,"COGENT COMMUNICATIONS HOLDINGS, INC."
1525221,VTOL,Bristow Group Inc.
1572694,GSBD,"Goldman Sachs BDC, Inc."
1761918,ERAS,"Erasca, Inc."
1610601,MOMO,Hello Group Inc.
1828962,CRCT,"Cricut, Inc."
805267,HQH,abrdn Healthcare Investors
1709442,FSUN,FIRSTSUN CAPITAL BANCORP
1731348,TLRY,"Tilray Brands, Inc."
1005817,TMP,TOMPKINS FINANCIAL CORP
1094366,RDWR,RADWARE LTD
1596993,LPG,DORIAN LPG LTD.
1652130,NTLA,"Intellia Therapeutics, Inc."
1974551,RSRBF,Robex Resources Inc.
2048271,WSHP,WeShop Holdings Ltd
1042776,PDM,"Piedmont Realty Trust, Inc."
1576427,CRTO,Criteo S.A.
1018164,WLFC,WILLIS LEASE FINANCE CORP
1289877,SFL,SFL Corp Ltd.
1616533,PENG,"Penguin Solutions, Inc."
1409493,CIM,CHIMERA INVESTMENT CORP
1123134,IMOS,CHIPMOS TECHNOLOGIES INC
1004702,OCFC,OCEANFIRST FINANCIAL CORP
1625278,NRDS,"NERDWALLET, INC."
1899287,AMPX,"Amprius Technologies, Inc."
1379400,AOD,abrdn Total Dynamic Dividend Fund
357173,OSBC,OLD SECOND BANCORP INC
1703057,ABCL,AbCellera Biologics Inc.
350852,CTBI,COMMUNITY TRUST BANCORP INC /KY/
1826457,GLUE,"Monte Rosa Therapeutics, Inc."
1520504,VLRS,"Controladora Vuela Compania de Aviacion, S.A.B. de C.V."
1412408,PHR,"Phreesia, Inc."
1847367,ALMS,ALUMIS INC.
80035,PLPC,PREFORMED LINE PRODUCTS CO
1809122,CVAC,CureVac N.V.
933036,UPBD,"UPBOUND GROUP, INC."
1840616,NFGC,New Found Gold Corp.
1379041,EIG,"Employers Holdings, Inc."
1464343,ATLC,Atlanticus Holdings Corp
1379384,BTZ,BLACKROCK CREDIT ALLOCATION INCOME TRUST
1747172,KBDC,"Kayne Anderson BDC, Inc."
2040491,ASIC,Ategrity Specialty Insurance Co Holdings
1493683,BBN,BlackRock Taxable Municipal Bond Trust
314203,MUX,McEwen Inc.
71829,NPKI,NPK International Inc.
1656472,CRON,Cronos Group Inc.
27996,DLX,DELUXE CORP
1217234,CDNA,"CareDx, Inc."
1376339,MDXG,"MIMEDX GROUP, INC."
1869105,BBOT,"BridgeBio Oncology Therapeutics, Inc."
1322435,ETW,Eaton Vance Tax-Managed Global Buy-Write Opportunities Fund
944809,OPK,"OPKO HEALTH, INC."
710752,SBR,SABINE ROYALTY TRUST
1051004,MUC,"BLACKROCK MUNIHOLDINGS CALIFORNIA QUALITY FUND, INC."
2026478,NMAX,Newsmax Inc.
1742692,INMD,InMode Ltd.
1560327,RPD,"Rapid7, Inc."
1614178,YEXT,"Yext, Inc."
2002473,BOW,Bowhead Specialty Holdings Inc.
1580670,LGIH,"LGI Homes, Inc."
1771515,GO,Grocery Outlet Holding Corp.
792987,ASTE,ASTEC INDUSTRIES INC
1680247,PUMP,ProPetro Holding Corp.
1640428,EVER,"EverQuote, Inc."
1515816,PLYM,"Plymouth Industrial REIT, Inc."
1095651,SAFE,Safehold Inc.
1278895,CII,"BlackRock Enhanced Large Cap Core Fund, Inc."
2048519,AEBI,Aebi Schmidt Holding AG
316888,ASM,AVINO SILVER & GOLD MINES LTD
1766400,PNTG,"Pennant Group, Inc."
7323,EAI,"ENTERGY ARKANSAS, LLC"
1795851,SWRD,"Stewards, Inc."
917520,IART,INTEGRA LIFESCIENCES HOLDINGS CORP
1379785,BBDC,"Barings BDC, Inc."
1823608,AMAL,Amalgamated Financial Corp.
915779,DAKT,DAKTRONICS INC /SD/
1784535,PRCH,"Porch Group, Inc."
1698991,ACEL,"Accel Entertainment, Inc."
1804176,BFLY,"Butterfly Network, Inc."
1940941,MFI,mF International Ltd
891166,UVE,"UNIVERSAL INSURANCE HOLDINGS, INC."
1962746,LOT,Lotus Technology Inc.
1845337,DAWN,"Day One Biopharmaceuticals, Inc."
1055160,MFA,"MFA FINANCIAL, INC."
1738021,CMPX,"Compass Therapeutics, Inc."
1739016,ELVR,Elevra Lithium Ltd
884219,PRSU,"Pursuit Attractions & Hospitality, Inc."
1224450,RNP,COHEN & STEERS REIT & PREFERRED & INCOME FUND INC
1496099,NMFC,New Mountain Finance Corp
1759783,EH,EHang Holdings Ltd
1583107,TBPH,"Theravance Biopharma, Inc."
1013605,PDS,PRECISION DRILLING Corp
1235468,LQDT,LIQUIDITY SERVICES INC
748268,RCAT,"Red Cat Holdings, Inc."
1995306,HDL,SUPER HI INTERNATIONAL HOLDING LTD.
1809519,GDRX,"GoodRx Holdings, Inc."
1603145,XIFR,"XPLR Infrastructure, LP"
1673772,RAPT,"RAPT Therapeutics, Inc."
1964333,BHRB,Burke & Herbert Financial Services Corp.
700565,FMBH,"FIRST MID BANCSHARES, INC."
1821586,MLTX,MoonLake Immunotherapeutics
1995520,YB,Yuanbao Inc.
102212,UVSP,UNIVEST FINANCIAL Corp
1625101,PLSE,"PULSE BIOSCIENCES, INC."
902791,BBSI,BARRETT BUSINESS SERVICES INC
799167,MRTN,MARTEN TRANSPORT LTD
101199,UFCS,UNITED FIRE GROUP INC
2079999,CDNL,Cardinal Infrastructure Group Inc.
1447028,ABUS,Arbutus Biopharma Corp
66004,MSEX,MIDDLESEX WATER CO
2044241,THH,TryHard Holdings Ltd
866829,HLX,HELIX ENERGY SOLUTIONS GROUP INC
2023658,BCAX,Bicara Therapeutics Inc.
906013,AWF,ALLIANCEBERNSTEIN GLOBAL HIGH INCOME FUND INC
1789940,FWRG,"First Watch Restaurant Group, Inc."
1504619,PFLT,PennantPark Floating Rate Capital Ltd.
1760689,MVST,"Microvast Holdings, Inc."
1533615,GMRE,Global Medical REIT Inc.
1410098,CRMD,CorMedix Inc.
705432,SBSI,SOUTHSIDE BANCSHARES INC
1672619,ELVN,"Enliven Therapeutics, Inc."
1611115,OMDA,"Omada Health, Inc."
1818502,OPFI,OppFi Inc.
1160990,PCN,PIMCO CORPORATE & INCOME STRATEGY FUND
46129,ALNT,ALLIENT INC
1544206,CGBD,"Carlyle Secured Lending, Inc."
1839839,JBI,"Janus International Group, Inc."
1739566,UTZ,"Utz Brands, Inc."
1598665,HRTG,"Heritage Insurance Holdings, Inc."
1979330,NBBK,"NB Bancorp, Inc."
1440972,LAR,Lithium Argentina AG
1606163,LMB,"Limbach Holdings, Inc."
1422143,KURA,"Kura Oncology, Inc."
1834026,GROY,Gold Royalty Corp.
1655050,BCSF,"Bain Capital Specialty Finance, Inc."
1898795,LVWR,"LiveWire Group, Inc."
1702318,AHG,Akso Health Group
1756594,IVA,Inventiva S.A.
1222719,CHY,CALAMOS CONVERTIBLE & HIGH INCOME FUND
1823584,AENT,ALLIANCE ENTERTAINMENT HOLDING CORP
1821159,EVGO,EVgo Inc.
1490906,CFFN,"Capitol Federal Financial, Inc."
1868726,OLPX,"OLAPLEX HOLDINGS, INC."
1221029,CPAC,CEMENTOS PACASMAYO SAA
1372020,GLDD,Great Lakes Dredge & Dock CORP
1431852,ODV,Osisko Development Corp.
1579214,EEX,"Emerald Holding, Inc."
1094324,SIFY,SIFY TECHNOLOGIES LTD
1034957,CRESY,CRESUD INC
1819974,SKYT,"SkyWater Technology, Inc"
1195739,NRK,NUVEEN NEW YORK AMT-FREE QUALITY MUNICIPAL INCOME FUND
1967649,VSTS,Vestis Corp
1643615,MEG,"Montrose Environmental Group, Inc."
1434868,ESPR,"Esperion Therapeutics, Inc."
1891027,MNTN,"MNTN, Inc."
1531031,ESQ,"Esquire Financial Holdings, Inc."
912463,GES,GUESS INC
1639877,GSM,Ferroglobe PLC
1013488,BJRI,BJs RESTAURANTS INC
1655759,ARVN,"ARVINAS, INC."
706129,HBNC,HORIZON BANCORP INC /IN/
755001,UTL,UNITIL CORP
2064947,WBI,WaterBridge Infrastructure LLC
1268533,TYG,TORTOISE ENERGY INFRASTRUCTURE CORP
1484769,FUBO,FuboTV Inc.
918965,SCSC,"SCANSOURCE, INC."
810332,RJET,REPUBLIC AIRWAYS HOLDINGS INC.
1920294,RZLV,REZOLVE AI PLC
906709,NKTR,NEKTAR THERAPEUTICS
2011674,YDES,YD Bio Ltd
1506289,BCX,BlackRock Resources & Commodities Strategy Trust
1227500,EQBK,EQUITY BANCSHARES INC
1607939,UDMY,"Udemy, Inc."
922864,AIV,APARTMENT INVESTMENT & MANAGEMENT CO
1459839,SIBN,"SI-BONE, Inc."
1337117,ITRN,Ituran Location & Control Ltd.
2074220,CAZGF,Catapult Group International Ltd
1818383,MAX,"MediaAlpha, Inc."
2010499,DGNX,Diginex Ltd
1219360,PHK,PIMCO HIGH INCOME FUND
1418076,SLRC,SLR Investment Corp.
1300391,EOI,Eaton Vance Enhanced Equity Income Fund
886744,GERN,GERON CORP
1756908,PDX,PIMCO Dynamic Income Strategy Fund
1591588,GOLD,"Gold.com, Inc."
1706431,VIR,"Vir Biotechnology, Inc."
1260041,HTD,JOHN HANCOCK TAX-ADVANTAGED DIVIDEND INCOME FUND
701347,CPF,CENTRAL PACIFIC FINANCIAL CORP
1517518,EMO,ClearBridge Energy Midstream Opportunity Fund Inc.
788965,HNRG,HALLADOR ENERGY CO
1437424,POET,POET TECHNOLOGIES INC.
897322,GILT,GILAT SATELLITE NETWORKS LTD
1868279,AVBP,"ArriVent BioPharma, Inc."
1817713,JANX,"Janux Therapeutics, Inc."
1814287,ABL,"Abacus Global Management, Inc."
1734342,AMTB,Amerant Bancorp Inc.
1562528,FBRT,"Franklin BSP Realty Trust, Inc."
1826286,VINP,Vinci Compass Investments Ltd.
1704720,CNNE,"Cannae Holdings, Inc."
1846069,NXDR,"Nextdoor Holdings, Inc."
880117,JBSS,SANFILIPPO JOHN B & SON INC
1227654,CMP,COMPASS MINERALS INTERNATIONAL INC
1574197,FPH,"Five Point Holdings, LLC"
1802974,AVO,"Mission Produce, Inc."
1951089,CRML,Critical Metals Corp.
1348911,KALV,"KalVista Pharmaceuticals, Inc."
1171471,CHI,CALAMOS CONVERTIBLE OPPORTUNITIES & INCOME FUND
31235,KODK,EASTMAN KODAK CO
1117297,QNST,"QUINSTREET, INC"
1851112,RSKD,RISKIFIED LTD.
1728688,IIIV,"i3 Verticals, Inc."
1109242,HAFC,HANMI FINANCIAL CORP
1861107,CBLL,"Ceribell, Inc."
775215,HBT,"HBT Financial, Inc."
1747079,BALY,Bally's Corp
1674930,FLGT,"Fulgent Genetics, Inc."
2007825,CCCX,Churchill Capital Corp X/Cayman
1844862,SLDP,"Solid Power, Inc."
890196,MQY,"BLACKROCK MUNIYIELD QUALITY FUND, INC."
93389,SMP,"STANDARD MOTOR PRODUCTS, INC."
1481582,RYI,Ryerson Holding Corp
1850235,HEPS,D-MARKET Electronic Services & Trading
1692376,VEL,"Velocity Financial, Inc."
1313510,GGN,"GAMCO Global Gold, Natural Resources & Income Trust"
63296,MATW,MATTHEWS INTERNATIONAL CORP
1113809,BBW,BUILD-A-BEAR WORKSHOP INC
1046025,HFWA,HERITAGE FINANCIAL CORP /WA/
1085913,FMCB,FARMERS & MERCHANTS BANCORP
1477815,SG,"Sweetgreen, Inc."
1411579,AMC,"AMC ENTERTAINMENT HOLDINGS, INC."
1484778,TDUP,ThredUp Inc.
1712189,TH,Target Hospitality Corp.
1512499,LIND,"LINDBLAD EXPEDITIONS HOLDINGS, INC."
1789029,AEVA,"Aeva Technologies, Inc."
1770069,MPLT,"MapLight Therapeutics, Inc."
1326200,GNK,GENCO SHIPPING & TRADING LTD
1796280,ORIC,"Oric Pharmaceuticals, Inc."
1096752,EPC,EDGEWELL PERSONAL CARE Co
1720116,RDVT,"Red Violet, Inc."
1476034,MCB,Metropolitan Bank Holding Corp.
1174164,FFC,Flaherty & Crumrine PREFERRED & INCOME SECURITIES FUND INC
1412665,MOFG,"MidWestOne Financial Group, Inc."
1604522,THQ,abrdn Healthcare Opportunities Fund
1163739,NBR,NABORS INDUSTRIES LTD
319654,PBT,PERMIAN BASIN ROYALTY TRUST
1826470,WOOF,"Petco Health & Wellness Company, Inc."
1855747,BLND,"Blend Labs, Inc."
1398733,AQST,"Aquestive Therapeutics, Inc."
1855129,GHRS,GH Research PLC
1865200,ANGX,"Angel Studios, Inc."
1538849,CAPL,CrossAmerica Partners LP
794619,AMWD,AMERICAN WOODMARK CORP
6845,APOG,"APOGEE ENTERPRISES, INC."
896429,CTLP,"CANTALOUPE, INC."
1042729,MBWM,MERCANTILE BANK CORP
912728,FWRD,FORWARD AIR CORP
357301,TRST,TRUSTCO BANK CORP N Y
1034842,RIGL,RIGEL PHARMACEUTICALS INC
1624322,BFST,"Business First Bancshares, Inc."
1828536,NRGV,"Energy Vault Holdings, Inc."
1832483,SERV,Serve Robotics Inc. /DE/
1862461,REAX,Real Brokerage Inc
736772,CCNE,CNB FINANCIAL CORP/PA
911971,TK,TEEKAY CORP LTD
1959224,AXG,"Solowin Holdings, Ltd."
1613780,DBVT,DBV Technologies S.A.
1743907,SNCY,"Sun Country Airlines Holdings, Inc."
1743725,GDYN,"GRID DYNAMICS HOLDINGS, INC."
1747068,MCBS,"MetroCity Bankshares, Inc."
1275168,FSBC,FIVE STAR BANCORP
108385,WRLD,WORLD ACCEPTANCE CORP
1453015,BLDP,Ballard Power Systems Inc.
1286613,LINC,LINCOLN EDUCATIONAL SERVICES CORP
80172,NPK,NATIONAL PRESTO INDUSTRIES INC
1828791,DSP,Viant Technology Inc.
1737953,REPL,"Replimune Group, Inc."
1879248,ADSE,Ads-Tec Energy Public Ltd Co
1051627,AXTI,AXT INC
88948,SENEA,Seneca Foods Corp
1828105,HIPO,Hippo Holdings Inc.
1836564,VALN,Valneva SE
1798749,JBIO,"Jade Biosciences, Inc."
1062231,AXL,AMERICAN AXLE & MANUFACTURING HOLDINGS INC
791963,OPY,OPPENHEIMER HOLDINGS INC
1579684,TDAY,"USA TODAY Co., Inc."
2018463,BRELY,Brazilian Rare Earths Limited/ADR
866729,SCHL,SCHOLASTIC CORP
1604174,ECC,Eagle Point Credit Co Inc.
1287213,PLOW,"DOUGLAS DYNAMICS, INC"
1958086,CLB,Core Laboratories Inc. /DE/
1538263,HTB,"HomeTrust Bancshares, Inc."
1683606,CARS,Cars.com Inc.
1778114,AIO,Virtus Artificial Intelligence & Technology Opportunities Fund
1528115,ANNX,"Annexon, Inc."
1454789,ATXS,"Astria Therapeutics, Inc."
1680581,FULC,"Fulcrum Therapeutics, Inc."
1944558,VTS,"Vitesse Energy, Inc."
1227476,JQC,Nuveen Credit Strategies Income Fund
1517396,SSYS,STRATASYS LTD.
1833197,SWIM,"Latham Group, Inc."
1779578,BGM,BGM Group Ltd.
1543418,TMQ,Trilogy Metals Inc.
1053352,HTBK,HERITAGE COMMERCE CORP
750686,CAC,CAMDEN NATIONAL CORP
883618,NXP,NUVEEN SELECT TAX FREE INCOME PORTFOLIO
800457,DGICA,DONEGAL GROUP INC
1762301,FVRR,Fiverr International Ltd.
1018979,AMSF,AMERISAFE INC
1590877,RGNX,REGENXBIO Inc.
1000177,NAT,NORDIC AMERICAN TANKERS Ltd
1782430,STRW,"Strawberry Fields REIT, Inc."
1722387,ITRG,Integra Resources Corp.
1717547,BRSP,"BrightSpire Capital, Inc."
2079013,HCAC,Hall Chadwick Acquisition Corp
1937987,FBYD,"Falcon's Beyond Global, Inc."
726601,CCBG,CAPITAL CITY BANK GROUP INC
1434621,TREE,"LendingTree, Inc."
732417,HBIA,HILLS BANCORPORATION
1907108,LXEO,"Lexeo Therapeutics, Inc."
883412,MYI,"BLACKROCK MUNIYIELD QUALITY FUND III, INC."
1501989,CTMX,"CytomX Therapeutics, Inc."
1722606,MTA,Metalla Royalty & Streaming Ltd.
1598428,MTUS,Metallus Inc.
1490281,GRPN,"Groupon, Inc."
1421517,ERII,"Energy Recovery, Inc."
1175535,WSR,Whitestone REIT
1728117,GOSS,"Gossamer Bio, Inc."
1821866,BTQ,BTQ Technologies Corp.
1855066,MEGI,NYLI CBRE Global Infrastructure Megatrends Term Fund
1655099,RA,Brookfield Real Assets Income Fund Inc.
714562,THFF,FIRST FINANCIAL CORP /IN/
1819559,WDI,Western Asset Diversified Income Fund (WDI)
1424929,FOXF,FOX FACTORY HOLDING CORP
1841925,INDI,"indie Semiconductor, Inc."
879635,MPB,MID PENN BANCORP INC
930236,RWT,REDWOOD TRUST INC
1831631,LDI,"loanDepot, Inc."
74046,ODC,Oil-Dri Corp of America
1774170,AIOT,"Powerfleet, Inc."
1071255,GDEN,"GOLDEN ENTERTAINMENT, INC."
1122904,NTGR,"NETGEAR, INC."
1386278,GDOT,GREEN DOT CORP
1389545,NBY,"NovaBay Pharmaceuticals, Inc."
1848731,GLASF,Glass House Brands Inc.
1832511,PIII,P3 Health Partners Inc.
1793855,ASGI,abrdn Global Infrastructure Income Fund
1296250,PFN,PIMCO Income Strategy Fund II
1527753,PSNL,"Personalis, Inc."
1793229,CTEV,Claritev Corp
1788399,DLY,DoubleLine Yield Opportunities Fund
716314,GHM,GRAHAM CORP
1423221,NX,Quanex Building Products CORP
1576942,SFIX,"Stitch Fix, Inc."
1630805,BW,"Babcock & Wilcox Enterprises, Inc."
1383082,DBA,INVESCO DB AGRICULTURE FUND
1834376,INNV,InnovAge Holding Corp.
1881487,ACDC,ProFrac Holding Corp.
1872789,EMBC,Embecta Corp.
1513363,FDUS,FIDUS INVESTMENT Corp
101538,UAMY,UNITED STATES ANTIMONY CORP
1823986,WDH,Waterdrop Inc.
69488,MYE,MYERS INDUSTRIES INC
799233,HTLD,HEARTLAND EXPRESS INC
854560,GSBC,"GREAT SOUTHERN BANCORP, INC."
1886878,PAXS,PIMCO Access Income Fund
1499543,NOAH,NOAH HOLDINGS LTD
926282,ADTN,"ADTRAN Holdings, Inc."
1729173,UXIN,Uxin Ltd
925683,BTO,JOHN HANCOCK FINANCIAL OPPORTUNITIES FUND
1160864,BHK,BLACKROCK CORE BOND TRUST
1185348,PRAA,PRA GROUP INC
1393726,TIPT,TIPTREE INC.
2076631,AMRQF,AMAROQ LTD.
826154,ORRF,ORRSTOWN FINANCIAL SERVICES INC
1383441,NIE,Virtus Equity & Convertible Income Fund
1857154,DNUT,"Krispy Kreme, Inc."
1824814,CGNT,Cognyte Software Ltd.
1569187,AHH,"Armada Hoffler Properties, Inc."
1838615,ALTI,"AlTi Global, Inc."
1095565,HSTM,HEALTHSTREAM INC
1309402,GPRE,Green Plains Inc.
1793663,VTEX,VTEX
1713334,MSC,STUDIO CITY INTERNATIONAL HOLDINGS Ltd
1201792,APEI,AMERICAN PUBLIC EDUCATION INC
1823587,SKYH,Sky Harbour Group Corp
1124105,GYRE,"GYRE THERAPEUTICS, INC."
1539190,SPPP,SPROTT PHYSICAL PLATINUM & PALLADIUM TRUST
1503290,ACP,abrdn Income Credit Strategies Fund
1606757,KE,"Kimball Electronics, Inc."
1549346,SSTK,"Shutterstock, Inc."
1667011,AIP,"Arteris, Inc."
1630472,TRTX,"TPG RE Finance Trust, Inc."
1951222,LAES,SEALSQ Corp
1166663,TEN,TSAKOS ENERGY NAVIGATION LTD
1753539,BKSY,BlackSky Technology Inc.
1850270,PROK,PROKIDNEY CORP.
39311,IBCP,INDEPENDENT BANK CORP /MI/
1692705,HTT,Qudian Inc.
783412,DJCO,DAILY JOURNAL CORP
1604665,WLKP,Westlake Chemical Partners LP
1320375,BOE,BlackRock Enhanced Global Dividend Trust
916907,SMBC,"SOUTHERN MISSOURI BANCORP, INC."
1517375,SPT,"Sprout Social, Inc."
1016281,CSV,CARRIAGE SERVICES INC
1000623,MATV,"Mativ Holdings, Inc."
1816590,CMPS,COMPASS Pathways plc
1377757,GAU,Galiano Gold Inc.
1268884,IGR,CBRE GLOBAL REAL ESTATE INCOME FUND
1530804,TROX,Tronox Holdings plc
1625791,KRNT,Kornit Digital Ltd.
1367644,EBS,Emergent BioSolutions Inc.
1273685,ADAM,"ADAMAS TRUST, INC."
1737924,NCDL,Nuveen Churchill Direct Lending Corp.
1661181,ORGO,Organogenesis Holdings Inc.
1819142,SES,SES AI Corp
1494191,KRNGY,Karoon Gas Australia Ltd /ADR/
1729997,GDLC,Grayscale CoinDesk Crypto 5 ETF
1771706,VREOF,Vireo Growth Inc.
1806952,LYEL,"Lyell Immunopharma, Inc."
1050441,EGBN,EAGLE BANCORP INC
2040475,DMII,Drugs Made In America Acquisition II Corp.
1027838,TCMD,TACTILE SYSTEMS TECHNOLOGY INC
1369085,NEWP,NEW PACIFIC METALS CORP
1842731,SMWB,SIMILARWEB LTD.
1831915,CTKB,"Cytek Biosciences, Inc."
884152,VMO,Invesco Municipal Opportunity Trust
1820378,TBLD,Thornburg Income Builder Opportunities Trust
1851194,VTYX,"Ventyx Biosciences, Inc."
1728190,HUYA,HUYA Inc.
1852353,DC,Dakota Gold Corp.
1084201,SVA,SINOVAC BIOTECH LTD
1920406,ASST,"Strive, Inc."
1963685,RR,RICHTECH ROBOTICS INC.
1735438,MGTX,MeiraGTx Holdings plc
1471420,STK,"Columbia Seligman Premium Technology Growth Fund, Inc."
1829959,DCBO,Docebo Inc.
1632127,CABO,"Cable One, Inc."
354963,SHEN,SHENANDOAH TELECOMMUNICATIONS CO/VA/
1772177,KRUS,"KURA SUSHI USA, INC."
1652535,ICHR,"ICHOR HOLDINGS, LTD."
790500,FAX,"ABRDN ASIA-PACIFIC INCOME FUND, INC."
1743759,CRSR,"Corsair Gaming, Inc."
1053988,MUJ,"BLACKROCK MUNIHOLDINGS NEW JERSEY QUALITY FUND, INC."
1512228,NB,NIOCORP DEVELOPMENTS LTD
1064052,FGOVF,FREEGOLD VENTURES LTD
1051003,DSU,"BLACKROCK DEBT STRATEGIES FUND, INC."
1163668,SPFI,"SOUTH PLAINS FINANCIAL, INC."
1195738,NKX,NUVEEN CALIFORNIA AMT-FREE QUALITY MUNICIPAL INCOME FUND
1038773,SMBK,SMARTFINANCIAL INC.
1030192,IDR,"Idaho Strategic Resources, Inc."
862831,FISI,FINANCIAL INSTITUTIONS INC
1894562,PRME,"Prime Medicine, Inc."
1700844,EVOH,EvoAir Holdings Inc.
1400891,IHRT,"iHeartMedia, Inc."
855886,PDT,JOHN HANCOCK PREMIUM DIVIDEND FUND
1537054,GOGO,Gogo Inc.
1535778,MSIF,"MSC INCOME FUND, INC."
1765812,PHDWY,"PT Ace Hardware Indonesia, Tbk./ADR"
1664710,KROS,"Keros Therapeutics, Inc."
1227862,EMD,WESTERN ASSET EMERGING MARKETS DEBT FUND INC.
859070,FCBC,FIRST COMMUNITY BANKSHARES INC /VA/
1827821,FRGE,"Forge Global Holdings, Inc."
1928446,GRNT,"Granite Ridge Resources, Inc."
1401521,ACIC,AMERICAN COASTAL INSURANCE Corp
1548717,LDP,"Cohen & Steers Ltd Duration Preferred & Income Fund, Inc."
764401,IIIN,INSTEEL INDUSTRIES INC
1720424,HIVE,HIVE Digital Technologies Ltd.
1034665,MHD,"BLACKROCK MUNIHOLDINGS FUND, INC."
1043000,SNDA,"SONIDA SENIOR LIVING, INC."
1710350,BTBT,"Bit Digital, Inc"
60714,LXU,"LSB INDUSTRIES, INC."
1789972,CGEM,"Cullinan Therapeutics, Inc."
1669779,CWH,"Camping World Holdings, Inc."
1514705,SXC,"SunCoke Energy, Inc."
1803901,TALK,"Talkspace, Inc."
1827401,DRUG,BRIGHT MINDS BIOSCIENCES INC.
1795815,BCAL,California BanCorp \ CA
23795,CTO,"CTO Realty Growth, Inc."
1040470,AEHR,AEHR TEST SYSTEMS
1142750,AMN,AMN HEALTHCARE SERVICES INC
1980845,ENGN,enGene Holdings Inc.
872716,ALPIB,ALPINE BANKS OF COLORADO
2042022,WYFI,"WhiteFiber, Inc."
1538379,IBTA,"Ibotta, Inc."
1001385,NWPX,"NWPX Infrastructure, Inc."
915840,BZH,BEAZER HOMES USA INC
1861974,ECX,ECARX Holdings Inc.
876427,MNRO,"MONRO, INC."
1793129,NDMO,Nuveen Dynamic Municipal Opportunities Fund
884624,OFIX,Orthofix Medical Inc.
1792849,HPK,"HighPeak Energy, Inc."
1966287,GFR,Greenfire Resources Ltd.
1862044,ZKH,ZKH Group Ltd
1437071,IVR,Invesco Mortgage Capital Inc.
1387467,AOSL,ALPHA & OMEGA SEMICONDUCTOR Ltd
1395325,ETJ,Eaton Vance Risk-Managed Diversified Equity Income Fund
1609151,WEAV,"Weave Communications, Inc."
2042902,EVAC,EQV Ventures Acquisition Corp. II
1921865,ASPI,ASP Isotopes Inc.
1035092,SHBI,SHORE BANCSHARES INC
2025416,OWLS,OBOOK HOLDINGS INC.
1163370,NRIM,NORTHRIM BANCORP INC
2034267,CEPF,"Cantor Equity Partners IV, Inc."
216851,PEO,"ADAMS NATURAL RESOURCES FUND, INC."
1559432,TXO,"TXO Partners, L.P."
1528988,BUI,"BlackRock Utilities, Infrastructure & Power Opportunities Trust"
1001614,REPX,"Riley Exploration Permian, Inc."
1526119,VSTM,"Verastem, Inc."
1173489,CEVA,CEVA INC
896156,ETD,ETHAN ALLEN INTERIORS INC
357294,HOV,HOVNANIAN ENTERPRISES INC
885601,IIM,Invesco Value Municipal Income Trust
1320461,CPS,Cooper-Standard Holdings Inc.
808439,TATT,TAT TECHNOLOGIES LTD
1547459,NGVC,"Natural Grocers by Vitamin Cottage, Inc."
1620749,PHCI,Panamera Holdings Corp
1336706,NPB,NORTHPOINTE BANCSHARES INC
1832038,IVVD,"Invivyd, Inc."
930420,KFRC,KFORCE INC
1626971,CRVS,"Corvus Pharmaceuticals, Inc."
1847590,BWMN,Bowman Consulting Group Ltd.
1562818,BIT,BlackRock Multi-Sector Income Trust
1705110,ANGI,Angi Inc.
899923,MYGN,MYRIAD GENETICS INC
1997652,TBN,Tamboran Resources Corp
903419,ALRS,ALERUS FINANCIAL CORP
38264,FWDI,"Forward Industries, Inc."
886043,MMU,WESTERN ASSET MANAGED MUNICIPALS FUND INC.
763532,LYTS,LSI INDUSTRIES INC
1830043,BMBL,Bumble Inc.
1067294,CBRL,"CRACKER BARREL OLD COUNTRY STORE, INC"
737468,WASH,WASHINGTON TRUST BANCORP INC
1768259,GOTU,Gaotu Techedu Inc.
1299130,PACB,"PACIFIC BIOSCIENCES OF CALIFORNIA, INC."
1602584,CCD,Calamos Dynamic Convertible & Income Fund
2079173,AEXA,American Exceptionalism Acquisition Corp. A
1691082,LBRX,LB PHARMACEUTICALS INC
880892,VGM,Invesco Trust for Investment Grade Municipals
928340,CWCO,Consolidated Water Co. Ltd.
1525769,PLAY,"Dave & Buster's Entertainment, Inc."
317788,APPS,"Digital Turbine, Inc."
1774342,NMCO,Nuveen Municipal Credit Opportunities Fund
2001201,FUEMF,Fuerte Metals Corp
1994702,KYTX,"Kyverna Therapeutics, Inc."
1898496,GETY,"Getty Images Holdings, Inc."
1390478,SLS,"SELLAS Life Sciences Group, Inc."
1608742,DIAX,Nuveen Dow 30sm Dynamic Overwrite Fund
1321741,GAIN,GLADSTONE INVESTMENT CORPORATION\DE
1219120,AVK,ADVENT CONVERTIBLE & INCOME FUND
25475,CRD-A,CRAWFORD & CO
917100,IFN,"INDIA FUND, INC."
1999480,ANRO,"Alto Neuroscience, Inc."
928658,CVLG,"COVENANT LOGISTICS GROUP, INC."
1708259,LX,LexinFintech Holdings Ltd.
708781,CASS,CASS INFORMATION SYSTEMS INC
912147,RMT,"ROYCE MICRO-CAP TRUST, INC."
1520358,MAMA,"Mama's Creations, Inc."
1446847,IRWD,IRONWOOD PHARMACEUTICALS INC
1393299,BGY,BlackRock Enhanced International Dividend Trust
798783,UHT,UNIVERSAL HEALTH REALTY INCOME TRUST
1590976,MBUU,"MALIBU BOATS, INC."
43196,GTN,"GRAY MEDIA, INC"
1364125,WRN,Western Copper & Gold Corp
1854545,DDL,Dingdong (Cayman) Ltd
1631596,KREF,KKR Real Estate Finance Trust Inc.
2044725,EVMN,"Evommune, Inc."
41719,MAGN,Magnera Corp
1426800,ASMB,"ASSEMBLY BIOSCIENCES, INC."
2038919,DOWAY,Dowway Holdings Limited/ADR
1597033,SABR,Sabre Corp
1899883,FIP,FTAI Infrastructure Inc.
1080720,GUT,GABELLI UTILITY TRUST
895531,VCV,Invesco California Value Municipal Income Trust
1807120,DSGN,"Design Therapeutics, Inc."
877463,VKQ,Invesco Municipal Trust
1315257,KOP,Koppers Holdings Inc.
1057379,HCKT,"HACKETT GROUP, INC."
1233681,BLW,BLACKROCK Ltd DURATION INCOME TRUST
1867102,EVTL,Vertical Aerospace Ltd.
1314966,BME,BlackRock Health Sciences Trust
1349436,SD,SANDRIDGE ENERGY INC
1965615,MGMNF,MAGNA MINING INC.
1788257,BWMX,"BETTERWARE DE MEXICO, S.A.P.I. DE C.V"
1759774,PSTL,"Postal Realty Trust, Inc."
1497645,INN,"Summit Hotel Properties, Inc."
1057060,HZO,MARINEMAX INC
1730463,AUTL,Autolus Therapeutics plc
99302,TRNS,TRANSCAT INC
1275187,ANGO,ANGIODYNAMICS INC
1868995,CINT,CI&T Inc
1781730,TCBX,"Third Coast Bancshares, Inc."
1600626,PKST,Peakstone Realty Trust
95029,RGR,STURM RUGER & CO INC
1173514,HY,"HYSTER-YALE, INC."
885125,IQI,Invesco Quality Municipal Income Trust
1053369,ELTP,ELITE PHARMACEUTICALS INC /NV/
39020,FEIM,FREQUENCY ELECTRONICS INC
1546429,BGB,Blackstone Strategic Credit 2027 Term Fund
1546417,BLMN,"Bloomin' Brands, Inc."
1267902,WIW,WESTERN ASSET INFLATION-LINKED OPPORTUNITIES & INCOME FUND
1672688,ABSI,Absci Corp
1375205,URG,UR-ENERGY INC
1769617,HONE,"HarborOne Bancorp, Inc."
103595,VLGEA,VILLAGE SUPER MARKET INC
2059573,PINWF,Pinewood Technologies Group plc
1500412,AMBQ,"Ambiq Micro, Inc."
1606498,AVNS,"AVANOS MEDICAL, INC."
1347178,VNDA,Vanda Pharmaceuticals Inc.
1087786,NXJ,NUVEEN NEW JERSEY QUALITY MUNICIPAL INCOME FUND
1234006,GOOD,GLADSTONE COMMERCIAL CORP
1633336,CCAP,"Crescent Capital BDC, Inc."
1725123,CANG,Cango Inc.
920427,UNTY,UNITY BANCORP INC /NJ/
743367,BHB,BAR HARBOR BANKSHARES
928054,FTK,FLOTEK INDUSTRIES INC/CN/
835011,MGPI,MGP INGREDIENTS INC
1810523,FTHY,FIRST TRUST HIGH YIELD OPPORTUNITIES 2027 TERM FUND
717538,AROW,ARROW FINANCIAL CORP
1734107,SOHU,Sohu.com Ltd
1635977,THW,abrdn World Healthcare Fund
1528287,NPCE,NeuroPace Inc
1720420,IBEX,IBEX Ltd
1559053,PRTA,PROTHENA CORP PUBLIC LTD CO
2064355,BCSS,Bain Capital GSS Investment Corp.
923139,FFIC,FLUSHING FINANCIAL CORP
1823794,ARKO,ARKO Corp.
1835856,BETR,Better Home & Finance Holding Co
1487952,VPG,"Vishay Precision Group, Inc."
1873529,KLC,"KinderCare Learning Companies, Inc."
1413837,FFWM,First Foundation Inc.
1944057,CLCO,Cool Co Ltd.
1708055,RBBN,Ribbon Communications Inc.
75288,OXM,OXFORD INDUSTRIES INC
1257640,KRO,KRONOS WORLDWIDE INC
2013223,HLSCF,Highlander Silver Corp.
1386570,NAGE,"Niagen Bioscience, Inc."
790816,BDN,BRANDYWINE REALTY TRUST
733590,TCI,TRANSCONTINENTAL REALTY INVESTORS INC
715579,ACNB,ACNB CORP
1864208,GUG,Guggenheim Active Allocation Fund
65172,MSB,MESABI TRUST
1554697,GHY,"PGIM Global High Yield Fund, Inc."
766011,CMCL,Caledonia Mining Corp Plc
1434647,ZVRA,"ZEVRA THERAPEUTICS, INC."
2035992,MCTA,Charming Medical Ltd
1534254,CION,CION Investment Corp
1830214,DNA,"Ginkgo Bioworks Holdings, Inc."
1641229,FFMGF,First Mining Gold Corp.
1059386,VVR,Invesco Senior Income Trust
709337,FMNB,FARMERS NATIONAL BANC CORP /OH/
1170299,PML,PIMCO MUNICIPAL INCOME FUND II
1378325,CV,"CapsoVision, Inc"
899751,TWI,TITAN INTERNATIONAL INC
1815776,LENZ,"LENZ Therapeutics, Inc."
1997377,ISOU,IsoEnergy Ltd.
1176984,EIM,Eaton Vance Municipal Bond Fund
2019804,IMSR,Terrestrial Energy Inc. /DE/
2099232,FMAC,Future Money Acquisition Corp
1385613,GLRE,"GREENLIGHT CAPITAL RE, LTD."
1665988,BVS,Bioventus Inc.
1176194,BLE,BLACKROCK MUNICIPAL INCOME TRUST II
1822928,HLLY,Holley Inc.
1281926,ETO,Eaton Vance Tax-Advantaged Global Dividend Opportunities Fund
884121,HQL,abrdn Life Sciences Investors
1824403,RSVR,"Reservoir Media, Inc."
1005229,CMCO,COLUMBUS MCKINNON CORP
49754,DIN,"Dine Brands Global, Inc."
1897087,SUPX,SuperX AI Technology Ltd
1434754,SB,"SAFE BULKERS, INC."
1162194,LAB,STANDARD BIOTOOLS INC.
1044777,OSPN,OneSpan Inc.
889971,LPTH,LIGHTPATH TECHNOLOGIES INC
1050743,PGC,PEAPACK GLADSTONE FINANCIAL CORP
1761612,BCYC,BICYCLE THERAPEUTICS PLC
1711570,UROY,Uranium Royalty Corp.
916789,HELE,HELEN OF TROY LTD
1791145,GBFH,GBank Financial Holdings Inc.
1056943,PFIS,PEOPLES FINANCIAL SERVICES CORP.
1681622,VREX,Varex Imaging Corp
62234,MCS,MARCUS CORP
1627281,CLLS,Cellectis S.A.
1625641,LAW,"CS Disco, Inc."
1301787,BXC,BlueLinx Holdings Inc.
1392380,GEVO,"Gevo, Inc."
1341317,BWB,Bridgewater Bancshares Inc
1071236,RRBI,RED RIVER BANCSHARES INC
807863,MITK,MITEK SYSTEMS INC
1534880,ISD,"PGIM High Yield Bond Fund, Inc."
1562051,NML,Neuberger Berman Energy Infrastructure & Income Fund Inc.
1124524,CYRX,"Cryoport, Inc."
1768267,CRNC,Cerence Inc.
879361,MYD,"BLACKROCK MUNIYIELD FUND, INC."
917470,ZEUS,OLYMPIC STEEL INC
1690639,VBNK,VersaBank
1493225,NFBK,"Northfield Bancorp, Inc."
1833835,PSFE,Paysafe Ltd
1365767,ALLT,Allot Ltd.
2025583,ZDCAF,"ZEDCOR, INC."
1515940,KIO,KKR Income Opportunities Fund
1709941,BIOA,"BioAge Labs, Inc."
945983,CLMB,"Climb Global Solutions, Inc."
1819516,UP,Wheels Up Experience Inc.
1839886,MRRDF,Meridian Mining UK Societas
1396277,CHW,Calamos Global Dynamic Income Fund
1514416,BAND,Bandwidth Inc.
2074872,KRSP,Rice Acquisition Corp 3
720858,ITIC,INVESTORS TITLE CO
1325964,LWLG,"Lightwave Logic, Inc."
1684688,ATCX,ATLAS CRITICAL MINERALS Corp
727273,CDZI,CADIZ INC
1956955,UMAC,"Unusual Machines, Inc."
2012964,AAM,AA Mission Acquisition Corp.
1021561,NUS,"NU SKIN ENTERPRISES, INC."
1780652,CAN,Canaan Inc.
1586628,FNBT,"FineMark Holdings, Inc."
2080019,GIW,GigCapital8 Corp.
2021042,FTW,EQV Ventures Acquisition Corp.
1631569,CHCT,Community Healthcare Trust Inc
1803737,EHAB,"Enhabit, Inc."
1419536,CBNK,Capital Bancorp Inc
1143513,GLAD,GLADSTONE CAPITAL CORP
1515671,DPG,Duff & Phelps Utility & Infrastructure Fund Inc.
1436208,LEGH,Legacy Housing Corp
1617242,KRNY,Kearny Financial Corp.
1854149,ANSC,Agriculture & Natural Solutions Acquisition Corp
1673985,ASIX,AdvanSix Inc.
1500881,EU,enCore Energy Corp.
1478888,NBB,Nuveen Taxable Municipal Income Fund
1370755,TCPC,BlackRock TCP Capital Corp.
1628908,EVH,"Evolent Health, Inc."
33002,EBF,"ENNIS, INC."
1215913,HPS,JOHN HANCOCK PREFERRED INCOME FUND III
895447,SCVL,SHOE CARNIVAL INC
1986817,GTEN,"Gores Holdings X, Inc. / CI"
1368265,CLNE,Clean Energy Fuels Corp.
1865389,NPFD,Nuveen Variable Rate Preferred & Income Fund
1785493,RHNO,RHINO BITCOIN INC.
108985,YORW,YORK WATER CO
1778016,NBP,NovaBridge Biosciences
909108,DHIL,DIAMOND HILL INVESTMENT GROUP INC
2075786,SEAH,"Seahawk Recycling Holdings, Inc."
72573,MOV,MOVADO GROUP INC
1683695,IMXI,"International Money Express, Inc."
1712463,PACK,Ranpak Holdings Corp.
1466026,MSBI,"Midland States Bancorp, Inc."
1808898,BNTC,Benitec Biopharma Inc.
1848416,VRNO,Verano Holdings Corp.
1177648,ENTA,ENANTA PHARMACEUTICALS INC
2079253,APXT,Apex Treasury Corp
1530766,STEX,Streamex Corp.
1758021,KRT,Karat Packaging Inc.
2069785,GLOO,"Gloo Holdings, Inc."
1710340,ETON,"Eton Pharmaceuticals, Inc."
1436425,HBCP,"HOME BANCORP, INC."
351834,STKL,SunOpta Inc.
2078856,PURR,Hyperliquid Strategies Inc
1521951,FBIZ,"FIRST BUSINESS FINANCIAL SERVICES, INC."
2028707,BACQ,INFLECTION POINT ACQUISITION CORP. IV
1285890,IGD,Voya GLOBAL EQUITY DIVIDEND & PREMIUM OPPORTUNITY FUND
895419,WOLF,"WOLFSPEED, INC."
1606909,PANL,Pangaea Logistics Solutions Ltd.
1308927,ETB,Eaton Vance Tax-Managed Buy-Write Income Fund
1835597,PEPG,PepGen Inc.
1816708,OWLT,"Owlet, Inc."
1653558,PRTH,"Priority Technology Holdings, Inc."
1701051,WOW,"WideOpenWest, Inc."
1829576,CARE,"Carter Bankshares, Inc."
1425450,KIDS,ORTHOPEDIATRICS CORP
1130144,BSRR,SIERRA BANCORP
799288,LE,"LANDS' END, INC."
1510593,XNET,Xunlei Ltd
803164,COFS,CHOICEONE FINANCIAL SERVICES INC
870780,NQP,NUVEEN PENNSYLVANIA QUALITY MUNICIPAL INCOME FUND
1930313,SBC,SBC Medical Group Holdings Inc
1843974,DXYZ,Destiny Tech100 Inc.
788329,JOUT,JOHNSON OUTDOORS INC
1318008,ZUMZ,Zumiez Inc
1745059,FINS,Angel Oak Financial Strategies Income Term Trust
1291334,FFA,FIRST TRUST ENHANCED EQUITY INCOME FUND
1137393,BFK,BLACKROCK MUNICIPAL INCOME TRUST
1401257,FET,"FORUM ENERGY TECHNOLOGIES, INC."
1832928,CRLBF,Cresco Labs Inc.
1921158,FUFU,Bitfufu Inc.
1707502,SLDB,Solid Biosciences Inc.
712770,OLP,ONE LIBERTY PROPERTIES INC
1092796,SWBI,"SMITH & WESSON BRANDS, INC."
88000,HKHC,Horizon Kinetics Holding Corp
1010086,SIGA,SIGA TECHNOLOGIES INC
1771910,ADCT,ADC Therapeutics SA
1108109,CYH,COMMUNITY HEALTH SYSTEMS INC
1475115,EB,"Eventbrite, Inc."
1645469,MNPR,Monopar Therapeutics
1861115,NMAI,Nuveen Multi-Asset Income Fund
844059,FRPH,"FRP HOLDINGS, INC."
1591670,FPI,Farmland Partners Inc.
1576873,ABAT,AMERICAN BATTERY TECHNOLOGY Co
1509991,KOS,Kosmos Energy Ltd.
724004,MLAB,MESA LABORATORIES INC /CO/
2099093,HCIC,Hennessy Capital Investment Corp. VIII
1176199,HPI,JOHN HANCOCK PREFERRED INCOME FUND
1821534,EXOD,"Exodus Movement, Inc."
70487,NRC,NATIONAL RESEARCH CORP
1959455,HSHP,Himalaya Shipping Ltd.
2007596,TWFG,"TWFG, Inc."
1832803,THSGF,THESIS GOLD INC.
2073928,MBVI,M3-Brigade Acquisition VI Corp.
1127371,CWBC,Community West Bancshares
1570562,EOLS,"Evolus, Inc."
1577437,ASC,Ardmore Shipping Corp
1860805,ASTL,Algoma Steel Group Inc.
944745,CIVB,"CIVISTA BANCSHARES, INC."
1666291,CMTG,"Claros Mortgage Trust, Inc."
1650648,FDMT,"4D Molecular Therapeutics, Inc."
1111485,RXST,"RxSight, Inc."
924822,MLR,MILLER INDUSTRIES INC /TN/
1799567,DDI,"DoubleDown Interactive Co., Ltd."
1766600,SNDL,SNDL Inc.
2073340,TLNC,Talon Capital Corp.
1517022,AKBA,"Akebia Therapeutics, Inc."
1559991,DFP,Flaherty & Crumrine Dynamic Preferred & Income Fund Inc
1615165,VERI,"Veritone, Inc."
1074540,EVN,Eaton Vance Municipal Income Trust
1495651,UURAF,Ucore Rare Metals Inc.
61986,MTW,MANITOWOC CO INC
1790340,IMRX,Immuneering Corp
76267,PKE,PARK AEROSPACE CORP
96869,TRC,TEJON RANCH CO
2065779,BCAR,D. Boral ARC Acquisition I Corp.
1084991,NGS,NATURAL GAS SERVICES GROUP INC
1871321,DRTS,Alpha Tau Medical Ltd.
1090009,SFST,SOUTHERN FIRST BANCSHARES INC
1584549,VFF,"Village Farms International, Inc."
1372299,OCGN,"Ocugen, Inc."
1506184,IMMP,IMMUTEP Ltd
1737927,CGC,Canopy Growth Corp
1403475,BMRC,Bank of Marin Bancorp
1531177,SGHT,"Sight Sciences, Inc."
1062822,LXRX,"LEXICON PHARMACEUTICALS, INC."
1368519,NOA,North American Construction Group Ltd.
1855175,CTNM,"Contineum Therapeutics, Inc."
1259708,FRA,"BLACKROCK FLOATING RATE INCOME STRATEGIES FUND, INC."
1779128,SRTA,"Strata Critical Medical, Inc."
1849396,NEXN,Nexxen International Ltd.
1866633,CCSI,"Consensus Cloud Solutions, Inc."
1401040,DMAC,DiaMedica Therapeutics Inc.
1514991,AMCX,AMC Networks Inc.
771266,KOPN,KOPIN CORP
14707,CAL,CALERES INC
901243,MUA,"BLACKROCK MUNIASSETS FUND, INC."
1422930,PUBM,"PubMatic, Inc."
1334388,OBE,OBSIDIAN ENERGY LTD.
1121484,OIS,"OIL STATES INTERNATIONAL, INC"
1084554,LTBR,LIGHTBRIDGE Corp
1304492,ATEX,Anterix Inc.
1833141,CYBN,CYBIN INC.
1842279,OPAL,OPAL Fuels Inc.
1567529,KMDA,KAMADA LTD
2007587,AII,"American Integrity Insurance Group, Inc."
2035173,RTAC,Renatus Tactical Acquisition Corp I
1285550,CLPT,"ClearPoint Neuro, Inc."
1494904,GBLI,"Global Indemnity Group, LLC"
818972,LEO,"BNY MELLON STRATEGIC MUNICIPALS, INC."
2029976,KFII,K&F GROWTH ACQUISITION CORP. II
1812923,SDHY,PGIM Short Duration High Yield Opportunities Fund
1542028,DVS,DOLLY VARDEN SILVER CORP
1412095,TROO,"Troops, Inc. /Cayman Islands/"
908993,VKI,Invesco Advantage Municipal Income Trust II
879911,AERG,"APPLIED ENERGETICS, INC."
2044009,XRPN,Armada Acquisition Corp. II
1782999,PRTC,PureTech Health plc
796505,CLFD,"Clearfield, Inc."
1802156,XPOF,"Xponential Fitness, Inc."
1495825,GBAB,Guggenheim Taxable Municipal Bond & Investment Grade Debt Trust
1313310,GRVY,"GRAVITY Co., Ltd."
1041514,LSAK,LESAKA TECHNOLOGIES INC
1030997,WILC,G WILLI FOOD INTERNATIONAL LTD
1210123,EAD,ALLSPRING INCOME OPPORTUNITIES FUND
931148,EAF,GRAFTECH INTERNATIONAL LTD
1649752,NMG,Nouveau Monde Graphite Inc.
1308208,ULH,"UNIVERSAL LOGISTICS HOLDINGS, INC."
1581091,RMAX,"RE/MAX Holdings, Inc."
1809691,HKD,AMTD Digital Inc.
1436126,MG,"Mistras Group, Inc."
1792829,VSTA,Vasta Platform Ltd
835948,MVF,"BLACKROCK MUNIVEST FUND, INC."
1338940,PERI,Perion Network Ltd.
1402829,ORN,Orion Group Holdings Inc
1020214,CERS,CERUS CORP
2058359,CRAQ,Cal Redwood Acquisition Corp.
1145604,NIKA,"NIKA PHARMACEUTICALS, INC"
1502377,CTGO,"Contango ORE, Inc."
1597672,RYAM,RAYONIER ADVANCED MATERIALS INC.
1806347,WEST,Westrock Coffee Co
1720446,ZEPP,Zepp Health Corp
2048948,NPAC,New Providence Acquisition Corp. III/Cayman
842717,BRBS,"BLUE RIDGE BANKSHARES, INC."
1689375,TRDA,"Entrada Therapeutics, Inc."
1874071,PDLB,"Ponce Financial Group, Inc."
1134115,THM,INTERNATIONAL TOWER HILL MINES LTD
1979005,AFJK,"Aimei Health Technology Co., Ltd."
1002590,SGU,"STAR GROUP, L.P."
1681087,TECX,"Tectonic Therapeutic, Inc."
873860,ONIT,ONITY GROUP INC.
2006291,CCIX,Churchill Capital Corp IX/Cayman
2018064,TTGT,"TechTarget, Inc."
924396,CRSF,Crisp Momentum Inc.
1383414,PNNT,PENNANTPARK INVESTMENT CORP
1494582,BOC,BOSTON OMAHA Corp
2068577,BRCB,"Black Rock Coffee Bar, Inc."
1133470,CVGW,CALAVO GROWERS INC
1746129,BSVN,Bank7 Corp.
1581178,EPRX,EUPRAXIA PHARMACEUTICALS INC.
1794776,PSBD,Palmer Square Capital BDC Inc.
1072627,KFS,KINGSWAY FINANCIAL SERVICES INC
876343,LCTX,"Lineage Cell Therapeutics, Inc."
2056634,PCAP,ProCap Acquisition Corp
1834526,GPAT,GP-Act III Acquisition Corp.
1464591,GPRK,GeoPark Ltd
2010930,ALF,Centurion Acquisition Corp.
69733,NATH,"NATHANS FAMOUS, INC."
1341170,ESEA,EUROSEAS LTD.
1244183,PFL,PIMCO INCOME STRATEGY FUND
1837014,SMRT,"SmartRent, Inc."
1952976,NLOP,Net Lease Office Properties
2016072,MBAV,M3-Brigade Acquisition V Corp.
1754226,OBT,"Orange County Bancorp, Inc. /DE/"
1354866,BYRN,Byrna Technologies Inc.
1277575,SCGX,SAXON CAPITAL GROUP INC
275053,NATR,NATURES SUNSHINE PRODUCTS INC
2033122,TACO,Berto Acquisition Corp.
1766368,MEC,"Mayville Engineering Company, Inc."
216085,HVT,HAVERTY FURNITURE COMPANIES INC
1281895,RCKT,"ROCKET PHARMACEUTICALS, INC."
1519401,RM,Regional Management Corp.
2055459,RDAG,Republic Digital Acquisition Co
882150,MYN,"BLACKROCK MUNIYIELD NEW YORK QUALITY FUND, INC."
894627,EGY,VAALCO ENERGY INC /DE/
1528985,INRE,"Inland Real Estate Income Trust, Inc."
711669,CBAN,COLONY BANKCORP INC
2057043,WENN,WEN Acquisition Corp
1070524,GCBC,GREENE COUNTY BANCORP INC
784539,EACO,EACO CORP
1326190,ALT,"Altimmune, Inc."
91847,SOR,SOURCE CAPITAL /DE/
320121,TLS,TELOS CORP
1166928,WTBA,WEST BANCORPORATION INC
1130713,BBBY,"BED BATH & BEYOND, INC."
1058239,HIX,WESTERN ASSET HIGH INCOME FUND II INC.
2033535,CMDB,Costamare Bulkers Holdings Ltd
1539337,JRI,Nuveen Real Asset Income & Growth Fund
1505065,BWAY,Brainsway Ltd.
1421461,IPI,"Intrepid Potash, Inc."
1655210,BYND,"BEYOND MEAT, INC."
275694,MCI,BARINGS CORPORATE INVESTORS
1377936,SAR,SARATOGA INVESTMENT CORP.
1901637,USCB,"USCB FINANCIAL HOLDINGS, INC."
1717307,ILPT,Industrial Logistics Properties Trust
1802883,API,"Agora, Inc."
814586,LWAY,"Lifeway Foods, Inc."
1319947,DBI,Designer Brands Inc.
1528356,GNE,Genie Energy Ltd.
842517,ISBA,ISABELLA BANK CORP
1023459,SLP,"Simulations Plus, Inc."
1551901,SCM,Stellus Capital Investment Corp
1866782,CDRO,"Codere Online Luxembourg, S.A."
1419806,REEMF,RARE ELEMENT RESOURCES LTD
1375340,FOF,"Cohen & Steers Closed-End Opportunity Fund, Inc."
789933,NC,NACCO INDUSTRIES INC
1819580,YSG,Yatsen Holding Ltd
1703079,XFLT,XAI Octagon Floating Rate & Alternative Income Trust
1377630,NCMI,"National CineMedia, Inc."
2058601,BRBI,BRBI BR Partners S.A.
1799207,AUNA,AUNA S.A.
1770501,VENU,Venu Holding Corp
728385,BCHT,Birchtech Corp.
2074697,FCRS,FutureCrest Acquisition Corp.
1564180,KNOP,KNOT Offshore Partners LP
1096056,LXFR,LUXFER HOLDINGS PLC
814585,MBI,MBIA INC
1345126,CODI,Compass Diversified Holdings
1505732,BWFG,"Bankwell Financial Group, Inc."
717720,VALU,VALUE LINE INC
934549,ACTG,ACACIA RESEARCH CORP
1527590,RC,Ready Capital Corp
1844450,ELVA,Electrovaya Inc.
810958,CZNC,CITIZENS & NORTHERN CORP
1635282,RMNI,"Rimini Street, Inc."
896264,USNA,USANA HEALTH SCIENCES INC
2034037,SDHI,Siddhi Acquisition Corp (Cayman Islands)
807882,JACK,JACK IN THE BOX INC
2034268,CAEP,"Cantor Equity Partners III, Inc."
1958217,LZM,Lifezone Metals Ltd
832327,BKT,"BLACKROCK INCOME TRUST, INC."
872912,DCTH,"DELCATH SYSTEMS, INC."
1499849,LND,BrasilAgro - Brazilian Agricultural Real Estate Co
839533,KTF,DWS MUNICIPAL INCOME TRUST
1499422,RBB,RBB Bancorp
2064683,CCII,Cohen Circle Acquisition Corp. II
2049662,CGCT,Cartesian Growth Corp III
1175680,CYDY,CytoDyn Inc.
1072379,NWBO,NORTHWEST BIOTHERAPEUTICS INC
832428,SSP,E.W. SCRIPPS Co
1553643,RLMD,"RELMADA THERAPEUTICS, INC."
879526,WNC,WABASH NATIONAL Corp
2009183,TACH,Titan Acquisition Corp.
1306550,BGR,BlackRock Energy & Resources Trust
910068,HIO,WESTERN ASSET HIGH INCOME OPPORTUNITY FUND INC.
1505952,DOMO,"DOMO, INC."
1527762,CD,Chaince Digital Holdings Inc.
1409171,TITN,Titan Machinery Inc.
2023730,GIG,GigCapital7 Corp.
1357459,PALI,"PALISADE BIO, INC."
1799191,TOI,"Oncology Institute, Inc."
1388141,EDD,"Morgan Stanley Emerging Markets Domestic Debt Fund, Inc."
1501697,XFOR,"X4 Pharmaceuticals, Inc"
2012318,IPCX,Inflection Point Acquisition Corp. III
1074769,NAN,NUVEEN NEW YORK QUALITY MUNICIPAL INCOME FUND
1703956,BBCP,"Concrete Pumping Holdings, Inc."
886128,FCEL,FUELCELL ENERGY INC
1383058,DBO,Invesco DB Oil Fund
1826667,TLSI,"TriSalus Life Sciences, Inc."
879585,ATNI,"ATN International, Inc."
2042292,BDCI,BTC Development Corp.
2028614,DMAA,Drugs Made In America Acquisition Corp.
1189740,HPF,JOHN HANCOCK PREFERRED INCOME FUND II
701719,ELA,Envela Corp
2053799,KCHV,Kochav Defense Acquisition Corp.
2069238,PAII,Pyrophyte Acquisition Corp. II
1318484,CTRN,Citi Trends Inc
1501796,AURA,"Aura Biosciences, Inc."
1091223,MTLS,MATERIALISE NV
2035709,PHOE,Phoenix Asia Holdings Ltd
863110,ARTNB,ARTESIAN RESOURCES CORP
1476045,CLDT,Chatham Lodging Trust
2077010,OTGA,OTG Acquisition Corp. I
2025608,SOUL,Soulpower Acquisition Corp.
1967621,ATGL,Alpha Technology Group Ltd
2034269,CEPT,"Cantor Equity Partners II, Inc."
2075310,BLZR,Trailblazer Acquisition Corp.
1278027,BGS,"B&G Foods, Inc."
1863934,ADUR,ADURO CLEAN TECHNOLOGIES INC.
1656081,DAVA,Endava plc
2042182,OYSE,Oyster Enterprises II Acquisition Corp
1515964,GGAZF,Goldgroup Mining Inc.
1325670,FRST,Primis Financial Corp.
1859690,ARQQ,Arqit Quantum Inc.
1214935,NCV,Virtus Convertible & Income Fund
1892492,ORBS,Eightco Holdings Inc.
1419041,FBRX,"Forte Biosciences, Inc."
2057030,AXIN,Axiom Intelligence Acquisition Corp 1
1769663,PBFS,"Pioneer Bancorp, Inc./MD"
59255,VHI,VALHI INC /DE/
1495240,LAND,GLADSTONE LAND Corp
2087450,LEGO,Legato Merger Corp. IV
1855644,ZURA,Zura Bio Ltd
890393,MIY,"BLACKROCK MUNIYIELD MICHIGAN QUALITY FUND, INC."
792966,FMAO,FARMERS & MERCHANTS BANCORP INC
1699906,BKRRF,BLACKROCK SILVER CORP.
1094032,QDMI,QDM International Inc.
2069856,HCMA,HCM III ACQUISITION CORP.
827773,PPT,PUTNAM PREMIER INCOME TRUST
1287480,BGT,BLACKROCK FLOATING RATE INCOME TRUST
894315,SITC,SITE Centers Corp.
2058758,AVBC,"Avidia Bancorp, Inc."
2006815,VACH,Voyager Acquisition Corp./Cayman Islands
1825079,VELO,"Velo3D, Inc."
1110611,ONTF,ON24 INC.
1981546,CBK,"Commercial Bancgroup, Inc."
1643303,NNDM,Nano Dimension Ltd.
836690,ISSC,INNOVATIVE SOLUTIONS & SUPPORT INC
712034,ACCO,ACCO BRANDS Corp
1754170,ASLE,AerSale Corp
946394,ELLO,Ellomay Capital Ltd.
1626450,CMRC,"Commerce.com, Inc."
63330,MLP,MAUI LAND & PINEAPPLE CO INC
2050501,BLUW,Blue Water Acquisition Corp. III
1720592,RPAY,Repay Holdings Corp
1854964,NLCP,"NewLake Capital Partners, Inc."
1390195,AWP,abrdn Global Premier Properties Fund
1970509,HYAC,Haymaker Acquisition Corp. 4
1868917,OILSF,Saturn Oil & Gas Inc.
1852207,BEAG,Bold Eagle Acquisition Corp.
1169445,TBRG,"TruBridge, Inc."
1710680,HFRO,HIGHLAND OPPORTUNITIES & INCOME FUND
1699039,RNGR,"Ranger Energy Services, Inc."
1913847,CNCK,Coincheck Group N.V.
1534120,AVTX,"Avalo Therapeutics, Inc."
791908,XOMA,XOMA Royalty Corp
866273,MTRX,MATRIX SERVICE CO
1383057,DBP,Invesco DB Precious Metals Fund
1258623,EFR,Eaton Vance Senior Floating-Rate Trust
1277902,MVBF,MVB FINANCIAL CORP
1794546,CARL,"CARLSMED, INC."
786035,ASG,LIBERTY ALL STAR GROWTH FUND INC.
1587987,NEWT,"NewtekOne, Inc."
2024218,SMC,Summit Midstream Corp
1907909,VOXR,VOX ROYALTY CORP.
1617553,ZIP,"ZIPRECRUITER, INC."
1871509,PTLO,Portillo's Inc.
1557746,ACRS,"Aclaris Therapeutics, Inc."
1374690,LRMR,"Larimar Therapeutics, Inc."
2015955,CUB,Lionheart Holdings
2034266,CEPV,"Cantor Equity Partners V, Inc."
804123,TWN,TAIWAN FUND INC
2076163,BRR,"ProCap Financial, Inc."
2067627,NKLR,Terra Innovatum Global N.V.
2014982,SIMA,SIM Acquisition Corp. I
1947016,FJET,"Starfighters Space, Inc."
1749723,NFE,New Fortress Energy Inc.
1338561,SPXX,Nuveen S&P 500 Dynamic Overwrite Fund
1843586,OTLY,Oatly Group AB
1759631,HYLN,Hyliion Holdings Corp.
1327688,OOMA,OOMA INC
1137391,BFZ,BLACKROCK CALIFORNIA MUNICIPAL INCOME TRUST
2054174,CHAC,Crane Harbor Acquisition Corp.
1653384,RWAY,Runway Growth Finance Corp.
2029492,MLAC,Mountain Lake Acquisition Corp.
2025401,FERA,Fifth Era Acquisition Corp I
1631761,YRD,Yiren Digital Ltd.
1501072,RIV,"RIVERNORTH OPPORTUNITIES FUND, INC."
1730984,BCML,BayCom Corp
1786248,NREF,"NexPoint Real Estate Finance, Inc."
852772,DENN,DENNY'S Corp
1896084,GSCCF,ioneer Ltd
2032528,DRDB,Roman DBDR Acquisition Corp. II
1988494,FVR,"FrontView REIT, Inc."
2033991,TVA,Texas Ventures Acquisition III Corp
1404644,NGNE,Neurogene Inc.
1481792,QUAD,"Quad/Graphics, Inc."
1956744,TRON,Tron Inc.
2034313,OBA,Oxley Bridge Acquisition Ltd
933034,STRT,STRATTEC SECURITY CORP
1131903,FCCN,SPECTRAL CAPITAL Corp
1314052,AVXL,ANAVEX LIFE SCIENCES CORP.
1736730,CAMP,Camp4 Therapeutics Corp
2040381,PACH,Pioneer Acquisition I Corp
2030663,SZZL,Sizzle Acquisition Corp. II
1515324,ARDC,"Ares Dynamic Credit Allocation Fund, Inc."
2061473,PMTR,Perimeter Acquisition Corp. I
1840706,SOPH,SOPHiA GENETICS SA
900422,PMO,PUTNAM MUNICIPAL OPPORTUNITIES TRUST
27093,USAU,U.S. GOLD CORP.
65312,EVI,"EVI INDUSTRIES, INC."
2053033,PLTS,Platinum Analytics Cayman Ltd
2025396,VCIC,Vine Hill Capital Investment Corp.
1651625,ACIU,AC Immune SA
2077954,EVOX,Evolution Global Acquisition Corp
865400,GSVRF,GUANAJUATO SILVER CO LTD
2068454,KOYN,"CSLM Digital Asset Acquisition Corp III, Ltd"
859796,JOF,JAPAN SMALLER CAPITALIZATION FUND INC
1606366,LOCO,"El Pollo Loco Holdings, Inc."
2031561,ALDF,Aldel Financial II Inc.
1634117,BNED,"Barnes & Noble Education, Inc."
1530249,FSBW,"FS Bancorp, Inc."
1755191,LGDTF,Liberty Gold Corp. /CAN
1341235,ALDX,"Aldeyra Therapeutics, Inc."
1888274,DEFT,"Defi Technologies, Inc."
2074850,SVAC,Spring Valley Acquisition Corp. III
1162027,AFB,ALLIANCEBERNSTEIN NATIONAL MUNICIPAL INCOME FUND
55135,KELYA,KELLY SERVICES INC
1168455,PLBC,PLUMAS BANCORP
1841387,CADL,"Candel Therapeutics, Inc."
2025341,POLE,Andretti Acquisition Corp. II
2080023,VACI,Viking Acquisition Corp I
855887,DSM,"BNY MELLON STRATEGIC MUNICIPAL BOND FUND, INC."
1743102,JFIN,Jiayin Group Inc.
1756701,LNKB,"LINKBANCORP, Inc."
1038186,MHN,"BLACKROCK MUNIHOLDINGS NEW YORK QUALITY FUND, INC."
945394,SVC,Service Properties Trust
1897463,GRAF,Graf Global Corp.
1569994,WSBF,"Waterstone Financial, Inc."
1423869,PCB,PCB BANCORP
2039058,JACS,Jackson Acquisition Co II
1817159,RFMZ,"RiverNorth Flexible Municipal Income Fund II, Inc."
1638290,MCFT,"MasterCraft Boat Holdings, Inc."
1737287,ALLO,"Allogene Therapeutics, Inc."
2067592,MKLY,McKinley Acquisition Corp
1828805,ALMU,"Aeluma, Inc."
1129155,MPX,MARINE PRODUCTS CORP
2028516,ATII,Archimedes Tech SPAC Partners II Co.
1005286,LFCR,"LIFECORE BIOMEDICAL, INC. DE"
2047497,RAC,Rithm Acquisition Corp.
1822462,FHTX,Foghorn Therapeutics Inc.
1847398,NECB,"NorthEast Community Bancorp, Inc./MD/"
1682056,SVRSF,Silver Storm Mining Ltd.
909112,TEI,TEMPLETON EMERGING MARKETS INCOME FUND
798949,UNTC,UNIT CORP
2015502,LPAA,Launch One Acquisition Corp.
1885522,NMRA,"Neumora Therapeutics, Inc."
1770450,XRX,Xerox Holdings Corp
1677703,CNDT,CONDUENT Inc
1463972,VUZI,Vuzix Corp
1754836,EIC,Eagle Point Income Co Inc.
2058349,EFTY,"ETOILES CAPITAL GROUP CO., LTD"
922358,FGPR,FERRELLGAS PARTNERS L P
2061379,LWAC,LightWave Acquisition Corp.
76282,PKOH,PARK OHIO HOLDINGS CORP
2023676,LPBB,Launch Two Acquisition Corp.
1572616,GUTS,"FRACTYL HEALTH, INC."
2064177,BPAC,Blueport Acquisition Ltd
1521404,BGH,BARINGS GLOBAL SHORT DURATION HIGH YIELD FUND
826020,BRW,Saba Capital Income & Opportunities Fund
1954488,MENS,Jyong Biotech Ltd.
1288992,EFT,Eaton Vance Floating-Rate Income Trust
1401667,PBYI,"PUMA BIOTECHNOLOGY, INC."
1178839,NBH,NEUBERGER MUNICIPAL FUND INC.
1861795,DH,Definitive Healthcare Corp.
925528,HDSN,HUDSON TECHNOLOGIES INC /NY
1368493,CAF,"Morgan Stanley China A Share Fund, Inc."
1525201,DBL,DoubleLine Opportunistic Credit Fund
836412,ZTR,Virtus Total Return Fund Inc.
1317945,OFLX,"Omega Flex, Inc."
1503274,QTRX,Quanterix Corp
826735,MIN,MFS INTERMEDIATE INCOME TRUST
1903870,AFRI,Forafric Global PLC
1834253,EM,Smart Share Global Ltd
1171155,RLGT,"RADIANT LOGISTICS, INC"
1315399,PKBK,"PARKE BANCORP, INC."
765207,FNLC,"First Bancorp, Inc /ME/"
1609804,OEC,Orion S.A.
818851,NCA,NUVEEN CALIFORNIA MUNICIPAL VALUE FUND
2048951,LOKV,Live Oak Acquisition Corp. V
1733968,WRLGF,West Red Lake Gold Mines Ltd.
891290,RFI,COHEN & STEERS TOTAL RETURN REALTY FUND INC
1615905,JGH,Nuveen Global High Income Fund
1570132,ANVI,"ANVI GLOBAL HOLDINGS, INC."
2060337,JENA,JENA ACQUISITION Corp II
1699350,SI,"SHOULDER INNOVATIONS, INC."
1835724,ZH,Zhihu Inc.
2070602,HVMC,Highview Merger Corp.
2072404,GSRF,GSR IV Acquisition Corp.
1835068,NPCT,Nuveen Core Plus Impact Fund
1620459,JRVR,"James River Group Holdings, Inc."
1794276,ZHJD,Intelligent Hotel Group Ltd.
106532,WEYS,WEYCO GROUP INC
2072188,BIOT,Relativity Holdings Inc.
105319,WW,"WW INTERNATIONAL, INC."
1799788,GLSI,"Greenwich LifeSciences, Inc."
1443575,AVBH,"Avidbank Holdings, Inc."
65433,MXF,MEXICO FUND INC
897448,AMRN,AMARIN CORP PLC\UK
1362481,AGD,abrdn Global Dynamic Dividend Fund
1747657,SITKF,Sitka Gold Corp.
47307,CRAWA,CRAWFORD UNITED Corp
1530979,HNST,"Honest Company, Inc."
1729149,VMD,"VIEMED HEALTHCARE, INC."
1901203,UCFI,CN Healthy Food Tech Group Corp.
1479615,SLN,Silence Therapeutics plc
1776661,ADV,Advantage Solutions Inc.
1590584,CVEO,Civeo Corp
1717457,CPZ,Calamos Long/Short Equity & Dynamic Income Trust
724910,NVEC,NVE CORP /NEW/
2043766,GTERA,Globa Terra Acquisition Corp
1049606,CIX,COMPX INTERNATIONAL INC
1817229,VOR,Vor Biopharma Inc.
835333,OIA,Invesco Municipal Income Opportunities Trust
1487428,HRZN,Horizon Technology Finance Corp
2043699,NHIC,NewHold Investment Corp. III
1774857,AARD,"Aardvark Therapeutics, Inc."
1359931,TARA,"Protara Therapeutics, Inc."
352825,FSTR,FOSTER L B CO
318306,ABEO,ABEONA THERAPEUTICS INC.
1831097,AGL,"agilon health, inc."
2059654,BACC,Blue Acquisition Corp/Cayman
919893,TDF,TEMPLETON DRAGON FUND INC
2034334,AACB,Artius II Acquisition Inc.
1732379,BMOOF,Blue Moon Metals Inc.
846676,AEF,"abrdn Emerging Markets ex-China Fund, Inc."
1945565,BGIN,BGIN BLOCKCHAIN Ltd
56868,PNRG,PRIMEENERGY RESOURCES CORP
1496443,PAYS,"Paysign, Inc."
1181187,BYM,BLACKROCK MUNICIPAL INCOME QUALITY TRUST
1710482,JMSB,"John Marshall Bancorp, Inc."
2001557,INV,"Innventure, Inc."
1482541,BNC,CEA Industries Inc.
1046050,TSBK,TIMBERLAND BANCORP INC
1593222,CIO,"City Office REIT, Inc."
1919182,UTKN,Universal Token
2034723,YDDL,One & one Green Technologies. INC
1922097,LANV,Lanvin Group Holdings Ltd
2002038,LEGT,Legato Merger Corp. III
1441236,CLW,Clearwater Paper Corp
844790,PMM,PUTNAM MANAGED MUNICIPAL INCOME TRUST
14846,BRT,BRT Apartments Corp.
836147,MBCN,MIDDLEFIELD BANC CORP
1518557,MMD,NYLI MacKay DefinedTerm Muni Opportunities Fund
1593899,AVIR,"Atea Pharmaceuticals, Inc."
1371489,III,Information Services Group Inc.
3545,ALCO,"ALICO, INC."
1297107,COSO,"CoastalSouth Bancshares, Inc."
2186,BKTI,BK Technologies Corp
1628808,PROF,Profound Medical Corp.
1066194,EGAN,EGAIN Corp
1930147,SPMC,"Sound Point Meridian Capital, Inc."
1932770,HERE,Here Group Ltd
1493761,TBCH,Turtle Beach Corp
2031688,ANPA,Rich Sparkle Holdings Ltd
1873835,IMMX,"Immix Biopharma, Inc."
1095052,PLG,PLATINUM GROUP METALS LTD
1872228,TVAI,Thayer Ventures Acquisition Corp II
1433551,SGLA,Sino Green Land Corp.
1681206,NODK,"NI Holdings, Inc."
1377789,AVNW,"AVIAT NETWORKS, INC."
739421,CZFS,CITIZENS FINANCIAL SERVICES INC
1956439,APAD,AParadise Acquisition Corp.
1282631,NLST,NETLIST INC
1023731,EGHT,8X8 INC /DE/
1866030,AZ,A2Z CUST2MATE SOLUTIONS CORP.
1636289,ACV,Virtus Diversified Income & Convertible Fund
1768446,CLYM,"Climb Bio, Inc."
1791703,TII,Titan Mining Corp
1848739,GDEV,GDEV Inc.
1289945,SPOK,"Spok Holdings, Inc"
1788999,XPER,Xperi Inc.
1385763,JCE,Nuveen Core Equity Alpha Fund
1514281,MITT,"TPG Mortgage Investment Trust, Inc."
1846416,HVII,Hennessy Capital Investment Corp. VII
2015947,SBXD,SilverBox Corp IV
704440,KRMD,"KORU Medical Systems, Inc."
1462056,BLZE,"Backblaze, Inc."
1771226,RMM,"RiverNorth Managed Duration Municipal Income Fund, Inc."
1998768,PAL,"Proficient Auto Logistics, Inc"
1133416,GALT,GALECTIN THERAPEUTICS INC
1828937,FOA,Finance of America Companies Inc.
1778129,TSNDF,TerrAscend Corp.
763563,CHMG,CHEMUNG FINANCIAL CORP
18498,GCO,GENESCO INC
72162,NL,NL INDUSTRIES INC
1987240,SHMD,SCHMID Group N.V.
1109116,EVC,ENTRAVISION COMMUNICATIONS CORP
1846253,OABI,"OmniAb, Inc."
1556739,THRY,"Thryv Holdings, Inc."
2027708,CEPO,"Cantor Equity Partners I, Inc."
2081125,DNMX,Dynamix Corp III
1141103,CCRN,CROSS COUNTRY HEALTHCARE INC
1468327,RENT,"Rent the Runway, Inc."
1876431,PRE,Prenetics Global Ltd
276720,PCYO,PURE CYCLE CORP
949858,ACHV,"ACHIEVE LIFE SCIENCES, INC."
1173643,TRX,TRX GOLD Corp
1454741,EOT,Eaton Vance National Municipal Opportunities Trust
1580345,TPVG,TriplePoint Venture Growth BDC Corp.
1529377,ACRE,Ares Commercial Real Estate Corp
1211583,FENC,FENNEC PHARMACEUTICALS INC.
1602658,ISTR,Investar Holding Corp
2077877,CFAC,Creative Future Acquisition Corp
1538847,GLDG,GoldMining Inc.
1227857,NCZ,Virtus Convertible & Income Fund II
319655,SJT,SAN JUAN BASIN ROYALTY TRUST
1282850,FCT,FIRST TRUST SENIOR FLOATING RATE INCOME FUND II
884144,ASUR,ASURE SOFTWARE INC
851170,MCR,MFS CHARTER INCOME TRUST
1227073,ERC,ALLSPRING MULTI-SECTOR INCOME FUND
1328919,GASS,StealthGas Inc.
825202,FUND,SPROTT FOCUS TRUST INC.
1327607,MYFW,First Western Financial Inc
916183,RCS,"PIMCO STRATEGIC INCOME FUND, INC."
2029769,OACC,Oaktree Acquisition Corp. III Life Sciences
1831359,JWSMF,Jaws Mustang Acquisition Corp
1013272,NWFL,NORWOOD FINANCIAL CORP
1270131,SCD,LMP CAPITAL & INCOME FUND INC.
1102238,ARL,AMERICAN REALTY INVESTORS INC
1157647,WNEB,"Western New England Bancorp, Inc."
910638,DDD,3D SYSTEMS CORP
1867949,REFI,"Chicago Atlantic Real Estate Finance, Inc."
1846017,BLFY,Blue Foundry Bancorp
1786117,PINE,"Alpine Income Property Trust, Inc."
1450445,NUW,Nuveen AMT-Free Municipal Value Fund
1927958,AIRO,"AIRO Group Holdings, Inc."
1417663,SNWV,"SANUWAVE Health, Inc."
1590715,AREC,American Resources Corp
809173,MMT,MFS MULTIMARKET INCOME TRUST
1758530,SY,So-Young International Inc.
1921050,TDRRF,Tudor Gold Corp.
809708,EMF,TEMPLETON EMERGING MARKETS FUND
1644378,RMR,RMR GROUP INC.
2030482,PLMK,"Plum Acquisition Corp, IV"
1432133,KLTR,KALTURA INC
1874315,SATL,Satellogic Inc.
2028935,FACT,FACT II Acquisition Corp.
1497186,HYI,Western Asset High Yield Opportunity Fund Inc.
65770,MVIS,"MICROVISION, INC."
798287,PAMT,PAMT CORP
1967397,LZMH,LZ Technology Holdings Ltd
1431567,OVLY,Oak Valley Bancorp
1615063,INSE,"Inspired Entertainment, Inc."
2009684,SEG,Seaport Entertainment Group Inc.
2028027,NTWO,Newbury Street II Acquisition Corp
1675644,FVCB,"FVCBankcorp, Inc."
1131312,ZNOG,ZION OIL & GAS INC
1473334,XWIN,XMax Inc.
1386067,EOD,ALLSPRING GLOBAL DIVIDEND OPPORTUNITY FUND
1098151,FDBC,FIDELITY D & D BANCORP INC
2055879,VNME,Vendome Acquisition Corp I
829365,NTPIF,NAM TAI PROPERTY INC.
803016,CFNB,CALIFORNIA FIRST LEASING CORP
1086434,AUDC,AUDIOCODES LTD
1084869,FLWS,1 800 FLOWERS COM INC
850429,TG,TREDEGAR CORP
909494,TCX,TUCOWS INC /PA/
1074828,USBC,"USBC, Inc."
2025180,ZY,China Tobacco & Alcohol Group Ltd
783324,VGZ,VISTA GOLD CORP
1750149,IKT,"Inhibikase Therapeutics, Inc."
1233087,FTF,FRANKLIN LTD DURATION INCOME TRUST
1816017,SPIR,"Spire Global, Inc."
1794783,SLQT,"SelectQuote, Inc."
1903145,GRRR,Gorilla Technology Group Inc.
1939801,SMDRF,SIERRA MADRE GOLD & SILVER LTD.
1598981,SKYX,SKYX Platforms Corp.
1807046,OZ,"Belpointe PREP, LLC"
1808805,NAUT,"Nautilus Biotechnology, Inc."
1866874,RLTY,Cohen & Steers Real Estate Opportunities & Income Fund
318673,SNFCA,SECURITY NATIONAL FINANCIAL CORP
914122,PPIH,"Perma-Pipe International Holdings, Inc."
1137390,BNY,BLACKROCK NEW YORK MUNICIPAL INCOME TRUST
1407583,BHLL,Bunker Hill Mining Corp.
1641398,GDC,GD Culture Group Ltd
1498612,PSF,"Cohen & Steers Select Preferred & Income Fund, Inc."
1488917,ELMD,"Electromed, Inc."
1856365,FINW,Finwise Bancorp
2045473,COPL,Copley Acquisition Corp
763907,FUNC,FIRST UNITED CORP/MD/
1383084,DBB,INVESCO DB BASE METALS FUND
1434728,GWRS,"Global Water Resources, Inc."
24090,CIA,"CITIZENS, INC."
1288403,WTI,W&T OFFSHORE INC
1350869,GLO,Clough Global Opportunities Fund
918251,MPAA,MOTORCAR PARTS OF AMERICA INC
1820302,BKKT,"Bakkt Holdings, Inc."
916618,IIF,"MORGAN STANLEY INDIA INVESTMENT FUND, INC."
893847,HWBK,"HAWTHORN BANCSHARES, INC."
100378,TWIN,TWIN DISC INC
1000209,MFIN,MEDALLION FINANCIAL CORP
1852551,NVA,Nova Minerals Ltd
1855474,AIRJ,AirJoule Technologies Corp.
2064658,MCGA,Yorkville Acquisition Corp.
1683541,ACB,AURORA CANNABIS INC
818033,HRTX,"HERON THERAPEUTICS, INC. /DE/"
2046573,PTNM,Pitanium Ltd
33992,KINS,"KINGSTONE COMPANIES, INC."
1871638,BZAI,"Blaize Holdings, Inc."
1826600,MNTK,"Montauk Renewables, Inc."
1509470,SSSS,SURO CAPITAL CORP.
1816431,QSI,Quantum-Si Inc
1593984,MDWD,MediWound Ltd.
1810019,RXT,"Rackspace Technology, Inc."
1946573,NAKA,"Kindly MD, Inc."
1744781,NIU,Niu Technologies
809559,TSI,TCW STRATEGIC INCOME FUND INC
2013639,FBLA,"FB Bancorp, Inc. /MD/"
1843162,LIEN,"Chicago Atlantic BDC, Inc."
2065948,SOCA,Solarius Capital Acquisition Corp.
65270,MEI,METHODE ELECTRONICS INC
913341,CFFI,C & F FINANCIAL CORP
1983736,GOAI,Eva Live Inc
2052161,RAAQ,Real Asset Acquisition Corp.
2075068,IGAC,Invest Green Acquisition Corp
1913971,BPRN,"Princeton Bancorp, Inc."
1814114,OBIO,"Orchestra BioMed Holdings, Inc."
1823255,MFGCF,MAYFAIR GOLD CORP.
1945415,HUHU,HUHUTECH International Group Inc.
1145986,ASPN,ASPEN AEROGELS INC
1554859,SMLR,"Semler Scientific, Inc."
2052162,DAAQ,Digital Asset Acquisition Corp.
1538716,OPRT,Oportun Financial Corp
891532,PESI,PERMA FIX ENVIRONMENTAL SERVICES INC
1840199,WALD,Waldencast plc
1074902,LCNB,LCNB CORP
1506488,NXG,NXG NextGen Infrastructure Income Fund
828803,SABA,Saba Capital Income & Opportunities Fund II
2076616,TDWD,Tailwind 2.0 Acquisition Corp.
1680367,STTK,"Shattuck Labs, Inc."
1847409,HITI,High Tide Inc.
1114925,LTRX,LANTRONIX INC
2029118,INR,"INFINITY NATURAL RESOURCES, INC."
2016221,MACI,Melar Acquisition Corp. I/Cayman
1926599,TDAC,Translational Development Acquisition Corp.
1396536,DUOT,"DUOS TECHNOLOGIES GROUP, INC."
1725033,XYF,X Financial
1342423,LMNR,Limoneira CO
921114,ARMP,"Armata Pharmaceuticals, Inc."
1448431,OPRX,OptimizeRx Corp
932781,FCCO,FIRST COMMUNITY CORP /SC/
1487610,NHS,Neuberger High Yield Strategies Fund Inc.
2079292,DYOR,Insight Digital Partners II
2028699,ETHM,Dynamix Corp
719402,FXNC,FIRST NATIONAL CORP /VA/
1392272,CBNA,CHAIN BRIDGE BANCORP INC
1278211,LGI,LAZARD GLOBAL TOTAL RETURN & INCOME FUND INC
1616156,WEWA,"WEWARDS, INC."
50471,TRAK,"ReposiTrak, Inc."
1858724,FLX,BingEx Ltd
1996493,SUGRF,Sucro Ltd
1620737,OGI,ORGANIGRAM GLOBAL INC.
1616543,SENS,"Senseonics Holdings, Inc."
897269,MVT,"BLACKROCK MUNIVEST FUND II, INC."
2046117,MAGH,Magnitude International Ltd
746514,NEN,NEW ENGLAND REALTY ASSOCIATES LIMITED PARTNERSHIP
1500435,GPRO,"GoPro, Inc."
723646,FRAF,FRANKLIN FINANCIAL SERVICES CORP /PA/
2033593,SVCC,Stellar V Capital Corp. (Cayman Islands)
801961,MFM,MFS MUNICIPAL INCOME TRUST
1058811,IMMR,IMMERSION CORP
1435508,FSFG,"First Savings Financial Group, Inc."
778164,ALTO,"Alto Ingredients, Inc."
887394,MQT,"BLACKROCK MUNIYIELD QUALITY FUND II, INC."
1328598,FXE,Invesco CurrencyShares Euro Trust
1716410,GLATF,Global Atomic Corp
1709164,HBB,Hamilton Beach Brands Holding Co
1776909,CURI,CuriosityStream Inc.
1985273,TOYO,"TOYO Co., Ltd"
1158289,JRS,NUVEEN REAL ESTATE INCOME FUND
1482436,AGXPF,SILVER X MINING CORP.
1175596,AXREF,AMARC RESOURCES LTD
1069533,RGCO,RGC RESOURCES INC
55234,GAMG,"Global Asset Management Group, Inc."
1574085,BHR,Braemar Hotels & Resorts Inc.
2054272,ONCH,1RT Acquisition Corp.
1071899,MUE,"BLACKROCK MUNIHOLDINGS QUALITY FUND II, INC."
895456,RCKY,"ROCKY BRANDS, INC."
1811931,APGOF,Apollo Silver Corp
1600641,DIBS,"1stdibs.com, Inc."
1126741,GSIT,GSI TECHNOLOGY INC
1509261,RZLT,"Rezolute, Inc."
1859795,NVNXF,NOVONIX Ltd
2008007,MAMK,MaxsMaking Inc.
1640266,VYGR,"Voyager Therapeutics, Inc."
2032379,WLAC,Willow Lane Acquisition Corp.
1001115,GEOS,GEOSPACE TECHNOLOGIES CORP
2023153,HTLM,HomesToLife Ltd
1792267,BNR,Burning Rock Biotech Ltd
75252,OMI,OWENS & MINOR INC/VA/
1701758,LOVE,Lovesac Co
1762417,DOYU,DouYu International Holdings Ltd
1642380,IMDX,Insight Molecular Diagnostics Inc.
1572334,VABK,Virginia National Bankshares Corp
1289340,STXS,"Stereotaxis, Inc."
1016838,RDCM,RADCOM LTD
1766478,AOMR,"Angel Oak Mortgage REIT, Inc."
2070887,CRAC,Crown Reserve Acquisition Corp. I
880641,EFSI,EAGLE FINANCIAL SERVICES INC
1622148,HGLB,HIGHLAND GLOBAL ALLOCATION FUND
796534,NKSH,NATIONAL BANKSHARES INC
1163609,SDSYA,SOUTH DAKOTA SOYBEAN PROCESSORS LLC
1612940,PRQR,ProQR Therapeutics N.V.
1397616,SSVFF,SOUTHERN SILVER EXPLORATION CORP
1438423,MRAM,EVERSPIN TECHNOLOGIES INC.
883569,FOSL,"Fossil Group, Inc."
1320854,RAIL,"FreightCar America, Inc."
855950,PNPNF,POWER METALLIC MINES INC.
37472,FLXS,FLEXSTEEL INDUSTRIES INC
1114927,FNRN,FIRST NORTHERN COMMUNITY BANCORP
1759138,CABA,"Cabaletta Bio, Inc."
1878897,DOUG,Douglas Elliman Inc.
2044255,ANTA,Antalpha Platform Holding Co
1722010,OPBK,OP Bancorp
1674335,JELD,"JELD-WEN Holding, Inc."
1596961,RDNW,"RideNow Group, Inc."
2044635,GSHR,Gesher Acquisition Corp. II
799850,CRMT,AMERICAS CARMART INC
1098146,PNBK,PATRIOT NATIONAL BANCORP INC
1867066,DERM,Journey Medical Corp
1089907,SWKH,SWK Holdings Corp
1687932,JILL,"J.Jill, Inc."
714256,SMTI,Sanara MedTech Inc.
935419,RICK,"RCI HOSPITALITY HOLDINGS, INC."
2052547,EGHA,EGH Acquisition Corp.
41091,GPJA,GEORGIA POWER CO
889609,CPSS,"CONSUMER PORTFOLIO SERVICES, INC."
1936804,SDA,SunCar Technology Group Inc.
1061353,DHY,CREDIT SUISSE HIGH YIELD CREDIT FUND
2041047,IPOD,Dune Acquisition Corp II
2011514,AVR,Anteris Technologies Global Corp.
2042460,HAVA,Harvard Ave Acquisition Corp
1683825,TRVG,trivago N.V.
728387,CATX,"Perspective Therapeutics, Inc."
897421,NPV,NUVEEN VIRGINIA QUALITY MUNICIPAL INCOME FUND
1132651,ATLO,AMES NATIONAL CORP
886206,FC,FRANKLIN COVEY CO
1109262,AGGI,"Allied Energy, Inc."
1320760,TSSI,"TSS, Inc."
1563696,ETX,Eaton Vance Municipal Income 2028 Term Trust
1850902,TKNO,"Alpha Teknova, Inc."
1706946,SPCE,"Virgin Galactic Holdings, Inc"
1803914,PLBY,"Playboy, Inc."
2064307,LOGC,ContextLogic Holdings Inc.
1750735,MRBK,Meridian Corp
1565381,DMB,"BNY Mellon Municipal Bond Infrastructure Fund, Inc."
1836775,TNYZF,Tiny Ltd.
833040,FT,FRANKLIN UNIVERSAL TRUST
1327318,TRUE,"TrueCar, Inc."
1015383,POWW,Outdoor Holding Co
1650664,EDIT,"Editas Medicine, Inc."
1856236,EWCZ,"European Wax Center, Inc."
1253689,CBIO,"CRESCENT BIOPHARMA, INC."
731122,CCFN,MUNCY COLUMBIA FINANCIAL Corp
1075736,CXDO,"Crexendo, Inc."
1678130,OPP,"RiverNorth/DoubleLine Strategic Opportunity Fund, Inc."
1070296,FCAP,FIRST CAPITAL INC
1979414,NTHI,"NEONC TECHNOLOGIES HOLDINGS, INC."
1560672,EARN,Ellington Credit Co
1857190,NYXH,Nyxoah SA
1059213,BXSY,BEXIL INVESTMENT TRUST
746838,UIS,UNISYS CORP
1423867,WHGOF,White Gold Corp.
1817004,NXXT,"NEXTNRG, INC."
1530185,ATVK,"Ameritek Ventures, Inc."
929351,STRZ,STARZ ENTERTAINMENT CORP /CN/
885508,STRS,STRATUS PROPERTIES INC
15847,BUKS,BUTLER NATIONAL CORP
2059033,FIGX,FIGX Capital Acquisition Corp.
1839799,GAMB,Gambling.com Group Ltd
1448397,SHIP,Seanergy Maritime Holdings Corp.
1819404,NRDY,Nerdy Inc.
1228509,EHI,WESTERN ASSET GLOBAL HIGH INCOME FUND INC.
2060016,AGCC,Agencia Comercial Spirits Ltd.
1824893,SRZN,"Surrozen, Inc./DE"
2043508,LKSP,Lake Superior Acquisition Corp
1875558,NVCT,"Nuvectis Pharma, Inc."
1254370,WIA,WESTERN ASSET INFLATION-LINKED INCOME FUND
827187,SNBR,Sleep Number Corp
924719,SMID,SMITH MIDLAND CORP
1120970,LODE,Comstock Inc.
894242,BKN,"BLACKROCK INVESTMENT QUALITY MUNICIPAL TRUST, INC."
1261166,NRO,NEUBERGER REAL ESTATE SECURITIES INCOME FUND INC
1400118,SGMT,Sagimet Biosciences Inc.
1318885,DSX,DIANA SHIPPING INC.
1093672,PEBK,PEOPLES BANCORP OF NORTH CAROLINA INC
2073553,AIIA,AI Infrastructure Acquisition Corp.
1999124,HWAIF,Healwell AI Inc.
1031623,GIFI,GULF ISLAND FABRICATION INC
1845437,NPWR,NET Power Inc.
1544400,NFTN,NFiniTi inc.
1868640,RDZN,Roadzen Inc.
1826681,PDYN,Palladyne AI Corp.
1009829,JAKK,JAKKS PACIFIC INC
1555279,MASS,908 Devices Inc.
64472,GENC,GENCOR INDUSTRIES INC
894871,AREN,"Arena Group Holdings, Inc."
1213037,CRDF,"Cardiff Oncology, Inc."
1119769,CRNT,CERAGON NETWORKS LTD
894671,OVBC,OHIO VALLEY BANC CORP
1697851,REKR,"Rekor Systems, Inc."
1356115,NXDT,NEXPOINT DIVERSIFIED REAL ESTATE TRUST
1453687,RNAC,"Cartesian Therapeutics, Inc."
1803800,TSKFF,Talisker Resources Ltd.
1171326,EUBG,ENTREPRENEUR UNIVERSE BRIGHT GROUP
1659494,COE,51Talk Online Education Group
895528,VPV,Invesco Pennsylvania Value Municipal Income Trust
2012219,OMSE,OMS Energy Technologies Inc.
1852767,MRT,"Marti Technologies, Inc."
1662774,QNCX,"Quince Therapeutics, Inc."
1417802,IDE,"Voya Infrastructure, Industrials & Materials Fund"
33488,ESCA,ESCALADE INC
1704711,FNKO,"Funko, Inc."
1235912,CVRX,"CVRx, Inc."
1682149,DVLT,Datavault AI Inc.
2098712,GIX,GigCapital9 Corp.
1723980,SXTC,"China SXT Pharmaceuticals, Inc."
1662579,CCCC,"C4 Therapeutics, Inc."
1533924,AMPY,Amplify Energy Corp.
858706,GF,NEW GERMANY FUND INC
2082149,DSAC,Daedalus Special Acquisition Corp.
1899830,PERF,Perfect Corp.
1597835,CMCM,Cheetah Mobile Inc.
96536,TAYD,"TAYLOR DEVICES, INC."
1430306,TNXP,Tonix Pharmaceuticals Holding Corp.
1337013,INFU,"InfuSystem Holdings, Inc"
1806201,LPRO,Open Lending Corp
1795251,NNOX,Nano-X Imaging Ltd.
1628063,SRG,Seritage Growth Properties
1245648,FLC,FLAHERTY & CRUMRINE TOTAL RETURN FUND INC
1294133,INGN,Inogen Inc
1678660,PRLD,Prelude Therapeutics Inc
1562463,INBK,First Internet Bancorp
1384831,SNNGF,PPX Mining Corp.
1400897,SRV,NXG Cushing Midstream Energy Fund
1991605,YMT,Yimutian Inc.
1057861,DHF,BNY MELLON HIGH YIELD STRATEGIES FUND
1302387,BVFL,"BV Financial, Inc."
1384195,REI,"RING ENERGY, INC."
720500,ASYS,AMTECH SYSTEMS INC
1818382,HUMA,"Humacyte, Inc."
1883814,SLND,"Southland Holdings, Inc."
706698,UTMD,UTAH MEDICAL PRODUCTS INC
1723069,TLSA,Tiziana Life Sciences Ltd
1772921,ONEW,OneWater Marine Inc.
1979408,STLRF,STLLR Gold Inc.
1835654,INVZ,Innoviz Technologies Ltd.
1833214,SABS,"SAB Biotherapeutics, Inc."
66901,EMP,"ENTERGY MISSISSIPPI, LLC"
1472619,LONCF,Loncor Gold Inc.
2022059,AGMRF,"Silver Mountain Resources, Inc."
1818093,SKIN,Beauty Health Co
2025947,TGMPF,Tantalus Systems Holding Inc.
1137547,UBFO,UNITED SECURITY BANCSHARES
1116463,OSUR,ORASURE TECHNOLOGIES INC
1786286,DPRO,Draganfly Inc.
1872529,MDXH,MDxHealth SA
5094,VBF,Invesco Bond Fund
1394056,OSS,"ONE STOP SYSTEMS, INC."
1486298,BSL,Blackstone Senior Floating Rate 2027 Term Fund
71508,ENJ,"ENTERGY NEW ORLEANS, LLC"
1866757,BRLT,"Brilliant Earth Group, Inc."
1013880,TTEC,"TTEC Holdings, Inc."
1605301,CBFV,"CB Financial Services, Inc."
2006468,NUTR,NUSATRIP Inc
1768224,ARCT,Arcturus Therapeutics Holdings Inc.
1598646,NERV,"Minerva Neurosciences, Inc."
1838162,SLAMF,Slam Corp.
832480,UTGN,UTG INC
1805521,FFAI,FARADAY FUTURE INTELLIGENT ELECTRIC INC.
1455632,NXPGY,Mobico Group PLC/ADR
2007599,LAWR,"Robot Consulting Co., Ltd."
2047177,CHEC,Chenghe Acquisition III Co.
1367859,CZWI,Citizens Community Bancorp Inc.
1408443,MIST,Milestone Pharmaceuticals Inc.
1318596,KRYXF,KORYX COPPER INC.
1026655,CMT,CORE MOLDING TECHNOLOGIES INC
1512762,CHRS,"Coherus Oncology, Inc."
1724755,GHG,GreenTree Hospitality Group Ltd.
1879726,SIDU,Sidus Space Inc.
1753368,SANG,Sangoma Technologies Corp
831655,MPV,BARINGS PARTICIPATION INVESTORS
1578987,BANX,ArrowMark Financial Corp.
1653087,ALEC,"Alector, Inc."
1957538,ESGL,ESGL Holdings Ltd
1636422,HCAT,"Health Catalyst, Inc."
1838987,SPWR,SunPower Inc.
2102072,BCAC,Brookline Capital Acquisition Corp II
1084765,RGP,"RESOURCES CONNECTION, INC."
883265,VTN,Invesco Trust for Investment Grade New York Municipals
1641614,PMTS,CPI Card Group Inc.
2035644,RANG,Range Capital Acquisition Corp.
1598599,IPHA,Innate Pharma SA
1596812,ENLV,Enlivex Therapeutics Ltd.
1828588,HNVR,"Hanover Bancorp, Inc. /MD"
1937891,AMCI,AMC Robotics Corp
1854368,DGXX,Digi Power X Inc.
2020385,TAVI,Tavia Acquisition Corp.
1231457,GNLX,GENELUX Corp
1952853,MAMO,Massimo Group
1140411,PCQ,PIMCO CALIFORNIA MUNICIPAL INCOME FUND
1856725,RANI,"Rani Therapeutics Holdings, Inc."
1998781,IBAC,IB Acquisition Corp.
1287098,MXCT,"MAXCYTE, INC."
1476573,AIRRF,Aurion Resources Ltd.
948320,LFMD,"LifeMD, Inc."
1099668,FOTB,"FIRST OTTAWA BANCSHARES, INC."
1562823,HHLKF,Hot Chili Ltd
1958389,HYDTF,Hydreight Technologies Inc.
1745114,MOLN,MOLECULAR PARTNERS AG
1828161,FTCI,"FTC Solar, Inc."
1059142,GHI,Greystone Housing Impact Investors LP
1690334,SMHI,SEACOR Marine Holdings Inc.
1043337,SRI,STONERIDGE INC
1649096,CLPR,Clipper Realty Inc.
1697818,AMBR,Amber International Holding Ltd
1165002,WHG,WESTWOOD HOLDINGS GROUP INC
818850,NNY,NUVEEN NEW YORK MUNICIPAL VALUE FUND
1552198,WHF,"WhiteHorse Finance, Inc."
2012807,RFAI,RF Acquisition Corp II
1832871,BMN,BlackRock 2037 Municipal Target Term Trust
830622,PIM,PUTNAM MASTER INTERMEDIATE INCOME TRUST
1805526,DFDV,DeFi Development Corp.
1070680,CFBK,CF BANKSHARES INC.
1948455,ISPR,Ispire Technology Inc.
2054876,NMP,NMP Acquisition Corp.
1141688,LARK,LANDMARK BANCORP INC
1987363,WTF,Waton Financial Ltd
793040,ECF,ELLSWORTH GROWTH & INCOME FUND LTD
1529628,SND,"Smart Sand, Inc."
1671584,APVO,Aptevo Therapeutics Inc.
1332551,ACR,ACRES Commercial Realty Corp.
1478454,EBMT,"Eagle Bancorp Montana, Inc."
1889112,RENEF,Cartesian Growth Corp II
1754068,KLRS,"Kalaris Therapeutics, Inc."
1621910,PTHRF,Pantheon Resources plc
355948,RELL,"RICHARDSON ELECTRONICS, LTD."
1835268,CNTB,Connect Biopharma Holdings Ltd
1641489,VTVT,vTv Therapeutics Inc.
1022652,INSG,INSEEGO CORP.
2001699,HPAI,Helport AI Ltd
1777393,CHPT,"ChargePoint Holdings, Inc."
2075816,EMIS,Emmis Acquisition Corp.
1703157,SCTH,"Securetech Innovations, Inc."
23197,CMTL,COMTECH TELECOMMUNICATIONS CORP /DE/
2028336,NUAI,"New ERA Energy & Digital, Inc."
1473490,GLAI,"Global AI, Inc."
1854139,ZVIA,Zevia PBC
1630627,TMCI,"TREACE MEDICAL CONCEPTS, INC."
1372807,BCIC,BCP Investment Corp
897802,SPE,"SPECIAL OPPORTUNITIES FUND, INC."
1902314,MPTI,"M-tron Industries, Inc."
2079106,LAFA,LaFayette Acquisition Corp.
1540013,QIPT,Quipt Home Medical Corp.
1965052,MGTE,Marblegate Capital Corp
810766,CIK,"CREDIT SUISSE ASSET MANAGEMENT INCOME FUND, INC."
1023313,FORR,"FORRESTER RESEARCH, INC."
95574,SGC,"SUPERIOR GROUP OF COMPANIES, INC."
1829794,EMPD,Empery Digital Inc.
2028735,SPEG,Silver Pegasus Acquisition Corp.
1939965,SLMT,Brera Holdings PLC
1625414,BZUN,Baozun Inc.
1858848,TNYA,"Tenaya Therapeutics, Inc."
1501103,EDF,Virtus Stone Harbor Emerging Markets Income Fund
1914605,ECBK,"ECB Bancorp, Inc. /MD/"
1707303,DOGZ,Dogness (International) Corp
2098,ACU,ACME UNITED CORP
1374328,FTLF,"FITLIFE BRANDS, INC."
2038439,VWAV,"VisionWave Holdings, Inc."
1693577,MNSB,"MainStreet Bancshares, Inc."
868578,PFD,FLAHERTY & CRUMRINE PREFERRED & INCOME FUND INC
919864,FNWD,Finward Bancorp
95953,ACNT,ASCENT INDUSTRIES CO.
748691,KF,KOREA FUND INC
700841,RCMT,"RCM TECHNOLOGIES, INC."
1982518,SDHC,Smith Douglas Homes Corp.
921671,GGT,GABELLI MULTIMEDIA TRUST INC.
786298,FGFH,FORESIGHT FINANCIAL GROUP INC
1273441,GTE,GRAN TIERRA ENERGY INC.
804563,BMBN,BENCHMARK BANKSHARES INC
1303942,BFIN,BankFinancial CORP
904112,MSD,MORGAN STANLEY EMERGING MARKETS DEBT FUND INC
1391437,GRX,Gabelli Healthcare & WellnessRx Trust
830487,MHF,WESTERN ASSET MUNICIPAL HIGH INCOME FUND INC.
1332943,IGA,Voya Global Advantage & Premium Opportunity Fund
1619856,CRBU,"Caribou Biosciences, Inc."
1759824,ALTG,ALTA EQUIPMENT GROUP INC.
1452936,PCOK,"Pacific Oak Strategic Opportunity REIT, Inc."
1140102,HQI,"HireQuest, Inc."
1504234,BGX,Blackstone Long-Short Credit Income Fund
1376227,UNG,"United States Natural Gas Fund, LP"
2063816,INAC,Indigo Acquisition Corp.
2000366,SCAG,Scage Future
1857853,COOK,"Traeger, Inc."
1645873,MDV,"MODIV INDUSTRIAL, INC."
1537435,TGEN,TECOGEN INC.
1756390,AAWH,"Ascend Wellness Holdings, Inc."
1200375,CDXS,"CODEXIS, INC."
1982961,EGG,ENIGMATIG LTD
1287498,EVG,Eaton Vance Short Duration Diversified Income Fund
2010959,AHMA,AMBITIONS ENTERPRISE MANAGEMENT CO. L.L.C
1481028,HYSR,"SUNHYDROGEN, INC."
2075336,YCY,AA Mission Acquisition Corp. II
892992,NAZ,NUVEEN ARIZONA QUALITY MUNICIPAL INCOME FUND
39092,FRD,FRIEDMAN INDUSTRIES INC
1984124,LUD,Luda Technology Group Ltd
10329,BSET,BASSETT FURNITURE INDUSTRIES INC
1863006,VLN,Valens Semiconductor Ltd.
1006281,PLX,"Protalix BioTherapeutics, Inc."
2025774,ALPS,Alps Group Inc
1442836,MRSN,"Mersana Therapeutics, Inc."
2017526,PCSC,Perceptive Capital Solutions Corp
1119774,CGEN,COMPUGEN LTD
1259429,OXSQ,Oxford Square Capital Corp.
719135,APYX,Apyx Medical Corp
1316463,GLQ,Clough Global Equity Fund
891038,MPA,BLACKROCK MUNIYIELD PENNSYLVANIA QUALITY FUND
2005569,EMPG,Empro Group Inc.
1799011,LUCD,Lucid Diagnostics Inc.
1464790,RILY,"B. Riley Financial, Inc."
1595097,CRBP,"Corbus Pharmaceuticals Holdings, Inc."
1438231,DMRC,Digimarc CORP
1940674,SMX,SMX (Security Matters) Public Ltd Co
1652935,ACTU,"ACTUATE THERAPEUTICS, INC."
880417,CSBB,"CSB Bancorp, Inc."
65596,SIEB,SIEBERT FINANCIAL CORP
1333493,EHTH,"eHealth, Inc."
1001233,SGMO,"SANGAMO THERAPEUTICS, INC"
1655923,ACOG,Alpha Cognition Inc.
1779474,MAPS,"WM TECHNOLOGY, INC."
1826397,AVX,AVAX ONE TECHNOLOGY LTD.
1504545,BWG,BrandywineGLOBAL-Global Income Opportunities Fund Inc
1476840,EXFY,"Expensify, Inc."
1337298,FF,FutureFuel Corp.
1515156,ARQ,"Arq, Inc."
718413,CMTV,COMMUNITY BANCORP /VT
1477081,KGEI,Kolibri Global Energy Inc.
1616885,RVLGF,Revival Gold Inc.
1449794,EMYB,"Embassy Bancorp, Inc."
1228454,BCBP,BCB BANCORP INC
767405,SBFG,"SB FINANCIAL GROUP, INC."
1320350,LNSR,"LENSAR, Inc."
795800,NEXM,NexMetals Mining Corp.
1425355,SUIG,SUI Group Holdings Ltd.
1228627,IRD,"Opus Genetics, Inc."
898437,ANIK,"Anika Therapeutics, Inc."
1701541,BDTX,"Black Diamond Therapeutics, Inc."
33533,ESP,ESPEY MFG & ELECTRONICS CORP
1388891,KOOYF,Kootenay Silver Inc.
1512931,MRCC,MONROE CAPITAL Corp
1274737,XGN,EXAGEN INC.
34067,BOOM,DMC Global Inc.
862861,ALTS,ALT5 Sigma Corp
1601485,ELTX,"Elicio Therapeutics, Inc."
1732409,BCHG,Grayscale Bitcoin Cash Trust (BCH)
1578453,DLNG,Dynagas LNG Partners LP
1862935,CURR,Currenc Group Inc.
1678748,ISTKF,Intellistake Technologies Corp.
1066684,TGLO,THEGLOBE COM INC
1357971,ESOA,Energy Services of America CORP
2077709,ROC,Rank One Computing Corp dba ROC
1007587,KVHI,KVH INDUSTRIES INC \DE\
759866,JHS,JOHN HANCOCK INCOME SECURITIES TRUST
768899,TBI,"TrueBlue, Inc."
1767837,RMBI,"Richmond Mutual Bancorporation, Inc."
1452477,SEVN,Seven Hills Realty Trust
1716951,OCCI,"OFS Credit Company, Inc."
1662684,KULR,"KULR Technology Group, Inc."
1842952,CNTX,Context Therapeutics Inc.
1040896,IDN,"Intellicheck, Inc."
1883835,ESGH,ESG Inc.
1609809,MCRB,"Seres Therapeutics, Inc."
883975,MBOT,Microbot Medical Inc.
1480170,BEOB,BEO BANCORP
1751783,RBKB,"Rhinebeck Bancorp, Inc."
1160791,GORO,GOLD RESOURCE CORP
1437479,ENBP,ENB Financial Corp
1750106,AEI,Alset Inc.
1872061,VLTLF,Volt Lithium Corp.
1660334,VRCA,Verrica Pharmaceuticals Inc.
847538,CPKF,CHESAPEAKE FINANCIAL SHARES INC
1333274,MERC,MERCER INTERNATIONAL INC.
1612630,JYNT,JOINT Corp
1416090,BSAI,BLUSKY AI INC.
2084563,LFAC,Leapfrog Acquisition Corp
1787400,NKTX,"Nkarta, Inc."
1701108,SPRO,"Spero Therapeutics, Inc."
2002045,GCL,GCL Global Holdings Ltd
1876581,IMPP,Imperial Petroleum Inc./Marshall Islands
1788451,LIFE,Ethos Technologies Inc.
1809158,KUKE,Kuke Music Holding Ltd
1865506,ZEO,Zeo Energy Corp.
1163792,WEA,WESTERN ASSET PREMIER BOND FUND
1340476,DRTTF,DIRTT ENVIRONMENTAL SOLUTIONS LTD
1604464,ATRA,"Atara Biotherapeutics, Inc."
750558,QNBC,QNB CORP.
1496749,HEQ,John Hancock Diversified Income Fund
1463000,GRUSF,Grown Rogue International Inc.
9521,BCV,BANCROFT FUND LTD
16859,SRL,Scully Royalty Ltd.
2030617,PMI,"Picard Medical, Inc."
1823406,AFBI,"Affinity Bancshares, Inc."
1726126,EPSN,Epsilon Energy Ltd.
913277,CLAR,Clarus Corp
1380106,RPID,"RAPID MICRO BIOSYSTEMS, INC."
2037400,CAAS,"China Automotive Systems, Inc."
1785680,STEC,BitVentures Ltd
1861841,ARBE,Arbe Robotics Ltd.
1549966,SAMG,Silvercrest Asset Management Group Inc.
1836754,LGCY,Legacy Education Inc.
1576885,ABOS,"Acumen Pharmaceuticals, Inc."
1941506,ZJK,"ZJK Industrial Co., Ltd."
1684505,XTRAF,Xtract One Technologies Inc.
1873923,ONL,Orion Properties Inc.
1891101,BRCC,BRC Inc.
1436229,BTCS,BTCS Inc.
1289868,MCN,XAI Madison Equity Premium Income Fund
1951276,SRBK,"SR Bancorp, Inc."
2012706,SUNS,"Sunrise Realty Trust, Inc."
1758766,STEM,"STEM, INC."
788920,PDEX,PRO DEX INC
895574,VFL,abrdn National Municipal Income Fund
1889123,FLD,"Fold Holdings, Inc."
1478102,DMO,Western Asset Mortgage Opportunity Fund Inc.
803742,KISB,KISH BANCORP INC
2024668,TRBRF,Simply Better Brands Corp.
1742770,VIOT,"Viomi Technology Co., Ltd"
1614806,RPT,Rithm Property Trust Inc.
1503802,KPTI,Karyopharm Therapeutics Inc.
1482554,HFUS,"Hartford Creative Group, Inc."
1010134,ICTSF,ICTS INTERNATIONAL N V
1343793,BTA,BlackRock Long-Term Municipal Advantage Trust
1819253,BTMD,biote Corp.
1943289,SVCO,"Silvaco Group, Inc."
1362190,AEYE,AUDIOEYE INC
1766140,UNCY,"Unicycive Therapeutics, Inc."
2017758,LHAI,Linkhome Holdings Inc.
1873875,IXHL,Incannex Healthcare Inc.
1909747,JUSHF,Jushi Holdings Inc.
1819411,GANX,"Gain Therapeutics, Inc."
356037,CSPI,CSP INC /MA/
1582982,CCLD,"CareCloud, Inc."
737875,FKYS,FIRST KEYSTONE CORP
1818844,DWTX,"Dogwood Therapeutics, Inc."
1870940,AIRS,"Airsculpt Technologies, Inc."
882071,PFO,Flaherty & Crumrine PREFERRED & INCOME OPPORTUNITY FUND INC
1644540,SRGXF,Surge Copper Corp
1305767,PHD,"Pioneer Floating Rate Fund, Inc."
1041934,EDAP,EDAP TMS SA
1006655,EPM,EVOLUTION PETROLEUM CORP
1870833,RMMZ,"RiverNorth Managed Duration Municipal Income Fund II, Inc."
1702924,WRAP,"WRAP TECHNOLOGIES, INC."
1936224,SRFM,SURF AIR MOBILITY INC.
2000640,DMNIF,Damon Inc.
2028355,IPEX,Inflection Point Acquisition Corp. V
2027265,MB,MASTERBEEF GROUP
2037431,PELI,Pelican Acquisition Corp
1077688,HOFT,HOOKER FURNISHINGS Corp
1997403,ZENA,"ZenaTech, Inc."
1835022,COYA,"Coya Therapeutics, Inc."
1328409,WRIV,WHITE RIVER BANCSHARES CO
1585855,GGZ,Gabelli Global Small & Mid Cap Value Trust
1438893,GNT,"GAMCO Natural Resources, Gold & Income Trust"
1734520,ALYAF,Alithya Group inc
1532383,VNJA,VANJIA CORP
1353613,FXY,Invesco CurrencyShares Japanese Yen Trust
1514860,GCUMF,Gunnison Copper Corp.
2027722,GRAN,Grande Group Ltd/HK
1055726,INO,"INOVIO PHARMACEUTICALS, INC."
759828,JHI,JOHN HANCOCK INVESTORS TRUST
31107,EML,EASTERN CO
1610853,HSDT,Solana Co
779336,IAF,"ABRDN AUSTRALIA EQUITY FUND, INC."
1455365,CGTX,COGNITION THERAPEUTICS INC
75398,PAI,Western Asset Investment Grade Income Fund Inc.
2073548,GRAY,"Grayscale Investments, Inc."
1566610,TONX,TON Strategy Co
2049717,JMG,JM Group Ltd
1009759,CGEH,"Capstone Green Energy Holdings, Inc."
1786471,SEV,Aptera Motors Corp
1723464,BHST,BIOHARVEST SCIENCES INC.
1496690,BCRD,"BlueOne Card, Inc."
1684693,SLGL,Sol-Gel Technologies Ltd.
910329,MED,MEDIFAST INC
2073153,HYNE,"Hoyne Bancorp, Inc."
1966233,NIPG,NIP Group Inc.
1843477,SVIIF,Spring Valley Acquisition Corp. II
1627868,NCAUF,Newcore Gold Ltd.
1299969,CHCI,"Comstock Holding Companies, Inc."
1947244,USGO,U.S. GoldMining Inc.
1845123,ANNA,"AleAnna, Inc."
1927719,CRGO,Freightos Ltd
355019,FONR,FONAR CORP
1288770,XTGRF,XTRA-GOLD RESOURCES CORP
2047455,QSEA,Quartzsea Acquisition Corp
845606,CXE,MFS HIGH INCOME MUNICIPAL TRUST
1725262,TYFG,"Tri-County Financial Group, Inc."
1591890,FGNX,FG Nexus Inc.
1636651,OVID,Ovid Therapeutics Inc.
1865107,AKA,A.K.A. BRANDS HOLDING CORP.
2023016,TTRX,Turn Therapeutics Inc.
890119,NIM,NUVEEN SELECT MATURITIES MUNICIPAL FUND
1555980,FPRGF,Falco Resources Ltd.
64463,SLNH,"Soluna Holdings, Inc"
1282957,GLU,GABELLI GLOBAL UTILITY & INCOME TRUST
1383062,DBE,Invesco DB Energy Fund
810943,PCF,HIGH INCOME SECURITIES FUND
1944712,BIYA,Baiya International Group Inc.
2024459,CHAR,Charlton Aria Acquisition Corp
1738758,CHR,"Cheer Holding, Inc."
860489,CEE,"CENTRAL & EASTERN EUROPE FUND, INC."
36840,FREVS,"FIRST REAL ESTATE INVESTMENT TRUST OF NEW JERSEY, INC."
2030829,PGAC,PANTAGES CAPITAL ACQUSITION Corp
1514597,FURY,FURY GOLD MINES LTD
2070900,QUMS,Quantumsphere Acquisition Corp
1422142,WHWK,"Whitehawk Therapeutics, Inc."
1680873,HFFG,HF Foods Group Inc.
866095,JEQ,"ABRDN JAPAN EQUITY FUND, INC."
1534969,SERA,"SERA PROGNOSTICS, INC."
1703644,GPMT,Granite Point Mortgage Trust Inc.
1429260,FBIO,"Fortress Biotech, Inc."
1176309,ORMP,ORAMED PHARMACEUTICALS INC.
1001500,LMRXF,LARAMIDE RESOURCES LTD
2059653,LSBK,"Lake Shore Bancorp, Inc. /MD/"
1941131,TORO,TORO CORP.
1434316,FATE,FATE THERAPEUTICS INC
1404281,ELDN,"Eledon Pharmaceuticals, Inc."
1437925,GMGI,"Golden Matrix Group, Inc."
2013186,TNMG,TNL Mediagene
1993727,SNT,Senstar Technologies Corp
1663038,QTZM,Quantumzyme Corp.
883107,SLSN,"SOLESENCE, INC."
1944955,FNMCF,FIRST NORDIC METALS CORP.
1796949,GFLT,"GenFlat Holdings, Inc."
1540684,ATLX,Atlas Lithium Corp
1808158,RPTX,Repare Therapeutics Inc.
1337068,MGYR,"Magyar Bancorp, Inc."
1285650,CGO,CALAMOS GLOBAL TOTAL RETURN FUND
2052243,TWLV,Twelve Seas Investment Co III/Cayman
1404353,WPGCF,West Point Gold Corp.
1496292,IHD,Voya Emerging Markets High Dividend Equity Fund
1684662,VIPRF,SILVER VIPER MINERALS CORP.
897419,NMT,NUVEEN MASSACHUSETTS QUALITY MUNICIPAL INCOME FUND
2014337,NPT,Texxon Holding Ltd
1453593,XTNT,"Xtant Medical Holdings, Inc."
1342936,RIVF,"Rivulet Entertainment, Inc."
1787414,BSBK,Bogota Financial Corp.
1953366,STHO,Star Holdings
798528,OMEX,ODYSSEY MARINE EXPLORATION INC
2028177,YOUL,Youlife Group Inc.
5981,AVD,AMERICAN VANGUARD CORP
706863,UNB,UNION BANKSHARES INC
1895597,ICG,Intchains Group Ltd
1889983,KVAC,Keen Vision Acquisition Corp.
6176,AP,AMPCO PITTSBURGH CORP
882300,SBI,WESTERN ASSET INTERMEDIATE MUNI FUND INC.
2047148,CTW,CTW Cayman
1847874,BEEP,Mobile Infrastructure Corp
1814423,IH,iHuman Inc.
1516899,YTRA,"Yatra Online, Inc."
1657642,SLBK,"Skyline Bankshares, Inc."
55529,KEQU,KEWAUNEE SCIENTIFIC CORP /DE/
2047273,BUUU,BUUU Group Ltd
1098972,AGEN,AGENUS INC
2047190,TCGL,TechCreate Group Ltd.
1775194,UPXI,"UPEXI, INC."
1861657,THAR,"Tharimmune, Inc."
943535,WHEN,"WORLD HEALTH ENERGY HOLDINGS, INC."
887396,EP,EMPIRE PETROLEUM CORP
709283,QMCO,QUANTUM CORP /DE/
1748137,NEOV,NeoVolta Inc.
1866816,OPTX,"SYNTEC OPTICS HOLDINGS, INC."
813623,SWZ,Total Return Securities Fund
2051820,MLCI,Mount Logan Capital Inc.
1318025,PGP,PIMCO Global StocksPLUS & Income Fund
1817241,ARTV,"Artiva Biotherapeutics, Inc."
1762303,RCEL,"AVITA Medical, Inc."
1279014,ERH,ALLSPRING UTILITIES & HIGH INCOME FUND
1856031,SEAT,Vivid Seats Inc.
1334325,CODA,"Coda Octopus Group, Inc."
1887944,SHIM,Shimmick Corp
1541119,SFBC,"Sound Financial Bancorp, Inc."
1041368,RVSB,RIVERVIEW BANCORP INC
1448597,AUGG,AUGUSTA GOLD CORP.
1668010,DBGI,"Digital Brands Group, Inc."
1010470,PROV,PROVIDENT FINANCIAL HOLDINGS INC
1819574,BARK,"Bark, Inc."
1906364,FGMC,FG Merger II Corp.
1580864,VRM,"Vroom, Inc."
2033377,MGRT,Mega Fortune Co Ltd
1932737,AIIO,ROBO.AI INC.
1726445,SEER,"Seer, Inc."
1351636,SSTI,"SOUNDTHINKING, INC."
882508,QUIK,QUICKLOGIC Corp
715446,ANIX,Anixa Biosciences Inc
740806,FMBM,F&M BANK CORP
830271,NMI,NUVEEN MUNICIPAL INCOME FUND INC
1176334,MMLP,MARTIN MIDSTREAM PARTNERS L.P.
1125345,MGNX,MACROGENICS INC
2024460,CHPG,ChampionsGate Acquisition Corp
1941536,BAER,"Bridger Aerospace Group Holdings, Inc."
1364954,CHGG,"CHEGG, INC"
1649989,OTLK,"Outlook Therapeutics, Inc."
831378,LVPA,LVPAI GROUP Ltd
1893899,WAMFF,Alaska Silver Corp.
1562151,CWGL,"Crimson Wine Group, Ltd"
1472326,GRO,Brazil Potash Corp.
1162896,PROP,Prairie Operating Co.
751365,VIRC,VIRCO MFG CORPORATION
1945240,ROMA,Roma Green Finance Ltd
1692427,NCSM,"NCS Multistage Holdings, Inc."
1357874,DTIL,PRECISION BIOSCIENCES INC
1684144,ZOMDF,Zomedica Corp.
6207,AXR,AMREP CORP.
1472215,JLS,Nuveen Mortgage & Income Fund/MA/
1517767,CCIF,Carlyle Credit Income Fund
1884046,SPKL,Spark I Acquisition Corp
315374,HURC,HURCO COMPANIES INC
1462586,IGI,Western Asset Investment Grade Opportunity Trust Inc.
1842566,AISP,"Airship AI Holdings, Inc."
1629210,PZG,Paramount Gold Nevada Corp.
1956648,NOEM,CO2 Energy Transition Corp.
1675033,GECC,Great Elm Capital Corp.
811922,MGF,MFS GOVERNMENT MARKETS INCOME TRUST
1382101,STRO,"SUTRO BIOPHARMA, INC."
1131554,SNCR,SYNCHRONOSS TECHNOLOGIES INC
1397016,OPXS,Optex Systems Holdings Inc
1031316,FSP,FRANKLIN STREET PROPERTIES CORP /MA/
1808997,AOUT,"American Outdoor Brands, Inc."
1834032,CSTAF,Constellation Acquisition Corp I
1775734,BENF,Beneficient
1725160,ZNTL,"Zentalis Pharmaceuticals, Inc."
1413119,KBLB,"Kraig Biocraft Laboratories, Inc."
1855447,TYGO,"TIGO ENERGY, INC."
1792781,CURV,Torrid Holdings Inc.
924383,GNSS,Genasys Inc.
910406,HAIN,HAIN CELESTIAL GROUP INC
1285170,ITMSF,INTERMAP TECHNOLOGIES CORP
1023109,CVVUF,CANALASKA URANIUM LTD
1386301,RSSS,"Research Solutions, Inc."
1296774,NCTY,The9 LTD
1991413,PSRHF,Pulsar Helium Inc.
771856,CSBR,"CHAMPIONS ONCOLOGY, INC."
1070732,EVF,Eaton Vance Senior Income Trust
2032950,HSPT,Horizon Space Acquisition II Corp.
2017950,DTSQ,DT Cloud Star Acquisition Corp
1919246,PTHS,Pelthos Therapeutics Inc.
811211,UNIB,UNIVERSITY BANCORP INC /DE/
1069530,SAVA,CASSAVA SCIENCES INC
1702123,CRDL,Cardiol Therapeutics Inc.
1850059,FSHP,Flag Ship Acquisition Corp
1378701,GDL,GDL FUND
875657,ULBI,ULTRALIFE CORP
1571776,CHMI,Cherry Hill Mortgage Investment Corp
1833769,HYPR,"Hyperfine, Inc."
1534133,CALC,"CalciMedica, Inc."
1732406,LTCN,Grayscale Litecoin Trust (LTC)
1998043,PDCC,Pearl Diver Credit Co Inc.
1091596,AURX,"Nuo Therapeutics, Inc."
1705843,CBUS,"Cibus, Inc."
1227636,STIM,"Neuronetics, Inc."
1901799,BTM,Bitcoin Depot Inc.
1746466,EQ,"Equillium, Inc."
891482,FLL,FULL HOUSE RESORTS INC
1429764,BLNK,Blink Charging Co.
750574,AUBN,"AUBURN NATIONAL BANCORPORATION, INC"
1129928,ONCY,ONCOLYTICS BIOTECH INC
770460,PFBX,PEOPLES FINANCIAL CORP /MS/
1123267,HANNF,Hannan Metals Ltd.
1828377,FTCO,Fortitude Gold Corp
2047235,WSBK,"Winchester Bancorp, Inc./MD/"
1138723,ARAY,ACCURAY INC
1036262,INTT,INTEST CORP
1683553,SPRB,"SPRUCE BIOSCIENCES, INC."
1011060,NORD,Nordicus Partners Corp
1690080,ETHZ,ETHZilla Corp
1772720,SPRU,SPRUCE POWER HOLDING CORP
1845550,PLMJF,Plum Acquisition Corp. III
1765850,AURE,Aurelion Inc.
1841425,VGAS,"Verde Clean Fuels, Inc."
1325702,MX,MAGNACHIP SEMICONDUCTOR Corp
1830188,UHG,"United Homes Group, Inc."
1141240,LQMT,LIQUIDMETAL TECHNOLOGIES INC
1477845,ANVS,"Annovis Bio, Inc."
2010788,EXOZ,EXOZYMES INC.
1892747,VMCAF,Valuence Merger Corp. I
1746967,RMI,"RiverNorth Opportunistic Municipal Income Fund, Inc."
1036044,INVE,"Identiv, Inc."
1127537,LUNG,Pulmonx Corp
738214,AMTX,"AEMETIS, INC"
1930459,PMMCF,Pampa Metals Corp
1089872,GAIA,"GAIA, INC"
1421642,MSCLF,Satellos Bioscience Inc.
2049248,LCCC,Lakeshore Acquisition III Corp.
2085408,GPAC,General Purpose Acquisition Corp.
2019505,HIT,"Health In Tech, Inc."
2051380,PEW,GrabAGun Digital Holdings Inc.
1818274,ARAI,Arrive AI Inc.
1604868,GRWG,GrowGeneration Corp.
1266806,VANI,"Vivani Medical, Inc."
874396,LCUT,"LIFETIME BRANDS, INC"
809844,CMU,MFS HIGH YIELD MUNICIPAL TRUST
2024306,JFB,JFB Construction Holdings
1679268,TUSK,"MAMMOTH ENERGY SERVICES, INC."
1818838,ADAG,Adagene Inc.
1801417,BYNO,byNordic Acquisition Corp
1472341,GDO,WESTERN ASSET GLOBAL CORPORATE OPPORTUNITY FUND INC.
1528811,VGI,Virtus Global Multi-Sector Income Fund
1490349,PFX,PhenixFIN Corp
839470,WWR,"WESTWATER RESOURCES, INC."
1738699,WKEY,Wisekey International Holding S.A.
1337090,SPAUF,SPANISH MOUNTAIN GOLD LTD.
1041859,PLCE,"Childrens Place, Inc."
1819258,FTZFF,Fitzroy Minerals Inc.
1884122,VCUFD,Vizsla Copper Corp.
1790538,SCTSF,Scottie Resources Corp.
1840439,BMEA,"Biomea Fusion, Inc."
1301236,SOHO,Sotherly Hotels Inc.
2077033,MMTX,Miluna Acquisition Corp
2081842,TYHT,THAI YEE HONG TECHNOLOGY HOLDINGS PTE LTD
1514743,IROQ,"IF Bancorp, Inc."
1847846,EUDA,EUDA Health Holdings Ltd
2044523,ORIQ,Origin Investment Corp I
2011208,SPAI,Safe Pro Group Inc.
1609065,PBHC,"Pathfinder Bancorp, Inc."
1850119,IPSC,"Century Therapeutics, Inc."
1199004,FMN,Federated Hermes Premier Municipal Income Fund
1848437,CRTAF,Cartica Acquisition Corp
798081,LAKE,LAKELAND INDUSTRIES INC
1355096,QVCGA,"QVC Group, Inc."
939930,PYYX,"PYXUS INTERNATIONAL, INC."
2007846,JLHL,Julong Holding Ltd
1997711,LPA,Logistic Properties of the Americas
1884516,DTI,Drilling Tools International Corp
1742518,MTC,"MMTec, Inc."
1509397,LOMLF,Lion One Metals Ltd.
1822359,DCGO,DocGo Inc.
1820190,SCLX,Scilex Holding Co
1825349,CHSN,Chanson International Holding
1514490,RGT,"ROYCE GLOBAL TRUST, INC."
1877939,CTM,"Castellum, Inc."
1790177,RFM,"RiverNorth Flexible Municipal Income Fund, Inc."
1069394,FSI,FLEXIBLE SOLUTIONS INTERNATIONAL INC
1843973,FLYX,FLYEXCLUSIVE INC.
885732,NXC,NUVEEN CALIFORNIA SELECT TAX FREE INCOME PORTFOLIO
1831096,GEG,"Great Elm Group, Inc."
2027815,BMHL,Bluemount Holdings Ltd
1715925,HYFT,MindWalk Holdings Corp.
1737319,CUAUF,C3 Metals Inc.
1851484,CTOR,"CITIUS ONCOLOGY, INC."
1725569,GARLF,Axcap Ventures Inc.
1747661,ZNB,Zeta Network Group
1043186,SLNG,"Stabilis Solutions, Inc."
1499832,TSQ,"Townsquare Media, Inc."
1275101,BOTJ,BANK OF THE JAMES FINANCIAL GROUP INC
84112,RSKIA,"GEORGE RISK INDUSTRIES, INC."
1814963,ILAG,Intelligent Living Application Group Inc.
72444,VXRT,"Vaxart, Inc."
1163389,NWPP,NEW PEOPLES BANKSHARES INC
1556727,FNWB,First Northwest Bancorp
916793,SILC,SILICOM LTD.
2026767,ALIS,Calisa Acquisition Corp
1853825,DTCX,"Datacentrex, Inc."
1134982,AAPI,"Apple iSports Group, Inc."
1979484,ABVE,Above Food Ingredients Inc.
2024203,CAPN,Cayson Acquisition Corp
1769484,BIOX,Bioceres Crop Solutions Corp.
845611,GCV,GABELLI CONVERTIBLE & INCOME SECURITIES FUND INC
1437213,CCNB,"Coastal Carolina Bancshares, Inc."
1682241,MATH,Metalpha Technology Holding Ltd
1818644,LIDR,"AEye, Inc."
2029039,NSRX,Nasus Pharma Ltd
731653,UBCP,UNITED BANCORP INC /OH/
2012726,FDSB,"Fifth District Bancorp, Inc."
1576159,BDCTF,BuildDirect.com Technologies Inc.
1779372,BEAT,"HeartBeam, Inc."
2028201,COLA,Columbus Acquisition Corp/Cayman Islands
1408534,FGBI,"First Guaranty Bancshares, Inc."
72205,NOBH,NOBILITY HOMES INC
1134765,CHUC,"Charlie's Holdings, Inc."
1437226,MHH,"Mastech Digital, Inc."
2020987,YHNA,YHN Acquisition I Ltd
1823878,MYPS,"PLAYSTUDIOS, Inc."
1006830,CBKM,CONSUMERS BANCORP INC /OH/
1828748,ASFH,ASIAFIN HOLDINGS CORP.
785557,DLHC,DLH Holdings Corp.
1519469,AEC,ANFIELD ENERGY INC.
912967,FBSI,FIRST BANCSHARES INC /MO/
1774675,SKIL,Skillsoft Corp.
1863218,SFWL,SHENGFENG DEVELOPMENT Ltd
1103795,QSEP,"QS Energy, Inc."
1925511,NZAUF,Rua Gold Inc.
717806,FUSB,"FIRST US BANCSHARES, INC."
54187,MAYS,MAYS J W INC
1523289,DMA,Destra Multi-Alternative Fund
1393584,AMWL,American Well Corp
879535,DTF,DTF TAX-FREE INCOME 2028 TERM FUND INC
1719406,NRXP,"NRX Pharmaceuticals, Inc."
2043630,APAC,StoneBridge Acquisition II Corp
1851959,CNDA,Concord Acquisition Corp II
1839530,XBP,"XBP Global Holdings, Inc."
1723935,STG,Sunlands Technology Group
1390352,ORRCF,OROCO RESOURCE CORP
2010653,FVN,Future Vision II Acquisition Corp.
1877333,THCH,TH International Ltd
926423,MIND,"MIND TECHNOLOGY, INC"
2055116,KG,Kestrel Group Ltd
12239,DOMH,Dominari Holdings Inc.
1769731,AMTD,AMTD IDEA GROUP
898171,UWHR,UWHARRIE CAPITAL CORP
1672909,CPHC,Canterbury Park Holding Corp
2036973,UYSC,UY Scuti Acquisition Corp.
1385632,IAE,Voya Asia Pacific High Dividend Equity Income Fund
849146,LFVN,Lifevantage Corp
1133311,TZOO,TRAVELZOO
1075880,KZIA,KAZIA THERAPEUTICS LTD
1400438,LGO,Largo Inc.
1852889,IVCAF,Investcorp AI Acquisition Corp.
1849296,OKYO,OKYO Pharma Ltd
1605888,ATLN,ATLANTIC INTERNATIONAL CORP.
1170311,PNI,PIMCO NEW YORK MUNICIPAL INCOME FUND II
1835579,IMA,"ImageneBio, Inc."
1533998,DRIO,DarioHealth Corp.
1577783,SIREF,Sirios Resources Inc.
1339970,ATYR,aTYR PHARMA INC
1106861,CSDX,CS DIAGNOSTICS CORP.
2059165,SSEA,STARRY SEA ACQUISITION CORP
1462418,ASPS,ALTISOURCE PORTFOLIO SOLUTIONS S.A.
1649744,DLTH,DULUTH HOLDINGS INC.
1855557,HLP,Hongli Group Inc.
1488039,ATOS,"ATOSSA THERAPEUTICS, INC."
34956,TENX,"TENAX THERAPEUTICS, INC."
1759186,COEP,"Coeptis Therapeutics Holdings, Inc."
1781174,ACRV,"Acrivon Therapeutics, Inc."
2033515,SORA,AsiaStrategy
1145255,HNNA,HENNESSY ADVISORS INC
811222,CDIX,Cardiff Lexington Corp
1703647,KRRO,"Korro Bio, Inc."
1433607,NSPR,"InspireMD, Inc."
1602409,FNGR,"FingerMotion, Inc."
1852016,AEAE,AltEnergy Acquisition Corp
1619544,JFU,9F Inc.
908187,PCM,"PCM FUND, INC."
2026353,ATHR,"Aether Holdings, Inc."
2046656,HCHL,Happy City Holdings Ltd
1495231,IZEA,"IZEA Worldwide, Inc."
1746473,PLRX,"PLIANT THERAPEUTICS, INC."
2051587,BSAA,BEST SPAC I Acquisition Corp.
1907184,ELBM,Electra Battery Materials Corp
1918661,ESHA,ESH Acquisition Corp.
1643953,PRPL,"Purple Innovation, Inc."
1789769,TIL,"Instil Bio, Inc."
1804792,ARSMF,ARES STRATEGIC MINING INC.
1393883,DHX,"DHI GROUP, INC."
1985139,LSE,"Leishen Energy Holding Co., Ltd."
875582,NTIC,NORTHERN TECHNOLOGIES INTERNATIONAL CORP
2053927,WTG,Wintergreen Acquisition Corp.
1288795,GLV,Clough Global Dividend & Income Fund
1117171,CBAT,"CBAK Energy Technology, Inc."
1855457,KORE,"KORE Group Holdings, Inc."
1547546,LFT,"Lument Finance Trust, Inc."
886136,SGA,SAGA COMMUNICATIONS INC
2018145,RDAC,Rising Dragon Acquisition Corp.
27367,DXR,DAXOR CORP
1826889,BODI,"Beachbody Company, Inc."
1156041,AGIG,"ABUNDIA GLOBAL IMPACT GROUP, INC."
1053691,CRVO,CervoMed Inc.
71557,NUVR,"Nuvera Communications, Inc."
1597095,TOUR,Tuniu Corp
1898643,MOB,Mobilicom Ltd
1224133,MCHX,MARCHEX INC
1626878,XBIT,XBiotech Inc.
1872302,NA,Nano Labs Ltd
1171759,RRGB,RED ROBIN GOURMET BURGERS INC
1632121,BLNC,"Balance Labs, Inc."
1844505,QTIH,"QT IMAGING HOLDINGS, INC."
846671,VLT,Invesco High Income Trust II
1701599,AZASF,Arizona Gold & Silver Inc.
2030277,LFS,"LEIFRAS Co., Ltd."
13156,GLXZ,"Galaxy Gaming, Inc."
1621888,CFSU,Complete Financial Solutions Inc.
1611842,PYPD,PolyPid Ltd.
928465,DIT,AMCON DISTRIBUTING CO
1951229,RITR,Reitar Logtech Holdings Ltd
1888654,FEAM,"5E Advanced Materials, Inc."
1782223,PYXS,"Pyxis Oncology, Inc."
1059689,BRGC,North America Lithium & Gold Corp
949961,IOR,INCOME OPPORTUNITY REALTY INVESTORS INC /TX/
1082324,VHC,VirnetX Holding Corp
1979332,CPBI,"Central Plains Bancshares, Inc."
1607997,NMS,Nuveen Minnesota Quality Municipal Income Fund
927719,DWNX,DELHI BANK CORP
1992818,ZOOZ,ZOOZ Strategy Ltd.
1460329,FLNT,"Fluent, Inc."
14177,BRID,BRIDGFORD FOODS CORP
1848861,HAIAF,Healthcare AI Acquisition Corp.
1074692,CEV,Eaton Vance California Municipal Income Trust
1095981,PSTV,"PLUS THERAPEUTICS, INC."
714712,JUVF,JUNIATA VALLEY FINANCIAL CORP
1879814,TLGYF,TLGY ACQUISITION CORP
1420520,ATOM,Atomera Inc
1383395,SQNS,SEQUANS COMMUNICATIONS
1506929,VRDR,"VERDE RESOURCES, INC."
1814215,BURU,"Nuburu, Inc."
773717,ACRG,"American Clean Resources Group, Inc."
1467093,SRCRF,Scorpio Gold Corp
1891856,GENK,"GEN Restaurant Group, Inc."
1965473,CCG,Cheche Group Inc.
791718,EEA,"EUROPEAN EQUITY FUND, INC / MD"
716643,RGS,REGIS CORP
1904501,ZTEK,Zentek Ltd.
1851961,GCTS,"GCT Semiconductor Holding, Inc."
1708688,IFRX,InflaRx N.V.
1040130,PETS,PETMED EXPRESS INC
1001171,BYFC,BROADWAY FINANCIAL CORP DE
1442492,LRDC,"Laredo Oil, Inc."
1994214,NOMA,Nomadar Corp.
1881592,NSTS,"NSTS Bancorp, Inc."
1720250,KNDI,"Kandi Technologies Group, Inc."
1495320,VRA,"Vera Bradley, Inc."
711034,THMG,THUNDER MOUNTAIN GOLD INC
1484612,OM,"Outset Medical, Inc."
1454938,TEAD,Teads Holding Co.
1979887,XCH,XCHG Ltd
2035016,RIBB,Ribbon Acquisition Corp.
1787518,NUKK,Nukkleus Inc.
1677940,BYSI,BeyondSpring Inc.
1557523,PGZ,Principal Real Estate Income Fund
1358633,SNBH,SENTIENT BRANDS HOLDINGS INC.
1699382,PMVP,"PMV Pharmaceuticals, Inc."
1940177,PODC,"PodcastOne, Inc."
1846235,IMAQ,International Media Acquisition Corp.
2060083,FOFO,"Hang Feng Technology Innovation Co., Ltd."
2011053,SUUN,POWERBANK Corp
1719714,MREO,Mereo BioPharma Group plc
8146,ALOT,"AstroNova, Inc."
1801661,SKLZ,Skillz Inc.
2027360,RCT,RedCloud Holdings plc
1829280,FORA,Forian Inc.
1860871,TVGN,Tevogen Bio Holdings Inc.
1509745,CYPH,CYPHERPUNK TECHNOLOGIES INC.
1120370,BWEN,"BROADWIND, INC."
1494891,SRTS,"Sensus Healthcare, Inc."
1813452,PLNH,Planet 13 Holdings Inc.
1742341,HKIT,HiTek Global Inc.
1849867,CLST,"Catalyst Bancorp, Inc."
847411,CXH,MFS INVESTMENT GRADE MUNICIPAL TRUST
806172,SOTK,SONO TEK CORP
1945422,OAKU,Oak Woods Acquisition Corp
1953021,MPU,Mega Matrix Inc
1822523,AFCG,Advanced Flower Capital Inc.
918541,NNBR,NN INC
1226616,MNOV,MEDICINOVA INC
1807765,PMVC,PMV Consumer Acquisition Corp.
1504379,CSTE,Caesarstone Ltd.
100726,UFI,UNIFI INC
1280776,IMUX,"IMMUNIC, INC."
1725332,ALAR,Alarum Technologies Ltd.
868822,CRCUF,Canagold Resources Ltd.
318833,TISI,TEAM INC
1658678,BSEM,BIOSTEM TECHNOLOGIES
896493,GPUS,"Hyperscale Data, Inc."
1487918,OFS,OFS Capital Corp
1930021,HOVR,New Horizon Aircraft Ltd.
1839154,NKGFF,Nevada King Gold Corp.
1644771,RSF,"RiverNorth Capital & Income Fund, Inc."
2085091,RVI,Robinhood Ventures Fund I
917225,XPL,SOLITARIO RESOURCES CORP.
1874875,HOUR,"Hour Loop, Inc"
1904286,MIRA,"MIRA PHARMACEUTICALS, INC."
2014254,KBSX,FST Corp.
774415,KRFG,"King Resources, Inc."
1928948,HTCO,High-Trend International Group
1070789,HYOR,HyOrc Corp
1895249,CNTM,"ConnectM Technology Solutions, Inc."
1666071,CDLX,"Cardlytics, Inc."
1541190,SYHBF,SKYHARBOUR RESOURCES LTD
1943802,FSEA,"First Seacoast Bancorp, Inc."
1518461,AMPG,"AmpliTech Group, Inc."
1808220,GOCO,"GoHealth, Inc."
1006837,VATE,INNOVATE Corp.
1775898,UCL,uCloudlink Group Inc.
740664,RFIL,R F INDUSTRIES LTD
1778940,NRRSF,Norsemont Mining Inc.
1810182,ALXO,ALX ONCOLOGY HOLDINGS INC
828146,LINK,INTERLINK ELECTRONICS INC
1713863,RFL,"Rafael Holdings, Inc."
1769768,EJH,E-Home Household Service Holdings Ltd
18255,CATO,CATO CORP
69422,INTG,INTERGROUP CORP
1917599,EDVR,Endeavor Bancorp
1671284,NEUE,"NeueHealth, Inc."
1785279,MGX,"Metagenomi, Inc."
1822791,CLNN,Clene Inc.
1524025,TLYS,"TILLY'S, INC."
1888525,UBXG,U-BX Technology Ltd.
72633,NRT,NORTH EUROPEAN OIL ROYALTY TRUST
2069604,PARK,"Park Dental Partners, Inc."
1921582,LGCXF,Lahontan Gold Corp.
1339688,LCGMF,LION COPPER & GOLD CORP.
1459188,CHEV,Charging Robotics Inc.
1549145,BIOF,"BLUE BIOFUELS, INC."
1934945,TBMC,Trailblazer Merger Corp I
1901336,ALCY,Alchemy Investments Acquisition Corp 1
2019435,BGL,Blue Gold Ltd
1851909,CDAQF,Compass Digital Acquisition Corp.
1087294,CPIX,CUMBERLAND PHARMACEUTICALS INC
1836295,RTGN,RetinalGenix Technologies Inc.
1520048,PVL,Permianville Royalty Trust
1360565,WFCF,"Where Food Comes From, Inc."
1869137,MHUBF,MineHub Technologies Inc.
1538189,SMOFF,Sonoro Gold Corp.
1844417,ESLA,"Estrella Immunopharma, Inc."
1737995,STSS,Sharps Technology Inc.
1931055,MDNC,Medinotec Inc.
889353,SNTL,Sentinel Holdings Ltd.
1750155,CWBHF,"Charlotte's Web Holdings, Inc."
1378140,OPTT,"Ocean Power Technologies, Inc."
930245,AASP,Agassi Sports Entertainment Corp.
1808665,ASRT,"Assertio Holdings, Inc."
1024672,ELTK,ELTEK LTD
1868573,APXIF,APx Acquisition Corp. I
1031235,SELF,"Global Self Storage, Inc."
1456189,LEAT,Leatt Corp
8177,AAME,ATLANTIC AMERICAN CORP
1958713,MI,NFT Ltd
1799448,ALGS,"Aligos Therapeutics, Inc."
1783432,TETOF,Tectonic Metals Inc.
838131,JMM,Nuveen Multi-Market Income Fund
732026,TRT,TRIO-TECH INTERNATIONAL
2019793,SAFX,"XCF Global, Inc."
1783328,TCRX,"TScan Therapeutics, Inc."
1878313,MAIA,"MAIA Biotechnology, Inc."
1645155,WBSR,Webstar Technology Group Inc.
880242,BLGO,"BIOLARGO, INC."
1865111,ALSAF,Alpha Star Acquisition Corp
1915380,DMYY,"dMY Squared Technology Group, Inc."
1849380,ONMD,OneMedNet Corp
1868395,YIBO,Planet Image International Ltd
864240,SYPR,SYPRIS SOLUTIONS INC
1132105,SPWH,"SPORTSMAN'S WAREHOUSE HOLDINGS, INC."
1769624,ILLR,Triller Group Inc.
1413855,AIFU,AIFU Inc.
1849670,PBBK,"PB Bankshares, Inc."
1131343,ATHE,ALTERITY THERAPEUTICS LTD
811641,ICCC,IMMUCELL CORP /DE/
1500375,HFBL,"Home Federal Bancorp, Inc. of Louisiana"
1939479,USPCY,China Strategic Technology Group Limited/ADR
814676,CPSH,CPS TECHNOLOGIES CORP/DE/
1807887,LASE,Laser Photonics Corp
1676047,NTRB,NutriBand Inc.
1698022,FMFG,"Farmers & Merchants Bancshares, Inc."
946936,DSWL,DESWELL INDUSTRIES INC
12040,BDL,FLANIGANS ENTERPRISES INC
1491419,LVO,"LiveOne, Inc."
1964664,ORIS,ORIENTAL RISE HOLDINGS Ltd
2049560,TUNGF,American Tungsten Corp.
1890361,ASPC,ASPAC III Acquisition Corp.
2079933,BEBE,TGE Value Creative Solutions Corp
1859199,AIRE,reAlpha Tech Corp.
1974044,MNY,MoneyHero Ltd
1975641,ZYBT,Zhengye Biotechnology Holding Ltd
863900,MXE,MEXICO EQUITY & INCOME FUND INC
1399520,STKS,"ONE Group Hospitality, Inc."
1579157,VNCE,VINCE HOLDING CORP.
1439725,BDSX,BIODESIX INC
1409375,OESX,"ORION ENERGY SYSTEMS, INC."
2026514,NAMM,Namib Minerals
1769697,LITM,Snow Lake Resources Ltd.
1635729,EQTRF,Altamira Gold Corp.
1577445,ODYS,Odysight.ai Inc.
1800392,MLGO,MicroAlgo Inc.
1141197,PED,PEDEVCO CORP
1867834,BRAG,Bragg Gaming Group Inc.
1113152,BEWFF,BEWHERE HOLDINGS INC
862651,INVU,"Investview, Inc."
1080340,LOAN,"MANHATTAN BRIDGE CAPITAL, INC"
1427925,TLPH,"TALPHERA, INC."
1034760,WYY,WIDEPOINT CORP
779227,STLE,STEELE BANCORP INC
1820566,ISPO,Inspirato Inc
1753373,MTWO,"M2i Global, Inc."
1290900,CVGI,"Commercial Vehicle Group, Inc."
1834105,IBO,IMPACT BIOMEDICAL INC.
1580110,LBCMF,Libero Copper & Gold Corp
707605,ASRV,AMERISERV FINANCIAL INC /PA/
2000410,EURK,Eureka Acquisition Corp
1561921,TELA,"TELA Bio, Inc."
1444192,GRCE,"Grace Therapeutics, Inc."
1449792,PPSI,"PIONEER POWER SOLUTIONS, INC."
1945711,LVRO,Lavoro Ltd
1740797,AVAI,AVANT TECHNOLOGIES INC.
844985,POSC,POSITRON CORP
1944552,ANL,Adlai Nortye Ltd.
1840229,INKT,"MiNK Therapeutics, Inc."
1727370,SAGGF,Sterling Metals Corp.
1967631,NAMI,Jinxin Technology Holding Co
1856084,RDGT,Ridgetech Inc.
2006413,DRYGF,Dryden Gold Corp.
1196298,NEPH,NEPHROS INC
1474903,BGSF,"BGSF, INC."
1173313,ABVC,"ABVC BIOPHARMA, INC."
353184,AIRT,AIR T INC
889348,CVU,CPI AEROSTRUCTURES INC
1889450,FTII,FutureTech II Acquisition Corp.
722572,FKWL,FRANKLIN WIRELESS CORP
1881551,STI,Solidion Technology Inc.
1987189,SLGB,Smart Logistics Global Ltd
1438461,ELRE,Yinfu Gold Corp.
1788028,JSPR,"Jasper Therapeutics, Inc."
1847064,PSQH,"PSQ Holdings, Inc."
1319183,FMY,FIRST TRUST MORTGAGE INCOME FUND
1968617,CPPMF,Coppernico Metals Inc.
1933021,PLUT,Plutus Financial Group Ltd
1813241,GPGCF,Great Pacific Gold Corp.
1836934,ZENV,Zenvia Inc.
2000530,GMHS,Gamehaus Holdings Inc.
813298,DXLG,"DESTINATION XL GROUP, INC."
2094107,BSPA,"Ballston Spa Bancorp, Inc."
1982444,BDMD,Baird Medical Investment Holdings Ltd
2053456,TGE,Generation Essentials Group
1847806,GNS,Genius Group Ltd
1849466,TCBS,"Texas Community Bancshares, Inc."
1857030,INCR,Intercure Ltd.
1661059,NXTC,"NextCure, Inc."
2067767,OTH,OFF THE HOOK YS INC.
1445942,TMRC,Texas Mineral Resources Corp.
1682220,SACH,Sachem Capital Corp.
1877557,WELNF,Integrated Wellness Acquisition Corp
2014955,SDM,Smart Digital Group Ltd
1795091,OSTX,OS Therapies Inc
1230058,KANP,KAANAPALI LAND LLC
1288855,OPHC,"OptimumBank Holdings, Inc."
2095443,BREZ,Breeze Acquisition Corp. II
1865429,OAKV,"Oak View Bankshares, Inc."
1262104,LITS,"Lite Strategy, Inc."
1272842,AIRG,AIRGAIN INC
1993431,MCRP,Micropolis Holding Co
846913,FTEK,"FUEL TECH, INC."
799165,DWSN,DAWSON GEOPHYSICAL CO
1442620,RCON,"Recon Technology, Ltd"
1933567,NRXS,"Neuraxis, INC"
1328792,TPCS,TECHPRECISION CORP
1783407,SOGP,Sound Group Inc.
101984,UEIC,UNIVERSAL ELECTRONICS INC
844856,HCMC,Healthier Choices Management Corp.
1872090,YXT,YXT.COM GROUP HOLDING Ltd
1562530,WTHVF,Westhaven Gold Corp.
1504678,LOOP,"Loop Industries, Inc."
1270436,COHN,Cohen & Co Inc.
1936255,FORL,Four Leaf Acquisition Corp
1474558,GKOR,Golkor Inc.
2028293,RAIN,"Rain Enhancement Technologies Holdco, Inc."
1953984,BCG,"Binah Capital Group, Inc."
1534708,BLNE,"Beeline Holdings, Inc."
881787,CRT,CROSS TIMBERS ROYALTY TRUST
1840780,LOCL,Local Bounti Corporation/DE
1784254,MDIA,Mediaco Holding Inc.
1085243,VTSI,"VirTra, Inc"
1982960,KNRX,KNOREX LTD.
1133062,JANL,JANEL CORP
2009312,AGH,Aureus Greenway Holdings Inc
885731,NXN,NUVEEN NEW YORK SELECT TAX -FREE INCOME PORTFOLIO
718332,RAVE,"RAVE RESTAURANT GROUP, INC."
1718500,AXIL,"Axil Brands, Inc."
1487197,BRFH,BARFRESH FOOD GROUP INC.
1843656,RMCO,Royalty Management Holding Corp
2000775,BKHA,Black Hawk Acquisition Corp
1796898,MAXN,"Maxeon Solar Technologies, Ltd."
884269,APT,ALPHA PRO TECH LTD
1808110,DDC,DDC Enterprise Ltd
1041657,UONE,"URBAN ONE, INC."
1021917,AWCA,"Awaysis Capital, Inc."
1645666,KZR,"Kezar Life Sciences, Inc."
1876766,LICN,Lichen International Ltd
1505413,VOC,VOC Energy Trust
1800637,RYM,"RYTHM, Inc."
1988776,MRNO,Murano Global Investments Plc
2029471,HMR,Heidmar Maritime Holdings Corp.
1971532,TELO,"Telomir Pharmaceuticals, Inc."
861972,SRLZF,Salazar Resources Ltd
1743344,PYRGF,PyroGenesis Canada Inc.
2024258,POAS,Phaos Technology (Cayman) Holdings Ltd
1841761,GROV,"Grove Collaborative Holdings, Inc."
1045742,LIVE,LIVE VENTURES Inc
831609,CXXIF,C21 Investments Inc.
1102993,LPSN,LIVEPERSON INC
1191832,KNGRF,Kingsmen Resources Ltd.
1725603,AUXXF,ALLEGIANT GOLD LTD
924515,GTHP,GUIDED THERAPEUTICS INC
723603,CULP,CULP INC
1437283,RPMT,"REGO PAYMENT ARCHITECTURES, INC."
811522,QZMRF,QUARTZ MOUNTAIN RESOURCES LTD
1525306,FSTJ,First America Resources Corp
1425287,WKHS,Workhorse Group Inc.
1825024,OPAD,Offerpad Solutions Inc.
1535955,LPCN,Lipocine Inc.
1519472,SMXT,"SolarMax Technology, Inc."
793524,REFR,RESEARCH FRONTIERS INC
1657800,ESAUF,ESGold Corp.
1769256,XHG,XChange TEC.INC
1784440,BHIC,"BioScience Health Innovations, Inc."
1757840,INDO,Indonesia Energy Corp Ltd
1865494,IOBT,"IO Biotech, Inc."
2033383,FUSE,Fusemachines Inc.
1706404,AZZTF,Aztec Minerals Corp.
1833498,MDAI,"Spectral AI, Inc."
2001794,CIGL,Concorde International Group Ltd.
1420720,IBIO,"iBio, Inc."
1903382,BHM,"Bluerock Homes Trust, Inc."
1766526,TECTP,"Tectonic Financial, Inc."
849145,HGBL,Heritage Global Inc.
1852973,BRLS,Borealis Foods Inc.
1759136,BHAT,Blue Hat Interactive Entertainment Technology
1498382,HURA,"TuHURA Biosciences, Inc./NV"
1600983,KSCP,"Knightscope, Inc."
1667313,ZDGE,"Zedge, Inc."
1962481,BOF,BranchOut Food Inc.
1978528,QETA,Quetta Acquisition Corp
850027,GRF,"EAGLE CAPITAL GROWTH FUND, INC."
1388320,ATNM,"Actinium Pharmaceuticals, Inc."
1291855,SPCB,SuperCom Ltd
2070542,AIB,"BlockchAIn Digital Infrastructure, Inc."
1584693,SSGC,SafeSpace Global Corp
725363,CVM,CEL SCI CORP
1472091,PDSB,PDS Biotechnology Corp
1997201,PSIG,PS International Group Ltd.
1584371,ICCM,IceCure Medical Ltd.
1815974,ANEB,"Anebulo Pharmaceuticals, Inc."
1733868,CNF,CNFinance Holdings Ltd.
1711754,INMB,"Inmune Bio, Inc."
1805651,MKTW,"MARKETWISE, INC."
1114936,UMEWF,UMeWorld Inc.
1505155,UPLD,"Upland Software, Inc."
1900679,TETEF,Technology & Telecommunication Acquisition Corp
1111741,DYNR,"DYNARESOURCE, INC."
1066764,BESS,Bimergen Energy Corp
1523836,LITB,"LightInTheBox Holding Co., Ltd."
1969475,BAYA,Bayview Acquisition Corp
1949257,RADX,Radiopharm Theranostics Ltd
1958133,DXST,Decent Holding Inc.
1893657,RLEA,Rubber Leaf Inc
1866501,WBX,Wallbox N.V.
1882781,CBLO,"C2 Blockchain, Inc."
1661998,QTTB,Q32 Bio Inc.
1367993,HAFG,"Holistic Asset Finance Group Co., Ltd."
911147,CNTY,CENTURY CASINOS INC /CO/
788611,NTRP,"NextTrip, Inc."
2030763,WGRX,"Wellgistics Health, Inc."
1846839,STKE,SOL Strategies Inc.
1738177,CMBM,Cambium Networks Corp
1529113,XTIA,"XTI Aerospace, Inc."
2031009,SKBL,Skyline Builders Group Holding Ltd
1342916,HNOI,"HNO International, Inc."
1886190,GGR,Gogoro Inc.
1017303,TACT,TRANSACT TECHNOLOGIES INC
1173204,CNVS,Cineverse Corp.
1346830,TVRD,"Tvardi Therapeutics, Inc."
1699709,YJGJ,YIJIA GROUP CORP.
1043961,PRPO,"Precipio, Inc."
1175151,CTSO,Cytosorbents Corp
1944885,APLM,Apollomics Inc.
1040161,PXLW,"PIXELWORKS, INC"
1817161,HWAUF,Headwater Gold Inc.
1913749,GMM,Global Mofy AI Ltd
1828253,EVAX,Evaxion A/S
2000230,BRIA,BrilliA Inc
91668,SODI,SOLITRON DEVICES INC
1026980,APWC,ASIA PACIFIC WIRE & CABLE CORP LTD
1015739,AWRE,AWARE INC /MA/
1000230,OCC,OPTICAL CABLE CORP
1318482,KDOZF,KIDOZ INC.
876717,FCO,"ABRDN GLOBAL INCOME FUND, INC."
1637715,OKUR,"OnKure Therapeutics, Inc."
1805833,SST,"System1, Inc."
1891944,PMEC,Primech Holdings Ltd
56701,KOSS,KOSS CORP
1210708,STRR,"Star Equity Holdings, Inc."
1578348,ICMB,"Investcorp Credit Management BDC, Inc."
1982448,BLIV,BeLive Holdings
911216,PTNT,PALATIN TECHNOLOGIES INC
1442236,QRHC,Quest Resource Holding Corp
1355848,TOON,"Kartoon Studios, Inc."
1696558,JRSH,"Jerash Holdings (US), Inc."
1882464,MSSAF,Metal Sky Star Acquisition Corp
1538495,ETST,"Earth Science Tech, Inc."
1841209,HOLO,MicroCloud Hologram Inc.
1924482,IBG,Innovation Beverage Group Ltd
1419951,DTST,Data Storage Corp
1997296,MDCX,Medicus Pharma Ltd.
1512922,PETV,"PetVivo Holdings, Inc."
1733294,GBIO,Generation Bio Co.
2011954,TWNP,Twin Hospitality Group Inc.
2020228,MSGY,Masonglory Ltd
1846084,JETMF,Global Crossing Airlines Group Inc.
1500198,NMTC,NEUROONE MEDICAL TECHNOLOGIES Corp
1432588,BHSIF,BAYHORSE SILVER INC.
1005101,MGLD,"Marygold Companies, Inc."
1681348,VVPR,VivoPower International PLC
1889106,ATMC,ALPHATIME ACQUISITION CORP
1780731,EPOW,"Sunrise New Energy Co., Ltd."
880984,ACFN,"ACORN ENERGY, INC."
1096296,RITE,MINERALRITE Corp
2038378,ACCL,Acco Group Holdings Ltd
1297341,KFFB,Kentucky First Federal Bancorp
1509302,VTYB,Victory Bancorp Inc
1737339,JG,Aurora Mobile Ltd
1787297,PASG,"Passage BIO, Inc."
716634,RDI,READING INTERNATIONAL INC
1665300,PHUN,"Phunware, Inc."
1848275,TOP,TOP Financial Group Ltd
1088034,USIO,"Usio, Inc."
1522767,MRMD,MARIMED INC.
1873454,RYET,Ruanyun Edai Technology Inc.
1847986,DFLI,Dragonfly Energy Holdings Corp.
1869467,SVRN,OceanPal Inc.
1819438,GWH,"ESS Tech, Inc."
1714562,GAME,"GameSquare Holdings, Inc."
1800315,GLTO,"Galecto, Inc."
1992500,LRRIF,Lion Rock Resources Inc.
1009922,NSFDF,NXT Energy Solutions Inc.
2037786,USREF,Tactical Resources Corp.
1963088,ATCH,"AtlasClear Holdings, Inc."
1731388,EDRY,EuroDry Ltd.
829323,INUV,"Inuvo, Inc."
1499780,GLBS,GLOBUS MARITIME LTD
843006,ACCS,ACCESS Newswire Inc.
1683408,CNOBF,Rocky Shore Gold Ltd.
1560258,ECOR,"electroCore, Inc."
1039280,NTWK,NETSOL TECHNOLOGIES INC
1835385,MBBC,"Marathon Bancorp, Inc. /MD/"
1081745,INLX,"INTELLINETICS, INC."
1643715,LISMF,LITHIUM SOUTH DEVELOPMENT Corp
880406,HERZ,"Herzfeld Credit Income Fund, Inc"
1712178,NAAS,NaaS Technology Inc.
1532390,WTER,ALKALINE WATER Co INC
912061,NHTC,NATURAL HEALTH TRENDS CORP
1754323,XTKG,"X3 Holdings Co., Ltd."
921299,FGEN,FIBROGEN INC
8504,UAVS,AgEagle Aerial Systems Inc.
908259,OTLC,"Oncotelic Therapeutics, Inc."
1859035,MCAG,Mountain Crest Acquisition Corp. V
1410738,VPLM,Voip-pal.com Inc
1751707,UNXP,OZ VISION INC.
1877971,POM,POMDOCTOR Ltd
1392694,SURG,"SurgePays, Inc."
1422532,RKHNF,ROCKHAVEN RESOURCES LTD
1679628,JUNS,"JUPITER NEUROSCIENCES, INC."
1437750,TRXA,T-REX Acquisition Corp.
1720893,BTAI,"BioXcel Therapeutics, Inc."
1369290,MYO,"MYOMO, INC."
1838716,GNTA,Genenta Science S.p.A.
1912966,RGNT,REGENTIS BIOMATERIALS LTD.
1729637,KARX,Karbon-X Corp.
1567900,BLBX,BLACKBOXSTOCKS INC.
1946399,LSBCF,"LakeShore Biopharma Co., Ltd."
1828972,BZFD,"BuzzFeed, Inc."
1698530,XCUR,"EXICURE, INC."
1983550,TDTH,Trident Digital Tech Holdings Ltd
933972,SCWO,374Water Inc.
90168,SIF,SIFCO INDUSTRIES INC
1424864,RYES,Rise Gold Corp.
1837821,ZJYL,Jin Medical International Ltd.
1807389,CPOP,"Pop Culture Group Co., Ltd"
863894,VERU,VERU INC.
2012600,RYOJ,"rYojbaba Co., Ltd."
1339005,FEMY,FEMASYS INC
1871983,ANGH,Anghami Inc
1295514,MDWK,"MDWerks, Inc."
1846715,WAVE,Eco Wave Power Global AB (publ)
1643154,ITHUF,"iANTHUS CAPITAL HOLDINGS, INC."
1760233,GIFT,"GIFTIFY, INC."
1213809,DYAI,DYADIC INTERNATIONAL INC
1785494,WBQNL,Woodbridge Liquidation Trust
1724009,PRT,PermRock Royalty Trust
1763950,LTRN,Lantern Pharma Inc.
1288268,IMTCF,Intrepid Metals Corp.
81955,RAND,RAND CAPITAL CORP
1539850,STCB,"Starco Brands, Inc."
1738827,KLXE,"KLX Energy Services Holdings, Inc."
1653909,BIRD,"Allbirds, Inc."
1840233,XLO,"Xilio Therapeutics, Inc."
2063863,ELWT,"Elauwit Connection, Inc."
1918151,RGCCF,Relevant Gold Corp.
1886894,SNAL,"Snail, Inc."
1826892,BCAB,"BioAtla, Inc."
1957489,ABLV,Able View Global Inc.
1083522,JSDA,JONES SODA CO.
2044327,CFND,C1 Fund Inc.
101594,USEG,US ENERGY CORP
1275158,NDLS,NOODLES & Co
1378950,PRTS,"CarParts.com, Inc."
1934642,MDBH,"MDB Capital Holdings, LLC"
1041024,RMTI,"ROCKWELL MEDICAL, INC."
2013807,FOXX,Foxx Development Holdings Inc.
1753162,FTHM,Fathom Holdings Inc.
1158172,SCOR,"COMSCORE, INC."
1742927,RVPH,"REVIVA PHARMACEUTICALS HOLDINGS, INC."
1649009,CHAI,"Core AI Holdings, Inc."
1649739,BAFN,BayFirst Financial Corp.
1837493,IINN,Inspira Technologies OXY B.H.N. Ltd
1831523,SFCO,Southern Financial Corp
867840,POCI,"PRECISION OPTICS CORPORATION, INC."
1802457,ORGN,"Origin Materials, Inc."
1840317,VEEA,VEEA INC.
1843724,LNZA,"LanzaTech Global, Inc."
1758124,CNTMF,Fluent Corp.
61004,LGL,LGL GROUP INC
1038277,INIS,INTERNATIONAL ISOTOPES INC
1821468,YQ,17 Education & Technology Group Inc.
1971115,RYDE,Ryde Group Ltd
1752828,CELU,Celularity Inc
1563665,HRGN,"Harvard Apparatus Regenerative Technology, Inc."
1839140,RVRC,Revium Rx.
34563,FARM,FARMER BROTHERS CO
1335105,LIXT,"LIXTE BIOTECHNOLOGY HOLDINGS, INC."
93314,VNRX,VOLITIONRX LTD
1729653,STLNF,Stallion Uranium Corp.
1866226,WTMA,Welsbach Technology Metals Acquisition Corp.
1449349,RDGL,VIVOS INC
1880438,ANTX,"AN2 Therapeutics, Inc."
754811,GROW,U S GLOBAL INVESTORS INC
1427901,GDSRF,Gold Strike Resources Corp.
1872525,SWAG,"Stran & Company, Inc."
1574094,RNXT,"RenovoRx, Inc."
1785530,HOWL,"Werewolf Therapeutics, Inc."
1903392,CLRCF,ClimateRock
1935418,FMST,Foremost Clean Energy Ltd.
1967822,CGTL,Creative Global Technology Holdings Ltd
1854572,IZM,ICZOOM Group Inc.
1544770,BONXF,BONTERRA RESOURCES INC.
1998056,PC,Premium Catering (Holdings) Ltd
1785424,KPLT,"Katapult Holdings, Inc."
1420565,RNTX,"Rein Therapeutics, Inc."
1770088,WIMI,WiMi Hologram Cloud Inc.
833021,CIF,MFS INTERMEDIATE HIGH INCOME FUND
1391933,QNTO,"QUAINT OAK BANCORP, INC."
1491434,SEOVF,SERNOVA CORP.
719733,KTCC,KEY TRONIC CORP
1877778,TTIPF,"Thiogenesis Therapeutics, Corp."
1084267,MOBQ,"Mobiquity Technologies, Inc."
1831979,SDST,Stardust Power Inc.
58361,LEE,"LEE ENTERPRISES, Inc"
914139,PRKR,PARKERVISION INC
1566073,PGZFF,Pan Global Resources Inc.
839087,VASO,VASO Corp
1937441,AMBI,Ambipar Emergency Response
1065078,NTIP,"NETWORK-1 TECHNOLOGIES, INC."
1620463,ATHA,"Athira Pharma, Inc."
1527038,BZDLF,KINCORA COPPER LTD
1123494,HBIO,HARVARD BIOSCIENCE INC
1275477,BMNM,"BIMINI CAPITAL MANAGEMENT, INC."
1297937,PRKA,"PARKS AMERICA, INC"
1966750,ZBAO,Zhibao Technology Inc.
1776738,CBSTF,Cannabist Co Holdings Inc.
351998,DAIO,DATA I/O CORP
1786318,IBATF,INTERNATIONAL BATTERY METALS LTD.
25895,CRWS,CROWN CRAFTS INC
1434524,CLIR,ClearSign Technologies Corp
1674440,YYAI,AIRWA INC.
1708527,ELUT,ELUTIA INC.
1640043,PXS,Pyxis Tankers Inc.
1753673,SJ,Scienjoy Holding Corp
1862150,CING,Cingulate Inc.
1946021,HSPOF,Horizon Space Acquisition I Corp.
1990950,SELX,Semilux International Ltd.
1993463,YSXT,"YSX Tech Co., Ltd"
1820025,RDGMF,Ridgeline Minerals Corp
1489300,ZLME,Zhanling International Ltd
87050,NEON,Neonode Inc.
1657214,ILAL,International Land Alliance Inc.
1682639,HYPD,"HYPERION DEFI, INC."
315958,CRMZ,CREDITRISKMONITOR COM INC
1726159,USGDF,AMERICAN PACIFIC MINING CORP
1711141,LEEEF,Leef Brands Inc.
1739410,RLYB,Rallybio Corp
1841330,KTTA,Pasithea Therapeutics Corp.
1095146,ABIT,Athena Bitcoin Global
1828185,BRNS,Barinthus Biotherapeutics plc.
1398805,BEEM,Beam Global
1778982,HUIZ,Huize Holding Ltd
1567663,ATCMF,ATICO MINING Corp
101295,UG,UNITED GUARDIAN INC
1232582,AHT,ASHFORD HOSPITALITY TRUST INC
1368845,TKRFF,TINKA RESOURCES Ltd
1005516,BOSC,BOS BETTER ONLINE SOLUTIONS LTD
1954269,GSIW,Garden Stage Ltd
1993400,FATN,Fatpipe Inc/UT
1771885,QNTM,Quantum Biopharma Ltd.
899782,NOM,NUVEEN MISSOURI QUALITY MUNICIPAL INCOME FUND
1110607,KLNG,"Koil Energy Solutions, Inc."
1645460,CUE,"Cue Biopharma, Inc."
1437517,CLOQ,"CYBERLOQ TECHNOLOGIES, INC."
862692,CCEL,CRYO CELL INTERNATIONAL INC
1999860,WYHG,Wing Yip Food Holdings Group Ltd
721693,CREG,Smart Powerr Corp.
1158780,PLUR,Pluri Inc.
1089815,EHSI,Elite Health Systems Inc.
1071840,WNDW,"SolarWindow Technologies, Inc."
1074871,MODD,"Modular Medical, Inc."
2027160,VNTG,Vantage Corp (Singapore)
1869601,EMCGF,Embrace Change Acquisition Corp.
1415397,RAPH,Raphael Pharmaceutical Inc.
1356093,CREX,"CREATIVE REALITIES, INC."
2049187,KMRK,K-TECH SOLUTIONS CO LTD
1854270,SNTI,"Senti Biosciences, Inc."
1370416,WPRT,WESTPORT FUEL SYSTEMS INC.
1530746,KAYS,"Kaya Holdings, Inc."
83350,RSRV,RESERVE PETROLEUM CO
1083743,FLUX,"Flux Power Holdings, Inc."
1709819,FEDU,Four Seasons Education (Cayman) Inc.
1883437,EPSM,Epsium Enterprise Ltd
926617,AWHL,Aspira Women's Health Inc.
1782303,BOLD,"Boundless Bio, Inc."
1965143,NVNI,Nvni Group Ltd
2004024,LHSW,Lianhe Sowell International Group Ltd
1178253,SCYX,SCYNEXIS INC
1385818,AYTU,"AYTU BIOPHARMA, INC"
1481241,PSHG,Performance Shipping Inc.
2029138,SAGT,SAGTEC GLOBAL Ltd
1507957,IPWR,Ideal Power Inc.
1571934,TAOX,TAO Synergies Inc.
1411685,VTGN,"Vistagen Therapeutics, Inc."
1326205,IGC,"IGC Pharma, Inc."
797465,STLY,"HG Holdings, Inc."
2000756,KWM,K Wave Media Ltd.
1401914,DARE,"Dare Bioscience, Inc."
900391,NTZ,NATUZZI S P A
1602842,MOGO,Orion Digital Corp.
1999297,DSY,Big Tree Cloud Holdings Ltd
1387473,TIGCF,Triumph Gold Corp.
1630176,HYEX,HEALTHY EXTRACTS INC.
2011458,ZGM,Zenta Group Co Ltd
1620678,ANPCY,ANGLE plc
1995116,RECT,Rectitude Holdings Ltd.
1113313,AVNI,ARVANA INC
867038,SPND,SPINDLETOP OIL & GAS CO
1686000,JGLDF,Japan Gold Corp.
1853044,AERT,"Aeries Technology, Inc."
1879848,PEVM,PHOENIX MOTOR INC.
1419336,APAAF,Appia Rare Earths & Uranium Corp.
1017655,PAYD,PAID INC
1420529,AACG,ATA Creativity Global
1842138,WRPT,ULIXE CORP.
1995075,MGN,Megan Holdings Ltd.
1967656,PFSB,"PFS Bancorp, Inc."
2078149,VRHI,"Veri MedTech Holdings, Inc."
1807689,FCCI,"FAST CASUAL CONCEPTS, INC."
1056285,TBHC,"BRAND HOUSE COLLECTIVE, INC."
1567264,INTS,"INTENSITY THERAPEUTICS, INC."
1784970,NXTT,Next Technology Holding Inc.
1879001,VRSSF,Verses AI Inc.
1621906,WSTRF,Western Uranium & Vanadium Corp.
830616,SCIA,"SCI Engineered Materials, Inc."
1899005,BMR,Beamr Imaging Ltd.
1379006,NNVC,"NANOVIRICIDES, INC."
2032755,PFAI,Pinnacle Food Group Ltd
1446159,AGPU,Axe Compute Inc.
779544,ARKR,ARK RESTAURANTS CORP
1781446,GAUZ,Gauzy Ltd.
1030471,UTSI,UTSTARCOM HOLDINGS CORP.
1140215,REED,"REED'S, INC."
1516551,SKYE,"Skye Bioscience, Inc."
1462223,NIXX,"Nixxy, Inc."
1724542,CLPS,CLPS Inc
1687451,ZKIN,"ZK International Group Co., Ltd."
1650696,LSF,"Laird Superfood, Inc."
1861479,BRYGF,Terra Rossa Gold Ltd.
1972529,BTOC,Armlogi Holding Corp.
1106213,SFRX,SEAFARER EXPLORATION CORP
1742195,ROMJF,Rubicon Organics Inc.
315545,PVCT,"PROVECTUS BIOPHARMACEUTICALS, INC."
312257,IVFH,INNOVATIVE FOOD HOLDINGS INC
1948294,NWGL,CL Workshop Group Ltd
1119083,MNDO,MIND CTI LTD
1844971,GREE,Greenidge Generation Holdings Inc.
1858007,GDST,Goldenstone Acquisition Ltd.
1759546,NRDE,NU RIDE INC.
1990251,WCT,Wellchange Holdings Co Ltd
1677897,UPYY,UPAY
1866838,IGTA,Inception Growth Acquisition Ltd
1817511,SOPA,SOCIETY PASS INCORPORATED.
736012,INTZ,INTRUSION INC
946563,RVP,RETRACTABLE TECHNOLOGIES INC
1823466,NOTE,"FiscalNote Holdings, Inc."
1863990,MSAI,"MultiSensor AI Holdings, Inc."
1948436,JL,J-Long Group Ltd
2040290,LGPS,LOGPROSTYLE INC.
1991332,MKDW,MKDWELL Tech Inc.
1300317,ECRO,ECC Capital CORP
1740279,INAB,"IN8BIO, INC."
1875091,NRSN,NeuroSense Therapeutics Ltd.
1355839,IPM,INTELLIGENT PROTECTION MANAGEMENT CORP.
50292,IEHC,IEH Corp
1549084,EKSO,"EKSO BIONICS HOLDINGS, INC."
1879293,MMCP,"Mag Mile Capital, Inc."
2099188,SPEX,Spectre Acquisition Corp
1265521,PMHS,"Polomar Health Services, Inc."
45919,HHS,HARTE HANKS INC
1832487,GUER,"Guerrilla RF, Inc."
1738906,YI,"111, Inc."
1595527,NYC,American Strategic Investment Co.
1007019,JVA,COFFEE HOLDING CO INC
787253,NAII,NATURAL ALTERNATIVES INTERNATIONAL INC
909724,TLF,TANDY LEATHER FACTORY INC
1548958,BBBXF,Brixton Metals Corp
2021688,UFG,Uni-Fuels Holdings Ltd
2006986,ADGM,"Adagio Medical Holdings, Inc."
1901931,KLGDD,Kalo Gold Corp.
1787803,WNW,Meiwu Technology Co Ltd
855683,MLSS,MILESTONE SCIENTIFIC INC.
40570,JOB,GEE Group Inc.
766792,CVV,CVD EQUIPMENT CORP
1888980,LRE,"LEAD REAL ESTATE CO., LTD"
1133116,ACPS,"AC Partners, Inc."
2041829,CHOW,ChowChow Cloud International Holdings Ltd
793306,BDCO,BLUE DOLPHIN ENERGY CO
1720553,PHNMF,Phenom Resources Corp.
1803977,LIMX,Limitless X Holdings Inc.
1777319,CISO,"CISO Global, Inc."
1580490,IONI,I-ON Digital Corp.
1843588,REE,REE Automotive Ltd.
1907223,KLTO,"Klotho Neurosciences, Inc."
1861063,AQUC,Aquaron Acquisition Corp.
1562733,SNYR,Synergy CHC Corp.
1296484,TOPS,TOP SHIPS INC.
1191070,NEUP,Neuphoria Therapeutics Inc.
1723047,VAUCF,Viva Gold Corp.
1311673,YTFD,"Yale Transaction Finders, Inc."
925779,HIRU,HIRU Corp
1944902,OMH,Ohmyhome Ltd
1382574,SCNX,"Scienture Holdings, Inc."
1948697,SPPL,SIMPPLE LTD.
722313,NSYS,NORTECH SYSTEMS INC
1527728,LNAI,Lunai Bioworks Inc.
1894525,APUS,"Apimeds Pharmaceuticals US, Inc."
1672571,AAQL,Antiaging Quantum Living Inc.
1945138,ZEFIF,Zefiro Methane Corp.
1117057,PLAG,Planet Green Holdings Corp.
1819493,XOS,"Xos, Inc."
1718939,IDAI,T Stamp Inc
1708599,SER,"Serina Therapeutics, Inc."
2030834,ONEG,OneConstruction Group Ltd
1409036,TARSF,Silver North Resources Ltd.
1589061,GYRO,"Gyrodyne, LLC"
1969401,LGCB,Linkage Global Inc
66418,MXC,MEXCO ENERGY CORP
1817740,AUST,Austin Gold Corp.
1909770,KHOB,KHEOBA CORP.
1467761,FIEE,"FiEE, Inc."
1509646,FENG,Phoenix New Media Ltd
1415744,NMEX,NORTHERN MINERALS & EXPLORATION LTD.
1720161,CTRM,Castor Maritime Inc.
1502557,KPEA,Kun Peng International Ltd.
1708441,MYND,"Mynd.ai, Inc."
1261002,GNOLF,GENOIL INC
878932,EQS,"EQUUS TOTAL RETURN, INC."
1944399,ELWS,"Earlyworks Co., Ltd."
1792941,GNVR,Genvor Inc
2001288,PN,Skycorp Solar Group Ltd
1006045,IRIX,IRIDEX CORP
1090396,TBTC,TABLE TRAC INC
1854445,VRAR,"Glimpse Group, Inc."
1854526,BRQL,BrooQLy Inc.
1866460,MILIF,Military Metals Corp.
1310488,BFNH,"BIOFORCE NANOSCIENCES HOLDINGS, INC."
1638287,MTVA,MetaVia Inc.
2072421,SNNF,"Seneca Bancorp, Inc."
747540,SPRS,SURGE COMPONENTS INC
1427570,HIND,"Vyome Holdings, Inc"
1743905,RVSN,Rail Vision Ltd.
720154,NOTV,"Inotiv, Inc."
1566044,VYNE,VYNE Therapeutics Inc.
1862463,AMOD,"ALPHA MODUS HOLDINGS, INC."
1094038,MRKR,"Marker Therapeutics, Inc."
1015647,AAUAF,ALMADEN MINERALS LTD
1843165,YHC,LQR House Inc.
1799290,EBON,Ebang International Holdings Inc.
1524769,CHKR,CHESAPEAKE GRANITE WASH TRUST
2032779,EHLD,Euroholdings Ltd.
1840877,COCH,"Envoy Medical, Inc."
1722731,FDCT,"FDCTECH, INC."
1477960,CCTC,Catalyst Crew Technologies Corp.
1874097,CYN,Cyngn Inc.
1678105,CAHO,Caro Holdings Inc.
1004989,SGRP,"SPAR Group, Inc."
1875609,SWVL,Swvl Holdings Corp
1282224,DLPN,"Dolphin Entertainment, Inc."
1941158,WETO,Webus International Ltd.
25743,TXMD,"TherapeuticsMD, Inc."
1487718,BLTH,"AMERICAN BATTERY MATERIALS, INC."
1713923,AIJTY,Jianpu Technology Inc.
352955,CKX,"CKX LANDS, INC."
1790607,EMGDF,Eminent Gold Corp.
20639,ABCP,AmBase Corp
1085921,MMTIF,MICROMEM TECHNOLOGIES INC
1350102,ASTI,"Ascent Solar Technologies, Inc."
1703292,KNDYF,KENADYR METALS CORP
1726906,KCCFF,Kutcho Copper Corp.
1282648,BATL,BATTALION OIL CORP
1474167,COSM,Cosmos Health Inc.
1978811,GOVB,"Gouverneur Bancorp, Inc./MD/"
1916416,INTJ,Intelligent Group Ltd
1425061,ZCRMF,ZINCORE METALS INC
1832161,VIPZ,"VIP Play, Inc."
1493130,MAPPF,PROSTAR HOLDINGS INC. /BC
1847345,ASBP,"Aspire Biopharma Holdings, Inc."
1943444,TRSG,Tungray Technologies Inc
1572386,GWTI,"GREENWAY TECHNOLOGIES, INC. & SUBSIDIARIES"
1716166,VVOS,"Vivos Therapeutics, Inc."
1928722,INIKF,PopReach Corp
919567,RCG,"RENN Fund, Inc."
1537317,IEGCF,Independence Gold Corp.
1435064,CETX,CEMTREX INC
1519061,TSE,Trinseo PLC
1631487,CLGN,CollPlant Biotechnologies Ltd
1746119,VGES,Vanguard Green Investment Ltd
1892316,LDDD,Longduoduo Co Ltd
1958399,HCAI,"Huachen AI Parking Management Technology Holding Co., Ltd"
1557376,ZEOX,"Zeo ScientifiX, Inc."
872699,KDKGF,KLONDIKE GOLD CORP /FI
1616262,RMCF,"Rocky Mountain Chocolate Factory, Inc."
1061612,JPOTF,Jackpot Digital Inc.
1179821,BGI,BIRKS GROUP INC.
1178526,VERTF,Vertiqal Studios Corp.
1096275,WKSP,Worksport Ltd
1847075,SAIH,SAIHEAT Ltd
1947210,ROLR,"High Roller Technologies, Inc."
1743971,MOGU,MOGU Inc.
1860657,ALLR,"Allarity Therapeutics, Inc."
1597846,GRNQ,Greenpro Capital Corp.
2020027,CLIK,Click Holdings Ltd.
1419793,OCLN,"ORIGINCLEAR, INC."
2030522,MWYN,"Marwynn Holdings, Inc."
1546853,SKKY,"Skkynet Cloud Systems, Inc."
1842556,EONR,EON Resources Inc.
1438943,RNGE,"RANGE IMPACT, INC."
1105101,GIGM,GIGAMEDIA Ltd
2027262,FTRK,Fast Track Group
1472072,CCM,Concord Medical Services Holdings Ltd
1527613,IMG,CIMG Inc.
2009233,AGRZ,Agroz Inc.
1138476,PFHO,PACIFIC HEALTH CARE ORGANIZATION INC
1321834,QCLS,"Q/C TECHNOLOGIES, INC."
1169034,BHV,BLACKROCK VIRGINIA MUNICIPAL BOND TRUST
1712294,CPIVF,CAPTIVA VERDE WELLNESS CORP.
1688126,CRCW,Crypto Co
1103833,CRWE,"Crown Equity Holdings, Inc."
1971387,LIMN,"Liminatus Pharma, Inc."
1948099,MTEN,Mingteng International Corp Inc.
797542,VBIX,Viewbix Inc.
1855467,MOBX,"MOBIX LABS, INC"
320017,LSTA,"LISATA THERAPEUTICS, INC."
1937453,NIOMF,First American Uranium Inc.
888981,NNUP,NOCOPI TECHNOLOGIES INC/MD/
1967306,MSBB,"Mercer Bancorp, Inc."
1816815,BON,Bon Natural Life Ltd
1506251,CTXR,"Citius Pharmaceuticals, Inc."
1821175,MSGM,Motorsport Games Inc.
1659323,ITRM,Iterum Therapeutics plc
1755101,ALDS,APPlife Digital Solutions Inc
1791725,HUDI,"Huadi International Group Co., Ltd."
1826660,WETH,Wetouch Technology Inc.
1937993,CVKD,"Cadrenal Therapeutics, Inc."
1919191,ITHR,"Intelithrive, Inc."
314227,TOMZ,"TOMI Environmental Solutions, Inc."
1709628,CSAI,"CLOUDASTRUCTURE, INC."
1968043,NCEW,New Century Logistics (BVI) Ltd
1988634,POWMF,Power Metal Resources PLC
1056358,MTEX,MANNATECH INC
1666782,IRVRF,Irving Resources Inc.
1604191,GRDX,GridAI Technologies Corp.
1873093,GDTC,CytoMed Therapeutics Ltd
1304409,AHNRF,ATHENA GOLD CORP
1912847,USEA,United Maritime Corp
1066923,FTFT,Future FinTech Group Inc.
1996192,LSH,Lakeside Holding Ltd
1088413,GLGI,"GREYSTONE LOGISTICS, INC."
1954594,HAO,Haoxi Health Technology Ltd
1812173,RBOT,Vicarious Surgical Inc.
1432364,AZULQ,AZUL SA
1996210,BLMH,"BLUM HOLDINGS, INC."
1735556,BTOG,BIT ORIGIN Ltd
1711786,HOTH,"Hoth Therapeutics, Inc."
1348362,LEXX,Lexaria Bioscience Corp.
1605481,NGLD,Nevada Canyon Gold Corp.
1819704,MRM,Medirom Healthcare Technologies Inc.
1821806,LESL,"Leslie's, Inc."
1122020,PCSV,"PCS Edventures!, Inc."
1916241,PRZO,ParaZero Technologies Ltd.
1837607,AEON,"AEON Biopharma, Inc."
2034400,BTTC,Black Titan Corp
838875,WVVI,WILLAMETTE VALLEY VINEYARDS INC
1964979,ALUR,"ALLURION TECHNOLOGIES, INC."
1844392,MRAI,"Marpai, Inc."
1603793,NRIS,"Norris Industries, Inc."
1816133,FRECF,Frequency Exchange Corp.
1532286,NINE,"Nine Energy Service, Inc."
1858400,GIDMF,Golden Independence Mining Corp.
1381074,RTCJF,Baijiayun Group Ltd
1958777,FBLG,"FibroBiologics, Inc."
1926792,SFHG,SAMFINE CREATION HOLDINGS GROUP Ltd
1788230,IPST,"Heritage Distilling Holding Company, Inc."
1708341,AGAE,Allied Gaming & Entertainment Inc.
1269026,SINT,"Sintx Technologies, Inc."
1411690,BNGO,"Bionano Genomics, Inc."
1447380,MFON,MOBIVITY HOLDINGS CORP.
888721,TRIB,TRINITY BIOTECH PLC
1962011,KAPA,"Kairos Pharma, LTD."
1957001,FEBO,Fenbo Holdings Ltd
1374339,PMN,ProMIS Neurosciences Inc.
1758057,LAZR,"Luminar Technologies, Inc./DE"
1009891,AIRI,AIR INDUSTRIES GROUP
1849221,PMNT,Perfect Moment Ltd.
1981519,MMA,MIXED MARTIAL ARTS GROUP LTD
1420049,COPAF,COPAUR MINERALS INC.
1716338,PT,Pintec Technology Holdings Ltd
1288614,KRTL,KRTL Holding Group Inc
1689448,LILIF,Argentina Lithium & Energy Corp.
1840425,OSRH,"OSR Holdings, Inc."
351789,ELSE,ELECTRO SENSORS INC
1780201,LVLU,"Lulu's Fashion Lounge Holdings, Inc."
1376793,CVAT,"Cavitation Technologies, Inc."
2025218,DLXY,Delixy Holdings Ltd
1697532,APLT,"Applied Therapeutics, Inc."
1959994,COOT,Australian Oilseeds Holdings Ltd
1964314,JBDI,JBDI Holdings Ltd
1782309,EDTK,Skillful Craftsman Education Technology Ltd
1621832,AQMS,"Aqua Metals, Inc."
1192323,SPST,Superstar Platforms Inc.
1371782,MVO,MV Oil Trust
1096938,UEEC,"United Health Products, Inc."
1498148,AITX,Artificial Intelligence Technology Solutions Inc.
1960847,TOPP,Toppoint Holdings Inc.
1544227,TPST,"Tempest Therapeutics, Inc."
1307579,LIQT,LIQTECH INTERNATIONAL INC
1058307,NXPL,NextPlat Corp
1969928,TJGC,TJGC GROUP Ltd
1928345,CSRIF,LEVEL 14 VENTURES LTD.
1903995,MGIH,Millennium Group International Holdings Ltd
10048,BRN,BARNWELL INDUSTRIES INC
1760903,BNKK,"BONK, INC."
1785566,ZCMD,Zhongchao Inc.
1568183,AUIAF,AURANIA RESOURCES LTD.
1743340,TC,Token Cat Ltd
2013320,ELOG,Eastern International Ltd.
948708,SMSI,"SMITH MICRO SOFTWARE, INC."
1304161,PBSV,"Pharma-Bio Serv, Inc."
1610820,BCTX,BriaCell Therapeutics Corp.
744825,AMS,AMERICAN SHARED HOSPITAL SERVICES
1654595,MDRR,"Medalist Diversified REIT, Inc."
1637147,ZSPC,"zSpace, Inc."
1941500,MWG,Multi Ways Holdings Ltd
1938186,JYD,Jayud Global Logistics Ltd
1527702,IQST,iQSTEL Inc
1101433,QMCI,QUOTEMEDIA INC
812796,SNGX,"SOLIGENIX, INC."
1412486,COCP,"Cocrystal Pharma, Inc."
1544883,WLFFF,Wolfden Resources Corp
1352952,CNFN,CFN Enterprises Inc.
1829802,SNSE,"Sensei Biotherapeutics, Inc."
1836503,BFGFF,GIANT MINING CORP.
1310630,CFOO,China Foods Holdings Ltd.
19871,CVR,CHICAGO RIVET & MACHINE CO
1398453,XIN,"Xinyuan Real Estate Co., Ltd."
1022505,SDCH,"SideChannel, Inc."
1638911,DUKR,DUKE Robotics Corp.
925741,BCDA,"BioCardia, Inc."
924168,EFOI,"ENERGY FOCUS, INC/DE"
1864597,TINFF,Tincorp Metals Inc.
1912582,AIEV,"Thunder Power Holdings, Inc."
1534154,AUID,authID Inc.
1962738,CASI,"CASI Pharmaceuticals, Inc."
1319150,PBMLF,Pacific Booker Minerals Inc.
1468929,NXGL,"NEXGEL, INC."
1527599,SYBX,"SYNLOGIC, INC."
1938534,FBGL,FBS Global Ltd
1850767,ACUT,Accustem Sciences Inc.
845819,KTEL,"KonaTel, Inc."
1463978,BKUCF,BLUE SKY URANIUM CORP.
1498403,BLRX,BioLineRx Ltd.
1836242,TKLF,"Tokyo Lifestyle Co., Ltd."
1956166,MSW,Ming Shing Group Holdings Ltd
1552670,TAOP,Taoping Inc.
1983324,RMSG,Real Messenger Corp
825324,GTIM,Good Times Restaurants Inc.
1108205,CRIS,CURIS INC
1002366,REVFF,Gitennes Exploration Inc.
1644903,YCBD,"cbdMD, Inc."
1905660,HUBC,Hub Cyber Security Ltd.
2020737,CABR,"Caring Brands, Inc."
1517496,SLAI,SOLAI Ltd
1279704,CLRB,"Cellectar Biosciences, Inc."
1896752,SABOF,Sabio Holdings Inc.
2033770,DAIC,"CID Holdco, Inc."
1896425,LBGJ,Li Bang International Corp Inc.
1406944,TRBMF,TORQ RESOURCES INC.
1838163,BNAI,Brand Engagement Network Inc.
1619096,SNTW,Summit Networks Inc.
1593184,BRGX,"BIOREGENX, INC."
1346610,SOS,SOS Ltd
1796514,BTCT,BTC Digital Ltd.
1558924,PKKFF,Tenet Fintech Group Inc.
1333822,LEDS,SemiLEDs Corp
82473,IHT,INNSUITES HOSPITALITY TRUST
1848782,PLCKF,Plurilock Security Inc.
1914805,BANL,CBL International Ltd
1864055,ABTS,Abits Group Inc
1756180,NCRA,"NOCERA, INC."
1971828,ENGS,Energys Group Ltd
1804469,GFAI,"Guardforce AI Co., Ltd."
1068897,FXBY,FOXBY CORP.
1985337,YYGH,YY Group Holding Ltd.
1671502,QNRX,"Quoin Pharmaceuticals, Ltd."
1864531,VSEE,"VSEE HEALTH, INC."
1472466,LPSIF,LEGEND POWER SYSTEMS INC.
1398713,URZEF,URZ3 ENERGY CORP.
7623,ARTW,ARTS WAY MANUFACTURING CO INC
862022,HGTXU,HUGOTON ROYALTY TRUST
1707919,CENN,Cenntro Inc.
102109,UUU,"UNIVERSAL SAFETY PRODUCTS, INC."
1254435,PEXZF,PACIFIC RIDGE EXPLORATION LTD
1371128,NEWH,"NewHydrogen, Inc."
1650287,QYOUF,QYOU Media Inc.
1540159,EDSA,"Edesa Biotech, Inc."
1919776,LDDFF,"LIBERTY DEFENSE HOLDINGS, LTD."
803578,AIFF,"FIREFLY NEUROSCIENCE, INC."
1817083,ELECF,Electric Royalties Ltd.
749647,IMNN,"Imunon, Inc."
1070050,APCX,AppTech Payments Corp.
1959726,AZI,Autozi Internet Technology (Global) Ltd.
1828098,STKH,Steakholder Foods Ltd.
1533040,PHIO,Phio Pharmaceuticals Corp.
1023994,SGBX,SAFE & GREEN HOLDINGS CORP.
1980210,WFF,WF Holding Ltd
1494413,TWOH,Two Hands Corp
1894693,SVRE,SaverOne 2014 Ltd.
1893219,ABP,"Abpro Holdings, Inc."
1850269,ULTHF,United Lithium Corp.
1031093,SVBL,"SILVER BULL RESOURCES, INC."
1940366,USIC,Uncle's Ice Cream
1853599,CCOOF,CORE SILVER CORP.
840715,CLRO,CLEARONE INC
1938046,MGRX,"MANGOCEUTICALS, INC."
1417926,IVF,"INVO Fertility, Inc."
1307926,STSBF,South Star Battery Metals Corp.
31667,EDUC,EDUCATIONAL DEVELOPMENT CORP
1858994,RSMXF,Regency Silver Corp.
1309082,CEIN,"CAMBER ENERGY, INC."
1967478,CAPT,Captivision Inc.
1016504,INBP,INTEGRATED BIOPHARMA INC
1680378,SNES,"SenesTech, Inc."
1771995,APHP,American Picture House Corp
1510964,CVSI,"CV Sciences, Inc."
1864943,FGI,FGI Industries Ltd.
1982012,TLIH,Ten-League International Holdings Ltd
1975940,FLYE,"Fly-E Group, Inc."
1415332,LTUM,Lithium Corp
1721484,LGVN,Longeveron Inc.
1171838,SUND,"Sundance Strategies, Inc."
1349706,TOGI,"TurnOnGreen, Inc."
1735041,GTEC,Greenland Technologies Holding Corp.
1834607,UECXF,Urano Energy Corp.
1820875,CXAI,CXApp Inc.
1560293,TNON,"Tenon Medical, Inc."
1607962,LFWD,Lifeward Ltd.
1677084,GPMTF,GPM Metals Inc.
1735514,OHCFF,Light AI Inc.
1641281,BOLT,"Bolt Biotherapeutics, Inc."
1061069,AWX,AVALON HOLDINGS CORP
2018462,PCLA,PicoCELA Inc.
1505497,BRTX,"BioRestorative Therapies, Inc."
1527352,NXL,"Nexalin Technology, Inc."
1970544,PTHL,Pheton Holdings Ltd
1549631,QURT,"Quarta-Rad, Inc."
1541157,AKTX,Akari Therapeutics Plc
1897532,PASW,"Ping An Biomedical Co., Ltd."
1692415,CODX,"Co-Diagnostics, Inc."
1840416,SSM,Sono Group N.V.
1122993,BMXI,BROOKMOUNT EXPLORATIONS INC
875729,BNET,BION ENVIRONMENTAL TECHNOLOGIES INC
1930179,ARBB,ARB IOT Group Ltd
1750593,DUO,Fangdd Network Group Ltd.
1930419,ALRTF,ALR Technologies SG Ltd.
1963439,TURB,"Turbo Energy, S.A."
1534248,CMMB,Chemomab Therapeutics Ltd.
1378590,BLIN,"Bridgeline Digital, Inc."
1584831,OXBR,OXBRIDGE RE HOLDINGS Ltd
1826376,GSUN,Golden Sun Technology Group Ltd.
1042187,YHGJ,YUNHONG GREEN CTI LTD.
1829247,BFRG,"BullFrog AI Holdings, Inc."
1591956,ANY,Sphere 3D Corp.
1574565,EVGN,Evogene Ltd.
2009714,TMDE,TMD Energy Ltd
2024876,EDHL,Everbright Digital Holding Ltd.
1870600,SBDS,"Solo Brands, Inc."
1868419,CYCU,"Cycurion, Inc."
1610590,MBAI,Check-Cap Ltd
1970743,RMXI,"RMX INDUSTRIES, INC."
1887673,WLDS,Wearable Devices Ltd.
2074123,CCHH,CCH Holdings Ltd
1468492,HSCS,HeartSciences Inc.
1859022,NPRFF,Nepra Foods Inc.
2016337,PTLE,PTL Ltd
1912884,RPGL,Republic Power Group Ltd
1391426,CLNV,Clean Vision Corp
1897245,HWH,HWH International Inc.
1420924,ADTI,"Adapti, Inc."
1874252,MYNZ,MAINZ BIOMED N.V.
1350156,PAXH,PREAXIA HEALTH CARE PAYMENT SYSTEMS INC.
1282980,DROR,"Dror Ortho-Design, Inc."
1782941,TIRX,TIAN RUIXIANG HOLDINGS LTD
1574232,ADXN,Addex Therapeutics Ltd.
748592,ERNA,Ernexa Therapeutics Inc.
1684425,PETZ,"TDH Holdings, Inc."
1779476,KRKR,36Kr Holdings Inc.
1388295,ONEI,OneMeta Inc.
2025942,CURX,Curanex Pharmaceuticals Inc
1872964,MTEK,Maris Tech Ltd.
1905956,TGL,TREASURE GLOBAL INC
1737523,BGLC,BioNexus Gene Lab Corp
1119190,HMBL,"HUMBL, INC."
1994624,STAI,ScanTech AI Systems Inc.
1815128,STTDF,Standard Uranium Ltd.
2036307,OFAL,OFA Group
1026662,CLWT,EURO TECH HOLDINGS CO LTD
1047227,ZTSTF,ZTEST ELECTRONICS INC /FI
2004489,BMGL,Basel Medical Group Ltd
1650196,VCGMF,Visionary Copper & Gold Mines Inc.
1418149,HLRTF,Hillcrest Energy Technologies Ltd.
1470683,AEHL,Antelope Enterprise Holdings Ltd
1673475,GPOX,"GPO Plus, Inc."
1725430,INBS,INTELLIGENT BIO SOLUTIONS INC.
1991592,INLF,INLIF Ltd
2007702,HKPD,"Cellyan Biotechnology Co., Ltd"
1859807,PFSA,"Profusa, Inc."
1099160,BBGI,BEASLEY BROADCAST GROUP INC
1130598,TRAW,"Traws Pharma, Inc."
1826011,BNZI,"Banzai International, Inc."
1174891,GEDC,"CalEthos, Inc."
1803407,OST,"Ostin Technology Group Co., Ltd."
1133519,MCUJF,MEDICURE INC
1593001,NGTF,"NightFood Holdings, Inc."
1083490,SRRE,SUNRISE REAL ESTATE GROUP INC
1969863,SUGP,SU Group Holdings Ltd
1707910,REBN,"Reborn Coffee, Inc."
1065823,FNFI,FIRST NILES FINANCIAL INC
1815021,BQ,Boqii Holding Ltd
1852440,JZ,Jianzhi Education Technology Group Co Ltd
1893645,PLRZ,Polyrizon Ltd.
826253,AUSI,AURA SYSTEMS INC
1169138,GBUX,"GIVBUX, INC."
1580149,BIVI,BIOVIE INC.
1829809,BBBMF,Huntsman Exploration Inc.
1502292,PRHI,"Presurance Holdings, Inc."
1321851,SEED,Origin Agritech LTD
1019742,BRKCF,BARKSDALE RESOURCES CORP.
1575793,WATT,Energous Corp
1783036,NCEL,NewcelX Ltd.
1807166,AMST,Amesite Inc.
2056751,UUUFF,Recharge Resources Ltd.
1734005,APM,Aptorum Group Ltd
1487798,ECTM,ECA Marcellus Trust I
1754180,FGHFF,FORTE GROUP HOLDINGS INC.
1995704,CUPR,Cuprina Holdings (Cayman) LTD
1920092,GELS,Gelteq Ltd
1718224,BTBD,"BT Brands, Inc."
1403870,GARWF,Golden Arrow Resources Corp
1960262,LUDG,"LUDWIG ENTERPRISES, INC."
771999,DSS,"DSS, INC."
1933951,INEO,INNEOVA Holdings Ltd
1630113,BTCY,BIOTRICITY INC.
1855485,CLDI,"Calidi Biotherapeutics, Inc."
1903595,TBH,"Brag House Holdings, Inc."
2024114,TGHL,GrowHub Ltd
109657,GTBP,"GT Biopharma, Inc."
1871181,FOFA,"FAMILY OFFICE OF AMERICA, INC."
62362,MARPS,MARINE PETROLEUM TRUST
2053641,ETS,Elite Express Holding Inc.
1493712,STME,Stimcell Energetics Inc.
1704476,VIZNF,VISIONARY METALS CORP.
2039060,RBNE,Robin Energy Ltd.
1831868,ICU,SeaStar Medical Holding Corp
1884164,KWIK,"KwikClick, Inc."
1557798,CIIT,"Tianci International, Inc."
890394,PRSO,Peraso Inc.
1574235,PULM,"Pulmatrix, Inc."
944075,SCKT,"SOCKET MOBILE, INC."
1936817,HXHX,Haoxin Holdings Ltd
1781162,MNTS,Momentus Inc.
1757143,PAIYY,Aesthetic Medical International Holdings Group Ltd
845385,PIAC,PRINCETON CAPITAL CORP
1652561,DQWS,DSwiss Inc
1627282,CWD,CaliberCos Inc.
313364,MTR,MESA ROYALTY TRUST/TX
1908705,GLE,Global Engine Group Holding Ltd
1448705,BASA,"BASANITE, INC."
1875016,YMAT,"J-Star Holding Co., Ltd."
1892292,MSS,Maison Solutions Inc.
32621,MSN,EMERSON RADIO CORP
1439264,MVNC,Marvion Inc.
885307,JCTC,JEWETT CAMERON TRADING CO LTD
1481504,XERI,"XERIANT, INC."
1014763,AIMD,"Ainos, Inc."
1494558,AMBO,Ambow Education Holding Ltd.
1953988,HLEO,Helio Corp /FL/
2075349,SERPY,Top End Energy Ltd/ADR
1830072,IPW,iPower Inc.
1375348,GLNS,Golden Star Resource Corp.
1524326,ENDMF,Enduro Metals Corp.
1815566,IFBD,"Infobird Co., Ltd"
709005,NROM,NOBLE ROMANS INC
1042418,INTI,"Inhibitor Therapeutics, Inc."
1892322,HTCR,"HeartCore Enterprises, Inc."
1932072,LOBO,LOBO TECHNOLOGIES LTD.
1161814,KIQSF,KELSO TECHNOLOGIES INC
723533,WYGC,Wenyuan Group Corp.
1882559,BVAXF,BioVaxys Technology Corp.
2015691,ELPW,Elong Power Holding Ltd.
1895618,GXAI,GAXOS.AI INC.
1927578,NTCL,NetClass Technology Inc
1743745,GNLN,"Greenlane Holdings, Inc."
1880343,AMZE,"AMAZE HOLDINGS, INC."
1028357,BITTF,BITTERROOT RESOURCES LTD
1939780,UCAR,U Power Ltd
1829538,RLYGF,Riley Gold Corp.
1708160,GPUSF,Alset Capital Inc.
1998560,MIMI,Mint Inc Ltd
34285,RLBY,RELIABILITY INC
1104038,VRME,"VerifyMe, Inc."
1520556,AITTF,TRENCHANT TECHNOLOGIES CAPITAL CORP.
1755058,ZBAI,ATIF Holdings Ltd
1949478,DTCK,DAVIS COMMODITIES Ltd
73290,BMRA,BIOMERICA INC
2034520,GIBO,GIBO HOLDINGS Ltd
832489,GOVX,"GeoVax Labs, Inc."
1907730,YOTA,Yotta Acquisition Corp
1160420,ADIA,"Adia Nutrition, Inc."
1568969,APYP,"APPYEA, INC"
1157075,PMCB,"PharmaCyte Biotech, Inc."
1026785,HIHO,HIGHWAY HOLDINGS LTD
1190370,IVDN,INNOVATIVE DESIGNS INC
1792030,IMCC,IM Cannabis Corp.
1648960,MYSE,"Myseum, Inc."
1508786,SLTN,"SILVERTON ENERGY, INC."
1713979,TRRFF,TRIFECTA GOLD LTD
1372514,KPRX,KIORA PHARMACEUTICALS INC
1546383,JXG,JX Luxventure Group Inc.
1734750,MOVE,Movano Inc.
1107421,TCRT,"Alaunos Therapeutics, Inc."
1509705,NZERF,New Zealand Energy Corp.
1141964,PCMC,PUBLIC CO MANAGEMENT CORP
1550913,MKZR,"MacKenzie Realty Capital, Inc."
1123596,BABB,"BAB, INC."
1414953,MOJO,EQUATOR Beverage Co
1051514,SSKN,"STRATA Skin Sciences, Inc."
1680048,MBIO,"MUSTANG BIO, INC."
1934245,NWTG,"Newton Golf Company, Inc."
894158,TOVX,"Theriva Biologics, Inc."
1976443,SYNX,Silynxcom Ltd.
1621672,SLE,"Super League Enterprise, Inc."
1695295,HYFM,"HYDROFARM HOLDINGS GROUP, INC."
1572236,ELDCF,Electrum Discovery Corp.
1169760,CMGHF,CHAODA MODERN AGRICULTURE HOLDINGS LTD /FI
1879754,EHGO,EShallGo Inc.
1757715,ATER,"Aterian, Inc."
1575858,PUBC,Purebase Corp
1701261,FAMI,"Farmmi, Inc."
1677077,ALZN,"Alzamend Neuro, Inc."
1565146,GULTU,Gulf Coast Ultra Deep Royalty Trust
1500620,BGAVF,Bravada Gold Corp
1443863,BICX,BioCorRx Inc.
1716770,WAFU,Wah Fu Education Group Ltd
1517681,PPCB,"Propanc Biopharma, Inc."
1709626,NCNA,NuCana plc
2041338,TDIC,Dreamland Ltd
2040753,XONI,"Xtreme One Entertainment, Inc."
1659617,MBRX,"Moleculin Biotech, Inc."
1187953,CELZ,"CREATIVE MEDICAL TECHNOLOGY HOLDINGS, INC."
29332,DXYN,DIXIE GROUP INC
856984,USAQ,"QHSLab, Inc."
1614744,PPBT,PURPLE BIOTECH LTD.
1570843,GEBRF,Greenbriar Sustainable Living Inc.
2013792,EWSB,"EWSB Bancorp, Inc. /MD/"
1498710,FLYYQ,"Spirit Aviation Holdings, Inc."
1681682,NDRA,ENDRA Life Sciences Inc.
1898404,REDRF,RED CANYON RESOURCES LTD.
849401,ADMT,"ADM TRONICS UNLIMITED, INC."
1445815,BIXT,"BIOXYTRAN, INC"
1128281,SKAS,"Saker Aviation Services, Inc."
1819794,HTOO,Fusion Fuel Green PLC
1898766,TPET,Trio Petroleum Corp
1660046,IMRN,Immuron Ltd
87802,SCND,SCIENTIFIC INDUSTRIES INC
1590418,FCUV,FOCUS UNIVERSAL INC.
1858685,BFRI,Biofrontera Inc.
1993599,EUEMF,European Energy Metals Corp.
1493137,LCTC,"Lifeloc Technologies, Inc"
1868866,HAMRF,SILVER HAMMER MINING CORP
1770236,MITQ,MOVING iMAGE TECHNOLOGIES INC.
1894954,XPON,Expion360 Inc.
1817760,SMTK,"SmartKem, Inc."
1964946,YAAS,Youxin Technology Ltd
1533743,PCSA,"Processa Pharmaceuticals, Inc."
1661053,NVNO,enVVeno Medical Corp
1603652,ULY,Urgent.ly Inc.
1401835,SRGZ,Star Gold Corp.
1591913,IPSI,"Innovative Payment Solutions, Inc."
1889352,CMHSF,COMPREHENSIVE HEALTHCARE SYSTEMS INC. (CANADA)
1515139,WAST,WASTE ENERGY CORP.
1471727,SRXH,"SRx Health Solutions, Inc."
1941029,ADVB,Advanced Biomed Inc.
1807893,SPFX,"STANDARD PREMIUM FINANCE HOLDINGS, INC."
1997637,IOTR,iOThree Ltd
1829635,RNAZ,"Transcode Therapeutics, Inc."
66496,MMTRS,MILLS MUSIC TRUST
1083220,XELB,"XCel Brands, Inc."
1640384,LMFA,"LM FUNDING AMERICA, INC."
1807616,HIGR,Hi-Great Group Holding Co
1923780,NCL,Northann Corp.
1367083,SNOA,"Sonoma Pharmaceuticals, Inc."
1458057,ORMNF,OREX MINERALS INC
1693687,GLVT,GREENLIT VENTURES INC.
1588084,TANH,TANTECH HOLDINGS LTD
1624326,PAVM,PAVmed Inc.
1907622,ESHSF,Eddy Smart Home Solutions Ltd.
875355,LDWY,"LENDWAY, INC."
1001907,ASTC,ASTROTECH Corp
1106644,CPHI,"CHINA PHARMA HOLDINGS, INC."
1137883,BCLI,BRAINSTORM CELL THERAPEUTICS INC.
1372114,KLYG,"Kelyniam Global, Inc."
1954694,LGCL,Lucas GC Ltd
887151,CAPS,Capstone Holding Corp.
1402328,SBFM,Sunshine Biopharma Inc.
2022416,SLXN,Silexion Therapeutics Corp
1854480,DEVS,DevvStream Corp.
1931717,CCTG,CCSC Technology International Holdings Ltd
1868050,CPCPF,CopperCorp Resources Inc.
1701963,VS,Versus Systems Inc.
1781983,APRE,"Aprea Therapeutics, Inc."
1479419,KALA,"KALA BIO, Inc."
1881472,MEGL,Magic Empire Global Ltd
79661,PRSI,PORTSMOUTH SQUARE INC
1513525,ADIL,"ADIAL PHARMACEUTICALS, INC."
1948443,RAY,Raytech Holding Ltd
1435617,PWDY,"POWERDYNE INTERNATIONAL, INC."
1377149,CRVW,CareView Communications Inc
1705012,FAT,"Fat Brands, Inc"
2018529,NCT,Intercont (Cayman) Ltd
1025771,WHLT,CHASE PACKAGING CORP
1641631,XAIR,"Beyond Air, Inc."
1866146,IMIMF,Interra Copper Corp.
1411057,CBIH,"Cannabis Bioscience International Holdings, Inc."
1759614,YJ,Yunji Inc.
800523,GGLXF,GGL RESOURCES CORP.
746210,TWAV,"TaoWeave, Inc."
1502966,FUNI,"Hypha Labs, Inc."
1487091,QWTR,"Quest Water Global, Inc."
1745078,VYND,"Vynleads, Inc."
2024899,MFBI,"Monroe Federal Bancorp, Inc."
1812447,SKYQ,Sky Quarry Inc.
1727428,PUCCF,Carolina Rush Corp
1279620,ZDPY,"Zoned Properties, Inc."
1691221,FRSX,Foresight Autonomous Holdings Ltd.
1414382,CLEV,Concrete Leveling Systems Inc
1631282,DTSS,DATASEA INC.
2058584,DKI,DarkIris Inc.
2003977,CRE,Cre8 Enterprise Ltd
1546296,IPDN,"Professional Diversity Network, Inc."
1905688,AAUGD,AERO ENERGY Ltd
1905511,JCSE,JE Cleantech Holdings Ltd
318299,SRCO,"SPARTA COMMERCIAL SERVICES, INC."
2022308,KIDZ,"Classover Holdings, Inc."
1327273,LYRA,"Lyra Therapeutics, Inc."
1634293,EXDW,"Exceed World, Inc."
1687277,RETO,"ReTo Eco-Solutions, Inc."
1054102,IDXG,"INTERPACE BIOSCIENCES, INC."
1314196,OLB,"OLB GROUP, INC."
1393772,BUDZ,"WEED, INC."
1465311,ZICX,Zicix Corp
1886362,MGAM,"Mobile Global Esports, Inc."
1935172,AIXI,Xiao-I Corp
1329606,CETY,"Clean Energy Technologies, Inc."
1966678,ZDAI,"DirectBooking Technology Co., Ltd."
1986247,BYAH,"Park Ha Biological Technology Co., Ltd."
1347858,XXII,"22nd Century Group, Inc."
1978057,TWG,Top Wealth Group Holding Ltd
744452,BNBX,BNB PLUS CORP.
1019034,BKYI,BIO KEY INTERNATIONAL INC
1808377,LUCY,Innovative Eyewear Inc
1713210,ATPC,Agape ATP Corp
1712762,BIAF,"bioAffinity Technologies, Inc."
1810467,SNTG,Sentage Holdings Inc.
1477201,BCUFF,Bell Copper Corp
2002453,STAK,STAK Inc.
1355736,AVCRF,Avricore Health Inc.
1553846,RDHL,RedHill Biopharma Ltd.
894501,GRHI,"GOLD ROCK HOLDINGS, INC."
1023549,XTLB,XTL BIOPHARMACEUTICALS LTD
1736243,ACXP,"Acurx Pharmaceuticals, Inc."
1991261,SKK,SKK Holdings Ltd
1781397,EEIQ,EpicQuest Education Group International Ltd
1419275,RVYL,RYVYL Inc.
1603993,NISN,"Nisun International Enterprise Development Group Co., Ltd"
1413745,YDKG,Yueda Digital Holding
1935092,CETI,"Cyber Enviro-Tech, Inc."
1857044,INDP,"Indaptus Therapeutics, Inc."
1741489,ELVG,"Elvictor Group, Inc."
1588837,LMRMF,Lomiko Metals Inc.
1812727,RELI,"Reliance Global Group, Inc."
1875547,LCFY,Locafy Ltd
1004724,RHEP,"REGIONAL HEALTH PROPERTIES, INC"
1594968,VEST,Loan Artificial Intelligence Corp.
885462,GURE,"GULF RESOURCES, INC."
1805594,JWEL,Jowell Global Ltd.
1951294,VSME,VS MEDIA Holdings Ltd
2032545,CJMB,CALLAN JMB INC.
1534525,XBIO,"Xenetic Biosciences, Inc."
1011509,AUMN,Golden Minerals Co
1870144,CDIO,"Cardio Diagnostics Holdings, Inc."
921968,HVGDF,HARVEST GOLD CORP
1445467,AVPMF,AVRUPA MINERALS LTD.
2024656,FMFC,Kandal M Venture Ltd
1397183,IVDA,"Iveda Solutions, Inc."
1178660,TUTH,Standard Dental Labs Inc.
1095435,ATON,AlphaTON Capital Corp
1711012,AIHS,Senmiao Technology Ltd
1464165,BETRF,BetterLife Pharma Inc.
1813783,VMAR,Vision Marine Technologies Inc.
1755237,CYCN,"Cyclerion Therapeutics, Inc."
1487615,EMBYF,Nexera Energy Inc.
1928340,GDHG,GOLDEN HEAVEN GROUP HOLDINGS LTD.
850033,BPPTU,BP PRUDHOE BAY ROYALTY TRUST
1515317,MAGE,MAGELLAN COPPER & GOLD Corp
1099369,DSNY,DESTINY MEDIA TECHNOLOGIES INC
1481443,TCRI,"TechCom, Inc."
1218683,MIGI,Mawson Infrastructure Group Inc.
1734427,CRUCF,Colibri Resource Corp
1892274,GV,Visionary Holdings Inc.
1853070,SOAR,"Volato Group, Inc."
1481857,ORESF,Orestone Mining Corp.
1810560,REVB,"REVELATION BIOSCIENCES, INC."
1497253,VIVS,"VivoSim Labs, INC."
1713539,KXIN,Kaixin Holdings
1178697,SONM,SONIM TECHNOLOGIES INC
704172,PHIL,PHI GROUP INC
1422892,SGLY,Singularity Future Technology Ltd.
1823375,TOBAF,TAAT Global Alternatives Inc.
1790169,FLGC,Flora Growth Corp.
1731712,CHKKF,Chakana Copper Corp.
2018222,JEM,707 Cayman Holdings Ltd.
1961847,INHD,INNO HOLDINGS INC.
1703625,BLIS,"NAPC Defense, Inc."
1536196,CANF,Can-Fite BioPharma Ltd.
1630212,ALBT,Avalon GloboCare Corp.
1648087,AREB,AMERICAN REBEL HOLDINGS INC
1650101,ATXG,ADDENTAX GROUP CORP.
1839285,HCTI,"Healthcare Triangle, Inc."
1916331,NCI,Neo-Concept International Group Holdings Ltd
1948864,HCWC,HEALTHY CHOICE WELLNESS CORP.
1789192,NITO,"N2OFF, Inc."
1414767,NCPL,Netcapital Inc.
1514183,SILO,"Silo Pharma, Inc."
1006028,PURE,"PURE BIOSCIENCE, INC."
1611746,SPRC,SciSparc Ltd.
1376321,CNET,ZW Data Action Technologies Inc.
1622345,POLA,"Polar Power, Inc."
793628,CHNR,CHINA NATURAL RESOURCES INC
2012096,PMAX,Powell Max Ltd
1979610,WXM,WF International Ltd.
1849820,KITT,"Nauticus Robotics, Inc."
1130166,BGMS,"Bio Green Med Solution, Inc."
1589149,GWAV,"Greenwave Technology Solutions, Inc."
1651932,XITO,"Xenous Holdings, Inc."
1793895,CDTG,CDT Environmental Technology Investment Holdings Ltd
1972074,LNKS,Linkers Industries Ltd
846377,TGNT,"Totaligent, Inc."
1490161,SOWG,Sow Good Inc.
1081188,GEGP,GOLD ENTERPRISE GROUP INC
835662,AIXN,"AiXin Life International, Inc."
1327899,AAMTF,Armada Mercantile Ltd
1811216,BAOS,Baosheng Media Group Holdings Ltd
1121795,GHST,GHST World Inc.
1172178,LBSR,LIBERTY STAR URANIUM & METALS CORP.
1363598,NTRX,"Entrex Carbon Market, Inc."
1945619,KSEZ,Kinetic Seas Inc.
1595353,GLMD,Galmed Pharmaceuticals Ltd.
1940016,GLABF,Gemina Laboratories Ltd.
1080657,SQFT,"Presidio Property Trust, Inc."
1993097,MASK,3 E Network Technology Group Ltd
1415758,NVSGF,Nevada Sunrise Metals Corp.
1424768,VYCO,VYCOR MEDICAL INC
1951667,CTNT,CHEETAH NET SUPPLY CHAIN SERVICE INC.
1784058,PNYG,Pony Group Inc.
1680139,HLYK,HealthLynked Corp
1289047,AIPG,AI Technology Group Inc.
1757207,VSBGF,VSBLTY GROUPE TECHNOLOGIES CORP.
1825452,ONFO,"Onfolio Holdings, Inc"
1979407,ORKT,ORANGEKLOUD TECHNOLOGY INC.
846475,ZYXIQ,ZYNEX INC
2023796,FCHL,Fitness Champs Holdings Ltd
1729214,XRTX,XORTX Therapeutics Inc.
1705402,AGMH,"AGM GROUP HOLDINGS, INC."
1855509,VEEE,"Twin Vee PowerCats, Co."
1585608,JAGX,"Jaguar Health, Inc."
105744,GBR,"New Concept Energy, Inc."
1615219,SLRX,"Salarius Pharmaceuticals, Inc."
1138586,XCRT,"Xcelerate, Inc."
1018735,NYMXF,NYMOX PHARMACEUTICAL CORP
1617867,AMIX,"Autonomix Medical, Inc."
1898474,SGN,"Signing Day Sports, Inc."
882361,APTOF,Aptose Biosciences Inc.
1582554,MTNB,"Matinas BioPharma Holdings, Inc."
1673481,SEGG,Lottery.com Inc.
356590,GTII,"GLOBAL TECH INDUSTRIES GROUP, INC."
890821,ENVB,"Enveric Biosciences, Inc."
1279715,IWSH,"Wright Investors Service Holdings, Inc."
730349,TOFB,TOFUTTI BRANDS INC
1358190,ITP,"IT TECH PACKAGING, INC."
1905920,GLXG,Galaxy Payroll Group Ltd
1539029,CLSDQ,"Clearside Biomedical, Inc."
1603978,AQB,AQUABOUNTY TECHNOLOGIES INC
1706524,UGRO,"urban-gro, Inc."
1814067,LXEH,Lixiang Education Holding Co. Ltd.
1938865,WAI,Top KingWin Ltd
1045942,TRCK,"Track Group, Inc."
1506983,GCTK,"Glucotrack, Inc."
2030954,XHLD,"TEN Holdings, Inc."
908311,CMCT,Creative Media & Community Trust Corp
22701,SUNE,"SUNation Energy, Inc."
1159167,IRBTQ,IROBOT CORP
1651721,GIPR,"GENERATION INCOME PROPERTIES, INC."
1841125,BSLK,"Bolt Projects Holdings, Inc."
1613979,ZPHYF,ZEPHYR MINERALS LTD.
1880613,DRCT,"Direct Digital Holdings, Inc."
1035422,CTTH,"CTT PHARMACEUTICAL HOLDINGS, INC."
1930510,VCIG,VCI Global Ltd
1081938,CPMD,"CANNAPHARMARX, INC."
1780785,CNEY,CN ENERGY GROUP. INC.
2002236,SPHL,SPRINGVIEW HOLDINGS LTD
1854257,TBLLF,Tombill Mines Ltd
1421981,PTOP,Peer To Peer Network
2003061,STFS,Star Fashion Culture Holdings Ltd
1825875,RAYA,Erayak Power Solution Group Inc.
1960208,CREV,Carbon Revolution Public Ltd Co
1889823,DFSC,DEFSEC Technologies Inc.
1607807,NVGLF,NV Gold Corp
1716947,ENSC,"Ensysce Biosciences, Inc."
1682265,ONAR,Onar Holding Corp
1898604,VSTD,Vestand Inc.
768408,CYAN,CYANOTECH CORP
1086745,SBLX,"StableX Technologies, Inc."
946644,AIM,AIM ImmunoTech Inc.
1771039,SSEBF,SILVER SPRUCE RESOURCES INC.
1836875,NVVE,Nuvve Holding Corp.
1626644,ODYY,"Odyssey Health, Inc."
1319643,FTSP,"FinTrade Sherpa, Inc."
1703073,VIVC,VIVIC CORP.
1854963,SHFS,"SHF Holdings, Inc."
1174940,OGEN,ORAGENICS INC
1425627,SOBR,"SOBR Safe, Inc."
1527541,WHLR,"Wheeler Real Estate Investment Trust, Inc."
1696025,KCRD,"Kindcard, Inc."
1141284,ASNS,ACTELIS NETWORKS INC
1989930,FGL,Founder Group Ltd
1652539,SNRG,SusGlobal Energy Corp.
1520118,MWAI,"MedWellAI, Inc."
1362516,CLRI,"Cleartronic, Inc."
1837254,MEHA,Functional Brands Inc.
1635077,ACON,"Aclarion, Inc."
1879373,GTIJF,GRAPHJET TECHNOLOGY
1996586,CNRCF,Canter Resources Corp.
1716621,VTAK,"Catheter Precision, Inc."
1744494,ADN,"ADVENT TECHNOLOGIES HOLDINGS, INC."
775057,ALTX,ALTEX INDUSTRIES INC
1729427,CNSP,"CNS Pharmaceuticals, Inc."
1554818,AUUD,AUDDIA INC.
1728328,INM,InMed Pharmaceuticals Inc.
1922858,ECDA,"ECD Automotive Design, Inc."
727510,ENZN,"ENZON PHARMACEUTICALS, INC."
1532619,PW,Power REIT
1650575,BRQSF,"Borqs Technologies, Inc."
1133192,VPER,VIPER NETWORKS INC
1946703,WBUY,WEBUY GLOBAL LTD
1674227,WORX,SCWorx Corp.
1807936,BABYF,Else Nutrition Holdings Inc.
1694617,ROYL,"Royale Energy, Inc."
1757499,SHPH,"Shuttle Pharmaceuticals Holdings, Inc."
1839133,IRME,"IR-Med, Inc."
1595248,GNPX,"Genprex, Inc."
1739174,PHGE,BiomX Inc.
1622244,OWPC,"One World Products, Inc."
1701478,AZTR,"Azitra, Inc."
1324759,HGYN,HONG YUAN HOLDING GROUP
1723455,SRKZF,SKY GOLD CORP.
1391135,LIFD,LFTD PARTNERS INC.
1937737,MLEC,Moolec Science SA
1409269,VERO,Venus Concept Inc.
1412126,RMSL,RemSleep Holdings Inc.
923601,RIME,"Algorhythm Holdings, Inc."
1642159,SIGY,"Sigyn Therapeutics, Inc."
1107280,OVTZ,OCULUS INC.
1360442,DOGP,"Dogecoin Cash, Inc."
1976908,JDZG,JIADE Ltd
1873213,BRWC,Birdie Win Corp
1469443,RKDA,"Arcadia Biosciences, Inc."
1892500,CMND,Clearmind Medicine Inc.
1648636,TRLEF,Trillion Energy International Inc.
1592560,VSA,VisionSys AI Inc
882291,AEMD,AETHLON MEDICAL INC
1874907,DEFG,Grayscale Decentralized Finance (DeFi) Fund LLC
1636051,FUST,FUSE GROUP HOLDING INC.
1410428,XWEL,"XWELL, Inc."
1211805,MYSZ,"My Size, Inc."
1393781,QIND,Quality Industrial Corp.
1943421,RUBI,Rubico Inc.
1687542,FRGT,"Freight Technologies, Inc."
1885408,JFBR,Jeffs' Brands Ltd
1419554,BBLG,Bone Biologics Corp
1911545,GITS,"Global Interactive Technologies, Inc."
1847706,PSYCF,Psyched Wellness Ltd.
1885827,VRAX,Virax Biolabs Group Ltd
802257,MITI,"Mitesco, Inc."
1787740,TIVC,"Tivic Health Systems, Inc."
1558569,ISPC,iSpecimen Inc.
1326706,FEED,"ENvue Medical, Inc."
1801834,PRFX,PAINREFORM LTD.
1022899,PTIX,"Protagenic Therapeutics, Inc.\new"
724445,BZYR,BURZYNSKI RESEARCH INSTITUTE INC
1970125,FDXTF,FENDX TECHNOLOGIES INC.
1861622,JTAI,Jet.AI Inc.
1828673,HCWB,HCW Biologics Inc.
1621221,ARTL,"ARTELO BIOSCIENCES, INC."
1084937,GREH,Green Rain Energy Holdings Inc.
1782107,ONCO,"Onconetix, Inc."
1584547,GP,GREENPOWER MOTOR Co INC.
1082733,VISM,"VISIUM TECHNOLOGIES, INC."
1816172,JZXN,"Jiuzi Holdings, Inc."
1611046,MDLK,ModuLink Inc.
1853816,DRMA,"Dermata Therapeutics, Inc."
1785056,TRNR,"Interactive Strength, Inc."
1976695,MNDR,Mobile-health Network Solutions
930775,ECIA,ENCISION INC
1128189,PKTX,"ProtoKinetix, Inc."
1708176,HOFV,Hall of Fame Resort & Entertainment Co
1847462,AYRWF,Ayr Wellness Inc.
1995574,ICON,Icon Energy Corp
1374567,LUVU,"Luvu Brands, Inc."
1376231,VPRB,"VPR Brands, LP."
849997,FECOF,FEC Resources Inc.
1611747,SCNI,Scinai Immunotherapeutics Ltd.
836564,CPMV,Mosaic ImmunoEngineering Inc.
1409197,BSPK,"Bespoke Extracts, Inc."
1440799,MMEX,MMEX Resources Corp
1741534,UOKA,MDJM LTD
1978527,GVH,Globavend Holdings Ltd
1168981,LVRLF,CordovaCann Corp.
1484674,ATMH,"ALL THINGS MOBILE ANALYTIC, INC."
1644963,ATXI,"AVENUE THERAPEUTICS, INC."
1911467,CRCE,"Circle Energy, Inc./NV"
1946563,SXTP,"60 DEGREES PHARMACEUTICALS, INC."
1809616,UPC,Universe Pharmaceuticals INC
1499494,DXF,Eason Technology Ltd
895464,YBGJ,Yubo International Biotech Ltd
1514443,AGSS,"AMERIGUARD SECURITY SERVICES, INC."
1066130,LINMF,Linear Minerals Corp
1536811,THURF,Thunderstruck Resources Ltd.
1956741,ZONE,"CleanCore Solutions, Inc."
1576197,SENR,"Strategic Environmental & Energy Resources, Inc."
1668438,IMTE,Integrated Media Technology Ltd
1643721,LBUY,"LEAFBUYER TECHNOLOGIES, INC."
1939365,IVP,"INSPIRE VETERINARY PARTNERS, INC."
1080448,PGOL,PATRIOT GOLD CORP
1789299,WTO,UTime Ltd
1776067,OCG,Oriental Culture Holding LTD
1492617,FWFW,"FLYWHEEL ADVANCED TECHNOLOGY, INC."
1577351,XYLB,"XY Labs, Inc."
1553788,SBEV,"SPLASH BEVERAGE GROUP, INC."
1643918,BDRX,Biodexa Pharmaceuticals Plc
1338929,AHRO,"Authentic Holdings, Inc."
1901215,BNRG,Brenmiller Energy Ltd.
1938109,PAPL,Pineapple Financial Inc.
1717695,VRRCF,VR Resources Ltd.
1857086,TRUG,"TruGolf Holdings, Inc."
1701756,SDOT,Sadot Group Inc.
868278,PRPH,"ProPhase Labs, Inc."
1471781,GTCH,GBT Technologies Inc.
866439,DPLS,"DarkPulse, Inc."
1450704,VIVK,"Vivakor, Inc."
1809750,EDBL,Edible Garden AG Inc
1284237,ABCFF,ABACUS MINING & EXPLORATION CORP
1680637,NRRWF,Nuran Wireless Inc.
1599117,MNTR,"Mentor Capital, Inc."
1563568,EVTV,"Envirotech Vehicles, Inc."
1130781,NBBI,"BMP AI Technologies, Inc."
1896212,CDT,CDT Equity Inc.
1806904,EZGO,EZGO Technologies Ltd.
794998,SETO,SETO HOLDINGS INC
1043150,EEGI,"Eline Entertainment Group, Inc."
1959023,RENX,Safe & Green Development Corp
1872292,RAKR,Rainmaker Worldwide Inc.
1971260,CLDVF,Cloud3 Ventures Inc.
1060888,LQWC,LIFEQUEST WORLD CORP.
1563577,GRTX,"Galera Therapeutics, Inc."
814926,CAPC,"CAPSTONE COMPANIES, INC."
1957413,DCX,Digital Currency X Technology Inc.
2006925,LNTO,LELANTOS HOLDINGS INC.
764630,SPEV,SHOREPOWER TECHNOLOGIES INC.
1624512,BOXL,Boxlight Corp
1452583,CBMJ,"CONSERVATIVE BROADCAST MEDIA & PUBLISHING, INC."
1506492,NUWE,"Nuwellis, Inc."
278165,OMQS,OMNIQ Corp.
1331612,IMTH,"AnTix Holdings, Inc."
1603345,AGTX,Agentix Corp.
1802450,MSPR,"MSP Recovery, Inc."
1726711,ADTX,"Aditxt, Inc."
1763660,SEAV,SEATech Ventures Corp.
1444839,BRVO,Bravo Multinational Inc.
1199392,EGMCF,EMERGENT METALS CORP.
1404593,MDCE,Medical Care Technologies Inc.
932021,GTLL,GLOBAL TECHNOLOGIES LTD
1824293,GRI,"GRI Bio, Inc."
1543637,NUMD,"Nu-Med Plus, Inc."
1835615,MHUAF,"Meihua International Medical Technologies Co., Ltd."
1870404,CERO,"CERO THERAPEUTICS HOLDINGS, INC."
1985062,PBM,PSYENCE BIOMEDICAL LTD.
1821424,UK,Ucommune International Ltd
1947861,NMHI,Nature's Miracle Holding Inc.
1058623,CMLS,CUMULUS MEDIA INC
1543652,FFLO,"Free Flow USA, Inc."
1763329,AIBT,"AIBOTICS, INC."
1806524,LGHL,Lion Group Holding Ltd
1790320,MSTH,Mystic Holdings Inc./NV
1585380,INKW,"Greene Concepts, Inc"
1679817,OZSC,"OZOP ENERGY SOLUTIONS, INC."
1618835,EVFM,"Evofem Biosciences, Inc."
862668,ESMC,ESCALON MEDICAL CORP
1172069,PTOS,"P2 Solar, Inc."
1085277,SKVI,"SKINVISIBLE, INC."
824416,QPRC,QUEST PATENT RESEARCH CORP
1704287,BJDX,"Bluejay Diagnostics, Inc."
1485074,FRZT,"Freeze Tag, Inc."
1651992,ASFT,"Appsoft Technologies, Inc."
1928581,FTEL,Fitell Corp
1342958,DGLY,"DIGITAL ALLY, INC."
1495648,BDCC,Blackwell 3D Construction Corp.
1751876,PAVS,Paranovus Entertainment Technology Ltd.
1841675,ARBK,Argo Blockchain Plc
1751058,OVATF,OVATION SCIENCE INC.
1358654,RMESF,"RED METAL RESOURCES, LTD."
1355790,ISCO,International Stem Cell CORP
1570937,PREM,Premier Air Charter Holdings Inc.
1840563,ELAB,PMGC Holdings Inc.
1880431,VHAI,Vocodia Holdings Corp
1859007,ZVSA,"ZyVersa Therapeutics, Inc."
1781193,QH,QUHUO Ltd
1879403,LRHC,La Rosa Holdings Corp.
1922335,SYRA,Syra Health Corp
1951067,CISS,C3is Inc.
1788841,MCOM,micromobility.com Inc.
1308027,VYST,Vystar Corp
946486,WINT,WINDTREE THERAPEUTICS INC /DE/
1231339,ASRE,"Astra Energy, Inc."
1840102,SPTY,"SPECIFICITY, INC."
1454742,GMER,"GOOD GAMING, INC."
1955104,ZAPPF,Zapp Electric Vehicles Group Ltd
857949,ENFY,Enlightify Inc.
1922639,OILCF,Permex Petroleum Corp
1061040,NGCG,"New Generation Consumer Group, Inc."
1586554,CBDY,Target Group Inc.
1753391,QSJC,"TANCHENG GROUP CO., LTD."
822370,EMMA,"Emmaus Life Sciences, Inc."
1776073,CBDL,CBD Life Sciences Inc.
1981662,NIVF,NewGenIvf Group Ltd
1386044,FHLD,"Awareness Group, Inc."
1568385,BMTM,"Bright Mountain Media, Inc."
790273,CONC,CONECTISYS CORP
1855756,LILMF,Lilium N.V.
1794942,SKFG,"Stark Focus Group, Inc."
1514056,TESI,Titan Environmental Solutions Inc.
1127475,DBMM,"Digital Brand Media & Marketing Group, Inc."
1346022,ENRT,Enertopia Corp.
1973368,SVUHF,SRIVARU Holding Ltd
1731289,NKLAQ,Nikola Corp
1347242,LIPO,LIPELLA PHARMACEUTICALS INC.
1143994,MRPT,MACREPORT NET INC
1609258,PTCO,PetroGas Co
1530425,ARRT,"Artisan Consumer Goods, Inc."
1873722,BBLR,Bubblr Inc.
1346917,GNTOF,GENTOR RESOURCES INC.
1460602,ORGS,Orgenesis Inc.
1502758,NULGF,NuLegacy Gold Corp
1518336,DREM,Dream Homes & Development Corp.
1696411,CCCP,Crona Corp.
1813603,HSTA,Hestia Insight Inc.
764897,BRST,"Broad Street Realty, Inc."
1583771,HEPA,"Hepion Pharmaceuticals, Inc."
1284454,NFSN,"Nongfu Shop Digital New Retail Co., Ltd"
1978151,DGTEF,Eat & Beyond Global Holdings Inc.
720875,DYNT,DYNATRONICS CORP
1750777,HWKE,"Hawkeye Systems, Inc."
1995194,PITEF,Heramba Electric plc
1760026,RMTG,Regenerative Medical Technology Group Inc.
1566826,LGMK,"LogicMark, Inc."
2079180,PRTX,Parataxis Holdings Inc.
1661600,SATT,SATIVUS TECH CORP.
1517389,JFIL,"Jubilant Flame International, Ltd"
2024283,PAPA,Papa Medical Inc.
1427644,SLDC,"Solidus Communications, Inc."
1455684,TPICQ,"TPI COMPOSITES, INC"
1619227,CLOW,"Cloudweb, Inc."
1801602,SBIG,"SpringBig Holdings, Inc."
1100788,ILST,INTERNATIONAL STAR INC
1900720,EPWK,EPWK Holdings Ltd.
1533357,DTII,DEFENSE TECHNOLOGIES INTERNATIONAL CORP.
1064722,GMPW,GIVEMEPOWER CORP
1687919,FGNV,FORGE INNOVATION DEVELOPMENT CORP.
1990446,GRPS,"Trans American Aquaculture, Inc"
1842939,XAGE,"Longevity Health Holdings, Inc."
1407704,BOTY,"LINGERIE FIGHTING CHAMPIONSHIPS, INC."
1729944,BACK,"IMAC Holdings, Inc."
1601936,CYTOF,Altamira Therapeutics Ltd.
1370816,FBCD,"FBC Holding, Inc."
918573,GRVE,GROOVE BOTANICALS INC.
1496383,ILUS,Ilustrato Pictures International Inc.
1133818,BPTH,"BIO-PATH HOLDINGS, INC."
912544,NSTM,NovelStem International Corp.
1877430,ETUGF,E2Gold Inc.
1098462,MTLK,METALINK LTD
890725,GSAC,GELSTAT CORP
1084475,NIHK,"Video River Networks, Inc."
1680132,CSUI,CANNABIS SUISSE CORP.
812152,RDGA,RIDGEFIELD ACQUISITION CORP
1132509,NNAX,New Momentum Corp.
1290658,ITOX,"IIOT-OXYS, Inc."
847942,STQN,STRATEGIC ACQUISITIONS INC /NV/
1978165,LITSF,LITHOS GROUP LTD.
1555017,SKYI,"Sky Century Investment, Inc."
1680513,IPTNF,IMPACT ANALYTICS INC.
1109486,EDXC,Endexx Corp
1061027,VIRX,"Viracta Therapeutics, Inc."
1227282,SPOWF,Strata Power Corp
1854275,ZCAR,"Zoomcar Holdings, Inc."
1424404,WOLV,Wolverine Resources Corp.
1762239,KAVL,"Kaival Brands Innovations Group, Inc."
820771,GFMH,Goliath Film & Media Holdings
720762,NIMU,NON INVASIVE MONITORING SYSTEMS INC /FL/
1815903,PTPI,"Petros Pharmaceuticals, Inc."
1741220,CWPE,CW Petroleum Corp
1817232,HGAS,Global Gas Corp
1888014,AKAN,AKANDA CORP.
1672572,LNBY,Landbay Inc
1335288,REOS,ReoStar Energy CORP
1657045,CHMX,NEXT-ChemX Corporation.
1434601,TMGI,"Marquie Group, Inc."
1877461,CBDW,1606 CORP.
1888151,FMTOF,Femto Technologies Inc.
1964021,NCNCF,noco-noco Inc.
1300734,SISI,"SHINECO, INC."
1575142,BDPT,"BIOADAPTIVES, INC."
1433309,PLTYF,"Plastec Technologies, Ltd."
1680689,NRHI,"Natural Resource Holdings, Inc."
1710495,PNXP,PINEAPPLE EXPRESS CANNABIS Co
915661,GRLF,GREEN LEAF INNOVATIONS INC
1392449,GPLB,Green Planet Bio Engineering Co. Ltd.
1752372,EZOO,Ezagoo Ltd
1734262,CTKYY,CooTek(Cayman)Inc.
1589150,RGBP,Regen BioPharma Inc
1558740,WNLV,Winvest Group Ltd
1343009,CNBX,CNBX Pharmaceuticals Inc.
1404804,OMTK,Omnitek Engineering Corp
1220754,MODVQ,ModivCare Inc
1413891,HWNI,"HIGH WIRE NETWORKS, INC."
813716,CIRX,CIRTRAN CORP
1761696,CRKN,Crown Electrokinetics Corp.
1356914,ECPL,ECOPLUS INC
1230524,LEEN,"Leopard Energy, Inc."
1624517,FRQN,"Frequency Holdings, Inc"
1929783,WOK,WORK Medical Technology Group LTD
1497230,FYNN,Fyntechnical Innovations Inc
2083002,ADAC,American Drive Acquisition Co
352991,AOXY,ADVANCED OXYGEN TECHNOLOGIES INC
1725911,NBND,NetBrands Corp.
1495584,SVVC,"Firsthand Technology Value Fund, Inc."
1819395,SONDQ,Sonder Holdings Inc.
1935688,LEBGF,Legible Inc.
1145898,CWNOF,CHINESEWORLDNET COM INC
1062506,ALDA,ATLANTICA INC
1511820,STEK,Stemtech Corp
1869974,OCEA,"Ocean Biomedical, Inc."
1416876,FCHS,"First Choice Healthcare Solutions, Inc."
1609139,INND,"INNERSCOPE HEARING TECHNOLOGIES, INC."
1730773,BSFC,Blue Star Foods Corp.
1068689,ATDS,"Data443 Risk Mitigation, Inc."
1981462,LDTCF,LeddarTech Holdings Inc.
1796129,VINC,"Vincerx Pharma, Inc."
1695473,GCAN,"Greater Cannabis Company, Inc."
1733298,QTTOY,Qutoutiao Inc.
1812360,FOXO,FOXO TECHNOLOGIES INC.
1991946,CGBSF,Crown LNG Holdings Ltd
1584480,GTIC,"Greentech Innovations, Inc."
1499961,BINI,"BOLLINGER INNOVATIONS, INC."
1761510,TLLTF,TILT Holdings Inc.
1300306,EMRH,EMERGING HOLDINGS INC
1984014,BLMZF,Harrison Global Holdings Inc.
1914818,STBXF,Starbox Group Holdings Ltd.
1279740,ONSS,ONASSIS HOLDINGS CORP.
1419559,CAMG,"CAM GROUP, INC."
1782037,YGMZF,MingZhu Logistics Holdings Ltd
1722969,NXUR,"Nxu, Inc."
1772695,NOVAQ,Sunnova Energy International Inc.
1375793,MLRT,"Metalert, Inc."
799698,LADX,LadRx Corp
1899658,WLGSF,"WANG & LEE GROUP, Inc."
1803096,STRG,"STARGUIDE GROUP, INC."
1883984,ALCE,"Alternus Clean Energy, Inc."
1136174,OTRKQ,"Ontrak, Inc."
1164009,FXCNY,FIH Mobile Ltd
1283337,KTN,STRUCTURED PRODUCTS CORP CRED ENHANCE CORTS TR FOR AON CAP A
1267332,IPB,MERRILL LYNCH DEPOSITOR INC INDEXPLUS TRUST SERIES 2003-1
1009919,IVHI,"Invech Holdings, Inc."
894556,CITR,"General Enterprise Ventures, Inc."
874501,OSG,OCTAVE SPECIALTY GROUP INC
68622,CTBB,QWEST CORP
718940,BCEPF,BCE INC
1075822,NHFLF,NORTHFIELD CAPITAL CORP
1070423,PAAPU,PLAINS ALL AMERICAN PIPELINE LP
1000377,VBREY,Vibra Energia S.A./ADR
823277,CHSCP,CHS INC
70858,BACRP,BANK OF AMERICA CORP /DE/
92230,TFC.PJ,TRUIST FINANCIAL CORP
70502,NRUC,NATIONAL RURAL UTILITIES COOPERATIVE FINANCE CORP /DC/
1357660,GJT,"STRATS(SM) Trust for Allstate Corp Securities, Series 2006-3"
1353615,FXF,Invesco CurrencyShares Swiss Franc Trust
1232384,TCEYF,TC ENERGY CORP
1638097,ENTXW,Entera Bio Ltd.
1544088,DSRNY,DiaSorin SpA/ADR
1254699,QVCD,QVC INC
1479247,USCI,United States Commodity Index Funds Trust
1475260,CNVEF,CENOVUS ENERGY INC.
1383151,UUP,Invesco DB US Dollar Index Bullish Fund
1405528,USL,"United States 12 Month Oil Fund, LP"
1353611,FXB,Invesco CurrencyShares British Pound Sterling Trust
1340909,GJO,"STRATS SM TRUST FOR WAL-MART STORES, INC. SECURITIES, SERIES 2005-4"
1450922,SIVR,abrdn Silver ETF Trust
1286405,GJH,STRATS SM TRUST FOR U S CELL CORP SEC SERIES 2004 6
1283464,KTH,STRUCTURED PRODUCTS CORP CORTS TR FOR PECO ENERGY CAP TR III
1403528,OAK-PA,"Brookfield Oaktree Holdings, LLC"
1396878,UGA,"United States Gasoline Fund, LP"
1547870,BUHPY,Bumrungrad Hospital Public Co Limited/ADR
1472033,JTGEY,"Citibank,N.A./ADR"
1456772,OPITQ,OFFICE PROPERTIES INCOME TRUST
1460235,PPLT,abrdn Platinum ETF Trust
1353614,FXA,Invesco CurrencyShares Australian Dollar Trust
1348952,ELC,"ENTERGY LOUISIANA, LLC"
1291313,GEHDF,Great Eastern Holdings Ltd
1284143,JBK,LEHMAN ABS CORP GOLDMAN SACHS CAP 1 SEC BACKED SER 2004-6
1174511,AEBMY,ANADOLU EFES BIRACILIK VE MALT SANAYI A S/ADR
1052354,MADL,MAN AHL DIVERSIFIED I LP
1459862,PALL,abrdn Palladium ETF Trust
1472494,BNO,"United States Brent Oil Fund, LP"
1483994,HWLDF,H World Group Ltd
1294808,PYT,PPLUS Trust Series GSC-2
1857629,ODOT,Osprey Polkadot Trust
1860788,ETHV,VanEck Ethereum ETF
1343491,GJP,"STRATS(SM) TRUST FOR DOMINION RESOURCES, INC. SECURITIES, SERIES 2005-6"
1356284,GJS,"STRATS(SM) Trust for Goldman Sachs Group Securities, Series 2006-2"
1353226,GJR,"STRATS(SM) Trust for Procter & Gamble Securities, Series 2006-1"
1353612,FXC,Invesco CurrencyShares Canadian Dollar Trust
1427437,ETI-P,"ENTERGY TEXAS, INC."
1405513,UNL,"United States 12 Month Natural Gas Fund, LP"
1383149,UDN,INVESCO DB US DOLLAR INDEX BEARISH FUND
1838028,HODL,VanEck Bitcoin ETF
1852317,FBTC,Fidelity Wise Origin Bitcoin Fund
1751912,NGEN,NERVGEN PHARMA CORP.
1901297,ZRCN,ZRCN Inc.
1850391,BTCW,WisdomTree Bitcoin Fund
1868282,OSOL,Osprey Solana Trust
1865631,NXNVW,NEXTNAV INC.
1708646,AAAU,Goldman Sachs Physical Gold ETF
1723788,BITW,Bitwise 10 Crypto Index ETF
1621434,BSMLP,"Black Stone Minerals, L.P."
1761325,GXLM,Grayscale Stellar Lumens Trust (XLM)
1789135,PASTY,Plastic Omnium/ADR
1830033,PCTBP,"PureCycle Technologies, Inc."
1725210,ETHE,Grayscale Ethereum Trust ETF
1702780,OPTU,"Optimum Communications, Inc."
1690012,ICR-PA,"InPoint Commercial Real Estate Income, Inc."
1767057,OBTC,Osprey Bitcoin Trust
1763415,BITB,Bitwise Bitcoin ETF
1806905,ALEH,ALE Group Holding Ltd
1748945,HZEN,Grayscale Horizen Trust (ZEN)
1702015,AIDG,"AIS Holdings Group, Inc."
1693736,EQPT,EquipmentShare.com Inc
1720265,ZCSH,Grayscale Zcash Trust (ZEC)
1503658,WNHK,"Winning Catering Group, Inc."
1561032,NHPAP,"National Healthcare Properties, Inc."
1564708,NWSLL,NEWS CORP
1630745,DCFBS,"DCFC Holdings, LLC"
1610718,ODRS,"Outdoor Specialty Products, Inc."
1756404,PDSRX,Principal Real Asset Fund
1736734,LBZZ,Lendbuzz Inc.
1690437,BAR,GraniteShares Gold Trust
1690842,PLTM,GraniteShares Platinum Trust
1705181,ETCG,Grayscale Ethereum Classic Trust (ETC)
1470129,VIIQ,VisitIQ Corp.
1577134,TFSA,"Terra Income Fund 6, LLC"
1046179,TSM,TAIWAN SEMICONDUCTOR MANUFACTURING CO LTD
1460702,AIXC,"AIxCrypto Holdings, Inc."
1450923,SGOL,abrdn Gold ETF Trust
1124959,XSIAX,VOYA CREDIT INCOME FUND
1582820,IPSAY,IPSOS/ADR
1551047,BPRE,Bluerock Private Real Estate Fund
1551468,CPPBY,Central Pattana Public Co Limited/ADR
1546652,OUNZ,VanEck Merk Gold ETF
1618181,GLDM,World Gold Trust
1544379,SCRNY,"SCREEN Holdings Co., Ltd./ADR"
1945166,MECPF,MUSTANG ENERGY CORP.
2073901,TMKVY,Tamarack Valley Energy Ltd./ADR
2071502,KLK,Klook Technology Ltd
2073669,HNPHY,Hansoh Pharmaceutical Group Co Limited/ADR
1980262,HWEP,"HW Electro Co., Ltd."
2027329,OPTH,Optimi Health Corp.
2027330,SGIHY,"Sugi Holdings Co., Ltd./ADR"
2032241,UHL,UNITED HYDROGEN GLOBAL INC.
2032274,GINT,Gifts International Holdings Ltd
2029970,LRVIY,"Laboratorios Farmaceuticos Rovi, S.A./ADR"
2028834,TSOL,21Shares Solana ETF
2034467,PBRRY,PT Barito Renewables Energy Tbk/ADR
2034767,UHP,Ultra High Point Holdings Ltd
2040733,GLSA,Green Solar Energy Ltd
2041869,SOLC,Canary Marinade Solana ETF
2042187,KYTFY,Kyoto Financial Group Inc/ADR
1872421,GACW,GACW Inc
1992870,EZBC,Franklin Templeton Digital Holdings Trust
1995569,QETH,Invesco Galaxy Ethereum ETF
1992508,TETH,21Shares Ethereum ETF
2004340,SYNSY,Syensqo SA/ADR
1920576,MIMDF,MiMedia Holdings Inc.
2025217,MSTKY,MatsukiyoCocokara & Co./ADR
2027166,NSNFY,"Nissin Foods Holdings Co., Ltd./ADR"
2029297,GTAO,Grayscale Bittensor Trust (TAO)
2031760,VROYF,Vizsla Royalties Corp.
2015034,BTC,Grayscale Bitcoin Mini Trust ETF
2020414,EDVLY,Endeavour Group Limited/ADR
2019042,AVG,ANEW HEALTH Ltd
2010218,AAS,Antharas Inc
2003770,KMYGY,"Kumyang Co., Ltd./ADR"
2034300,DDHLY,Digital Domain Holdings Limited/ADR
2042556,SPGNY,Springer Nature AG & Co. KGaA/ADR
2043392,SIBO,SIBO HOLDING Ltd
2045300,PRNCF,Prince Silver Corp.
2045434,GHRTF,Greenheart Gold Inc.
2046370,UPX,Uptrend Holdings Ltd
2039273,JAGU,Jaguar Uranium Corp.
2053411,PCPGY,PC Partner Group Ltd/ADR
2055896,GFCHY,Georg Fischer AG/ADR
2059438,XRPZ,Franklin XRP Trust
2059729,TMRD,Timber Road Acquisition Corp
2062807,MNZLY,Mercury NZ Ltd./ADR
2063116,SCSXY,SCSK Corporation/ADR
2063380,FSOL,Fidelity Solana Fund
2057757,DBIM,Dbim Holdings Ltd
2063675,LSHGY,Louis Hachette Group/ADR
2066522,GBH,Gigabit Inc.
2066926,GDNT,Guident Corp.
2067719,KCG,Keystone Global Financial Group
2070261,MKTR,Monkey Tree Investment Ltd
2070534,SLBT,SL Science Holding Ltd
2070570,RECCY,Reece Limited/ADR
2085208,DYBTY,Duality Biotherapeutics Inc/ADR
2087446,PAAC,Proem Acquisition Corp. I
2089488,SNEVY,SUNEVISION HOLDINGS/ADR
2091585,LKYLY,Locksley Resources Limited/ADR
2081532,BLRK,Bluerock Acquisition Corp.
2011589,MOGMF,Mogotes Metals Inc.
2099103,ETHB,iShares Staked Ethereum Trust ETF
2094691,OBOCY,Ottobock SE & Co. KGaA/ADR
2095161,DBCA,D. Boral Acquisition I Corp.
2097508,BLDC,"Blockfusion Data Centers, Inc."
2098669,UAC,United Acquisition Corp. I
2098710,FRTRY,"Fortior Technology (Shenzhen) Co., Ltd./ADR"
2080087,MYX,Maywood Acquisition Corp. 2
2074878,NWAX,New America Acquisition I Corp.
2075918,CSCCY,Capstone Copper Corp./ADR
2075141,VSGRY,VusionGroup
2083143,SCPQ,Social Commerce Partners Corp
2076561,PAXG,Pine Tree Acquisition Corp.
2080003,MLIZY,MELIUZ S.A.
2080803,EVVO,Evvolutions LeadTech Inc
2081909,SBXE,SilverBox Corp V
2059690,GGTKY,PT GoTo Gojek Tokopedia Tbk/ADR
2066899,CADV,Club Versante Group Ltd
2055510,GDOG,Grayscale Dogecoin Trust ETF
2058007,ECST,ECST Holdings Ltd
2067876,VSNT,"Versant Media Group, Inc."
2071881,TRMOY,Tourmaline Oil Corp/ADR
2072315,BENN,Bend NovaTech Group Ltd
2071913,GBNXY,Gibson Energy Inc/ADR
2070954,SMJF,SMJ International Holdings Inc.
2073819,JSTT,"Nihon Shintatsu Co., Ltd."
2076427,LATA,Galata Acquisition Corp. II
2035313,LHI,Living Homeopathy International Ltd.
2039525,XRP,Bitwise XRP ETF
2045907,KOKO,KOKOBOTS GROUP
2046216,BTFT,Beta FinTech Holdings Ltd
2047713,DTDT,DT House Ltd
2021989,CUPPF,Super Copper Corp.
2000046,FETH,Fidelity Ethereum Fund
1997389,FGXC,FG Merger III Corp.
2006779,HCYC,HCYC Holding Co
2055337,ASBHY,"Asahi Group Holdings, Ltd./ADR"
2058867,PLAI,PressLogic Inc.
2059582,QF,Quad Global Inc.
2053115,YLY,Zi Yun Dong Fang Ltd
2053383,KXIAY,Kioxia Holdings Corporation/ADR
2066601,TKCYY,"Tokyo Ohka Kogyo Co., Ltd./ADR"
2059986,ONWRY,Onward Medical N.V./ADR
2060217,HZRBY,"Horizon Robotics, Inc./ADR"
2032517,SCTAY,Sectra AB/ADR
2032887,PDYTY,PT Dayamitra Telekomunikasi Tbk/ADR
2033019,KKSIY,Kokusai Electric Corporation/ADR
2033738,GTSG,GATES GROUP Inc.
2036444,NEOA,"Neo Aeronautics, Inc."
2053475,TTEI,TDE GROUP Ltd
2045872,BSOL,Bitwise Solana Staking ETF
2047859,SPED,Speed Group Holdings Ltd
2033684,SQEI,"Squirrel Enlivened International Co., Ltd"
2033807,EZPZ,Franklin Crypto Trust
2053843,YGSHY,Yangzijiang Shipbuilding Holdings Ltd/ADR
2031069,NCIQ,Hashdex Nasdaq Crypto Index US ETF
2007358,SKNGY,SKAN Group AG/ADR
1999119,LBRJ,"Libera Gaming Operations, Inc"
2000638,ETHA,iShares Ethereum Trust ETF
1997698,PRGY,IGTA Merger Sub Ltd
2071868,JHPCY,"Jiangsu Hengrui Pharmaceuticals Co., Ltd./ADR"
2071350,YMXK,CHARMING WOW INC
2073972,SSRLY,Sienna Senior Living Inc./ADR
2074157,SVICY,StorageVault Canada Inc./ADR
2074158,GIVE,Wealth Management System Inc.
2076398,ZSICY,"Zhejiang Sanhua Intelligent Controls Co., Ltd./ADR"
2079706,MBSHY,"Mitsubishi Gas Chemical Company, Inc./ADR"
2081863,LBIO,Longevity Biomedical Holdings Corp.
2083217,QADR,QDRO Acquisition Corp.
2084585,UATCY,"Unisound AI Technology Co., Ltd./ADR"
2085236,AMVOY,AUMOVIO SE
2060863,NHLTY,Nightingale Health Plc
2062803,IDPEY,IDP Education Ltd./ADR
2054964,AFA,FARLONG HOLDING Corp
2099326,SGPIY,"Seres Group Co., Ltd./ADR"
2087844,MSSHY,Mitsui-Soko Holdings Co Limited/ADR
2098425,BJGPY,"Beijing Geekplus Technology Co., Ltd./ADR"
2085372,JSKJ,"Jiansu (Shanghai) Information Technology Co., Ltd"
2087361,MEVO,M Evo Global Acquisition Corp II
2087843,GTLRY,Greatland Resources Limited/ADR
2069821,BGHL,BILLION GROUP HOLDINGS Ltd
2072563,SAPUY,Saputo Inc./ADR
2078570,AMTU,"AMATUHI HOLDINGS, INC."
2063671,GRCPY,Canal Plus SA/ADR
2065660,DNCLY,"DeNA Co., Ltd./ADR"
2065707,HIFI,Hillhouse Frontier Holdings Inc.
2067715,ALD,"Altech Digital Co., Ltd."
2075320,PLYX,"Polaryx Therapeutics, Inc."
2075888,TDST,Thunderstone Acquisition Corp
2076739,SCII,SC II Acquisition Corp.
2076975,BRAI,Braiin Ltd
2080985,ITHA,ITHAX Acquisition Corp III
2081300,SSAC,SPACSphere Acquisition Corp.
2081468,MESH,Meshflow Acquisition Corp
2080215,USDE,StableCoinX Inc.
2080434,MFHK,MIBEE AVIATION TECHNOLOGY HOLDING INC
2083106,GADA,Grayscale Cardano Trust ETF
2083493,XCBE,X3 Acquisition Corp. Ltd.
2084227,ADBT,"Advasa Holdings, Inc."
2087035,AFNX,AfterNext Acquisition I Corp.
2087852,SBCLY,Sumitomo Bakelite Co Limited/ADR
2088103,XFLH,XFLH Capital Corp
2088339,OBBCY,"OBIC Business Consultants Co., Ltd./ADR"
2094687,CRAUY,"Chery Automobile Co., Ltd./ADR"
2098397,ANJFY,"Anjoy Foods Group Co., Ltd./ADR"
2100603,MPJPY,Metaplanet Inc.
1958489,CRGT,"Cortigent, Inc."
1918414,NBRG,Newbridge Acquisition Ltd
1934807,NXFTY,Next Fifteen Communications Group plc/ADR
1896036,EIIA,Eagle Point Institutional Income Fund
1898443,FNXMF,FINEX METALS LTD.
2063022,RGGG,Regenique Group Ltd
2064551,GST,Ga Sai Tong Enterprise Ltd
2055938,GRLMF,GreenLight Metals Inc.
2061918,MSMU,MSM FRONTIER CAPITAL ACQUISITION CORP.
2060614,XPD,Xpand Boom Technology Inc.
2061911,MXUBY,Mixue Bingcheng Co Ltd/ADR
2039072,DAVI,DAVION HEALTHCARE PLC
2025000,GSNR,Grayscale Near Trust (NEAR)
2017541,GVSE,Gameverse Interactive Corp
2035053,AVAX,Grayscale Avalanche Trust (AVAX)
2035832,AKTS,"Aktis Oncology, Inc."
2038958,MDDTY,Mandatum Oyj/ADR
1972589,TDGGF,TDG Gold Corp.
1976663,NXNT,"Nexscient, Inc."
1980994,IBIT,iShares Bitcoin Trust ETF
1985840,DEFI,Tidal Commodities Trust I
1992092,ZDAN,Zerolimit Technology Holding Co. Ltd.
1991188,NOPFF,Nevada Organic Phosphate Inc.
1894942,FRFAF,Fresh Factory B.C. Ltd.
1896677,GSOL,Grayscale Solana Trust ETF
1916101,OBNB,Osprey BNB Chain Trust
1984192,RSHL,Rise Smart Group Holdings Ltd
1994238,BORMF,Borealis Mining Co Ltd
1997799,INKS,Aimfinity Investment Merger Sub I
1997950,INHI,Unitrend Entertainment Group Ltd
2011535,EZET,Franklin Ethereum Trust
1813744,WDSP,"World Scan Project, Inc."
1750153,GOEVQ,Canoo Inc.
1696556,OFRM,"Once Upon a Farm, PBC"
1872066,MIBE,MIAMI BREEZE CAR CARE INC
1815846,MSOGF,MINISO Group Holding Ltd
1906425,INAI,"Invea Therapeutics, Inc"
1915328,ISRLF,Israel Acquisitions Corp
1852753,TSLVF,TIER ONE SILVER INC.
1852024,GLIV,Grayscale Livepeer Trust (LPT)
1841175,BRRR,CoinShares Bitcoin ETF
1977837,USDW,MADE IN USA INC.
1991879,TMGX,Thoughtful Media Group Inc.
1958928,CTWO,COTWO ADVISORS PHYSICAL EUROPEAN CARBON ALLOWANCE TRUST
1934387,CGL,CGL Logistics Holdings Ltd
1999474,DTZNY,Dotz Nano Limited/ADR
2000208,KPL,Kepler Group Ltd
2007360,PRDIY,Paradox Interactive AB/ADR
2020089,GDEL,Global Development Engineering Co Ltd
2020455,ETH,Grayscale Ethereum Mini Trust ETF
2013744,ETHW,Bitwise Ethereum ETF
2013873,OMNI,OmnigenicsAI Corp
1856491,CBPHF,"Clover Biopharmaceuticals, Ltd."
1854183,ORIB,Orion Bliss Corp.
1793497,SVIX,VS Trust
1483386,GLTR,abrdn Precious Metals Basket ETF Trust
1858258,FGDL,Franklin Templeton Holdings Trust
1838003,EMI,"Encore Medical, Inc."
1852023,MANA,Grayscale Decentraland Trust (MANA)
1852025,GLNK,Grayscale Chainlink Trust ETF
1852040,GBAT,Grayscale Basic Attention Token Trust (BAT)
1889791,INNP,INNOCAN PHARMA Corp
1879270,TCRG,Cannaisseur Group Inc.
1875994,XXC,XINXU COPPER INDUSTRY TECHNOLOGY Ltd
1869699,ARKB,Ark 21Shares Bitcoin ETF
1855781,BTCO,Invesco Galaxy Bitcoin ETF
1976870,BRBF,BRB Foods Inc.
1923622,PGIM,PGIM Private Credit Fund
1952670,TVCN,TV Channels Network Inc.
1812286,VCRDX,Harrison Street Infrastructure Income Fund
1759124,IAUM,iShares Gold Trust Micro
2004385,FGO,FG Holdings Ltd
2016864,MPJS,MPJS Group Ltd
2022469,NRYCF,Nations Royalty Corp.
2037427,GXRP,Grayscale XRP Trust ETF
2033615,MGNO,"Magnolia Bancorp, Inc."
2033315,KBAT,KBAT Group Inc.
2028835,TOXR,21Shares XRP ETF
2030632,PMHMY,Perfect Medical Health Management Ltd./ADR
2075474,GGRPY,GPT Group/ADR
2076192,WSTN,Westin Acquisition Corp
2073545,SBAQ,Subversive Bitcoin Acquisition Corp.
2071912,PRSKY,PrairieSky Royalty Ltd/ADR
2072098,TMTNY,Toromont Industries Ltd./ADR
2082844,SAC,Safeguard Acquisition Corp.
2078482,LBKX,BoluoC Acquisition Corp
2080711,ZSSK,ZHONGSHANG TECHNOLOGY INC
2081358,CRAN,Crane Harbor Acquisition Corp. II
2082876,FHFFY,Foshan Haitian Flavouring & Food Co Ltd./ADR
2083119,MRCA,Canary American-Made Crypto ETF
2083137,DOT,Grayscale Polkadot Trust ETF
2084948,HBAR,Grayscale Hedera Trust ETF
2085659,SVAQ,Silicon Valley Acquisition Corp.
2086545,ARTC,Art Technology Acquisition Corp.
2087513,FTY,"Feitu Shanglian Cloud Information Technology Co., Ltd"
2087856,AKCLY,Aica Kogyo Co Limited/ADR
2045440,IDTL,Idea Tech Holding Ltd
2046462,OTSA,OTSAW Ltd
2046919,RNBW,Rainbow Capital Holdings Ltd
2049184,BAO,BAO Holding Ltd.
2049977,STA,"Starton Holdings, Inc."
2050338,CLBZ,Collab Z Inc.
2051985,IRHO,Iron Horse Acquisition II Corp.
2063231,CLRLY,Central Retail Corp Public Co Limited/ADR
2068711,CSC,CSC Collective Holdings Ltd
2069858,APEX,APEX Global Solutions Ltd
2058976,RIKU,RIKU DINING GROUP Ltd
2065932,FRLCY,Freelancer Ltd
2063417,MREGY,Meridian Energy Ltd/ADR
2066600,SCBXY,SCB X Public Co Ltd
2099656,HLXC,Helix Acquisition Corp. III
2094201,DPDSY,DPC DASH LTD/ADR
2094265,MLAA,Mountain Lake Acquisition Corp. II
2094433,RMIX,"Suncrete, Inc."
2096755,TVIV,Texas Ventures Acquisition IV Corp
1703118,FUU,F3 Uranium Corp.
1753347,EOHC,Edison Oncology Holding Corp
1740604,BTGO,"BITGO HOLDINGS, INC."
1674356,TPTA,"Terra Property Trust, Inc."
2082847,BWIV,Blue Water Acquisition Corp. IV
2086524,KII,K2 Capital Acquisition Corp
2088749,KBON,Karbon Capital Partners Corp.
2098860,SICCY,"SICC Co., Ltd./ADR"
2089499,GLVPY,GLENVEAGH PROPERTIES PLC/ADR
2092258,AWATY,Air Water Inc./ADR
2093912,PTOR,Praetorian Acquisition Corp.
2098324,SWBKY,Shawbrook Group plc/ADR
2074409,QSOL,Invesco Galaxy Solana ETF
2073638,FNIGY,Finning International Inc./ADR
2073655,TPZEY,Topaz Energy Corp./ADR
2075877,BKPOY,Bank Pekao S.A./ADR
2078721,RONE,"ReserveOne Holdings, Inc."
2078871,EUPX,EUPEC International Group Ltd
2078653,RNGT,Range Capital Acquisition Corp II
2071166,LCDC,LORENZO DEVELOPMENTS INC.
2072033,CAEA,Caedryn Acquisition Corp I
2095292,BVENY,Brava Energia S.A.
2098381,LNTCY,"Lens Technology Co., Ltd./ADR"
2067171,IDXMF,IDEX METALS CORP.
2092248,NGCOY,"Nagase & Co., Ltd./ADR"
2093618,NBKBY,Noba Bank Group AG/ADR
2093654,ZJGIY,Zijin Gold International Co Limited/ADR
2091663,CDTHY,CONDUIT HOLDINGS LTD/ADR
2093667,MRUWY,"Maruwa Co., Ltd./ADR"
2034012,GSUI,Grayscale Sui Trust (SUI)
2039096,ELCG,ELC Group Holdings Ltd.
2046098,ALEUY,ALLEGRO.EU SA/ADR
2087840,ZGJLY,"Zhejiang Leapmotor Technology Co., Ltd./ADR"
2088776,ZSHLY,"Zensho Holdings Co., Ltd./ADR"
2092252,RENGY,"Rengo Co., Ltd./ADR"
2093524,APUR,Aperture AC
2093856,APXC,APEX CRITICAL METALS CORP.
2098329,PRNSY,Princes Group plc/ADR
2025255,AIGO,AIGO HOLDING Ltd
2023870,LPCHY,Lapco Holdings Limited/ADR
2021880,HMH,HMH Holding Inc
2022097,MEDG,MEDI Group Ltd
2023719,GFTTY,GFT Technologies SE/ADR
2049323,AMPM,AM PM Group Ltd
2051146,SUWA,Sharewow Ltd
2059702,MEON,MEDIAON GROUP INC.
2064381,THCLY,"Toho Co., Ltd./ADR"
2065232,FIT,Fitness Fanatics Ltd
2065282,ACMIF,Allied Critical Metals Corp.
2065485,JXAMY,JX Advanced Metals Corporation/ADR
2056450,BXRLY,Boxer Retail Limited/ADR
2057388,SOEZ,Franklin Solana Trust
2063413,SMPHY,SM Prime Holdings Inc./ADR
2048270,SMFSY,"Sumitomo Forestry Co., Ltd./ADR"
2062583,MMED,"MiniMed Group, Inc."
2063685,PSBTY,PT Sumber Alfaria Trijaya Tbk/ADR
2087500,NHKSY,NHK Spring Co. Ltd/ADR
2089174,PTAXY,Paltac Corporation/ADR
2089506,TEICY,TOSEI CORP/ADR
2085177,QRED,QuasarEdge Acquisition Corp
2085796,LPSL,Launchpad Streetlight Acquisition Corp
2085932,CLSO,Climate Transition Special Opportunities SPAC I
2086264,VHCP,Vine Hill Capital Investment Corp. II
2078895,ASKRY,Asker Healthcare Group AB/ADR
2077242,STJNY,Stella-Jones Inc./ADR
2073615,ELFTY,Element Fleet Management Corp./ADR
2073913,NWCYY,North West Co Inc./ADR
2075036,EVON,EvoNexus Group LTD
2071911,CPXXY,Capital Power Corp/ADR
2067746,JOSS,"JOSS Realty REIT, Inc."
2071607,BMOK,BM Acquisition Corp.
1516535,MROSY,Melrose Industries Plc/ADR
2098326,SNHIY,"Sany Heavy Industries Co., Ltd./ADR"
2093907,RKGRY,RENK Group AG/ADR
2100125,CAQ,Cambridge Acquisition Corp.
2090231,MTMTY,Metlen Energy & Metals PLC/ADR
2101973,AFNDY,Allfunds Group PLC./ADR
2084388,XYJG,XYJ TECHNOLOGY Corp
2085485,TRAD,APEX Tech Acquisition Inc.
2086587,YSS,"Yellowstone Midco Holdings II, LLC"
2088325,OIM,OneIM Acquisition Corp.
2088827,HRBAY,"Horiba, Ltd./ADR"
1633369,CAST,"FreeCast, Inc."
2013100,VTEK,VISTEK LTD
2024996,STCK,Grayscale Stacks Trust (STX)
2023275,GYGLF,Guzman y Gomez Ltd
2019367,ATHNY,Athens International Airport SA/ADR
2032399,MYCRY,Mycronic AB/ADR
2033522,BTAB,IWAC Holding Co Inc.
2036060,SBMW,"Security Midwest Bancorp, Inc."
2041208,TREO,Plum III Merger Corp.
2073804,TCLXY,TCL Electronics Holdings Limited/ADR
2072389,NPIXY,Northland Power Inc./ADR
2067016,HAMA,HAMA Intelligence Ltd
2067602,SSTR,Solar Strategy Holdings Ltd
2073268,BIREY,Birchcliff Energy Ltd./ADR
2073643,METRY,METRO INC./ADR
2079720,BUDA,Buda Juice LLC
2081438,GONYF,GO Residential Real Estate Investment Trust
2078037,GRVT,GreenVector Holdings Ltd
2079109,VRXA,Veraxa Biotech Holding AG
2082542,BIXI,Bitcoin Infrastructure Acquisition Corp Ltd
2083689,AEAQ,Activate Energy Acquisition Corp.
2083728,LPCV,Launchpad Cadenza Acquisition Corp I
2084396,IEAG,Infinite Eagle Acquisition Corp.
2087447,ZKP,Lafayette Digital Acquisition Corp. I
2053791,BWOW,Bitwise Dogecoin ETF
2052053,PWRL,Powerlaw Corp.
2065812,FSSL,FS Specialty Lending Fund
2048847,FCHDF,Fairchild Gold Corp.
2041493,ALUB,Alussa Energy Acquisition Corp. II
2044984,ARSTY,Ariston Holding N.V./ADR
2042176,SMIP,"SPECTRAL IP, INC."
2042444,OBNK,Osprey BONK Trust
1652044,GOOG,Alphabet Inc.
14272,BMYMP,BRISTOL MYERS SQUIBB CO
36104,USB-PA,US BANCORP \DE\
1067983,BRK-A,BERKSHIRE HATHAWAY INC
1046179,TSMWF,TAIWAN SEMICONDUCTOR MANUFACTURING CO LTD
937966,ASMLF,ASML HOLDING NV
19617,JPM-PC,JPMORGAN CHASE & CO
1577552,BABAF,Alibaba Group Holding Ltd
19617,JPM-PD,JPMORGAN CHASE & CO
70858,BML-PG,BANK OF AMERICA CORP /DE/
2008670,RCIT,REELCAUSE INC
1000184,SAPGF,SAP SE
901832,AZNCF,ASTRAZENECA PLC
1114448,NVSEF,NOVARTIS AG
1108329,PCCYF,PETROCHINA CO LTD
70858,BML-PL,BANK OF AMERICA CORP /DE/
70858,BAC-PB,BANK OF AMERICA CORP /DE/
70858,BML-PH,BANK OF AMERICA CORP /DE/
1094517,TOYOF,TOYOTA MOTOR CORP/
70858,BAC-PK,BANK OF AMERICA CORP /DE/
70858,BML-PJ,BANK OF AMERICA CORP /DE/
353278,NONOF,NOVO NORDISK A S
70858,BAC-PE,BANK OF AMERICA CORP /DE/
1306965,RYDAF,Shell plc
1089113,HBCYF,HSBC HOLDINGS PLC
72971,WFC-PY,WELLS FARGO & COMPANY/MN
1268896,CILJF,CHINA LIFE INSURANCE CO LTD
1378580,EADSF,Airbus SE/ADR
72971,WFC-PL,WELLS FARGO & COMPANY/MN
67088,MBFJF,MITSUBISHI UFJ FINANCIAL GROUP INC
891478,BCDRF,"Banco Santander, S.A."
313838,SNEJF,Sony Group Corp
732717,TBB,AT&T INC.
1091587,ABLZF,ABB LTD
1121404,SNYNF,Sanofi
1091587,ABBNY,ABB LTD
1668717,BUDFF,Anheuser-Busch InBev SA/NV
1303523,BTAFF,British American Tobacco p.l.c.
72971,WFC-PC,WELLS FARGO & COMPANY/MN
946770,DTEGF,DEUTSCHE TELEKOM AG
313807,BPAQF,BP PLC
863064,RTPPF,RIO TINTO PLC
1022837,SMFNF,"SUMITOMO MITSUI FINANCIAL GROUP, INC."
1438656,IDEXF,Industria de Diseno Textil Inditex SA / ADR
1445162,BYDDF,BYD CO LTD
70866,NCRRP,NCR Voyix Corp
1131399,GLAXF,GSK plc
1161167,AIQUF,L AIR LIQUIDE SA /FI
1123658,SNPMF,CHINA PETROLEUM & CHEMICAL CORP
1067318,MBGAF,DAIMLER AG
1110646,NETTF,"NetEase, Inc."
769594,NTTYY,NIPPON TELEGRAPH & TELEPHONE CORP
1026214,FMCCT,FEDERAL HOME LOAN MORTGAGE CORP
36104,USB-PH,US BANCORP \DE\
895728,EBBNF,ENBRIDGE INC
30554,CTA-PB,"EIDP, Inc."
36104,USB-PP,US BANCORP \DE\
1445465,PPRUF,Kering
886982,GS-PA,GOLDMAN SACHS GROUP INC
1129137,AMXOF,AMERICA MOVIL SAB DE CV/
886982,GS-PD,GOLDMAN SACHS GROUP INC
895421,MS-PA,MORGAN STANLEY
895421,MS-PK,MORGAN STANLEY
895564,BAESF,BAE SYSTEMS PLC /FI/
895421,MS-PI,MORGAN STANLEY
1119639,PBR-A,PETROBRAS - PETROLEO BRASILEIRO SA
1106215,KDDIF,KDDI CORP
895421,MS-PF,MORGAN STANLEY
895421,MS-PE,MORGAN STANLEY
1446250,BAMXF,Bayerische Motoren Werke AG/ADR
92230,TFC,TRUIST FINANCIAL CORP
929869,RLXXF,RELX PLC
1326160,DUK-PA,Duke Energy CORP
1002242,EIPAF,ENI SPA
1166691,CCZ,COMCAST CORP
1446250,BYMOF,Bayerische Motoren Werke AG/ADR
1329099,BAIDF,"Baidu, Inc."
719245,WEBNF,WESTPAC BANKING CORP
1107457,IFNNF,INFINEON TECHNOLOGIES AG
1335730,MZHOF,MIZUHO FINANCIAL GROUP INC
47710,HTHIF,HITACHI LTD
316709,SCHW-PD,SCHWAB CHARLES CORP
1004315,NGGTF,NATIONAL GRID PLC
1395064,TKPHF,TAKEDA PHARMACEUTICAL CO LTD
1446519,DKILF,Daikin Industries Ltd
718940,BECEF,BCE INC
1063761,SPG-PJ,SIMON PROPERTY GROUP INC.
1512673,BSQKZ,"Block, Inc."
835403,DGEAF,DIAGEO PLC
30554,CTA-PA,"EIDP, Inc."
1232384,TNCAF,TC ENERGY CORP
1039765,INGVF,ING GROEP NV
1099219,MET-PA,METLIFE INC
1269238,TRPCF,Trip.com Group Ltd
355363,ITOCF,ITOCHU CORP
1549802,JDCMF,"JD.com, Inc."
1099219,MET-PE,METLIFE INC
1160106,LLDTF,Lloyds Banking Group plc
842180,BBVXF,"BANCO BILBAO VIZCAYA ARGENTARIA, S.A."
1900304,HLNCF,Haleon plc
1232384,TCANF,TC ENERGY CORP
1393311,PSA-PH,Public Storage
46619,HEI-A,HEICO CORP
715153,HNDAF,HONDA MOTOR CO LTD
1359519,SVNDF,SEVEN & I HOLDINGS CO LTD
1001085,BAMGF,BROOKFIELD Corp /ON/
924613,NOKBF,NOKIA CORP
886986,TCKRF,TECK RESOURCES LTD
1279967,CRARF,CREDIT AGRICOLE S A
1136808,ENAKF,E.ON SE
899051,ALL-PB,ALLSTATE CORP
844150,RBSPF,NatWest Group plc
717826,ERIXF,ERICSSON LM TELEPHONE CO
1393311,PSA-PK,Public Storage
899051,ALL-PH,ALLSTATE CORP
1038143,FNCTF,ORANGE
35527,FITB,FIFTH THIRD BANCORP
800365,FUJIF,FUJI PHOTO FILM CO LTD /FI
1754301,FOX,Fox Corp
920760,LEN-B,LENNAR CORP /NEW/
1535628,CIXPF,CaixaBank/ADR
312069,BCLYF,BARCLAYS PLC
943819,RSMDF,RESMED INC
1012037,CODGF,COMPAGNIE DE SAINT GOBAIN
1791706,LAAOF,Li Auto Inc.
1070304,ORXCF,ORIX CORP
814052,TEFOF,TELEFONICA S A
839923,VODPF,VODAFONE GROUP PUBLIC LTD CO
16988,CAJPY,CANON INC
1160330,BBDO,BANK BRADESCO
798941,FCNCB,FIRST CITIZENS BANCSHARES INC /DE/
1434265,GNMSF,GENMAB A/S
1700171,ANNSF,Aena S.A./ADR
1297996,DLR-PK,"DIGITAL REALTY TRUST, INC."
1560385,FWONK,Liberty Media Corp
932787,STMEF,STMicroelectronics N.V.
1518258,ASHTF,Ashtead Group plc/ADR
1142231,HKHHF,HEINEKEN HOLDING N V
1712356,HRNNF,Hydro One Ltd
1243429,AMSYF,ArcelorMittal
1436778,SAXPF,Sampo OYJ
1038683,RYAOF,RYANAIR HOLDINGS PLC
63754,MKC-V,MCCORMICK & CO INC
1190723,TNRSF,TENARIS SA
1618755,RSTRF,Restaurant Brands International Limited Partnership
92122,SOJC,SOUTHERN CO
16988,CAJFF,CANON INC
1297996,DLR-PJ,"DIGITAL REALTY TRUST, INC."
910631,COCSF,COCA COLA FEMSA SAB DE CV
1126113,TELNF,TELENOR ASA
1810997,XPNGF,XPENG INC.
1617640,Z,"ZILLOW GROUP, INC."
93751,STT-PG,STATE STREET CORP
310522,FNMAS,FEDERAL NATIONAL MORTGAGE ASSOCIATION FANNIE MAE
1449566,WLMIF,Wilmar International Ltd
1093028,EJPRF,EAST JAPAN RAILWAY CO /FI
310522,FNMAJ,FEDERAL NATIONAL MORTGAGE ASSOCIATION FANNIE MAE
874766,HIG-PG,"HARTFORD INSURANCE GROUP, INC."
1560385,FWONB,Liberty Media Corp
310522,FNMAH,FEDERAL NATIONAL MORTGAGE ASSOCIATION FANNIE MAE
1450346,POAHF,Porsche Automobil Holding SE / ADR
1163653,NRSCF,NOMURA HOLDINGS INC
1159152,JHIUF,James Hardie Industries plc
1564708,NWS,NEWS CORP
1518542,SPXSF,Spirax-Sarco Engineering PLC/ADR
313216,RYLPF,KONINKLIJKE PHILIPS NV
1748790,AMCCF,Amcor plc
1450159,SURDF,"Sumitomo Realty & Development Co., Ltd./ADR"
12208,BIO-B,"BIO-RAD LABORATORIES, INC."
1030475,CHEAF,CHINA EASTERN AIRLINES CORP LTD
1041668,CHKIF,CHINA SOUTHERN AIRLINES CO LTD
1158838,ADTTF,ADVANTEST CORP
91576,KEY-PK,KEYCORP /NEW/
904868,FSNUF,Fresenius SE & Co. KGaA
818686,TEVJF,TEVA PHARMACEUTICAL INDUSTRIES LTD
1517231,SSMXF,Sysmex Corporation/ADR
1078642,CRERF,CARREFOUR SA
91576,KEY-PJ,KEYCORP /NEW/
1475011,JBARF,Julius Baer Group Ltd.
1281721,SGIOF,SHIONOGI & CO LTD
915191,FRFFF,FAIRFAX FINANCIAL HOLDINGS LTD/ CAN
1043219,NLY-PG,ANNALY CAPITAL MANAGEMENT INC
1043219,NLY-PF,ANNALY CAPITAL MANAGEMENT INC
1547873,PTPIF,PT Chandra Asri Petrochemical Tbk/ADR
1131345,NVZMF,NOVOZYMES AS/FI
1858681,APO-PA,"Apollo Global Management, Inc."
91576,KEY-PI,KEYCORP /NEW/
1736541,NIOIF,NIO Inc.
927971,FNGD,BANK OF MONTREAL /CAN/
1172724,GFIOF,GOLD FIELDS LTD
915191,FRFXF,FAIRFAX FINANCIAL HOLDINGS LTD/ CAN
1003935,NCSYF,NICE Ltd.
930826,SVYSF,SOLVAY S A /ADR/
1474968,GELYF,Geely Automobile Holdings Limited/ADR
1333172,NMPGY,Navios Maritime Holdings Inc.
105016,WSO-B,WATSCO INC
1333141,FMCQF,Fresenius Medical Care AG
912595,MAA-PI,MID AMERICA APARTMENT COMMUNITIES INC.
1611983,LBRDB,Liberty Broadband Corp
1281761,RF-PC,REGIONS FINANCIAL CORP
845982,SNNUF,SMITH & NEPHEW PLC
14693,BF-B,BROWN FORMAN CORP
1611983,LBRDK,Liberty Broadband Corp
1072397,BZLFF,BUNZL PLC
947484,ACGLO,ARCH CAPITAL GROUP LTD.
1161611,ALMMF,ALUMINUM CORP OF CHINA LTD
1127248,ERRAF,EMERA INC
4457,UHAL-B,U-Haul Holding Co /NV/
24545,TAP-A,MOLSON COORS BEVERAGE CO
1446597,DQJCF,Don Quijote Holdings Co Ltd
1504122,PBNNF,PT Bank Negara Indonesia (Persero) Tbk/ADR
806968,WPPGF,WPP plc
1437672,PRYMF,Prysmian S.p.A.
1690981,NNGPF,NN Group NV/ADR
1062066,AOMFF,ALSTOM
1347557,GPAEF,Pacific Airport Group
1034983,MNBEF,MINEBEA MITSUMI Inc.
1786909,SBYSF,Sibanye Stillwater Ltd
1446656,KIKOF,Kikkoman Corp
769218,AEGOF,AEGON LTD.
1125259,CUKPF,CARNIVAL PLC
1026214,FREJO,FEDERAL HOME LOAN MORTGAGE CORP
1447100,YAMHF,"Yamaha Motor Co., Ltd."
1026214,FMCKI,FEDERAL HOME LOAN MORTGAGE CORP
2057463,GLIBB,"GCI Liberty, Inc."
1161611,ACH,ALUMINUM CORP OF CHINA LTD
353991,NDEKF,NITTO DENKO CORP / ADR/
1123452,ASRMF,SOUTHEAST AIRPORT GROUP
1567172,JGSHF,"JG Summit Holdings, Inc./ADR"
1570585,LBTYB,Liberty Global Ltd.
100826,UEPCN,UNION ELECTRIC CO
1076378,CXMSF,CEMEX SAB DE CV
2072563,SAPIF,Saputo Inc./ADR
1544379,DINRF,"SCREEN Holdings Co., Ltd./ADR"
938323,PSORF,PEARSON PLC
898174,RZB,REINSURANCE GROUP OF AMERICA INC
1423689,AGNCM,AGNC Investment Corp.
1423689,AGNCN,AGNC Investment Corp.
1026214,FMCCI,FEDERAL HOME LOAN MORTGAGE CORP
100826,UEPEP,UNION ELECTRIC CO
100826,UEPEO,UNION ELECTRIC CO
1884082,PSNYW,Polestar Automotive Holding UK PLC
314590,SASOF,SASOL LTD
899689,VNORP,VORNADO REALTY TRUST
1562401,AMH-PH,American Homes 4 Rent
34903,FRT-PC,FEDERAL REALTY INVESTMENT TRUST
1600520,OSCUF,"Japan Exchange Group, Inc./ADR"
1346287,CLUS,Cluster Group Holdings Ltd Co
1562401,AMH-PG,American Homes 4 Rent
899689,VNO-PL,VORNADO REALTY TRUST
1642365,ALTB,Alpine Auto Brokers Inc.
100826,UEPCP,UNION ELECTRIC CO
886982,GS-PC,GOLDMAN SACHS GROUP INC
899689,VNO-PM,VORNADO REALTY TRUST
1527469,ATH-PA,Athene Holding Ltd.
1157557,CIG-C,ENERGY CO OF MINAS GERAIS
1447100,YMHAY,"Yamaha Motor Co., Ltd."
2084022,SFGRF,Sony Financial Group Inc./ADR
100826,UEPEN,UNION ELECTRIC CO
1723690,BLBLF,Bilibili Inc.
1535929,VOYA-PB,"Voya Financial, Inc."
1562805,XZJCF,Mitsui Kinzoku Co Ltd./ADR
1438569,GIFLF,Grifols SA
1668501,KOSCF,Kose Corporation/ADR
1489079,PADEF,Adaro Energy PT/ADR/
1438569,GIFOF,Grifols SA
1710864,MSUXF,Misumi Group Inc./ADR
1289688,JCYCF,Jardine Cycle & Carriage Ltd.
913144,RNR-PF,RENAISSANCERE HOLDINGS LTD
1481045,DSECF,Daiwa Securities Group Inc.
811156,CMSA,CMS ENERGY CORP
879101,KIM-PM,KIMCO REALTY CORP
100826,UEPEM,UNION ELECTRIC CO
1040971,SLG-PI,SL GREEN REALTY CORP
1567683,CWEN-A,"Clearway Energy, Inc."
879101,KIM-PL,KIMCO REALTY CORP
1446596,FANUF,Fanuc Ltd
1581285,BCUCF,Brunello Cucinelli S.p.A./ADR
1447126,KAKKF,Kawasaki Kisen Kaisha Ltd
1581760,LIFX,"Life360, Inc."
1438569,GIKLY,Grifols SA
1004980,PCG-PA,PG&E Corp
1593538,JSM,NAVIENT CORP
1403528,OAK-PB,"Brookfield Oaktree Holdings, LLC"
5513,UNMA,Unum Group
1004980,PCG-PB,PG&E Corp
18349,SNV-PD,SYNOVUS FINANCIAL CORP
1370418,SLFPF,STANDARD LIFE PLC
1446420,MITUF,Mitsui Chemicals Inc
763901,BPOPO,"POPULAR, INC."
1023514,HGMCF,HARMONY GOLD MINING CO LTD
2068427,ZLDPF,Zealand Pharma A/S/ADR
1506721,BLFBY,Balfour Beatty plc/ADR
78150,PHTCF,PLDT Inc.
2006911,HOYFF,Huhtamaki Oyj/ADR
1004980,PCG-PE,PG&E Corp
1695519,ATGFF,AltaGas Ltd.
1469395,PPENF,Pampa Energy Inc.
1004980,PCG-PD,PG&E Corp
1045450,EPR-PG,EPR PROPERTIES
1004980,PCG-PC,PG&E Corp
794685,GAB-PG,GABELLI EQUITY TRUST INC
310522,FNMFN,FEDERAL NATIONAL MORTGAGE ASSOCIATION FANNIE MAE
1004980,PCG-PH,PG&E Corp
925261,AKO-B,ANDINA BOTTLING CO INC
1559444,FURCF,FORVIA SE/ADR
1012019,RUSHB,RUSH ENTERPRISES INC \TX\
1004980,PCG-PG,PG&E Corp
1378239,GAERF,Central North Airport Group
1214816,AXS-PE,AXIS CAPITAL HOLDINGS LTD
936340,DTW,DTE ENERGY CO
1126956,SR-PA,SPIRE INC
1004980,PCG-PI,PG&E Corp
932470,TCMFF,TELECOM ARGENTINA SA
1032033,SLMBP,SLM Corp
1592438,ROYMY,Royal Mail plc/ADR
1571283,REXR-PB,"Rexford Industrial Realty, Inc."
1049724,DLAKF,DEUTSCHE LUFTHANSA A G /FI
78814,PBI-PB,PITNEY BOWES INC /DE/
720672,SF-PB,STIFEL FINANCIAL CORP
1570585,LBTYK,Liberty Global Ltd.
1465740,TWO-PC,TWO HARBORS INVESTMENT CORP.
1564538,GRP-UN,GRANITE REAL ESTATE INVESTMENT TRUST
1792627,JTKWY,Just Eat Takeaway.com N.V.
1685040,BHFAL,"Brighthouse Financial, Inc."
43920,GEF-B,"GREIF, INC"
908732,SPTJF,SINOPEC SHANGHAI PETROCHEMICAL CO LTD
1409493,CIM-PB,CHIMERA INVESTMENT CORP
1447101,TYTMF,Tokyo Tatemono Co Ltd
1409493,CIM-PD,CHIMERA INVESTMENT CORP
67887,MOG-B,MOOG INC.
714310,VLYPP,VALLEY NATIONAL BANCORP
1592049,RYKKF,Ryohin Keikaku Co/ADR
357294,HOVNP,HOVNANIAN ENTERPRISES INC
1465740,TWO-PB,TWO HARBORS INVESTMENT CORP.
1409493,CIM-PC,CHIMERA INVESTMENT CORP
1465740,TWO-PA,TWO HARBORS INVESTMENT CORP.
11544,WRB-PE,BERKLEY W R CORP
1536787,SOHGY,ALSOK Co Ltd./ADR
801337,WBS-PF,WEBSTER FINANCIAL CORP
714310,VLYPO,VALLEY NATIONAL BANCORP
1511337,RLJ-PA,RLJ Lodging Trust
1474098,PEB-PF,Pebblebrook Hotel Trust
1474098,PEB-PE,Pebblebrook Hotel Trust
7789,ASB-PE,ASSOCIATED BANC-CORP
1409493,CIM-PA,CHIMERA INVESTMENT CORP
1455633,PEGRF,Pennon Group Plc / ADR
99614,TY-P,TRI-CONTINENTAL Corp
1545057,PTXAF,PT XLSMART Telecom Sejahtera Tbk/ADR
1055160,MFA-PB,"MFA FINANCIAL, INC."
1648257,HMDCF,HUTCHMED (China) Ltd
1026214,FMCCG,FEDERAL HOME LOAN MORTGAGE CORP
1685040,BHFAP,"Brighthouse Financial, Inc."
1958140,BATRK,"Atlanta Braves Holdings, Inc."
310522,FNMAM,FEDERAL NATIONAL MORTGAGE ASSOCIATION FANNIE MAE
18654,AILLI,Ameren Illinois Co
1660734,TRTN-PA,Triton International Ltd
1618563,NSA-PA,National Storage Affiliates Trust
1958140,BATRB,"Atlanta Braves Holdings, Inc."
107815,WELPP,WISCONSIN ELECTRIC POWER CO
18654,AILLM,Ameren Illinois Co
18654,AILLN,Ameren Illinois Co
92108,SOCGP,SOUTHERN CALIFORNIA GAS CO
1448611,CDGLF,ComfortDelGro Corp Ltd
310522,FNMAN,FEDERAL NATIONAL MORTGAGE ASSOCIATION FANNIE MAE
1628063,SRG-PA,Seritage Growth Properties
98677,TROLB,TOOTSIE ROLL INDUSTRIES INC
18654,AILIM,Ameren Illinois Co
1026214,FMCCJ,FEDERAL HOME LOAN MORTGAGE CORP
310522,FNMAI,FEDERAL NATIONAL MORTGAGE ASSOCIATION FANNIE MAE
729580,BELFB,BEL FUSE INC /NJ
1543726,NHNKF,Nihon Kohden Corporation/ADR
1770561,CODQL,Coronado Global Resources Inc.
885275,WBHC,WILSON BANK HOLDING CO
1421876,GLPGF,GALAPAGOS NV
1336917,UA,"Under Armour, Inc."
18654,AILLO,Ameren Illinois Co
910108,LXP-PC,LXP Industrial Trust
310522,FNMAT,FEDERAL NATIONAL MORTGAGE ASSOCIATION FANNIE MAE
18654,AILIN,Ameren Illinois Co
310522,FNMAK,FEDERAL NATIONAL MORTGAGE ASSOCIATION FANNIE MAE
2035057,IFCNF,Inficon Holding AG/ADR
1174511,AEBZY,ANADOLU EFES BIRACILIK VE MALT SANAYI A S/ADR
1437071,IVR-PC,Invesco Mortgage Capital Inc.
310522,FNMAL,FEDERAL NATIONAL MORTGAGE ASSOCIATION FANNIE MAE
310522,FNMFM,FEDERAL NATIONAL MORTGAGE ASSOCIATION FANNIE MAE
8063,ATROB,ASTRONICS CORP
18654,AILLP,Ameren Illinois Co
107140,WLYB,"JOHN WILEY & SONS, INC."
310522,FNMAO,FEDERAL NATIONAL MORTGAGE ASSOCIATION FANNIE MAE
310522,FNMAG,FEDERAL NATIONAL MORTGAGE ASSOCIATION FANNIE MAE
887733,CENTA,CENTRAL GARDEN & PET CO
845877,AGM-A,FEDERAL AGRICULTURAL MORTGAGE CORP
310522,FNMFO,FEDERAL NATIONAL MORTGAGE ASSOCIATION FANNIE MAE
1267395,AHL-PE,ASPEN INSURANCE HOLDINGS LTD
1423210,ARZTF,ARYZTA AG (fka IAWS GROUP PLC)
1504461,NGL-PB,NGL Energy Partners LP
1260729,GDV-PH,GABELLI DIVIDEND & INCOME TRUST
1553079,FISK,"Empire State Realty OP, L.P."
912892,GRPFF,"GRUPO TELEVISA, S.A.B."
1412558,EVOTF,Evotec SE
1504461,NGL-PC,NGL Energy Partners LP
907254,BFS-PD,"SAUL CENTERS, INC."
1526113,GNL-PA,"Global Net Lease, Inc."
1026214,FMCCL,FEDERAL HOME LOAN MORTGAGE CORP
1553079,OGCP,"Empire State Realty OP, L.P."
1712184,LILAK,Liberty Latin America Ltd.
1026214,FMCKL,FEDERAL HOME LOAN MORTGAGE CORP
1464423,PMT-PA,PennyMac Mortgage Investment Trust
1464423,PMT-PB,PennyMac Mortgage Investment Trust
1578955,SBOEF,SBO AG/ADR
1712184,LILAB,Liberty Latin America Ltd.
1585389,STSFF,"SmartStop Self Storage REIT, Inc."
1280784,HCXY,"Hercules Capital, Inc."
794685,GAB-PH,GABELLI EQUITY TRUST INC
1026214,FMCCS,FEDERAL HOME LOAN MORTGAGE CORP
1412100,MHLA,"Maiden Holdings, Ltd."
1026214,FMCCO,FEDERAL HOME LOAN MORTGAGE CORP
1267395,AHL-PD,ASPEN INSURANCE HOLDINGS LTD
1345126,CODI-PB,Compass Diversified Holdings
1026214,FMCKN,FEDERAL HOME LOAN MORTGAGE CORP
1026214,FREJN,FEDERAL HOME LOAN MORTGAGE CORP
1503154,CMGMF,Chemring Group PLC/ADR
1026214,FMCCN,FEDERAL HOME LOAN MORTGAGE CORP
1026214,FMCKO,FEDERAL HOME LOAN MORTGAGE CORP
1598655,GLOP-PB,GasLog Partners LP
1026214,FMCKJ,FEDERAL HOME LOAN MORTGAGE CORP
1026214,FMCKM,FEDERAL HOME LOAN MORTGAGE CORP
1598655,GLOP-PC,GasLog Partners LP
1026214,FREGP,FEDERAL HOME LOAN MORTGAGE CORP
1598655,GLOP-PA,GasLog Partners LP
1026214,FMCCH,FEDERAL HOME LOAN MORTGAGE CORP
1026214,FMCCK,FEDERAL HOME LOAN MORTGAGE CORP
922358,FGPRB,FERRELLGAS PARTNERS L P
1726173,BH,Biglari Holdings Inc.
719413,HL-PB,HECLA MINING CO/DE/
1026214,FMCCP,FEDERAL HOME LOAN MORTGAGE CORP
1026214,FMCCM,FEDERAL HOME LOAN MORTGAGE CORP
1026214,FMCKP,FEDERAL HOME LOAN MORTGAGE CORP
1569187,AHH-PA,"Armada Hoffler Properties, Inc."
1897463,GRAF-UN,Graf Global Corp.
1164009,FXCNF,FIH Mobile Ltd
2079013,HCACU,Hall Chadwick Acquisition Corp
1677576,IIPR-PA,INNOVATIVE INDUSTRIAL PROPERTIES INC
1497645,INN-PE,"Summit Hotel Properties, Inc."
40417,GAM-PB,GENERAL AMERICAN INVESTORS CO INC
1811115,RNLXY,Renalytix plc
1452857,SPLP,STEEL PARTNERS HOLDINGS L.P.
1345126,CODI-PA,Compass Diversified Holdings
800457,DGICB,DONEGAL GROUP INC
43196,GTN-A,"GRAY MEDIA, INC"
88948,SENEB,Seneca Foods Corp
1345099,MEOBF,MESOBLAST LTD
1023512,DRDGF,DRDGOLD LTD
1496454,CHTH,"CNL Healthcare Properties, Inc."
357294,HOVVB,HOVNANIAN ENTERPRISES INC
1503584,CMRE-PD,Costamare Inc.
1503584,CMRE-PB,Costamare Inc.
1503584,CMRE-PC,Costamare Inc.
845877,AGM-PD,FEDERAL AGRICULTURAL MORTGAGE CORP
1561032,HLTC,"National Healthcare Properties, Inc."
216085,HVT-A,HAVERTY FURNITURE COMPANIES INC
921671,GGT-PE,GABELLI MULTIMEDIA TRUST INC.
1313510,GGN-PB,"GAMCO Global Gold, Natural Resources & Income Trust"
1124804,MDRX,Veradigm Inc.
1505065,BRSYF,Brainsway Ltd.
1593222,CIO-PA,"City Office REIT, Inc."
1514281,MITT-PA,"TPG Mortgage Investment Trust, Inc."
353184,AIRTP,AIR T INC
752642,UMH-PD,"UMH PROPERTIES, INC."
1537543,MTGRF,MGX Resources Limited/ADR
1604174,ECCX,Eagle Point Credit Co Inc.
1514281,MITT-PB,"TPG Mortgage Investment Trust, Inc."
1751912,NGENF,NERVGEN PHARMA CORP.
1854078,RLFTY,Relief Therapeutics Holding SA
1214935,NCV-PA,Virtus Convertible & Income Fund
1587987,NEWTI,"NewtekOne, Inc."
1782999,PTCHF,PureTech Health plc
1495222,OXLCO,Oxford Lane Capital Corp.
25475,CRD-B,CRAWFORD & CO
1495240,LANDM,GLADSTONE LAND Corp
1533615,GMRE-PA,Global Medical REIT Inc.
1762303,AVHHL,"AVITA Medical, Inc."
1762506,VSOGF,"Vista Energy, S.A.B. de C.V."
1815620,CKDXF,Opthea Ltd
23426,CNTHP,CONNECTICUT LIGHT & POWER CO
1400891,IHRTB,"iHeartMedia, Inc."
23426,CNLPL,CONNECTICUT LIGHT & POWER CO
1080720,GUT-PC,GABELLI UTILITY TRUST
1227857,NCZ-PA,Virtus Convertible & Income Fund II
1271554,ERLFF,Entree Resources Ltd.
1799191,DFPH,"Oncology Institute, Inc."
1318885,DSX-PB,DIANA SHIPPING INC.
23426,CNTHO,CONNECTICUT LIGHT & POWER CO
1641601,RVRF,River Financial Corp
1393044,MTMV,Motomova Inc
55135,KELYB,KELLY SERVICES INC
1232582,AHT-PD,ASHFORD HOSPITALITY TRUST INC
1571776,CHMI-PB,Cherry Hill Mortgage Investment Corp
1574085,BHR-PB,Braemar Hotels & Resorts Inc.
1506184,PRRUF,IMMUTEP Ltd
23426,CNTHN,CONNECTICUT LIGHT & POWER CO
1944955,FNMCD,FIRST NORDIC METALS CORP.
1479615,SLNCF,Silence Therapeutics plc
1574085,BHR-PD,Braemar Hotels & Resorts Inc.
1944885,APLMW,Apollomics Inc.
23426,CNLHP,CONNECTICUT LIGHT & POWER CO
1243429,ARCXF,ArcelorMittal
1232582,AHT-PG,ASHFORD HOSPITALITY TRUST INC
23426,CNLTP,CONNECTICUT LIGHT & POWER CO
1498067,CTGL,"CITRINE GLOBAL, CORP."
23426,CNLTL,CONNECTICUT LIGHT & POWER CO
1598599,IPHYF,Innate Pharma SA
23426,CNPWM,CONNECTICUT LIGHT & POWER CO
1232582,AHT-PH,ASHFORD HOSPITALITY TRUST INC
1232582,AHT-PF,ASHFORD HOSPITALITY TRUST INC
1232582,AHT-PI,ASHFORD HOSPITALITY TRUST INC
1653558,PRTHU,"Priority Technology Holdings, Inc."
1571776,CHMI-PA,Cherry Hill Mortgage Investment Corp
23426,CNPWP,CONNECTICUT LIGHT & POWER CO
1495240,LANDP,GLADSTONE LAND Corp
23426,CNLPM,CONNECTICUT LIGHT & POWER CO
23426,CNLHO,CONNECTICUT LIGHT & POWER CO
23426,CNLTN,CONNECTICUT LIGHT & POWER CO
1376804,VNUE,"VNUE, Inc."
1072725,GDRZF,GOLD RESERVE LTD
71508,ENO,"ENTERGY NEW ORLEANS, LLC"
23426,CNLHN,CONNECTICUT LIGHT & POWER CO
1851651,BNIGF,Beroni Group Ltd
1586454,PMHG,Prime Meridian Holding Co
1756594,IVEVF,Inventiva S.A.
1823635,ECXJ,"CXJ GROUP CO., Ltd"
1434754,SB-PC,"SAFE BULKERS, INC."
1434754,SB-PD,"SAFE BULKERS, INC."
761648,CDR-PC,"CEDAR REALTY TRUST, INC."
1347123,EBRCZ,"EBR Systems, Inc."
1578453,DLNG-PA,Dynagas LNG Partners LP
761648,CDR-PB,"CEDAR REALTY TRUST, INC."
942149,OCGSF,Outcrop Silver & Gold Corp
1552800,TTSH,"TILE SHOP HOLDINGS, INC."
1293818,OPGN,OPGEN INC
1882839,WONDF,WonderFi Technologies Inc.
894556,GEVI,"General Enterprise Ventures, Inc."
1726079,LUCN,"Lucent, Inc."
1620678,ANPCF,ANGLE plc
1814974,BBXIB,"BBX Capital, Inc."
1263011,EXNRF,EXCELLON RESOURCES INC
1871745,DSAQ,Direct Selling Acquisition Corp.
2024668,SBBCF,Simply Better Brands Corp.
2042320,AOAO,Alpha One Inc.
716634,RDIB,READING INTERNATIONAL INC
793040,ECF-PA,ELLSWORTH GROWTH & INCOME FUND LTD
1804583,RAASY,Cloopen Group Holding Ltd
1705012,FATBB,"Fat Brands, Inc"
1301236,SOHOO,Sotherly Hotels Inc.
818677,SFDL,SECURITY FEDERAL CORP
1854795,IRRX,INTEGRATED RAIL & RESOURCES ACQUISITION CORP
1501078,OFED,Oconee Federal Financial Corp.
9521,BCV-PA,BANCROFT FUND LTD
899394,HRBR,"HARBOR DIVERSIFIED, INC."
1589150,RGBPP,Regen BioPharma Inc
1282957,GLU-PB,GABELLI GLOBAL UTILITY & INCOME TRUST
1668340,BCTF,"Bancorp 34, Inc."
795800,PRMLF,NexMetals Mining Corp.
1854078,RLFTF,Relief Therapeutics Holding SA
1908984,ENDI,ENDI Corp.
1638097,ENTX,Entera Bio Ltd.
1852019,IXAQF,IX Acquisition Corp.
1007273,BKSC,BANK OF SOUTH CAROLINA CORP
1430725,GSL-PB,"Global Ship Lease, Inc."
1482430,KBSR,"KBS Real Estate Investment Trust III, Inc."
202947,CPTP,CAPITAL PROPERTIES INC /RI/
1004530,MPVDF,Mountain Province Diamonds Inc.
1907425,JOCM,JOCOM HOLDINGS CORP.
1489874,GGROU,Golden Growers Cooperative
1845799,CULL,"Cullman Bancorp, Inc. /MD/"
1867443,CNGL,Canna-Global Acquisition Corp
1845149,CBRRF,Chain Bridge I
1301236,SOHOB,Sotherly Hotels Inc.
1301236,SOHON,Sotherly Hotels Inc.
1703118,FUUFF,F3 Uranium Corp.
797564,HSTC,"HST Global, Inc."
1086303,HCIL,"Hongchang International Co., Ltd"
1876716,ASCBF,ASPAC II Acquisition Corp.
1099234,MLMC,"FrankSpeech Network, Inc."
1850059,FSHPU,Flag Ship Acquisition Corp
1855743,ARRKF,ARRAS MINERALS CORP.
1301713,SHVLF,STARCORE INTERNATIONAL MINES LTD.
1050446,STRC,Strategy Inc
1087456,UBOH,UNITED BANCSHARES INC/OH
1847360,BCOW,"1895 Bancorp of Wisconsin, Inc. /MD/"
1550453,TRLC,TriLinc Global Impact Fund LLC
1163560,GTMAY,GRUPO TMM SAB
1509223,MTBLY,"Moatable, Inc."
1816723,GRFXF,Graphex Group Ltd
1807983,MDNAF,Medicenna Therapeutics Corp.
1429260,FBIOP,"Fortress Biotech, Inc."
1590496,AKOM,Aerkomm Inc.
1468639,VICP,"Vicapsys Life Sciences, Inc."
1445654,NZEOF,New Zealand Oil & Gas Ltd/ADR
1302084,NSRCF,NextSource Materials Inc.
1429393,TKLS,"Trutankless, Inc."
1814974,BBXIA,"BBX Capital, Inc."
1532595,SINC,Sincerity Applied Materials Holdings Corp.
1075706,CIZN,CITIZENS HOLDING CO /MS/
1041657,UONEK,"URBAN ONE, INC."
1452804,RMHI,"Retrieve Medical Holdings, Inc."
1823365,GBNY,"Generations Bancorp NY, Inc."
1239819,LUNA,LUNA INNOVATIONS INC
1861233,ILLMF,illumin Holdings Inc.
1865861,CCTSF,Cactus Acquisition Corp. 1 Ltd
1738699,WSKEF,Wisekey International Holding S.A.
1684688,JUPGF,ATLAS CRITICAL MINERALS Corp
1624985,XNDA,Tribal Rides International Corp.
1000045,OMCC,OLD MARKET CAPITAL Corp
1761911,NOWG,Nowigence Inc.
832370,EAXR,"Ealixir, Inc."
1101026,ZIVO,"Zivo Bioscience, Inc."
1723059,BIOE,Bio Essence Corp
1765826,BZRD,"Blubuzzard, Inc."
943034,AATC,AUTOSCOPE TECHNOLOGIES CORP
1683252,TKCM,TOKEN COMMUNITIES LTD.
1362898,AVLNF,Avalon Advanced Materials Inc.
1619312,LTSV,"Lightstone Value Plus REIT IV, Inc."
1365388,HSTI,"High Sierra Technologies, Inc."
1800373,GWLL,"GOLDENWELL BIOTECH, INC."
1605057,VMNT,"Vemanti Group, Inc."
1076691,OSBK,OCONEE FINANCIAL CORP
1891512,XTXXF,Adastra Holdings Ltd.
1463833,IDWM,"IDW MEDIA HOLDINGS, INC."
911216,PTN,PALATIN TECHNOLOGIES INC
1408146,SCYYF,SCANDIUM INTERNATIONAL MINING CORP.
838875,WVVIP,WILLAMETTE VALLEY VINEYARDS INC
1569340,CLCS,"Cell Source, Inc."
1816723,GRFXY,Graphex Group Ltd
1733257,FNCH,"Finch Therapeutics Group, Inc."
1913838,VWFB,"VWF Bancorp, Inc."
1042046,AFGC,AMERICAN FINANCIAL GROUP INC
1013706,WHLM,"Wilhelmina International, Inc."
86115,SFES,SAFEGUARD SCIENTIFICS INC
1953588,PAANF,Pan American Energy Corp. (Canada)
1158399,BRCNF,Burcon NutraScience Corp
1568628,BQST,Bioquest Corp
1527541,WHLRD,"Wheeler Real Estate Investment Trust, Inc."
1050606,SALM,"SALEM MEDIA GROUP, INC. /DE/"
1949766,ODDAF,Odd Burger Corp
1131343,PRNAF,ALTERITY THERAPEUTICS LTD
1545224,SILEF,Silver Elephant Mining Corp.
1376986,TVE,Tennessee Valley Authority
890066,GLBZ,GLEN BURNIE BANCORP
1827855,MCLE,Medicale Corp.
846546,BNSOF,BONSO ELECTRONICS INTERNATIONAL INC
1376986,TVC,Tennessee Valley Authority
1400271,CUBT,Curative Biotechnology Inc
1497649,GSTX,Graphene & Solar Technologies Ltd
1468978,SITS,"SOUTHERN ITS INTERNATIONAL, INC."
1760542,HOOK,HOOKIPA Pharma Inc.
1539680,HMMR,HAMMER TECHNOLOGY HOLDINGS CORP.
1868079,PMEDF,Predictmedix Inc.
1673504,AGLY,Atlantis Glory Inc.
1771755,SWISF,Sekur Private Data Ltd.
806517,PMDI,PSYCHEMEDICS CORP
1654672,PNPL,"PINEAPPLE, INC."
1816554,EVTK,EVENTIKO INC.
1895251,SGTM,"Sustainable Green Team, Ltd."
1490054,APHD,"VERDE BIO HOLDINGS, INC."
827871,EGRX,"EAGLE PHARMACEUTICALS, INC."
1763925,CJAX,CoJax Oil & Gas Corp
1019671,SEAC,SEACHANGE INTERNATIONAL INC
922521,FALC,FALCONSTOR SOFTWARE INC
1383088,CYCA,CYTTA CORP.
1737270,NEXCF,Nextech3D.AI Corp.
1588014,ADMQ,"ADM ENDEAVORS, INC."
1442999,ABTI,ALTEROLA BIOTECH INC.
1092570,FULO,FULLNET COMMUNICATIONS INC
1276531,SCGY,"SCIENTIFIC ENERGY, INC"
942126,TAIT,TAITRON COMPONENTS INC
1574676,NGHI,"Galenfeha, Inc."
1777765,VQSSF,VIQ Solutions Inc.
1357671,CRTD,"Creatd, Inc."
727346,GBCS,"SELECTIS HEALTH, INC."
1377167,FGCO,"Financial Gravity Companies, Inc."
1410172,RBCN,"Rubicon Technology, Inc."
1331421,HLLK,"HALLMARK VENTURE GROUP, INC."
1016178,CARV,CARVER BANCORP INC
1845459,NKGN,"NKGen Biotech, Inc."
1397795,BRRN,"Byrn, Inc."
924095,MVCO,"Metavesco, Inc."
1294404,SFUNY,Fang Holdings Ltd
1730869,EBZT,"Everything Blockchain, Inc."
1001601,MGTI,"MGT CAPITAL INVESTMENTS, INC."
1976923,YQAI,"YOUNEEQAI TECHNICAL SERVICES, INC."
1908054,JETR,Star Jets International Inc.
1854233,EGLXF,Enthusiast Gaming Holdings Inc. / Canada
1487198,ASPU,"ASPEN GROUP, INC."
1841675,ARBKF,Argo Blockchain Plc
1715433,LCHD,Leader Capital Holdings Corp.
1394108,SUIC,SUIC Worldwide Holdings Ltd.
1103090,RSCF,"REFLECT SCIENTIFIC, INC."
1378866,GOGR,Go Green Global Technologies Corp.
1629632,EGTYF,Eguana Technologies Inc.
1811530,NXMH,"Next Meats Holdings, Inc."
1565228,VISL,"Vislink Technologies, Inc."
1584618,ACRL,"Atacama Resources International, Inc."
792935,GRST,ETHEMA HEALTH Corp
1477009,CANN,TREES Corp (Colorado)
1128252,SIPN,"SIPP International Industries, Inc."
1420108,GLUC,"Glucose Health, Inc."
1321517,SRNW,Stratos Renewables Corp
1514946,AXIM,"AXIM BIOTECHNOLOGIES, INC."
1815632,TGCB,"Tego Cyber, Inc."
1975222,SSHT,SSHT S&T Group Ltd.
891417,NMGX,Nano Magic Inc.
1828098,MTTCF,Steakholder Foods Ltd.
1127007,VYRE,CABO VERDE CAPITAL INC.
1014052,DTGI,"Digerati Technologies, Inc."
827099,CPWR,Ocean Thermal Energy Corp
1410708,NUVI,Emo Capital Corp.
1281984,WDLF,"Decentral Life, Inc."
1205922,VCNX,"VACCINEX, INC."
1166708,BWMG,"Brownie's Marine Group, Inc"
1528188,WNFT,Worldwide NFT Inc.
1384365,RDAR,"Telvantis, Inc."
1611046,IDVV,ModuLink Inc.
1723517,UCASU,UC Asset LP
724742,TPHS,Trinity Place Holdings Inc.
1435064,CETXP,CEMTREX INC
1883083,GPLL,"GPL Holdings, Inc."
1492448,MAJI,"Exousia Pro, Inc."
841533,SRMX,"SADDLE RANCH MEDIA, INC."
1389207,GFASY,Gafisa S.A.
825171,HHHEF,37 CAPITAL INC
1498372,IWAL,iWallet Corp
1597892,JRSS,JRSIS HEALTH CARE Corp
1811999,FMHS,"FARMHOUSE, INC. /NV"
1543623,UCLE,US NUCLEAR CORP.
1094084,TKOI,TELKONET INC
1000298,IMPM,IMPAC MORTGAGE HOLDINGS INC
1556801,MYCB,"My City Builders, Inc."
1485003,CARM,Carisma Therapeutics Inc.
1108248,KNOS,KRONOS ADVANCED TECHNOLOGIES INC
1973160,GMZP,GEMZ Corp. NV
1642178,AGNPF,Algernon Health Inc.
1100397,ADXS,"Ayala Pharmaceuticals, Inc."
1386049,BYOC,"Beyond Commerce, Inc."
1313938,SNNC,"Sibannac, Inc."
1744494,ADNH,"ADVENT TECHNOLOGIES HOLDINGS, INC."
1358099,UCIX,"Umbra Companies, Inc."
1434740,RNGC,Ranger Gold Corp.
1292490,SYIN,"Synbio International, Inc."
319016,FZMD,"Fuse Medical, Inc."
1435181,PHBI,Pharmagreen Biotech Inc.
850261,SRNE,"Sorrento Therapeutics, Inc."
1608092,KITL,Kisses From Italy Inc.
1144392,BKTH,MEGOLA INC
1527541,WHLRP,"Wheeler Real Estate Investment Trust, Inc."
1919847,SFWJ,"Software Effective Solutions, Corp."
1138867,EESH,"EESTech, Inc."
803097,SPQS,"SportsQuest, Inc."
926844,FBDS,Fuss Brands Corp.
1162283,MGHL,MORGAN GROUP HOLDING CO
1552189,PLSH,"PANACEA LIFE SCIENCES HOLDINGS, INC."
1898643,MOBBW,Mobilicom Ltd
1405663,IMAHF,I-Minerals Inc
900475,SMKG,SmartCard Marketing Systems Inc
1386044,TAAG,"Awareness Group, Inc."
946644,AIMI,AIM ImmunoTech Inc.
1626745,FVTI,"Fortune Valley Treasures, Inc."
1461708,GSPI,"Green Star Products, Inc."
897078,KOAN,"Resonate Blends, Inc."
1464865,ASII,"Accredited Solutions, Inc."
1452011,TNBI,Tanke Biosciences Corp
1639068,HBUV,Hubilu Venture Corp
1084551,CRDV,Community Redevelopment Inc.
1015155,CTHR,CHARLES & COLVARD LTD
1490873,ESSI,"ECO SCIENCE SOLUTIONS, INC."
1463208,TLSS,"Transportation & Logistics Systems, Inc."
946112,CDSG,"China Dongsheng International, Inc."
1355250,IPIX,Innovation Pharmaceuticals Inc.
1144169,ECOX,"ECO INNOVATION GROUP, INC."
1424657,CUEN,Cuentas Inc.
1171008,ADMG,ADAMANT DRI PROCESSING & MINERALS GROUP
1553264,APSI,AQUA POWER SYSTEMS INC.
1653606,EHVVF,"Ehave, Inc."
1416697,BLPG,"Blue Line Protection Group, Inc."
1865468,KACLF,Kairous Acquisition Corp. Ltd
1843714,ZPTA,"Zapata Quantum, Inc."
1802546,KGKG,"KONA GOLD BEVERAGE, INC."
1458023,FKST,"Flowerkist Skin Care & Cosmetics, Inc."
1117228,MMMW,MASS MEGAWATTS WIND POWER INC
1946585,TKMO,"Tekumo, Inc."
1955083,GESI,"General European Strategic Investments, Inc."
1538217,SRAX,"SRAX, Inc."
1451448,GMBL,"ESPORTS ENTERTAINMENT GROUP, INC."
1572565,INQD,Indoor Harvest Corp
1098482,INNI,"Innovaro, Inc."
1620179,XELA,"Exela Technologies, Inc."
1512886,NTRR,NEUTRA CORP.
1486452,MASN,"Maison Luxe, Inc."
1874138,SHGI,"Sparx Holdings Group, Inc."
1465470,SHMP,NaturalShrimp Inc
1830503,BZWR,Business Warrior Corp
1286648,GZIC,GZ6G Technologies Corp.
1681556,GXXM,"GEX MANAGEMENT, INC."
1317880,PLPL,"Plandai Biotechnology, Inc."
1652958,EDGM,"Edgemode, Inc."
1584831,OXBRW,OXBRIDGE RE HOLDINGS Ltd
1368365,MARK,"REMARK HOLDINGS, INC."
1477246,SANW,S&W Seed Co
1165320,GBLX,GB SCIENCES INC
1614556,STAL,Star Alliance International Corp.
1872812,TCBPY,TC BioPharm (Holdings) plc
1430300,GWSO,"Global Warming Solutions, Inc."
1715819,EMED,"Electromedical Technologies, Inc"
1791929,DPUI,"DISCOUNT PRINT USA, INC."
1528172,ENDV,"ENDONOVO THERAPEUTICS, INC."
1492674,TTOO,"T2 Biosystems, Inc."
1610682,USDP,USD Partners LP
1580262,RTON,"Right On Brands, Inc."
945617,AMMJ,"American Cannabis Company, Inc."
1407973,SONX,"Sonendo, Inc."
1622057,NBIO,Nascent Biotech Inc.
1559157,SSOK,"Sunstock, Inc."
1837774,GIPL,Global Innovative Platforms Inc.
1614067,ARDS,"Aridis Pharmaceuticals, Inc."
1530163,SAML,"Samsara Luggage, Inc."
1138978,NVOS,"Novo Integrated Sciences, Inc."
1668370,TBLT,"Toughbuilt Industries, Inc"
1412659,RGIN,"Regenicin, Inc."
1394638,DWAY,"Driveitaway Holdings, Inc."
1622996,ACBM,"ACRO BIOMEDICAL CO., LTD."
1343465,SNPW,Sun Pacific Holding Corp.
1851657,VAXX,"Vaxxinity, Inc."
1575659,RTSL,"Rapid Therapeutic Science Laboratories, Inc."
319458,ENSV,Enservco Corp
1553404,PGTK,Pacific Green Technologies Inc.
1643988,LPTVQ,"Loop Media, Inc."
1669400,VFRM,"Veritas Farms, Inc."
1420368,DLTI,DLT Resolution Inc.
1708331,VRPX,"Virpax Pharmaceuticals, Inc."
1691936,SNAX,"STRYVE FOODS, INC."
1210618,SPIEF,"SPI Energy Co., Ltd."
1476963,SCPX,"Scorpius Holdings, Inc."
1961,WDDD,WORLDS INC
1128353,ETCK,ENERTECK CORP
844887,DHCC,DIAMONDHEAD CASINO CORP
1606698,ALPP,"ALPINE 4 HOLDINGS, INC."
823546,RKFL,"ROCKETFUEL BLOCKCHAIN, INC."
1556263,SYRS,"Syros Pharmaceuticals, Inc."
1671132,SONG,Music Licensing Inc.
1443611,SING,SinglePoint Inc.
1522860,AFIB,"Acutus Medical, Inc."
1411906,AMPE,"Ampio Pharmaceuticals, Inc."
1851860,SMFL,"SMART FOR LIFE, INC."
1178727,COMS,COMSovereign Holding Corp.
1404935,THCT,"THC Therapeutics, Inc."
918545,BISA,BALTIC INTERNATIONAL USA INC
1397047,FPAY,"FlexShopper, Inc."
1706509,COSG,Cosmos Group Holdings Inc.
1452965,UTRS,MINERVA SURGICAL INC
1496671,CALA,"Calithera Biosciences, Inc."
1545236,AHII,American Heritage International Inc.
1819615,CLVR,Clever Leaves Holdings Inc.
70858,BAC-PL,BANK OF AMERICA CORP /DE/
70858,BAC-PM,BANK OF AMERICA CORP /DE/
70858,BAC-PN,BANK OF AMERICA CORP /DE/
70858,MER-PK,BANK OF AMERICA CORP /DE/
70858,BAC-PO,BANK OF AMERICA CORP /DE/
70858,BAC-PP,BANK OF AMERICA CORP /DE/
70858,BAC-PQ,BANK OF AMERICA CORP /DE/
70858,BAC-PS,BANK OF AMERICA CORP /DE/
14272,CELG-RI,BRISTOL MYERS SQUIBB CO
36966,FHN-PC,FIRST HORIZON CORP
36966,FHN-PE,FIRST HORIZON CORP
36966,FHN-PF,FIRST HORIZON CORP
771992,PAASF,PAN AMERICAN SILVER CORP
769218,AEFC,AEGON LTD.
753308,NEE-PS,NEXTERA ENERGY INC
753308,NEE-PT,NEXTERA ENERGY INC
753308,NEE-PU,NEXTERA ENERGY INC
753308,NEE-PN,NEXTERA ENERGY INC
700564,FULTP,FULTON FINANCIAL CORP
760498,BANFP,BANCFIRST CORP /OK/
797468,OXY-WT,OCCIDENTAL PETROLEUM CORP /DE/
846617,DCOMP,"Dime Community Bancshares, Inc. /NY/"
846617,DCOMG,"Dime Community Bancshares, Inc. /NY/"
831609,CWLXF,C21 Investments Inc.
821130,UZE,"ARRAY DIGITAL INFRASTRUCTURE, INC."
821130,UZF,"ARRAY DIGITAL INFRASTRUCTURE, INC."
821130,UZD,"ARRAY DIGITAL INFRASTRUCTURE, INC."
7789,ASB-PF,ASSOCIATED BANC-CORP
11544,WRB-PG,BERKLEY W R CORP
11544,WRB-PH,BERKLEY W R CORP
11544,WRB-PF,BERKLEY W R CORP
7789,ASBA,ASSOCIATED BANC-CORP
862831,FIISO,FINANCIAL INSTITUTIONS INC
862831,FIISP,FINANCIAL INSTITUTIONS INC
314808,VAL-WT,Valaris Ltd
92230,TFC-PI,TRUIST FINANCIAL CORP
92230,TFC-PO,TRUIST FINANCIAL CORP
92230,TFC-PR,TRUIST FINANCIAL CORP
81023,PNMXO,PUBLIC SERVICE CO OF NEW MEXICO
72903,XELLL,XCEL ENERGY INC
46195,BOH-PA,BANK OF HAWAII CORP
46195,BOH-PB,BANK OF HAWAII CORP
831001,C-PN,CITIGROUP INC
827876,CLSKW,"CLEANSPARK, INC."
791908,XOMAO,XOMA Royalty Corp
791908,XOMAP,XOMA Royalty Corp
707179,ONBPO,OLD NATIONAL BANCORP /IN/
707179,ONBPP,OLD NATIONAL BANCORP /IN/
203596,WSBCO,WESBANCO INC
14930,BC-PC,BRUNSWICK CORP
36104,USB-PR,US BANCORP \DE\
36104,USB-PS,US BANCORP \DE\
36104,USB-PQ,US BANCORP \DE\
88948,SENEM,Seneca Foods Corp
88948,SENEL,Seneca Foods Corp
72971,WFC-PD,WELLS FARGO & COMPANY/MN
66570,MNESP,MSA Safety Inc
72971,WFC-PZ,WELLS FARGO & COMPANY/MN
72971,WFCNP,WELLS FARGO & COMPANY/MN
72971,WFC-PA,WELLS FARGO & COMPANY/MN
886128,FCELB,FUELCELL ENERGY INC
811156,CMSC,CMS ENERGY CORP
811156,CMSD,CMS ENERGY CORP
811156,CMS-PC,CMS ENERGY CORP
720672,SF-PC,STIFEL FINANCIAL CORP
720672,SF-PD,STIFEL FINANCIAL CORP
313807,BPPFF,BP PLC
99070,TCPA,TRANSCANADA PIPELINES LTD
727273,CDZIP,CADIZ INC
720672,SFB,STIFEL FINANCIAL CORP
217410,UNLYD,UNILEVER PLC
109380,ZIONP,"ZIONS BANCORPORATION, NATIONAL ASSOCIATION /UT/"
312070,ATMP,BARCLAYS BANK PLC
312070,BWVTF,BARCLAYS BANK PLC
312070,DJP,BARCLAYS BANK PLC
312070,GBUG,BARCLAYS BANK PLC
312070,GRN,BARCLAYS BANK PLC
312070,VXX,BARCLAYS BANK PLC
312070,VXZ,BARCLAYS BANK PLC
312070,JJETF,BARCLAYS BANK PLC
312070,TAPR,BARCLAYS BANK PLC
750004,LNWO,"Light & Wonder, Inc."
750004,LAWIL,"Light & Wonder, Inc."
720005,RJF-PB,RAYMOND JAMES FINANCIAL INC
712534,FRMEP,FIRST MERCHANTS CORP
18349,SNV-PE,SYNOVUS FINANCIAL CORP
19617,JPM-PJ,JPMORGAN CHASE & CO
19617,AMJB,JPMORGAN CHASE & CO
19617,JPM-PK,JPMORGAN CHASE & CO
19617,JPM-PL,JPMORGAN CHASE & CO
19617,JPM-PM,JPMORGAN CHASE & CO
19617,VYLD,JPMORGAN CHASE & CO
35527,FITBO,FIFTH THIRD BANCORP
35527,FITBP,FIFTH THIRD BANCORP
23795,CTO-PA,"CTO Realty Growth, Inc."
100826,UEPCO,UNION ELECTRIC CO
794685,GAB-PK,GABELLI EQUITY TRUST INC
801337,WBS-PG,WEBSTER FINANCIAL CORP
725394,DHTI,DALRADA FINANCIAL CORP
719245,WBKCY,WESTPAC BANKING CORP
763901,BPOPM,"POPULAR, INC."
310522,FNMAP,FEDERAL NATIONAL MORTGAGE ASSOCIATION FANNIE MAE
316709,SCHW-PJ,SCHWAB CHARLES CORP
320335,GL-PD,GLOBE LIFE INC.
823277,CHSCL,CHS INC
823277,CHSCM,CHS INC
823277,CHSCN,CHS INC
823277,CHSCO,CHS INC
862651,INVUP,"Investview, Inc."
883948,AUB-PA,Atlantic Union Bankshares Corp
899051,ALL-PI,ALLSTATE CORP
899051,ALL-PJ,ALLSTATE CORP
92108,SOCGM,SOUTHERN CALIFORNIA GAS CO
72573,MOVAA,MOVADO GROUP INC
73124,NTRSO,NORTHERN TRUST CORP
39263,CFR-PB,"CULLEN/FROST BANKERS, INC."
66004,MSEXP,MIDDLESEX WATER CO
12927,BA-PA,BOEING CO
28917,DDT,"DILLARD'S, INC."
798941,FCNCO,FIRST CITIZENS BANCSHARES INC /DE/
798941,FCNCP,FIRST CITIZENS BANCSHARES INC /DE/
750577,HWCPZ,HANCOCK WHITNEY CORP
759944,CFG-PE,CITIZENS FINANCIAL GROUP INC/RI
759944,CFG-PH,CITIZENS FINANCIAL GROUP INC/RI
759944,CFG-PI,CITIZENS FINANCIAL GROUP INC/RI
107815,WELPM,WISCONSIN ELECTRIC POWER CO
701818,KGCRF,KINROSS GOLD CORP
712771,CNOBP,"ConnectOne Bancorp, Inc."
37996,F-PB,FORD MOTOR CO
37996,F-PC,FORD MOTOR CO
37996,F-PD,FORD MOTOR CO
51434,INPAP,INTERNATIONAL PAPER CO /NEW/
64463,SLNHP,"Soluna Holdings, Inc"
59558,LNC-PD,LINCOLN NATIONAL CORP
49196,HBANL,HUNTINGTON BANCSHARES INC /MD/
49196,HBANM,HUNTINGTON BANCSHARES INC /MD/
49196,HBANP,HUNTINGTON BANCSHARES INC /MD/
91576,KEY-PL,KEYCORP /NEW/
92103,SCE-PG,SOUTHERN CALIFORNIA EDISON Co
92103,SCE-PM,SOUTHERN CALIFORNIA EDISON Co
92103,SCE-PK,SOUTHERN CALIFORNIA EDISON Co
92103,SCE-PL,SOUTHERN CALIFORNIA EDISON Co
92103,SCE-PN,SOUTHERN CALIFORNIA EDISON Co
849399,GENVR,Gen Digital Inc.
861967,WOLTF,WOLTERS KLUWER N V /FI
899689,VNO-PN,VORNADO REALTY TRUST
899689,VNO-PO,VORNADO REALTY TRUST
895728,ENBFF,ENBRIDGE INC
895728,EBGEF,ENBRIDGE INC
895728,EBRGF,ENBRIDGE INC
895728,EBRZF,ENBRIDGE INC
895728,EBBGF,ENBRIDGE INC
895728,ENFFF,ENBRIDGE INC
895728,ENBHF,ENBRIDGE INC
895728,ENBMF,ENBRIDGE INC
895728,ENBOF,ENBRIDGE INC
895728,ENBSF,ENBRIDGE INC
895728,ENBNF,ENBRIDGE INC
895728,ENBGF,ENBRIDGE INC
895728,ENBRF,ENBRIDGE INC
895728,ENNPF,ENBRIDGE INC
1030475,CHNEY,CHINA EASTERN AIRLINES CORP LTD
1034957,CRESW,CRESUD INC
1038572,CBDBY,BRAZILIAN DISTRIBUTION CO COMPANHIA BRASILEIRA DE DISTR CBD
1039610,ELCPF,EDP ENERGIAS DE PORTUGAL SA
1004980,PCG-PX,PG&E Corp
946486,WINTW,WINDTREE THERAPEUTICS INC /DE/
936528,WAFDP,WAFD INC
915661,GRLFD,GREEN LEAF INNOVATIONS INC
1174169,AGQPF,ALGONQUIN POWER & UTILITIES CORP.
1160106,LLOBF,Lloyds Banking Group plc
1127248,EMRJF,EMERA INC
1127248,EMICF,EMERA INC
1174169,AQNB,ALGONQUIN POWER & UTILITIES CORP.
1236275,QXO-PB,"QXO, Inc."
1096691,PTNRF,PARTNER COMMUNICATIONS CO LTD
1114446,AMUB,UBS AG
1114446,BDCX,UBS AG
1114446,BDCZ,UBS AG
1114446,CEFD,UBS AG
1114446,CEFZ,UBS AG
1114446,UCIB,UBS AG
1114446,USML,UBS AG
1114446,SMHB,UBS AG
1114446,MTUL,UBS AG
1114446,MVRL,UBS AG
1114446,PFFL,UBS AG
1114446,QULL,UBS AG
1114446,SCDL,UBS AG
1114446,IWFL,UBS AG
1114446,IWML,UBS AG
1114446,MLPB,UBS AG
1114446,MLPR,UBS AG
1114446,HDLB,UBS AG
1114446,IFED,UBS AG
1114446,IWDL,UBS AG
1089907,SWKHL,SWK Holdings Corp
1078716,TGOPF,3i GROUP PLC
895126,EXEEZ,EXPAND ENERGY Corp
895126,EXEEW,EXPAND ENERGY Corp
895126,EXEEL,EXPAND ENERGY Corp
897802,SPE-PC,"SPECIAL OPPORTUNITIES FUND, INC."
896429,CTLPP,"CANTALOUPE, INC."
1001085,BAMKF,BROOKFIELD Corp /ON/
1001085,BKAMF,BROOKFIELD Corp /ON/
1001085,BKFAF,BROOKFIELD Corp /ON/
1001085,BKFPF,BROOKFIELD Corp /ON/
948320,LFMDP,"LifeMD, Inc."
1001085,BKFSF,BROOKFIELD Corp /ON/
1001085,BKFOF,BROOKFIELD Corp /ON/
1001085,BRPSF,BROOKFIELD Corp /ON/
1001085,BRFCF,BROOKFIELD Corp /ON/
1001085,BKPA,BROOKFIELD Corp /ON/
1001085,BNH,BROOKFIELD Corp /ON/
1001085,BNJ,BROOKFIELD Corp /ON/
1001085,BROXF,BROOKFIELD Corp /ON/
1001085,BXDIF,BROOKFIELD Corp /ON/
1001085,BRCFF,BROOKFIELD Corp /ON/
1001085,BKFDF,BROOKFIELD Corp /ON/
793742,HACBF,HACHIJUNI BANK LTD
860748,KMPB,KEMPER Corp
736772,CCNEP,CNB FINANCIAL CORP/PA
732717,T-PA,AT&T INC.
732717,T-PC,AT&T INC.
101382,UMBFO,UMB FINANCIAL CORP
18654,AILIO,Ameren Illinois Co
18654,AILIP,Ameren Illinois Co
36270,MTB-PJ,M&T BANK CORP
36270,MTB-PH,M&T BANK CORP
36270,MTB-PK,M&T BANK CORP
92122,SOJD,SOUTHERN CO
92122,SOJE,SOUTHERN CO
92122,SOMN,SOUTHERN CO
92122,SOJF,SOUTHERN CO
68622,CTDD,QWEST CORP
1025835,EFSCP,ENTERPRISE FINANCIAL SERVICES CORP
1045520,CNDIF,CANADIAN IMPERIAL BANK OF COMMERCE /CAN/
13372,NSARO,NSTAR ELECTRIC CO
13372,NSARP,NSTAR ELECTRIC CO
1176948,ARES-PB,Ares Management Corp
28412,CMA-PB,COMERICA INC
98222,TDDWW,TIDEWATER INC
98222,TDGMW,TIDEWATER INC
230557,SIGIP,SELECTIVE INSURANCE GROUP INC
826675,DX-PC,DYNEX CAPITAL INC
827054,MCHPP,MICROCHIP TECHNOLOGY INC
790500,ABAKF,"ABRDN ASIA-PACIFIC INCOME FUND, INC."
798949,UNTCW,UNIT CORP
850918,GRWLF,GREAT-WEST LIFECO INC.
850918,GRWTF,GREAT-WEST LIFECO INC.
850918,GWLPF,GREAT-WEST LIFECO INC.
850918,GRWFF,GREAT-WEST LIFECO INC.
845877,AGM-PE,FEDERAL AGRICULTURAL MORTGAGE CORP
845877,AGM-PF,FEDERAL AGRICULTURAL MORTGAGE CORP
845877,AGM-PG,FEDERAL AGRICULTURAL MORTGAGE CORP
845877,AGM-PH,FEDERAL AGRICULTURAL MORTGAGE CORP
879101,KIM-PN,KIMCO REALTY CORP
718940,BCAEF,BCE INC
718940,BCEFF,BCE INC
769594,NPPXF,NIPPON TELEGRAPH & TELEPHONE CORP
756894,ABX,BARRICK MINING CORP
714310,VLYPN,VALLEY NATIONAL BANCORP
718940,BCEXF,BCE INC
718940,BCPPF,BCE INC
718940,BCENF,BCE INC
314489,BUSEP,FIRST BUSEY CORP /NV/
1131312,ZNOGW,ZION OIL & GAS INC
1086888,MNLCF,MANULIFE FINANCIAL CORP
1086888,MNUPF,MANULIFE FINANCIAL CORP
1086888,MNQFF,MANULIFE FINANCIAL CORP
1086888,MNUFF,MANULIFE FINANCIAL CORP
1101026,ZIVOW,"Zivo Bioscience, Inc."
1075415,DHCNI,DIVERSIFIED HEALTHCARE TRUST
1075415,DHCNL,DIVERSIFIED HEALTHCARE TRUST
1077428,TCBIO,TEXAS CAPITAL BANCSHARES INC/TX
1076930,NOVTU,NOVANTA INC
1065823,FNFPA,FIRST NILES FINANCIAL INC
1075124,TMSOF,THOMSON REUTERS CORP /CAN/
886163,LGNDZ,LIGAND PHARMACEUTICALS INC
886163,LGNXZ,LIGAND PHARMACEUTICALS INC
886163,LGNYZ,LIGAND PHARMACEUTICALS INC
886163,LGNZZ,LIGAND PHARMACEUTICALS INC
886982,GSCE,GOLDMAN SACHS GROUP INC
910606,REGCO,REGENCY CENTERS CORP
910606,REGCP,REGENCY CENTERS CORP
915913,ALB-PA,ALBEMARLE CORP
895421,MSTLW,MORGAN STANLEY
895421,MS-PQ,MORGAN STANLEY
895421,MS-PO,MORGAN STANLEY
895421,MS-PP,MORGAN STANLEY
896493,GPUS-PD,"Hyperscale Data, Inc."
895421,MS-PL,MORGAN STANLEY
931755,XXAAU,AEI INCOME & GROWTH FUND XXI LTD PARTNERSHIP
917251,ADC-PA,AGREE REALTY CORP
1000275,RYLBF,ROYAL BANK OF CANADA
1000209,MBNKO,MEDALLION FINANCIAL CORP
947263,TDBCP,TORONTO DOMINION BANK
1039828,ANG-PD,American National Group Inc.
1015383,POWWP,Outdoor Holding Co
1015328,WTFCN,WINTRUST FINANCIAL CORP
1397183,IVDAW,"Iveda Solutions, Inc."
1400891,IHETW,"iHeartMedia, Inc."
1377936,SAT,SARATOGA INVESTMENT CORP.
1377936,SAY,SARATOGA INVESTMENT CORP.
1377936,SAZ,SARATOGA INVESTMENT CORP.
1377936,SAJ,SARATOGA INVESTMENT CORP.
1404912,KKRS,KKR & Co. Inc.
1404912,KKRT,KKR & Co. Inc.
1404912,KKR-PD,KKR & Co. Inc.
1424657,CUENW,Cuentas Inc.
1423689,AGNCL,AGNC Investment Corp.
1423689,AGNCO,AGNC Investment Corp.
1423689,AGNCP,AGNC Investment Corp.
1423689,AGNCZ,AGNC Investment Corp.
1431852,ODVWZ,Osisko Development Corp.
1166663,TEN-PE,TSAKOS ENERGY NAVIGATION LTD
1166663,TEN-PF,TSAKOS ENERGY NAVIGATION LTD
1253986,ABR-PD,ARBOR REALTY TRUST INC
1253986,ABR-PE,ARBOR REALTY TRUST INC
1253986,ABR-PF,ARBOR REALTY TRUST INC
1295810,SHO-PH,"Sunstone Hotel Investors, Inc."
1295810,SHO-PI,"Sunstone Hotel Investors, Inc."
1317295,CITAF,CHINA SHIPPING CONTAINER LINES CO LTD
1326160,DUKB,Duke Energy CORP
1321741,GAINN,GLADSTONE INVESTMENT CORPORATION\DE
1321741,GAINZ,GLADSTONE INVESTMENT CORPORATION\DE
1321741,GAINI,GLADSTONE INVESTMENT CORPORATION\DE
1501072,RIV-PA,"RIVERNORTH OPPORTUNITIES FUND, INC."
1509589,CIVII,"CIVITAS RESOURCES, INC."
1509957,NASC,Can B Corp
1516684,SMTGF,SMA Solar Technology AG/ADR
1445654,NZEOY,New Zealand Oil & Gas Ltd/ADR
1490078,FRSPF,First Phosphate Corp.
909112,TXEMF,TEMPLETON EMERGING MARKETS INCOME FUND
910073,FLG-PU,"FLAGSTAR BANK, NATIONAL ASSOCIATION"
910073,FLG-PA,"FLAGSTAR BANK, NATIONAL ASSOCIATION"
907254,BFS-PE,"SAUL CENTERS, INC."
927971,FNGO,BANK OF MONTREAL /CAN/
927971,FNGS,BANK OF MONTREAL /CAN/
927971,FNGU,BANK OF MONTREAL /CAN/
927971,GDXD,BANK OF MONTREAL /CAN/
927971,DULL,BANK OF MONTREAL /CAN/
927971,FLYD,BANK OF MONTREAL /CAN/
927971,FLYU,BANK OF MONTREAL /CAN/
930236,RWT-PA,REDWOOD TRUST INC
930236,RWTN,REDWOOD TRUST INC
930236,RWTP,REDWOOD TRUST INC
930236,RWTQ,REDWOOD TRUST INC
930236,RWTO,REDWOOD TRUST INC
927628,COF-PI,CAPITAL ONE FINANCIAL CORP
927628,COF-PJ,CAPITAL ONE FINANCIAL CORP
927628,COF-PK,CAPITAL ONE FINANCIAL CORP
927628,COF-PL,CAPITAL ONE FINANCIAL CORP
927628,COF-PN,CAPITAL ONE FINANCIAL CORP
927971,BNKD,BANK OF MONTREAL /CAN/
927971,BNKU,BANK OF MONTREAL /CAN/
927971,BULZ,BANK OF MONTREAL /CAN/
927971,JETU,BANK OF MONTREAL /CAN/
927971,JETD,BANK OF MONTREAL /CAN/
927971,CARD,BANK OF MONTREAL /CAN/
927971,CARU,BANK OF MONTREAL /CAN/
927971,SHNY,BANK OF MONTREAL /CAN/
927971,WTID,BANK OF MONTREAL /CAN/
927971,WTIU,BANK OF MONTREAL /CAN/
927971,GDXU,BANK OF MONTREAL /CAN/
927971,NRGD,BANK OF MONTREAL /CAN/
927971,NRGU,BANK OF MONTREAL /CAN/
927971,OILD,BANK OF MONTREAL /CAN/
927971,OILU,BANK OF MONTREAL /CAN/
1014763,AIMDW,"Ainos, Inc."
1051512,TDS-PU,TELEPHONE & DATA SYSTEMS INC /DE/
1051512,TDS-PV,TELEPHONE & DATA SYSTEMS INC /DE/
1169770,BANC-PF,"BANC OF CALIFORNIA, INC."
1163739,NBRWF,NABORS INDUSTRIES LTD
879911,AERGP,"APPLIED ENERGETICS, INC."
886744,GERNW,GERON CORP
1144800,TSLTF,TRANSALTA CORP
1144800,TACPF,TRANSALTA CORP
1145255,HNNAZ,HENNESSY ADVISORS INC
1159508,DGP,DEUTSCHE BANK AKTIENGESELLSCHAFT
1159508,DEENF,DEUTSCHE BANK AKTIENGESELLSCHAFT
1159508,ADZCF,DEUTSCHE BANK AKTIENGESELLSCHAFT
1159508,DGZ,DEUTSCHE BANK AKTIENGESELLSCHAFT
1159508,DZZ,DEUTSCHE BANK AKTIENGESELLSCHAFT
1159508,OLOXF,DEUTSCHE BANK AKTIENGESELLSCHAFT
1130781,BMPA,"BMP AI Technologies, Inc."
1130713,BBBY-WT,"BED BATH & BEYOND, INC."
1004315,NMPWP,NATIONAL GRID PLC
1004434,MGR,"AFFILIATED MANAGERS GROUP, INC."
1004434,MGRB,"AFFILIATED MANAGERS GROUP, INC."
1004434,MGRD,"AFFILIATED MANAGERS GROUP, INC."
1004434,MGRE,"AFFILIATED MANAGERS GROUP, INC."
1038143,ORANY,ORANGE
1032208,SREA,SEMPRA
898174,RZC,REINSURANCE GROUP OF AMERICA INC
1004315,NEWEN,NATIONAL GRID PLC
1004315,NMKCP,NATIONAL GRID PLC
1004315,NMKBP,NATIONAL GRID PLC
1101215,BFH-PA,"BREAD FINANCIAL HOLDINGS, INC."
1109354,BRKRP,BRUKER CORP
1115055,PNFPP,PINNACLE FINANCIAL PARTNERS INC
1087711,STNDF,Santander UK plc
1087711,SNTUF,Santander UK plc
1447391,RSNHF,RESONA HOLDINGS INC
1437545,OSSFF,Embla Medical HF/ADR
1414767,NCPLW,Netcapital Inc.
1411342,EFC-PA,Ellington Financial Inc.
1411342,EFC-PB,Ellington Financial Inc.
1411342,EFC-PC,Ellington Financial Inc.
1411342,EFC-PD,Ellington Financial Inc.
1373670,GRBK-PA,"Green Brick Partners, Inc."
1408534,FGBIP,"First Guaranty Bancshares, Inc."
1400810,HCIIP,"HCI Group, Inc."
1164727,NEMCL,NEWMONT Corp /DE/
1471824,CANE,Teucrium Commodity Trust
1471824,CORN,Teucrium Commodity Trust
1471824,SOYB,Teucrium Commodity Trust
1471824,TAGS,Teucrium Commodity Trust
1471824,WEAT,Teucrium Commodity Trust
1447956,BYDIF,BYD Electronic (International) Co Ltd
1449664,NWSZF,CTF Services Ltd
1465740,TWOD,TWO HARBORS INVESTMENT CORP.
1318885,DSX-WT,DIANA SHIPPING INC.
1137774,PFH,PRUDENTIAL FINANCIAL INC
1137774,PRH,PRUDENTIAL FINANCIAL INC
1137774,PRS,PRUDENTIAL FINANCIAL INC
1210708,STRRP,"Star Equity Holdings, Inc."
1108329,PTCCY,PETROCHINA CO LTD
1099219,MET-PF,METLIFE INC
1097362,SLFQF,SUN LIFE FINANCIAL INC
1097362,SLFIF,SUN LIFE FINANCIAL INC
1097362,SUNFF,SUN LIFE FINANCIAL INC
1113423,CSCIF,COSCIENS Biopharma Inc.
1282957,GLU-PA,GABELLI GLOBAL UTILITY & INCOME TRUST
1260729,GDV-PK,GABELLI DIVIDEND & INCOME TRUST
1267395,AHL-PF,ASPEN INSURANCE HOLDINGS LTD
1276187,ET-PI,Energy Transfer LP
1338474,RDWQS,RIDGEWOOD ENERGY Q FUND LLC
1345126,CODI-PC,Compass Diversified Holdings
1341317,BWBBP,Bridgewater Bancshares Inc
1349706,TOGIW,"TurnOnGreen, Inc."
1174511,AEBMF,ANADOLU EFES BIRACILIK VE MALT SANAYI A S/ADR
912958,MLCMF,MILLICOM INTERNATIONAL CELLULAR SA
913144,RNR-PG,RENAISSANCERE HOLDINGS LTD
911421,PREJF,PARTNERRE LTD
1224608,CNO-PA,"CNO Financial Group, Inc."
936340,DTK,DTE ENERGY CO
936340,DTG,DTE ENERGY CO
936340,DTB,DTE ENERGY CO
1042046,AFGD,AMERICAN FINANCIAL GROUP INC
1042046,AFGE,AMERICAN FINANCIAL GROUP INC
1053092,GLDI,CREDIT SUISSE AG
1053092,SLVO,CREDIT SUISSE AG
1053092,USOI,CREDIT SUISSE AG
1042046,AFGB,AMERICAN FINANCIAL GROUP INC
1058307,NXPLW,NextPlat Corp
927971,BERZ,BANK OF MONTREAL /CAN/
947484,ACGLN,ARCH CAPITAL GROUP LTD.
1022899,PTIXW,"Protagenic Therapeutics, Inc.\new"
1026214,FREJP,FEDERAL HOME LOAN MORTGAGE CORP
1026214,FMCKK,FEDERAL HOME LOAN MORTGAGE CORP
1043219,NLY-PI,ANNALY CAPITAL MANAGEMENT INC
1043219,NLY-PJ,ANNALY CAPITAL MANAGEMENT INC
1084267,MOBQW,"Mobiquity Technologies, Inc."
1050446,STRF,Strategy Inc
1050446,STRK,Strategy Inc
1050446,STRD,Strategy Inc
1130166,BGMSP,"Bio Green Med Solution, Inc."
1166691,CMCSV,COMCAST CORP
1166834,SHMLF,SHL TELEMEDICINE LTD
1419951,DTSTW,Data Storage Corp
1487918,OFSSH,OFS Capital Corp
1487918,OFSSO,OFS Capital Corp
1497645,INN-PF,"Summit Hotel Properties, Inc."
1482541,BNCWW,CEA Industries Inc.
1487428,HTFB,Horizon Technology Finance Corp
1487428,HTFC,Horizon Technology Finance Corp
1475260,CVE-WT,CENOVUS ENERGY INC.
1479247,CPER,United States Commodity Index Funds Trust
1348362,LEXXW,Lexaria Bioscience Corp.
1345865,NFTM,Buildablock Corp.
1333172,NMPRY,Navios Maritime Holdings Inc.
1393311,PSA-PI,Public Storage
1393311,PSA-PJ,Public Storage
1393311,PSA-PF,Public Storage
1393311,PSA-PG,Public Storage
1402328,SBFMW,Sunshine Biopharma Inc.
1393311,PSA-PL,Public Storage
1393311,PSA-PM,Public Storage
1393311,PSA-PN,Public Storage
1393311,PSA-PO,Public Storage
1393311,PSA-PP,Public Storage
1393311,PSA-PQ,Public Storage
1393311,PSA-PR,Public Storage
1393311,PSA-PS,Public Storage
1591890,FGNXP,FG Nexus Inc.
1633336,FCRX,"Crescent Capital BDC, Inc."
1648512,SHMZF,Shimadzu Corporation/ADR
1643198,JBHIF,JB Hi-Fi Limited/ADR
1610940,BDRY,Amplify Commodity Trust
1610940,BWET,Amplify Commodity Trust
1621227,ADAPY,Adaptimmune Therapeutics PLC
1259429,OXSQH,Oxford Square Capital Corp.
1254699,QVCC,QVC INC
1259429,OXSQG,Oxford Square Capital Corp.
1599407,LBRA,1847 Holdings LLC
1601712,SYF-PA,Synchrony Financial
1601712,SYF-PB,Synchrony Financial
1605755,MONRF,Moncler S.p.A./ADR
1613780,DBVTF,DBV Technologies S.A.
1610853,HSDTW,Solana Co
1212545,WAL-PA,WESTERN ALLIANCE BANCORPORATION
1629019,MBINL,Merchants Bancorp
1631596,KREF-PA,KKR Real Estate Finance Trust Inc.
1629019,MBINM,Merchants Bancorp
1629019,MBINN,Merchants Bancorp
1547546,LFT-PA,"Lument Finance Trust, Inc."
1560968,SMSOF,Samsonite International SA/ADR
1428205,ARR-PC,"Armour Residential REIT, Inc."
1234006,GOODN,GLADSTONE COMMERCIAL CORP
1234006,GOODO,GLADSTONE COMMERCIAL CORP
1232384,TCNCF,TC ENERGY CORP
1232384,TRPRF,TC ENERGY CORP
1232384,TRPPF,TC ENERGY CORP
1232384,TRPEF,TC ENERGY CORP
1232384,TCENF,TC ENERGY CORP
1287032,PSEC-PA,PROSPECT CAPITAL CORP
1297996,DLR-PL,"DIGITAL REALTY TRUST, INC."
1308106,SEAL-PA,Seapeak LLC
1308106,SEAL-PB,Seapeak LLC
1357878,RGPX,"REGENEREX PHARMA, INC."
1332174,ISMCF,iShares S&P GSCI Commodity-Indexed Trust
1323468,GLP-PB,GLOBAL PARTNERS LP
1329213,SNIRF,SENIOR PLC
1326380,GME-WT,GameStop Corp.
1448705,PAYM,"BASANITE, INC."
1436741,CYJBF,Cargotec Corp OYJ
1462418,ASPSZ,ALTISOURCE PORTFOLIO SOLUTIONS S.A.
1462418,ASPSW,ALTISOURCE PORTFOLIO SOLUTIONS S.A.
1455632,NXPGF,Mobico Group PLC/ADR
1464790,RILYZ,"B. Riley Financial, Inc."
1464790,RILYG,"B. Riley Financial, Inc."
1464790,RILYK,"B. Riley Financial, Inc."
1464790,RILYL,"B. Riley Financial, Inc."
1464790,RILYN,"B. Riley Financial, Inc."
1464790,RILYP,"B. Riley Financial, Inc."
1464790,RILYT,"B. Riley Financial, Inc."
1466026,MSBIP,"Midland States Bancorp, Inc."
1333986,EQH-PA,"Equitable Holdings, Inc."
1333986,EQH-PC,"Equitable Holdings, Inc."
1311307,LNXSF,LANXESS AG
1281761,RF-PE,REGIONS FINANCIAL CORP
1281761,RF-PF,REGIONS FINANCIAL CORP
1283699,TMUSI,"T-Mobile US, Inc."
1283699,TMUSL,"T-Mobile US, Inc."
1267238,AIZN,"ASSURANT, INC."
1281895,RCKTW,"ROCKET PHARMACEUTICALS, INC."
1283699,TMUSZ,"T-Mobile US, Inc."
1412100,MHNC,"Maiden Holdings, Ltd."
1419554,BBLGW,Bone Biologics Corp
1438893,GNT-PA,"GAMCO Natural Resources, Gold & Income Trust"
1376804,VNUED,"VNUE, Inc."
1390777,BK-PK,Bank of New York Mellon Corp
1389207,GFSAY,Gafisa S.A.
1356115,NXDT-PA,NEXPOINT DIVERSIFIED REAL ESTATE TRUST
1347408,SGBAF,SES S.A.
1355096,QVCGP,"QVC Group, Inc."
1355096,QVCGB,"QVC Group, Inc."
1278752,MFICL,MidCap Financial Investment Corp
1279956,YRAIF,YARA INTERNATIONAL ASA
1332551,ACR-PC,ACRES Commercial Realty Corp.
1332551,ACR-PD,ACRES Commercial Realty Corp.
1439124,AXIA-PC,BRAZILIAN ELECTRIC POWER CO
1439124,AXIA-P,BRAZILIAN ELECTRIC POWER CO
1409493,CIMP,CHIMERA INVESTMENT CORP
1409493,CIMN,CHIMERA INVESTMENT CORP
1409493,CIMO,CHIMERA INVESTMENT CORP
1395942,OPLN,"OPENLANE, Inc."
1406234,BIPH,Brookfield Infrastructure Partners L.P.
1406234,BIPI,Brookfield Infrastructure Partners L.P.
1406234,BIP-PA,Brookfield Infrastructure Partners L.P.
1406234,BIP-PB,Brookfield Infrastructure Partners L.P.
1406234,BRIPF,Brookfield Infrastructure Partners L.P.
1406234,BIPJ,Brookfield Infrastructure Partners L.P.
1415311,AGQ,ProShares Trust II
1415311,BOIL,ProShares Trust II
1415311,EUO,ProShares Trust II
1415311,GLL,ProShares Trust II
1415311,KOLD,ProShares Trust II
1415311,YCL,ProShares Trust II
1415311,YCS,ProShares Trust II
1415311,ZSL,ProShares Trust II
1415311,UGL,ProShares Trust II
1415311,ULE,ProShares Trust II
1415311,UVXY,ProShares Trust II
1415311,VIXM,ProShares Trust II
1415311,VIXY,ProShares Trust II
1415311,SCO,ProShares Trust II
1415311,SVXY,ProShares Trust II
1415311,UCO,ProShares Trust II
1547870,BUGDF,Bumrungrad Hospital Public Co Limited/ADR
1547870,BUHPF,Bumrungrad Hospital Public Co Limited/ADR
1547870,BUHHF,Bumrungrad Hospital Public Co Limited/ADR
1546066,PBNAF,PEMBINA PIPELINE CORP
1546066,PMBPF,PEMBINA PIPELINE CORP
1546066,PMMBF,PEMBINA PIPELINE CORP
1546066,PPLAF,PEMBINA PIPELINE CORP
1546066,PPLOF,PEMBINA PIPELINE CORP
1546066,PBPRF,PEMBINA PIPELINE CORP
1535759,NSKFF,Kongsberg Gruppen ASA/ADR
1532619,PW-PA,Power REIT
1577552,BBAAY,Alibaba Group Holding Ltd
1580149,BIVIW,BIOVIE INC.
1568183,AUIWF,AURANIA RESOURCES LTD.
1560293,TNONW,"Tenon Medical, Inc."
1456772,OPIRQ,OFFICE PROPERTIES INCOME TRUST
1462120,LOB-PA,"Live Oak Bancshares, Inc."
1464343,ATLCL,Atlanticus Holdings Corp
1464343,ATLCP,Atlanticus Holdings Corp
1464343,ATLCZ,Atlanticus Holdings Corp
1472033,JTGLF,"Citibank,N.A./ADR"
1476045,CLDT-PA,Chatham Lodging Trust
1482512,HPP-PC,"Hudson Pacific Properties, Inc."
1487139,SKLTF,Seek Ltd
1488813,CUBB,"Customers Bancorp, Inc."
1490349,PFXNZ,PhenixFIN Corp
1494191,KRNGF,Karoon Gas Australia Ltd /ADR/
1496099,NMFCZ,New Mountain Finance Corp
1822791,CLNNW,Clene Inc.
1817232,HGASW,Global Gas Corp
1818643,PHXE-P,"Phoenix Energy One, LLC"
1812727,RELIW,"Reliance Global Group, Inc."
1807765,PMVCW,PMV Consumer Acquisition Corp.
1809158,KUKEY,Kuke Music Holding Ltd
1915328,ISLUF,Israel Acquisitions Corp
1915328,ISLWF,Israel Acquisitions Corp
1917993,GSTK,Growth Stalk Holdings Corp
1913847,CNCKW,Coincheck Group N.V.
1894693,SVREW,SaverOne 2014 Ltd.
1903392,CLRRF,ClimateRock
1903392,CLRUF,ClimateRock
1903392,CLRWF,ClimateRock
1918661,ESHAR,ESH Acquisition Corp.
1920406,SATA,"Strive, Inc."
1799191,TOIIW,"Oncology Institute, Inc."
1796026,DNOPF,Dino Polska S.A./ADR
1848334,OKMN,"OKMIN RESOURCES, INC."
1852353,DC-WT,Dakota Gold Corp.
1854275,ZCARW,"Zoomcar Holdings, Inc."
1841425,VGASW,"Verde Clean Fuels, Inc."
1849820,KITTW,"Nauticus Robotics, Inc."
1838163,BNAIW,Brand Engagement Network Inc.
1831979,SDSTW,Stardust Power Inc.
1828739,AQLS,"Arculus System Co., Ltd."
1826667,TLSIW,"TriSalus Life Sciences, Inc."
1826681,PDYNW,Palladyne AI Corp.
1824502,ACHR-WT,Archer Aviation Inc.
1824920,IONQ-WT,"IonQ, Inc."
1823466,NOTE-WT,"FiscalNote Holdings, Inc."
1823584,AENTW,ALLIANCE ENTERTAINMENT HOLDING CORP
1820190,SCLXW,Scilex Holding Co
1823255,MFGCD,MAYFAIR GOLD CORP.
1877557,WELWF,Integrated Wellness Acquisition Corp
1877557,WELUF,Integrated Wellness Acquisition Corp
1870144,CDIOW,"Cardio Diagnostics Holdings, Inc."
1868640,RDZNW,Roadzen Inc.
1869601,EMCWF,Embrace Change Acquisition Corp.
1869601,EMCRF,Embrace Change Acquisition Corp.
1869601,EMCUF,Embrace Change Acquisition Corp.
1865782,BTSGU,"BrightSpring Health Services, Inc."
1862463,AMODW,"ALPHA MODUS HOLDINGS, INC."
1863006,VLN-WT,Valens Semiconductor Ltd.
1686009,CAHPF,Evolution Mining Limited/ADR
1684688,JUPGD,ATLAS CRITICAL MINERALS Corp
1695519,ATGAF,AltaGas Ltd.
1654508,IBIDF,"Ibiden Co., Ltd./ADR"
1769624,ILLRW,Triller Group Inc.
1751707,OZVN,OZ VISION INC.
1741530,QFNHF,"Qfin Holdings, Inc."
1753712,LARAX,Lord Abbett Credit Opportunities Fund
1705012,FATBP,"Fat Brands, Inc"
1699967,MEIUF,Meitu Inc./ADR
1865861,CTSWF,Cactus Acquisition Corp. 1 Ltd
1865861,CTSUF,Cactus Acquisition Corp. 1 Ltd
1866782,CDROW,"Codere Online Luxembourg, S.A."
1872964,MTEKW,Maris Tech Ltd.
1872228,TVAIR,Thayer Ventures Acquisition Corp II
1872228,TVAIU,Thayer Ventures Acquisition Corp II
1879016,IVNHW,Ivanhoe Electric Inc.
1879248,ADSEW,Ads-Tec Energy Public Ltd Co
1884130,BKLPF,PT Bukalapak.com Tbk/ADR
1885849,TFLM,Tofla Megaline Inc.
1888740,LSEB,LSEB Creative Corp.
1890361,ASPCU,ASPAC III Acquisition Corp.
1890361,ASPCR,ASPAC III Acquisition Corp.
1889123,FLDDW,"Fold Holdings, Inc."
1899287,AMPX-WT,"Amprius Technologies, Inc."
1896511,DAZSF,ZKGC New Energy Ltd
1904616,BAKR,Baker Global Asset Management Inc.
1915380,DMYYU,"dMY Squared Technology Group, Inc."
1915380,DMYYW,"dMY Squared Technology Group, Inc."
1913510,VFSWW,VinFast Auto Ltd.
1920294,RZLVW,REZOLVE AI PLC
1936255,FORLU,Four Leaf Acquisition Corp
1936255,FORLW,Four Leaf Acquisition Corp
1936804,SDAWW,SunCar Technology Group Inc.
1897463,GRAF-WT,Graf Global Corp.
1898416,ALVOW,Alvotech
1896212,CDTTW,CDT Equity Inc.
1893219,ABPWW,"Abpro Holdings, Inc."
1887673,WLDSW,Wearable Devices Ltd.
1884046,SPKLW,Spark I Acquisition Corp
1884046,SPKLU,Spark I Acquisition Corp
1985406,NPEHF,"Nippon Express Holdings, Inc./ADR"
1981662,NIVFW,NewGenIvf Group Ltd
1981462,LDTDF,LeddarTech Holdings Inc.
1980845,ENGNW,enGene Holdings Inc.
1969796,THQQF,Embracer Group AB/ADR
1979005,AFJKR,"Aimei Health Technology Co., Ltd."
1979005,AFJKU,"Aimei Health Technology Co., Ltd."
1949257,RDPTF,Radiopharm Theranostics Ltd
1951378,QLUNF,Qilun Group Inc.
1808377,LUCYW,Innovative Eyewear Inc
1809750,EDBLW,Edible Garden AG Inc
1804469,GFAIW,"Guardforce AI Co., Ltd."
1803901,TALKW,"Talkspace, Inc."
1801729,NCLTF,"Nitori Holdings Co., Ltd."
1788707,ADYYF,Adyen N.V./ADR
1789444,PSKRF,Protector Forsikring/ADR
1786117,PINE-PA,"Alpine Income Property Trust, Inc."
1946573,NAKAW,"Kindly MD, Inc."
1932737,AIIOW,ROBO.AI INC.
1930147,SPME,"Sound Point Meridian Capital, Inc."
1930147,SPMA,"Sound Point Meridian Capital, Inc."
1924064,RLNDF,RoyaLand Co Ltd.
1916558,TRWD,Tradewinds Universal
2007191,TLPPF,Telix Pharmaceuticals Ltd
2012807,RFAIU,RF Acquisition Corp II
2012807,RFAIR,RF Acquisition Corp II
2013807,FOXXW,Foxx Development Holdings Inc.
2015947,SBXD-UN,SilverBox Corp IV
2015947,SBXD-WT,SilverBox Corp IV
1997296,MDCXW,Medicus Pharma Ltd.
2001557,INVLW,"Innventure, Inc."
1994373,HNIT,Huineng Technology Corp
1995306,SPHIF,SUPER HI INTERNATIONAL HOLDING LTD.
1984345,VTBAS,"Vestible Assets, LLC"
1986817,GTENW,"Gores Holdings X, Inc. / CI"
1986817,GTENU,"Gores Holdings X, Inc. / CI"
1983324,RMSGW,Real Messenger Corp
1965143,NVNIW,Nvni Group Ltd
1957538,ESGLW,ESGL Holdings Ltd
1853044,AERTW,"Aeries Technology, Inc."
1847462,AYWWF,Ayr Wellness Inc.
1847075,SAIHW,SAIHEAT Ltd
1847345,ASBPW,"Aspire Biopharma Holdings, Inc."
1854816,MINR,Minerva Gold Inc.
1854963,SHFSW,"SHF Holdings, Inc."
1855467,MOBXW,"MOBIX LABS, INC"
1858007,GDSTR,Goldenstone Acquisition Ltd.
1858007,GDSTU,Goldenstone Acquisition Ltd.
1858007,GDSTW,Goldenstone Acquisition Ltd.
1841125,BSLKW,"Bolt Projects Holdings, Inc."
1840425,OSRHW,"OSR Holdings, Inc."
1838987,SPWRW,SunPower Inc.
1836981,BBAI-WT,"BigBear.ai Holdings, Inc."
1841761,GROVW,"Grove Collaborative Holdings, Inc."
1844971,GREEL,Greenidge Generation Holdings Inc.
1845437,NPWR-WT,NET Power Inc.
1834526,GPATU,GP-Act III Acquisition Corp.
1834526,GPATW,GP-Act III Acquisition Corp.
1834026,GROY-WT,Gold Royalty Corp.
1828108,AUROW,"Aurora Innovation, Inc."
1830214,DNABW,"Ginkgo Bioworks Holdings, Inc."
1820302,BKKT-WT,"Bakkt Holdings, Inc."
1811063,NUVB-WT,Nuvation Bio Inc.
1836833,PL-WT,Planet Labs PBC
1840877,COCHW,"Envoy Medical, Inc."
1831868,ICUCW,SeaStar Medical Holding Corp
1830081,RUMBW,Rumble Inc.
1831283,LIANY,LianBio
1825452,ONFOW,"Onfolio Holdings, Inc"
1825452,ONFOP,"Onfolio Holdings, Inc"
1825248,FRBP,Franklin BSP Capital Corp
1823878,MYPSW,"PLAYSTUDIOS, Inc."
1822993,JXN-PA,Jackson Financial Inc.
1496254,LTAFX,Alternative Strategies Income Fund
1496254,LTCFX,Alternative Strategies Income Fund
1468492,HSCSW,HeartSciences Inc.
1472879,WCPRF,WHITECAP RESOURCES INC.
1451448,GMBLP,"ESPORTS ENTERTAINMENT GROUP, INC."
1451448,GMBLZ,"ESPORTS ENTERTAINMENT GROUP, INC."
1464423,PMTU,PennyMac Mortgage Investment Trust
1464423,PMTW,PennyMac Mortgage Investment Trust
1464423,PMTV,PennyMac Mortgage Investment Trust
1464423,PMT-PC,PennyMac Mortgage Investment Trust
1460447,MIMTF,Mitsubishi Materials Corp / ADR
1440130,UUGWF,United Utilities Group plc
1810560,REVBW,"REVELATION BIOSCIENCES, INC."
1804176,BFLY-WT,"Butterfly Network, Inc."
1814287,ABLLL,"Abacus Global Management, Inc."
1816708,OWLTW,"Owlet, Inc."
1822928,HLLY-WT,Holley Inc.
1826889,BODYW,"Beachbody Company, Inc."
1818331,WGSWW,GeneDx Holdings Corp.
1818382,HUMAW,"Humacyte, Inc."
1819516,WSUPW,Wheels Up Experience Inc.
1793497,UVIX,VS Trust
1801602,SBIGW,"SpringBig Holdings, Inc."
1801417,BYNOU,byNordic Acquisition Corp
1801417,BYNOW,byNordic Acquisition Corp
1798562,TMCWW,TMC the metals Co Inc.
1872812,TCBWF,TC BioPharm (Holdings) plc
1901799,BTMWW,Bitcoin Depot Inc.
1921158,FUFUW,Bitfufu Inc.
1923734,AKPPS,Ark7 Properties Plus LLC
1939937,LMMY,LAMY
1938338,GLTK,GlobalTech Corp
1926599,TDACU,Translational Development Acquisition Corp.
1926599,TDACW,Translational Development Acquisition Corp.
1971387,LIMNW,"Liminatus Pharma, Inc."
1965473,CCGWW,Cheche Group Inc.
1953984,BCGWW,"Binah Capital Group, Inc."
1958217,LZM-WT,Lifezone Metals Ltd
1957783,MACT,"MachTen, Inc."
1988776,MRNOW,Murano Global Investments Plc
1987240,SHMDW,SCHMID Group N.V.
1979484,ABVEW,Above Food Ingredients Inc.
1973368,SVUWF,SRIVARU Holding Ltd
1861063,AQUNR,Aquaron Acquisition Corp.
1861063,AQUNU,Aquaron Acquisition Corp.
1862150,CINGW,Cingulate Inc.
1863990,MSAIW,"MultiSensor AI Holdings, Inc."
1865111,ALSUF,Alpha Star Acquisition Corp
1865111,ALSWF,Alpha Star Acquisition Corp
1865111,ALSTF,Alpha Star Acquisition Corp
1868419,CYCUW,"Cycurion, Inc."
1864943,FGIWW,FGI Industries Ltd.
1866364,BULLW,Webull Corp
1848763,RNWWW,ReNew Energy Global plc
1847846,EUDAW,EUDA Health Holdings Ltd
1848731,GHBWF,Glass House Brands Inc.
1841209,HOLOW,MicroCloud Hologram Inc.
1842566,AISPW,"Airship AI Holdings, Inc."
1845123,ANNAW,"AleAnna, Inc."
1852039,FILG,Grayscale Filecoin Trust (FIL)
1849635,DJTWW,Trump Media & Technology Group Corp.
1852207,BEAGU,Bold Eagle Acquisition Corp.
1852207,BEAGR,Bold Eagle Acquisition Corp.
1853962,IAUX-WT,i-80 Gold Corp.
1840856,SOUNW,"SOUNDHOUND AI, INC."
1839341,CORZW,"Core Scientific, Inc./tx"
1839341,CORZZ,"Core Scientific, Inc./tx"
1839341,CORZR,"Core Scientific, Inc./tx"
1839586,DMXCF,District Metals Corp.
1849380,ONMDW,OneMedNet Corp
1855485,CLDWW,"Calidi Biotherapeutics, Inc."
1851909,CDAWF,Compass Digital Acquisition Corp.
1851909,CDAUF,Compass Digital Acquisition Corp.
1854149,ANSCU,Agriculture & Natural Solutions Acquisition Corp
1854149,ANSCW,Agriculture & Natural Solutions Acquisition Corp
1866226,WTMAR,Welsbach Technology Metals Acquisition Corp.
1866226,WTMAU,Welsbach Technology Metals Acquisition Corp.
1870404,CEROW,"CERO THERAPEUTICS HOLDINGS, INC."
1871638,BZAIW,"Blaize Holdings, Inc."
1875609,SWVLW,Swvl Holdings Corp
1888654,FEAV,"5E Advanced Materials, Inc."
1885680,RAJAF,"Cordyceps Sunshine Biotech Holdings Co., Ltd."
1900679,TETWF,Technology & Telecommunication Acquisition Corp
1900679,TETUF,Technology & Telecommunication Acquisition Corp
1889983,KVACU,Keen Vision Acquisition Corp.
1889983,KVACW,Keen Vision Acquisition Corp.
1820566,ISPOW,Inspirato Inc
1821159,EVGOW,EVgo Inc.
2022059,AGMWF,"Silver Mountain Resources, Inc."
2025401,FERAR,Fifth Era Acquisition Corp I
2025401,FERAU,Fifth Era Acquisition Corp I
1824403,RSVRW,"Reservoir Media, Inc."
1829247,BFRGW,"BullFrog AI Holdings, Inc."
1830696,GLCP,GLOBAL LEADERS CORP
1837671,CPPTL,Copper Property CTL Pass Through Trust
1831096,GEGGL,"Great Elm Group, Inc."
2013003,PMCUF,Pro Medicus Ltd./ADR
2011674,YDESW,YD Bio Ltd
2014982,SIMAW,SIM Acquisition Corp. I
2014982,SIMAU,SIM Acquisition Corp. I
2007360,PRXXF,Paradox Interactive AB/ADR
2003750,MGSD,"Maitong Sunshine Cultural Development Co., Ltd"
2000410,EURKR,Eureka Acquisition Corp
2000410,EURKU,Eureka Acquisition Corp
1999474,DTZZF,Dotz Nano Limited/ADR
1999297,DSYWW,Big Tree Cloud Holdings Ltd
1956237,ALMP,Almco Plumbing Inc
1956648,NOEMW,CO2 Energy Transition Corp.
1956648,NOEMU,CO2 Energy Transition Corp.
1956648,NOEMR,CO2 Energy Transition Corp.
1951089,CRMLW,Critical Metals Corp.
1951089,CRTMF,Critical Metals Corp.
1946563,SXTPW,"60 DEGREES PHARMACEUTICALS, INC."
1949864,MGNC,Mag Magna Corp
1933359,NTCS,Natics Corp.
1934945,TBMCR,Trailblazer Merger Corp I
1901203,UCFIW,CN Healthy Food Tech Group Corp.
1892747,VMCWF,Valuence Merger Corp. I
1892747,VMCUF,Valuence Merger Corp. I
1889539,CRBD,"Corebridge Financial, Inc."
1895262,NBLWF,Noble Corp plc
1895262,NE-WTA,Noble Corp plc
1895262,NE-WT,Noble Corp plc
2073669,HNSPF,Hansoh Pharmaceutical Group Co Limited/ADR
2070602,HVMCU,Highview Merger Corp.
2070602,HVMCW,Highview Merger Corp.
2070829,CTATF,"Contemporary Amperex Technology Co., Limited/ADR"
2073901,TNEYF,Tamarack Valley Energy Ltd./ADR
2000775,BKHAU,Black Hawk Acquisition Corp
2000775,BKHAR,Black Hawk Acquisition Corp
2006291,CCIXU,Churchill Capital Corp IX/Cayman
2006291,CCIXW,Churchill Capital Corp IX/Cayman
1962746,LOTWW,Lotus Technology Inc.
1964979,ALUR-WT,"ALLURION TECHNOLOGIES, INC."
1970509,HYAC-UN,Haymaker Acquisition Corp. 4
1969766,SEPSF,Asep Medical Holdings Inc.
1970509,HYAC-WT,Haymaker Acquisition Corp. 4
1828937,FOACW,Finance of America Companies Inc.
1826011,BNZIW,"Banzai International, Inc."
1826779,TOMYF,Tomy Co Ltd/ADR
1824204,PVOZ,Park View OZ REIT Inc
1819142,SES-WT,SES AI Corp
1830188,UHGWW,"United Homes Group, Inc."
1833214,SABSW,"SAB Biotherapeutics, Inc."
1835654,INVZW,Innoviz Technologies Ltd.
1834032,CSTUF,Constellation Acquisition Corp I
1834032,CSTWF,Constellation Acquisition Corp I
1831359,JWSUF,Jaws Mustang Acquisition Corp
1831359,JWSWF,Jaws Mustang Acquisition Corp
1876716,ASUUF,ASPAC II Acquisition Corp.
1876716,ASCRF,ASPAC II Acquisition Corp.
1876716,ASCWF,ASPAC II Acquisition Corp.
1883085,PGYWW,Pagaya Technologies Ltd.
1882464,MSSUF,Metal Sky Star Acquisition Corp
1882464,MSSWF,Metal Sky Star Acquisition Corp
1882464,MSSRF,Metal Sky Star Acquisition Corp
2025608,SOUL-RI,Soulpower Acquisition Corp.
2025608,SOUL-UN,Soulpower Acquisition Corp.
2027329,OPTHF,Optimi Health Corp.
2027330,SGIPF,"Sugi Holdings Co., Ltd./ADR"
1885408,JFBRW,Jeffs' Brands Ltd
1886190,GGROW,Gogoro Inc.
2024203,CAPNU,Cayson Acquisition Corp
2024203,CAPNR,Cayson Acquisition Corp
2043424,FKURF,Fujikura Ltd/ADR
2044009,XRPNW,Armada Acquisition Corp. II
2044009,XRPNU,Armada Acquisition Corp. II
2051380,PEW-WT,GrabAGun Digital Holdings Inc.
2042187,KYFGF,Kyoto Financial Group Inc/ADR
2029769,OACCU,Oaktree Acquisition Corp. III Life Sciences
2029769,OACCW,Oaktree Acquisition Corp. III Life Sciences
2028516,ATIIU,Archimedes Tech SPAC Partners II Co.
2028516,ATIIW,Archimedes Tech SPAC Partners II Co.
2029970,LABFF,"Laboratorios Farmaceuticos Rovi, S.A./ADR"
2029969,VRBCF,Virbac SA/ADR
2032528,DRDBU,Roman DBDR Acquisition Corp. II
2032528,DRDBW,Roman DBDR Acquisition Corp. II
2034313,OBAWU,Oxley Bridge Acquisition Ltd
2034313,OBAWW,Oxley Bridge Acquisition Ltd
1843724,LNZAW,"LanzaTech Global, Inc."
1843477,SVIUF,Spring Valley Acquisition Corp. II
1847986,DFLIW,Dragonfly Energy Holdings Corp.
1848672,GDLG,Glidelogic Corp.
1852016,AEAEU,AltEnergy Acquisition Corp
1852016,AEAEW,AltEnergy Acquisition Corp
1836875,NVVEW,Nuvve Holding Corp.
1837493,IINNW,Inspira Technologies OXY B.H.N. Ltd
1840502,TBLAW,Taboola.com Ltd.
1839530,XBPEW,"XBP Global Holdings, Inc."
1842556,EONR-WT,EON Resources Inc.
1843477,SVIWF,Spring Valley Acquisition Corp. II
1843477,SVIRF,Spring Valley Acquisition Corp. II
1842138,ULIX,ULIXE CORP.
1875547,LCFYW,Locafy Ltd
1866838,IGTAR,Inception Growth Acquisition Ltd
1866838,IGTAU,Inception Growth Acquisition Ltd
1866838,IGTAW,Inception Growth Acquisition Ltd
1855474,AIRJW,AirJoule Technologies Corp.
1852551,NVAWW,Nova Minerals Ltd
1852551,NVAAF,Nova Minerals Ltd
1848739,GDEVW,GDEV Inc.
1858685,BFRIW,Biofrontera Inc.
1860871,TVGNW,Tevogen Bio Holdings Inc.
1859035,MCAGR,Mountain Crest Acquisition Corp. V
1859035,MCAGU,Mountain Crest Acquisition Corp. V
1953530,OCSAW,Oculis Holding AG
1980295,IMAA,IMA Tech
1982444,BDMDW,Baird Medical Investment Holdings Ltd
1927719,CRGOW,Freightos Ltd
1941189,TANAF,Tian'an Technology Group Ltd
1985554,LDXC,Londax Corp.
1985273,TOYWF,"TOYO Co., Ltd"
1994582,OYCG,Oyocar Group Inc.
1913577,SMNRW,"Semnur Pharmaceuticals, Inc."
1907223,KLTOW,"Klotho Neurosciences, Inc."
1903145,GRRRW,Gorilla Technology Group Inc.
1903464,AIMUF,Aimfinity Investment Corp. I
1903464,AIMWF,Aimfinity Investment Corp. I
1903464,AIMTF,Aimfinity Investment Corp. I
1922097,LANV-WT,Lanvin Group Holdings Ltd
1935418,FMSTW,Foremost Clean Energy Ltd.
1937441,AMBWQ,Ambipar Emergency Response
1937441,AMBIQ,Ambipar Emergency Response
1930021,HOVRW,New Horizon Aircraft Ltd.
1934850,FGN,"F&G Annuities & Life, Inc."
1934850,FGSN,"F&G Annuities & Life, Inc."
1935033,KMFG,KEEMO Fashion Group Ltd
1966287,GFRWF,Greenfire Resources Ltd.
1969729,RKWBF,Rockwool A/S/ADR
1969729,RKWAF,Rockwool A/S/ADR
1969729,RCWBY,Rockwool A/S/ADR
1955104,ZAPWF,Zapp Electric Vehicles Group Ltd
1956827,AAVXF,Abivax S.A.
1946399,LSBWF,"LakeShore Biopharma Co., Ltd."
1941536,BAERW,"Bridger Aerospace Group Holdings, Inc."
2070570,REECF,Reece Limited/ADR
2067592,MKLYR,McKinley Acquisition Corp
2067592,MKLYU,McKinley Acquisition Corp
2063816,INACR,Indigo Acquisition Corp.
2063816,INACU,Indigo Acquisition Corp.
2064177,BPACU,Blueport Acquisition Ltd
2065779,BCARW,D. Boral ARC Acquisition I Corp.
2065779,BCARU,D. Boral ARC Acquisition I Corp.
2063675,LSHGF,Louis Hachette Group/ADR
2063116,SCSKF,SCSK Corporation/ADR
2062807,MGHTF,Mercury NZ Ltd./ADR
2058359,CRAQR,Cal Redwood Acquisition Corp.
2058359,CRAQU,Cal Redwood Acquisition Corp.
2055896,FCHRF,Georg Fischer AG/ADR
2057030,AXINU,Axiom Intelligence Acquisition Corp 1
2057030,AXINR,Axiom Intelligence Acquisition Corp 1
2053411,PCPPF,PC Partner Group Ltd/ADR
2053456,TGE-WT,Generation Essentials Group
2047497,RAC-UN,Rithm Acquisition Corp.
2047497,RAC-WT,Rithm Acquisition Corp.
2052243,TWLVU,Twelve Seas Investment Co III/Cayman
2044523,ORIQW,Origin Investment Corp I
2044523,ORIQU,Origin Investment Corp I
2042292,BDCIW,BTC Development Corp.
2042292,BDCIU,BTC Development Corp.
2042556,SPGDF,Springer Nature AG & Co. KGaA/ADR
2034300,DGMDF,Digital Domain Holdings Limited/ADR
2033991,TVACU,Texas Ventures Acquisition III Corp
2033991,TVACW,Texas Ventures Acquisition III Corp
2034334,AACBR,Artius II Acquisition Inc.
2034334,AACBU,Artius II Acquisition Inc.
2038439,VWAVW,"VisionWave Holdings, Inc."
2041047,IPODW,Dune Acquisition Corp II
2041047,IPODU,Dune Acquisition Corp II
2039784,MGCOF,"Midea Group Co., Ltd./ADR"
2000762,GMTH,GMTech Inc.
1997652,TBNRL,Tamboran Resources Corp
1998043,PDPA,Pearl Diver Credit Co Inc.
1998781,IBACR,IB Acquisition Corp.
2020414,EDVGF,Endeavour Group Limited/ADR
2019435,BGLWW,Blue Gold Ltd
2015502,LPAAU,Launch One Acquisition Corp.
2015502,LPAAW,Launch One Acquisition Corp.
2032732,AVSBS,"Arrived Homes 5, LLC"
2032732,AVPKS,"Arrived Homes 5, LLC"
2032732,AEHGS,"Arrived Homes 5, LLC"
2032732,ALOIS,"Arrived Homes 5, LLC"
2033593,SVCCW,Stellar V Capital Corp. (Cayman Islands)
2032966,TICAW,"TIC Solutions, Inc."
2033593,SVCCU,Stellar V Capital Corp. (Cayman Islands)
2029472,PUIGF,Puig Brands S.A./ADR
2025878,TYBB,TriUnity Business Services Ltd
2026514,NAMMW,Namib Minerals
2028336,NUAIW,"New ERA Energy & Digital, Inc."
2028027,NTWOW,Newbury Street II Acquisition Corp
2028027,NTWOU,Newbury Street II Acquisition Corp
2028293,RAINW,"Rain Enhancement Technologies Holdco, Inc."
2024460,CHPGU,ChampionsGate Acquisition Corp
2024460,CHPGR,ChampionsGate Acquisition Corp
2025396,VCICU,Vine Hill Capital Investment Corp.
2025396,VCICW,Vine Hill Capital Investment Corp.
1899830,PERF-WT,Perfect Corp.
1905660,HUBCW,Hub Cyber Security Ltd.
1905660,HUBCZ,Hub Cyber Security Ltd.
1906364,FGMCU,FG Merger II Corp.
1906364,FGMCR,FG Merger II Corp.
1910975,RPDL,Rapid Line Inc.
1940674,SMXWW,SMX (Security Matters) Public Ltd Co
1934807,NXFNF,Next Fifteen Communications Group plc/ADR
1922858,ECDAW,"ECD Automotive Design, Inc."
1930313,SBCWW,SBC Medical Group Holdings Inc
1963088,ATCHW,"AtlasClear Holdings, Inc."
1959994,COOTW,Australian Oilseeds Holdings Ltd
1945422,OAKUW,Oak Woods Acquisition Corp
1941360,NELR,Neolara Corp.
1946021,HSPUF,Horizon Space Acquisition I Corp.
1946021,HSPWF,Horizon Space Acquisition I Corp.
1945422,OAKUU,Oak Woods Acquisition Corp
1945422,OAKUR,Oak Woods Acquisition Corp
1947861,NMHIW,Nature's Miracle Holding Inc.
1947244,USGOW,U.S. GoldMining Inc.
1957489,ABLVW,Able View Global Inc.
2014254,FSTWF,FST Corp.
2021042,FTW-WT,EQV Ventures Acquisition Corp.
2021042,FTW-UN,EQV Ventures Acquisition Corp.
2018852,STTPF,SCHOTT Pharma AG & Co. KGaA/ADR
2038958,MANDF,Mandatum Oyj/ADR
2037786,USRED,Tactical Resources Corp.
2028201,COLAU,Columbus Acquisition Corp/Cayman Islands
2028201,COLAR,Columbus Acquisition Corp/Cayman Islands
2039058,JACS-UN,Jackson Acquisition Co II
2039058,JACS-RI,Jackson Acquisition Co II
2042902,EVAC-UN,EQV Ventures Acquisition Corp. II
2042902,EVAC-WT,EQV Ventures Acquisition Corp. II
2044863,TKMEF,"Tokyo Metro Co., Ltd./ADR"
2061911,MXUGF,Mixue Bingcheng Co Ltd/ADR
2055459,RDAGU,Republic Digital Acquisition Co
2055459,RDAGW,Republic Digital Acquisition Co
2062522,GMWKF,GAMES WORKSHOP GROUP PLC/ADR
1887912,WLSS,Welsis Corp.
1978528,QETAU,Quetta Acquisition Corp
1978528,QETAR,Quetta Acquisition Corp
1985062,PBMWW,PSYENCE BIOMEDICAL LTD.
2000756,KWMWW,K Wave Media Ltd.
1991332,MKDWW,MKDWELL Tech Inc.
1992818,ZOOZW,ZOOZ Strategy Ltd.
2085236,AMVIF,AUMOVIO SE
2079706,MBGCF,"Mitsubishi Gas Chemical Company, Inc./ADR"
2080023,VACI-WT,Viking Acquisition Corp I
2080023,VACI-UN,Viking Acquisition Corp I
2073972,LWSCF,Sienna Senior Living Inc./ADR
2074157,SVAUF,StorageVault Canada Inc./ADR
2077033,MMTXU,Miluna Acquisition Corp
2077033,MMTXW,Miluna Acquisition Corp
2079106,LAFAU,LaFayette Acquisition Corp.
2079106,LAFAR,LaFayette Acquisition Corp.
2007825,CCCXW,Churchill Capital Corp X/Cayman
2007825,CCCXU,Churchill Capital Corp X/Cayman
2070900,QUMSU,Quantumsphere Acquisition Corp
2070900,QUMSR,Quantumsphere Acquisition Corp
2071868,JNGHF,"Jiangsu Hengrui Pharmaceuticals Co., Ltd./ADR"
2072404,GSRFU,GSR IV Acquisition Corp.
2072404,GSRFR,GSR IV Acquisition Corp.
2073340,TLNCU,Talon Capital Corp.
2073340,TLNCW,Talon Capital Corp.
2081468,MESHU,Meshflow Acquisition Corp
2076739,SCIIU,SC II Acquisition Corp.
2074850,SVACU,Spring Valley Acquisition Corp. III
2074850,SVACW,Spring Valley Acquisition Corp. III
2100603,MTPLF,Metaplanet Inc.
2089509,JELLF,JEOL LTD/ADR
2088339,OBIBF,"OBIC Business Consultants Co., Ltd./ADR"
2080985,ITHAU,ITHAX Acquisition Corp III
2087852,SBKLF,Sumitomo Bakelite Co Limited/ADR
2064658,MCGAW,Yorkville Acquisition Corp.
2064658,MCGAU,Yorkville Acquisition Corp.
2065660,DNACF,"DeNA Co., Ltd./ADR"
2087844,MSOKF,Mitsui-Soko Holdings Co Limited/ADR
2087843,GGPSF,Greatland Resources Limited/ADR
2098425,BGTCF,"Beijing Geekplus Technology Co., Ltd./ADR"
2056634,PCAPU,ProCap Acquisition Corp
2056634,PCAPW,ProCap Acquisition Corp
2062803,IDPUF,IDP Education Ltd./ADR
2060863,NGHLF,Nightingale Health Plc
2037431,PELIU,Pelican Acquisition Corp
2037431,PELIR,Pelican Acquisition Corp
2033770,DAICW,"CID Holdco, Inc."
2035644,RANGR,Range Capital Acquisition Corp.
2035644,RANGU,Range Capital Acquisition Corp.
2033019,KOKSF,Kokusai Electric Corporation/ADR
2032517,STKTF,Sectra AB/ADR
2029492,MLACU,Mountain Lake Acquisition Corp.
2029492,MLACR,Mountain Lake Acquisition Corp.
2028707,BACQU,INFLECTION POINT ACQUISITION CORP. IV
2028707,BACQR,INFLECTION POINT ACQUISITION CORP. IV
2026767,ALISU,Calisa Acquisition Corp
2026767,ALISR,Calisa Acquisition Corp
2032950,HSPTU,Horizon Space Acquisition II Corp.
2032950,HSPTR,Horizon Space Acquisition II Corp.
2034520,GIBOW,GIBO HOLDINGS Ltd
2050501,BLUWU,Blue Water Acquisition Corp. III
2050501,BLUWW,Blue Water Acquisition Corp. III
2053843,YSHLF,Yangzijiang Shipbuilding Holdings Ltd/ADR
2043630,APACU,StoneBridge Acquisition II Corp
2043630,APACR,StoneBridge Acquisition II Corp
2042460,HAVAU,Harvard Ave Acquisition Corp
2042460,HAVAR,Harvard Ave Acquisition Corp
2040475,DMIIR,Drugs Made In America Acquisition II Corp.
2040475,DMIIU,Drugs Made In America Acquisition II Corp.
2043766,GTERR,Globa Terra Acquisition Corp
2043766,GTERW,Globa Terra Acquisition Corp
2043766,GTERU,Globa Terra Acquisition Corp
2048948,NPACW,New Providence Acquisition Corp. III/Cayman
2048948,NPACU,New Providence Acquisition Corp. III/Cayman
2049248,LCCCU,Lakeshore Acquisition III Corp.
2049248,LCCCR,Lakeshore Acquisition III Corp.
2060217,HRZRF,"Horizon Robotics, Inc./ADR"
2064683,CCIIU,Cohen Circle Acquisition Corp. II
2064683,CCIIW,Cohen Circle Acquisition Corp. II
2062440,KYIVW,Kyivstar Group Ltd.
2066601,TOKCF,"Tokyo Ohka Kogyo Co., Ltd./ADR"
2068441,STHRF,Strathcona Resources Ltd.
1992243,TE-WT,T1 Energy Inc.
2053383,KXHCF,Kioxia Holdings Corporation/ADR
2052547,EGHAR,EGH Acquisition Corp.
2052547,EGHAU,EGH Acquisition Corp.
2059986,ONWRF,Onward Medical N.V./ADR
2055337,ASBRF,"Asahi Group Holdings, Ltd./ADR"
2057463,GLIBK,"GCI Liberty, Inc."
2052162,DAAQW,Digital Asset Acquisition Corp.
2052162,DAAQU,Digital Asset Acquisition Corp.
2006815,VACHW,Voyager Acquisition Corp./Cayman Islands
2006815,VACHU,Voyager Acquisition Corp./Cayman Islands
1999261,STWI,StageWise Strategies Corp.
2001699,HPAIW,Helport AI Ltd
2022308,KIDZW,"Classover Holdings, Inc."
2023676,LPBBW,Launch Two Acquisition Corp.
2023676,LPBBU,Launch Two Acquisition Corp.
2020987,YHNAR,YHN Acquisition I Ltd
2020987,YHNAU,YHN Acquisition I Ltd
2021938,SNNRF,Sunrise Communications AG
2021938,SNRBY,Sunrise Communications AG
2020385,TAVIU,Tavia Acquisition Corp.
2020385,TAVIR,Tavia Acquisition Corp.
2018145,RDACR,Rising Dragon Acquisition Corp.
2018145,RDACU,Rising Dragon Acquisition Corp.
2052161,RAAQU,Real Asset Acquisition Corp.
2053799,KCHVR,Kochav Defense Acquisition Corp.
2053799,KCHVU,Kochav Defense Acquisition Corp.
2048951,LOKVW,Live Oak Acquisition Corp. V
2048951,LOKVU,Live Oak Acquisition Corp. V
2048958,SUNXF,Stardust Solar Energy Inc.
2049662,CGCTW,Cartesian Growth Corp III
2049662,CGCTU,Cartesian Growth Corp III
2052161,RAAQW,Real Asset Acquisition Corp.
2045473,COPL-WT,Copley Acquisition Corp
2045473,COPL-UN,Copley Acquisition Corp
2047177,CHECW,Chenghe Acquisition III Co.
2047177,CHECU,Chenghe Acquisition III Co.
2041531,BDTB,Bodhi Tree Biotechnology Inc
2076427,LATAU,Galata Acquisition Corp. II
2076427,LATAW,Galata Acquisition Corp. II
2073553,AIIA-RI,AI Infrastructure Acquisition Corp.
2073553,AIIA-UN,AI Infrastructure Acquisition Corp.
2071913,GBNXF,Gibson Energy Inc/ADR
2071881,TRMLF,Tourmaline Oil Corp/ADR
2067876,VSNTV,"Versant Media Group, Inc."
2054876,NMPAU,NMP Acquisition Corp.
2054876,NMPAR,NMP Acquisition Corp.
2054272,ONCHW,1RT Acquisition Corp.
2054272,ONCHU,1RT Acquisition Corp.
2054174,CHACU,Crane Harbor Acquisition Corp.
2054174,CHACR,Crane Harbor Acquisition Corp.
2059654,BACCR,Blue Acquisition Corp/Cayman
2059654,BACCU,Blue Acquisition Corp/Cayman
2081909,SBXE-UN,SilverBox Corp V
2073928,MBVIW,M3-Brigade Acquisition VI Corp.
2073928,MBVIU,M3-Brigade Acquisition VI Corp.
2082141,AVVOF,Avio S.p.A./ADR
2083143,SCPQU,Social Commerce Partners Corp
2074878,NWAX-UN,New America Acquisition I Corp.
2074973,CCXIU,Churchill Capital Corp XI
2075141,SRBEF,VusionGroup
2075816,EMISR,Emmis Acquisition Corp.
2075918,CSCCF,Capstone Copper Corp./ADR
2076616,TDWDR,Tailwind 2.0 Acquisition Corp.
2076616,TDWDU,Tailwind 2.0 Acquisition Corp.
2079292,DYORW,Insight Digital Partners II
2079292,DYORU,Insight Digital Partners II
2081532,BLRKU,Bluerock Acquisition Corp.
2077954,EVOXW,Evolution Global Acquisition Corp
2077954,EVOXU,Evolution Global Acquisition Corp
2080019,GIWWU,GigCapital8 Corp.
2080019,GIWWR,GigCapital8 Corp.
2010653,FVNNU,Future Vision II Acquisition Corp.
2010653,FVNNR,Future Vision II Acquisition Corp.
2013186,TNMWF,TNL Mediagene
2012318,IPCXU,Inflection Point Acquisition Corp. III
2012318,IPCXR,Inflection Point Acquisition Corp. III
2091585,LKYRF,Locksley Resources Limited/ADR
2094691,OBCKF,Ottobock SE & Co. KGaA/ADR
2089488,SVNHF,SUNEVISION HOLDINGS/ADR
2085208,DUTBF,Duality Biotherapeutics Inc/ADR
2085408,GPACU,General Purpose Acquisition Corp.
2083002,ADACU,American Drive Acquisition Co
2084563,LFACU,Leapfrog Acquisition Corp
1495240,LANDO,GLADSTONE LAND Corp
1468929,NXGLW,"NEXGEL, INC."
1552198,WHFCL,"WhiteHorse Finance, Inc."
1516323,BCKIF,Babcock International Group PLC/ADR
1512922,PETVW,"PetVivo Holdings, Inc."
1630805,BWNB,"Babcock & Wilcox Enterprises, Inc."
1630805,BW-PA,"Babcock & Wilcox Enterprises, Inc."
1604174,ECCC,Eagle Point Credit Co Inc.
1604174,ECCF,Eagle Point Credit Co Inc.
1604174,ECCU,Eagle Point Credit Co Inc.
1604174,ECC-PD,Eagle Point Credit Co Inc.
1604174,ECCV,Eagle Point Credit Co Inc.
1604174,ECCW,Eagle Point Credit Co Inc.
1560143,WYTC,WYTEC INTERNATIONAL INC
1582982,CCLDO,"CareCloud, Inc."
1587987,NEWTZ,"NewtekOne, Inc."
1587987,NEWTP,"NewtekOne, Inc."
1587987,NEWTG,"NewtekOne, Inc."
1587987,NEWTH,"NewtekOne, Inc."
1648087,AREBW,AMERICAN REBEL HOLDINGS INC
1661053,NVNBW,enVVeno Medical Corp
1692345,PRXK,"PROCACCIANTI HOTEL REIT, INC."
1692345,PRXA,"PROCACCIANTI HOTEL REIT, INC."
1699880,AMLIF,American Lithium Corp.
1685040,BHFAM,"Brighthouse Financial, Inc."
1685040,BHFAN,"Brighthouse Financial, Inc."
1685040,BHFAO,"Brighthouse Financial, Inc."
1729514,VTTGF,VAT Group AG/ADR
1752828,CELUW,Celularity Inc
1748680,OWSCX,1WS Credit Income Fund
1727255,COBA,Chilean Cobalt Corp.
1719117,ASRRF,ASR Nederland N.V./ADR
1758057,LAZRQ,"Luminar Technologies, Inc./DE"
1756404,PDSKX,Principal Real Asset Fund
1788841,MCOMW,micromobility.com Inc.
1512228,NIOBW,NIOCORP DEVELOPMENTS LTD
1505880,PNDZF,Pandora A/S / ADR
1503290,ACP-PA,abrdn Income Credit Strategies Fund
1526125,GDHLF,GDS Holdings Ltd
1527590,RCD,Ready Capital Corp
1527590,RCB,Ready Capital Corp
1527590,RCC,Ready Capital Corp
1527590,RC-PC,Ready Capital Corp
1527590,RC-PE,Ready Capital Corp
1534281,MBUMF,"Mabuchi Motor Co., Ltd./ADR"
1538118,YKLTF,"Yakult Honsha Co., LTD/ADR"
1561032,NHPBP,"National Healthcare Properties, Inc."
1618563,NSA-PB,National Storage Affiliates Trust
1605888,SQLLW,ATLANTIC INTERNATIONAL CORP.
1585389,SSST,"SmartStop Self Storage REIT, Inc."
1575311,DTLAP,Brookfield DTLA Fund Office Trust Investor Inc.
1570299,NCHEF,Nichirei Corporation/ADR
1788028,JSPRW,"Jasper Therapeutics, Inc."
1779372,BEATW,"HeartBeam, Inc."
1805833,SSTPW,"System1, Inc."
1802457,ORGNW,"Origin Materials, Inc."
1794669,FOUR-PA,"Shift4 Payments, Inc."
1752564,MRCIF,"Mercari, Inc./ADR"
1754836,EICA,Eagle Point Income Co Inc.
1754836,EICC,Eagle Point Income Co Inc.
1754836,EICB,Eagle Point Income Co Inc.
1766868,ADDTF,Addtech AB/ADR
1719406,NRXPW,"NRX Pharmaceuticals, Inc."
1744676,TCMEF,Tencent Music Entertainment Group
1710680,HFRO-PA,HIGHLAND OPPORTUNITIES & INCOME FUND
1710680,HFRO-PB,HIGHLAND OPPORTUNITIES & INCOME FUND
1706795,BYCBF,Barry Callebaut AG/ADR
1676047,NTRBW,NutriBand Inc.
1677615,XPTFX,Federated Hermes Project & Trade Finance Tender Fund
1691421,LMND-WT,"Lemonade, Inc."
1462223,NIXXW,"Nixxy, Inc."
1451561,SBBTF,Vend Marketplaces ASA/ADR
1263364,COPRD,Idaho Copper Corp
1273685,ADAMG,"ADAMAS TRUST, INC."
1273685,ADAMM,"ADAMAS TRUST, INC."
1273685,ADAMH,"ADAMAS TRUST, INC."
1273685,ADAML,"ADAMAS TRUST, INC."
1273685,ADAMZ,"ADAMAS TRUST, INC."
1273685,ADAMI,"ADAMAS TRUST, INC."
1273685,ADAMN,"ADAMAS TRUST, INC."
1493507,SFDMF,Shanghai Fudan Microelectronics Co Limited/ADR/
1080657,SQFTP,"Presidio Property Trust, Inc."
1080657,SQFTW,"Presidio Property Trust, Inc."
921671,GGT-PG,GABELLI MULTIMEDIA TRUST INC.
933267,IRS-WT,IRSA INVESTMENTS & REPRESENTATIONS INC
1474098,PEB-PG,Pebblebrook Hotel Trust
1474098,PEB-PH,Pebblebrook Hotel Trust
1495222,OXLCG,Oxford Lane Capital Corp.
1495222,OXLCI,Oxford Lane Capital Corp.
1495222,OXLCN,Oxford Lane Capital Corp.
1495222,OXLCP,Oxford Lane Capital Corp.
1495222,OXLCZ,Oxford Lane Capital Corp.
1495222,OXLCL,Oxford Lane Capital Corp.
1004724,RHEPZ,"REGIONAL HEALTH PROPERTIES, INC"
1004724,RHEPA,"REGIONAL HEALTH PROPERTIES, INC"
1004724,RHEPB,"REGIONAL HEALTH PROPERTIES, INC"
1055160,MFA-PC,"MFA FINANCIAL, INC."
1055160,MFAN,"MFA FINANCIAL, INC."
1055160,MFAO,"MFA FINANCIAL, INC."
1045450,EPR-PC,EPR PROPERTIES
1045450,EPR-PE,EPR PROPERTIES
1041792,ELPC,ENERGY CO OF PARANA
1070050,APCXW,AppTech Payments Corp.
1061219,EPDU,ENTERPRISE PRODUCTS PARTNERS L.P.
1562294,EYGPF,Electricity Generating Public Co Limited/ADR
1562294,EYUUF,Electricity Generating Public Co Limited/ADR
1554625,PRIF-PD,"Priority Income Fund, Inc."
1554625,PRIF-PJ,"Priority Income Fund, Inc."
1554625,PRIF-PK,"Priority Income Fund, Inc."
1554625,PRIF-PL,"Priority Income Fund, Inc."
1552000,MPLXP,MPLX LP
1534254,CICB,CION Investment Corp
1551468,CTPUF,Central Pattana Public Co Limited/ADR
1551468,CPNNF,Central Pattana Public Co Limited/ADR
1582820,IPSOF,IPSOS/ADR
1583771,CTRVP,"Hepion Pharmaceuticals, Inc."
1584273,SNROF,"Sanrio Company, Ltd./ADR"
1562528,FBRT-PE,"Franklin BSP Realty Trust, Inc."
1569650,OZKAP,Bank OZK
1668393,CEHCF,"Cosmo Energy Holdings Co., Ltd./ADR"
1658645,LENDX,Stone Ridge Trust V
1651308,BEIGF,BeOne Medicines Ltd.
1645873,MDV-PA,"MODIV INDUSTRIAL, INC."
1645590,HPE-PC,Hewlett Packard Enterprise Co
1635077,ACONW,"Aclarion, Inc."
1611983,LBRDP,Liberty Broadband Corp
1614806,RPT-PC,Rithm Property Trust Inc.
1605331,ABQQD,AI Era Corp.
1580864,VRMWW,"Vroom, Inc."
1576018,SPNT-PB,SiriusPoint Ltd
1576018,SSPFF,SiriusPoint Ltd
1567526,IHICF,IHI Corporation/ADR
1562463,INBKZ,First Internet Bancorp
1553788,SBEVW,"SPLASH BEVERAGE GROUP, INC."
1546538,BTGRF,BTS Group Holdings Public Co Limited/ADR
1546538,BTLWF,BTS Group Holdings Public Co Limited/ADR
1527469,ATHS,Athene Holding Ltd.
1527469,ATH-PB,Athene Holding Ltd.
1527469,ATH-PD,Athene Holding Ltd.
1527469,ATH-PE,Athene Holding Ltd.
1509470,SSSSL,SURO CAPITAL CORP.
1533232,BEPH,Brookfield Renewable Partners L.P.
1533232,BEPI,Brookfield Renewable Partners L.P.
1533232,BEP-PA,Brookfield Renewable Partners L.P.
1533232,BRENF,Brookfield Renewable Partners L.P.
1533232,BEPJ,Brookfield Renewable Partners L.P.
1618181,GLDW,World Gold Trust
1606268,VIASP,"Via Renewables, Inc."
1594968,LAAI,Loan Artificial Intelligence Corp.
1514281,MITT-PC,"TPG Mortgage Investment Trust, Inc."
1514281,MITN,"TPG Mortgage Investment Trust, Inc."
1514281,MITP,"TPG Mortgage Investment Trust, Inc."
1518461,AMPGW,"AmpliTech Group, Inc."
1526113,GNL-PB,"Global Net Lease, Inc."
1526113,GNL-PE,"Global Net Lease, Inc."
1526113,GNL-PD,"Global Net Lease, Inc."
1527166,CGABL,Carlyle Group Inc.
1529906,DPLMF,Diploma plc/ADR
1533082,EBOSF,EBOS Group Limited/ADR
1701963,VSSYW,Versus Systems Inc.
1698538,STSR,"Strategic Student & Senior Housing Trust, Inc."
1690012,ICRP,"InPoint Commercial Real Estate Income, Inc."
1687187,METCB,"Ramaco Resources, Inc."
1687187,METCZ,"Ramaco Resources, Inc."
1687187,METCI,"Ramaco Resources, Inc."
1744494,ADNWW,"ADVENT TECHNOLOGIES HOLDINGS, INC."
1737995,STSSW,Sharps Technology Inc.
1733968,WLGMF,West Red Lake Gold Mines Ltd.
1733968,WRLRF,West Red Lake Gold Mines Ltd.
1728918,AIBRF,AIB Group plc/ADR
1718224,BTBDW,"BT Brands, Inc."
1758699,TRSO,TRANSUITE.ORG INC.
1759186,COEPW,"Coeptis Therapeutics Holdings, Inc."
1781629,ANKM,"Ankam, Inc."
1779474,MAPSW,"WM TECHNOLOGY, INC."
1770114,SAABF,Saab AB/ADR
1785424,KPLTW,"Katapult Holdings, Inc."
1660734,TRTN-PB,Triton International Ltd
1660734,TRTN-PC,Triton International Ltd
1662972,BSTT,"Blackstone Real Estate Income Trust, Inc."
1660734,TRTN-PD,Triton International Ltd
1660734,TRTN-PE,Triton International Ltd
1660734,TRTN-PF,Triton International Ltd
1680637,NRRWD,Nuran Wireless Inc.
1679920,SATLF,"Start Today Co., Ltd./ADR"
1830033,PCTTU,"PureCycle Technologies, Inc."
1830033,PCTTW,"PureCycle Technologies, Inc."
1828972,BZFDW,"BuzzFeed, Inc."
1816431,QSIAW,Quantum-Si Inc
1818644,LIDRW,"AEye, Inc."
1820875,CXAIW,CXApp Inc.
1819848,JOBY-WT,"Joby Aviation, Inc."
1841408,DAVEW,Dave Inc./DE
1843714,ZPTAW,"Zapata Quantum, Inc."
1835724,ZHIHF,Zhihu Inc.
1851959,CNDAU,Concord Acquisition Corp II
1851959,CNDAW,Concord Acquisition Corp II
1851961,GCTS-WT,"GCT Semiconductor Holding, Inc."
1845550,PLMUF,Plum Acquisition Corp. III
1845550,PLMWF,Plum Acquisition Corp. III
1843973,FLYX-WT,FLYEXCLUSIVE INC.
1844505,QTIWW,"QT IMAGING HOLDINGS, INC."
1770115,WTCHF,Wisetech Global Ltd./ADR
1778788,WEBJF,Webjet Limited/ADR
1781162,MNTSW,Momentus Inc.
1757064,GNFTY,Genfit S.A.
1754088,MPNGF,Meituan Dianping/ADR
1760689,MVSTW,"Microvast Holdings, Inc."
1811115,RNLXD,Renalytix plc
1811115,RENXF,Renalytix plc
1812360,FOXOW,FOXO TECHNOLOGIES INC.
1801169,OPENW,Opendoor Technologies Inc.
1801169,OPENL,Opendoor Technologies Inc.
1801169,OPENZ,Opendoor Technologies Inc.
1789135,PASTF,Plastic Omnium/ADR
1786108,TRINI,Trinity Capital Inc.
1786108,TRINZ,Trinity Capital Inc.
1678130,OPP-PA,"RiverNorth/DoubleLine Strategic Opportunity Fund, Inc."
1678130,OPP-PB,"RiverNorth/DoubleLine Strategic Opportunity Fund, Inc."
1678130,OPP-PC,"RiverNorth/DoubleLine Strategic Opportunity Fund, Inc."
1642122,ACGP,"Associated Capital Group, Inc."
1648960,MYSEW,"Myseum, Inc."
1712356,HYNLY,Hydro One Ltd
1705455,ZNKUF,"ZENKOKU HOSHO Co., Ltd./ADR"
1716885,ASCIX,Angel Oak Strategic Credit Fund
1751162,CHWRF,China Tower Corp Limited/ADR
1748137,NEOVW,NeoVolta Inc.
1554818,AUUDW,AUDDIA INC.
1590364,FTAIM,FTAI Aviation Ltd.
1590364,FTAIN,FTAI Aviation Ltd.
1595761,WEIBF,WEIBO Corp
1600928,HPHTF,Hamamatsu Photonics K.K./ADR
1610820,BCTXW,BriaCell Therapeutics Corp.
1610820,BCTXZ,BriaCell Therapeutics Corp.
1616736,GGBY,Alpha Investment Inc.
1800392,VENAF,MicroAlgo Inc.
1502292,PRHIZ,"Presurance Holdings, Inc."
1805521,FFAIW,FARADAY FUTURE INTELLIGENT ELECTRIC INC.
1527541,WHLRL,"Wheeler Real Estate Investment Trust, Inc."
1517767,CCID,Carlyle Credit Income Fund
1532390,WTERD,ALKALINE WATER Co INC
1671132,SONGD,Music Licensing Inc.
1675033,GECCO,Great Elm Capital Corp.
1675033,GECCI,Great Elm Capital Corp.
1675033,GECCH,Great Elm Capital Corp.
1675033,GECCG,Great Elm Capital Corp.
1679688,DBRG-PH,"DigitalBridge Group, Inc."
1679688,DBRG-PI,"DigitalBridge Group, Inc."
1679688,DBRG-PJ,"DigitalBridge Group, Inc."
1653384,RWAYL,Runway Growth Finance Corp.
1653384,RWAYZ,Runway Growth Finance Corp.
1657853,HTZWW,"HERTZ GLOBAL HOLDINGS, INC"
1663712,NRSAX,NEXPOINT REAL ESTATE STRATEGIES FUND
1691445,FVGPY,FinVolution Group
1712762,BIAFW,"bioAffinity Technologies, Inc."
1853138,KDKRW,"Kodiak AI, Inc."
1853070,SOARW,"Volato Group, Inc."
1858681,APOS,"Apollo Global Management, Inc."
1855612,GRABW,Grab Holdings Ltd
1866501,WBXWF,Wallbox N.V.
1871890,GLEI,Galaxy Enterprises Inc. /WY/
1859690,ARQQW,Arqit Quantum Inc.
1865506,ZEOWW,Zeo Energy Corp.
1865631,NNAVW,NEXTNAV INC.
1901336,ALCYU,Alchemy Investments Acquisition Corp 1
1901336,ALCYW,Alchemy Investments Acquisition Corp 1
1879814,TLGUF,TLGY ACQUISITION CORP
1875091,NRSNW,NeuroSense Therapeutics Ltd.
1871983,ANGHW,Anghami Inc
1879814,TLGWF,TLGY ACQUISITION CORP
1889106,ATMCR,ALPHATIME ACQUISITION CORP
1889106,ATMCU,ALPHATIME ACQUISITION CORP
1889106,ATMCW,ALPHATIME ACQUISITION CORP
1753539,BKSY-WT,BlackSky Technology Inc.
1682220,SACH-PA,Sachem Capital Corp.
1682220,SCCD,Sachem Capital Corp.
1682220,SCCE,Sachem Capital Corp.
1682220,SCCF,Sachem Capital Corp.
1682220,SCCG,Sachem Capital Corp.
1693577,MNSBP,"MainStreet Bancshares, Inc."
1711929,SWDR,"Starwood Real Estate Income Trust, Inc."
1703644,GPMT-PA,Granite Point Mortgage Trust Inc.
1733861,RTEZ,REST EZ Inc.
1723701,PMFAX,PIMCO Flexible Municipal Income Fund
1739016,SYAXF,Elevra Lithium Ltd
1775734,BENFW,Beneficient
1779128,SRTAW,"Strata Critical Medical, Inc."
1766478,AOMD,"Angel Oak Mortgage REIT, Inc."
1766478,AOMN,"Angel Oak Mortgage REIT, Inc."
1786248,NREF-PA,"NexPoint Real Estate Finance, Inc."
1838359,RGTIW,"Rigetti Computing, Inc."
1840199,WALDW,Waldencast plc
1840317,VEEAW,VEEA INC.
1842939,XAGEW,"Longevity Health Holdings, Inc."
1844862,SLDPW,"Solid Power, Inc."
1845097,AMPWF,Ardagh Metal Packaging S.A.
1850059,FSHPR,Flag Ship Acquisition Corp
1846084,JETBF,Global Crossing Airlines Group Inc.
1848437,CRTUF,Cartica Acquisition Corp
1848437,CRTWF,Cartica Acquisition Corp
1846416,HVIIR,Hennessy Capital Investment Corp. VII
1846416,HVIIU,Hennessy Capital Investment Corp. VII
1846702,FIGP,"Forge Group, Inc."
1819175,PRIAF,Prime Impact Acquisition I
1819493,XOSWW,"Xos, Inc."
1823652,EVEX-WT,"Eve Holding, Inc."
1823587,SKYH-WT,Sky Harbour Group Corp
1825024,OPADW,Offerpad Solutions Inc.
1827899,CPTKW,Crown PropTech Acquisitions
1833498,MDAIW,"Spectral AI, Inc."
1834048,ASAIY,Sendas Distributor S.A.
1835856,BETRW,Better Home & Finance Holding Co
1832511,PIIIW,P3 Health Partners Inc.
1816581,OUSTZ,"Ouster, Inc."
1815620,OPTEY,Opthea Ltd
1812173,RBOTW,Vicarious Surgical Inc.
1819989,CIFRW,Cipher Mining Inc.
1765048,GCGJ,GUOCHUN INTERNATIONAL INC.
1774163,IVBXF,Innovent Biologics Inc/ADR
1781726,ACAT,NP Life Sciences Health Industry Group Inc.
1783398,UWMCW,UWM Holdings Corp
1802450,MSPRW,"MSP Recovery, Inc."
1802450,MSPRZ,"MSP Recovery, Inc."
1805526,DFDVW,DeFi Development Corp.
1805385,EVLVW,"Evolv Technologies Holdings, Inc."
1795589,KCLHF,Kingsoft Cloud Holdings Ltd
1299939,CADE-PA,Cadence Bank
1298946,DRH-PA,DiamondRock Hospitality Co
1880661,TPGXL,TPG Inc.
1889450,FTIIU,FutureTech II Acquisition Corp.
1898795,LVWR-WT,"LiveWire Group, Inc."
1864531,VSEEW,"VSEE HEALTH, INC."
1876581,IMPPP,Imperial Petroleum Inc./Marshall Islands
1876431,PRENW,Prenetics Global Ltd
1855457,KORGW,"KORE Group Holdings, Inc."
1860805,ASTLW,Algoma Steel Group Inc.
1861841,ARBEW,Arbe Robotics Ltd.
1861974,ECXWW,ECARX Holdings Inc.
1372514,KPHMW,KIORA PHARMACEUTICALS INC
1336364,GIGGF,Giga Metals Corp
1545772,BPYPM,Brookfield Property Partners L.P.
1545772,BPYPN,Brookfield Property Partners L.P.
1545772,BPYPO,Brookfield Property Partners L.P.
1556593,RITM-PA,Rithm Capital Corp.
1556593,RITM-PB,Rithm Capital Corp.
1556593,RITM-PE,Rithm Capital Corp.
1556593,RITM-PC,Rithm Capital Corp.
1556593,RITM-PD,Rithm Capital Corp.
1571283,REXR-PC,"Rexford Industrial Realty, Inc."
1630472,TRTX-PC,"TPG RE Finance Trust, Inc."
1628171,RVMDW,"Revolution Medicines, Inc."
1601992,SNPTF,Sunny Optical Technology (Group) Co Limited/ADR
1520504,CTTRF,"Controladora Vuela Compania de Aviacion, S.A.B. de C.V."
1533615,GMRE-PB,Global Medical REIT Inc.
1536787,SOHGF,ALSOK Co Ltd./ADR
1539638,TFIN-P,"Triumph Financial, Inc."
1516535,MLSPF,Melrose Industries Plc/ADR
1516324,BTDPF,Barratt Developments PLC/ADR
1506721,BAFBF,Balfour Beatty plc/ADR
1506307,EP-PC,"KINDER MORGAN, INC."
1509397,LOMWF,Lion One Metals Ltd.
2090231,MTLPF,Metlen Energy & Metals PLC/ADR
2088827,HRIBF,"Horiba, Ltd./ADR"
2093907,RNKGF,RENK Group AG/ADR
1655190,SHLAF,Schindler Holding AG/ADR
1655190,SHLRF,Schindler Holding AG/ADR
1651721,GIPRW,"GENERATION INCOME PROPERTIES, INC."
2012964,AAM-WT,AA Mission Acquisition Corp.
2012964,AAM-UN,AA Mission Acquisition Corp.
2015955,CUBWW,Lionheart Holdings
2015955,CUBWU,Lionheart Holdings
2016072,MBAVU,M3-Brigade Acquisition V Corp.
2016072,MBAVW,M3-Brigade Acquisition V Corp.
2018463,BRETF,Brazilian Rare Earths Limited/ADR
2041493,ALUB-UN,Alussa Energy Acquisition Corp. II
2038919,DWWYF,Dowway Holdings Limited/ADR
2034037,SDHIU,Siddhi Acquisition Corp (Cayman Islands)
2034037,SDHIR,Siddhi Acquisition Corp (Cayman Islands)
2030829,PGACR,PANTAGES CAPITAL ACQUSITION Corp
2030829,PGACU,PANTAGES CAPITAL ACQUSITION Corp
2032399,MICLF,Mycronic AB/ADR
2019367,ATHNF,Athens International Airport SA/ADR
2028355,IPEXU,Inflection Point Acquisition Corp. V
2028355,IPEXR,Inflection Point Acquisition Corp. V
2030663,SZZLU,Sizzle Acquisition Corp. II
2030663,SZZLR,Sizzle Acquisition Corp. II
2029976,KFIIR,K&F GROWTH ACQUISITION CORP. II
2029976,KFIIU,K&F GROWTH ACQUISITION CORP. II
2069238,PAII-UN,Pyrophyte Acquisition Corp. II
2069238,PAII-WT,Pyrophyte Acquisition Corp. II
2069856,HCMAU,HCM III ACQUISITION CORP.
2069856,HCMAW,HCM III ACQUISITION CORP.
2065948,SOCAW,Solarius Capital Acquisition Corp.
2065948,SOCAU,Solarius Capital Acquisition Corp.
2053927,WTGUU,Wintergreen Acquisition Corp.
2053927,WTGUR,Wintergreen Acquisition Corp.
2043699,NHICU,NewHold Investment Corp. III
2043699,NHICW,NewHold Investment Corp. III
2044635,GSHRU,Gesher Acquisition Corp. II
2044635,GSHRW,Gesher Acquisition Corp. II
2051587,BSAAR,BEST SPAC I Acquisition Corp.
2051587,BSAAU,BEST SPAC I Acquisition Corp.
2087840,ZJLMF,"Zhejiang Leapmotor Technology Co., Ltd./ADR"
2083728,LPCVU,Launchpad Cadenza Acquisition Corp I
2082542,BIXIU,Bitcoin Infrastructure Acquisition Corp Ltd
2082542,BIXIW,Bitcoin Infrastructure Acquisition Corp Ltd
2083221,SPIWF,SPIE SA/ADR
2083689,AEAQU,Activate Energy Acquisition Corp.
2078416,LLYVK,"Liberty Live Holdings, Inc."
2078416,LLYVB,"Liberty Live Holdings, Inc."
2082149,DSACU,Daedalus Special Acquisition Corp.
2073804,TCLHF,TCL Electronics Holdings Limited/ADR
2072389,NPIFF,Northland Power Inc./ADR
2072389,NPICF,Northland Power Inc./ADR
2073268,BIREF,Birchcliff Energy Ltd./ADR
2073893,DLMAF,Dollarama Inc./ADR
2074697,FCRS-WT,FutureCrest Acquisition Corp.
2074697,FCRS-UN,FutureCrest Acquisition Corp.
2074872,KRSP-WT,Rice Acquisition Corp 3
2074872,KRSP-UN,Rice Acquisition Corp 3
1722556,BGFR,BestGofer Inc.
1736510,NICHX,Variant Alternative Income Fund
1743905,RVSNW,Rail Vision Ltd.
1699996,XJNGF,"Xinjiang Goldwind Science & Technology Co., Ltd./ADR"
1716947,ENSCW,"Ensysce Biosciences, Inc."
1718405,HYMCW,HYCROFT MINING HOLDING CORP
1716951,OCCIN,"OFS Credit Company, Inc."
1716951,OCCIM,"OFS Credit Company, Inc."
1716951,OCCIO,"OFS Credit Company, Inc."
1705969,DRRKF,dormakaba Holding AG
1673481,LTRYW,Lottery.com Inc.
1677250,ZTOEF,ZTO Express (Cayman) Inc.
2098324,SWBGF,Shawbrook Group plc/ADR
2092258,AWTRF,Air Water Inc./ADR
1666175,FORFF,Fortis Inc.
1666175,FTRSF,Fortis Inc.
1666175,FRTSF,Fortis Inc.
1666175,FTPSF,Fortis Inc.
2089499,GLVHF,GLENVEAGH PROPERTIES PLC/ADR
2088749,KBONU,Karbon Capital Partners Corp.
2081125,DNMXU,Dynamix Corp III
2081125,DNMXW,Dynamix Corp III
2079253,APXTU,Apex Treasury Corp
2079253,APXTW,Apex Treasury Corp
2093667,MAWAF,"Maruwa Co., Ltd./ADR"
2092248,NGSCF,"Nagase & Co., Ltd./ADR"
2093654,ZJNGF,Zijin Gold International Co Limited/ADR
2068440,LPUGF,Laopu Gold Co. Ltd./ADR
2073638,FINGF,Finning International Inc./ADR
2078653,RNGTU,Range Capital Acquisition Corp II
2078653,RNGTW,Range Capital Acquisition Corp II
2076163,BRRWW,"ProCap Financial, Inc."
2075877,BKPKF,Bank Pekao S.A./ADR
2075310,BLZRW,Trailblazer Acquisition Corp.
2075310,BLZRU,Trailblazer Acquisition Corp.
2073655,TPZEF,Topaz Energy Corp./ADR
2071911,CPWPF,Capital Power Corp/ADR
2071911,CPRHF,Capital Power Corp/ADR
2071911,CPXWF,Capital Power Corp/ADR
2073615,ELEEF,Element Fleet Management Corp./ADR
2064355,BCSS-UN,Bain Capital GSS Investment Corp.
2064355,BCSS-WT,Bain Capital GSS Investment Corp.
2073913,NNWWF,North West Co Inc./ADR
2075336,YCY-UN,AA Mission Acquisition Corp. II
2075336,YCY-WT,AA Mission Acquisition Corp. II
2075068,IGACU,Invest Green Acquisition Corp
2075068,IGACR,Invest Green Acquisition Corp
2077242,STLJF,Stella-Jones Inc./ADR
2086264,VHCPU,Vine Hill Capital Investment Corp. II
2091663,CNDHF,CONDUIT HOLDINGS LTD/ADR
2089506,TOETF,TOSEI CORP/ADR
2087500,NHKGF,NHK Spring Co. Ltd/ADR
2089174,PCCOF,Paltac Corporation/ADR
2079933,BEBE-UN,TGE Value Creative Solutions Corp
2063685,PSBAF,PT Sumber Alfaria Trijaya Tbk/ADR
2061379,LWACU,LightWave Acquisition Corp.
2061379,LWACW,LightWave Acquisition Corp.
2063413,SPHXF,SM Prime Holdings Inc./ADR
2061473,PMTRU,Perimeter Acquisition Corp. I
2061473,PMTRW,Perimeter Acquisition Corp. I
2060337,JENA-UN,JENA ACQUISITION Corp II
2060337,JENA-RI,JENA ACQUISITION Corp II
2059033,FIGXW,FIGX Capital Acquisition Corp.
2059033,FIGXU,FIGX Capital Acquisition Corp.
2059165,SSEAU,STARRY SEA ACQUISITION CORP
2059165,SSEAR,STARRY SEA ACQUISITION CORP
2048270,SMFRF,"Sumitomo Forestry Co., Ltd./ADR"
2057043,WENNW,WEN Acquisition Corp
2057043,WENNU,WEN Acquisition Corp
2023870,LACHF,Lapco Holdings Limited/ADR
2019040,TYNPF,Nippon Sanso Holdings Corporation/ADR
2022416,SLXNW,Silexion Therapeutics Corp
2025774,ALPWF,Alps Group Inc
2025341,POLEU,Andretti Acquisition Corp. II
2025341,POLEW,Andretti Acquisition Corp. II
2093856,APXCF,APEX CRITICAL METALS CORP.
2092252,RNGOF,"Rengo Co., Ltd./ADR"
2088776,ZSHOF,"Zensho Holdings Co., Ltd./ADR"
2018139,TYHOF,Toyota Tsusho Corporation/ADR
2046098,ALEGF,ALLEGRO.EU SA/ADR
2043508,LKSPR,Lake Superior Acquisition Corp
2043508,LKSPU,Lake Superior Acquisition Corp
2041918,LTMGF,Lottomatica Group S.p.A./ADR
2040381,PACHW,Pioneer Acquisition I Corp
2040381,PACHU,Pioneer Acquisition I Corp
2036973,UYSCR,UY Scuti Acquisition Corp.
2036973,UYSCU,UY Scuti Acquisition Corp.
2035016,RIBBU,Ribbon Acquisition Corp.
2035016,RIBBR,Ribbon Acquisition Corp.
2029586,BLNH,"Blue Line Holdings, Inc."
2028614,DMAAU,Drugs Made In America Acquisition Corp.
2028614,DMAAR,Drugs Made In America Acquisition Corp.
2028699,ETHMU,Dynamix Corp
2028699,ETHMW,Dynamix Corp
2028935,FACTU,FACT II Acquisition Corp.
2028935,FACTW,FACT II Acquisition Corp.
1774675,SKILW,Skillsoft Corp.
1789029,AEVAW,"Aeva Technologies, Inc."
1787518,NUKKW,Nukkleus Inc.
1765651,PSPX,Pacific Sports Exchange Inc.
1759824,ALTG-PA,ALTA EQUIPMENT GROUP INC.
1814215,BURUW,"Nuburu, Inc."
1818502,OPFI-WT,OppFi Inc.
1819395,SONWQ,Sonder Holdings Inc.
1819438,GWH-WT,"ESS Tech, Inc."
1819574,BARKW,"Bark, Inc."
1822989,LSRCF,Lasertec Corporation/ADR
1828105,HIPOW,Hippo Holdings Inc.
1823593,TSPH,TuSimple Holdings Inc.
1824893,SRZNW,"Surrozen, Inc./DE"
1825079,VLDXW,"Velo3D, Inc."
1833835,PSEWF,Paysafe Ltd
1845149,CBRGF,Chain Bridge I
1846253,OABIW,"OmniAb, Inc."
1847064,PSQH-WT,"PSQ Holdings, Inc."
1852019,IXQUF,IX Acquisition Corp.
1852019,IXQWF,IX Acquisition Corp.
1852973,BRLSW,Borealis Foods Inc.
1853630,HMELF,Hold Me Ltd
1844417,ESLAW,"Estrella Immunopharma, Inc."
1845149,CBGGF,Chain Bridge I
1846235,IMAQR,International Media Acquisition Corp.
1846235,IMAQU,International Media Acquisition Corp.
1846235,IMAQW,International Media Acquisition Corp.
1843656,RMCOW,Royalty Management Holding Corp
1841330,KTTAW,Pasithea Therapeutics Corp.
1840780,LOCLW,Local Bounti Corporation/DE
1945711,LVROW,Lavoro Ltd
1960208,CREVW,Carbon Revolution Public Ltd Co
1965052,MGTEW,Marblegate Capital Corp
1956439,APADR,AParadise Acquisition Corp.
1956439,APADU,AParadise Acquisition Corp.
1937737,MLECW,Moolec Science SA
1937987,FBYDW,"Falcon's Beyond Global, Inc."
1936258,NAMSW,NewAmsterdam Pharma Co N.V.
1974044,MNYWW,MoneyHero Ltd
1967478,CAPTW,Captivision Inc.
1969475,BAYAU,Bayview Acquisition Corp
1969475,BAYAR,Bayview Acquisition Corp
1989788,GAFC,Guru App Factory Corp
2002038,LEGT-UN,Legato Merger Corp. III
2000366,SCAGW,Scage Future
2002045,GCLWW,GCL Global Holdings Ltd
2002038,LEGT-WT,Legato Merger Corp. III
1854795,IRRXU,INTEGRATED RAIL & RESOURCES ACQUISITION CORP
1854795,IRRXW,INTEGRATED RAIL & RESOURCES ACQUISITION CORP
1853816,DRMAW,"Dermata Therapeutics, Inc."
1856031,SEATW,Vivid Seats Inc.
1856488,HNSDF,Hensoldt AG/ADR
1859807,NVACW,"Profusa, Inc."
1866816,OPTXW,"SYNTEC OPTICS HOLDINGS, INC."
1867102,EVTWF,Vertical Aerospace Ltd.
1872525,SWAGW,"Stran & Company, Inc."
1871321,DRTSW,Alpha Tau Medical Ltd.
1874315,SATLW,Satellogic Inc.
1880431,VHAIW,Vocodia Holdings Corp
1880431,VHABW,Vocodia Holdings Corp
1884082,PLSAD,Polestar Automotive Holding UK PLC
1883814,SLND-WT,"Southland Holdings, Inc."
1903870,AFRIW,Forafric Global PLC
1889823,DFSCW,DEFSEC Technologies Inc.
1889112,REEWF,Cartesian Growth Corp II
1889112,REEUF,Cartesian Growth Corp II
1889791,INNPF,INNOCAN PHARMA Corp
2010930,ALFUW,Centurion Acquisition Corp.
2010930,ALFUU,Centurion Acquisition Corp.
2008315,ARHUF,AAK AB/ADR
2009183,TACHW,Titan Acquisition Corp.
2009183,TACHU,Titan Acquisition Corp.
2021390,GDERF,Galderma Group AG/ADR
2017950,DTSQR,DT Cloud Star Acquisition Corp
2017950,DTSQU,DT Cloud Star Acquisition Corp
2019804,IMSRW,Terrestrial Energy Inc. /DE/
2014145,MNYFF,"Money Forward, Inc./ADR"
2016221,MACIW,Melar Acquisition Corp. I/Cayman
2016221,MACIU,Melar Acquisition Corp. I/Cayman
2031561,ALDFU,Aldel Financial II Inc.
2031561,ALDFW,Aldel Financial II Inc.
2030482,PLMKU,"Plum Acquisition Corp, IV"
2030482,PLMKW,"Plum Acquisition Corp, IV"
2028735,SPEGU,Silver Pegasus Acquisition Corp.
2028735,SPEGR,Silver Pegasus Acquisition Corp.
2024459,CHARR,Charlton Aria Acquisition Corp
2024459,CHARU,Charlton Aria Acquisition Corp
2023730,GIGGU,GigCapital7 Corp.
2023730,GIGGW,GigCapital7 Corp.
2033383,FUSEW,Fusemachines Inc.
2032379,WLACU,Willow Lane Acquisition Corp.
2032379,WLACW,Willow Lane Acquisition Corp.
2033122,TACOU,Berto Acquisition Corp.
2033122,TACOW,Berto Acquisition Corp.
2042182,OYSEU,Oyster Enterprises II Acquisition Corp
2042182,OYSER,Oyster Enterprises II Acquisition Corp
2035173,RTACW,Renatus Tactical Acquisition Corp I
2035173,RTACU,Renatus Tactical Acquisition Corp I
2066600,SCXBF,SCB X Public Co Ltd
2065932,FLNCF,Freelancer Ltd
2068454,KOYNW,"CSLM Digital Asset Acquisition Corp III, Ltd"
2068454,KOYNU,"CSLM Digital Asset Acquisition Corp III, Ltd"
2070887,CRACW,Crown Reserve Acquisition Corp. I
2070887,CRACU,Crown Reserve Acquisition Corp. I
2070887,CRACR,Crown Reserve Acquisition Corp. I
2063417,MDDNF,Meridian Energy Ltd/ADR
2055879,VNMEW,Vendome Acquisition Corp I
2055879,VNMEU,Vendome Acquisition Corp I
2051985,IRHOU,Iron Horse Acquisition II Corp.
2047455,QSEAR,Quartzsea Acquisition Corp
2047455,QSEAU,Quartzsea Acquisition Corp
2087856,AIKCF,Aica Kogyo Co Limited/ADR
2094201,DPCDF,DPC DASH LTD/ADR
2081358,CRANU,Crane Harbor Acquisition Corp. II
2082844,SAC-UN,Safeguard Acquisition Corp.
2077146,OBIIF,"OBIC Co., Ltd./ADR"
2072098,TMTNF,Toromont Industries Ltd./ADR
2071912,PREKF,PrairieSky Royalty Ltd/ADR
2073620,PARXF,Parex Resources Inc./ADR
2074059,WIPKF,Winpak Ltd./ADR
2077010,OTGAU,OTG Acquisition Corp. I
2077010,OTGAW,OTG Acquisition Corp. I
2076192,WSTNU,Westin Acquisition Corp
2076192,WSTNR,Westin Acquisition Corp
2075349,TNDEF,Top End Energy Ltd/ADR
2075474,GPTGF,GPT Group/ADR
2085659,SVAQU,Silicon Valley Acquisition Corp.
