Date,open,high,low,close,volume,return,momentum_2w,momentum_4w,momentum_6w,positive_weeks_pct,price_dispersion,volume_sentiment,volume_surge,vol_regime,drawdown,market_fear,credit_sentiment,news_sentiment,ticker
2019-06-28,3.7922,4.109,3.745,4.0807,2021996000,0.079,1.5102,1.5511,0.1345,-0.2429,0.3018,-0.1059,-0.4547,-0.498,0.768,-0.0577,-0.349,-1.4257,NVDA
2019-06-28,129.4494,130.7722,125.4147,126.5769,124214400,-0.0222,0.0041,0.5295,0.1024,-0.2429,-0.8551,0.633,0.127,0.5712,0.4247,-0.0577,-0.349,-0.9958,MSFT
2019-06-28,47.6256,48.3524,46.846,47.4768,469474000,-0.0043,0.2018,0.9176,0.1112,-0.2429,-1.1166,-0.2097,-0.8026,-0.553,0.7004,-0.0577,-0.349,-0.2265,AAPL
2019-06-28,55.6,55.7187,53.2476,53.6782,149018000,-0.0372,-0.1969,-0.3823,-0.7976,-1.0344,-0.7636,-0.2654,-0.024,0.4782,0.0436,-0.0577,-0.349,0.8805,GOOG
2019-06-28,192.2003,198.2293,187.2203,196.4905,2546800,0.0276,0.8929,0.7166,0.01,-0.2429,-0.5169,-0.1768,-0.9648,-0.4531,0.768,-0.0577,-0.349,-1.4076,ASML
2019-06-28,32.4062,38.458,31.8303,37.6674,280183200,0.1489,2.0287,1.3317,0.2772,-0.2429,2.4428,2.229,2.4435,1.4374,0.768,-0.0577,-0.349,0.9547,MU
2019-06-28,29.32,31.11,28.67,30.37,280184100,0.0427,-0.1392,0.7352,0.5181,-0.2429,0.0831,-0.6154,-1.0216,0.8718,-0.2153,-0.0577,-0.349,0.8067,AMD
2019-07-05,204.0882,204.6741,195.7912,198.2104,1932300,0.0087,0.3293,0.3918,0.5233,0.5487,-0.7937,-0.8212,-1.4396,-0.8899,0.768,-0.7367,-0.096,0.7128,ASML
2019-07-05,40.1759,40.7127,37.8723,38.4775,122590200,0.0213,2.0727,1.1489,0.8905,0.5487,-0.0778,2.1558,-0.2904,1.1987,0.768,-0.7367,-0.096,0.5596,MU
2019-07-05,129.0998,130.1486,127.5313,129.5061,69621700,0.0229,-0.135,0.1882,0.3877,0.5487,-1.4009,-0.6814,-1.528,-0.362,0.768,-0.7367,-0.096,0.9198,MSFT
2019-07-05,31.79,32.04,30.73,31.5,155471500,0.0365,0.8883,-0.4519,1.0987,0.5487,-0.8734,-2.0061,-1.6281,-0.2879,0.3294,-0.7367,-0.096,0.8351,AMD
2019-07-05,54.5269,56.259,54.3135,56.1949,89184000,0.0458,-0.0313,0.3468,-0.2546,-0.2429,-1.0453,-0.9839,-0.9713,0.6531,0.768,-0.7367,-0.096,-2.0593,GOOG
2019-07-05,48.7362,49.1944,48.1317,48.9905,291262800,0.0314,0.2086,0.4533,0.7689,0.5487,-1.3644,-0.9312,-1.5882,-1.3765,0.768,-0.7367,-0.096,0.2603,AAPL
2019-07-05,4.2879,4.3222,3.9179,3.9813,1753172000,-0.0247,0.5636,0.6799,0.5235,-0.2429,0.6063,-0.2017,-0.7317,-0.1068,0.3875,-0.7367,-0.096,-0.8405,NVDA
2019-07-12,38.0968,43.6313,38.009,43.4458,171678900,0.1214,1.7147,2.6109,2.1397,1.3402,1.2941,-0.28,0.4837,0.5197,0.768,-1.0591,-0.3086,-0.3941,MU
2019-07-12,55.8761,57.2616,54.9822,56.8559,116716000,0.0117,0.6053,0.2901,0.0392,0.5487,-0.9103,-1.5998,-0.358,0.7567,0.768,-1.0591,-0.3086,2.0067,GOOG
2019-07-12,197.0953,198.2104,194.0052,196.7268,2638800,-0.0075,-0.1279,0.5382,0.5367,0.5487,-1.3722,-0.6072,-0.2476,-1.6047,0.651,-1.0591,-0.3086,-0.4422,ASML
2019-07-12,31.8,34.03,30.1,33.21,286089100,0.0529,1.0204,0.6191,1.2275,0.5487,1.0209,-1.8087,-0.3759,-0.6962,0.768,-1.0591,-0.3086,0.0656,AMD
2019-07-12,128.8825,131.547,127.9093,131.2447,102201900,0.0133,0.328,0.2369,0.6466,1.3402,-1.2157,-1.275,-0.1825,-0.3058,0.768,-1.0591,-0.3086,-0.4789,MSFT
2019-07-12,48.1701,49.0289,47.5944,48.7674,406402800,-0.0046,0.2057,0.2894,0.9026,0.5487,-1.1738,-1.2705,-0.5925,-0.9302,0.6968,-1.0591,-0.3086,2.4228,AAPL
2019-07-12,3.9216,4.2357,3.8513,4.1646,2313676000,0.045,0.1217,1.1416,1.3885,0.5487,0.3782,-0.0515,1.196,-0.2476,0.768,-1.0591,-0.3086,0.7138,NVDA
2019-07-19,33.34,34.86,32.42,32.51,278127400,-0.0213,0.2674,0.8101,-0.2183,-0.2429,-0.0474,-0.1672,-0.4666,-1.0593,0.4387,-0.0684,0.1877,-0.7194,AMD
2019-07-19,56.9533,57.5353,56.0971,56.121,125010000,-0.013,-0.1607,-0.1277,0.2049,0.5487,-1.2673,-0.1144,-0.235,0.5748,0.566,-0.0684,0.1877,1.2641,GOOG
2019-07-19,48.9569,49.535,48.5419,48.5971,349566400,-0.0035,-0.2485,-0.0218,0.2433,-0.2429,-1.3954,-0.4768,-0.8852,-0.8454,0.6425,-0.0684,0.1877,0.1443,AAPL
2019-07-19,196.8591,214.502,193.117,211.3173,5911900,0.0715,0.6902,0.7153,0.7432,0.5487,0.5979,1.9312,2.4366,-0.2258,0.768,-0.0684,0.1877,-1.2451,ASML
2019-07-19,43.6215,44.9002,41.5815,44.4317,143186500,0.0224,1.7297,2.6519,1.9942,1.3402,-0.0563,-0.0844,-0.0158,0.3976,0.768,-0.0684,0.1877,0.1459,MU
2019-07-19,131.7549,132.9171,127.2478,129.0903,138962800,-0.0166,-0.1854,-0.217,0.0564,0.5487,-0.8159,0.3959,0.9967,-0.7136,0.5115,-0.0684,0.1877,-0.4681,MSFT
2019-07-19,4.1858,4.2914,4.0958,4.1853,1766576000,0.0049,0.5071,0.7509,0.8789,0.5487,-0.7466,0.243,-0.8352,-0.1424,0.768,-0.0684,0.1877,1.1459,NVDA
2019-07-26,129.8368,133.8715,129.7612,133.5502,101242300,0.034,0.0832,0.292,0.2555,0.5487,-1.1402,0.3841,-0.5111,-1.049,0.768,-1.0892,-0.1858,-1.4601,MSFT
2019-07-26,45.3882,47.5356,45.1247,46.3546,156371100,0.0424,0.7002,1.6864,2.6241,2.1317,-0.6161,-0.5797,0.0827,-0.7796,0.768,-1.0892,-0.1858,-0.4603,MU
2019-07-26,4.2066,4.4449,4.1992,4.35,1777212000,0.0386,0.4234,0.3853,1.2198,1.3402,-0.5055,-0.4485,-0.7963,-1.219,0.768,-1.0892,-0.1858,0.4284,NVDA
2019-07-26,32.8,34.77,32.74,34.02,198470500,0.0454,0.1702,0.8344,0.6295,0.5487,-0.4271,-0.4856,-0.9093,-1.0665,0.768,-1.0892,-0.1858,-0.0246,AMD
2019-07-26,212.8955,221.5988,212.8955,218.1496,3326500,0.0318,1.2023,0.7535,1.168,1.3402,-0.9151,2.1768,0.2337,-0.2219,0.768,-1.0892,-0.1858,-0.0858,ASML
2019-07-26,48.8513,50.3098,48.8417,49.8325,348612800,0.0251,0.1378,0.2449,0.3319,-0.2429,-1.1727,-0.6592,-0.766,-0.7896,0.768,-1.0892,-0.1858,-1.7283,AAPL
2019-07-26,56.2873,62.8474,55.6651,62.0956,220012000,0.1012,1.0042,1.1259,0.8419,0.5487,0.9549,1.2244,1.1366,1.3913,0.768,-1.0892,-0.1858,0.0675,GOOG
2019-08-02,61.6307,61.9446,59.043,59.2937,174922000,-0.0462,0.5725,0.2925,0.235,-0.2429,-0.692,1.843,0.8746,1.7822,0.0631,1.4802,0.6915,1.3147,GOOG
2019-08-02,45.7494,46.54,41.2106,43.0261,147595600,-0.0745,-0.562,0.8185,1.9166,1.3402,1.1573,-0.5706,-0.1595,0.9088,-0.3537,1.4802,0.6915,-1.1654,MU
2019-08-02,217.9228,218.537,206.1861,207.8115,2697300,-0.0485,-0.3613,0.2347,0.3982,0.5487,-0.4329,-0.2786,-0.295,1.7134,0.0277,1.4802,0.6915,-0.5211,ASML
2019-08-02,133.7014,133.7108,127.6352,129.3549,143400300,-0.0319,-0.1169,-0.2044,-0.2458,-0.2429,-0.7406,0.4084,1.2136,0.1061,0.2772,1.4802,0.6915,0.461,MSFT
2019-08-02,4.3428,4.3716,3.9577,4.0051,1654908000,-0.0826,-0.7163,-0.1397,0.2196,0.5487,0.6511,-0.4682,-1.1034,0.6392,-0.4705,1.4802,0.6915,0.8133,NVDA
2019-08-02,34.14,34.18,28.94,29.44,378600700,-0.1446,-1.435,-0.8066,-0.1529,0.5487,2.4931,0.5023,1.1215,0.5093,-1.3351,1.4802,0.6915,-2.3915,AMD
2019-08-02,50.0052,53.102,48.3668,48.9401,879082000,-0.0181,-0.0519,-0.2032,-0.0427,-1.0344,0.4882,1.779,2.3399,-0.6586,0.4882,1.4802,0.6915,0.1553,AAPL
2019-08-09,41.3863,42.1574,39.7269,40.5273,139102300,-0.0598,-1.8926,-0.8239,0.3184,0.5487,-0.4196,-0.1304,-0.4311,-0.4445,-1.1958,1.5205,1.5291,0.0544,MU
2019-08-09,125.9533,131.6982,123.5722,130.1203,159824000,0.0059,-0.4823,-0.2718,-0.0305,0.5487,-0.3585,1.412,1.3789,0.1475,0.3668,1.5205,1.5291,-0.5034,MSFT
2019-08-09,3.8215,3.9336,3.6998,3.831,1974104000,-0.0445,-1.7979,-0.9506,-0.7253,-0.2429,-0.3935,-0.1732,0.3729,0.4803,-1.096,1.5205,1.5291,1.0626,NVDA
2019-08-09,58.1044,59.841,56.6195,58.9968,165698000,-0.005,-0.81,0.141,0.4814,-0.2429,-0.5521,0.7551,0.5045,1.3457,-0.0116,1.5205,1.5291,1.5322,GOOG
2019-08-09,28.26,35.55,27.65,34.19,493251800,0.1496,-0.0786,0.0696,0.6651,0.5487,3.8029,2.402,1.8158,1.197,0.768,1.5205,1.5291,-0.2071,AMD
2019-08-09,204.4757,208.4162,198.7302,204.1071,2646700,-0.018,-1.0098,0.1398,0.0493,-0.2429,-0.7285,-0.8612,-0.3569,1.4049,-0.2376,1.5205,1.5291,0.2608,ASML
2019-08-09,47.4936,48.8227,46.1959,48.3965,692845600,-0.0112,-0.5242,-0.263,-0.095,-1.0344,-0.5602,3.0702,1.0432,-0.4775,0.3178,1.5205,1.5291,0.0336,AAPL
2019-08-16,129.5156,131.1502,125.3773,129.0557,130689700,-0.0082,-0.1737,-0.1963,-0.2685,-0.2429,-0.7958,0.6321,0.3694,0.1366,0.2422,1.5691,2.1118,0.6386,MSFT
2019-08-16,204.1639,208.6525,195.6779,201.1399,3039700,-0.0146,-0.5684,-0.6411,-0.1295,-1.0344,-0.3077,-0.8353,-0.009,-0.4136,-0.4501,1.5691,2.1118,-1.0977,ASML
2019-08-16,58.5598,59.8296,57.6326,58.4798,128162000,-0.0088,-0.3235,0.1792,0.0632,-1.0344,-0.9726,-0.2841,-0.415,0.9917,-0.1416,1.5691,2.1118,-0.5591,GOOG
2019-08-16,48.0666,51.0813,47.9534,49.7232,644382400,0.027,0.0632,0.0137,-0.1282,-1.0344,-0.3472,1.0784,0.698,0.25,0.7337,1.5691,2.1118,0.4099,AAPL
2019-08-16,34.16,34.65,29.21,31.18,478611400,-0.0922,0.6041,-0.5723,-0.32,-0.2429,2.4062,1.9761,1.3707,1.2057,-0.6073,1.5691,2.1118,0.5736,AMD
2019-08-16,40.0685,44.0022,39.9904,42.5088,115684700,0.0477,-0.301,-0.5947,0.5209,0.5487,0.4294,-0.663,-0.8282,-0.2623,-0.5281,1.5691,2.1118,-0.4168,MU
2019-08-16,3.7788,4.0138,3.6622,3.9646,2536196000,0.0343,-0.2758,-0.6846,-0.2739,0.5487,0.2889,0.6467,1.8949,1.1296,-0.616,1.5691,2.1118,1.5357,NVDA
2019-08-23,59.1001,59.9393,56.9975,57.1732,110446000,-0.0226,-0.5523,-0.9421,-0.1993,-1.826,-0.6298,-1.1881,-0.7054,-1.5083,-0.4703,1.8601,2.1519,1.3258,GOOG
2019-08-23,204.8914,206.583,198.0687,198.9192,1870100,-0.0111,-0.4787,-1.03,-0.157,-1.0344,-0.8434,-1.2866,-0.877,-1.3769,-0.6091,1.8601,2.1519,-2.4912,ASML
2019-08-23,32.0,32.19,29.4,29.54,288311400,-0.054,-2.0468,-1.4732,-1.1384,-1.0344,0.4313,0.4491,-0.2262,0.964,-1.3566,1.8601,2.1519,-0.6489,AMD
2019-08-23,50.7153,51.6351,48.3989,48.7938,567620000,-0.0189,-0.0371,-0.3847,-0.2377,-1.0344,-0.2628,0.2219,0.2584,0.8578,0.4424,1.8601,2.1519,1.2032,AAPL
2019-08-23,43.602,44.3633,41.64,41.9329,98897100,-0.0136,0.3004,-1.1022,-0.5132,-0.2429,-0.2969,-1.0347,-1.6197,-0.8238,-0.7221,1.8601,2.1519,0.0589,MU
2019-08-23,130.6863,132.241,125.8987,126.4581,117702400,-0.0203,-0.5152,-0.6883,-0.5263,-1.0344,-0.6619,-0.3171,-0.0619,-1.7003,-0.0616,1.8601,2.1519,-0.7874,MSFT
2019-08-23,4.0779,4.3098,4.0163,4.0362,2577088000,0.0179,0.536,-0.8723,-0.4817,0.5487,-0.1054,1.2903,1.4846,0.4608,-0.359,1.8601,2.1519,-0.3376,NVDA
2019-08-30,49.5691,50.6743,48.9575,50.2626,439958400,0.0297,-0.003,0.0477,0.0161,-0.2429,-1.0567,-0.8137,-0.5099,1.4982,0.768,1.3867,1.3069,1.536,AAPL
2019-08-30,127.9749,131.9471,126.6097,130.6957,104916800,0.033,0.0209,-0.1004,-0.1472,-0.2429,-0.8918,-0.6295,-0.9001,-0.2803,0.4341,1.3867,1.3069,2.0974,MSFT
2019-08-30,30.34,31.87,29.6,31.45,244407400,0.0627,-0.0313,0.4045,-0.4956,-0.2429,-0.1184,-1.2234,-0.7786,0.4465,-0.4839,1.3867,1.3069,0.0747,AMD
2019-08-30,57.4697,59.5177,57.2562,59.0012,106470000,0.0315,-0.0279,-0.2387,0.1413,-1.0344,-0.9537,-1.4809,-0.9127,-1.0726,-0.0105,1.3867,1.3069,-0.4931,GOOG
2019-08-30,202.0943,211.6859,200.6296,210.3629,1701900,0.0559,0.4402,-0.0833,-0.2765,-1.0344,-0.6026,-1.5712,-0.9652,-0.0494,0.2104,1.3867,1.3069,-0.947,ASML
2019-08-30,4.115,4.2496,3.9546,4.1663,1513380000,0.0317,0.5024,0.1636,-0.2767,0.5487,-0.1523,0.0945,-1.2112,-1.0326,0.1082,1.3867,1.3069,0.3303,NVDA
2019-08-30,42.6942,44.8319,40.7616,44.1876,78016200,0.0524,0.3608,0.0475,-0.284,-0.2429,0.3737,-1.4655,-1.7035,-0.7499,0.0377,1.3867,1.3069,0.4234,MU
2019-09-06,30.83,32.05,30.48,30.56,194178100,-0.0287,0.2985,-1.2108,-1.063,-1.0344,-0.6318,-1.9259,-1.0458,-0.5665,-0.8906,-0.0186,0.548,0.6423,AMD
2019-09-06,49.7063,51.6303,49.1742,51.351,329948400,0.0214,0.5215,0.343,-0.0121,-0.2429,-0.7193,-1.8394,-1.0003,0.5468,0.768,-0.0186,0.548,1.1392,AAPL
2019-09-06,208.5108,226.9001,206.857,225.4354,2885800,0.0692,1.4857,0.7066,0.0096,-1.0344,0.2945,-0.389,-0.0621,0.4391,0.768,-0.0186,0.548,-1.4579,ASML
2019-09-06,129.5107,133.0848,128.648,131.8713,83791500,0.009,0.4022,-0.0727,-0.3387,-0.2429,-1.0694,-1.2393,-1.5351,-0.2114,0.768,-0.0186,0.548,0.3241,MSFT
2019-09-06,58.4515,60.2398,57.7647,59.837,100580000,0.0141,0.4494,-0.0657,-0.5255,-1.0344,-0.8789,-1.1071,-0.9641,-0.893,0.768,-0.0186,0.548,0.3235,GOOG
2019-09-06,4.0934,4.504,4.0603,4.4434,1596520000,0.0644,1.1078,1.1498,-0.0793,0.5487,0.5648,-1.1218,-0.774,-1.6435,0.768,-0.0186,0.548,1.8069,NVDA
2019-09-06,43.5337,48.4532,43.3775,47.7992,96727400,0.0786,1.5613,1.3014,-0.0069,-0.2429,0.721,-1.183,-0.8651,-1.3985,0.768,-0.0186,0.548,-0.2263,MU
2019-09-13,48.3555,50.1613,47.3404,49.2926,108002900,0.0308,1.2799,1.1476,0.799,0.5487,-0.4874,-0.1918,-0.3182,-1.0659,0.768,-0.4869,-1.4061,-0.2974,MU
2019-09-13,30.93,31.18,29.51,30.69,255026800,0.0042,-0.462,-0.3374,0.0765,-0.2429,-0.5568,-1.6312,-0.4883,-1.026,-0.8312,-0.4869,-1.4061,-0.1072,AMD
2019-09-13,51.7314,54.5198,50.8236,52.6729,701467600,0.0254,0.4663,0.3283,0.3208,0.5487,-0.1679,-0.4458,0.7076,0.303,0.768,-0.4869,-1.4061,0.3742,AAPL
2019-09-13,225.9268,237.4084,225.0101,235.2916,3816700,0.0428,1.3146,1.227,0.7089,-0.2429,-0.5993,1.3491,1.5885,-0.2513,0.768,-0.4869,-1.4061,-0.7234,ASML
2019-09-13,132.3359,132.4876,127.5199,130.1839,129776500,-0.0129,-0.1946,-0.115,-0.193,-0.2429,-0.958,-0.6278,0.3833,-0.0801,0.5681,-0.4869,-1.4061,-1.0026,MSFT
2019-09-13,59.7908,61.671,59.2257,61.5568,141326000,0.0283,0.4085,0.2707,0.0449,-0.2429,-0.9193,-0.1964,-0.017,-0.7612,0.768,-0.4869,-1.4061,1.0157,GOOG
2019-09-13,4.4744,4.6859,4.4468,4.5252,1784280000,0.0182,0.9324,1.0043,0.6927,1.3402,-0.5961,-0.8116,-0.3167,-1.1462,0.768,-0.4869,-1.4061,-0.3276,NVDA
2019-09-20,48.3458,50.0735,47.604,47.9846,86347500,-0.0269,-0.0931,1.0276,1.0512,0.5487,-0.6296,-0.0147,-0.9041,-0.652,0.3535,0.101,-0.7003,-0.4299,MU
2019-09-20,30.37,31.32,29.65,30.05,255848100,-0.0211,-0.3626,-0.0388,-1.2299,-1.0344,-0.5282,-0.5689,-0.5761,-1.3167,0.0726,0.101,-0.7003,0.3482,AMD
2019-09-20,4.4501,4.5167,4.2849,4.2951,1308752000,-0.0522,-0.5853,0.3695,0.6337,1.3402,-0.5678,-0.9503,-1.1884,0.239,-0.0262,0.101,-0.7003,0.5049,NVDA
2019-09-20,52.4273,53.8793,52.3647,52.4273,569162000,-0.0047,0.1266,0.4569,0.3706,0.5487,-1.1868,0.89,-0.1695,-1.5969,0.6951,0.101,-0.7003,0.2546,AAPL
2019-09-20,61.0582,61.7991,60.4131,61.0785,128190000,-0.0078,0.1239,0.4048,0.0236,-0.2429,-1.3397,0.6734,-0.1062,-0.8442,0.6466,0.101,-0.7003,-0.2041,GOOG
2019-09-20,232.5417,238.2399,231.2093,232.2677,2862500,-0.0129,0.2452,1.2104,0.7476,-0.2429,-1.1527,1.2386,0.2999,-0.2013,0.5672,0.101,-0.7003,-1.1582,ASML
2019-09-20,128.7713,134.9714,128.6101,132.1937,133467100,0.0153,-0.1117,0.208,-0.1208,-0.2429,-0.7121,0.6581,0.3859,-0.9905,0.768,0.101,-0.7003,0.7065,MSFT
2019-09-27,4.2954,4.4526,4.2113,4.272,1472032000,-0.0054,-0.8932,0.0331,0.3297,0.5487,-0.506,-0.983,-0.7538,0.2975,-0.1061,0.7389,-0.5487,0.321,NVDA
2019-09-27,48.3556,48.99,41.8841,42.1769,174011700,-0.129,-2.1733,-0.6158,-0.3019,-0.2429,2.2584,1.1234,2.0606,1.8206,-1.4871,0.7389,-0.5487,-0.0731,MU
2019-09-27,60.8834,61.9908,60.0933,60.8382,139810000,-0.0039,-0.2964,0.0839,0.0608,-0.2429,-1.13,0.546,0.6143,-0.704,0.5856,0.7389,-0.5487,-0.9004,GOOG
2019-09-27,52.7211,53.5735,52.2852,52.6898,465780800,0.005,-0.1393,0.2334,0.2018,0.5487,-1.2963,0.0434,-0.6307,-1.4976,0.768,0.7389,-0.5487,-0.4971,AAPL
2019-09-27,232.6456,236.1893,227.9018,230.3021,2599600,-0.0085,-0.4226,0.6266,0.7946,-0.2429,-1.0116,0.2067,-0.0841,0.2551,0.4367,0.7389,-0.5487,-0.556,ASML
2019-09-27,30.12,30.8,28.35,28.72,270401100,-0.0453,-1.0073,-1.0166,-0.871,-1.0344,0.2056,0.2355,-0.3257,-1.3249,-0.588,0.7389,-0.5487,-1.1582,AMD
2019-09-27,131.9946,133.3787,128.9609,130.5725,108228800,-0.0123,-0.1047,-0.2024,-0.1524,-0.2429,-1.0647,0.3549,-0.5377,-1.3692,0.5764,0.7389,-0.5487,-0.2286,MSFT
2019-10-04,60.6336,61.1431,57.7265,60.0391,141526000,-0.0132,-0.367,-0.1633,0.1326,-0.2429,-0.4953,0.5848,1.0794,-0.4559,0.3828,0.6229,0.1743,-0.7502,GOOG
2019-10-04,41.9719,43.5532,40.7518,43.4849,131406000,0.0305,-1.4255,-1.0509,0.0364,0.5487,-0.3098,1.8646,0.717,0.8561,-1.0726,0.6229,0.1743,-1.1184,MU
2019-10-04,4.2979,4.5553,4.2315,4.5259,1561676000,0.0577,0.538,-0.027,0.6349,0.5487,-0.1339,-0.0858,-0.4489,0.2065,0.768,0.6229,0.1743,1.1075,NVDA
2019-10-04,130.8759,132.9616,126.2969,130.9422,116299800,0.0028,-0.2674,-0.2579,0.0249,0.5487,-0.6436,-0.0315,0.0782,-1.2149,0.6201,0.6229,0.1743,0.9311,MSFT
2019-10-04,231.5022,236.4067,225.1803,232.5039,2909400,0.0095,-0.1303,0.0859,0.9524,0.5487,-0.7081,-0.0867,0.3377,-0.8924,0.5829,0.6229,0.1743,-0.7904,ASML
2019-10-04,28.89,29.54,27.43,29.01,208790000,0.01,-0.6021,-0.6655,-0.3805,-0.2429,-0.1047,0.0235,-0.726,-0.9556,-0.444,0.6229,0.1743,1.1813,AMD
2019-10-04,53.1906,54.9532,51.8012,54.6618,634486800,0.0367,0.3999,0.3722,0.6275,1.3402,-0.4766,0.2572,0.7824,-0.4145,0.768,0.6229,0.1743,1.7471,AAPL
2019-10-11,28.9,30.2,27.92,29.75,226181400,0.0252,0.3152,-0.4757,-0.6673,-0.2429,-0.0083,-0.4002,-0.5059,-0.6601,0.2895,0.0372,0.6038,-0.447,AMD
2019-10-11,233.7985,248.0205,228.2231,245.6959,3393900,0.0552,0.6989,0.1982,0.9467,0.5487,0.0889,0.116,0.9581,-0.2389,0.768,0.0372,0.6038,0.9842,ASML
2019-10-11,59.8107,61.002,59.0464,60.3594,97384000,0.0053,-0.2464,-0.3718,-0.0676,-0.2429,-1.1001,-0.2332,-1.2163,-1.8919,0.4641,0.0372,0.6038,-1.6564,GOOG
2019-10-11,54.4836,57.2214,54.0165,56.8771,588705600,0.0397,0.8521,0.5019,0.7046,1.3402,-0.5091,0.5948,0.4796,0.4298,0.768,0.0372,0.6038,0.0547,AAPL
2019-10-11,43.2408,44.7245,41.5912,44.0217,91416500,0.0123,0.4139,-1.2185,-0.2707,0.5487,-0.1431,-0.1569,-0.5129,0.5979,-0.9024,0.0372,0.6038,-1.9868,MU
2019-10-11,4.5908,4.7092,4.3899,4.6259,1973360000,0.0219,0.8928,0.0056,0.5593,0.5487,-0.1959,0.4807,0.675,0.3806,0.768,0.0372,0.6038,0.8977,NVDA
2019-10-11,130.0132,133.701,128.5722,132.4212,103704700,0.0112,0.0395,-0.0395,-0.1415,0.5487,-0.9438,-0.1272,-0.5144,-1.1789,0.768,0.0372,0.6038,0.6061,MSFT
2019-10-18,29.71,31.41,29.38,30.97,205444900,0.0402,0.7077,0.0794,-0.1398,0.5487,-0.282,-0.4755,-0.9575,-0.3641,0.768,-0.5311,-0.2167,2.0694,AMD
2019-10-18,56.5617,57.3394,56.1523,56.9253,422709600,0.0008,0.3847,0.5519,0.5471,1.3402,-1.3851,-0.5471,-0.756,0.0326,0.768,-0.5311,-0.2167,-0.2497,AAPL
2019-10-18,132.4307,134.4215,129.4633,130.2691,107485700,-0.0164,-0.2106,-0.3267,-0.3354,-0.2429,-0.9604,-0.4982,-0.1896,-0.9049,0.5141,-0.5311,-0.2167,0.2289,MSFT
2019-10-18,245.5258,254.5693,238.4479,240.4229,6902200,-0.0217,0.2925,0.1188,0.2509,-0.2429,-0.2448,1.945,2.3585,-0.2806,0.4327,-0.5311,-0.2167,-3.1041,ASML
2019-10-18,60.205,62.7369,60.1762,61.8512,112980000,0.0244,0.2436,-0.08,0.0116,-0.2429,-0.8779,-0.9028,-0.4004,-0.4545,0.768,-0.5311,-0.2167,0.2238,GOOG
2019-10-18,4.6172,4.9567,4.5861,4.7378,1863984000,0.0239,0.4522,0.695,0.2494,0.5487,0.0307,0.8031,1.0945,-0.8214,0.768,-0.5311,-0.2167,0.3263,NVDA
2019-10-18,43.8851,45.437,42.1964,42.4307,84791900,-0.0368,-0.463,-1.3084,-1.1539,-0.2429,-0.0148,-1.1488,-0.651,0.4891,-1.4066,-0.5311,-0.2167,-0.994,MU
2019-10-25,131.2551,133.8053,128.5627,133.4166,140342800,0.0239,-0.046,0.0014,-0.0541,0.5487,-0.9299,0.2411,1.4106,-0.0582,0.768,-1.1705,-0.6022,0.496,MSFT
2019-10-25,31.5,32.86,30.83,32.71,188127000,0.0547,1.0914,0.9848,0.2461,0.5487,-0.3681,-0.6809,-1.183,-1.0145,0.768,-1.1705,-0.6022,1.7928,AMD
2019-10-25,42.909,47.1159,42.8699,46.8817,88850800,0.0998,0.676,0.7643,-0.6258,-0.2429,0.3355,-1.0908,-0.5873,-0.2422,0.4089,-1.1705,-0.6022,-1.0403,MU
2019-10-25,243.598,250.8744,239.6385,249.4664,3697600,0.0369,0.0548,0.5303,0.206,-0.2429,-0.7882,2.1962,0.0828,-0.249,0.768,-1.1705,-0.6022,0.2567,ASML
2019-10-25,4.7993,5.1082,4.7513,5.0873,1525616000,0.0712,1.0943,1.3887,0.6545,0.5487,-0.1682,0.2405,-0.4741,-0.7582,0.768,-1.1705,-0.6022,0.0468,NVDA
2019-10-25,62.1874,63.0485,61.6084,62.8266,104074000,0.0156,0.3781,0.0975,-0.0856,-0.2429,-1.334,-0.5349,-0.8533,-0.3089,0.768,-1.1705,-0.6022,-0.5613,GOOG
2019-10-25,57.1925,59.4102,57.1444,59.3741,388122000,0.0421,0.4159,0.8883,0.6749,1.3402,-0.9579,-1.0934,-0.9405,-0.0402,0.768,-1.1705,-0.6022,-0.1793,AAPL
2019-11-01,47.3404,47.9944,45.3492,47.2233,74113900,0.0073,1.2498,0.5534,-0.3643,0.5487,-0.5173,-1.2719,-0.9161,-0.3559,0.768,-1.2819,-0.7591,-0.1976,MU
2019-11-01,33.16,35.0,32.03,34.89,340272700,0.0645,1.4082,1.4783,0.9014,1.3402,0.2012,0.5212,2.0728,-1.0399,0.768,-1.2819,-0.7591,1.099,AMD
2019-11-01,63.3391,64.5239,62.1171,63.2541,180686000,0.0068,0.1485,0.2788,0.0261,0.5487,-0.9606,0.5148,1.9537,-1.2062,0.768,-1.2819,-0.7591,1.0152,GOOG
2019-11-01,252.6793,255.9395,246.7164,255.7128,2927800,0.0247,0.6592,0.6682,0.4943,0.5487,-1.0096,-0.6045,-0.4879,-0.1764,0.768,-1.2819,-0.7591,-0.0726,ASML
2019-11-01,136.8959,138.0999,135.2368,136.2512,132099700,0.021,0.441,0.1662,-0.0104,0.5487,-1.3811,0.7968,0.8079,0.4099,0.768,-1.2819,-0.7591,0.8644,MSFT
2019-11-01,5.1311,5.1957,4.9199,5.0388,1241360000,-0.0096,0.6583,0.7787,0.9806,0.5487,-0.5487,-0.7344,-1.3307,-0.3167,0.619,-1.2819,-0.7591,-1.6865,NVDA
2019-11-01,59.5764,61.6255,57.1299,61.599,654221600,0.0368,0.8838,0.8887,0.9923,2.1317,-0.0986,-0.0539,0.9357,0.0838,0.768,-1.2819,-0.7591,-2.5713,AAPL
2019-11-08,35.19,37.18,34.76,36.29,313571600,0.0393,1.2087,1.6065,1.5491,2.1317,-0.2539,1.6807,1.2092,-1.2206,0.768,-1.2478,-0.7362,0.6757,AMD
2019-11-08,63.3887,65.7371,63.384,65.1228,144362000,0.0291,0.3239,0.4943,0.2791,1.3402,-1.0079,1.2904,0.5404,-0.8875,0.768,-1.2478,-0.7362,0.3035,GOOG
2019-11-08,137.3035,138.4033,135.7583,138.3748,86257400,0.0155,0.3316,0.2046,0.2024,1.3402,-1.428,-0.2462,-1.6302,0.8977,0.768,-1.2478,-0.7362,0.0286,MSFT
2019-11-08,61.9626,62.8997,61.4906,62.8273,423960800,0.0197,0.5925,0.7076,1.1052,2.1317,-1.3462,0.1964,-0.8824,-0.0215,0.768,-1.2478,-0.7362,0.528,AAPL
2019-11-08,48.2091,48.7069,45.8275,46.0617,89280100,-0.0249,-0.3732,0.2166,0.4327,0.5487,-0.3569,-0.6598,-0.3693,-0.3084,0.3837,-1.2478,-0.7362,0.5972,MU
2019-11-08,5.1199,5.2654,5.0766,5.1679,1416036000,0.0253,0.0611,0.8099,1.2156,1.3402,-0.9982,-0.8875,-0.4819,-0.4935,0.768,-1.2478,-0.7362,1.083,NVDA
2019-11-08,258.7213,260.9991,251.214,253.6817,3261100,-0.008,0.0746,0.0959,0.4983,0.5487,-0.9478,-1.0337,-0.1906,-1.0237,0.6439,-1.2478,-0.7362,0.6476,ASML
2019-11-15,252.5997,261.4926,251.6317,260.9706,2417700,0.0283,0.1215,0.5492,0.6423,0.5487,-0.9672,-1.2962,-0.7465,-1.6078,0.768,-1.1488,-0.2095,-0.6772,ASML
2019-11-15,35.96,39.37,35.58,38.56,298611900,0.0607,1.1587,1.7921,1.9367,2.1317,0.526,0.8699,0.7921,-1.0969,0.768,-1.1488,-0.2095,-0.5416,AMD
2019-11-15,64.7161,66.2904,64.2359,66.2899,118012000,0.0178,0.4668,0.4341,0.5163,2.1317,-1.1349,0.1953,-0.4092,-0.8072,0.768,-1.1488,-0.2095,0.1279,GOOG
2019-11-15,5.1671,5.2694,4.9903,5.0786,2398836000,-0.0174,-0.0411,0.4354,0.6401,0.5487,-0.5436,0.5054,1.9939,0.2659,0.4981,-1.1488,-0.2095,0.8855,NVDA
2019-11-15,62.3829,64.1894,62.3781,64.1846,461333600,0.0214,0.3918,0.8936,0.9876,2.1317,-1.2032,-0.5128,-0.3902,-1.7548,0.768,-1.1488,-0.2095,2.3912,AAPL
2019-11-15,45.603,47.3599,44.6757,46.5693,74886800,0.011,-0.3251,0.6494,0.2828,0.5487,-0.4772,-0.1217,-0.7417,-1.0523,0.5516,-1.1488,-0.2095,-0.3661,MU
2019-11-15,137.787,142.1954,137.2087,142.1764,93138900,0.0271,0.4107,0.5986,0.3883,1.3402,-1.0341,-0.9935,-0.9593,-1.9003,0.768,-1.1488,-0.2095,-1.0125,MSFT
2019-11-22,5.0711,5.3363,5.0681,5.2452,1974228000,0.0323,0.0499,0.0831,0.72,0.5487,-0.6382,1.3451,0.66,-0.9847,0.768,-0.9659,0.3267,-0.712,NVDA
2019-11-22,46.8036,47.2526,43.9631,44.7733,81122500,-0.0393,-0.5129,-0.6108,-0.1123,-0.2429,-0.0865,-0.2744,-0.4352,-1.9741,-0.0425,-0.9659,0.3267,-2.3484,MU
2019-11-22,259.1673,262.1665,251.3279,252.6661,2572800,-0.0323,-0.1957,-0.0784,-0.0277,-0.2429,-0.841,-1.6433,-0.6322,-0.0825,0.2709,-0.9659,0.3267,0.7281,ASML
2019-11-22,66.1583,66.3226,64.1187,64.3268,128928000,-0.0301,-0.3036,0.0199,0.2455,1.3402,-1.0542,-0.3286,0.0522,1.6514,0.3054,-0.9659,0.3267,-2.7242,GOOG
2019-11-22,38.65,41.79,38.19,39.15,385245000,0.0152,0.8441,1.4344,1.8601,2.1317,0.3697,0.9581,1.6338,0.0291,0.768,-0.9659,0.3267,1.9208,AMD
2019-11-22,142.2713,143.4878,141.2238,142.2987,105644400,0.0009,0.2205,0.3901,0.3089,1.3402,-1.5071,-0.5486,-0.2413,-0.5101,0.768,-0.9659,0.3267,0.2067,MSFT
2019-11-22,64.1942,64.7256,62.89,63.2233,455825200,-0.0151,-0.0617,0.3753,0.5679,1.3402,-1.1832,-0.111,-0.4292,0.7145,0.534,-0.9659,0.3267,0.9991,AAPL
2019-11-29,142.6888,145.0669,142.6127,144.0015,74202700,0.0119,0.0226,0.3074,0.5254,2.1317,-1.4791,-0.7718,-1.4017,-0.5134,0.768,-0.8055,-0.0023,-0.62,MSFT
2019-11-29,63.4479,64.7256,63.3972,64.5444,301081200,0.0207,-0.0707,0.2293,0.7198,1.3402,-1.3918,-0.815,-1.4354,-0.3101,0.768,-0.8055,-0.0023,0.5376,AAPL
2019-11-29,64.5175,65.47,64.4653,64.8045,73770000,0.0074,-0.4386,0.0255,0.1152,1.3402,-1.5171,-0.9974,-1.4262,1.2881,0.4179,-0.8055,-0.0023,-0.8698,GOOG
2019-11-29,254.6972,259.8982,254.4789,256.8421,1506300,0.0164,-0.3511,-0.1539,0.2639,0.5487,-1.379,-1.3322,-1.1357,-0.4777,0.5208,-0.8055,-0.0023,0.7114,ASML
2019-11-29,44.9978,47.1159,44.8416,46.3741,54405900,0.0351,-0.1982,-0.3583,0.4385,0.5487,-0.6894,-0.6428,-2.1027,-1.1145,0.487,-0.8055,-0.0023,0.4784,MU
2019-11-29,5.3733,5.5069,5.3604,5.3947,1249060000,0.0281,0.6427,0.4245,0.7521,0.5487,-1.2295,-0.0813,-1.0947,-0.9235,0.768,-0.8055,-0.0023,0.2079,NVDA
2019-11-29,39.5,40.17,38.81,39.15,140612800,0.0,0.0542,0.8499,1.5524,1.3402,-1.0424,-0.2879,-1.4346,0.4058,0.768,-0.8055,-0.0023,-0.1495,AMD
2019-12-06,256.358,267.6143,247.8162,265.83,3505300,0.0344,0.5177,0.2299,0.2445,0.5487,-0.0616,-0.3825,0.1358,0.1935,0.768,-0.4094,0.4478,0.3061,ASML
2019-12-06,46.4326,47.1745,43.4849,46.784,86768800,0.0088,0.4284,-0.0529,-0.2578,0.5487,0.0467,-0.4297,0.6938,-0.987,0.6227,-0.4094,0.4478,2.2778,MU
2019-12-06,64.5493,65.4501,61.8974,65.3801,456599200,0.0129,0.2932,0.167,0.4958,1.3402,-0.5586,-0.9206,0.1499,-0.3502,0.768,-0.4094,0.4478,-0.5987,AAPL
2019-12-06,39.32,40.22,37.15,39.63,198241400,0.0122,0.0151,0.6038,1.2272,1.3402,0.0121,-2.0672,-0.6769,0.4867,0.768,-0.4094,0.4478,0.1158,AMD
2019-12-06,64.6079,66.7433,63.5153,66.5754,134394000,0.027,0.3038,0.006,0.2018,1.3402,-0.7031,-1.0523,0.3542,0.9269,0.768,-0.4094,0.4478,0.2818,GOOG
2019-12-06,5.3877,5.4012,4.9873,5.281,1527812000,-0.0213,-0.0551,0.0023,0.0442,-0.2429,0.0347,-0.7963,-0.2747,-0.1175,0.4386,-0.4094,0.4478,-0.0379,NVDA
2019-12-06,144.4106,144.4676,139.5021,144.3535,103331700,0.0024,0.0431,0.1894,0.3613,2.1317,-1.0508,-0.5548,-0.0557,-0.2658,0.768,-0.4094,0.4478,-0.3842,MSFT
2019-12-13,66.4473,67.5105,66.348,66.9335,122588000,0.0054,0.2773,-0.1063,0.191,1.3402,-1.4711,0.3449,-0.0721,0.6261,0.768,-0.7165,0.0293,1.4065,GOOG
2019-12-13,267.7566,276.9723,263.1156,275.1311,2852600,0.0344,0.7521,0.2849,0.3185,0.5487,-0.6567,0.9504,0.0503,0.5107,0.768,-0.7165,0.0293,2.8888,ASML
2019-12-13,143.7066,147.3404,143.0027,146.998,100477600,0.0182,0.1246,0.1083,0.3393,2.1317,-1.1715,0.44,-0.1466,-0.8528,0.768,-0.7165,0.0293,-0.5706,MSFT
2019-12-13,65.2086,66.4886,63.9793,66.4524,568117600,0.0163,0.2358,0.1207,0.3387,1.3402,-0.9678,0.7892,1.0273,-0.4792,0.768,-0.7165,0.0293,1.0331,AAPL
2019-12-13,39.46,42.95,38.82,41.15,260165800,0.0376,0.5052,0.3951,1.0215,1.3402,0.5773,-0.7336,-0.0304,-0.5175,0.768,-0.7165,0.0293,-0.406,AMD
2019-12-13,5.2581,5.6994,5.2493,5.5752,1561116000,0.0542,0.2849,0.6514,0.5325,0.5487,0.0924,-0.4533,-0.0963,0.2581,0.768,-0.7165,0.0293,-0.0919,NVDA
2019-12-13,46.4326,51.0691,45.3199,49.9759,124515400,0.066,0.8304,0.4458,0.1918,0.5487,0.9394,1.248,2.1055,-0.0866,0.768,-0.7165,0.0293,2.5865,MU
2019-12-20,5.6227,5.9834,5.5946,5.958,2034124000,0.0664,1.427,0.9605,0.8473,0.5487,-0.2892,0.0106,0.9159,1.0175,0.768,-0.7084,-0.6657,-0.7668,NVDA
2019-12-20,67.364,67.7861,66.9908,67.0209,191176000,0.0013,-0.0567,0.1779,-0.0219,1.3402,-1.6069,1.1633,1.5422,-0.6999,0.768,-0.7084,-0.6657,0.55,GOOG
2019-12-20,147.5497,150.7649,146.256,149.7376,152135400,0.0185,0.3333,0.2678,0.3623,2.1317,-1.1566,1.0624,1.916,-0.7643,0.768,-0.7084,-0.6657,-1.0382,MSFT
2019-12-20,276.4029,281.9645,274.4193,278.6427,2667100,0.0127,0.4694,0.6928,0.4766,1.3402,-1.2314,0.3402,-0.0433,-1.8877,0.768,-0.7084,-0.6657,-2.0027,ASML
2019-12-20,51.4986,54.5928,51.1179,53.7436,206151400,0.0727,1.6621,1.4607,0.9389,1.3402,-0.304,3.0231,2.3352,-0.8344,0.768,-0.7084,-0.6657,-0.0493,MU
2019-12-20,41.73,44.26,41.73,44.15,256747900,0.0704,1.2627,0.8951,1.259,1.3402,-0.4855,0.0286,-0.1916,1.2716,0.768,-0.7084,-0.6657,0.3188,AMD
2019-12-20,66.8992,68.2637,66.8944,67.4885,732720000,0.0155,0.2697,0.3976,0.306,1.3402,-1.399,1.6193,1.7109,-1.9432,0.768,-0.7084,-0.6657,1.3861,AAPL
2019-12-27,5.9866,6.0187,5.8694,5.8957,931420000,-0.0105,0.5844,0.6108,0.9003,0.5487,-1.2746,-0.2239,-1.4868,1.3132,0.6048,-0.3638,-0.6344,1.0828,NVDA
2019-12-27,53.9095,54.7685,52.6015,52.7382,63029800,-0.0189,0.5569,0.9713,0.7105,0.5487,-0.8857,1.6166,-0.689,0.2503,0.4757,-0.3638,-0.6344,0.6866,MU
2019-12-27,280.4554,283.3027,276.4693,281.5659,1152700,0.0104,0.1575,0.6388,0.3396,1.3402,-1.3008,-1.035,-1.6599,-1.2454,0.768,-0.3638,-0.6344,1.3389,ASML
2019-12-27,67.3327,67.7628,66.6827,67.1351,58730000,0.0017,-0.1044,0.1262,-0.1449,1.3402,-1.5027,0.2865,-1.5238,-0.6924,0.768,-0.3638,-0.6344,2.3978,GOOG
2019-12-27,44.58,47.31,44.39,46.18,194462800,0.045,1.358,1.3024,1.1386,1.3402,-0.3392,-0.3072,-0.7724,0.2949,0.768,-0.3638,-0.6344,-1.3082,AMD
2019-12-27,150.413,151.7733,149.4617,151.212,59640800,0.0098,0.2245,0.2488,0.2298,2.1317,-1.5225,0.3412,-1.3572,-0.5716,0.768,-0.3638,-0.6344,-0.6748,MSFT
2019-12-27,67.7517,70.9977,67.7131,69.9906,386438000,0.0364,0.5319,0.5401,0.4211,1.3402,-0.7415,0.814,-0.6513,-0.6108,0.768,-0.3638,-0.6344,0.1248,AAPL
2020-01-03,52.4844,54.1633,51.401,53.2262,65556900,0.0092,-0.2694,0.975,1.0821,1.3402,-0.6189,-1.8783,-0.5579,0.5302,0.6176,-0.1698,-0.1613,-0.8221,MU
2020-01-03,5.8738,5.9714,5.728,5.8758,931980000,-0.0034,-0.3243,0.7732,0.6272,-0.2429,-0.8773,-1.6884,-1.1997,0.5736,0.5526,-0.1698,-0.1613,-0.9135,NVDA
2020-01-03,46.14,49.39,44.66,48.6,226281400,0.0511,1.1068,1.6548,1.4134,1.3402,0.5023,-0.0676,-0.2214,-0.988,0.768,-0.1698,-0.1613,-0.2154,AMD
2020-01-03,151.2406,152.8958,148.8244,150.8886,78456100,-0.0021,-0.0438,0.2073,0.2068,1.3402,-1.2338,-1.4256,-0.6032,0.2241,0.7345,-0.1698,-0.1613,-0.9482,MSFT
2020-01-03,281.3286,287.8772,278.4244,282.7807,1622200,0.0043,0.0484,0.3662,0.6202,2.1317,-1.0747,-1.9664,-0.8223,-0.9745,0.768,-0.1698,-0.1613,2.3759,ASML
2020-01-03,67.0412,68.1586,66.0026,67.5706,92114000,0.0065,-0.0372,-0.0594,0.1348,2.1317,-1.1123,-1.7206,-0.5321,-1.4591,0.768,-0.1698,-0.1613,-0.0339,GOOG
2020-01-03,69.9084,72.5989,68.8844,71.8333,526723200,0.026,0.6688,0.659,0.7355,2.1317,-0.6235,-0.4176,0.3583,-0.605,0.768,-0.1698,-0.1613,0.981,AAPL
2020-01-10,67.0412,71.2588,67.0412,71.0006,161692000,0.0495,0.5854,0.3406,0.4572,2.1317,-0.4337,-0.0042,0.9863,0.4404,0.768,-0.6833,-0.2335,0.7703,GOOG
2020-01-10,48.02,49.96,47.14,48.17,280409800,-0.0089,0.4058,1.2332,1.3454,1.3402,-0.4549,0.3739,0.5628,1.2266,0.6297,-0.6833,-0.2335,-0.2743,AMD
2020-01-10,278.244,288.4372,277.5417,281.1008,2659600,-0.006,-0.165,0.0006,0.449,1.3402,-0.9431,-0.5927,0.4717,-1.1637,0.6752,-0.6833,-0.2335,1.9531,ASML
2020-01-10,52.4649,57.0818,51.889,55.3151,139906600,0.0385,0.4776,0.7258,1.1078,1.3402,0.4172,-0.5391,0.774,0.2899,0.768,-0.6833,-0.2335,1.0924,MU
2020-01-10,149.4237,155.2644,148.8814,153.4761,112305200,0.017,0.05,0.1969,0.2459,1.3402,-0.8733,-0.3028,0.5403,-0.1143,0.768,-0.6833,-0.2335,2.226,MSFT
2020-01-10,5.7825,6.1865,5.7564,6.0812,1426008000,0.0344,0.2597,0.5933,0.6751,-0.2429,-0.1542,-0.841,-0.0342,0.2477,0.768,-0.6833,-0.2335,-2.0005,NVDA
2020-01-10,70.9542,75.514,70.703,74.9488,670091600,0.0425,0.7476,0.8963,0.9022,2.1317,-0.3155,0.3817,1.1619,-0.3036,0.768,-0.6833,-0.2335,0.4113,AAPL
2020-01-17,71.3184,73.5614,70.8164,73.5164,161276000,0.0348,0.9545,0.6443,0.5173,2.1317,-0.9782,1.1945,0.8417,0.447,0.768,-0.7955,0.0905,-1.0818,GOOG
2020-01-17,55.6469,56.9061,54.5049,56.2814,107537800,0.0173,0.5831,0.2242,1.173,1.3402,-0.8468,0.2545,0.067,-1.4683,0.768,-0.7955,0.0905,0.1455,MU
2020-01-17,48.66,51.05,47.91,50.93,229651300,0.0557,0.4662,1.1005,1.6786,1.3402,-0.3781,0.2887,0.1798,0.5742,0.768,-0.7955,0.0905,-0.4744,AMD
2020-01-17,75.2652,76.9799,74.7604,76.9775,652055600,0.0267,0.757,0.9981,1.0082,2.1317,-1.1881,0.627,0.827,-0.7397,0.768,-0.7955,0.0905,-0.547,AAPL
2020-01-17,153.8756,159.3073,153.3999,158.9553,124758900,0.0351,0.5346,0.3474,0.4958,1.3402,-0.9825,0.6856,0.8594,1.7932,0.768,-0.7955,0.0905,-0.5847,MSFT
2020-01-17,283.4736,290.3259,282.3537,284.7643,2812000,0.0129,-0.0525,0.003,0.2849,1.3402,-1.2088,0.9967,0.6168,-0.9036,0.768,-0.7955,0.0905,1.9605,ASML
2020-01-17,6.1643,6.297,6.0864,6.2046,1480016000,0.0201,0.5654,0.1737,0.9921,0.5487,-1.0621,0.2117,0.2827,-1.3583,0.768,-0.7955,0.0905,-0.177,NVDA
2020-01-24,55.9983,59.1121,55.8715,56.379,102127500,0.0017,0.1045,0.411,0.681,1.3402,-0.4811,-0.4317,-0.1802,-1.5626,0.768,0.0156,0.7232,1.0036,MU
2020-01-24,76.6056,78.0885,76.2336,76.8761,463685200,-0.0013,0.187,0.6563,0.8736,1.3402,-1.3043,-0.1379,-0.7558,1.0834,0.7474,0.0156,0.7232,1.9474,AAPL
2020-01-24,158.5558,159.9922,156.4344,156.9957,98254900,-0.0124,0.1517,0.1462,0.2619,0.5487,-1.3404,0.3543,-0.162,1.8083,0.5754,0.0156,0.7232,1.0313,MSFT
2020-01-24,282.9325,286.3017,276.716,280.7686,3372400,-0.0141,-0.1589,-0.2196,-0.0866,0.5487,-1.0571,1.5525,1.0356,-0.4417,0.5488,0.0156,0.7232,1.5652,ASML
2020-01-24,73.4533,74.6498,72.7645,72.8371,135666000,-0.0093,0.189,0.5447,0.4052,1.3402,-1.2609,0.5797,0.12,0.8232,0.6236,0.0156,0.7232,-1.1735,GOOG
2020-01-24,50.96,52.81,49.47,50.35,210007500,-0.0115,0.4328,0.5894,1.3028,0.5487,-0.2626,-0.3031,-0.6839,1.0932,0.5901,0.0156,0.7232,-0.7059,AMD
2020-01-24,6.168,6.459,6.1372,6.2345,1075184000,0.0048,0.1807,0.3123,0.6138,0.5487,-0.6257,-0.1506,-0.7681,-1.4867,0.768,0.0156,0.7232,-0.8428,NVDA
2020-01-31,74.8836,79.1801,73.6326,74.7508,866734800,-0.028,-0.5257,0.1668,0.5405,0.5487,-0.0681,0.6148,1.7476,1.8405,0.3161,1.4539,1.0813,-0.3606,AAPL
2020-01-31,153.2953,165.5665,152.3916,161.9326,179472700,0.031,0.0981,0.4461,0.3575,0.5487,0.1083,1.4346,1.7836,1.3241,0.768,1.4539,1.0813,-0.3871,MSFT
2020-01-31,53.8314,55.8227,51.44,51.8207,124467900,-0.0843,-1.2186,-0.4363,-0.5208,0.5487,0.1876,0.6603,0.2112,1.167,-0.495,1.4539,1.0813,-1.3718,MU
2020-01-31,5.9298,6.2044,5.7803,5.8848,1701284000,-0.0577,-0.8326,-0.1801,-0.3365,-0.2429,-0.121,0.5337,0.8422,0.61,-0.1083,1.4539,1.0813,1.1668,NVDA
2020-01-31,48.45,50.85,46.1,47.0,354354900,-0.0689,-1.1891,-0.4972,0.237,-0.2429,0.5945,0.6829,2.1304,1.5874,-0.4374,1.4539,1.0813,-0.0637,AMD
2020-01-31,272.54,283.1033,265.9059,266.3709,5557400,-0.0526,-1.0129,-0.7355,-0.5867,-0.2429,-0.3063,2.9169,2.1526,1.1856,-0.241,1.4539,1.0813,0.7655,ASML
2020-01-31,71.0637,73.0069,70.577,71.2241,163338000,-0.0224,-0.5559,0.2832,0.2238,0.5487,-1.0578,0.831,0.6837,1.2839,0.2809,1.4539,1.0813,-1.1104,GOOG
2020-02-07,46.4,50.67,46.23,49.73,237800900,0.0565,-0.3048,0.0949,0.3251,-0.2429,0.3038,0.7995,-0.1863,1.5231,0.3999,0.3523,0.8732,-0.4606,AMD
2020-02-07,73.4925,78.545,72.9901,77.4749,652341200,0.0358,-0.0425,0.1065,0.5359,0.5487,-0.1302,0.9809,0.258,1.1985,0.768,0.3523,0.8732,0.1738,AAPL
2020-02-07,5.8666,6.3283,5.8604,6.2621,1143364000,0.0621,-0.0859,0.0718,0.2197,0.5487,-0.0555,0.5139,-0.4764,1.0759,0.768,0.3523,0.8732,-0.5155,NVDA
2020-02-07,51.9769,57.7553,51.7328,55.5201,104515600,0.069,-0.3434,-0.1603,0.1517,1.3402,0.7774,0.3386,-0.1809,1.3591,0.53,0.3523,0.8732,0.1638,MU
2020-02-07,72.6032,73.9936,70.8303,73.4588,236154000,0.0309,-0.0328,0.1145,0.4473,0.5487,-0.8369,1.3566,1.6252,0.6839,0.7557,0.3523,0.8732,1.4683,GOOG
2020-02-07,269.1898,293.8471,268.8956,289.4433,5134400,0.0831,0.2527,0.0711,-0.0306,-0.2429,0.2278,2.6885,1.3668,2.0525,0.768,0.3523,0.8732,0.6774,ASML
2020-02-07,162.123,176.5821,162.0945,174.9269,167007100,0.0772,1.2646,0.9914,0.8734,0.5487,0.1443,1.9107,1.1275,1.8143,0.768,0.3523,0.8732,0.4787,MSFT
2020-02-14,73.215,75.9617,73.215,75.5202,121188000,0.0277,0.619,0.0498,0.6096,0.5487,-1.0021,0.4858,-0.3483,0.3643,0.768,-0.2259,0.8476,-1.5758,GOOG
2020-02-14,288.5607,302.9677,288.5227,300.1964,3222600,0.0365,1.413,0.2843,0.2157,-0.2429,-0.7122,0.5221,0.0563,1.4145,0.768,-0.2259,0.8476,0.1599,ASML
2020-02-14,76.0587,79.2155,75.9788,78.666,492263600,0.0153,0.5212,0.0027,0.4537,0.5487,-0.8843,-0.5094,-0.6131,0.8035,0.768,-0.2259,0.8476,-1.0538,AAPL
2020-02-14,49.47,55.4,49.35,55.31,285691100,0.1063,1.9762,0.5536,0.7482,-0.2429,0.7999,-0.0989,0.6922,1.5483,0.768,-0.2259,0.8476,-0.0309,AMD
2020-02-14,54.9539,59.727,54.8563,57.1013,134486600,0.0281,1.1199,-0.0628,0.2961,1.3402,0.2055,0.0199,1.0749,1.0546,0.768,-0.2259,0.8476,0.497,MU
2020-02-14,6.2848,7.3419,6.2798,7.2129,3112748000,0.1414,2.5061,1.1704,1.3277,1.3402,1.7343,1.4794,2.3693,1.8478,0.768,-0.2259,0.8476,-0.5805,NVDA
2020-02-14,174.632,181.405,172.9864,176.3158,194512400,0.0079,0.9644,0.7453,0.9503,1.3402,-0.7213,1.2333,1.4453,1.3592,0.768,-0.2259,0.8476,-0.8198,MSFT
2020-02-21,7.1096,7.8733,7.0902,7.3195,2892728000,0.0147,1.8878,1.2598,1.177,1.3402,0.7406,3.0213,1.4774,1.2799,0.768,1.1774,0.6211,0.7635,NVDA
2020-02-21,75.2352,76.0846,73.5189,73.7508,97966000,-0.0237,-0.0919,-0.0809,0.0491,-0.2429,-1.0411,-1.4831,-1.0337,0.516,0.402,1.1774,0.6211,0.7081,GOOG
2020-02-21,176.5631,179.4967,169.0711,170.3493,143224700,-0.0344,-0.4888,0.5458,0.5566,0.5487,-0.3893,0.6016,0.1847,1.3664,0.2393,1.1774,0.6211,0.1428,MSFT
2020-02-21,76.3444,78.5934,75.1679,75.7852,476635200,-0.0373,-0.4306,-0.3234,-0.1569,-0.2429,-0.7842,-1.0203,-0.8814,1.1355,0.1959,1.1774,0.6211,-0.3758,AAPL
2020-02-21,55.7055,58.8095,54.5537,55.6274,92684700,-0.0262,-0.1184,-0.3155,-0.1988,0.5487,-0.0116,0.1141,-0.6519,0.9065,0.3647,1.1774,0.6211,-0.7511,MU
2020-02-21,54.94,59.27,52.89,53.28,291205000,-0.0374,0.7542,0.3186,0.53,-0.2429,1.0556,0.3873,0.6106,1.244,0.1946,1.1774,0.6211,0.0756,AMD
2020-02-21,291.7495,301.4588,289.2154,290.4208,4104000,-0.0331,-0.0996,0.1124,0.0078,-0.2429,-0.8593,-0.4893,0.459,1.1356,0.2593,1.1774,0.6211,0.4048,ASML
2020-02-28,48.18,51.24,41.04,45.48,468449900,-0.1583,-2.6912,-0.4917,-1.1083,-1.0344,3.6354,1.2118,2.1638,1.6704,-2.0083,3.9818,1.5046,-1.3947,AMD
2020-02-28,160.0285,166.7723,144.9863,154.5344,382778100,-0.0974,-1.8603,-0.6176,-0.4578,-0.2429,1.5796,1.8428,2.3845,1.7419,-1.1618,3.9818,1.5046,1.4479,MSFT
2020-02-28,6.7251,7.0158,6.0218,6.7261,4699812000,-0.0845,-1.0533,1.0168,0.3759,0.5487,1.7475,2.9051,2.0515,1.1905,-0.4984,3.9818,1.5046,-0.1065,NVDA
2020-02-28,71.9626,73.6379,62.0637,66.1768,1398039200,-0.1356,-2.3944,-1.2977,-1.3992,-1.0344,2.4168,1.5225,2.3128,1.9703,-1.7121,3.9818,1.5046,0.2292,AAPL
2020-02-28,70.8208,71.4183,63.1181,66.5113,286304000,-0.1033,-1.7974,-0.8141,-1.0084,-1.0344,1.1802,0.5545,1.9468,2.1118,-1.0955,3.9818,1.5046,-1.1098,GOOG
2020-02-28,274.3338,280.8635,252.4384,262.6221,6396500,-0.1006,-1.8845,-0.3223,-0.8615,-1.0344,0.7715,0.6897,1.6842,1.2581,-1.1873,3.9818,1.5046,-2.3391,ASML
2020-02-28,52.0354,54.134,47.233,51.3033,179761400,-0.0809,-1.5376,-0.2848,-0.9508,-0.2429,1.4201,0.5526,2.083,0.6815,-0.8182,3.9818,1.5046,0.9229,MU
2020-03-06,265.3839,286.615,261.4452,273.4417,6889400,0.0404,-0.9279,-0.7091,-0.4443,-0.2429,0.372,1.4193,1.5034,0.6355,-0.6243,2.9615,3.5232,-1.3763,ASML
2020-03-06,51.928,54.2804,48.8046,50.2394,154924600,-0.021,-1.4699,-1.0994,-1.1245,-1.0344,0.7903,1.4004,1.0543,-0.27,-1.1093,2.9615,3.5232,-0.8397,MU
2020-03-06,157.682,166.9249,148.8016,154.1146,313160600,-0.0027,-1.4475,-1.3415,-0.3837,-0.2429,1.0026,2.6715,1.2131,0.4384,-1.199,2.9615,3.5232,-0.6281,MSFT
2020-03-06,67.1212,70.0283,62.624,64.4793,239380000,-0.031,-1.8927,-1.3751,-1.1749,-1.0344,0.9343,1.9678,0.9482,1.0996,-1.5158,2.9615,3.5232,0.4376,GOOG
2020-03-06,68.3362,73.5943,67.2323,69.9702,1293800800,0.0557,-1.1829,-1.117,-0.9624,-0.2429,0.3443,2.9135,1.4332,1.4605,-0.9588,2.9615,3.5232,-0.2634,AAPL
2020-03-06,47.42,50.2,44.66,48.59,560502400,0.0661,-1.3432,-0.404,-0.5142,-0.2429,0.9142,2.105,1.922,1.2389,-1.13,2.9615,3.5232,-0.4154,AMD
2020-03-06,6.8962,7.0952,6.4255,6.6258,3196684000,-0.015,-1.4399,0.3175,0.2241,-0.2429,0.5948,2.1583,0.6648,0.9063,-0.7126,2.9615,3.5232,-0.113,NVDA
2020-03-13,251.9353,266.0767,221.9346,243.8681,10051700,-0.1145,-1.1081,-2.0767,-0.9175,-0.2429,2.5676,2.1851,2.068,0.6108,-2.1632,3.1221,3.1907,-0.67,ASML
2020-03-13,59.8554,63.6221,55.2867,60.572,330242000,-0.0625,-1.3614,-2.1923,-1.482,-1.0344,1.4966,1.5763,1.6044,-0.1131,-2.3241,3.1221,3.1907,-0.0257,GOOG
2020-03-13,43.03,46.34,39.0,43.9,452840300,-0.1015,-0.6039,-2.2871,-0.7642,-0.2429,2.2267,1.6836,0.8179,0.4718,-2.4546,3.1221,3.1907,1.131,AMD
2020-03-13,5.9747,6.5022,5.3745,5.9981,3146148000,-0.0995,-1.6349,-1.8648,-0.0958,-0.2429,2.7403,0.2314,0.4703,-0.355,-2.052,3.1221,3.1907,0.098,NVDA
2020-03-13,144.0324,154.4389,132.1854,151.5011,378099100,-0.0171,-0.4016,-1.5682,-0.7516,-1.0344,1.7254,1.63,1.3908,0.0148,-1.4306,3.1221,3.1907,-1.4814,MSFT
2020-03-13,44.3926,47.438,37.0915,41.9622,176779500,-0.18,-2.7603,-2.985,-1.8573,-1.0344,4.1856,0.9331,1.3331,0.8361,-3.3737,3.1221,3.1907,1.017,MU
2020-03-13,63.8503,69.3433,60.0374,67.2928,1616839600,-0.039,0.0742,-1.6087,-1.0465,-0.2429,1.5132,2.4612,1.5931,1.0062,-1.4905,3.1221,3.1907,0.3737,AAPL
2020-03-20,209.4162,235.5731,181.513,205.0979,10222500,-0.1731,-3.888,-3.3454,-2.8789,-1.0344,4.6055,2.54,1.5424,1.2342,-4.1807,2.7592,6.6073,-0.4653,ASML
2020-03-20,5.2901,5.7361,4.4999,5.1242,4005020000,-0.1575,-3.4894,-3.4244,-1.7771,-1.0344,4.0547,0.0903,0.9467,-0.52,-3.9171,2.7592,6.6073,-0.2826,NVDA
2020-03-20,133.5399,143.2216,128.7706,131.0122,421347800,-0.1453,-2.258,-2.5727,-2.4549,-1.826,0.8225,1.6029,1.3792,1.0904,-3.2458,2.7592,6.6073,0.5912,MSFT
2020-03-20,36.457,38.2042,30.3857,35.2466,176949700,-0.1744,-4.7581,-4.3281,-3.7203,-1.826,3.5749,0.8223,1.0458,1.1239,-5.2108,2.7592,6.6073,-0.9329,MU
2020-03-20,58.5728,62.7198,55.1957,55.4959,1620263600,-0.1927,-3.161,-3.017,-2.796,-1.0344,1.4464,2.1233,1.2279,1.4139,-3.8331,2.7592,6.6073,-3.0115,AAPL
2020-03-20,39.08,43.37,36.75,39.61,480035600,-0.1028,-2.8039,-2.88,-1.9837,-1.0344,2.225,0.5261,0.8243,0.3355,-3.6662,2.7592,6.6073,-0.1296,AMD
2020-03-20,54.4275,57.505,51.5115,53.2516,392004000,-0.1288,-2.6344,-3.1445,-2.7046,-1.826,0.878,2.4841,1.6205,0.2305,-3.8383,2.7592,6.6073,-0.8693,GOOG
2020-03-27,130.6879,149.4312,126.4051,142.7923,358740500,0.0861,-0.9143,-0.9099,-1.8563,-1.826,2.0801,0.8884,0.6297,1.6829,-1.759,2.2399,3.7371,-0.5341,MSFT
2020-03-27,36.1056,44.6562,34.8367,42.4404,247207200,0.1857,0.004,-1.9122,-2.5134,-1.826,3.8105,1.2322,1.8853,2.1381,-2.9352,2.2399,3.7371,0.7632,MU
2020-03-27,55.2151,62.6229,51.47,59.9745,1384190000,0.0776,-1.6425,-1.0855,-2.3187,-1.0344,2.6898,0.8121,0.5898,1.2734,-2.491,2.2399,3.7371,0.2635,AAPL
2020-03-27,52.7053,58.1009,50.3324,55.158,365006000,0.0352,-1.3625,-1.8897,-2.6472,-1.826,1.5762,1.7025,1.0494,1.3391,-3.1702,2.2399,3.7371,0.6229,GOOG
2020-03-27,213.8579,263.0302,211.3334,239.7585,6907300,0.1561,-0.3648,-1.0191,-1.9628,-1.0344,3.4218,0.7906,0.153,2.0492,-1.9571,2.2399,3.7371,-2.9675,ASML
2020-03-27,5.1232,6.553,4.9442,6.2943,3873888000,0.2057,0.4839,-0.7951,-1.2848,-1.0344,4.4087,0.4276,0.6363,1.891,-1.42,2.2399,3.7371,-0.7552,NVDA
2020-03-27,40.62,47.98,38.95,46.58,450538700,0.1621,0.628,0.0227,-1.5569,-1.0344,2.8848,0.1613,0.4529,1.2445,-1.1964,2.2399,3.7371,0.6269,AMD
2020-04-03,145.4059,157.1765,143.088,146.7318,290191400,0.0272,1.3318,-0.6386,-1.3844,-1.0344,0.4699,-0.4907,-0.175,1.2821,-0.0208,1.1992,3.0376,0.7776,MSFT
2020-04-03,60.7008,63.5453,57.3503,58.4421,837010800,-0.0259,0.53,-1.825,-2.2312,-1.0344,0.7164,-0.9627,-0.6198,0.7696,-1.8058,1.1992,3.0376,-0.5981,AAPL
2020-04-03,55.8697,58.3661,53.6235,54.5209,233660000,-0.0116,0.1632,-1.7138,-2.5546,-1.826,0.2471,-0.1524,-0.1979,1.0888,-2.0482,1.1992,3.0376,-1.3154,GOOG
2020-04-03,250.1511,256.3771,229.9165,232.1563,4100200,-0.0322,1.4699,-1.6768,-1.9561,-1.0344,0.9132,-1.3635,-0.8853,1.2996,-1.5906,1.1992,3.0376,-0.9083,ASML
2020-04-03,6.3598,6.8589,5.9371,6.0746,3548100000,-0.0355,2.0716,-0.9807,-1.669,-1.826,1.8451,-0.0565,0.0166,1.3331,-0.7452,1.1992,3.0376,-0.3519,NVDA
2020-04-03,47.24,48.53,41.7,42.59,402412500,-0.0896,0.8009,-1.388,-1.9562,-1.0344,2.0581,-0.4845,-0.1972,1.0087,-1.161,1.1992,3.0376,-0.4609,AMD
2020-04-03,43.1139,44.4805,38.3897,40.2345,167920500,-0.0534,1.5797,-2.2059,-2.7218,-1.826,1.8364,0.6628,0.0725,1.3976,-2.6024,1.1992,3.0376,0.4661,MU
2020-04-10,44.3,50.25,44.06,48.38,329593600,0.1275,0.3501,0.6865,0.2313,-0.2429,1.258,-0.9467,-1.147,1.1262,0.7004,0.8887,0.7807,-0.3882,AMD
2020-04-10,56.5133,60.862,56.1627,60.1608,184050000,0.0984,0.9868,-0.2556,-1.0101,-1.0344,0.0281,-1.4814,-0.8212,1.5925,-0.2783,0.8887,0.7807,-1.6607,GOOG
2020-04-10,60.7395,65.7749,60.3715,64.8767,735437600,0.1045,0.8794,-0.5251,-0.3937,-0.2429,0.1558,-1.9434,-0.9965,1.1172,-0.3692,0.8887,0.7807,1.0026,AAPL
2020-04-10,152.9223,162.1556,150.3087,157.5199,229584000,0.0709,1.1345,0.1591,-0.0954,-0.2429,-0.0436,-1.1429,-0.9089,1.1758,0.768,0.8887,0.7807,-0.2303,MSFT
2020-04-10,42.3135,48.6191,42.3038,45.0271,140039300,0.1125,0.6268,0.4448,-1.2408,-1.0344,1.5618,-0.6969,-0.5996,0.9392,-0.8527,0.8887,0.7807,1.214,MU
2020-04-10,246.7628,270.6134,246.2123,262.717,3196400,0.1237,1.0471,0.4807,-0.2391,-0.2429,0.3925,-2.4707,-1.2306,1.1159,0.1553,0.8887,0.7807,1.491,ASML
2020-04-10,6.3568,6.9298,6.2992,6.5488,2580412000,0.0752,0.3726,0.6019,-0.4464,-1.0344,0.4768,-0.5139,-1.3283,0.9374,0.5865,0.8887,0.7807,1.8445,NVDA
2020-04-17,6.489,7.4466,6.4006,7.2803,2580244000,0.1059,2.2137,2.988,0.4793,-0.2429,1.6463,-1.1356,-1.1869,-0.2454,0.768,0.6747,-1.7448,1.504,NVDA
2020-04-17,64.9542,69.7814,64.3538,68.462,829547200,0.0538,1.9168,1.7085,-0.4087,-0.2429,0.0569,-1.7423,-1.0513,-1.387,0.768,0.6747,-1.7448,-0.6358,AAPL
2020-04-17,48.47,58.08,48.23,56.6,413426200,0.1569,3.5592,3.04,0.9263,-0.2429,2.3953,-0.6289,-0.4421,0.052,0.768,0.6747,-1.7448,-0.8386,AMD
2020-04-17,156.7664,171.6942,154.8109,170.3588,238965600,0.0784,1.8003,2.1855,0.5253,0.5487,0.5462,-1.4036,-1.241,-1.3713,0.768,0.6747,-1.7448,0.1603,MSFT
2020-04-17,60.0481,64.2816,58.9763,63.7264,206980000,0.0576,1.8878,1.4331,-0.3318,-0.2429,0.1549,-1.6547,-0.9388,-0.6832,0.768,0.6747,-1.7448,0.8374,GOOG
2020-04-17,260.8568,286.0835,258.1614,280.5978,6088700,0.0658,2.3239,2.6459,-0.0441,-0.2429,0.5562,-1.6473,-0.2286,-0.5706,0.768,0.6747,-1.7448,-0.0496,ASML
2020-04-17,43.8265,47.2233,43.3287,44.6074,128554600,-0.0094,1.1998,1.9401,-1.1521,-1.0344,0.2551,-1.1766,-1.1896,-0.0279,0.6223,0.6747,-1.7448,0.6845,MU
2020-04-24,55.98,58.63,51.41,56.18,401739000,-0.0074,1.8026,1.5039,1.6463,-0.2429,1.272,-0.0772,-0.4872,-0.2005,0.652,0.5292,0.0115,0.7352,AMD
2020-04-24,67.2879,68.5129,64.257,68.5032,678844800,0.0006,0.5646,1.0108,-0.1054,0.5487,-0.3664,-1.3495,-1.1106,-1.1433,0.768,0.5292,0.0115,-0.3828,AAPL
2020-04-24,63.1181,64.226,60.0744,63.5307,182934000,-0.0031,0.5661,1.0866,0.1232,-0.2429,-0.2869,-1.3286,-0.9916,-0.3222,0.72,0.5292,0.0115,-0.4318,GOOG
2020-04-24,168.4797,170.5018,158.4451,166.4957,194561900,-0.0229,0.578,1.1976,0.4806,0.5487,-0.1125,-1.3145,-1.3581,-0.6183,0.4137,0.5292,0.0115,1.1971,MSFT
2020-04-24,7.1537,7.3096,6.6524,7.2123,2444392000,-0.0094,1.1129,1.0396,1.1693,-0.2429,0.3493,-1.0964,-1.1933,-0.8013,0.6221,0.5292,0.0115,0.0908,NVDA
2020-04-24,276.8014,282.8376,264.3874,278.3842,2964600,-0.0079,0.6107,1.1595,0.7715,-0.2429,-0.264,-0.996,-1.1717,-0.8042,0.6447,0.5292,0.0115,0.0682,ASML
2020-04-24,43.4556,44.0022,40.2052,43.1042,123147000,-0.0343,-0.7117,-0.0533,-0.0363,-1.0344,0.2743,-1.2245,-1.0356,-0.6737,0.1008,0.5292,0.0115,0.8149,MU
2020-05-01,168.4415,172.0757,161.5738,166.5147,212120100,0.0001,-0.4407,0.9521,1.5938,1.3402,-0.3432,-1.0523,-0.9002,-0.5163,0.4155,0.5455,-1.2607,0.8932,MSFT
2020-05-01,7.3468,7.5761,6.9943,7.0427,2019464000,-0.0238,-0.5755,1.1459,2.1926,-0.2429,0.139,-1.1301,-1.3741,-0.7637,0.2582,0.5455,-1.2607,0.5004,NVDA
2020-05-01,43.9241,48.9412,43.4556,43.9827,134424500,0.0202,-0.3271,0.6132,1.4532,-0.2429,1.1784,-0.9454,-0.6529,-0.9621,0.4056,0.5455,-1.2607,0.143,MU
2020-05-01,280.2443,290.7086,265.3732,266.1935,3898200,-0.0448,-0.8296,1.0457,1.7542,-0.2429,0.4492,-1.2734,-0.6719,-0.7486,-0.0339,0.5455,-1.2607,0.86,ASML
2020-05-01,64.3596,67.5373,61.1913,65.5817,261738000,0.0318,0.2301,1.4797,1.3525,0.5487,0.4885,-0.3749,-0.0611,-0.6726,0.768,0.5455,-1.2607,-0.0847,GOOG
2020-05-01,57.44,58.0,49.09,49.88,388977400,-0.1189,-1.7891,1.2377,1.523,-0.2429,2.5088,-0.041,-0.5329,0.4113,-1.0867,0.5455,-1.2607,-0.9433,AMD
2020-05-01,68.22,72.3839,67.3485,69.9799,790054000,0.0213,0.142,1.4386,1.5334,1.3402,-0.1239,-0.8532,-0.6468,-1.2027,0.768,0.5455,-1.2607,0.7612,AAPL
2020-05-08,43.1335,47.3014,42.5673,47.0964,98205700,0.0684,1.0097,0.2132,0.555,-0.2429,0.5811,-0.6321,-1.1659,-1.1662,0.768,0.0802,0.416,1.1246,MU
2020-05-08,49.82,53.51,49.73,53.19,256931900,0.0643,-0.8556,0.6649,0.774,-0.2429,-0.1458,-0.6179,-1.9222,-0.4362,-0.1732,0.0802,0.416,-0.7091,AMD
2020-05-08,64.9669,69.4627,64.5085,68.9467,143108000,0.05,0.9216,1.0412,1.4663,0.5487,-0.1264,-0.0002,-1.1435,-1.2407,0.768,0.0802,0.416,-0.3451,GOOG
2020-05-08,70.0041,75.3349,69.3142,75.2815,672706400,0.073,1.0849,1.1538,1.4983,1.3402,0.0741,-0.1879,-0.7415,-1.2028,0.768,0.0802,0.416,1.254,AAPL
2020-05-08,166.4384,176.4635,165.7803,176.1582,158545200,0.0563,0.591,0.8194,1.3657,1.3402,-0.403,-0.8462,-1.1696,-0.6515,0.768,0.0802,0.416,-1.127,MSFT
2020-05-08,266.7086,290.4701,263.2364,290.3651,3662300,0.0869,0.4051,0.7127,1.2242,-0.2429,0.415,-0.2778,-0.568,-1.0165,0.768,0.0802,0.416,0.9193,ASML
2020-05-08,6.9953,7.7891,6.9953,7.7828,1722864000,0.0999,0.8478,1.3703,1.3832,-0.2429,0.6172,-1.2967,-1.3041,-0.7121,0.768,0.0802,0.416,0.508,NVDA
2020-05-15,52.9,56.58,51.3,54.2,341967100,0.0188,0.9379,-0.5864,1.6036,0.5487,0.5045,-0.8327,-0.4886,-2.0531,0.1056,0.2342,0.408,-0.3289,AMD
2020-05-15,284.8326,291.796,270.2475,279.052,4391600,-0.0397,0.4707,-0.2439,1.1666,-0.2429,0.0061,-0.0178,0.0287,-0.8857,0.1593,0.2342,0.408,-1.0967,ASML
2020-05-15,74.7888,77.6021,72.8735,74.6941,834147600,-0.0078,0.7053,0.5955,1.6365,1.3402,-0.3373,-0.0324,-0.014,-0.8722,0.6461,0.2342,0.408,2.1275,AAPL
2020-05-15,7.7779,8.4682,7.5659,8.4585,3177944000,0.0833,2.2415,1.1653,2.2925,0.5487,0.733,0.0546,0.6363,-0.8548,0.768,0.2342,0.408,0.4084,NVDA
2020-05-15,46.5986,47.5649,41.4936,43.3482,135557300,-0.0829,-0.3327,-0.4533,0.3288,-0.2429,1.5569,-0.4126,-0.222,-0.753,-0.4753,0.2342,0.408,0.8131,MU
2020-05-15,68.4456,70.3451,65.7456,68.1928,158522000,-0.011,0.3648,0.4199,1.4711,0.5487,-0.2351,-1.0776,-0.8041,-1.0103,0.5972,0.2342,0.408,-1.7563,GOOG
2020-05-15,174.6988,178.8576,167.5735,174.7084,196126700,-0.0083,0.4819,0.0346,1.0941,0.5487,-0.3057,-0.7143,-0.5907,-0.8532,0.6394,0.2342,0.408,-1.0649,MSFT
2020-05-22,54.98,56.98,53.78,55.17,251866100,0.0177,0.3323,-0.3582,0.7635,0.5487,-0.4682,-0.7047,-1.4771,-1.3841,0.3733,0.0223,-1.2139,-1.9556,AMD
2020-05-22,283.9646,311.2172,283.936,304.6354,3773900,0.0877,0.4811,0.6226,0.8914,-0.2429,0.3105,-0.0688,-0.2156,-0.4204,0.768,0.0223,-1.2139,0.7757,ASML
2020-05-22,177.1789,178.5523,174.6019,175.5297,143271300,0.0047,-0.19,0.2849,0.5869,0.5487,-1.3443,-0.5824,-1.3835,-0.7958,0.7122,0.0223,-1.2139,-1.0136,MSFT
2020-05-22,44.7343,45.9153,43.1823,43.8655,86404500,0.0119,-1.0688,-0.0352,-0.4419,-0.2429,-0.362,-0.3082,-1.597,-0.617,-0.3037,0.0223,-1.2139,-1.2965,MU
2020-05-22,8.7272,9.0585,8.6475,8.992,3879148000,0.0612,1.7367,1.8044,2.1853,0.5487,-0.7719,1.7575,1.6022,-0.8099,0.768,0.0223,-1.2139,-1.9107,NVDA
2020-05-22,76.0194,77.8934,75.3276,77.4079,532904800,0.0357,0.2191,0.9134,1.1101,1.3402,-1.0817,-0.2948,-1.9323,-0.7368,0.768,0.0223,-1.2139,-1.9915,AAPL
2020-05-22,67.6247,70.2935,67.2523,70.0417,149056000,0.0268,0.0616,0.6901,0.9223,0.5487,-0.8281,-0.8609,-0.9625,-0.888,0.768,0.0223,-1.2139,-0.7447,GOOG
2020-05-29,45.1149,48.3946,42.8504,46.7645,145001700,0.064,0.8442,0.3618,0.1197,0.5487,1.0262,-0.2155,1.069,-0.3121,0.6579,-0.0397,-1.2394,-2.0224,MU
2020-05-29,307.5925,314.7657,296.7657,314.3174,2795900,0.0313,1.4059,1.3118,0.6269,-0.2429,-0.4864,-0.4415,-0.9894,-0.6216,0.768,-0.0397,-1.2394,-2.4851,ASML
2020-05-29,71.3751,71.5603,69.0917,70.9604,145190000,0.013,0.3744,0.5203,0.5813,0.5487,-1.0411,-0.802,-0.8181,-0.6986,0.768,-0.0397,-1.2394,-0.8397,GOOG
2020-05-29,9.122,9.1469,7.9664,8.8418,3426824000,-0.0168,0.4335,1.8674,1.2458,-0.2429,1.3954,1.6365,1.0226,-0.7303,0.5071,-0.0397,-1.2394,-0.0072,NVDA
2020-05-29,178.2366,178.3897,168.9202,175.281,151531300,-0.0014,-0.1009,0.271,-0.0238,-0.2429,-0.5664,-0.8593,-1.067,-0.6224,0.6902,-0.0397,-1.2394,1.3537,MSFT
2020-05-29,78.527,78.7066,76.0,77.1773,525560400,-0.003,0.2823,0.6931,0.6755,0.5487,-1.0342,-1.1221,-1.4275,-0.4746,0.7214,-0.0397,-1.2394,-0.1035,AAPL
2020-05-29,56.01,56.08,49.09,53.8,272370300,-0.0251,-0.24,0.4916,-0.6303,-0.2429,1.3068,-0.941,-0.8894,-1.759,0.1062,-0.0397,-1.2394,-0.1903,AMD
2020-06-05,53.31,54.11,52.01,53.1,225262300,-0.0131,-0.6414,-0.2092,-0.6735,-0.2429,-0.9237,-0.7448,-1.2239,-1.4934,0.1818,-0.2158,-1.8466,2.4453,AMD
2020-06-05,77.1312,80.5296,77.0001,80.4689,497736000,0.0418,0.3614,0.4099,0.9906,0.5487,-0.8172,-1.0718,-1.227,-1.2105,0.768,-0.2158,-1.8466,-1.6735,AAPL
2020-06-05,8.7997,8.9669,8.6251,8.8902,2052664000,0.0055,-0.2917,1.0114,1.3594,0.5487,-0.9509,0.0421,-0.7835,-1.0299,0.5911,-0.2158,-1.8466,0.1404,NVDA
2020-06-05,308.947,347.3698,308.5845,340.7498,3721000,0.0807,1.3151,1.2559,1.3056,0.5487,0.9094,-0.6419,-0.1563,-0.9944,0.768,-0.2158,-1.8466,-0.0175,ASML
2020-06-05,70.4375,71.836,69.7591,71.4307,139412000,0.0066,0.1122,0.1268,0.6554,1.3402,-1.1822,-0.7601,-0.7784,-1.2872,0.768,-0.2158,-1.8466,0.5955,GOOG
2020-06-05,174.6019,179.5662,173.4637,179.0593,149383400,0.0213,0.1157,-0.0459,0.315,0.5487,-1.0586,-0.5688,-0.8764,-1.5737,0.768,-0.2158,-1.8466,-2.1611,MSFT
2020-06-05,46.3546,53.5093,44.4805,52.4356,148448300,0.1145,2.1799,0.7791,1.2583,1.3402,2.3499,0.9156,1.1282,0.5471,0.768,-0.2158,-1.8466,1.2688,MU
2020-06-12,53.3,59.0,52.11,53.5,348224700,0.0075,-0.2163,-0.3116,0.2945,0.5487,1.2787,0.0643,0.6,-1.1666,0.2951,0.3368,-1.29,1.3297,AMD
2020-06-12,70.6336,73.2119,68.83,70.1787,165526000,-0.0177,-0.2877,0.0662,0.2768,0.5487,-0.3587,0.0721,-0.0316,-0.8492,0.4942,0.3368,-1.29,0.4748,GOOG
2020-06-12,334.788,337.125,317.4557,327.2522,4501100,-0.0404,0.3815,1.2497,1.339,0.5487,-0.4164,0.4075,1.3755,-0.8148,0.1492,0.3368,-1.29,0.2512,ASML
2020-06-12,8.8476,9.4683,8.6567,8.9027,2642964000,0.0014,-0.0542,0.2698,1.5523,1.3402,0.35,-0.88,-0.0017,-1.7363,0.6128,0.3368,-1.29,0.4903,NVDA
2020-06-12,53.197,53.3336,46.2277,47.5259,113649300,-0.0983,0.0667,0.6398,0.3513,0.5487,1.7904,0.4152,-0.3986,1.316,-0.6947,0.3368,-1.29,0.2481,MU
2020-06-12,177.8541,189.887,176.4193,179.5758,203096100,0.0029,0.1717,0.0551,0.3362,0.5487,-0.0488,0.2804,1.0227,-1.3576,0.768,0.3368,-1.29,-0.2376,MSFT
2020-06-12,80.1655,86.1175,79.4543,82.2409,811826800,0.0218,0.6839,0.6782,0.9941,0.5487,0.0999,0.0635,1.1104,-1.2936,0.768,0.3368,-1.29,0.2684,AAPL
2020-06-19,176.5532,190.6235,176.008,186.6636,168517400,0.0387,0.398,0.3633,0.2016,0.5487,0.0327,0.5226,-0.1272,-0.6755,0.768,0.2456,-0.7096,-1.5764,MSFT
2020-06-19,46.2277,51.4888,45.9739,49.6147,94286300,0.043,-0.8635,0.922,0.1569,0.5487,0.8436,-0.7286,-1.0171,1.0479,-0.0724,0.2456,-0.7096,-1.5924,MU
2020-06-19,69.0674,72.5038,68.9243,71.0995,190050000,0.013,-0.204,-0.0581,-0.0065,0.5487,-0.6572,0.6471,0.5603,-1.0595,0.6955,0.2456,-0.7096,0.1326,GOOG
2020-06-19,8.7858,9.4134,8.7145,9.2303,2122592000,0.0361,0.3453,0.0431,1.0639,1.3402,-0.031,-0.9173,-0.6277,-1.6465,0.768,0.2456,-0.7096,1.2762,NVDA
2020-06-19,52.58,56.07,52.41,54.23,245993100,0.0136,0.1306,-0.3496,-0.0936,0.5487,-0.2341,0.2916,-0.7435,-0.9356,0.5018,0.2456,-0.7096,0.1553,AMD
2020-06-19,80.8937,86.552,80.7311,84.8916,779940400,0.0317,0.5531,0.6423,0.6779,0.5487,-0.2074,1.0322,0.7481,-1.2388,0.768,0.2456,-0.7096,0.1559,AAPL
2020-06-19,321.9486,351.1663,321.1091,344.0407,3454100,0.05,-0.0184,0.9083,1.0567,0.5487,0.2564,0.2745,-0.5771,-1.2935,0.768,0.2456,-0.7096,1.5628,ASML
2020-06-26,345.6719,354.6575,342.0471,345.0805,2730200,0.003,0.5471,0.6521,1.384,1.3402,-0.9978,-0.6131,-1.389,-0.92,0.768,0.1845,0.4222,-0.6365,ASML
2020-06-26,70.9644,73.2955,67.14,67.5329,204528000,-0.0515,-0.6439,-0.6424,-0.3163,0.5487,0.3498,0.9903,1.8706,0.8946,-0.0845,0.1845,0.4222,1.2057,GOOG
2020-06-26,54.67,55.37,49.45,50.1,262944600,-0.0792,-0.9984,-0.8394,-0.844,-0.2429,1.0166,-0.269,-0.2538,-0.2627,-0.6676,0.1845,0.4222,-0.3784,AMD
2020-06-26,85.2849,90.3922,85.2388,85.8408,883003200,0.0111,0.4143,0.77,0.8229,1.3402,-0.4181,1.2332,1.2865,-1.4367,0.768,0.1845,0.4222,-1.7783,AAPL
2020-06-26,9.2689,9.6103,9.0945,9.1244,2191104000,-0.0115,0.1768,0.0912,0.3383,0.5487,-0.5046,-1.0904,-0.5796,-1.2741,0.5887,0.1845,0.4222,0.4076,NVDA
2020-06-26,187.2757,195.0809,186.4053,187.7922,182956600,0.006,0.439,0.4308,0.311,1.3402,-0.7596,0.2823,0.6602,-0.6308,0.768,0.1845,0.4222,-0.7619,MSFT
2020-06-26,49.8782,50.1711,46.1496,47.3307,90394500,-0.0471,-0.1971,-0.0848,0.431,0.5487,0.1972,-0.9661,-0.9078,0.9375,-0.7529,0.1845,0.4222,-0.402,MU
2020-07-03,9.1391,9.705,8.8703,9.5801,1400844000,0.0487,0.3408,0.4833,0.2432,0.5487,0.2506,-1.1657,-1.46,-0.6893,0.768,-0.2396,1.3983,0.5218,NVDA
2020-07-03,50.15,53.19,48.42,52.34,153633800,0.0437,-0.6054,-0.3245,-0.645,-0.2429,0.3495,-0.9057,-1.7468,0.3043,0.2235,-0.2396,1.3983,-0.275,AMD
2020-07-03,85.7485,89.9286,85.2703,88.3847,495648000,0.0292,0.3815,0.6562,0.7733,1.3402,-0.599,0.1771,-1.0075,-1.3061,0.768,-0.2396,1.3983,0.4894,AAPL
2020-07-03,67.4474,73.6435,66.8927,72.7372,149738000,0.0742,0.153,-0.0296,0.0472,0.5487,0.3908,0.3502,-0.5405,1.9504,0.768,-0.2396,1.3983,-0.9539,GOOG
2020-07-03,47.5259,51.2155,46.4424,48.6386,116299100,0.0273,-0.4022,-0.8749,0.5489,0.5487,0.5222,-0.6589,0.0375,-0.8764,-0.3632,-0.2396,1.3983,-0.2641,MU
2020-07-03,346.1965,358.5495,341.5988,356.0121,2257400,0.0312,0.3018,0.2031,0.9512,1.3402,-0.7246,-1.2173,-1.4812,-1.6463,0.768,-0.2396,1.3983,0.7957,ASML
2020-07-03,187.2661,198.9739,185.1331,197.2904,122388900,0.0493,0.5774,0.6846,0.6528,1.3402,-0.1683,-0.3397,-1.5092,0.122,0.768,-0.2396,1.3983,-0.6344,MSFT
2020-07-10,368.47,380.7847,364.2633,377.5987,3074500,0.0589,1.029,1.1027,1.1624,1.3402,-0.8199,-1.0004,-0.2698,-1.7172,0.768,-0.3054,0.4261,1.6543,ASML
2020-07-10,52.9,58.15,52.07,55.88,251586800,0.0654,1.278,0.2005,0.0485,0.5487,0.7856,-0.965,0.0376,0.8544,0.768,-0.3054,0.4261,1.4139,AMD
2020-07-10,89.8145,93.5211,89.7829,93.1352,564072000,0.0524,0.9183,0.9332,1.1969,2.1317,-0.9091,-1.1152,-0.4253,-0.4993,0.768,-0.3054,0.4261,-0.1435,AAPL
2020-07-10,73.5,76.6668,73.1425,76.563,151030000,0.0513,1.4905,0.595,0.3399,0.5487,-0.7637,-0.5212,-0.4348,1.3986,0.768,-0.3054,0.4261,0.511,GOOG
2020-07-10,9.7092,10.6196,9.68,10.4442,2031396000,0.0864,1.6154,1.2531,1.0332,1.3402,0.3206,-0.9104,-0.5127,0.1797,0.768,-0.3054,0.4261,0.6594,NVDA
2020-07-10,49.5366,50.2004,47.5649,49.4878,88070300,0.0173,0.4368,0.1726,0.1914,0.5487,-0.5854,-0.3146,-0.8682,-1.7402,-0.1102,-0.3054,0.4261,-0.0487,MU
2020-07-10,199.7487,206.9703,198.9452,204.3782,158397600,0.0353,0.9584,0.9783,0.9339,2.1317,-0.9306,-0.765,-0.0277,-0.1885,0.768,-0.3054,0.4261,0.6872,MSFT
2020-07-17,56.68,58.35,52.26,55.04,226589700,-0.0151,0.5114,-0.0595,0.0328,0.5487,0.831,-0.2003,-0.372,1.1378,0.5331,-0.4486,0.3343,0.6985,AMD
2020-07-17,76.9733,78.3206,73.6709,75.2624,160362000,-0.0171,0.3008,0.3217,0.1582,-0.2429,-0.375,-0.4548,-0.0924,1.1583,0.5026,-0.4486,0.3343,0.0548,GOOG
2020-07-17,94.4411,97.053,91.152,93.5308,718600800,0.0042,0.5933,0.6842,0.9097,2.1317,-0.3426,-0.5071,0.4214,0.0797,0.768,-0.4486,0.3343,-0.1839,AAPL
2020-07-17,205.153,206.4156,192.6322,194.0574,169482800,-0.0518,-0.3586,0.1581,0.3739,1.3402,-0.1468,-0.1194,0.3012,1.8488,-0.0209,-0.4486,0.3343,-0.3279,MSFT
2020-07-17,10.5596,10.7562,9.7528,10.1674,2014984000,-0.0269,0.6311,0.6822,0.7858,0.5487,0.5359,-0.1207,-0.3472,1.0743,0.3539,-0.4486,0.3343,0.9722,NVDA
2020-07-17,379.5161,384.2951,355.3349,365.904,6893600,-0.0315,0.2133,0.3644,0.3034,0.5487,0.0536,1.5867,2.2696,-0.7112,0.2842,-0.4486,0.3343,-0.8989,ASML
2020-07-17,50.0832,51.03,46.8036,48.2872,85680800,-0.0246,-0.2379,-0.4396,-0.8728,-0.2429,0.2605,-0.6056,-0.9577,-1.4444,0.35,-0.4486,0.3343,1.0349,MU
2020-07-24,55.23,69.94,54.83,69.4,537078300,0.2318,2.6776,2.7586,1.7501,0.5487,3.4737,1.9015,2.2797,1.6894,0.768,-0.4819,-0.2402,-0.2748,AMD
2020-07-24,366.2092,376.3586,349.8596,350.7276,5126100,-0.0424,-1.1047,-0.0468,0.2885,0.5487,-0.035,2.7727,0.8227,0.1255,-0.3437,-0.4819,-0.2402,-1.2221,ASML
2020-07-24,75.2481,78.8102,73.9142,75.0797,137542000,-0.0024,-0.3982,0.766,0.2749,-0.2429,-0.2903,-0.5331,-1.0225,0.3189,0.4653,-0.4819,-0.2402,-0.372,GOOG
2020-07-24,196.0852,204.6364,188.9209,192.5461,231764900,-0.0078,-0.92,0.0326,0.292,0.5487,0.1146,0.852,1.8237,1.4001,-0.1364,-0.4819,-0.2402,1.0543,MSFT
2020-07-24,48.4727,52.9041,48.3555,48.8241,104414900,0.0111,-0.3193,0.0876,-0.0356,0.5487,0.3995,-0.0891,-0.0004,-1.3694,0.519,-0.4819,-0.2402,0.3368,MU
2020-07-24,10.2399,10.5671,9.7443,10.1604,1814132000,-0.0007,-0.5022,0.7806,0.7698,-0.2429,0.0987,-0.0488,-0.6071,0.9416,0.3435,-0.4819,-0.2402,-1.0552,NVDA
2020-07-24,93.6182,96.3685,86.5569,89.9261,665196000,-0.0393,-0.6,0.2274,0.442,1.3402,0.7931,0.0481,-0.0465,1.8284,0.1659,-0.4819,-0.2402,-0.3158,AAPL
2020-07-31,10.1981,10.7305,10.1751,10.5793,1543236000,0.0404,0.3735,0.705,0.8024,-0.2429,-0.6041,-0.4483,-1.0843,0.8203,0.768,-0.5918,0.1394,-0.825,NVDA
2020-07-31,192.7087,196.1809,190.3557,196.0948,149168500,0.0183,-0.0075,-0.2489,0.1355,0.5487,-1.1666,0.654,-0.6988,0.6861,0.1348,-0.5918,0.1394,1.3294,MSFT
2020-07-31,49.3902,50.4737,47.9358,48.8631,81398400,0.0008,0.0108,-0.1521,-0.3587,0.5487,-0.6179,-0.0906,-1.1606,-1.1263,0.5708,-0.5918,0.1394,0.1246,MU
2020-07-31,69.28,78.96,67.02,77.43,486977700,0.1095,4.3003,3.3543,2.4845,0.5487,1.906,3.1333,1.3551,1.1712,0.768,-0.5918,0.1394,-1.1285,AMD
2020-07-31,75.2649,76.5248,72.2074,73.644,183320000,-0.0193,-0.4265,-0.0816,0.0273,-1.0344,-0.4528,-0.136,0.7299,-0.3147,0.1724,-0.5918,0.1394,1.3894,GOOG
2020-07-31,360.5622,366.0948,334.5686,337.4112,4994300,-0.0387,-1.199,-0.6801,-0.3908,-0.2429,0.4063,1.0927,0.6105,0.2122,-0.8946,-0.5918,0.1394,-1.3728,ASML
2020-07-31,90.9893,103.3255,90.5403,103.175,847635600,0.1374,1.1342,1.208,1.2513,1.3402,1.1586,0.4472,0.9777,2.0119,0.768,-0.5918,0.1394,-2.1385,AAPL
2020-08-07,344.3746,356.0026,343.23,349.1918,3261700,0.0343,-0.2007,-0.9025,-0.1512,-0.2429,-0.997,-0.1806,-0.4315,-0.6356,-0.4072,-0.7711,-0.2081,1.3985,ASML
2020-08-07,105.0586,111.0908,104.7601,108.0811,1003474000,0.0465,2.2507,1.1546,1.5218,1.3402,-0.4541,1.5231,1.6011,1.3488,0.768,-0.7711,-0.2081,-0.2057,AAPL
2020-08-07,49.1852,50.2492,46.9012,47.5844,89937200,-0.0265,-0.4784,-0.5492,-0.2009,0.5487,-0.1633,-0.4877,-0.3135,-0.8838,0.1671,-0.7711,-0.2081,0.0714,MU
2020-08-07,10.6966,11.4663,10.6794,11.1621,1559812000,0.0536,1.0806,0.4084,1.3012,0.5487,-0.1599,-0.5414,-0.9003,-0.0715,0.768,-0.7711,-0.2081,-0.4955,NVDA
2020-08-07,73.8268,75.3268,72.4368,74.2166,195728000,0.0077,-0.2941,-0.4759,0.4806,-0.2429,-0.9387,0.8433,1.029,-1.2798,0.2892,-0.7711,-0.2081,0.3339,GOOG
2020-08-07,202.3216,208.1755,201.1643,203.2399,217546700,0.0358,0.5602,-0.2445,0.3633,0.5487,-1.0483,0.2471,1.2551,0.5238,0.681,-0.7711,-0.2081,-0.0595,MSFT
2020-08-07,78.19,87.29,77.06,84.85,384452400,0.0915,2.4734,3.5904,3.7915,1.3402,1.0758,1.4616,0.5308,0.8758,0.768,-0.7711,-0.2081,1.8006,AMD
2020-08-14,109.528,112.8766,106.1308,111.7726,941551200,0.0336,0.8986,1.4205,1.5554,1.3402,-0.4102,1.198,1.023,0.9466,0.768,-0.8319,-0.523,-0.0064,AAPL
2020-08-14,11.2964,11.6826,10.7597,11.5254,1987616000,0.032,0.9717,0.942,1.1733,0.5487,0.0766,-0.1566,0.644,-1.0707,0.768,-0.8319,-0.523,0.9778,NVDA
2020-08-14,85.05,85.16,76.1,81.3,336724400,-0.0427,0.4915,3.3404,3.1295,0.5487,0.8506,-0.1499,0.0875,1.0011,0.1144,-0.8319,-0.523,0.1418,AMD
2020-08-14,73.8536,76.3401,73.1534,74.8741,139814000,0.0088,0.0722,-0.2407,-0.0202,-0.2429,-0.8493,0.2006,-0.9695,-1.2375,0.4234,-0.8319,-0.523,-1.0624,GOOG
2020-08-14,347.9422,360.7052,342.9629,353.9898,2754900,0.0136,0.481,-0.4938,-0.2855,-0.2429,-0.6627,-1.6224,-0.6826,-0.3079,-0.2087,-0.8319,-0.523,0.5331,ASML
2020-08-14,47.682,48.5508,44.2169,44.5098,113809900,-0.0668,-1.3584,-0.9319,-0.921,-0.2429,0.5033,0.4357,1.3777,-0.2541,-0.8034,-0.8319,-0.523,0.4593,MU
2020-08-14,202.4652,202.6661,194.3061,199.8156,141723900,-0.017,0.1012,0.0711,-0.1445,-0.2429,-0.8672,0.0385,-0.7797,-0.5678,0.4192,-0.8319,-0.523,-1.2094,MSFT
2020-08-21,44.8026,44.8416,41.2399,41.64,94799500,-0.0666,-1.8809,-1.6359,-1.5637,-1.0344,0.235,0.5025,-0.1195,-0.0627,-1.5412,-0.8313,-0.4206,-0.0931,MU
2020-08-21,112.8961,121.4608,110.8534,120.9769,835695200,0.0791,1.324,2.4935,1.7604,1.3402,0.2643,0.3242,0.4731,0.0224,0.768,-0.8313,-0.4206,1.4668,AAPL
2020-08-21,200.4852,207.346,199.8347,204.249,132379400,0.0219,-0.079,0.3407,-0.2467,-0.2429,-0.9921,-1.1117,-0.8158,-0.8152,0.768,-0.8313,-0.4206,0.4521,MSFT
2020-08-21,82.09,84.41,79.12,83.81,191157300,0.0304,-0.3041,1.5155,2.8612,0.5487,-0.342,-1.4094,-0.9121,-0.6192,0.5765,-0.8313,-0.4206,1.6882,AMD
2020-08-21,359.2935,366.276,348.6863,354.9629,2352700,0.0027,0.0699,-0.0851,-0.7151,-0.2429,-0.6767,-2.0812,-0.883,-0.861,0.3009,-0.8313,-0.4206,-1.1467,ASML
2020-08-21,11.8116,12.7659,11.7778,12.6411,3668628000,0.0924,1.4766,1.7854,1.2196,0.5487,0.0296,1.81,2.4148,-0.9548,0.768,-0.8313,-0.4206,-2.1419,NVDA
2020-08-21,75.2188,79.343,74.886,78.4839,164388000,0.0471,0.5844,0.2079,-0.0522,-0.2429,-0.4982,-0.3744,0.2425,-0.5143,0.768,-0.8313,-0.4206,1.3933,GOOG
2020-08-28,362.718,368.966,356.0312,361.974,2512800,0.0196,0.1469,0.4428,-0.3245,0.5487,-1.0178,-1.6038,-0.8208,-1.6813,0.768,-0.7452,-1.0147,0.8641,ASML
2020-08-28,125.1864,125.2715,119.6954,121.4025,1063638000,0.0035,0.9325,1.2801,1.7548,1.3402,-0.7662,0.3235,1.421,-0.6316,0.768,-0.7452,-1.0147,0.5671,AAPL
2020-08-28,84.55,87.72,82.35,85.55,217345300,0.0205,0.5199,0.7097,3.1345,1.3402,-0.3506,-2.2624,-0.8377,-1.1792,0.768,-0.7452,-1.0147,0.8615,AMD
2020-08-28,79.1573,82.3971,78.4914,81.6617,220220000,0.0397,0.9863,0.7424,0.3828,0.5487,-0.7193,0.5574,1.851,-0.6643,0.768,-0.7452,-1.0147,1.2019,GOOG
2020-08-28,205.9461,221.6325,203.6833,219.4847,171999700,0.0719,1.0789,0.8271,0.7007,0.5487,0.1186,-0.667,0.0484,0.2429,0.768,-0.7452,-1.0147,0.6961,MSFT
2020-08-28,42.089,44.7245,41.8645,44.5976,79062100,0.0686,-0.1178,-1.0215,-0.8504,-0.2429,-0.3171,-0.3973,-1.0957,1.8408,-0.5957,-0.7452,-1.0147,-0.4244,MU
2020-08-28,12.8407,13.1041,12.4657,13.1038,1955648000,0.0359,1.5276,1.7451,1.7004,1.3402,-0.6974,1.8034,-0.1404,-0.872,0.768,-0.7452,-1.0147,1.8069,NVDA
2020-09-04,358.5877,382.6543,336.5908,350.4795,4536900,-0.0323,-0.309,-0.1605,-0.2473,0.5487,1.344,0.1793,0.3439,-0.8918,0.2719,-0.1874,-0.6362,0.8395,ASML
2020-09-04,81.8345,86.07,76.8547,79.0113,237526000,-0.033,-0.0563,0.3733,0.1489,0.5487,0.9788,1.055,1.6575,0.3012,0.261,-0.1874,-0.6362,0.037,GOOG
2020-09-04,13.1387,14.6819,11.6691,12.5841,4294980000,-0.0405,-0.2024,0.8926,1.3959,1.3402,4.009,1.2942,1.9524,0.952,0.1484,-0.1874,-0.6362,-0.0838,NVDA
2020-09-04,85.05,94.28,76.33,82.01,366578900,-0.0423,-0.4262,-0.5023,1.0362,0.5487,3.5021,-0.6193,0.2222,-1.412,0.1216,-0.1874,-0.6362,0.5685,AMD
2020-09-04,124.0993,134.2156,107.8647,117.6599,1167976600,-0.0313,-0.5055,0.5755,1.816,1.3402,3.6276,0.7357,1.5999,-0.2187,0.2864,-0.1874,-0.6362,-0.601,AAPL
2020-09-04,44.2657,47.0378,43.8167,45.3687,93199100,0.0171,0.9731,-0.6259,-0.8038,-0.2429,-0.1475,-0.3445,0.0716,1.4012,-0.3492,-0.1874,-0.6362,0.5462,MU
2020-09-04,217.6534,223.2721,196.7414,205.4283,206644900,-0.0662,-0.0686,-0.0968,0.2539,0.5487,1.2877,0.5882,0.8367,1.5125,-0.2325,-0.1874,-0.6362,0.8759,MSFT
2020-09-11,76.1544,78.6657,74.3591,75.5192,152026000,-0.0452,-1.1616,-0.1161,-0.0494,0.5487,-0.4923,0.2686,-0.7027,1.2428,-0.407,-0.4038,0.053,-0.1416,GOOG
2020-09-11,43.9143,45.3687,43.3873,44.988,70532900,-0.0084,-0.03,-0.097,-0.8744,-1.0344,-0.8127,-0.4934,-1.4487,0.7277,-0.0844,-0.4038,0.053,-1.6287,MU
2020-09-11,78.05,83.31,75.04,76.34,215382000,-0.0716,-1.6265,-0.7642,-0.3504,-0.2429,0.7739,0.0955,-0.9694,-0.9638,-0.9138,-0.4038,0.053,-0.7812,AMD
2020-09-11,197.9974,205.9941,192.954,195.6291,167684900,-0.0489,-1.6416,-0.3857,-0.2601,-0.2429,-0.2546,0.419,-0.2307,1.3817,-0.9299,-0.4038,0.053,0.8597,MSFT
2020-09-11,329.4462,350.222,327.424,342.6672,3745600,-0.0225,-0.8572,-0.4884,-0.1235,0.5487,-0.2577,1.5411,0.1135,-0.6945,-0.0652,-0.4038,0.053,0.4304,ASML
2020-09-11,110.8412,117.2125,106.999,108.9444,771441800,-0.077,-1.5532,-0.4261,0.1747,0.5487,0.414,0.022,-0.8399,0.4352,-0.8351,-0.4038,0.053,0.6852,AAPL
2020-09-11,11.6988,13.0255,11.6686,12.1275,2867540000,-0.037,-1.1516,0.2675,0.8037,0.5487,0.8615,1.6403,0.4354,1.3011,-0.3959,-0.4038,0.053,0.1165,NVDA
2020-09-18,13.0412,13.2745,11.9523,12.1522,3976656000,0.002,-0.5982,-0.5513,0.4087,0.5487,0.7856,0.4876,1.1678,-0.2624,-0.3665,-0.4568,-0.204,0.5418,NVDA
2020-09-18,195.8305,201.9766,188.1695,192.139,167764400,-0.018,-1.0142,-0.7476,-0.6719,-1.0344,-0.1262,0.0869,-0.0189,0.9856,-1.1783,-0.4568,-0.204,-0.1967,MSFT
2020-09-18,76.8,80.33,73.85,74.93,250418600,-0.0186,-1.319,-1.2086,-1.1937,-1.0344,0.2346,-0.6063,-0.5109,-0.9939,-1.1712,-0.4568,-0.204,-1.3524,AMD
2020-09-18,111.5902,115.5881,103.1956,103.9252,944587000,-0.0472,-1.7596,-1.5704,-0.542,-0.2429,1.0432,-0.5359,0.0168,-1.1251,-1.4809,-0.4568,-0.204,0.1466,AAPL
2020-09-18,47.194,50.9227,47.1452,49.5269,110819500,0.0961,0.9982,1.3777,0.0644,-0.2429,-0.0173,-0.1781,1.3346,0.2107,0.768,-0.4568,-0.204,-0.5692,MU
2020-09-18,76.4272,77.6685,71.3681,72.5033,186462000,-0.0408,-1.2627,-0.912,-0.4207,-0.2429,0.2449,-0.4128,0.0828,0.7528,-0.984,-0.4568,-0.204,-2.3026,GOOG
2020-09-18,352.7212,357.4811,338.7657,349.4493,4079900,0.0196,-0.1818,-0.3357,-0.2362,0.5487,-0.5779,0.9049,0.6143,-0.2606,0.2274,-0.4568,-0.204,-0.2768,ASML
2020-09-25,189.0708,200.4328,188.2941,199.2631,164800400,0.0364,0.0961,-1.0696,-0.2631,-0.2429,-0.3963,-0.0793,-0.1947,0.0321,-0.6713,-0.4166,0.9347,-1.9268,MSFT
2020-09-25,48.4239,50.3761,46.6376,47.9651,82878100,-0.032,0.6908,0.4657,0.3305,-0.2429,0.0238,0.4809,-0.5813,0.4302,0.2754,-0.4166,0.9347,0.1759,MU
2020-09-25,74.23,78.79,73.88,78.06,265431300,0.0409,0.1466,-1.024,-0.5532,-0.2429,-0.3473,0.134,-0.143,-0.5606,-0.5997,-0.4166,0.9347,-0.7106,AMD
2020-09-25,338.9278,349.6782,334.9025,343.8595,3831400,-0.0161,-0.0983,-0.659,-0.4641,-0.2429,-0.8392,0.6548,0.6129,-0.5121,-0.0138,-0.4166,0.9347,1.2495,ASML
2020-09-25,11.8887,12.8443,11.8683,12.8346,3333764000,0.0546,0.5943,-0.382,0.5818,0.5487,-0.0229,0.468,0.4119,0.2926,0.447,-0.4166,0.9347,-0.2503,NVDA
2020-09-25,101.6879,109.7809,100.2872,109.2168,847212600,0.0497,-0.111,-1.1522,-0.4189,-0.2429,0.2456,-0.2461,-0.7462,0.0139,-0.8,-0.4166,0.9347,0.169,AAPL
2020-09-25,71.5136,72.9766,69.8495,71.757,178052000,-0.0103,-0.8089,-1.3654,-0.5674,-1.0344,-0.8242,-0.2164,-0.1558,-0.7874,-1.1267,-0.4166,0.9347,0.2227,GOOG
2020-10-02,79.12,85.25,77.52,81.8,266140300,0.0468,0.9986,-0.2171,-0.4277,-0.2429,0.4325,0.0352,0.0776,-0.134,0.0832,-0.1899,0.1265,-0.1066,AMD
2020-10-02,73.2095,74.4426,71.9725,72.4254,155026000,0.0093,-0.1575,-0.9824,-0.8569,-1.0344,-1.058,-0.6113,-0.684,-0.2174,-0.9989,-0.1899,0.1265,0.8393,GOOG
2020-10-02,13.0006,13.7209,12.7112,13.0225,2961952000,0.0145,0.7571,0.1164,-0.0143,0.5487,0.0138,-0.1449,-0.1647,-0.1287,0.671,-0.1899,0.1265,-0.2491,NVDA
2020-10-02,48.4532,50.1516,45.3882,45.437,154710700,-0.0541,-1.2657,-0.1802,0.4262,-0.2429,0.6876,1.0659,2.133,0.8723,-0.522,-0.1899,0.1265,-0.2194,MU
2020-10-02,349.0297,365.0073,347.5512,352.9406,3901700,0.0261,-0.0141,-0.1305,-0.2856,-0.2429,-0.6791,0.1275,0.5879,-0.1382,0.3781,-0.1899,0.1265,-1.5078,ASML
2020-10-02,202.1971,205.1791,197.077,197.7002,150369100,-0.0079,0.228,-0.5413,-0.4913,-1.0344,-0.8883,-0.4346,-0.5309,-0.4848,-0.7825,-0.1899,0.1265,-0.0858,MSFT
2020-10-02,111.8723,114.5083,109.1584,109.9366,640562200,0.0066,0.5886,-0.809,-0.9745,-0.2429,-0.6987,-0.9441,-1.5698,0.3066,-0.7074,-0.1899,0.1265,-0.7743,AAPL
2020-10-09,82.55,88.72,82.35,83.1,277422700,0.0158,0.6711,0.5749,-0.4643,-0.2429,-0.0079,-0.0432,0.438,-1.4009,0.768,-0.5629,-0.6075,0.1449,AMD
2020-10-09,13.1957,14.099,13.1825,13.7209,2408116000,0.0522,0.7259,0.9246,0.1104,0.5487,-0.2513,-0.9926,-0.9654,-0.8963,0.768,-0.5629,-0.6075,-2.077,NVDA
2020-10-09,110.8023,113.808,109.1876,113.7788,548575100,0.0344,0.3893,0.1995,-0.7384,-0.2429,-0.8975,-1.4467,-1.4719,-0.3877,0.2527,-0.5629,-0.6075,-0.2793,AAPL
2020-10-09,72.8122,75.3106,71.312,75.2461,134560000,0.0382,0.4746,-0.2267,-0.8682,-1.0344,-0.5882,-0.8852,-1.2405,0.1674,0.0235,-0.5629,-0.6075,-0.4518,GOOG
2020-10-09,45.8665,49.3902,45.8568,48.6972,77252600,0.0693,0.0537,0.5239,0.4314,-0.2429,-0.109,0.9355,-0.6491,1.0864,0.5063,-0.5629,-0.6075,-0.6249,MU
2020-10-09,357.8531,371.9993,351.5669,371.0549,3113400,0.0501,0.8475,0.5273,-0.0522,-0.2429,-0.5407,-0.4965,-0.4874,0.5344,0.768,-0.5629,-0.6075,-0.758,ASML
2020-10-09,198.6878,206.9721,196.3866,206.9241,121950800,0.0456,0.3477,0.3147,-0.693,-1.0344,-0.6372,-0.8754,-1.4717,-0.7845,0.768,-0.5629,-0.6075,-1.7214,MSFT
2020-10-16,13.9469,14.3048,13.7259,13.7695,1565064000,0.0035,0.5827,0.9382,0.4473,1.3402,-0.862,-1.5958,-1.4341,-0.9203,0.768,-0.0825,-0.3324,0.8297,NVDA
2020-10-16,49.3707,51.4888,48.8826,50.3761,79413600,0.0339,1.2,-0.0398,0.5596,-0.2429,-0.6229,-0.9683,-0.4838,-0.4387,0.768,-0.0825,-0.3324,-1.8891,MU
2020-10-16,377.1981,390.2474,363.1663,369.0614,4203700,-0.0054,0.438,0.3009,0.1536,-0.2429,-0.0888,-0.2204,0.7706,1.057,0.684,-0.0825,-0.3324,2.3544,ASML
2020-10-16,83.65,86.09,82.41,83.17,196007500,0.0008,0.0727,0.7514,-0.1343,0.5487,-0.8077,-0.1887,-1.1372,-1.5777,0.768,-0.0825,-0.3324,-0.0133,AMD
2020-10-16,116.7845,121.9691,114.9266,115.7729,881222300,0.0174,0.53,0.7843,-0.3656,0.5487,-0.3984,-0.3975,0.1501,-1.4986,0.768,-0.0825,-0.3324,-0.4108,AAPL
2020-10-16,209.7814,215.937,207.1159,210.6156,141624900,0.0177,0.6804,0.638,-0.051,-0.2429,-0.8661,-0.7152,-0.7858,-1.2829,0.768,-0.0825,-0.3324,3.1658,MSFT
2020-10-16,76.6256,79.1514,76.1077,78.1159,179752000,0.0374,0.8413,0.4817,-0.3291,-0.2429,-0.9381,-0.2369,0.0151,-0.601,0.768,-0.0825,-0.3324,-1.5394,GOOG
2020-10-23,374.1075,374.1838,356.8897,361.1059,2187900,-0.0218,-0.4974,0.2495,0.1594,-0.2429,-0.7178,-0.5347,-2.0637,1.4586,0.3491,0.0026,-1.1949,1.3701,ASML
2020-10-23,83.62,84.65,78.42,81.96,195899400,-0.0147,-0.3234,0.2479,0.3019,0.5487,-0.0237,-1.0019,-1.0321,-0.9658,0.5407,0.0026,-1.1949,-0.0275,AMD
2020-10-23,50.7275,53.5386,50.0735,51.5864,85460100,0.0237,0.6069,0.4656,0.8059,0.5487,-0.2419,-0.8583,-0.2947,-0.8052,0.768,0.0026,-1.1949,-0.5068,MU
2020-10-23,211.3443,213.1469,202.9833,207.3268,114335300,-0.0157,-0.1182,0.1656,0.2027,-0.2429,-0.6899,-0.5737,-1.3585,-0.9137,0.524,0.0026,-1.1949,0.6298,MSFT
2020-10-23,78.4859,81.5599,75.765,81.4923,184530000,0.0423,0.8947,0.9588,0.3409,0.5487,-0.1448,0.3731,0.3172,-1.1569,0.768,0.0026,-1.1949,-0.0513,GOOG
2020-10-23,13.8607,13.9409,13.1915,13.5489,1270840000,-0.0161,-0.3077,0.2969,0.6066,1.3402,-0.5345,-2.3706,-1.4641,-0.7598,0.5177,0.0026,-1.1949,-1.6488,NVDA
2020-10-23,116.6872,117.1347,111.1622,111.9015,519569600,-0.034,-0.3601,0.0262,-0.0368,0.5487,-0.5825,-0.2231,-1.2325,-0.8682,0.2456,0.0026,-1.1949,1.0612,AAPL
2020-10-30,205.0448,207.4323,191.4007,194.1333,193393800,-0.0658,-1.2045,-0.3588,-0.1628,-0.2429,0.1384,0.2074,1.6216,0.3123,-0.4545,2.0832,-0.5504,0.3842,MSFT
2020-10-30,13.3861,13.6511,12.2626,12.4959,1700836000,-0.0809,-1.4072,-0.5679,-0.0284,0.5487,0.8427,-1.7171,-0.8393,0.9726,-0.6769,2.0832,-0.5504,-0.8968,NVDA
2020-10-30,110.8996,114.0803,104.7812,105.8901,684467100,-0.0552,-1.3052,-0.5336,-0.0985,0.5487,0.2677,-0.6554,-0.2594,-0.0726,-0.5655,2.0832,-0.5504,1.2735,AAPL
2020-10-30,51.1472,51.6255,48.1213,49.1364,64483800,-0.0487,-0.4679,0.5153,-0.3025,-0.2429,-0.1397,-0.9157,-0.8793,-0.8365,0.0261,2.0832,-0.5504,-0.0255,MU
2020-10-30,82.55,84.97,74.23,75.29,406756200,-0.0849,-1.4395,-0.9452,-0.2052,0.5487,1.6208,0.6423,2.2586,0.3581,-0.7121,2.0832,-0.5504,-0.9431,AMD
2020-10-30,80.6983,83.7767,75.2163,80.4996,224970000,-0.0123,0.2478,0.7638,0.559,0.5487,0.7248,0.8398,1.9102,-0.2335,0.5777,2.0832,-0.5504,1.2865,GOOG
2020-10-30,354.4191,357.5956,340.9024,344.5558,4452100,-0.0469,-1.0381,-0.4117,-0.3498,-1.0344,-0.704,-0.4358,1.114,1.8554,-0.3476,2.0832,-0.5504,1.2461,ASML
2020-11-06,349.024,390.2196,346.381,389.0131,5984400,0.1214,0.8257,0.2344,0.7027,-0.2429,0.8815,1.628,1.927,2.082,0.768,-0.5104,-0.1544,0.6466,ASML
2020-11-06,49.5757,54.0852,48.2579,53.8412,68383300,0.0914,0.4135,0.7159,0.6428,0.5487,0.7714,-1.3031,-0.728,-0.0351,0.768,-0.5104,-0.1544,-1.3662,MU
2020-11-06,106.1332,116.3565,104.3921,115.6511,609571800,0.0882,0.2856,-0.046,0.1964,0.5487,0.6535,-0.0116,-0.5988,1.2396,0.7515,-0.5104,-0.1544,-0.4658,AAPL
2020-11-06,80.8547,89.0724,80.2523,87.4888,229894000,0.0833,0.7809,1.1719,1.2756,1.3402,0.5884,1.1973,1.4997,1.0865,0.768,-0.5104,-0.1544,-1.3508,GOOG
2020-11-06,12.6192,14.5444,12.3573,14.5177,1685156000,0.15,0.7557,0.3176,0.7015,0.5487,1.8183,-0.6559,-0.6753,2.0052,0.768,-0.5104,-0.1544,1.2682,NVDA
2020-11-06,195.8784,215.1221,191.8801,214.5085,161978000,0.0998,0.2998,0.1323,0.3225,-0.2429,0.7744,1.0704,0.4298,1.449,0.768,-0.5104,-0.1544,-2.341,MSFT
2020-11-06,75.85,86.09,73.76,85.88,253944400,0.1316,0.4648,0.1043,0.489,0.5487,1.6436,1.2549,-0.1209,1.8688,0.768,-0.5104,-0.1544,-0.1569,AMD
2020-11-13,14.5082,14.6468,12.5898,13.2565,2343912000,-0.0909,0.6259,-0.5378,-0.1055,-0.2429,1.9298,0.5212,0.296,1.5462,-0.5891,-0.7914,-0.5507,-1.5175,NVDA
2020-11-13,117.4147,118.8665,111.2078,116.2065,589577900,0.0048,1.0669,-0.16,0.1827,0.5487,-0.2732,-0.3304,-0.5429,0.9151,0.768,-0.7914,-0.5507,0.6329,AAPL
2020-11-13,84.24,87.05,77.63,81.43,237995000,-0.0532,0.8772,-0.3854,-0.2766,-0.2429,0.9553,-0.3166,-0.3422,1.3879,-0.0415,-0.7914,-0.5507,-0.8316,AMD
2020-11-13,215.1988,218.7272,201.0849,207.5952,158095900,-0.0328,0.7294,-0.3247,0.132,-0.2429,0.1977,0.3946,0.331,1.3409,0.2645,-0.7914,-0.5507,-0.2063,MSFT
2020-11-13,399.3552,403.5111,381.1034,401.797,4913600,0.0323,1.8575,0.5761,0.7506,-0.2429,-0.5234,1.6397,0.789,1.3723,0.768,-0.7914,-0.5507,-0.1537,ASML
2020-11-13,55.1199,56.7987,53.0603,56.545,78340500,0.049,1.6849,0.8528,1.4324,1.3402,-0.268,-0.1609,-0.252,-0.0519,0.768,-0.7914,-0.5507,0.0356,MU
2020-11-13,88.9364,90.2852,85.2814,88.2471,178316000,0.0086,1.0528,0.911,1.2707,1.3402,-0.5003,0.4186,-0.1184,1.2668,0.768,-0.7914,-0.5507,-0.7572,GOOG
2020-11-20,402.1418,410.2334,399.1923,405.6273,3013600,0.0095,0.401,0.8595,0.4401,-0.2429,-1.228,-0.2148,-0.7801,0.9025,0.768,-0.6307,0.1581,-0.0184,ASML
2020-11-20,58.2921,61.1423,58.1848,59.932,94674600,0.0582,1.2518,1.1647,1.3473,1.3402,-0.6818,0.5271,0.2799,0.0559,0.768,-0.6307,0.1581,1.0812,MU
2020-11-20,87.9829,89.3421,86.2599,86.5174,142616000,-0.0198,-0.2889,0.3483,0.8267,0.5487,-1.0205,-0.8221,-1.0156,1.2881,0.4618,-0.6307,0.1581,0.5474,GOOG
2020-11-20,115.8752,117.8922,113.8192,114.3356,389493400,-0.0162,-0.2924,0.0011,-0.2045,-0.2429,-1.0206,-1.0575,-1.536,0.6923,0.5165,-0.6307,0.1581,-0.4486,AAPL
2020-11-20,81.21,86.1,80.48,84.64,183207500,0.0387,-0.3329,0.0977,-0.1013,-0.2429,-0.261,-0.7548,-0.9464,1.0813,0.5424,-0.6307,0.1581,-0.5401,AMD
2020-11-20,206.0228,208.7747,201.8132,202.2554,125116000,-0.0261,-0.9093,-0.4182,-0.4166,-1.0344,-1.0503,-0.2716,-0.7817,1.052,-0.1244,-0.6307,0.1581,-1.5403,MSFT
2020-11-20,13.1324,13.608,13.0252,13.0479,2143752000,-0.0159,-1.5332,-0.5352,-0.6268,-1.0344,-0.7975,1.335,0.2829,1.1283,-0.8135,-0.6307,0.1581,-0.2381,NVDA
2020-11-27,409.8408,420.1158,402.9078,419.2061,1947100,0.0329,0.4087,1.5829,0.7334,0.5487,-0.8866,-1.779,-1.2648,-0.0571,0.768,-1.0948,-0.2532,0.2053,ASML
2020-11-27,86.8854,89.5869,85.3023,89.0501,113406000,0.0289,-0.0256,0.7207,0.761,0.5487,-0.7122,-1.4974,-1.4411,0.7628,0.768,-1.0948,-0.2532,-0.5175,GOOG
2020-11-27,114.1797,114.6085,109.7072,113.6048,365024000,-0.0064,-0.4383,0.4433,-0.3866,-1.0344,-0.835,-1.4895,-1.2584,0.0657,0.4182,-1.0948,-0.2532,-2.283,AAPL
2020-11-27,85.52,88.0,83.32,87.19,147411500,0.0297,0.7463,1.1357,0.1195,-0.2429,-0.575,-1.5988,-1.1095,0.389,0.768,-1.0948,-0.2532,-0.6166,AMD
2020-11-27,61.1131,63.2507,60.8105,62.6943,63206900,0.0451,1.2006,2.0139,1.4328,1.3402,-0.9391,0.2105,-1.2173,-1.9993,0.768,-1.0948,-0.2532,-1.5278,MU
2020-11-27,202.7937,207.9081,200.1116,206.9083,95188300,0.0227,-0.1867,0.3836,-0.3778,-1.0344,-0.9698,-1.1631,-1.3915,0.4152,0.2145,-1.0948,-0.2532,-0.3765,MSFT
2020-11-27,13.1312,13.3667,12.8458,13.2209,1135048000,0.0132,-0.1786,0.3172,-0.5531,-1.0344,-0.9273,-0.2345,-1.3537,0.6776,-0.6274,-1.0948,-0.2532,0.0315,NVDA
2020-12-04,113.9751,120.6107,113.8192,119.1199,543370600,0.0474,0.3902,0.0739,0.2367,-0.2429,-0.4926,-0.759,-0.1468,-0.8689,0.768,-1.0452,-0.8236,0.7472,AAPL
2020-12-04,205.822,208.9175,202.688,206.0719,137480700,-0.0041,0.0999,-0.5574,-0.2883,-1.0344,-1.1537,-1.0487,-0.0785,-1.0694,0.1536,-1.0452,-0.8236,1.2018,MSFT
2020-12-04,421.8586,444.8025,415.2799,444.6972,3583000,0.059,1.0538,1.0182,1.3522,1.3402,-0.2613,-1.6072,-0.1145,-1.2372,0.768,-1.0452,-0.8236,0.7717,ASML
2020-12-04,13.2246,13.6319,12.9328,13.521,1269024000,0.0224,0.3202,-0.8383,-0.2576,-0.2429,-0.6236,-1.5685,-0.8453,-0.5672,-0.3045,-1.0452,-0.8236,0.8196,NVDA
2020-12-04,88.4539,91.7322,87.1536,90.7783,147764000,0.0192,0.4824,0.1405,0.5842,0.5487,-0.6549,-1.287,-0.6632,-0.8684,0.768,-1.0452,-0.8236,0.0236,GOOG
2020-12-04,87.33,96.37,86.53,94.04,282485400,0.0756,1.2276,0.6285,0.8107,0.5487,0.6827,-0.7772,0.6,-0.295,0.768,-1.0452,-0.8236,-0.3841,AMD
2020-12-04,63.0164,72.6017,62.0599,71.5865,132155900,0.1326,2.17,2.3871,2.2664,1.3402,1.7346,0.8758,2.2561,-0.614,0.768,-1.0452,-0.8236,0.19,MU
2020-12-11,71.5377,72.8262,67.7407,68.8437,82191600,-0.0391,1.0747,1.5892,2.3398,1.3402,-0.0766,1.241,-0.0289,1.1206,0.1694,-0.5406,-0.2037,0.3678,MU
2020-12-11,444.86,451.0365,430.0748,433.4359,3291900,-0.0256,0.2911,0.4929,1.515,1.3402,-0.7062,-0.4941,-0.2462,-0.6289,0.3724,-0.5406,-0.2037,0.2354,ASML
2020-12-11,206.0815,208.5618,201.0249,205.0144,138057400,-0.0051,-0.2632,-0.3072,0.1756,-1.0344,-0.9924,0.0594,-0.0443,-1.2252,0.0766,-0.5406,-0.2037,-1.1353,MSFT
2020-12-11,90.3318,91.0902,86.4246,88.483,130166000,-0.0256,-0.2267,-0.1697,0.482,0.5487,-0.5984,-0.6105,-0.8868,-0.4392,0.373,-0.5406,-0.2037,0.1945,GOOG
2020-12-11,13.5639,13.6935,12.7878,12.9775,1313492000,-0.041,-0.3855,-0.3866,0.0477,-0.2429,-0.1772,-1.1418,-0.6407,-1.1527,-0.8893,-0.5406,-0.2037,0.0013,NVDA
2020-12-11,119.1784,122.7252,117.0737,119.2758,452278700,0.0013,0.4907,0.0423,0.6694,0.5487,-0.7304,0.0576,-0.5804,-1.0133,0.768,-0.5406,-0.2037,-0.7511,AAPL
2020-12-11,94.95,95.0,89.03,91.65,188066100,-0.0257,0.506,0.8774,1.2634,0.5487,-0.2921,0.4701,-0.5793,-0.819,0.3709,-0.5406,-0.2037,-0.6614,AMD
2020-12-18,204.8606,212.3494,204.0339,210.1383,186693000,0.0247,0.1109,0.1526,-0.3994,-1.0344,-0.9231,0.8219,1.2073,-1.2164,0.768,-0.8443,-0.8046,-1.7158,MSFT
2020-12-18,13.052,13.427,13.0346,13.2355,1259736000,0.0197,-0.4213,-0.0645,-0.9497,-0.2429,-1.168,-0.9732,-0.7589,-1.1349,0.4382,-0.8443,-0.8046,-0.0706,NVDA
2020-12-18,69.6929,72.5724,69.3317,69.7515,74901900,0.0131,-0.4816,1.1808,1.7401,1.3402,-0.7531,-0.5483,-0.2979,0.9566,0.3675,-0.8443,-0.8046,0.8957,MU
2020-12-18,119.4609,126.2622,118.4281,123.417,621538100,0.0341,0.3179,0.4986,0.2557,0.5487,-0.3331,0.4502,0.8204,-1.0926,0.768,-0.8443,-0.8046,-0.8198,AAPL
2020-12-18,92.21,97.98,91.85,95.92,224014900,0.0455,0.1142,0.9396,0.6045,0.5487,-0.3225,-0.1206,-0.1752,-0.9625,0.768,-0.8443,-0.8046,0.6763,AMD
2020-12-18,433.1582,460.9094,432.9954,457.0023,2918200,0.0529,0.2119,0.8866,0.9912,1.3402,-0.3923,-0.2848,-0.6358,-0.5667,0.768,-0.8443,-0.8046,-0.445,ASML
2020-12-18,88.1468,89.2587,85.4264,85.9622,204742000,-0.0289,-0.8532,-0.2522,-0.3766,-0.2429,-0.7995,0.4909,0.798,-0.4657,-0.0608,-0.8443,-0.8046,-0.2524,GOOG
2020-12-25,85.0932,86.8055,84.3726,86.3516,82914000,0.0045,-0.461,-0.4727,-0.4081,-0.2429,-1.2044,0.254,-1.4603,-1.015,0.0062,-0.8232,-0.5315,1.6772,GOOG
2020-12-25,440.7424,464.0502,439.9954,462.6042,1715200,0.0122,0.7044,0.6987,0.837,1.3402,-0.6164,-0.8246,-1.1814,-0.5181,0.768,-0.8232,-0.5315,0.8827,ASML
2020-12-25,68.3264,70.0638,67.9847,68.8925,37707100,-0.0124,-0.1343,0.6603,1.2702,0.5487,-1.1549,-1.5944,-1.5149,0.895,0.1801,-0.8232,-0.5315,0.3283,MU
2020-12-25,209.1386,216.9062,208.879,214.1375,89044300,0.0189,0.4233,0.1173,-0.0043,-0.2429,-0.9746,0.3678,-1.422,-0.9975,0.768,-0.8232,-0.5315,0.2166,MSFT
2020-12-25,13.0388,13.3332,12.9032,12.958,764940000,-0.0212,-0.163,-0.3758,-0.4162,-0.2429,-1.0806,-1.2104,-1.3559,-0.959,0.1176,-0.8232,-0.5315,1.6093,NVDA
2020-12-25,94.25,95.28,90.53,91.81,125466800,-0.0438,-0.1208,0.2739,0.6766,0.5487,-0.6229,-0.4735,-1.4808,-0.5179,0.0986,-0.8232,-0.5315,0.3459,AMD
2020-12-25,121.819,130.9686,120.2892,128.591,433310200,0.0411,0.8355,0.9288,0.5334,0.5487,0.1499,0.661,-0.6327,-1.0942,0.768,-0.8232,-0.5315,0.3004,AAPL
2021-01-01,70.0736,73.8706,67.4869,73.3825,52583400,0.0631,0.5172,0.0306,1.3082,0.5487,0.2472,-2.0387,-0.8358,-0.6065,0.768,-0.4939,0.1858,-0.5957,MU
2021-01-01,13.0266,13.1774,12.7282,13.0191,800756000,0.0047,-0.3581,-0.5366,-0.2588,0.5487,-1.0481,-1.4841,-0.9905,-0.8308,0.1881,-0.4939,0.1858,-0.3112,NVDA
2021-01-01,215.7718,218.3962,211.1862,213.8203,76551100,-0.0015,0.0826,0.1406,0.1838,-0.2429,-1.0675,-1.645,-1.3115,-0.8022,0.7448,-0.4939,0.1858,-1.8059,MSFT
2021-01-01,466.4825,471.7684,458.1418,467.0379,1521100,0.0095,0.1393,0.2502,0.8374,1.3402,-1.1797,-1.848,-1.1805,-0.6597,0.768,-0.4939,0.1858,2.0326,ASML
2021-01-01,130.5593,135.2364,128.3475,129.2926,441102200,0.0054,0.462,0.5486,0.6993,1.3402,-0.5847,-0.4363,-0.3809,-0.8889,0.768,-0.4939,0.1858,-0.0122,AAPL
2021-01-01,92.93,93.14,89.43,91.71,113151200,-0.0011,-0.7279,-0.4212,0.3723,-0.2429,-0.9013,-1.7738,-1.2677,-0.952,0.0823,-0.4939,0.1858,1.5688,AMD
2021-01-01,86.9865,89.0129,85.6936,86.9986,100208000,0.0075,0.0125,-0.5792,-0.1994,0.5487,-0.9581,-1.5512,-0.9118,-1.0613,0.1176,-0.4939,0.1858,0.0606,GOOG
2021-01-08,213.926,214.3778,203.7455,211.1286,147534500,-0.0127,-0.3278,0.0724,-0.0873,-1.0344,-0.6569,-0.7043,0.6871,-0.5434,0.5485,-0.7147,-1.0061,0.7895,MSFT
2021-01-08,13.0682,13.615,12.5514,13.2403,2217832000,0.0168,0.137,-0.0122,-0.2307,0.5487,0.0828,0.9712,1.6343,-0.8219,0.4436,-0.7147,-1.0061,-0.4028,NVDA
2021-01-08,130.1013,130.189,123.1442,128.669,610791200,-0.0048,-0.1356,0.493,0.7114,1.3402,-0.5484,0.0807,1.3792,-0.6218,0.6926,-0.7147,-1.0061,-1.1701,AAPL
2021-01-08,92.11,96.4,89.46,94.58,220635900,0.0308,0.2435,0.0913,0.381,-0.2429,-0.0888,-0.6999,0.6688,-0.7411,0.5497,-0.7147,-1.0061,0.2993,AMD
2021-01-08,74.6514,82.1478,71.9867,75.569,166182400,0.0294,1.0608,0.6506,1.188,0.5487,1.4188,1.0502,1.911,-0.9363,0.768,-0.7147,-1.0061,-0.6938,MU
2021-01-08,87.2797,89.8769,84.3726,89.7463,199298000,0.0311,0.3585,-0.0654,-0.1822,0.5487,-0.3861,0.1929,1.4157,-0.46,0.5904,-0.7147,-1.0061,0.1487,GOOG
2021-01-08,478.7876,492.4717,468.9722,487.1666,5206100,0.0422,0.5301,0.8649,0.9083,1.3402,-0.7092,0.5488,1.9909,-0.9886,0.768,-0.7147,-1.0061,0.1174,ASML
2021-01-15,210.023,210.446,203.832,204.428,127595000,-0.0323,-0.7284,-0.4435,-0.3032,-1.0344,-1.1012,0.4001,0.1155,-0.1863,0.0597,-0.0567,-0.573,-0.6786,MSFT
2021-01-15,94.03,99.23,87.86,88.21,279733900,-0.0697,-0.6501,-0.9531,-0.7318,-1.0344,1.2815,1.5807,1.3142,-0.3694,-0.4877,-0.0567,-0.573,0.396,AMD
2021-01-15,13.3819,13.9226,12.8132,12.8242,1580748000,-0.0319,-0.34,-0.4799,-0.6469,-0.2429,0.2354,2.2686,0.6742,-0.5833,0.277,-0.0567,-0.573,0.7438,NVDA
2021-01-15,479.2759,523.2294,478.2513,505.1309,4187900,0.0362,0.8773,0.7133,0.7336,1.3402,0.2978,2.5831,0.94,-1.2465,0.768,-0.0567,-0.573,0.7703,ASML
2021-01-15,74.7588,80.2444,74.5929,78.79,85181400,0.0417,0.7822,0.9101,0.4921,0.5487,-0.1294,2.6675,-0.0023,-0.7433,0.768,-0.0567,-0.573,-0.47,MU
2021-01-15,88.6965,89.106,85.4925,86.2195,123650000,-0.0401,-0.2606,-0.1668,-0.6363,-0.2429,-0.8654,0.7858,-0.291,0.2458,0.1541,-0.0567,-0.573,-0.6155,GOOG
2021-01-15,125.8822,128.0843,123.6119,123.8847,482792700,-0.0379,-0.6998,-0.1596,0.0584,0.5487,-1.0087,0.4015,-0.0883,0.4047,0.1146,-0.0567,-0.573,-0.0028,AAPL
2021-01-22,79.3367,85.1639,79.0243,80.3128,76719900,0.0191,0.6492,1.1958,0.9378,1.3402,-0.013,-0.0894,-0.2516,-1.2562,0.768,-0.5809,-0.6372,-0.6757,MU
2021-01-22,87.017,96.0855,86.4812,94.4065,151218000,0.0907,0.5156,0.6142,0.2542,0.5487,0.6111,-0.2361,0.2421,2.0676,0.768,-0.5809,-0.6372,0.0025,GOOG
2021-01-22,12.9805,13.9608,12.8087,13.6748,1069360000,0.0642,0.2769,0.2939,0.1588,0.5487,0.1795,0.1655,-0.4373,0.7178,0.768,-0.5809,-0.6372,0.3208,NVDA
2021-01-22,89.56,95.95,87.24,92.79,205817500,0.0506,-0.3923,-0.0977,-0.1472,-0.2429,0.4169,1.2783,0.0504,0.7672,0.2582,-0.5809,-0.6372,0.0844,AMD
2021-01-22,205.4855,221.1745,204.4088,217.2138,129140300,0.0607,0.2264,-0.0646,0.2006,-0.2429,0.0052,0.0852,0.0395,2.0081,0.768,-0.5809,-0.6372,0.5998,MSFT
2021-01-22,124.5083,136.2693,123.6898,135.5093,429687100,0.0897,0.5309,0.2809,0.735,0.5487,0.3913,-0.4971,-0.8906,2.0329,0.768,-0.5809,-0.6372,-1.4728,AAPL
2021-01-22,510.3979,549.4676,508.1093,545.3021,4799600,0.0765,1.3242,1.2963,1.5158,2.1317,-0.0279,1.6903,1.1038,-0.1867,0.768,-0.5809,-0.6372,0.6682,ASML
2021-01-29,538.3117,544.1242,500.3429,511.5087,5196900,-0.064,0.0198,0.6302,0.6207,1.3402,0.2127,1.6921,1.1341,1.7513,-0.2001,1.7553,-0.5552,-0.8049,ASML
2021-01-29,94.14,95.74,85.02,85.64,291661400,-0.0802,-0.5285,-0.8143,-1.1097,-1.0344,1.1896,1.0732,1.4001,1.7014,-0.7086,1.7553,-0.5552,-0.0337,AMD
2021-01-29,139.4068,141.3751,126.8761,128.5813,716991000,-0.0525,0.3409,-0.2438,0.0719,-0.2429,0.8832,0.537,1.8274,1.6299,-0.0307,1.7553,-0.5552,-1.4525,AAPL
2021-01-29,220.2612,233.2585,215.5507,222.9914,243806600,0.0263,0.9881,0.1866,0.2126,-0.2429,0.0601,1.9517,1.9818,1.452,0.768,1.7553,-0.5552,-0.601,MSFT
2021-01-29,81.201,81.5036,72.5529,76.3986,92760600,-0.05,-0.5448,0.1711,0.455,0.5487,0.9918,-0.0367,0.284,-0.3297,0.0066,1.7553,-0.5552,-1.1029,MU
2021-01-29,95.3808,95.8233,89.8352,91.1631,187488000,-0.035,0.5824,0.2298,0.2078,0.5487,-0.2786,1.0512,0.9234,1.6014,0.2313,1.7553,-0.5552,0.8135,GOOG
2021-01-29,13.7439,13.7905,12.7586,12.954,1286232000,-0.0541,-0.0123,-0.2393,-0.4064,-0.2429,0.0663,-0.4514,0.0348,1.7873,-0.0554,1.7553,-0.5552,1.6776,NVDA
2021-02-05,225.9716,235.6138,223.4432,232.8355,129739500,0.0432,0.7607,0.6928,0.399,-0.2429,-0.6097,1.6202,-0.1845,1.0249,0.768,-0.7953,-0.431,-1.2113,MSFT
2021-02-05,86.83,89.48,84.66,87.9,169582500,0.026,-0.8484,-0.8575,-0.575,-0.2429,-0.5464,0.412,-0.5002,1.1573,-0.3353,-0.7953,-0.431,-2.0821,AMD
2021-02-05,524.1871,533.179,518.9681,529.3677,3222800,0.0343,-0.5296,0.5588,0.7902,1.3402,-1.2372,0.2345,-0.2213,1.234,0.3115,-0.7953,-0.431,0.5121,ASML
2021-02-05,77.6871,80.5568,76.6036,79.161,66220100,0.0355,-0.3316,0.2269,0.8217,1.3402,-0.6672,-0.6166,-0.3707,-0.1479,0.5439,-0.7953,-0.431,-0.1543,MU
2021-02-05,92.0486,105.1057,91.9175,104.187,227630000,0.1335,1.1399,1.1579,1.1955,0.5487,1.2243,1.3427,1.3417,1.7072,0.768,-0.7953,-0.431,0.3636,GOOG
2021-02-05,130.3255,134.1016,127.5777,133.4575,439303000,0.0372,-0.3422,0.1372,0.0425,-0.2429,-0.6933,0.5742,-0.7209,1.2458,0.5314,-0.7953,-0.431,-1.4031,AAPL
2021-02-05,13.0174,13.8935,12.8673,13.5536,1053544000,0.0452,-0.2594,0.0181,0.1022,0.5487,-0.0312,-0.6549,-0.3989,1.4335,0.6295,-0.7953,-0.431,-1.3335,NVDA
2021-02-12,79.7954,86.2083,79.3562,85.9058,65650800,0.0818,1.3835,0.5895,0.9644,1.3402,0.0688,-1.4951,-0.3515,0.6098,0.768,-0.9474,-0.704,-0.0838,MU
2021-02-12,233.7487,236.4117,231.4992,235.5176,100275800,0.0115,0.568,1.0888,0.498,0.5487,-1.385,-1.1287,-0.5611,-0.4328,0.768,-0.9474,-0.704,0.6615,MSFT
2021-02-12,88.31,94.22,87.98,93.77,201787000,0.0646,1.0373,0.3599,-0.0718,0.5487,-0.2574,-0.9832,0.0485,0.844,0.6342,-0.9474,-0.704,0.3671,AMD
2021-02-12,13.6895,15.2492,13.6895,14.9201,2033120000,0.0961,1.6962,1.1777,0.8015,0.5487,0.6802,0.0017,1.3118,1.3011,0.768,-0.9474,-0.704,-1.8887,NVDA
2021-02-12,534.3088,575.9548,534.3088,572.6319,3366600,0.0786,1.3261,0.9425,1.3186,1.3402,-0.1048,-1.2591,-0.1637,1.1909,0.768,-0.9474,-0.704,1.9108,ASML
2021-02-12,132.7452,134.5505,130.4616,132.101,345543100,-0.0102,0.2081,0.388,-0.0774,-1.0344,-1.1358,-1.168,-1.1843,0.7753,0.3751,-0.9474,-0.704,0.5449,AAPL
2021-02-12,104.5798,105.4557,102.4534,104.4904,101374000,0.0029,1.633,1.5475,1.1606,0.5487,-1.1906,-0.0284,-0.8349,0.9859,0.768,-0.9474,-0.704,-1.2382,GOOG
2021-02-19,579.9,582.8973,551.6223,569.194,2985000,-0.006,0.8009,0.1947,0.9494,0.5487,-0.5437,-1.0442,-0.6236,0.7311,0.6742,-0.5171,-1.0759,0.352,ASML
2021-02-19,87.0869,89.3026,82.8701,88.7852,61400900,0.033,1.3503,0.7148,0.992,1.3402,-0.1117,-0.7885,-0.5881,1.0849,0.768,-0.5171,-1.0759,-0.2314,MU
2021-02-19,235.5561,236.6135,231.4254,232.1866,90570200,-0.0142,-0.1799,0.4101,0.486,0.5487,-1.3483,-1.5919,-0.7594,-0.3011,0.547,-0.5171,-1.0759,0.9661,MSFT
2021-02-19,104.5029,106.9024,104.1577,104.343,95674000,-0.0014,-0.124,0.7128,0.9118,-0.2429,-1.2505,-1.7531,-1.0151,0.6724,0.7459,-0.5171,-1.0759,0.8915,GOOG
2021-02-19,132.2182,132.7256,124.3333,126.7339,363020300,-0.0415,-0.8166,-0.8005,-0.3579,-1.0344,-0.2654,-1.2358,-0.9034,-0.2707,-0.2436,-0.5171,-1.0759,-1.1115,AAPL
2021-02-19,15.0228,15.3302,14.5349,14.8855,1102308000,-0.0023,1.0768,0.5747,0.6548,-0.2429,-0.5811,0.8151,-0.5511,0.9626,0.7317,-0.5171,-1.0759,1.215,NVDA
2021-02-19,93.9,94.0,87.31,89.58,132524600,-0.0457,0.103,-0.5128,-0.6577,-0.2429,-0.0566,-1.1443,-1.0798,0.7401,0.0699,-0.5171,-1.0759,1.3789,AMD
2021-02-26,562.7016,570.6879,535.9272,543.0422,5016600,-0.047,-0.8343,0.3481,0.3122,-0.2429,-0.3199,-0.133,0.8743,0.3193,-0.0392,0.6418,-0.9631,0.5258,ASML
2021-02-26,124.9188,126.5875,115.5311,118.3318,685989200,-0.0686,-1.5767,-0.9465,-0.5929,-1.0344,0.4063,0.2829,1.2907,-0.1963,-1.2122,0.6418,-0.9631,-1.2402,AAPL
2021-02-26,102.6476,104.3251,99.4206,101.1508,163902000,-0.0311,-0.5664,0.7481,0.9808,-0.2429,-0.7031,-0.8467,0.1998,0.47,0.2687,0.6418,-0.9631,0.5541,GOOG
2021-02-26,14.7341,15.0917,13.1799,13.6768,2491352000,-0.0847,-1.2764,0.2981,0.2509,-0.2429,1.55,1.0005,1.6197,1.1436,-0.5338,0.6418,-0.9631,-1.0488,NVDA
2021-02-26,87.3894,90.8741,80.4689,89.3416,105895700,0.0062,0.3671,1.2241,0.7203,1.3402,0.9746,0.3617,0.5089,-0.5424,0.768,0.6418,-0.9631,-0.6264,MU
2021-02-26,88.15,88.3,79.36,84.51,231060300,-0.0583,-1.4972,-0.3142,-0.5699,-0.2429,0.7111,-0.6101,0.3158,0.0473,-0.7747,0.6418,-0.9631,0.1705,AMD
2021-02-26,228.766,229.2574,219.5737,223.9097,170376700,-0.0363,-0.8016,-0.1566,0.455,0.5487,-0.8324,-0.4997,0.6318,0.3436,-0.002,0.6418,-0.9631,0.8989,MSFT
2021-03-05,548.0982,559.5798,480.7986,504.6905,5455100,-0.0732,-1.7095,-0.6264,-0.8343,-1.0344,1.9528,1.2692,1.2664,0.6806,-1.0855,0.0225,-0.9461,-0.5681,ASML
2021-03-05,13.8369,13.8867,11.6471,12.4272,2111076000,-0.0958,-2.4935,-0.98,-0.9742,-1.0344,2.548,1.9257,0.99,1.294,-1.8421,0.0225,-0.9461,-1.3168,NVDA
2021-03-05,85.37,86.95,74.2,78.52,230213700,-0.0735,-1.8592,-1.2163,-1.5202,-1.0344,2.1078,0.5191,0.2753,0.2349,-1.7726,0.0225,-0.9461,-1.5347,AMD
2021-03-05,227.3014,228.8142,216.0857,223.1581,168766600,-0.0034,-0.6599,-0.5785,-0.0352,-0.2429,-0.492,0.6499,0.5317,-1.012,-0.0518,0.0225,-0.9461,0.3867,MSFT
2021-03-05,120.7617,125.6117,114.7309,118.4879,663456700,0.0013,-1.0195,-1.2718,-1.2694,-1.0344,0.3666,1.3474,1.0395,-1.191,-0.9842,0.0225,-0.9461,1.0365,AAPL
2021-03-05,92.2797,93.4607,79.893,86.8038,127312800,-0.0288,-0.4374,0.6412,0.3531,0.5487,1.9578,1.8071,1.9247,0.4382,0.3242,0.0225,-0.9461,-2.242,MU
2021-03-05,102.1271,105.1857,99.8169,104.7104,166730000,0.0346,-0.0977,-0.1485,0.5512,-0.2429,-0.6343,0.2631,0.3688,-1.4019,0.768,0.0225,-0.9461,-0.5151,GOOG
2021-03-12,78.03,81.89,73.86,81.05,221590500,0.0317,-0.6878,-1.5147,-0.6636,-0.2429,0.5454,0.7338,0.2768,-1.7217,-1.3511,-0.7539,-1.1124,0.8533,AMD
2021-03-12,504.1159,525.2309,479.86,514.8314,5022300,0.0199,-0.8381,-1.1579,-0.1923,-0.2429,0.2753,1.318,0.6826,-0.9076,-0.8088,-0.7539,-1.1124,-1.3691,ASML
2021-03-12,12.4158,13.0149,11.5347,12.8251,1993192000,0.0315,-0.9807,-1.5648,-0.3185,-0.2429,0.9487,0.7317,0.6592,-0.1052,-1.4255,-0.7539,-1.1124,0.3524,NVDA
2021-03-12,118.0098,120.2347,113.4038,118.1074,586977300,-0.0032,-0.1682,-1.2084,-0.8923,-1.0344,-0.4723,1.1215,0.4276,-1.1019,-1.0288,-0.7539,-1.1124,0.2101,AAPL
2021-03-12,222.9365,230.4522,218.8511,227.1569,150656000,0.0178,0.0439,-0.5213,-0.1002,-0.2429,-0.6393,0.9449,0.0935,-0.8088,0.2134,-0.7539,-1.1124,2.6403,MSFT
2021-03-12,86.4524,88.0629,82.8408,85.6715,111050400,-0.0131,-0.6897,-0.2186,0.6351,0.5487,-0.3954,1.7178,0.9782,-0.935,0.1262,-0.7539,-1.1124,0.3613,MU
2021-03-12,104.3425,105.7171,100.3935,102.3953,151564000,-0.0224,0.0157,-0.3774,0.6476,-0.2429,-0.6166,0.2676,-0.0624,-1.2992,0.4226,-0.7539,-1.1124,0.1956,GOOG
2021-03-19,81.91,84.75,77.59,79.06,218698900,-0.0249,-0.0543,-1.3257,-1.0533,-1.0344,0.3354,0.3504,0.1785,-1.4377,-1.6826,-0.6525,-0.7981,0.1129,AMD
2021-03-19,515.8274,542.0461,513.2802,524.2063,4270000,0.018,0.3505,-0.9398,-0.3169,-0.2429,-0.5454,0.3435,-0.0125,-1.0539,-0.5531,-0.6525,-0.7981,0.5749,ASML
2021-03-19,102.4142,105.4563,100.1983,101.4657,155300000,-0.0091,-0.5534,-0.4472,-0.4445,-1.0344,-0.6208,0.5299,0.0141,-1.0564,0.2839,-0.6525,-0.7981,1.3726,GOOG
2021-03-19,226.3957,231.3098,220.9902,221.9537,164952900,-0.0232,-0.214,-0.6022,-0.6083,-1.0344,-0.7522,0.6167,0.3027,-0.5359,-0.1317,-0.6525,-0.7981,-0.6802,MSFT
2021-03-19,85.6715,93.2069,84.0805,88.346,121344500,0.0307,0.0858,-0.2388,0.5985,0.5487,0.6498,0.913,1.09,-1.1817,0.5939,-0.6525,-0.7981,-1.0119,MU
2021-03-19,118.4782,124.1479,116.79,117.0925,626343500,-0.0086,-0.2978,-0.9108,-1.2433,-1.826,-0.3489,0.58,0.5354,-0.8905,-1.0068,-0.6525,-0.7981,1.3186,AAPL
2021-03-19,12.8338,13.48,12.5822,12.8149,1331084000,-0.0008,0.2564,-1.5509,-0.6709,-1.0344,-0.1706,-0.524,-0.6108,-0.3293,-1.4362,-0.6525,-0.7981,0.8317,NVDA
2021-03-26,12.8817,13.3623,12.2425,12.8084,1424804000,-0.0005,-0.1605,-0.7882,-1.4102,-1.826,0.258,-1.1025,-0.4787,-0.9744,-1.4118,-0.9951,-0.9197,-0.9627,NVDA
2021-03-26,79.99,81.27,74.96,77.41,217752600,-0.0211,-0.7418,-0.9889,-1.7096,-1.826,0.112,0.2311,0.473,-1.3136,-1.3543,-0.9951,-0.9197,1.6186,AMD
2021-03-26,117.4243,121.2398,116.0483,118.283,488825800,0.0101,-0.1242,-0.1976,-1.0877,-1.0344,-0.8165,-0.1149,-0.2389,-1.6018,-0.2737,-0.9951,-0.9197,0.5514,AAPL
2021-03-26,101.3981,103.2042,99.8532,101.0857,147764000,-0.0038,-0.3111,-0.1997,-0.4955,-1.826,-1.0816,0.1586,-0.0507,-0.9669,0.2272,-0.9951,-0.9197,1.4826,GOOG
2021-03-26,543.5689,600.6989,531.9434,599.138,7227000,0.1336,1.831,0.6968,0.1045,-0.2429,0.9325,0.7783,1.9466,1.6377,0.768,-0.9951,-0.9197,-1.6665,ASML
2021-03-26,221.8766,232.2637,221.7513,227.8602,146927300,0.0263,-0.1033,-0.0354,-0.4949,-1.0344,-0.7611,0.2451,0.2557,-0.5217,0.4769,-0.9951,-0.9197,0.0006,MSFT
2021-03-26,89.6344,90.2103,78.5656,85.8863,123221700,-0.0282,-0.1109,-0.5512,-0.2436,-0.2429,1.4465,0.662,0.9496,-0.8192,0.1638,-0.9951,-0.9197,1.6731,MU
2021-04-02,12.7894,13.8367,12.6695,13.7785,1096776000,0.073,0.8005,0.7414,-0.8334,-1.0344,0.1909,-1.452,-1.1353,-1.6999,0.768,-1.1851,-0.2724,1.3753,NVDA
2021-04-02,85.6617,92.1234,83.2118,90.2006,100742700,0.049,0.127,0.1539,-0.1208,-0.2429,0.5386,-0.1431,-0.0179,-0.1614,0.768,-1.1851,-0.2724,0.4866,MU
2021-04-02,227.9662,233.9884,222.6764,233.5163,123981000,0.0245,0.5177,0.2172,-0.1981,-0.2429,-0.7042,-0.647,-0.4746,-0.1683,0.768,-1.1851,-0.2724,0.9174,MSFT
2021-04-02,118.7124,121.1813,115.9898,120.0298,359904000,0.0147,0.1791,-0.0767,-0.6579,-0.2429,-0.8323,-1.3352,-1.0635,-1.1771,0.768,-1.1851,-0.2724,0.1063,AAPL
2021-04-02,100.7048,106.4188,100.096,106.161,108506000,0.049,0.4455,-0.0692,-0.1096,-1.0344,-0.4298,-0.7401,-0.9313,-0.5708,0.768,-1.1851,-0.2724,-0.8185,GOOG
2021-04-02,588.6906,612.372,570.2666,610.0834,5774400,0.0181,1.8317,1.5244,0.2892,0.5487,-0.1964,0.9863,0.7006,-0.1908,0.768,-1.1851,-0.2724,-0.4468,ASML
2021-04-02,77.03,81.31,74.85,81.09,160155500,0.0464,0.1866,0.0979,-1.0041,-1.0344,0.0664,-0.6047,-1.14,-1.3736,0.1358,-1.1851,-0.2724,0.8289,AMD
2021-04-09,106.9154,113.6741,106.8498,113.5172,144210000,0.067,1.3666,0.7404,0.6411,-0.2429,-0.416,-0.7025,0.1348,-0.1589,0.768,-1.1928,0.0422,-0.9713,GOOG
2021-04-09,13.8342,14.4367,13.6785,14.3654,1138288000,0.0417,1.3501,0.8337,0.1342,-0.2429,-0.5972,-1.383,-0.8146,-1.2241,0.768,-1.1928,0.0422,-0.9737,NVDA
2021-04-09,624.0163,625.309,592.1573,607.4214,5129300,-0.0044,0.0353,1.3046,0.6158,0.5487,-0.5527,-0.0357,0.052,0.1844,0.6998,-1.1928,0.0422,0.5855,ASML
2021-04-09,233.9114,246.6591,233.8535,246.5242,130514300,0.0542,0.8815,0.5474,0.4947,0.5487,-0.6177,-0.731,-0.4435,1.1876,0.768,-1.1928,0.0422,-0.464,MSFT
2021-04-09,91.6842,94.0854,90.2591,93.0215,92159400,0.0308,0.8955,0.5519,0.0671,-0.2429,-0.8846,-0.7605,-0.5947,-0.1857,0.768,-1.1928,0.0422,0.8682,MU
2021-04-09,120.8788,129.8273,120.0981,129.7883,447820500,0.0782,1.065,0.6606,0.4656,0.5487,-0.0497,-1.245,-0.5885,0.4883,0.768,-1.1928,0.0422,0.1736,AAPL
2021-04-09,81.74,83.79,80.35,82.76,172214600,0.0204,0.7266,-0.0047,-0.4021,-0.2429,-0.8739,-0.9665,-0.6657,-1.1764,0.768,-1.1928,0.0422,-0.2742,AMD
2021-04-16,14.2554,16.1753,14.1052,15.8742,2864724000,0.0999,1.6999,1.7459,1.6322,0.5487,1.3186,1.1375,1.6765,-0.7063,0.768,-1.1628,0.3466,1.6378,NVDA
2021-04-16,604.7782,620.4637,594.3021,618.3091,3753600,0.0178,0.0309,1.302,1.3125,1.3402,-0.8555,-0.7684,-1.3946,0.1703,0.768,-1.1628,0.3466,0.7807,ASML
2021-04-16,92.9141,94.6418,87.3113,88.4924,93413500,-0.0499,-0.3924,-0.1789,-0.0944,-0.2429,0.1447,-0.7031,-1.1632,1.3197,0.0074,-1.1628,0.3466,0.1479,MU
2021-04-16,129.3199,131.74,127.4756,130.9203,444178800,0.0087,0.9872,0.8175,0.522,0.5487,-1.0958,-0.5012,-0.7699,0.2761,0.768,-1.1628,0.3466,1.9882,AAPL
2021-04-16,112.5423,114.546,111.1625,114.1071,124916000,0.0052,0.7963,0.87,0.416,-0.2429,-1.1679,-0.1654,-1.0235,-0.134,0.768,-1.1628,0.3466,0.6289,GOOG
2021-04-16,82.06,83.95,77.94,82.15,250353300,-0.0074,0.0256,0.1535,0.1041,-0.2429,-0.0942,0.1044,1.2862,-1.1981,0.6528,-1.1628,0.3466,-0.3908,AMD
2021-04-16,245.4258,251.4865,245.339,251.2359,124563200,0.0189,0.8088,0.9289,0.6654,1.3402,-1.2958,-0.4835,-1.1714,-1.2918,0.768,-1.1628,0.3466,0.4535,MSFT
2021-04-23,113.8201,115.5006,112.0557,114.9782,120158000,0.0076,0.023,0.9729,0.6454,0.5487,-1.1603,-0.4376,-0.9771,0.0142,0.768,-0.8912,0.3613,-0.6112,GOOG
2021-04-23,88.5022,88.5119,81.894,83.9731,105702500,-0.0524,-1.4759,-0.398,-0.3952,-0.2429,0.0453,-0.3314,-0.2392,1.3361,-0.7515,-0.8912,0.3613,0.4202,MU
2021-04-23,130.286,132.2572,128.1294,131.0765,421147600,0.0012,-0.0149,0.7366,0.5557,1.3402,-1.1225,-0.3696,-0.7547,0.5537,0.768,-0.8912,0.3613,1.772,AAPL
2021-04-23,610.6004,642.8139,586.7946,642.4595,6630800,0.0383,0.5866,0.4387,1.4535,1.3402,0.2523,-0.2694,1.1254,-1.7361,0.768,-0.8912,0.3613,0.1949,ASML
2021-04-23,250.706,252.238,246.3219,251.6311,114031400,0.0016,0.1234,0.7052,0.5415,1.3402,-1.3195,-0.5884,-1.3023,-0.1919,0.768,-0.8912,0.3613,-2.0946,MSFT
2021-04-23,15.4991,15.7695,14.748,15.2285,1460616000,-0.0415,0.6162,1.3742,1.0731,-0.2429,-0.2442,2.0446,-0.331,0.2624,0.1326,-0.8912,0.3613,-1.5716,NVDA
2021-04-23,82.13,83.3,78.51,82.76,197202400,0.0074,-0.1435,0.4116,-0.082,-0.2429,-0.4713,0.5337,-0.3477,-1.3213,0.768,-0.8912,0.3613,-0.0426,AMD
2021-04-30,131.5741,133.76,127.905,128.2855,501621500,-0.0215,-0.4082,0.4088,0.457,1.3402,-0.7733,0.1966,0.2347,0.9366,0.4353,-0.7079,0.1131,-1.1032,AAPL
2021-04-30,15.1485,15.6328,14.9609,14.9734,946892000,-0.0169,-0.9041,0.5596,0.9499,-0.2429,-0.7923,-1.0098,-0.9209,0.7672,-0.1185,-0.7079,0.1131,0.0892,NVDA
2021-04-30,638.6773,646.9988,618.3186,620.6168,3130000,-0.0346,-0.095,-0.0388,1.0506,0.5487,-0.7592,-0.3995,-1.4147,-0.8701,0.2369,-0.7079,0.1131,1.876,ASML
2021-04-30,252.1224,253.5966,239.9239,242.988,169214700,-0.035,-0.5781,0.1664,0.4513,1.3402,-0.511,0.2526,1.4729,1.6367,0.2314,-0.7079,0.1131,-0.2122,MSFT
2021-04-30,115.2081,121.7855,114.4304,119.687,191230000,0.0401,0.4781,0.8927,1.0225,1.3402,-0.3831,0.5993,1.9564,-0.3567,0.768,-0.7079,0.1131,0.5748,GOOG
2021-04-30,83.35,89.2,81.42,81.62,326321100,-0.0139,-0.2278,-0.1348,0.0021,-0.2429,0.4528,0.9645,2.1309,-1.5595,0.5528,-0.7079,0.1131,0.1565,AMD
2021-04-30,84.4026,88.0337,83.3094,84.0122,82883600,0.0005,-0.82,-0.8378,-0.6269,-0.2429,-0.5119,-0.292,-1.4594,0.3417,-0.745,-0.7079,0.1131,1.4093,MU
2021-05-07,15.0886,15.2101,13.9766,14.7766,1323968000,-0.0132,-0.5357,0.0619,0.8525,-0.2429,0.1605,-1.2042,-0.1767,0.7457,-0.3122,-1.0681,0.2067,-0.8619,NVDA
2021-05-07,119.3195,120.1627,114.7994,119.1193,134604000,-0.0048,0.3172,0.2426,1.0148,1.3402,-0.7885,0.9676,-0.2133,-1.6512,0.6939,-1.0681,0.2067,-1.1238,GOOG
2021-05-07,244.1635,245.0789,235.771,243.2578,127808000,0.0011,-0.5841,-0.3147,0.2587,1.3402,-0.9554,0.6589,-0.4639,-0.3318,0.2481,-1.0681,0.2067,-0.2849,MSFT
2021-05-07,631.6419,635.08,591.4986,632.4678,4317900,0.0189,-0.3476,0.1722,0.1726,0.5487,-0.1991,-1.1721,-0.473,-0.7804,0.525,-1.0681,0.2067,0.1345,ASML
2021-05-07,128.8515,130.8325,123.6405,127.2815,453802300,-0.0079,-0.526,-0.3706,0.3194,0.5487,-0.5052,0.4638,-0.1516,-0.94,0.3157,-1.0681,0.2067,1.6574,AAPL
2021-05-07,84.8906,84.9297,80.0688,83.9243,73786000,-0.001,-0.1511,-1.1263,-0.4188,-0.2429,-0.4703,-0.7588,-1.4579,-0.7224,-0.7597,-1.0681,0.2067,-1.9166,MU
2021-05-07,81.97,82.0,76.47,78.81,243443300,-0.035,-0.7802,-0.637,-0.1046,-0.2429,-0.168,1.3838,0.4304,-1.0737,0.0224,-1.0681,0.2067,-0.6289,AMD
2021-05-14,622.6049,625.3323,576.4688,622.0862,5648700,-0.0166,-0.1127,-0.1387,-0.0927,-0.2429,0.0388,0.2265,0.3605,-0.6124,0.2726,-0.531,-0.2603,0.7842,ASML
2021-05-14,82.9189,82.9677,74.5831,77.7944,109958200,-0.0758,-1.1446,-1.3613,-1.3746,-1.0344,0.7603,-0.0716,0.8334,-0.0537,-1.7891,-0.531,-0.2603,1.5544,MU
2021-05-14,117.9374,118.0919,110.7447,115.0209,146344000,-0.035,-0.6613,-0.1216,0.3718,0.5487,-0.3232,-0.1221,0.3062,0.1704,0.159,-0.531,-0.2603,-0.9419,GOOG
2021-05-14,126.4995,126.6266,119.5005,124.5836,514165600,-0.0214,-0.5248,-0.6434,0.0432,-0.2429,-0.4881,0.2185,1.278,-0.8415,-0.0058,-0.531,-0.2603,-0.8955,AAPL
2021-05-14,14.7517,14.7704,13.4266,14.2088,1401916000,-0.0392,-0.826,-1.1981,-0.0065,-1.0344,0.4343,-0.5578,-0.059,-1.6855,-0.871,-0.531,-0.2603,0.5746,NVDA
2021-05-14,78.2,78.3,72.5,74.59,225676700,-0.055,-1.3162,-1.0685,-0.8815,-1.0344,0.0194,-0.0381,0.0658,-0.1665,-0.7742,-0.531,-0.2603,-0.5416,AMD
2021-05-14,241.7258,242.5544,229.3923,239.1049,153151300,-0.0172,-0.3533,-0.6423,-0.0608,0.5487,-0.5412,0.1414,0.9723,-0.8764,-0.0097,-0.531,-0.2603,0.6289,MSFT
2021-05-21,114.6812,117.6449,112.4068,116.458,103158000,0.0124,-0.4377,-0.078,-0.0461,0.5487,-0.7896,-0.4673,-1.1029,0.1009,0.3465,-0.1894,-0.2511,1.2372,GOOG
2021-05-21,77.2088,80.0297,74.3391,78.79,93405200,0.0127,-0.9654,-0.7711,-1.513,-1.0344,-0.1172,0.4672,-0.0164,0.0385,-0.9448,-0.1894,-0.2511,-0.4634,MU
2021-05-21,123.9677,125.1212,120.0968,122.609,386352000,-0.016,-0.6305,-0.7989,-0.6775,-1.0344,-0.8884,-0.047,-1.0324,-1.102,-0.2412,-0.1894,-0.2511,-0.6868,AAPL
2021-05-21,237.5632,239.8308,230.4339,236.779,114541800,-0.0098,-0.495,-0.7451,-0.5506,-0.2429,-0.9203,-0.0106,-0.9017,-0.964,-0.1541,-0.1894,-0.2511,1.369,MSFT
2021-05-21,606.8453,626.3982,582.5961,613.8846,4558100,-0.0133,-0.5318,-0.6061,-0.1608,-0.2429,-0.1388,0.4722,-0.2393,-0.8993,0.0732,-0.1894,-0.2511,0.0216,ASML
2021-05-21,74.22,78.81,72.76,77.17,236064000,0.034,-0.4173,-0.8275,-0.7772,-1.0344,0.0351,-0.3408,0.224,1.0782,-0.2872,-0.1894,-0.2511,1.246,AMD
2021-05-21,14.123,15.1854,13.5107,14.9557,1741820000,0.0512,0.0133,-0.3577,0.0664,-1.0344,0.8639,-0.1749,0.4492,-0.3248,-0.1359,-0.1894,-0.2511,0.5761,NVDA
2021-05-28,123.176,125.434,121.7488,121.8075,357615000,-0.0066,-0.4369,-0.6633,-0.7942,-1.826,-1.1531,-0.8084,-1.5715,-1.0007,-0.3367,-0.9208,0.0343,0.9295,AAPL
2021-05-28,77.26,81.09,76.8,80.08,187737300,0.037,0.7811,-0.3664,-0.4372,-0.2429,-0.5776,-0.5445,-0.861,1.5004,0.2621,-0.9208,0.0343,0.7253,AMD
2021-05-28,15.1759,16.2384,15.1395,16.2054,2586676000,0.0803,1.5684,0.5225,-0.0838,-1.0344,-0.2262,1.9378,1.3774,0.4129,0.768,-0.9208,0.0343,0.2754,NVDA
2021-05-28,117.5456,121.317,117.2035,119.7585,125008000,0.0279,0.382,-0.1884,0.1282,0.5487,-1.052,-0.8757,-0.401,-0.5656,0.768,-0.9208,0.0343,-1.9054,GOOG
2021-05-28,79.4733,82.7237,77.8042,82.1283,88229100,0.0415,0.5623,-0.3993,-0.8132,-0.2429,-0.4214,-0.0947,-0.3353,0.9146,0.4177,-0.9208,0.0343,-0.6464,MU
2021-05-28,621.8365,652.5107,620.1655,648.6979,3743200,0.0552,0.4019,0.2071,0.1254,-0.2429,-0.6691,-0.592,-0.7403,-0.2083,0.768,-0.9208,0.0343,0.0687,ASML
2021-05-28,239.3093,244.283,239.0389,241.1346,99583800,0.0182,-0.0335,-0.2632,-0.556,-0.2429,-1.363,-0.9223,-1.3118,-0.7779,0.1163,-0.9208,0.0343,0.6234,MSFT
2021-06-04,16.2309,17.6185,15.865,17.536,2264100000,0.0789,1.9287,1.3573,0.8382,-0.2429,0.5682,2.1742,0.7014,0.331,0.768,-0.9327,0.1065,-1.8768,NVDA
2021-06-04,122.2669,123.3226,120.3607,123.0587,278314500,0.0102,-0.0959,-0.4996,-0.7251,-1.826,-1.3057,-1.2346,-1.8202,-0.4449,0.1315,-0.9327,0.1065,-0.7826,AAPL
2021-06-04,657.6005,660.8177,633.9467,656.2175,3031900,0.0115,0.7247,0.1401,-0.0797,-0.2429,-0.8891,-0.8875,-1.0455,-0.0306,0.768,-0.9327,0.1065,0.302,ASML
2021-06-04,82.8896,83.7096,79.9321,81.7574,48714600,-0.0045,0.3378,-0.4309,-0.4466,-0.2429,-0.7594,-0.9154,-1.9871,0.6981,0.3487,-0.9327,0.1065,0.7725,MU
2021-06-04,120.2769,121.859,118.3317,121.7548,80618000,0.0165,0.4356,0.0044,0.1965,0.5487,-1.1847,-1.1076,-1.469,-0.2597,0.768,-0.9327,0.1065,1.0249,GOOG
2021-06-04,81.01,82.91,80.26,81.58,134836000,0.0186,0.58,0.1191,-0.3518,-0.2429,-1.098,-1.5009,-1.6236,0.9695,0.7603,-0.9327,0.1065,-0.9658,AMD
2021-06-04,242.6316,243.0372,234.6833,242.2066,93208800,0.0044,0.1516,-0.2331,-0.5341,-0.2429,-1.0485,-1.2454,-1.2063,-0.5733,0.7005,-0.9327,0.1065,0.7615,MSFT
2021-06-11,241.4243,249.6431,241.2601,249.0636,107035100,0.0279,0.2777,0.1759,-0.0528,0.5487,-1.0691,-0.7204,-0.5541,-0.4964,0.768,-1.0128,0.6128,0.8452,MSFT
2021-06-11,653.2212,676.8462,649.6679,669.4035,2843000,0.0199,0.2656,0.4703,0.3374,0.5487,-0.8977,-1.4206,-1.0222,-0.1057,0.768,-1.0128,0.6128,0.8332,ASML
2021-06-11,123.3324,125.5709,122.0225,124.4858,327048100,0.0115,0.1397,-0.201,-0.472,-1.0344,-1.1963,-1.1399,-0.9198,-0.337,0.4248,-1.0128,0.6128,-2.3294,AAPL
2021-06-11,121.7329,125.4907,121.2241,124.8422,125510000,0.025,0.3978,0.5485,0.081,0.5487,-1.0563,-0.7171,-0.0534,-2.0206,0.768,-1.0128,0.6128,-0.6649,GOOG
2021-06-11,81.4,82.65,79.7,81.31,137335300,-0.0033,0.0549,0.5877,-0.271,-0.2429,-1.0043,-1.5733,-1.1737,-0.7812,0.7163,-1.0128,0.6128,0.0322,AMD
2021-06-11,17.529,17.9002,17.1386,17.7865,1985340000,0.0142,1.0685,1.8409,1.0761,0.5487,-0.843,0.6589,0.5492,-0.8946,0.768,-1.0128,0.6128,-0.7802,NVDA
2021-06-11,81.201,82.9482,76.6427,77.4431,95466800,-0.0542,-0.9083,-0.2349,-0.8652,-1.0344,0.1098,-0.7993,0.4663,-0.3295,-0.4384,-1.0128,0.6128,-0.7143,MU
2021-06-18,249.0733,253.3227,245.7124,250.551,129177100,0.006,0.2975,0.3184,-0.0157,0.5487,-1.1501,0.0805,0.2281,-0.914,0.768,0.0888,1.0022,0.1231,MSFT
2021-06-18,124.9453,129.5689,124.2121,127.5259,457142800,0.0241,0.3208,0.1624,-0.2272,-0.2429,-0.863,0.0628,0.6062,-0.2251,0.768,0.0888,1.0022,-0.9064,AAPL
2021-06-18,77.5992,81.1229,74.3098,75.1102,110613400,-0.0306,-1.2476,-0.6272,-1.0913,-1.0344,0.339,0.6784,1.1864,-0.0603,-0.5669,0.0888,1.0022,0.8967,MU
2021-06-18,17.867,19.3328,17.5462,18.5982,2650044000,0.0446,0.6222,1.781,1.519,1.3402,0.4711,0.5192,1.3366,-0.6822,0.768,0.0888,1.0022,1.3304,NVDA
2021-06-18,124.8154,126.332,123.3061,124.7141,150110000,-0.001,0.1691,0.4267,0.1095,0.5487,-1.3009,0.6785,0.5944,-1.0601,0.7519,0.0888,1.0022,-1.331,GOOG
2021-06-18,81.51,85.77,78.96,84.65,220182400,0.0403,0.3374,0.6443,0.3054,0.5487,0.0858,-0.3263,0.1382,-0.6288,0.768,0.0888,1.0022,-0.4274,AMD
2021-06-18,671.7851,682.7908,642.0714,644.4724,4154800,-0.038,-0.3787,0.2467,-0.0979,-0.2429,-0.3404,-0.6602,0.2811,1.3257,0.1862,0.0888,1.0022,-0.0705,ASML
2021-06-25,127.3695,131.6119,126.304,130.1163,354155800,0.0201,0.4324,0.404,0.0908,0.5487,-0.893,0.6521,-0.4467,-1.0956,0.768,-0.9378,0.3166,0.1766,AAPL
2021-06-25,75.0126,80.8594,73.8999,80.0687,88568900,0.0639,0.2906,-0.424,-0.0213,-0.2429,0.2454,0.7133,0.0345,1.0039,0.3762,-0.9378,0.3166,0.0175,MU
2021-06-25,250.9276,258.6828,249.0926,255.9497,117966900,0.0213,0.2116,0.3464,0.2793,1.3402,-0.975,0.6225,0.0442,-1.071,0.768,-0.9378,0.3166,-0.8455,MSFT
2021-06-25,83.49,87.14,82.21,85.62,172539400,0.0114,0.529,0.4122,0.8139,1.3402,-0.4787,0.4205,-0.488,-0.8134,0.768,-0.9378,0.3166,-2.2336,AMD
2021-06-25,124.8854,126.9274,124.2837,126.1319,119352000,0.0113,-0.0097,0.2759,0.4641,1.3402,-1.3825,0.7681,-0.1319,-0.9825,0.768,-0.9378,0.3166,-0.2777,GOOG
2021-06-25,651.6079,670.2966,645.7497,659.0123,2531700,0.0223,-0.3472,-0.0509,0.1996,0.5487,-0.9805,-0.2104,-1.2705,-0.5476,0.5255,-0.9378,0.3166,0.4601,ASML
2021-06-25,18.3951,19.3777,17.784,18.9896,2184172000,0.0208,0.7087,1.2426,1.9785,2.1317,0.1716,0.4159,0.3767,-0.6194,0.768,-0.9378,0.3166,-0.3647,NVDA
2021-07-02,257.0796,268.4854,256.8092,268.1474,104367600,0.0466,0.7402,0.728,0.7105,2.1317,-0.8251,0.1166,-0.5264,0.6838,0.768,-0.9692,0.504,0.2526,MSFT
2021-07-02,126.1368,127.9723,123.9096,127.8441,111346000,0.0135,0.1792,0.2483,0.4722,1.3402,-1.1154,-0.1549,-0.3641,-0.8438,0.768,-0.9692,0.504,0.8994,GOOG
2021-07-02,86.38,95.27,86.15,94.7,256540200,0.1008,1.3172,1.1573,1.3252,1.3402,0.4771,0.8302,1.3845,0.9434,0.768,-0.9692,0.504,-0.5332,AMD
2021-07-02,130.4096,136.8513,130.3509,136.8122,321267200,0.0502,0.7716,0.7661,0.5972,1.3402,-0.7271,-0.182,-0.6705,1.3041,0.768,-0.9692,0.504,1.8164,AAPL
2021-07-02,671.2281,677.8258,647.7952,660.2895,3238600,0.0019,0.1722,-0.1378,0.316,1.3402,-0.7773,-0.6063,-0.4382,-0.5399,0.5553,-0.9692,0.504,0.1475,ASML
2021-07-02,80.6544,83.3582,77.0038,78.4094,153551600,-0.0209,0.4162,-0.5727,-0.2789,-1.0344,0.1004,1.2526,1.9499,0.9377,0.0606,-0.9692,0.504,-1.1857,MU
2021-07-02,19.3191,20.4606,19.277,20.4424,2012536000,0.0737,1.0875,1.1956,2.1506,2.1317,-0.4707,-0.4267,-0.1874,-0.5778,0.768,-0.9692,0.504,-0.1789,NVDA
2021-07-09,20.6924,20.8296,19.6579,20.0066,1665060000,-0.0215,0.5358,0.8719,1.3713,1.3402,-0.4543,-0.7173,-1.3056,0.0888,0.4349,-0.688,0.4633,-0.6523,NVDA
2021-07-09,268.5143,271.0833,264.912,268.4274,103360900,0.001,0.4762,0.4845,0.579,2.1317,-1.3323,-0.264,-0.438,1.5251,0.768,-0.688,0.4633,-0.054,MSFT
2021-07-09,136.9198,142.3743,136.9198,141.8464,418559700,0.0361,0.9803,0.989,0.9241,2.1317,-0.9507,0.1436,1.0379,0.4839,0.768,-0.688,0.4633,1.756,AAPL
2021-07-09,128.5697,129.7519,127.1697,128.6938,72916000,0.0066,0.1183,0.0814,0.309,1.3402,-1.4045,-0.8574,-1.5088,-0.9595,0.768,-0.688,0.4633,-1.3575,GOOG
2021-07-09,94.88,95.44,87.45,90.9,177380500,-0.041,0.6356,0.8163,0.7283,0.5487,0.2696,0.9565,-0.2627,1.2909,0.1411,-0.688,0.4633,-0.946,AMD
2021-07-09,662.1144,668.1453,638.4796,663.9582,2664600,0.0055,-0.0462,-0.2679,-0.0639,1.3402,-0.797,-0.2229,-0.9121,-0.7679,0.6409,-0.688,0.4633,0.8949,ASML
2021-07-09,78.8584,79.854,74.1439,76.8574,82709000,-0.02,-0.6765,-0.2626,-0.7497,-1.826,-0.0661,1.1558,-0.3966,-0.3709,-0.1683,-0.688,0.4633,0.032,MU
2021-07-16,76.8672,78.8291,73.0506,73.2166,78603900,-0.0485,-1.0356,-0.4252,-1.0865,-1.826,0.0481,-1.0862,-0.465,0.2869,-0.5689,-0.1836,0.2634,-2.1845,MU
2021-07-16,20.196,20.4881,18.0337,18.1215,2231580000,-0.099,-1.7126,-0.4291,0.0096,0.5487,1.443,-0.4358,0.1441,1.5898,-1.0056,-0.1836,0.2634,1.3362,NVDA
2021-07-16,672.2557,694.3537,659.6461,660.1743,3401500,-0.0057,-0.1458,0.0242,-0.1958,0.5487,-0.6022,-0.1857,0.406,-1.9421,0.5526,-0.1836,0.2634,-0.2049,ASML
2021-07-16,142.9217,146.6264,140.3997,143.0976,504249300,0.0088,0.4413,0.8499,0.9131,2.1317,-0.8258,0.8379,1.7389,1.1691,0.768,-0.1836,0.2634,-0.5339,AAPL
2021-07-16,128.9511,132.0921,128.7192,130.9494,82916000,0.0174,0.169,0.2482,0.3155,1.3402,-1.264,-1.546,-0.9298,-0.9328,0.768,-0.1836,0.2634,0.6375,GOOG
2021-07-16,269.6057,274.3766,267.114,271.1412,116956500,0.0101,0.001,0.5217,0.622,2.1317,-1.2387,-0.1471,0.7386,0.9928,0.768,-0.1836,0.2634,0.4429,MSFT
2021-07-16,91.22,91.9,85.68,85.89,161808100,-0.0567,-1.4148,-0.0621,0.1523,-0.2429,-0.1124,-0.5117,-0.4433,1.3601,-0.6853,-0.1836,0.2634,-1.086,AMD
2021-07-23,72.0745,75.3933,71.4498,74.1243,85625900,0.0123,-0.6149,-0.8928,-0.5772,-1.0344,-0.5868,-0.9418,-0.2141,-1.9751,-0.3918,-0.4077,0.8323,1.7587,MU
2021-07-23,84.99,92.37,84.24,92.15,162242700,0.0704,0.0343,0.4721,0.7162,0.5487,0.2777,-0.8203,-0.3495,1.2606,0.3473,-0.4077,0.8323,-0.7668,AMD
2021-07-23,130.2641,137.865,127.6634,136.8793,99522000,0.0443,0.6593,0.547,0.4628,1.3402,-0.0603,-0.7393,-0.1882,0.5008,0.768,-0.4077,0.8323,0.2603,GOOG
2021-07-23,17.8763,19.8437,17.8266,19.5154,2074262000,0.0741,-0.4671,0.0536,0.4683,0.5487,0.6512,0.0316,-0.1787,1.5027,0.0596,-0.4077,0.8323,-0.7391,NVDA
2021-07-23,269.3835,280.065,265.0568,279.756,129711800,0.0313,0.3947,0.6119,0.6478,2.1317,-0.5757,0.2775,1.3748,0.946,0.768,-0.4077,0.8323,0.3817,MSFT
2021-07-23,647.142,726.7853,644.9717,718.4877,4958000,0.0846,0.8841,0.589,0.2998,0.5487,0.9106,1.0214,2.0267,1.233,0.768,-0.4077,0.8323,1.0006,ASML
2021-07-23,140.517,145.3752,138.4838,145.2188,441563700,0.0147,0.1624,0.8011,0.9374,2.1317,-0.7285,0.7038,0.733,1.1098,0.768,-0.4077,0.8323,-0.5334,AAPL
2021-07-30,279.1089,280.2196,273.266,275.1589,129460200,-0.0166,0.048,0.04,0.4753,1.3402,-1.276,0.5547,1.1289,0.6264,0.5113,-0.1121,0.6519,-0.1445,MSFT
2021-07-30,728.149,738.2329,704.0054,736.3506,3411700,0.0246,1.2783,0.794,0.7784,1.3402,-0.7525,1.2594,0.0498,0.8713,0.768,-0.1121,0.6519,-0.2542,ASML
2021-07-30,19.269,19.8098,18.7002,19.4566,1029275000,-0.003,0.782,-0.6417,0.1036,-0.2429,-0.4923,-0.8899,-2.0147,0.8443,0.0146,-0.1121,0.6519,0.0066,NVDA
2021-07-30,144.9353,146.4602,139.3342,142.5795,423324000,-0.0183,-0.1907,0.1802,0.6123,1.3402,-0.6662,0.2701,0.3069,1.2968,0.4841,-0.1121,0.6519,-0.0094,AAPL
2021-07-30,92.01,106.97,89.1,106.19,527380300,0.1418,2.6188,0.8437,1.4937,0.5487,2.2535,2.1819,2.4505,1.2867,0.768,-0.1121,0.6519,1.0978,AMD
2021-07-30,137.3104,139.0594,133.8979,134.3019,163142000,-0.019,0.1856,0.2526,0.3251,1.3402,-0.9512,1.1086,1.6017,1.8301,0.4738,-0.1121,0.6519,0.5941,GOOG
2021-07-30,73.9974,76.2425,70.7764,75.7251,77371000,0.0214,0.2951,-0.5095,-0.1794,-0.2429,-0.1182,-0.7239,-0.7364,-0.9719,-0.0795,-0.1121,0.6519,1.3913,MU
2021-08-06,77.1502,81.1034,75.6178,80.0395,99322300,0.0554,0.8561,0.1737,-0.2447,-0.2429,-0.2082,-0.4358,0.1272,0.0831,0.768,-0.6585,0.2901,-0.278,MU
2021-08-06,134.5636,136.1484,133.2715,136.1046,81158000,0.0133,-0.2174,0.3134,0.3407,1.3402,-1.3781,1.0339,-0.8618,1.2591,0.6796,-0.6585,0.2901,1.7977,GOOG
2021-08-06,105.93,122.49,103.83,110.11,780433600,0.0362,2.1748,1.5432,1.6839,0.5487,2.2827,4.6922,2.1675,0.7189,0.768,-0.6585,0.2901,0.5601,AMD
2021-08-06,276.5593,279.7173,274.0289,279.5531,80827200,0.0158,-0.153,0.1741,0.4334,1.3402,-1.3975,-0.2752,-1.9444,0.5163,0.7566,-0.6585,0.2901,-1.6362,MSFT
2021-08-06,143.0683,144.7105,141.9148,143.0673,284559400,0.0034,-0.3379,-0.1162,0.4845,1.3402,-1.4175,-0.5986,-1.5652,-0.2317,0.5365,-0.6585,0.2901,1.1422,AAPL
2021-08-06,19.6571,20.6879,19.1782,20.3217,1140496000,0.0435,0.3836,-0.0523,0.2772,-0.2429,-0.0662,-1.8854,-1.3056,0.7826,0.6757,-0.6585,0.2901,-0.7831,NVDA
2021-08-06,740.259,773.7087,737.0899,752.2349,2943900,0.0213,0.4541,0.9371,0.771,1.3402,-0.6983,-0.4025,-0.5604,0.5463,0.768,-0.6585,0.2901,-0.5429,ASML
2021-08-13,279.8333,282.8754,275.439,282.8271,81500400,0.0116,0.2144,0.1884,0.1662,1.3402,-1.2508,-1.2704,-1.3734,0.3574,0.768,-0.7959,0.09,-1.6217,MSFT
2021-08-13,111.31,112.33,104.36,110.55,481264900,0.004,0.3804,2.093,0.9428,0.5487,-0.1204,3.4022,0.6603,-0.2074,0.768,-0.7959,0.09,0.2648,AMD
2021-08-13,79.7759,80.0785,67.1648,69.2244,183487000,-0.1452,-1.3121,-0.7019,-1.1957,-0.2429,2.7043,2.0688,2.0156,1.9181,-1.3428,-0.7959,0.09,-1.5002,MU
2021-08-13,136.0182,137.904,135.5015,137.4653,70838000,0.0099,0.1596,0.2461,0.3136,1.3402,-1.4684,-1.0585,-0.9305,0.9611,0.768,-0.7959,0.09,-0.1459,GOOG
2021-08-13,20.4015,20.4634,19.3877,20.1441,846321000,-0.0088,0.3086,0.7648,-0.3544,-1.0344,-0.5819,-1.7698,-1.4163,-0.6402,0.6314,-0.7959,0.09,0.6879,NVDA
2021-08-13,758.8998,765.4495,745.762,757.6898,2707200,0.0072,0.2284,1.0544,0.8115,1.3402,-1.2585,-0.8247,-0.6556,0.2613,0.768,-0.7959,0.09,0.6636,ASML
2021-08-13,143.126,146.2979,142.2449,145.965,298082900,0.0201,0.162,-0.0141,0.2539,1.3402,-1.2145,-1.3819,-1.0473,0.1603,0.768,-0.7959,0.09,-1.4896,AAPL
2021-08-20,283.1555,295.938,279.2949,294.5059,135064000,0.0405,0.5349,0.2717,0.4679,1.3402,-0.505,-0.1941,1.2289,1.6372,0.768,0.1216,0.3954,-0.621,MSFT
2021-08-20,110.2,111.58,101.98,104.65,353112300,-0.0548,-0.8057,0.9586,0.8365,0.5487,0.3643,0.0691,-0.0078,0.5809,-0.0657,0.1216,0.3954,-0.126,AMD
2021-08-20,137.0621,138.0458,134.436,137.4961,88106000,0.0002,-0.0111,-0.1531,0.2646,1.3402,-1.2518,-0.9808,-0.2397,-0.2183,0.768,0.1216,0.3954,0.0548,GOOG
2021-08-20,145.4168,148.4908,141.4618,145.0742,429361600,-0.0061,0.0378,-0.2029,-0.0696,0.5487,-0.704,-0.4456,0.5443,-0.3564,0.6726,0.1216,0.3954,-0.5265,AAPL
2021-08-20,68.5216,70.1614,67.3893,68.5509,82311700,-0.0098,-2.1608,-0.9021,-1.1175,-0.2429,-0.9017,1.6339,-0.5481,1.303,-1.4743,0.1216,0.3954,1.6991,MU
2021-08-20,20.0912,20.8196,18.7212,20.7707,2143670000,0.0306,0.141,0.3709,0.0451,-0.2429,0.5936,-0.2829,0.9514,-1.1403,0.768,0.1216,0.3954,0.638,NVDA
2021-08-20,756.6047,759.6202,731.0398,756.9407,2383800,-0.001,-0.0623,0.2785,0.7615,0.5487,-0.9679,-1.2057,-1.029,-1.317,0.7525,0.1216,0.3954,-1.0449,ASML
2021-08-27,69.1463,75.1883,67.2527,72.2307,112219100,0.0523,0.41,-0.6219,-0.3456,0.5487,0.8117,-0.4724,0.3797,1.1302,-0.7561,-0.5213,-0.0277,1.4264,MU
2021-08-27,138.0538,144.0254,137.8049,143.568,88538000,0.0432,0.422,0.4106,0.4624,1.3402,-0.8304,-0.5518,-0.1317,0.0942,0.768,-0.5213,-0.0277,0.8208,GOOG
2021-08-27,105.3,111.78,104.86,111.4,278032600,0.0625,-0.0438,0.2401,1.749,1.3402,-0.3666,-1.404,-0.3697,-1.3499,0.768,-0.5213,-0.0277,0.0173,AMD
2021-08-27,20.9254,22.6726,20.9044,22.5867,1763469000,0.0838,1.3466,1.1577,1.4444,0.5487,0.0323,1.5736,0.3217,-0.7567,0.768,-0.5213,-0.0277,-0.7443,NVDA
2021-08-27,763.5193,801.6842,763.0775,799.9075,2758100,0.0552,0.5624,0.5562,1.2279,1.3402,-0.7086,-1.0287,-0.4618,-0.3226,0.768,-0.5213,-0.0277,-0.5383,ASML
2021-08-27,293.4318,295.7541,287.2197,290.0161,101283900,-0.0154,0.1833,0.2826,0.2733,0.5487,-1.1735,0.3977,-0.3681,1.2362,0.5298,-0.5213,-0.0277,0.0788,MSFT
2021-08-27,145.1916,147.688,143.7428,145.4756,272129100,0.0028,-0.1872,-0.0117,-0.1157,0.5487,-1.2304,-0.1175,-1.2853,-1.441,0.7156,-0.5213,-0.0277,0.8868,AAPL
2021-09-03,806.6493,828.776,794.4239,824.0991,3097000,0.0298,0.9632,0.6328,0.808,1.3402,-0.871,0.0705,-0.1076,-0.2873,0.768,-0.5103,-0.0743,0.2051,ASML
2021-09-03,72.3479,72.9628,70.5812,72.0453,65651000,-0.0026,0.5038,-1.1472,-0.4597,-0.2429,-1.0839,-0.7402,-0.8513,0.6299,-0.7923,-0.5103,-0.0743,0.6457,MU
2021-09-03,291.3708,295.3091,290.4612,291.3902,92650700,0.0047,-0.282,0.1819,0.0701,0.5487,-1.4891,-0.3374,-0.6889,1.0369,0.6027,-0.5103,-0.0743,0.6097,MSFT
2021-09-03,22.7803,22.9929,22.0758,22.7973,1192563000,0.0093,1.0686,0.8477,0.9481,0.5487,-0.9069,0.4755,-0.6206,-0.6763,0.768,-0.5103,-0.0743,0.7585,NVDA
2021-09-03,145.8672,151.7214,145.4854,151.0557,386647700,0.0376,0.3825,0.2984,0.0598,0.5487,-0.8809,-0.3032,0.1153,0.5277,0.768,-0.5103,-0.0743,-0.2695,AAPL
2021-09-03,112.61,114.49,108.5,109.92,226745400,-0.0134,0.4962,-0.2095,1.1081,0.5487,-0.5548,-2.2462,-0.6538,-1.2493,0.5604,-0.5103,-0.0743,0.531,AMD
2021-09-03,143.721,145.8226,142.5296,143.791,100444000,0.0016,0.4393,0.3039,0.1353,1.3402,-1.3345,-0.2323,0.1652,0.0985,0.768,-0.5103,-0.0743,-1.3885,GOOG
2021-09-10,22.7873,22.8532,21.933,22.433,897773000,-0.0161,-0.2324,0.7813,0.8479,0.5487,-0.8874,-1.131,-0.9104,-0.4372,0.5184,1.7167,-0.0879,0.3635,NVDA
2021-09-10,291.2644,292.3578,285.8167,286.136,71787600,-0.0182,-0.3189,-0.0885,0.0576,0.5487,-1.3355,-0.6572,-1.2159,1.7511,0.324,1.7167,-0.0879,-0.21,MSFT
2021-09-10,151.7117,153.9535,145.5734,145.8378,354897400,-0.0352,-0.1111,-0.2018,-0.0689,0.5487,-0.4816,0.5044,-0.0592,1.7504,0.2284,1.7167,-0.0879,0.8681,AAPL
2021-09-10,109.96,110.58,104.98,105.2,136343300,-0.0439,-0.8891,-0.6433,-0.3136,-0.2429,-0.586,-2.7129,-1.0507,-0.8368,-0.1014,1.7167,-0.0879,-1.1243,AMD
2021-09-10,71.9965,73.8218,69.4098,71.7427,62282600,-0.0042,-0.2318,0.1299,-0.6554,-1.0344,-0.382,-1.9221,-0.8491,-0.9615,-0.8513,1.7167,-0.0879,-0.0666,MU
2021-09-10,830.9945,840.6653,816.2337,824.8289,3275100,0.0009,0.2559,0.5754,0.6268,1.3402,-1.1687,0.5851,0.1439,-0.3709,0.768,1.7167,-0.0879,-0.6686,ASML
2021-09-10,143.7657,145.0265,140.7781,140.9564,78350000,-0.0199,-0.3825,0.0334,0.1284,1.3402,-1.1559,0.2891,-0.5987,0.8355,0.46,1.7167,-0.0879,1.6354,GOOG
2021-09-17,142.2277,144.592,140.1028,140.502,140072000,-0.0032,-0.4448,0.0021,0.0016,0.5487,-1.1112,0.8117,1.2426,0.6907,0.4107,1.6607,-0.3054,1.9803,GOOG
2021-09-17,834.7687,860.4201,818.625,825.7701,4895900,0.0011,-0.1171,0.5947,0.4721,1.3402,-0.6506,1.4665,2.319,-0.2683,0.768,1.6607,-0.3054,-0.2989,ASML
2021-09-17,287.9164,295.4349,284.5587,290.1613,134785900,0.014,-0.1985,-0.3285,0.0433,0.5487,-0.9746,0.0133,1.2623,-1.601,0.5375,1.6607,-0.3054,-0.5863,MSFT
2021-09-17,72.7774,73.4216,70.0443,72.5236,78317900,0.0108,-0.0574,0.3166,-0.9967,-1.0344,-0.7504,-1.4629,-0.4007,-1.0551,0.768,1.6607,-0.3054,1.1628,MU
2021-09-17,147.4629,148.2363,142.6953,142.989,492884800,-0.0197,-0.8581,-0.325,-0.2461,-0.2429,-0.9433,0.7148,1.6484,1.3672,-0.0663,1.6607,-0.3054,-0.6052,AAPL
2021-09-17,105.26,106.82,102.63,103.88,199074800,-0.0126,-0.8793,-0.2608,-0.6877,-1.0344,-0.9043,-2.0956,-0.796,-0.9513,-0.2865,1.6607,-0.3054,1.9068,AMD
2021-09-17,22.6386,22.9181,21.7863,21.8562,1114329000,-0.0261,-0.6924,0.2677,0.3154,-0.2429,-0.6218,-1.2717,-0.3071,0.0669,0.1231,1.6607,-0.3054,1.0232,NVDA
2021-09-24,286.7359,291.1579,280.1464,289.6581,120872700,-0.0017,0.0158,-0.2051,-0.0592,-0.2429,-0.9615,0.8712,0.7911,-1.4978,0.5108,0.1739,-0.2934,-0.1165,MSFT
2021-09-24,138.0554,141.9322,136.1215,141.6636,107338000,0.0082,-0.0784,-0.3149,-0.0116,0.5487,-0.8874,1.1996,0.6417,-1.4666,0.5368,0.1739,-0.2934,1.5113,GOOG
2021-09-24,805.6312,853.4959,796.8151,834.3846,3952600,0.0104,0.0065,0.1885,0.4963,1.3402,-0.2232,1.5783,0.9182,-1.1995,0.768,0.1739,-0.2934,-1.0861,ASML
2021-09-24,70.8642,73.0018,69.4879,72.2795,88360000,-0.0034,-0.0465,-0.1877,0.0888,-1.0344,-0.6999,0.1073,-0.1784,-1.3483,0.7154,0.1739,-0.2934,0.591,MU
2021-09-24,140.7765,144.3693,138.2997,143.8309,394033300,0.0059,-0.3239,-0.2969,-0.3546,-0.2429,-0.8582,0.7331,0.4332,1.0876,0.0208,0.1739,-0.2934,-0.6748,AAPL
2021-09-24,101.58,106.86,99.51,105.8,174135500,0.0183,-0.0695,-0.6612,-0.5781,-1.0344,-0.1852,-0.9566,-0.7041,-1.4791,-0.0173,0.1739,-0.2934,-0.6539,AMD
2021-09-24,21.1037,22.4899,20.6207,22.0368,1289064000,0.0082,-0.3755,-0.4172,0.4456,0.5487,0.1937,-0.7501,0.014,-1.2665,0.2469,0.1739,-0.2934,-0.676,NVDA
2021-10-01,21.6666,21.7554,20.1626,20.7005,1268665000,-0.0626,-0.8508,-1.068,-0.2678,-0.2429,-0.0007,0.0932,-0.0713,-0.5526,-0.6688,1.643,-0.2214,-0.1,NVDA
2021-10-01,286.5521,286.8714,272.1829,279.74,155541500,-0.0348,-0.6197,-0.5635,-0.6356,-1.0344,-0.6038,1.1673,1.558,0.0103,0.1434,1.643,-0.2214,0.307,MSFT
2021-10-01,140.6232,141.5315,132.096,135.535,151054000,-0.0442,-0.6121,-0.7296,-0.3518,-0.2429,-0.1816,0.8498,1.7403,0.2679,-0.129,1.643,-0.2214,0.9365,GOOG
2021-10-01,71.8891,74.0658,68.5196,69.3896,118653000,-0.0408,-0.7187,-0.5341,-0.1488,-1.0344,0.0729,0.9415,0.5449,-0.8444,0.0929,1.643,-0.2214,0.1585,MU
2021-10-01,809.8568,814.2745,699.5011,712.4084,7929200,-0.158,-2.0661,-1.5134,-0.706,1.3402,2.0764,1.9558,2.3063,2.0782,-1.5157,1.643,-0.2214,-0.9725,ASML
2021-10-01,142.4114,142.8911,136.1851,139.6507,441421300,-0.0295,-0.4511,-0.9051,-0.5335,-0.2429,-0.7146,0.3577,0.8355,-0.4537,-0.4115,1.643,-0.2214,0.7243,AAPL
2021-10-01,105.07,108.44,99.81,102.45,277766300,-0.0322,-0.324,-0.8315,-0.4045,-1.0344,0.1792,0.2482,0.1462,-1.1251,-0.4871,1.643,-0.2214,-1.0377,AMD
2021-10-08,278.095,287.0359,271.1765,285.3038,122462500,0.0197,-0.3407,-0.2202,-0.3673,-0.2429,-0.5278,1.0087,0.2507,0.5811,0.4417,0.5301,-0.5816,-0.6803,MSFT
2021-10-08,138.7794,141.1877,135.3627,139.8954,382910100,0.0018,-0.5047,-0.5708,-0.5413,-0.2429,-0.8721,0.0339,-0.1423,-0.5856,-0.3862,0.5301,-0.5816,0.2662,AAPL
2021-10-08,20.463,21.2794,19.5159,20.7893,1330296000,0.0043,-0.9022,-0.8833,-0.8767,-0.2429,0.1938,0.5099,-0.0799,-0.1816,-0.608,0.5301,-0.5816,1.5768,NVDA
2021-10-08,134.7772,139.3633,130.275,139.1041,112594000,0.026,-0.3809,-0.3137,-0.4837,-0.2429,-0.2873,0.757,0.2061,1.1851,0.2588,0.5301,-0.5816,0.1483,GOOG
2021-10-08,69.0084,70.0542,67.4737,68.5392,80839400,-0.0123,-0.8353,-0.6077,-0.6435,-1.826,-0.9705,1.0952,-0.2303,-0.6652,-0.0903,0.5301,-0.5816,0.4761,MU
2021-10-08,700.0103,723.7984,680.9278,701.3259,6145200,-0.0157,-2.4053,-1.6635,-1.2487,0.5487,-0.3911,2.2981,1.0188,1.3665,-1.7231,0.5301,-0.5816,-1.9461,ASML
2021-10-08,101.74,107.95,99.82,105.06,184660100,0.0252,-0.2349,-0.2059,-0.6904,-1.0344,0.0101,0.8132,-0.6042,-0.8936,0.0773,0.5301,-0.5816,-0.6882,AMD
2021-10-15,104.62,112.84,104.02,112.12,202059400,0.065,1.0308,0.4977,-0.0902,-0.2429,0.0417,-0.0709,-0.1256,-0.0111,0.768,-0.6096,-0.3433,0.7169,AMD
2021-10-15,283.4363,294.593,282.8847,294.3607,113336700,0.0313,0.5198,-0.0637,-0.1642,-0.2429,-0.9181,-0.092,0.0059,1.1542,0.768,-0.6096,-0.3433,-1.5231,MSFT
2021-10-15,139.2787,141.8533,136.2732,141.7946,354098200,0.0135,0.0548,-0.2699,-0.7262,-0.2429,-0.9285,-0.4611,-0.4485,-0.4173,0.3349,-0.6096,-0.3433,-0.9665,AAPL
2021-10-15,20.5339,21.8871,20.47,21.8183,976757000,0.0483,0.5412,-0.2096,-0.5779,-0.2429,-0.2967,0.0245,-0.9397,0.7559,0.3399,-0.6096,-0.3433,0.5802,NVDA
2021-10-15,138.8498,141.2335,135.3239,140.7121,98176000,0.0115,0.3445,-0.1803,-0.4076,-0.2429,-0.8632,-0.4294,-0.4341,1.0099,0.663,-0.6096,-0.3433,0.7107,GOOG
2021-10-15,68.3241,68.7738,64.1895,66.1542,94472000,-0.0354,-0.7652,-1.0267,-0.8949,-1.826,-0.1895,0.0209,0.3822,-0.5889,-0.604,-0.6096,-0.3433,-0.7658,MU
2021-10-15,694.1328,758.3429,692.7691,758.1124,4988800,0.0779,0.6661,-0.9684,-0.8808,0.5487,0.235,0.3622,0.2445,1.3779,-0.66,-0.6096,-0.3433,-0.2301,ASML
2021-10-22,111.9,121.56,111.37,119.82,195164100,0.0664,1.568,0.9336,0.7543,0.5487,0.1992,-0.1838,-0.0723,0.5601,0.768,-0.9492,-0.1206,-1.7808,AMD
2021-10-22,21.7055,23.0837,21.6007,22.6805,934217000,0.0388,0.9901,0.067,-0.1579,0.5487,-0.286,-0.9018,-1.1075,0.9057,0.768,-0.9492,-0.1206,-0.858,NVDA
2021-10-22,140.2537,143.2673,136.2382,137.6828,94852000,-0.0218,-0.2772,-0.4521,-0.4218,-0.2429,-0.6397,-0.9373,-0.6216,0.8882,0.329,-0.9492,-0.1206,1.5264,GOOG
2021-10-22,743.4092,776.7435,728.1874,769.2238,6243800,0.0146,1.0596,-0.9306,-0.7762,0.5487,-0.3418,-0.0792,0.7639,1.0345,-0.452,-0.9492,-0.1206,0.6596,ASML
2021-10-22,65.4993,67.6399,64.7955,65.988,77270200,-0.0025,-0.6374,-1.019,-0.882,-1.826,-0.8359,-0.2296,-0.3061,-0.4226,-0.6398,-0.9492,-0.1206,-1.4308,MU
2021-10-22,140.4339,147.0223,140.15,145.5637,340691300,0.0262,0.3736,-0.0854,-0.2563,0.5487,-0.7345,-0.7081,-1.0222,-0.0321,0.768,-0.9492,-0.1206,-1.3255,AAPL
2021-10-22,293.7415,301.018,292.89,299.1505,91315900,0.0161,0.4735,0.0983,0.0986,0.5487,-1.2292,-0.8897,-0.7856,0.9535,0.768,-0.9492,-0.1206,0.7441,MSFT
2021-10-29,68.0505,69.5167,65.9294,67.5422,79558000,0.0233,0.1268,-0.4383,-0.7866,-1.826,-0.5889,-0.675,-0.2997,0.4294,-0.2559,-0.534,0.4372,0.3124,MU
2021-10-29,767.9945,789.3434,753.109,780.6617,3748500,0.0148,0.2381,0.6351,-0.6719,0.5487,-0.7542,-0.4892,-0.8835,-0.5156,-0.2378,-0.534,0.4372,-1.0686,ASML
2021-10-29,299.3441,321.251,296.538,320.8833,159314400,0.0701,0.9797,1.0494,0.5286,0.5487,0.001,-0.0842,1.3431,0.2162,0.768,-0.534,0.4372,-0.1906,MSFT
2021-10-29,137.867,148.1045,135.8191,147.2627,162562000,0.0673,0.4489,0.558,0.1179,0.5487,0.1592,0.3195,1.5597,1.1527,0.768,-0.534,0.4372,0.2309,GOOG
2021-10-29,22.9271,25.6576,22.7245,25.5159,1488830000,0.1178,1.8948,1.701,0.9433,1.3402,0.9373,-0.0225,1.5924,0.5944,0.768,-0.534,0.4372,0.4078,NVDA
2021-10-29,120.52,128.08,118.6,120.23,306860900,0.0034,0.7657,1.2561,0.8771,1.3402,0.0463,0.636,1.8205,-0.5348,0.768,-0.534,0.4372,-0.5156,AMD
2021-10-29,145.5538,149.9495,143.3316,146.6503,392740000,0.0074,0.2949,0.2493,-0.0483,1.3402,-0.786,-0.2486,0.0062,-1.4408,0.768,-0.534,0.4372,-0.3878,AAPL
2021-11-05,147.1579,149.5474,142.6036,148.2266,116416000,0.0065,0.8172,0.3816,0.1048,0.5487,-0.7436,0.7106,-0.2263,0.9295,0.768,-0.4311,0.7966,-0.1482,GOOG
2021-11-05,25.5977,31.3372,25.1765,29.6925,2804653000,0.1516,3.3638,3.0357,2.0408,1.3402,3.2209,2.4121,2.4384,0.9216,0.768,-0.4311,0.7966,0.4045,NVDA
2021-11-05,67.4151,72.0776,67.3858,71.2761,60972300,0.0538,0.8601,0.1609,-0.3489,-1.0344,-0.2751,-0.9303,-1.4184,1.6271,0.768,-0.4311,0.7966,0.7365,MU
2021-11-05,145.8574,149.225,144.6924,148.3153,324080300,0.0113,0.1003,0.3357,-0.0068,1.3402,-1.1455,-0.209,-1.1896,-1.2629,0.768,-0.4311,0.7966,-0.1386,AAPL
2021-11-05,320.6317,327.8212,315.8033,325.1796,121622700,0.0133,0.9427,0.9914,0.6437,1.3402,-0.9876,0.5332,-0.2298,0.4567,0.768,-0.4311,0.7966,-1.5222,MSFT
2021-11-05,119.45,141.22,118.13,136.34,317335300,0.1257,1.5381,2.1674,1.6996,1.3402,2.28,1.3605,1.5249,1.1843,0.768,-0.4311,0.7966,-0.058,AMD
2021-11-05,774.9283,822.8905,764.9117,815.5343,3437800,0.0437,0.6176,1.1731,-0.4168,0.5487,-0.1452,-1.7684,-1.1213,-0.773,0.768,-0.4311,0.7966,-0.4165,ASML
2021-11-12,137.7,155.65,137.7,147.89,443022500,0.0813,2.5524,2.3149,2.5684,2.1317,1.0958,1.9944,2.0285,1.0919,0.768,-0.4734,0.3738,1.298,AMD
2021-11-12,71.667,76.2611,71.4715,75.5573,92843700,0.0583,1.3165,1.0103,0.41,-0.2429,-0.3353,-0.2728,0.4157,0.6002,0.768,-0.4734,0.3738,-1.2317,MU
2021-11-12,148.9805,150.008,144.3373,148.6284,87484000,0.0027,-0.0233,0.302,0.4641,1.3402,-0.9581,-0.4789,-1.0593,0.7855,0.768,-0.4734,0.3738,2.1154,GOOG
2021-11-12,823.7279,825.1145,784.829,819.9922,3089500,0.0055,0.4964,0.517,0.8348,1.3402,-0.6872,-1.5351,-1.0791,-1.0499,0.768,-0.4734,0.3738,-0.2161,ASML
2021-11-12,148.4428,148.5997,144.5898,147.0506,281799900,-0.0086,-0.108,0.1359,0.1534,1.3402,-1.2267,-0.6605,-1.6639,-0.461,0.6348,-0.4734,0.3738,-1.5574,AAPL
2021-11-12,30.0887,32.2454,28.7204,30.3292,2531279000,0.0212,2.1064,2.7903,2.6821,2.1317,0.9687,3.0769,1.4252,1.1851,0.768,-0.4734,0.3738,0.9935,NVDA
2021-11-12,326.3794,327.7535,319.2384,325.8182,108386100,0.002,0.0552,0.7261,0.9254,2.1317,-1.2547,-0.2019,-0.6641,0.8858,0.768,-0.4734,0.3738,-0.6456,MSFT
2021-11-19,147.4232,157.8645,146.4134,157.4037,462419300,0.068,0.6308,0.5147,0.6608,1.3402,-0.1043,0.1772,1.5639,1.7223,0.768,0.2988,0.6013,1.8284,AAPL
2021-11-19,823.2371,848.3866,815.7653,825.3264,3522300,0.0065,0.0119,0.444,1.0045,2.1317,-0.9242,-1.0943,-0.7664,-1.0522,0.768,0.2988,0.6013,-0.4619,ASML
2021-11-19,148.0,158.89,142.86,155.41,262181200,0.0496,1.561,2.1625,2.7555,2.1317,0.6459,1.1687,-0.1013,0.9102,0.768,0.2988,0.6013,0.3901,AMD
2021-11-19,148.9805,150.8179,147.3417,148.9333,95216000,0.002,-0.0816,0.5178,0.2808,1.3402,-1.3237,-0.8604,-0.6838,-0.1343,0.768,0.2988,0.6013,0.7836,GOOG
2021-11-19,30.4909,33.0218,28.7424,32.919,2393479000,0.0819,1.1996,3.1815,3.2766,2.1317,1.3086,1.7032,0.9667,0.64,0.768,0.2988,0.6013,-0.7825,NVDA
2021-11-19,326.6117,334.5379,323.2153,332.6088,101090100,0.0206,0.1506,0.7667,0.9326,2.1317,-1.0596,-0.5104,-0.8255,0.8208,0.768,0.2988,0.6013,-0.2962,MSFT
2021-11-19,76.0069,81.9694,73.4949,81.1581,100123100,0.0715,1.547,1.681,1.0519,0.5487,0.6774,0.7531,0.7419,-0.5156,0.768,0.2988,0.6013,0.249,MU
2021-11-26,33.45,34.5777,30.8182,31.44,2004729000,-0.046,0.3248,1.6977,2.5549,1.3402,1.0514,0.437,0.3127,1.7924,0.0661,3.2665,0.6735,1.2273,NVDA
2021-11-26,157.14,161.88,145.3,154.81,218449000,-0.0039,0.4519,2.0965,2.228,1.3402,0.7435,-0.9123,-0.5217,0.912,0.7076,3.2665,0.6735,0.227,AMD
2021-11-26,334.0725,338.968,318.0775,319.5898,107337200,-0.0399,-0.3948,-0.2305,0.3877,1.3402,-0.2865,-0.4931,-0.3779,-0.2664,0.1565,3.2665,0.6735,0.5985,MSFT
2021-11-26,158.5115,162.4527,153.2958,153.737,359933200,-0.0236,0.4354,0.2337,0.3772,0.5487,-0.4297,0.7295,-0.0103,1.537,0.4041,3.2665,0.6735,0.6105,AAPL
2021-11-26,823.2371,827.724,747.1815,752.9683,4106800,-0.0918,-1.2537,-0.5211,-0.294,1.3402,0.7402,-0.2822,-0.2149,0.0432,-0.6016,3.2665,0.6735,-0.1021,ASML
2021-11-26,81.7739,85.7326,80.1318,81.5393,104751800,0.0047,0.8485,1.5125,1.3589,1.3402,-0.2045,0.9959,1.3462,0.5581,0.768,3.2665,0.6735,-0.2126,MU
2021-11-26,149.1213,149.7199,141.5171,141.8354,76190000,-0.0488,-0.7526,-0.5341,-0.181,0.5487,-0.4724,-0.9883,-1.0955,-1.4516,0.0235,3.2665,0.6735,1.406,GOOG
2021-12-03,157.5,164.46,140.72,144.01,318731700,-0.0723,-1.1354,0.302,1.1659,0.5487,2.1688,-0.7235,0.4791,1.5326,-0.3779,2.8133,0.9474,-0.3798,AMD
2021-12-03,765.4757,801.7463,731.6123,742.8584,5829100,-0.0135,-1.5141,-1.0395,-0.5089,0.5487,0.4303,1.3288,1.3007,-0.1553,-0.7929,2.8133,0.9474,-0.4109,ASML
2021-12-03,324.6888,328.8959,308.2963,313.1239,177332000,-0.0204,-0.9295,-0.5361,0.1076,0.5487,-0.2761,0.5232,1.9028,-0.7017,-0.1472,2.8133,0.9474,-0.7091,MSFT
2021-12-03,82.4777,87.0424,78.822,79.7799,119985900,-0.0218,-0.3665,0.8273,1.2111,1.3402,0.6433,1.077,1.6383,1.5496,0.4309,2.8133,0.9474,-0.3491,MU
2021-12-03,143.3177,145.8638,140.0238,141.5518,144280000,-0.002,-0.8053,-0.6113,-0.0297,0.5487,-0.8815,-0.1681,1.2316,-1.3724,-0.0063,2.8133,0.9474,0.8819,GOOG
2021-12-03,156.2468,166.9626,154.7076,158.6684,669611100,0.0316,-0.0393,0.4175,0.4181,0.5487,0.0065,1.2462,2.315,1.1733,0.768,2.8133,0.9474,-1.112,AAPL
2021-12-03,32.3013,33.3452,30.0734,30.6354,2578613000,-0.0259,-1.0796,0.0894,2.0597,0.5487,0.736,-0.0287,0.8818,-0.0595,-0.3157,2.8133,0.9474,0.3586,NVDA
2021-12-10,161.0704,176.1098,161.0606,175.9333,569227700,0.1033,1.6123,1.4309,1.1518,0.5487,0.2114,2.048,1.1372,1.376,0.768,0.0898,0.2389,0.1285,AAPL
2021-12-10,29.8239,32.3881,27.9853,30.1413,2704874000,-0.0163,-0.6927,-0.2502,1.0335,-0.2429,1.7053,0.2808,0.8472,-0.1605,-0.5502,0.0898,0.2389,-0.9901,NVDA
2021-12-10,79.9852,85.0777,78.7145,83.6115,73640500,0.0469,0.1832,0.7239,1.392,1.3402,-0.0215,0.2612,-0.7604,1.0118,0.768,0.0898,0.2389,-0.302,MU
2021-12-10,142.5982,148.5882,139.6911,147.6645,104634000,0.0423,0.3809,-0.2528,-0.221,0.5487,-0.4127,1.017,-0.157,0.7109,0.6349,0.0898,0.2389,1.8728,GOOG
2021-12-10,314.0352,332.5021,309.4596,332.0562,146125400,0.0587,0.3547,-0.022,0.0202,0.5487,-0.1871,1.4214,0.684,2.0767,0.742,0.0898,0.2389,-1.2956,MSFT
2021-12-10,141.14,147.04,134.2,138.55,256357600,-0.0387,-1.5883,-0.7849,0.8439,-0.2429,0.3875,-0.2706,-0.4086,0.1155,-0.9267,0.0898,0.2389,-0.3776,AMD
2021-12-10,730.688,779.3312,713.8573,752.7949,4069400,0.0133,-0.1465,-0.9685,-0.5201,0.5487,0.2468,1.2168,-0.1295,0.092,-0.6049,0.0898,0.2389,0.2942,ASML
2021-12-17,138.25,147.93,130.6,137.75,284366100,-0.0058,-0.7221,-1.2868,-0.1631,-1.0344,1.2052,-0.481,-0.2168,-1.2826,-1.0072,0.7332,0.3045,1.3311,AMD
2021-12-17,330.2531,333.268,307.5402,313.8897,191504300,-0.0563,-0.1117,-0.7187,-0.5124,-0.2429,0.1232,1.1292,1.5842,1.7031,-0.1112,0.7332,0.3045,-0.7741,MSFT
2021-12-17,84.6574,85.41,79.1152,81.1288,78777500,-0.0301,0.0748,-0.1971,0.7493,0.5487,0.0152,-1.0441,-0.5011,0.1866,0.3041,0.7332,0.3045,0.6027,MU
2021-12-17,177.5706,178.5608,166.3646,167.7861,769299200,-0.0474,0.5839,0.3849,0.7024,-0.2429,-0.1058,1.5082,1.7356,1.379,0.0446,0.7332,0.3045,1.2556,AAPL
2021-12-17,147.4351,147.5528,140.8243,141.8324,146966000,-0.0403,-0.1177,-0.6365,-0.5794,-0.2429,-0.7289,0.7896,1.0211,1.0908,0.0232,0.7332,0.3045,-1.9804,GOOG
2021-12-17,751.5721,770.1265,715.6386,722.0125,5031800,-0.0418,-0.5141,-1.4056,-1.1743,-0.2429,-0.0372,0.3281,1.0785,0.4042,-1.1875,0.7332,0.3045,-0.5211,ASML
2021-12-17,30.1922,31.1015,27.1988,27.7488,3384800000,-0.0827,-1.432,-1.7419,-0.7601,-1.0344,1.5713,0.8862,1.6717,-1.6139,-1.6855,0.7332,0.3045,-0.1043,NVDA
2021-12-24,164.9822,173.3843,164.1783,172.8255,359176900,0.0296,-0.3756,0.8665,0.9945,0.5487,-0.5851,0.3117,-0.628,0.8909,0.492,-0.1052,-0.6288,0.2038,AAPL
2021-12-24,135.97,149.02,133.52,146.14,191558100,0.0591,0.5509,-0.716,-0.333,-1.0344,0.7179,-0.3637,-1.2217,0.365,-0.1638,-0.1052,-0.6288,-1.5761,AMD
2021-12-24,719.8268,775.7878,716.7939,771.6379,2516600,0.0665,0.1784,0.028,-0.7072,-0.2429,-0.0129,-0.5159,-1.3359,0.4156,-0.2482,-0.1052,-0.6288,1.2367,ASML
2021-12-24,139.7234,147.5628,139.2967,146.1424,72068000,0.0299,-0.2784,0.0772,-0.371,-0.2429,-0.5038,0.136,-1.1524,0.3692,0.4752,-0.1052,-0.6288,0.3047,GOOG
2021-12-24,310.2545,326.0944,307.8504,324.4464,97516400,0.0331,-0.4454,-0.0572,-0.2742,-0.2429,-0.5119,0.2848,-0.9174,1.2627,0.3846,-0.1052,-0.6288,-0.6997,MSFT
2021-12-24,80.2882,92.8583,79.0859,92.2913,135704400,0.1289,1.1424,0.9284,1.2897,0.5487,1.7832,0.2507,1.6823,1.9333,0.768,-0.1052,-0.6288,0.2503,MU
2021-12-24,27.2537,30.0026,27.094,29.5843,1724438000,0.0641,-0.3863,-0.745,-0.4322,-1.0344,0.5266,0.1806,-1.567,0.1369,-0.8145,-0.1052,-0.6288,0.3412,NVDA
2021-12-31,29.6043,31.2712,29.2759,29.3558,1742810000,-0.0078,0.5895,-0.5804,-1.1189,-1.826,-0.2223,-1.3914,-1.1433,0.0717,-0.2676,-0.2987,-0.9303,0.469,NVDA
2021-12-31,173.6196,177.7765,173.6,174.0902,340248100,0.0073,0.3367,0.6465,0.5295,0.5487,-1.3076,-1.661,-0.757,0.759,0.6043,-0.2987,-0.9303,1.0248,AAPL
2021-12-31,147.51,156.73,143.55,143.9,257101800,-0.0154,0.4252,-0.2008,-0.8309,-1.826,0.3608,-0.6276,-0.2558,-0.8217,-0.3329,-0.2987,-0.9303,0.0392,AMD
2021-12-31,91.6071,94.5688,89.9845,91.147,96016900,-0.0125,1.3724,1.013,0.6467,-0.2429,-0.6584,0.7318,-0.1754,1.2744,0.5743,-0.2987,-0.9303,-1.7279,MU
2021-12-31,325.1929,333.7622,325.1638,326.0266,84645800,0.0049,0.3504,0.172,-0.3949,-0.2429,-1.2488,-1.6857,-1.0428,0.8176,0.4843,-0.2987,-0.9303,-1.12,MSFT
2021-12-31,764.8885,786.9375,764.8499,766.5635,2129200,-0.0066,0.636,0.0907,-0.8073,-1.0344,-1.1886,-2.1605,-1.3261,0.2561,0.6652,-0.2987,-0.9303,1.6004,ASML
2021-12-31,146.4612,147.4177,143.6942,143.6961,79178000,-0.0169,0.0265,-0.0576,-0.5159,-1.0344,-1.2602,-1.4315,-0.7081,0.6227,0.3482,-0.2987,-0.9303,-0.1197,GOOG
2022-01-07,766.1785,769.6641,702.6979,728.0112,6192400,-0.0516,-0.9012,-0.4972,-0.4999,-1.0344,0.3705,-0.1722,1.4475,0.6097,-0.1152,0.0361,-0.654,-1.389,ASML
2022-01-07,143.4935,145.6135,134.8661,136.0733,146242000,-0.0545,-1.073,-0.9345,-0.5594,-1.0344,0.0496,-0.1381,1.2178,0.3614,-0.4583,0.0361,-0.654,-0.9491,GOOG
2022-01-07,174.345,179.3549,167.6783,168.796,481949000,-0.0309,-0.4507,-0.5691,0.4735,0.5487,-0.1925,-1.1941,-0.0913,-0.9979,0.1342,0.0361,-0.654,0.295,AAPL
2022-01-07,325.0863,327.6551,300.5993,304.4284,173959800,-0.0685,-0.9727,-0.9809,-0.6139,-0.2429,0.2937,-0.5809,0.9796,0.5782,-0.5318,0.0361,-0.654,0.056,MSFT
2022-01-07,29.759,30.6533,27.0062,27.1958,2280890000,-0.0764,-1.2395,-1.1255,-1.352,-1.826,1.41,-0.8597,-0.0955,0.5404,-0.9859,0.0361,-0.654,-0.6734,NVDA
2022-01-07,91.8907,96.3331,91.47,92.4191,104221800,0.0139,-0.1255,0.7135,0.717,-0.2429,-0.6011,-0.0747,0.1657,0.9562,0.768,0.0361,-0.654,-1.6657,MU
2022-01-07,145.14,152.42,131.13,132.0,328244300,-0.0863,-1.4684,-0.6326,-1.4621,-1.826,2.0809,0.3732,1.4411,0.6108,-0.7435,0.0361,-0.654,-1.2772,AMD
2022-01-14,300.0177,313.5117,294.4534,300.706,193260900,-0.0123,-1.1961,-0.5826,-0.5516,-0.2429,-0.3355,1.256,1.1172,-0.0158,-0.7069,0.1303,-0.9594,0.1791,MSFT
2022-01-14,26.5311,28.5413,25.5958,26.8914,2318186000,-0.0113,-1.2851,-0.4782,-1.2397,-1.826,0.8035,-0.1416,-0.0091,-0.1469,-0.9163,0.1303,-0.9594,-0.6792,NVDA
2022-01-14,689.9016,749.0206,674.679,716.8709,7996100,-0.0154,-1.0161,-0.2586,-0.5145,-1.0344,0.6597,2.7288,1.7452,0.0643,-0.3408,0.1303,-0.9594,0.3263,ASML
2022-01-14,134.1808,142.2123,132.2356,138.8364,131632000,0.0201,-0.5915,-0.3873,-0.3901,-0.2429,-0.1262,1.1652,0.6155,0.4551,-0.166,0.1303,-0.9594,-0.0914,GOOG
2022-01-14,92.2332,96.0004,89.0824,95.2665,90618900,0.0303,0.432,1.2616,1.1163,0.5487,-0.1075,0.0409,-0.4532,0.3713,0.768,0.1303,-0.9594,1.2122,MU
2022-01-14,165.7665,173.7078,164.8744,169.6783,422655700,0.0052,-0.4777,-0.0923,0.2717,0.5487,-0.6149,-0.4155,-0.4384,-1.4359,0.2126,0.1303,-0.9594,0.7976,AAPL
2022-01-14,129.08,141.25,125.03,136.88,379191300,0.0363,-0.7947,-0.2513,-0.6306,-1.0344,1.0248,1.3018,1.6988,0.8257,-0.2219,0.1303,-0.9594,1.0232,AMD
2022-01-21,713.5011,713.5396,668.9019,668.9211,5997800,-0.0692,-1.2456,-1.4881,-1.1462,-1.826,-0.2528,2.1122,0.5667,-2.0868,-1.3115,2.031,-0.2046,-0.2971,ASML
2022-01-21,135.6716,137.4588,129.1174,129.2078,112028000,-0.0719,-0.8176,-1.3097,-1.264,-1.0344,-0.3064,0.3165,-0.1374,0.6553,-1.0422,2.031,-0.2046,-0.1162,GOOG
2022-01-21,294.7635,304.3024,286.5625,286.9697,181632200,-0.0468,-0.9125,-1.306,-1.359,-1.0344,-0.3741,1.1365,0.6566,-1.0482,-1.1034,2.031,-0.2046,-0.0687,MSFT
2022-01-21,134.5,136.39,118.39,118.81,313201800,-0.1416,-1.5142,-2.0697,-1.4185,-1.0344,1.8394,0.9553,0.4322,1.3183,-2.1534,2.031,-0.2046,2.873,AMD
2022-01-21,168.1489,169.1587,159.1194,159.2272,400041100,-0.0636,-0.9033,-0.9363,-1.0057,-0.2429,-0.3437,-0.5846,-0.634,-0.8337,-0.5657,2.031,-0.2046,1.1925,AAPL
2022-01-21,93.4759,93.8868,79.7671,80.1683,93361900,-0.1726,-1.995,-1.4697,-0.5638,-0.2429,2.4471,-0.4175,-0.2455,1.4045,-1.7078,2.031,-0.2046,0.9676,MU
2022-01-21,26.2107,26.588,23.2193,23.3301,2066724000,-0.1421,-2.1397,-2.3457,-2.2028,-1.826,1.6639,-0.1496,-0.4935,0.4934,-2.5344,2.031,-0.2046,0.3593,NVDA
2022-01-28,115.4,117.16,99.35,105.24,520769200,-0.1213,-3.5659,-3.0286,-2.3027,-1.0344,2.2769,1.3355,2.1298,1.1619,-3.6039,1.5929,-0.0971,-0.0355,AMD
2022-01-28,283.2569,299.058,267.6012,298.8253,352234000,0.0405,-0.2252,-0.9832,-0.6184,-0.2429,0.6983,2.4926,2.2123,0.1877,-0.5354,1.5929,-0.0971,-1.1271,MSFT
2022-01-28,156.8841,167.0116,151.6683,166.992,688258600,0.0476,-0.3513,-0.571,-0.2782,0.5487,0.3679,1.1027,1.2294,-0.0659,0.131,1.5929,-0.0971,1.3978,AAPL
2022-01-28,125.1709,132.464,123.7948,132.3836,191552000,0.0243,-0.7632,-0.9368,-0.7696,-0.2429,-0.2835,1.2612,1.8124,2.0079,-0.7027,1.5929,-0.0971,-0.5683,GOOG
2022-01-28,22.2881,24.0118,20.8488,22.7971,3451684000,-0.0231,-2.294,-2.4848,-1.7466,-1.826,1.5246,1.1341,1.5441,0.1713,-2.8159,1.5929,-0.0971,0.2835,NVDA
2022-01-28,78.544,82.9668,73.8961,77.5655,120032800,-0.033,-2.8198,-1.6557,-0.5857,-0.2429,0.9864,-0.0073,1.0746,1.0187,-2.1346,1.5929,-0.0971,0.9873,MU
2022-01-28,641.3065,663.0573,597.6123,621.0096,9110100,-0.0743,-2.0125,-2.1017,-1.3955,-1.826,0.7012,1.7439,1.5835,-1.5751,-2.2814,1.5929,-0.0971,-0.6123,ASML
2022-02-04,626.5268,665.5607,619.4017,628.5584,5091100,0.0121,-0.9538,-1.5247,-1.8119,-1.826,-0.0873,0.8623,-0.1411,-0.0482,-2.0443,0.6842,0.0307,0.0064,ASML
2022-02-04,133.2859,151.0662,131.375,142.044,281164000,0.0704,1.0896,0.1952,-0.4596,-0.2429,1.5216,2.6352,2.1032,1.8745,0.5884,0.6842,0.0307,-1.0505,GOOG
2022-02-04,23.1385,25.7685,23.0087,24.2733,2392031000,0.0627,0.3725,-1.2239,-1.7566,-1.826,0.9063,1.1936,-0.0076,1.398,-1.9366,0.6842,0.0307,0.8023,NVDA
2022-02-04,107.93,130.06,106.9,123.6,589550400,0.1608,0.3711,-0.7896,-1.5243,-1.0344,2.7248,2.0551,1.7933,1.9302,-1.4357,0.6842,0.0307,-1.28,AMD
2022-02-04,166.8254,172.7862,166.1881,169.227,458553300,0.0133,0.6495,-0.1708,-0.4029,0.5487,-0.9375,1.2057,-0.1702,-0.0821,0.3316,0.6842,0.0307,-2.0488,AAPL
2022-02-04,299.4942,305.4754,290.7794,296.5764,202857400,-0.0076,0.2852,-0.4306,-0.9294,-1.0344,-0.6768,2.0876,0.2638,-1.2059,-0.6431,0.6842,0.0307,0.6095,MSFT
2022-02-04,77.2622,83.3484,76.3424,79.4247,92254100,0.0237,-0.2648,-1.5667,-1.3913,-0.2429,0.2773,0.3445,-0.4741,0.87,-1.8297,0.6842,0.0307,0.4009,MU
2022-02-11,123.56,132.96,111.81,113.18,533187300,-0.0881,0.8035,-1.9164,-2.0802,-1.0344,2.7123,1.3725,1.0608,1.3363,-1.9368,1.3553,0.2424,-1.2463,AMD
2022-02-11,142.7323,142.8688,132.3826,133.2184,179320000,-0.0641,-0.0617,-0.5681,-0.8215,-0.2429,0.043,1.6944,0.4868,1.6705,-0.2026,1.3553,0.2424,-2.166,GOOG
2022-02-11,169.6883,173.4089,164.9568,165.5458,412902000,-0.022,-0.2568,-0.4173,-0.6271,-0.2429,-0.6397,-0.4654,-0.2706,0.1498,0.3875,1.3553,0.2424,2.1525,AAPL
2022-02-11,296.7993,302.383,285.2151,286.01,176801000,-0.0363,-0.7142,-0.6478,-1.2444,-1.826,-0.4183,-0.5878,-0.0405,-0.6262,-0.1772,1.3553,0.2424,-0.3161,MSFT
2022-02-11,79.6106,92.605,78.7495,87.83,117323100,0.1006,1.4746,-0.9302,-0.5257,0.5487,1.9937,0.0833,0.7267,1.5765,-0.4514,1.3553,0.2424,0.4792,MU
2022-02-11,24.3262,26.8744,23.7284,23.904,2430181000,-0.0153,0.4738,-1.2608,-1.8146,-1.826,1.3485,-0.1747,0.2799,1.3531,-1.1228,1.3553,0.2424,-0.1709,NVDA
2022-02-11,629.8487,656.8854,602.0221,604.9011,4185100,-0.0384,-0.4857,-1.7326,-2.0551,-1.826,0.3387,-1.4654,-0.4714,-0.2157,-1.8737,1.3553,0.2424,0.4171,ASML
2022-02-18,115.51,121.88,109.89,113.83,610732700,0.0057,-1.2156,-0.5818,-1.3756,-0.2429,0.6999,0.8516,1.2925,0.7674,-1.8626,1.305,-0.1449,-1.4137,AMD
2022-02-18,23.8891,26.5321,23.0566,23.5976,3444819000,-0.0129,-0.5111,-0.0906,-1.3283,-1.826,1.7352,0.4848,1.5763,-1.5555,-1.1454,1.305,-0.1449,0.5642,NVDA
2022-02-18,90.012,94.425,86.8025,88.8476,103616200,0.0115,1.3162,0.7375,-0.5436,0.5487,0.2176,0.3772,0.1649,-1.2268,-0.2846,1.305,-0.1449,1.1991,MU
2022-02-18,132.4591,137.0084,129.4214,129.5807,141806000,-0.0277,-1.3391,-0.1677,-0.6161,-0.2429,-0.4547,-0.3827,-0.2326,0.6941,-0.6027,1.305,-0.1449,1.3306,GOOG
2022-02-18,602.8887,641.2583,596.9672,623.7633,4241600,0.0307,-0.2432,-0.8271,-1.425,-1.0344,-0.1473,-1.6283,-0.5955,0.5465,-1.2609,1.305,-0.1449,0.7689,ASML
2022-02-18,164.2991,170.1596,163.1407,164.2304,362252300,-0.008,-0.5337,0.0864,-0.4518,-0.2429,-0.845,-0.8076,-0.7529,-0.836,0.2664,1.305,-0.1449,-1.4067,AAPL
2022-02-18,284.7788,292.2646,278.121,279.6947,160125500,-0.0223,-0.9065,-0.4265,-0.8906,-1.826,-0.6517,-1.0661,-0.3826,-1.0772,-0.3235,1.305,-0.1449,0.0784,MSFT
2022-02-25,129.1015,134.4688,123.9165,133.6052,134740000,0.0306,-0.1058,-0.1106,-0.5359,-0.2429,0.0495,-1.0691,-0.5371,0.5808,-0.1601,1.1754,-0.573,0.1274,GOOG
2022-02-25,22.9917,24.1715,20.8508,24.1116,2464600000,0.0215,-0.0309,0.3141,-1.0772,-1.0344,1.4993,0.4664,-0.2351,-1.323,0.6639,1.1754,-0.573,-1.4489,NVDA
2022-02-25,115.27,121.23,104.26,121.06,532725500,0.0616,0.7328,1.075,-1.1821,-0.2429,1.5599,0.5477,0.5277,0.092,0.4469,1.1754,-0.573,0.0437,AMD
2022-02-25,87.9082,91.9494,81.9883,88.1626,83442100,-0.0077,-0.0943,0.9664,-0.8351,-0.2429,0.8888,-0.4278,-1.306,-1.2519,0.6475,1.1754,-0.573,0.6625,MU
2022-02-25,276.8485,289.1173,263.7541,288.8065,169083700,0.0321,-0.0168,-0.5028,-0.551,-1.0344,0.2677,-1.0823,-0.4902,-1.2269,0.2442,1.1754,-0.573,0.1298,MSFT
2022-02-25,614.78,642.356,577.4021,642.3367,5274200,0.0293,0.6383,0.1121,-1.0823,-0.2429,0.596,-0.8346,-0.3944,-0.7515,0.1471,1.1754,-0.573,0.9026,ASML
2022-02-25,161.9529,163.6316,149.2111,161.8254,414293700,-0.0148,-0.4394,-0.4786,-0.6046,-1.0344,0.2995,-0.7861,-0.3776,-1.5669,0.0847,1.1754,-0.573,-0.8886,AAPL
2022-03-04,160.0682,165.8108,158.9982,160.1762,418671400,-0.0102,-0.469,-0.6919,-0.1964,-1.0344,-0.85,-0.495,-0.253,-1.5051,-0.0675,1.7238,0.433,1.1722,AAPL
2022-03-04,23.947,24.6187,22.4436,22.8968,2075527000,-0.0517,-0.536,-0.7228,-0.3854,-1.0344,0.4447,-0.8575,-0.8916,-1.2204,-0.1179,1.7238,0.433,0.2425,NVDA
2022-03-04,120.31,124.61,106.81,108.41,594098900,-0.1104,-0.7787,-1.3819,-0.9431,-0.2429,2.1525,-0.0101,0.8443,-0.6666,-1.1518,1.7238,0.433,0.7897,AMD
2022-03-04,86.5481,92.0472,78.7886,80.1487,116774600,-0.0953,-1.485,-0.1116,-0.2437,-0.2429,2.183,-0.2798,1.081,-0.0208,-0.7615,1.7238,0.433,0.1361,MU
2022-03-04,285.8923,294.4599,278.9564,281.5695,157389300,-0.0254,-0.0565,-0.6643,-0.3873,-1.0344,-0.5408,-1.0349,-0.6336,-0.8855,-0.1341,1.7238,0.433,-0.2021,MSFT
2022-03-04,623.5901,647.5843,560.0226,572.2412,7157500,-0.1156,-1.2659,-1.0443,-1.4369,-0.2429,1.8767,0.3242,0.6189,1.7569,-0.9367,1.7238,0.433,0.1713,ASML
2022-03-04,132.3786,135.7846,129.5222,131.224,122508000,-0.018,0.0206,-0.9117,-0.1233,-0.2429,-0.7219,-1.3986,-0.6892,-1.0459,-0.422,1.7238,0.433,-0.9235,GOOG
2022-03-11,22.778,23.1803,20.6147,22.0623,2296305000,-0.0371,-1.3,-0.9203,-0.4927,-1.0344,0.9703,-0.6973,-0.4797,-0.9139,-0.655,1.3859,-0.0619,0.7019,NVDA
2022-03-11,80.002,81.1859,71.0781,71.2542,119185100,-0.1176,-2.9158,-2.0888,-0.8916,-0.2429,1.6013,0.613,0.9803,-0.6873,-2.3253,1.3859,-0.0619,-0.4296,MU
2022-03-11,280.2775,281.4043,262.2775,272.0595,184358500,-0.0344,-0.9213,-0.6469,-0.9602,-1.826,-0.1646,-0.1354,-0.1831,-0.7514,-0.5234,1.3859,-0.0619,-0.2289,MSFT
2022-03-11,594.4544,603.7072,538.0118,564.0858,6196700,-0.0144,-1.8349,-0.8268,-0.9779,-0.2429,0.9746,1.2783,0.2168,1.2823,-1.1351,1.3859,-0.0619,-1.0561,ASML
2022-03-11,108.53,111.71,100.08,104.29,520400400,-0.0387,-2.0849,-0.935,-0.3113,-0.2429,0.8525,-0.0667,-0.0345,-0.9679,-1.6725,1.3859,-0.0619,-0.4182,AMD
2022-03-11,160.3627,161.9922,151.6652,151.891,521334100,-0.0531,-0.9684,-0.9738,-0.9675,-1.826,-0.2217,0.4595,0.6454,-0.5945,-0.8323,1.3859,-0.0619,0.5056,AAPL
2022-03-11,131.0075,133.2879,125.0053,129.5887,157552000,-0.0125,-0.5409,-0.4441,-0.4052,-1.0344,-0.3223,-0.9185,-0.1064,-1.5964,-0.6018,1.3859,-0.0619,0.2975,GOOG
2022-03-18,272.3218,292.3909,267.9311,291.8372,176939300,0.0702,0.3228,0.1912,-0.3652,-1.0344,0.1688,0.2929,-0.2913,1.4113,0.768,0.2967,-0.5561,0.2125,MSFT
2022-03-18,148.6712,161.4621,147.346,160.9713,503123700,0.0581,-0.079,-0.3755,-0.6247,-1.826,0.2645,0.8662,0.3448,0.698,0.3363,0.2967,-0.5561,1.0454,AAPL
2022-03-18,70.2072,79.454,66.8705,77.7025,133700600,0.0866,-0.5471,-1.4083,-0.4097,-0.2429,2.0971,0.6472,1.4552,0.4727,-1.1916,0.2967,-0.5561,0.3574,MU
2022-03-18,577.2768,658.012,555.863,654.6035,7524100,0.1488,1.6072,0.2434,0.069,-0.2429,1.9515,0.9862,0.8762,1.8051,0.768,0.2967,-0.5561,0.3994,ASML
2022-03-18,102.99,115.42,101.04,113.46,524883500,0.0843,0.4493,-0.2234,-0.8972,-0.2429,1.2282,-0.2932,-0.73,-0.4856,-0.2127,0.2967,-0.5561,1.0299,AMD
2022-03-18,21.8317,26.5236,21.1229,26.4078,2751432000,0.1798,1.7139,0.8256,0.4033,-1.0344,3.1477,-0.1172,0.209,1.4177,0.768,0.2967,-0.5561,-1.4105,NVDA
2022-03-18,129.6855,135.9829,125.5538,135.8717,162498000,0.0473,0.3096,0.2357,-0.582,-1.0344,-0.0054,0.3501,-0.1465,-1.0437,0.768,0.2967,-0.5561,-1.4815,GOOG
2022-03-25,160.5099,172.064,160.0191,171.5142,446083700,0.0634,1.4384,0.333,0.0293,-1.0344,-0.1665,0.3475,0.1131,1.0918,0.768,-0.2004,-0.612,-0.4664,AAPL
2022-03-25,290.3412,296.7622,286.4653,294.9942,128717300,0.0108,0.9102,-0.0018,-0.0051,-0.2429,-1.0383,-0.3284,-1.8729,1.1867,0.768,-0.2004,-0.612,0.0764,MSFT
2022-03-25,113.73,121.4,112.21,119.67,511971400,0.0533,1.6475,-0.2985,0.185,0.5487,-0.0044,-0.3015,-1.0155,-0.5993,0.5886,-0.2004,-0.612,-1.5879,AMD
2022-03-25,653.0243,672.1658,638.5625,661.8248,5348500,0.011,1.937,0.0769,0.4466,0.5487,-0.6466,0.4114,-0.1941,1.28,0.768,-0.2004,-0.612,-0.2681,ASML
2022-03-25,77.2915,78.1722,73.4656,76.4207,121545000,-0.0166,0.7679,-1.4888,-1.3071,-1.0344,-0.3797,0.6651,0.6852,0.4429,-1.4169,-0.2004,-0.612,-0.3907,MU
2022-03-25,135.9174,140.9946,133.6966,140.5596,121524000,0.0339,0.9145,0.2659,0.1688,-0.2429,-0.6183,0.062,-0.7733,-0.8245,0.768,-0.2004,-0.612,-2.189,GOOG
2022-03-25,26.4617,28.3096,25.5313,27.6447,3097249000,0.0458,2.7933,1.045,0.8711,-0.2429,0.5806,0.4499,1.1132,1.0756,0.768,-0.2004,-0.612,0.1101,NVDA
2022-04-01,27.7086,28.8966,26.2221,26.6664,2418640000,-0.036,-0.0167,1.187,0.6941,-0.2429,0.5755,0.4907,-0.4251,0.8565,0.2151,-0.3757,-0.9018,-1.4603,NVDA
2022-04-01,654.8442,688.0721,637.2434,642.9242,4315300,-0.029,-0.3779,0.8614,-0.0102,-0.2429,0.0514,-1.0054,-0.9078,0.3282,0.3218,-0.3757,-0.9018,0.6646,ASML
2022-04-01,295.6257,306.9133,295.6257,300.5701,148667800,0.0187,0.2404,0.3978,0.3092,0.5487,-0.9729,-0.7296,-0.7588,0.5327,0.768,-0.3757,-0.9018,0.7301,MSFT
2022-04-01,169.011,176.3145,168.7853,171.1118,465395100,-0.0023,0.6519,0.4045,0.0724,-1.0344,-0.8138,-0.0742,0.4734,0.9282,0.7313,-0.3757,-0.9018,-1.344,AAPL
2022-04-01,139.7283,143.1827,137.8536,139.7437,126494000,-0.0058,0.2223,0.3761,0.3362,-0.2429,-0.9586,-0.5239,-0.7759,-0.7946,0.6773,-0.3757,-0.9018,2.0182,GOOG
2022-04-01,117.7,125.67,106.1,108.19,545457900,-0.1008,-0.7627,-0.2123,-0.6309,-0.2429,2.5645,-0.1018,0.001,-0.5578,-0.8927,-0.3757,-0.9018,0.2644,AMD
2022-04-01,76.9001,84.3856,72.4675,74.542,206107700,-0.0249,-0.6842,-0.8509,-1.5858,-1.826,2.0462,1.3448,2.3388,0.1514,-1.6454,-0.3757,-0.9018,1.1591,MU
2022-04-08,647.5073,656.2211,587.3387,588.2341,4647700,-0.0889,-1.6782,0.1859,-0.9154,-1.0344,0.9903,-1.2424,-0.7287,0.717,-0.969,-0.1516,-1.181,0.5749,ASML
2022-04-08,26.6824,27.5109,23.0226,23.0795,2620341000,-0.1445,-2.4934,0.2146,-0.5768,-1.0344,2.8999,-0.058,-0.0235,1.2883,-1.8117,-0.1516,-1.181,0.2166,NVDA
2022-04-08,301.2209,306.0973,287.8059,288.4762,143329800,-0.0411,-0.4344,0.337,-0.2506,-0.2429,-0.3348,-0.362,-0.8164,0.7024,0.1394,-0.1516,-1.181,0.6402,MSFT
2022-04-08,139.8673,143.0647,132.8434,133.0997,97788000,-0.0487,-0.8535,0.0483,-0.2709,-1.0344,-0.0044,-0.7752,-1.6852,0.182,-0.0611,-0.1516,-1.181,-0.7098,GOOG
2022-04-08,109.97,110.94,100.42,101.0,459554700,-0.0688,-2.3519,-0.4843,-1.6288,-1.0344,0.6709,-0.2432,-1.638,-0.1314,-1.6691,-0.1516,-1.181,0.7657,AMD
2022-04-08,75.2465,76.499,69.4017,70.6853,116778400,-0.0531,-1.1593,-0.2665,-1.9333,-1.826,0.5783,0.9835,-0.2023,-0.6089,-1.0765,-0.1516,-1.181,1.4267,MU
2022-04-08,171.367,175.2151,166.0955,166.9692,393099200,-0.0245,-0.4932,0.6637,-0.0023,-1.0344,-0.5518,-0.3368,-0.8565,0.423,0.354,-0.1516,-1.181,-1.053,AAPL
2022-04-15,165.6145,168.1276,162.0119,162.2573,297460200,-0.0286,-0.8353,-0.1218,-0.143,-1.0344,-0.9695,-1.1135,-1.9293,0.2864,-0.0751,0.0531,-1.2663,0.4036,AAPL
2022-04-15,584.4887,599.3743,570.0074,575.6593,3675900,-0.0216,-1.5823,-1.3582,-0.1963,-1.0344,-0.6407,-1.12,-1.3522,-1.1124,-1.2658,0.0531,-1.2663,0.2842,ASML
2022-04-15,98.6,99.59,92.92,93.06,335856900,-0.0819,-2.1049,-1.9897,-1.4107,-1.0344,-0.1308,-0.9326,-2.1786,-1.3055,-2.7056,0.0531,-1.2663,0.2312,AMD
2022-04-15,69.1273,72.2628,68.6766,68.7158,77221900,-0.0283,-1.2031,-1.3074,-1.4201,-1.826,-0.6117,-1.3087,-1.1266,-1.8088,-1.0387,0.0531,-1.2663,1.382,MU
2022-04-15,22.1761,22.7381,21.1269,21.2217,2323505000,-0.0839,-3.117,-2.1748,-0.8235,-1.0344,-0.0259,-0.237,-0.5558,0.0007,-2.8615,0.0531,-1.2663,-0.2898,NVDA
2022-04-15,131.9967,132.0356,126.2476,126.3881,90218000,-0.0517,-1.4514,-0.8494,-0.5293,-1.0344,-0.7695,-1.3372,-1.4311,0.1915,-0.807,0.0531,-1.2663,0.5609,GOOG
2022-04-15,283.4442,284.2408,271.331,271.8264,115664800,-0.0594,-1.4522,-0.8374,-0.5115,-0.2429,-0.7276,-0.7121,-1.5745,-0.1253,-0.7259,0.0531,-1.2663,-0.6946,MSFT
2022-04-22,270.9326,284.9111,265.5609,266.1923,124842800,-0.0209,-1.1902,-1.1247,-0.4088,-0.2429,-0.1057,-0.7367,-0.9062,-0.7686,-1.0187,0.8845,-0.7907,1.1356,MSFT
2022-04-22,68.8334,74.6928,67.9123,68.0103,87986000,-0.0103,-0.6458,-1.2502,-0.5986,-1.826,0.5608,-1.7514,-0.8751,-1.3645,-1.1805,0.8845,-0.7907,-0.2042,MU
2022-04-22,92.03,97.91,87.94,88.14,371862600,-0.0543,-1.9167,-2.9646,-1.5299,-1.0344,0.892,-1.2002,-1.2476,-2.1468,-3.3478,0.8845,-0.7907,-2.145,AMD
2022-04-22,126.544,131.0269,118.3307,118.801,136816000,-0.0619,-1.6232,-1.7176,-0.9072,-1.0344,0.7378,-0.3947,0.4321,-1.1775,-1.6502,0.8845,-0.7907,-0.4517,GOOG
2022-04-22,160.9124,168.3828,158.5368,158.8215,376787700,-0.0214,-0.7949,-0.8905,0.0997,-1.0344,-0.3697,-0.9764,-0.6798,-1.1334,-0.3881,0.8845,-0.7907,-0.9183,AAPL
2022-04-22,574.8698,628.308,573.6374,585.0374,5699600,0.0162,-0.2145,-1.3112,0.0373,-0.2429,0.4066,-0.5258,0.1331,-1.1858,-1.0445,0.8845,-0.7907,0.308,ASML
2022-04-22,21.1638,22.6313,19.4667,19.4817,2788378000,-0.0855,-2.35,-3.3646,-1.1942,-1.0344,2.1093,-0.2261,0.7859,-0.8362,-3.8447,0.8845,-0.7907,-1.2755,NVDA
2022-04-29,118.6178,122.4401,112.3554,114.1851,216638000,-0.0396,-1.4655,-2.0239,-1.5731,-1.826,0.28,1.7847,2.0028,-1.8006,-2.1632,1.5813,-1.0244,0.8433,GOOG
2022-04-29,265.4735,282.6575,262.2776,269.5824,216395500,0.0127,-0.2514,-1.1797,-0.8491,-0.2429,-0.034,0.8612,1.8461,-1.091,-0.8425,1.5813,-1.0244,0.1328,MSFT
2022-04-29,19.1692,20.0936,18.2588,18.5153,2864931000,-0.0509,-1.9197,-3.4991,-2.96,-1.826,0.5461,0.2656,0.8285,-1.0229,-4.3908,1.5813,-1.0244,-0.8356,NVDA
2022-04-29,89.86,91.79,84.02,85.52,439876600,-0.0302,-1.2436,-2.3243,-2.406,-1.826,0.3426,-0.4592,-0.2814,-1.4135,-3.6898,1.5813,-1.0244,1.1823,AMD
2022-04-29,158.1638,163.1506,152.5291,154.7574,541697200,-0.0259,-0.7597,-1.104,-0.5432,-1.826,-0.2059,0.4782,1.2509,-1.4632,-0.7582,1.5813,-1.0244,-0.9667,AAPL
2022-04-29,570.7103,578.0858,523.7906,542.826,8521000,-0.0749,-0.9081,-1.7272,-1.6753,-1.0344,0.5688,1.6877,1.77,-0.8713,-2.0408,1.5813,-1.0244,-0.4546,ASML
2022-04-29,67.0403,69.8916,64.5319,66.8149,93726300,-0.0177,-0.5088,-1.1854,-1.3975,-2.6175,0.08,-1.1852,-0.6245,-1.0264,-1.1956,1.5813,-1.0244,0.0242,MU
2022-05-06,269.767,282.5603,263.5112,266.8722,175769700,-0.0101,-0.1103,-0.8991,-1.0088,-1.0344,-0.1381,1.4147,0.7,-1.1804,-0.9834,0.9962,-1.1003,1.3032,MSFT
2022-05-06,153.8347,163.4254,150.4578,154.6211,566928200,-0.0009,-0.4925,-0.89,-1.0356,-2.6175,0.1701,1.3457,1.3725,-0.9407,-0.7375,0.9962,-1.1003,-1.5295,AAPL
2022-05-06,537.983,576.1061,528.4083,534.1766,5531200,-0.0161,-1.3276,-1.0673,-1.8822,-1.826,0.304,1.5671,-0.0438,-0.9921,-1.8743,0.9962,-1.1003,-0.1979,ASML
2022-05-06,85.66,99.69,85.32,95.34,747496400,0.1087,0.8788,-0.7164,-1.9818,-1.826,1.8201,1.1843,2.0961,0.4395,-1.0874,0.9962,-1.1003,0.573,AMD
2022-05-06,113.1323,122.306,112.6287,114.8739,163128000,0.006,-0.5812,-1.5281,-1.7867,-1.826,0.1794,1.9297,0.6287,-0.06,-2.0121,0.9962,-1.1003,0.4743,GOOG
2022-05-06,18.5093,20.3652,17.9593,18.6431,2956283000,0.0069,-0.7163,-2.128,-3.2578,-1.826,1.2852,0.4791,0.9256,-1.002,-3.9321,0.9962,-1.1003,0.3641,NVDA
2022-05-06,66.7856,72.4098,66.2173,68.9314,77847200,0.0312,0.0316,-0.4215,-1.0315,-1.826,0.3174,-1.1579,-0.8406,-0.6784,-0.4078,0.9962,-1.1003,0.2803,MU
2022-05-13,67.8046,71.1654,64.5417,70.4697,106565800,0.0221,0.5499,0.0345,-0.6719,-1.0344,0.42,-0.0734,-0.0718,-0.5617,0.7203,0.7284,0.0628,1.3843,MU
2022-05-13,514.0214,534.4578,493.992,531.5786,6332000,-0.0049,-0.4161,-0.9156,-1.6977,-1.826,-0.021,0.1705,0.6036,-0.7592,-0.7366,0.7284,0.0628,2.4376,ASML
2022-05-13,262.3358,265.9202,242.869,253.6516,221997200,-0.0508,-0.9366,-0.8209,-1.5411,-1.826,0.3431,1.014,1.5887,-1.2534,-1.1178,0.7284,0.0628,0.9929,MSFT
2022-05-13,18.0032,18.2238,15.5404,17.6758,3455261000,-0.0533,-0.7477,-1.8504,-3.3898,-1.826,1.847,0.6751,1.81,-0.8764,-2.8895,0.7284,0.0628,0.2054,NVDA
2022-05-13,152.3108,154.0902,136.4535,144.623,686227300,-0.0668,-1.0253,-1.2363,-1.5294,-2.6175,1.11,1.6298,1.8144,-0.2066,-1.3227,0.7284,0.0628,-1.2526,AAPL
2022-05-13,112.5334,117.2824,109.3651,115.7236,173382000,0.0074,0.0307,-0.9926,-1.6857,-1.0344,-0.2112,0.7743,0.8305,0.2978,-1.2714,0.7284,0.0628,-1.1839,GOOG
2022-05-13,92.87,96.57,83.27,95.12,685179400,-0.0023,1.2416,0.0045,-1.2275,-1.826,1.5511,2.1548,1.2629,0.1349,-0.1415,0.7284,0.0628,0.0052,AMD
2022-05-20,17.4791,18.3396,15.7281,16.6655,3012852000,-0.0589,-1.6035,-1.6085,-2.7345,-1.826,1.9677,0.5927,0.6251,-0.831,-2.5858,0.7657,0.4351,-1.2329,NVDA
2022-05-20,516.9685,546.1786,498.4711,516.5711,4802700,-0.0286,-0.5799,-1.3215,-1.2364,-1.826,0.3796,-0.1843,-0.3984,-0.8482,-1.0602,0.7657,0.4351,-0.9883,ASML
2022-05-20,252.5247,260.6553,239.949,245.9078,164627300,-0.031,-1.2087,-0.912,-1.4641,-1.826,0.1784,0.7119,0.0543,-0.931,-0.7215,0.7657,0.4351,1.2154,MSFT
2022-05-20,114.5998,116.4307,105.65,108.57,139618000,-0.0638,-0.8783,-1.0098,-1.8013,-1.0344,0.5509,0.1,-0.0483,0.3328,-1.4343,0.7657,0.4351,-0.0064,GOOG
2022-05-20,143.0894,147.238,130.3681,135.2639,548244700,-0.0669,-1.8849,-1.6485,-1.8539,-2.6175,1.1783,1.1796,0.555,0.1585,-1.8308,0.7657,0.4351,-0.4723,AAPL
2022-05-20,70.068,73.223,64.7769,67.5106,89572600,-0.0429,-0.4147,-0.2607,-0.5936,-1.0344,1.188,0.5353,-0.385,-0.0545,0.112,0.7657,0.4351,1.8423,MU
2022-05-20,93.86,104.22,88.26,93.5,743529100,-0.0172,-0.3972,0.341,-0.8325,-1.826,2.313,1.5045,1.2841,-0.0278,0.4665,0.7657,0.4351,-2.1639,AMD
2022-05-27,248.7606,266.1404,246.7549,266.0431,142680100,0.0787,0.4775,-0.3136,-0.4065,-1.0344,-0.1014,-0.6307,-0.4922,1.7667,0.5629,0.1457,-0.4311,0.9497,MSFT
2022-05-27,67.3832,71.9591,64.5711,71.8415,75343100,0.0622,0.1075,0.4633,0.0987,-0.2429,0.6383,-0.3664,-1.0197,0.7675,0.768,0.1457,-0.4311,0.2956,MU
2022-05-27,16.2462,18.8488,15.7531,18.7789,3744525000,0.1194,0.6447,-0.0658,-1.1781,-1.0344,2.1688,0.3936,1.7895,0.4892,0.2044,0.1457,-0.4311,-0.9411,NVDA
2022-05-27,135.4606,147.1496,134.8216,147.1102,495921700,0.084,0.0785,-0.653,-0.9921,-1.826,0.1685,-0.1446,0.0979,1.6322,-0.3839,0.1457,-0.4311,-0.4281,AAPL
2022-05-27,91.66,102.4,89.52,102.26,597026600,0.0896,0.7988,1.4258,0.4798,-1.0344,1.2088,0.6277,0.3387,0.0631,0.768,0.1457,-0.4311,0.2859,AMD
2022-05-27,109.3556,112.1009,101.5133,112.0323,190056000,0.0314,-0.5656,-0.3663,-1.1649,-0.2429,0.4326,-0.1661,0.9506,0.6758,-0.1221,0.1457,-0.4311,0.1513,GOOG
2022-05-27,532.4703,566.0335,521.6027,565.5682,4672800,0.0906,0.6634,0.178,-0.3773,-1.0344,0.0391,-1.0578,-0.5297,0.1665,0.2481,0.1457,-0.4311,-1.0354,ASML
2022-06-03,265.3518,270.3759,254.7097,262.9078,135187100,-0.0119,0.7268,-0.3295,-0.3369,-1.0344,-0.4291,-1.1128,-0.6474,1.3701,0.3812,0.0226,0.1328,-0.3907,MSFT
2022-06-03,18.9476,19.5855,18.0911,18.688,2456049000,-0.0048,1.3478,-0.1721,-0.5603,-1.0344,0.0739,0.0225,-1.0334,1.0749,0.6924,0.0226,0.1328,-0.1954,NVDA
2022-06-03,102.43,109.5,99.55,106.3,456252800,0.0387,1.527,0.792,1.1923,-0.2429,0.4104,-0.7351,-0.5199,-0.3267,0.768,0.0226,0.1328,0.8421,AMD
2022-06-03,146.5499,149.1747,142.0178,142.9223,338923400,-0.0289,0.5735,-0.9067,-1.0494,-1.826,-0.6639,-1.117,-1.0646,1.2487,-0.4267,0.0226,0.1328,0.6202,AAPL
2022-06-03,566.7411,566.9543,539.9933,546.4404,2564600,-0.0344,0.5884,0.0118,-0.7643,-1.826,-0.682,-1.7363,-1.4844,1.3515,0.2396,0.0226,0.1328,-1.3501,ASML
2022-06-03,71.9885,73.8893,67.7164,68.5297,70728200,-0.0472,0.0515,-0.2468,-0.1836,-0.2429,0.3234,-0.7781,-1.1857,1.5546,0.0478,0.0226,0.1328,1.4221,MU
2022-06-03,112.3104,117.0967,111.8074,113.7853,132456000,0.0155,0.4673,-0.2801,-0.5721,0.5487,-0.7525,-0.255,-0.5607,0.7871,0.5063,0.0226,0.1328,0.7327,GOOG
2022-06-10,108.27,109.57,94.25,94.82,470826100,-0.1143,-1.127,-0.2225,0.5484,-0.2429,2.0878,-1.3077,-0.6054,1.0044,-0.9191,0.5038,-0.0654,0.0266,AMD
2022-06-10,144.5444,147.3363,134.7429,134.8117,354267700,-0.0584,-1.2802,-0.8304,-1.2982,-1.826,0.4058,-1.6017,-1.0871,0.9643,-1.2334,0.5038,-0.0654,0.1739,AAPL
2022-06-10,19.1063,19.304,16.8438,16.9486,2035394000,-0.0977,-1.4787,-0.5745,-0.9187,-1.0344,1.6828,-1.2483,-1.6461,1.3158,-0.7546,0.5038,-0.0654,-0.8657,NVDA
2022-06-10,115.949,118.587,110.1075,110.6702,127210000,-0.0278,-0.3028,-0.5984,-0.4812,0.5487,-0.0088,-0.8384,-1.0141,0.814,0.0858,0.5038,-0.0654,-0.0821,GOOG
2022-06-10,561.913,565.6455,503.5414,505.6064,3155500,-0.0777,-1.6027,-0.6477,-0.7856,-1.826,1.1317,-1.9216,-1.065,1.6137,-0.8882,0.5038,-0.0654,-1.2877,ASML
2022-06-10,264.8941,266.9583,245.8785,246.3264,120495800,-0.0651,-1.146,-0.4594,-0.9325,-1.826,0.2123,-1.0632,-1.0557,1.2129,-0.4347,0.5038,-0.0654,0.146,MSFT
2022-06-10,69.3135,70.6853,61.0241,61.3572,85590300,-0.1106,-2.1974,-1.4484,-0.8942,-0.2429,1.9864,-0.3885,0.0062,1.6602,-1.5117,0.5038,-0.0654,-1.9282,MU
2022-06-17,91.26,92.03,79.43,81.57,485635800,-0.1505,-3.5912,-1.4306,-1.436,-1.0344,1.9126,-0.8744,-0.681,1.4671,-2.8662,1.0434,-0.4247,0.3847,AMD
2022-06-17,15.9761,16.8428,15.3051,15.8562,2813852000,-0.0666,-2.2829,-0.6449,-1.4814,-1.826,0.4937,-0.8956,-0.1627,1.0188,-1.6632,1.0434,-0.4247,-1.1131,NVDA
2022-06-17,238.654,248.5756,235.1488,241.1271,184153000,-0.0213,-1.2695,-0.3717,-1.0185,-1.826,-0.5255,-0.3069,0.423,0.8799,-0.695,1.0434,-0.4247,-0.9504,MSFT
2022-06-17,106.7157,111.3013,104.9106,107.1324,174258000,-0.0325,-0.9279,-0.3146,-0.776,-0.2429,-0.4275,-0.1909,0.3576,-0.1729,-0.3917,1.0434,-0.4247,0.0174,GOOG
2022-06-17,130.6237,135.0182,126.8585,129.3359,541168600,-0.0415,-1.444,-0.5999,-1.6088,-1.826,-0.3427,-0.5001,0.3216,0.618,-1.1195,1.0434,-0.4247,0.1228,AAPL
2022-06-17,58.8097,59.7307,52.5191,54.6258,107886800,-0.1162,-3.0959,-2.1126,-2.0225,-1.0344,1.3585,0.4275,1.473,1.4621,-2.9754,1.0434,-0.4247,-0.4412,MU
2022-06-17,482.8433,496.5613,447.7486,458.8974,5754000,-0.0969,-2.4167,-1.2665,-1.4047,-1.826,0.7255,-0.1151,0.3578,1.5169,-2.1783,1.0434,-0.4247,0.7435,ASML
2022-06-24,108.9564,117.8311,108.5507,117.7323,126764000,0.0943,0.6619,0.2558,-0.1101,-0.2429,0.0457,0.0655,-1.0608,1.8613,0.768,0.2838,0.1872,0.4839,GOOG
2022-06-24,16.4503,17.1143,15.8293,17.1004,1856057000,0.0755,-0.0274,-1.0422,-0.4952,-1.0344,-0.045,-0.6361,-1.4272,0.2499,-0.6283,0.2838,0.1872,0.2042,NVDA
2022-06-24,55.6742,57.8102,53.8517,57.2615,58030800,0.0471,-1.043,-2.249,-1.8308,-1.0344,-0.1936,0.1046,-1.5011,0.924,-2.4023,0.2838,0.1872,-0.9051,MU
2022-06-24,131.1645,139.5109,131.0661,139.2652,315960300,0.074,0.2796,-0.6904,-0.5309,-1.0344,-0.4032,-0.0557,-1.2443,0.2954,-0.0651,0.2838,0.1872,1.5711,AAPL
2022-06-24,243.6683,260.9216,242.9381,260.649,115652800,0.0779,0.5923,-0.3794,-0.0335,-1.0344,-0.1969,0.2128,-1.1523,0.6594,0.4512,0.2838,0.1872,0.8132,MSFT
2022-06-24,474.0502,499.809,461.5247,499.5278,3574100,0.0848,-0.301,-1.3189,-0.7179,-1.0344,-0.0082,0.7286,-0.7088,1.0342,-1.0561,0.2838,0.1872,0.8924,ASML
2022-06-24,84.17,87.53,80.23,87.08,363583800,0.0654,-1.2522,-1.6498,-0.9179,-0.2429,0.1692,-0.9639,-1.4046,1.0369,-2.0565,0.2838,0.1872,0.0067,AMD
2022-07-01,87.36,88.22,72.69,73.67,467525800,-0.1672,-1.4698,-3.516,-2.0666,-0.2429,3.303,-0.6487,-0.4881,0.8202,-4.0272,0.1184,1.1071,0.1477,AMD
2022-07-01,118.1266,118.4395,106.377,108.3396,148774000,-0.0831,0.0024,-0.6382,-0.2581,-0.2429,0.8481,-0.4329,-0.0807,1.816,-0.4783,0.1184,1.1071,-0.8843,GOOG
2022-07-01,261.1456,261.2332,246.2388,252.7429,126549000,-0.0308,0.469,-0.5511,-0.032,-1.0344,-0.4356,-0.6311,-0.6567,0.56,-0.013,0.1184,1.1071,1.0292,MSFT
2022-07-01,17.2861,17.3041,14.3705,14.5013,2635149000,-0.1649,-1.3065,-2.492,-1.3068,-1.0344,3.0931,-0.7046,-0.1462,0.8496,-2.7904,0.1184,1.1071,-0.8241,NVDA
2022-07-01,499.2467,501.2632,429.92,436.0956,4827700,-0.1358,-0.8071,-2.2375,-1.5383,-1.0344,2.1378,0.1307,0.3277,1.2392,-2.8081,0.1184,1.1071,1.9518,ASML
2022-07-01,140.2876,141.0642,131.5086,136.5813,373549800,-0.0195,0.5662,-0.605,-0.1677,-1.0344,-0.173,-0.7681,-0.6114,0.0734,-0.3501,0.1184,1.1071,0.0218,AAPL
2022-07-01,58.3786,59.3682,50.3635,52.5681,126159000,-0.0855,-0.6434,-2.5963,-2.1571,-1.0344,2.3279,0.2787,1.6812,0.7427,-3.4228,0.1184,1.1071,-0.6679,MU
2022-07-08,51.1278,59.3273,51.0396,58.0609,99539400,0.0994,0.037,-0.6942,-1.8722,-1.0344,1.6232,1.2232,0.5236,1.4031,-1.6184,-0.3909,-0.0299,-0.2329,MU
2022-07-08,106.7838,119.6164,105.5273,119.3517,126516000,0.0968,0.0344,0.4904,0.2426,-0.2429,1.0137,-0.0724,-0.7769,1.6295,0.768,-0.3909,-0.0299,-0.9866,GOOG
2022-07-08,71.98,80.47,71.6,79.35,348094700,0.0743,-1.3538,-1.8076,-2.1837,-0.2429,0.8591,-0.3017,-1.1133,1.2219,-3.1925,-0.3909,-0.0299,2.5617,AMD
2022-07-08,135.4409,145.0556,134.6151,144.5542,278219600,0.0567,0.3418,0.4383,-0.376,-1.0344,-0.1172,-0.595,-1.1888,-0.3271,0.768,-0.3909,-0.0299,-0.6494,AAPL
2022-07-08,14.1538,16.013,14.034,15.8143,2141338000,0.0867,-1.1615,-0.8215,-1.5572,-1.0344,1.1888,0.1378,-0.7069,1.1784,-1.6342,-0.3909,-0.0299,-0.9285,NVDA
2022-07-08,249.413,261.9731,248.0304,260.6101,87284100,0.0307,-0.1455,0.3168,-0.3998,-1.0344,-0.5793,-0.8778,-1.5766,-0.3517,0.6314,-0.3909,-0.0299,-1.3839,MSFT
2022-07-08,406.3911,441.3985,400.0701,439.1203,6383000,0.0069,-1.8216,-1.4712,-2.1791,-1.0344,0.4231,1.4588,1.5465,1.0375,-2.3,-0.3909,-0.0299,0.5662,ASML
2022-07-15,77.85,81.2,74.43,81.11,392922700,0.0219,1.1091,-0.2451,-2.3123,-0.2429,0.1602,-0.6409,-0.6646,0.4716,-1.4907,-0.5708,0.2926,0.0534,AMD
2022-07-15,143.2073,148.3096,139.7174,147.6313,366316600,0.0211,0.8694,1.0049,0.0063,-0.2429,-0.4633,-0.703,-0.1547,-1.8604,0.768,-0.5708,0.2926,0.0404,AAPL
2022-07-15,435.8339,461.2533,416.1923,461.1078,5352500,0.0489,0.5826,-0.1503,-1.5417,-0.2429,0.5121,1.0995,0.6631,0.7907,-0.6069,-0.5708,0.2926,0.6041,ASML
2022-07-15,117.8436,117.9871,108.5824,112.0006,157342000,-0.0636,0.2892,0.2088,-0.3629,-1.0344,0.1726,-0.0656,0.4317,1.3299,-0.1942,-0.5708,0.2926,-0.0503,GOOG
2022-07-15,258.653,259.5098,239.4621,249.9582,139698000,-0.0417,-0.2878,0.132,-0.6285,-1.0344,0.0797,-0.6367,0.3405,-0.5449,0.1272,-0.5708,0.2926,-0.9814,MSFT
2022-07-15,57.0497,60.5742,56.2741,60.4073,84574100,0.0396,1.6662,0.7176,-1.2076,-0.2429,-0.1429,-0.097,-0.1466,0.2214,0.5261,-0.5708,0.2926,0.9543,MU
2022-07-15,15.5028,15.7584,14.4433,15.7384,2259892000,-0.0048,0.9224,-0.2614,-1.5569,-1.0344,0.1624,-0.2138,-0.3636,1.0898,-0.4762,-0.5708,0.2926,0.6124,NVDA
2022-07-22,148.1916,153.638,144.2199,151.485,360988700,0.0258,0.4662,0.5682,0.6508,0.5487,-0.3653,-0.1361,-0.0328,-1.6974,0.768,-0.7967,0.5029,-0.1234,AAPL
2022-07-22,468.8442,530.1534,456.1345,517.9478,8491200,0.1162,2.0061,0.1342,-0.0572,0.5487,1.6273,1.0778,1.8726,1.0495,0.768,-0.7967,0.5029,-0.7527,ASML
2022-07-22,82.21,91.58,80.94,88.1,431299400,0.0827,1.2184,-0.0884,-0.8046,0.5487,1.0809,-0.0436,0.119,0.4238,0.768,-0.7967,0.5029,-0.8689,AMD
2022-07-22,252.9084,258.3414,246.6283,253.5023,113061900,0.0141,-0.5035,-0.4458,-0.022,-0.2429,-0.7594,-0.0645,-0.5032,-2.0778,0.3396,-0.7967,0.5029,0.3308,MSFT
2022-07-22,16.2776,18.1168,15.9781,17.2931,3227141000,0.0942,1.0203,-0.0923,-0.0878,-0.2429,1.1527,0.5257,1.8459,1.0102,0.768,-0.7967,0.5029,0.9329,NVDA
2022-07-22,60.9571,62.518,59.0426,60.1716,82639300,-0.0039,0.3214,0.2553,-0.3912,-0.2429,-0.4743,-0.5442,-0.2864,-0.0138,0.707,-0.7967,0.5029,-0.5262,MU
2022-07-22,112.669,115.5393,106.8687,107.6235,162849500,-0.0399,-1.4902,-1.0072,-0.4556,-1.0344,0.0886,0.3645,1.0288,0.5616,-0.7671,-0.7967,0.5029,-1.0217,GOOG
2022-07-29,254.1255,274.5723,242.9966,273.3455,172010100,0.0754,1.021,0.5161,0.7182,0.5487,0.9512,0.6907,1.3014,-0.5903,0.768,-1.1029,-0.7016,-0.2189,MSFT
2022-07-29,60.2306,61.2516,58.4634,60.7313,64434000,0.0093,-0.0739,1.114,0.5692,0.5487,-0.7667,-0.7614,-1.0714,-1.7983,0.768,-1.1029,-0.7016,-0.2977,MU
2022-07-29,151.4064,160.8637,148.2506,159.7626,370548900,0.0532,0.8847,1.2265,1.3755,1.3402,0.0487,0.3174,0.0413,-1.6387,0.768,-1.1029,-0.7016,-0.6579,AAPL
2022-07-29,86.57,94.81,84.71,94.47,373204900,0.0698,1.8417,2.0593,0.8821,1.3402,0.7389,0.072,-0.7848,-2.1003,0.768,-1.1029,-0.7016,0.8601,AMD
2022-07-29,108.14,116.1055,104.048,115.8472,161031100,0.0736,0.2961,0.4132,0.3568,-0.2429,0.669,0.5139,0.7333,0.3655,0.3093,-1.1029,-0.7016,-1.1881,GOOG
2022-07-29,16.9935,18.2167,16.4533,18.1358,2358495000,0.0476,1.7025,1.8325,0.7865,0.5487,0.4999,0.8138,-0.0943,-1.8393,0.768,-1.1029,-0.7016,0.2444,NVDA
2022-07-29,519.0723,559.3052,502.7077,556.9009,5762500,0.0725,2.314,2.0216,1.2399,1.3402,0.6085,1.2633,0.25,-1.8722,0.768,-1.1029,-0.7016,2.7252,ASML
2022-08-05,18.1548,19.2452,17.9631,18.9606,2179862000,0.0445,1.055,1.4501,0.5486,0.5487,-0.2309,-0.4283,-0.5589,-1.4087,0.768,-1.0985,-0.1153,-0.5835,NVDA
2022-08-05,95.59,104.59,93.62,102.31,564069300,0.0797,1.8034,2.1087,0.992,1.3402,0.7465,0.467,1.9137,-1.4659,0.768,-1.0985,-0.1153,0.9374,AMD
2022-08-05,555.7375,576.0291,541.69,561.0247,4046000,0.0074,0.8966,2.0258,0.6469,1.3402,-0.3891,-0.8245,-0.958,-1.419,0.768,-1.0985,-0.1153,-0.5485,ASML
2022-08-05,61.3596,63.8041,59.7691,61.3203,63558600,0.0097,0.1027,0.301,0.2824,0.5487,-0.2757,-1.3834,-0.9123,-1.8284,0.768,-1.0985,-0.1153,-1.3913,MU
2022-08-05,158.288,164.3636,156.9314,162.7804,322415000,0.0187,0.7928,0.882,0.9526,1.3402,-0.7729,0.0082,-0.5349,-1.3074,0.768,-1.0985,-0.1153,1.3251,AAPL
2022-08-05,114.7448,118.6878,113.4834,117.4165,97443400,0.0135,0.9904,-0.342,-0.2624,-0.2429,-0.8058,-0.4899,-1.8484,-0.5129,0.5147,-1.0985,-0.1153,0.0991,GOOG
2022-08-05,270.5025,276.325,265.2058,275.4584,102686000,0.0077,0.938,0.3082,0.1812,0.5487,-0.9035,0.5748,-0.8007,-0.4792,0.768,-1.0985,-0.1153,-0.2651,MSFT
2022-08-12,60.8589,64.2263,56.6864,63.8532,96472400,0.0405,0.5091,0.3088,1.2469,1.3402,1.0145,-0.1275,0.5745,-1.2995,0.768,-1.3206,-0.879,1.8254,MU
2022-08-12,100.06,102.37,93.67,100.83,415329800,-0.0146,0.7048,1.7779,2.1607,1.3402,0.2298,0.8466,-0.0251,-0.8423,0.542,-1.3206,-0.879,-1.7894,AMD
2022-08-12,163.7846,169.4944,160.7131,169.4255,318771500,0.04,0.6211,1.0537,1.4078,2.1317,-0.6206,-0.252,-0.5441,-1.0441,0.768,-1.3206,-0.879,-1.185,AAPL
2022-08-12,276.5683,284.2213,270.2979,284.2213,109517800,0.0313,0.3645,0.97,0.6567,1.3402,-0.6907,-0.6418,-0.4104,-1.5115,0.768,-1.3206,-0.879,1.3404,MSFT
2022-08-12,17.4758,18.69,16.699,18.681,3234965000,-0.0149,0.2421,1.3591,1.697,0.5487,0.7307,0.2769,1.5393,-1.0072,0.5376,-1.3206,-0.879,-0.767,NVDA
2022-08-12,118.3104,121.8164,115.7678,121.8164,85775100,0.0368,0.5106,0.5673,0.6557,0.5487,-0.6743,-1.6041,-1.6101,-1.4409,0.768,-1.3206,-0.879,0.9374,GOOG
2022-08-12,561.6951,566.1265,518.6837,559.7128,4558800,-0.0023,-0.0779,1.5619,1.6686,1.3402,0.1922,-1.336,-0.5013,-0.831,0.7314,-1.3206,-0.879,-2.0756,ASML
2022-08-19,121.3794,122.4222,116.8702,117.3172,84579400,-0.0376,-0.1545,0.5875,-0.3735,-0.2429,-0.7318,-1.67,-1.2611,-1.2679,0.191,-1.0039,-0.8569,0.646,GOOG
2022-08-19,100.51,101.85,94.59,95.95,328564600,-0.0496,-0.9791,0.5795,1.2123,0.5487,-0.0323,-0.5803,-1.1424,-0.3702,-0.2031,-1.0039,-0.8569,0.8145,AMD
2022-08-19,63.5194,63.9318,59.1801,59.4059,59047100,-0.0722,-0.5565,-0.3099,-0.0665,0.5487,0.0744,0.1745,-1.1135,-0.3371,-0.3201,-1.0039,-0.8569,0.0307,MU
2022-08-19,553.0559,561.3259,529.0721,529.8787,3522800,-0.0548,-0.8872,0.0125,1.1964,0.5487,-0.3975,-1.2429,-1.1724,-0.7913,-0.0993,-1.0039,-0.8569,-0.5741,ASML
2022-08-19,168.8546,173.4126,168.6478,168.8546,322647200,-0.0034,0.3335,0.7896,0.9477,1.3402,-1.2033,-0.3576,-0.4619,-0.4456,0.7153,-1.0039,-0.8569,-1.1,AAPL
2022-08-19,18.673,19.1353,17.7434,17.8223,2212740000,-0.0471,-0.9496,0.0792,0.6732,-0.2429,0.0278,0.2848,-0.674,-0.8193,-0.1699,-1.0039,-0.8569,0.5232,NVDA
2022-08-19,283.3354,286.4316,278.6287,279.2044,92198200,-0.0178,0.0323,0.6811,0.2857,0.5487,-1.21,-0.8984,-0.9085,-0.5973,0.4922,-1.0039,-0.8569,-0.5696,MSFT
2022-08-26,275.2332,275.604,261.4754,261.5828,104858200,-0.0652,-1.2242,-0.5924,0.1061,0.5487,-0.5667,-0.7859,-0.3421,-0.2772,-0.4763,0.0431,-0.0346,-0.0437,MSFT
2022-08-26,115.3109,116.9795,110.4641,110.5435,96331300,-0.0595,-1.4078,-0.6185,-0.3421,-0.2429,-0.4451,-1.1131,-0.7045,-1.0592,-0.6776,0.0431,-0.0346,1.1775,GOOG
2022-08-26,514.3593,524.981,494.4181,495.5551,3861900,-0.067,-1.7286,-1.2513,0.3097,-0.2429,-0.3776,-1.4075,-0.8255,-0.9989,-1.055,0.0431,-0.0346,-1.2197,ASML
2022-08-26,94.4,97.6,90.9,91.18,297853400,-0.051,-1.4533,-0.515,0.654,-0.2429,-0.0862,-1.161,-1.1639,-0.3001,-0.9314,0.0431,-0.0346,-0.1053,AMD
2022-08-26,17.4638,17.9201,16.2127,16.2357,2842058000,-0.0932,-1.9701,-1.1966,-0.0037,-0.2429,0.6958,-0.2992,0.6541,-0.4222,-1.477,0.0431,-0.0346,1.0116,NVDA
2022-08-26,58.4732,60.152,56.3134,56.5784,63752800,-0.0488,-1.7184,-0.8356,-0.7431,-0.2429,-0.2253,-0.7571,-0.7895,-0.1419,-1.0118,0.0431,-0.0346,0.7388,MU
2022-08-26,167.053,168.3919,161.0183,161.0773,307194600,-0.0472,-0.8014,-0.1196,0.4254,0.5487,-0.77,-0.3042,-0.7109,0.4148,-0.0018,0.0431,-0.0346,0.231,AAPL
2022-09-02,90.05,91.19,78.52,80.24,375000400,-0.1278,-2.4715,-2.3954,-0.9573,-1.0344,1.9973,-0.7542,-0.2481,-0.4338,-2.6018,0.0786,-0.1223,-0.4795,AMD
2022-09-02,110.0271,111.199,107.3951,107.9413,110234800,-0.0238,-1.228,-0.9562,-0.2193,-0.2429,-1.03,-0.1383,-0.2343,-0.9401,-1.0113,0.0786,-0.1223,-1.1511,GOOG
2022-09-02,15.996,16.3135,13.2501,13.6266,3522045000,-0.1752,-3.6384,-3.1868,-2.066,-1.0344,3.6486,0.8677,1.5236,0.021,-3.6266,0.0786,-0.1223,-1.4006,NVDA
2022-09-02,259.3971,260.9095,248.2934,249.8448,114016200,-0.0459,-1.5901,-1.0781,-0.3531,-0.2429,-0.6535,-0.2999,-0.1438,-0.1046,-1.1214,0.0786,-0.1223,0.5547,MSFT
2022-09-02,56.2643,57.7271,53.7903,55.3022,68927700,-0.0228,-1.0755,-1.1298,-0.8879,-0.2429,-0.1428,-0.2371,-0.2715,-0.0319,-1.324,0.0786,-0.1223,-0.8319,MU
2022-09-02,492.0372,496.9253,447.8888,454.011,5507400,-0.0876,-2.1554,-2.1114,-1.2505,-1.0344,0.7659,0.1536,0.2739,-0.8141,-2.2117,0.0786,-0.1223,-0.4258,ASML
2022-09-02,158.6457,160.3685,152.2664,153.3887,390399000,-0.0489,-1.3942,-0.7323,-0.1463,-0.2429,-0.5961,0.1473,1.5546,1.0833,-0.7107,0.0786,-0.1223,0.7221,AAPL
2022-09-09,107.4,111.2388,105.7861,111.0202,86945900,0.0281,-0.0875,-1.0347,-0.5677,-0.2429,-0.6876,0.2724,-0.7038,-0.9594,-0.6165,-0.4621,-0.4462,-0.3874,GOOG
2022-09-09,13.7104,14.4566,13.33,14.3697,2159893000,0.0531,-1.733,-2.5711,-2.0238,-1.0344,0.0353,0.2803,-0.9857,0.9151,-3.0143,-0.4621,-0.4462,-1.0781,NVDA
2022-09-09,249.9814,258.7922,245.8248,258.0409,87859500,0.0323,-0.321,-1.0694,-0.683,-0.2429,-0.6595,-0.0563,-0.9144,0.1886,-0.671,-0.4621,-0.4462,0.4187,MSFT
2022-09-09,456.1198,488.9858,449.259,486.8673,3698400,0.0699,-0.3738,-1.4572,-1.2707,-1.0344,0.1141,0.4935,-0.7233,0.5434,-1.2969,-0.4621,-0.4462,0.9197,ASML
2022-09-09,154.0384,155.3674,150.3073,154.9244,314117000,0.01,-0.6506,-1.0045,-0.4773,-0.2429,-1.0936,0.3561,-0.7655,0.2559,-0.5691,-0.4621,-0.4462,0.9625,AAPL
2022-09-09,55.3022,56.6275,52.7594,56.3919,61504800,0.0195,-0.1865,-1.3197,-0.8094,-0.2429,-0.2068,-0.287,-0.6402,-0.2401,-1.0574,-0.4621,-0.4462,0.012,MU
2022-09-09,80.41,85.68,77.74,85.45,294615500,0.0629,-0.9885,-1.6934,-1.0101,-1.0344,0.3935,-0.6216,-1.0123,0.5812,-1.8063,-0.4621,-0.4462,-1.0287,AMD
2022-09-16,157.11,161.7074,146.0643,148.3581,568337900,-0.0433,-0.5777,-1.3663,-0.9521,-1.0344,0.7026,0.9932,2.4153,0.1262,-1.1745,0.3179,-0.3325,-0.0515,AAPL
2022-09-16,259.3288,260.9583,236.1846,238.7995,147336700,-0.0775,-0.7322,-1.6102,-1.3351,-1.0344,0.6606,0.3879,1.1344,0.9424,-1.7285,0.3179,-0.3325,0.1291,MSFT
2022-09-16,111.2288,111.8744,101.1627,102.9256,165898700,-0.0757,-0.763,-1.3796,-1.2502,-1.0344,0.6688,1.0598,1.7115,-0.3331,-1.6545,0.3179,-0.3325,-1.7633,GOOG
2022-09-16,84.89,85.35,74.68,76.51,381444900,-0.1105,-0.7633,-2.2452,-2.4664,-1.826,1.5421,-0.1706,0.0675,1.2809,-2.9999,0.3179,-0.3325,-0.2384,AMD
2022-09-16,492.4746,496.5852,446.9364,454.0694,4660800,-0.0697,-0.1418,-1.5928,-1.8611,-1.826,0.7988,-0.1575,0.292,1.3109,-2.1805,0.3179,-0.3325,1.1072,ASML
2022-09-16,56.4115,57.0791,50.5505,51.8857,93580700,-0.0833,-0.9738,-1.4202,-1.5208,-1.0344,1.2057,0.25,1.5597,0.2392,-2.1598,0.3179,-0.3325,-0.6432,MU
2022-09-16,14.3518,14.5295,12.6019,13.1822,2981998000,-0.0863,-0.5752,-2.9263,-3.0246,-1.826,1.7093,-0.4803,0.6037,1.2922,-3.8302,0.3179,-0.3325,-0.4058,NVDA
2022-09-23,236.5846,241.6487,229.4911,232.1451,147350000,-0.0283,-1.5204,-1.2756,-1.7912,-1.826,-0.6072,1.4263,1.5707,0.5414,-1.865,1.0616,-0.415,0.4057,MSFT
2022-09-23,146.9897,156.2732,146.2513,148.0923,473543200,-0.0018,-0.7307,-0.9554,-1.2721,-1.826,-0.2296,1.6397,1.063,0.1134,-1.1528,1.0616,-0.415,-0.5437,AAPL
2022-09-23,446.6837,462.7378,415.2949,423.837,4652300,-0.0689,-1.9486,-1.6103,-2.3706,-1.826,0.8629,0.4017,0.5642,0.9956,-2.3582,1.0616,-0.415,-0.7695,ASML
2022-09-23,75.39,78.41,66.82,67.96,387292600,-0.1185,-3.1252,-2.8568,-3.262,-1.826,2.3093,0.6022,0.116,1.147,-3.789,1.0616,-0.415,0.1334,AMD
2022-09-23,101.8431,103.313,97.3439,98.496,117266800,-0.044,-1.7019,-1.2394,-1.8686,-1.826,-0.404,1.4791,0.4775,-0.3466,-1.7382,1.0616,-0.415,-2.6135,GOOG
2022-09-23,12.9964,14.0142,12.2423,12.501,3324653000,-0.0531,-1.9574,-2.5622,-3.317,-1.826,1.5984,0.5665,0.9872,0.963,-3.8962,1.0616,-0.415,-1.23,NVDA
2022-09-23,51.0217,51.8071,47.5659,49.1858,115651200,-0.0534,-1.9236,-1.4625,-2.2398,-1.826,0.2284,1.8588,1.8645,0.3001,-1.9195,1.0616,-0.415,0.2494,MU
2022-09-30,421.8448,430.9116,402.2729,403.6334,5224000,-0.0488,-1.6765,-1.2595,-2.3252,-1.826,-0.1486,0.3742,1.1252,0.4769,-2.1297,1.3457,-0.5517,-0.8328,ASML
2022-09-30,49.0189,51.1101,47.9194,49.1858,118848400,0.0,-0.8392,-1.2558,-1.6871,-1.826,-0.2987,1.8051,1.4545,0.3757,-1.2731,1.3457,-0.5517,-1.0719,MU
2022-09-30,147.3343,152.3157,135.8554,136.0523,577537000,-0.0848,-1.2709,-1.2805,-1.8954,-1.826,1.0862,1.0283,1.5265,1.1122,-1.659,1.3457,-0.5517,1.9415,AAPL
2022-09-30,231.2962,236.448,227.0811,227.2469,146921600,-0.0213,-0.7891,-1.0528,-1.8182,-1.826,-0.8824,0.9303,1.1846,0.4374,-1.2825,1.3457,-0.5517,0.007,MSFT
2022-09-30,12.476,12.8076,11.9317,12.1244,2742012000,-0.0306,-1.2325,-1.2521,-3.1909,-1.826,-0.1167,0.1775,-0.2427,-0.4869,-3.1877,1.3457,-0.5517,0.4465,NVDA
2022-09-30,67.87,68.8,62.83,63.36,434376500,-0.0701,-2.5989,-2.3338,-3.4188,-1.826,0.4257,0.7,1.4094,0.6964,-3.9982,1.3457,-0.5517,-0.2341,AMD
2022-09-30,97.9398,100.7108,95.3773,95.4965,119479200,-0.0309,-1.1189,-1.3037,-1.8173,-1.826,-0.5213,0.0966,0.4543,-0.1217,-1.4163,1.3457,-0.5517,-0.338,GOOG
2022-10-07,50.0792,54.1928,49.716,52.0542,108453300,0.0567,0.5944,-0.9191,-0.8799,-1.0344,0.2228,1.0507,0.9185,1.7999,-0.4336,1.1916,-0.3672,1.8912,MU
2022-10-07,411.6507,461.3578,409.1435,422.0099,6939300,0.0445,-0.1998,-1.4891,-1.4717,-1.0344,1.1539,0.9805,1.9994,-0.2493,-1.313,1.1916,-0.3672,0.3856,ASML
2022-10-07,64.46,70.29,58.22,58.44,510241700,-0.0808,-2.1084,-3.6361,-3.6473,-1.826,3.1976,0.9801,1.9304,-1.7571,-4.1698,1.1916,-0.3672,0.1193,AMD
2022-10-07,12.3322,13.6396,12.0076,12.0615,2955426000,-0.0052,-0.6095,-1.7804,-2.517,-1.826,1.4397,-0.1846,0.2768,-1.3591,-1.7413,1.1916,-0.3672,0.5314,NVDA
2022-10-07,229.696,244.4978,227.5104,228.5544,142125400,0.0057,-0.3465,-1.2933,-1.2752,-1.0344,-0.0654,0.5334,0.7949,-1.6423,-1.0171,1.1916,-0.3672,0.6814,MSFT
2022-10-07,96.5592,103.025,96.3606,98.8933,107302500,0.035,-0.0911,-1.2419,-1.0944,-1.0344,-0.2365,-0.2072,-0.1113,0.7963,-0.9384,1.1916,-0.3672,0.3906,GOOG
2022-10-07,136.0622,145.2472,135.5503,137.913,435940600,0.0136,-1.0707,-1.2477,-1.4305,-1.0344,-0.1644,0.5223,0.1496,1.0642,-0.9473,1.1916,-0.3672,-0.5981,AAPL
2022-10-14,99.1714,100.6016,94.6225,96.5195,110928000,-0.0243,-0.0048,-0.7761,-1.0981,-1.0344,-0.3709,-0.4016,-0.1112,-1.6134,-1.2724,1.2327,-0.8201,-0.1489,GOOG
2022-10-14,52.2116,55.0155,49.5159,51.8672,116181000,-0.0036,0.5476,-0.1971,-0.7328,-1.0344,0.7171,0.4989,0.9671,-0.3825,-0.4854,1.2327,-0.8201,1.6733,MU
2022-10-14,138.2378,142.2742,132.2819,136.2296,424188400,-0.0123,-0.1266,-0.9666,-1.1501,-1.0344,-0.0895,-0.4083,-0.0868,0.789,-1.1171,1.2327,-0.8201,0.1722,AAPL
2022-10-14,12.0226,12.1095,10.8,11.2135,3422306000,-0.0729,-1.1604,-1.6593,-1.7339,-1.826,0.9822,0.4507,1.0303,-1.3177,-2.6631,1.2327,-0.8201,0.1387,NVDA
2022-10-14,227.3933,231.4816,213.8112,223.0123,154871900,-0.0245,-0.3884,-0.8136,-1.1116,-1.0344,0.0558,0.399,1.0317,-2.0874,-1.3526,1.2327,-0.8201,0.1795,MSFT
2022-10-14,421.6698,421.8253,352.9059,368.4352,9215100,-0.1358,-1.3315,-2.0873,-1.8407,-1.0344,2.7169,2.1303,2.1327,0.7309,-3.032,1.2327,-0.8201,-0.257,ASML
2022-10-14,57.31,60.14,54.57,55.94,543679900,-0.0437,-1.7652,-3.031,-3.0035,-1.826,0.5577,1.2409,1.6334,-1.1315,-4.6268,1.2327,-0.8201,-0.3125,AMD
2022-10-21,98.8436,103.5116,97.5624,100.7903,120609600,0.0433,0.1039,0.0148,-0.9819,-1.0344,-0.443,-0.3396,0.1856,-0.6204,0.4439,0.6972,-2.243,1.7754,GOOG
2022-10-21,11.5042,12.7537,11.5032,12.451,3025159000,0.1047,0.2703,-0.2301,-1.339,-1.826,0.579,0.2433,0.0556,0.1946,-0.0984,0.6972,-2.243,1.4451,NVDA
2022-10-21,230.096,238.0092,228.6032,236.2431,122568300,0.0576,0.2873,-0.0353,-0.9175,-1.0344,-0.9171,-0.1843,-0.4241,-0.1282,0.6007,0.6972,-2.243,1.1761,MSFT
2022-10-21,57.35,60.49,55.71,58.82,430665900,0.0502,-0.0591,-1.5025,-3.1008,-1.826,0.1059,0.4486,0.1773,-0.1404,-2.8439,0.6972,-2.243,-2.1504,AMD
2022-10-21,383.3327,449.8227,377.8615,449.191,10025400,0.1982,0.6692,0.3325,-0.8585,-1.0344,2.0541,2.1743,1.7239,1.9951,0.6001,0.6972,-2.243,0.4431,ASML
2022-10-21,138.8778,145.5524,138.0902,144.9814,397216400,0.0623,0.5072,-0.3862,-0.7497,-1.0344,-0.6294,-0.7589,-0.5381,1.6993,0.4124,0.6972,-2.243,0.0385,AAPL
2022-10-21,53.7168,55.3696,50.8244,55.1434,88733600,0.0612,0.6071,0.842,-0.4133,-1.0344,0.1346,-0.2268,-0.3209,-1.2393,0.768,0.6972,-2.243,-1.0622,MU
2022-10-28,144.9026,155.0524,141.8902,153.3198,512851100,0.0559,1.3952,0.8887,0.01,-0.2429,0.219,-0.1779,0.6077,-0.3622,0.768,-0.1144,-1.7383,-2.1482,AAPL
2022-10-28,237.8433,244.9466,220.2997,230.1448,223302200,-0.0262,0.2664,-0.0791,-0.5245,-1.0344,0.7433,0.5514,2.11,-0.0002,0.3647,-0.1144,-1.7383,-0.3798,MSFT
2022-10-28,101.3961,104.3857,91.2754,95.9236,215828700,-0.0495,-0.2241,-0.1534,-0.7812,-1.0344,1.4734,1.4303,2.1625,0.636,0.0137,-0.1144,-1.7383,0.0572,GOOG
2022-10-28,55.3205,56.5109,50.6276,53.1659,102624800,-0.0365,0.1785,0.5111,-0.0553,-1.0344,0.8313,-0.6233,0.1381,0.2192,0.2078,-0.1144,-1.7383,-0.9948,MU
2022-10-28,12.493,13.8334,12.0495,13.8174,2660045000,0.1041,2.5751,0.9904,0.1184,-1.0344,1.2865,-0.3188,-0.6032,0.4974,0.768,-0.1144,-1.7383,-1.0526,NVDA
2022-10-28,58.57,62.72,56.66,62.01,403638900,0.0528,1.1977,-0.389,-1.8505,-1.0344,0.5122,-0.4085,-0.2222,0.0456,-0.5997,-0.1144,-1.7383,0.1302,AMD
2022-10-28,457.1596,482.2027,446.6351,475.3807,8827700,0.0567,3.1746,1.2885,0.1093,-0.2429,-0.0532,1.3508,0.9471,1.3235,0.768,-0.1144,-1.7383,-0.4528,ASML
2022-11-04,53.038,55.9895,51.0703,55.2516,76616800,0.0385,-0.118,0.3462,0.6484,-0.2429,0.2976,-0.6396,-1.7179,-0.3282,0.768,-0.3522,-1.3875,-1.0296,MU
2022-11-04,60.75,63.93,58.03,62.19,479821400,0.0029,0.5818,0.3696,-0.9211,-0.2429,0.4417,-0.2928,0.6118,-0.5723,0.4795,-0.3522,-1.3875,-0.7924,AMD
2022-11-04,95.129,95.6951,82.8828,86.1107,205326600,-0.1079,-2.1929,-1.4479,-1.2706,-1.0344,1.7724,2.2735,1.4215,1.9243,-1.5072,-0.3522,-1.3875,0.0095,GOOG
2022-11-04,465.5269,470.0262,426.0685,456.9085,6915200,-0.0396,0.0783,0.526,0.3333,-0.2429,0.4747,-0.0,-0.0328,1.0843,0.161,-0.3522,-1.3875,0.691,ASML
2022-11-04,228.0861,230.018,208.2495,216.0163,170779600,-0.0634,-1.3089,-0.705,-0.7931,-1.0344,0.5873,1.1974,0.5086,0.8593,-0.5695,-0.3522,-1.3875,-2.0586,MSFT
2022-11-04,13.7615,14.2119,12.9405,14.139,2704427000,0.023,1.5117,1.246,0.7008,-0.2429,0.3197,-0.4319,-0.9558,0.4638,0.768,-0.3522,-1.3875,1.1711,NVDA
2022-11-04,150.7799,153.0343,132.5112,136.4556,510660400,-0.1165,-0.9326,-0.2901,-0.8684,-0.2429,1.8122,0.3789,0.3916,1.804,-0.9503,-0.3522,-1.3875,0.0718,AAPL
2022-11-11,14.2109,16.3693,13.7425,16.3074,2816073000,0.1427,2.0137,3.1992,2.0272,0.5487,2.0758,-0.313,-0.4642,-0.545,0.768,-0.7728,-0.8243,0.8795,NVDA
2022-11-11,135.2032,147.9238,132.7182,147.6181,461034600,0.0786,-0.6369,0.5336,0.3827,0.5487,0.6425,0.3211,-0.1947,1.4708,0.187,-0.7728,-0.8243,-1.6528,AAPL
2022-11-11,216.6018,241.9707,215.909,241.112,170431600,0.1099,0.4626,0.5132,0.2115,-0.2429,0.7679,0.201,0.3976,1.7553,0.768,-0.7728,-0.8243,1.3286,MSFT
2022-11-11,55.5172,62.158,54.5629,61.5087,88115800,0.1073,1.7543,1.3508,1.4697,0.5487,1.1478,-0.7881,-0.8611,1.1992,0.768,-0.7728,-0.8243,-1.5141,MU
2022-11-11,86.7464,96.6983,86.3689,96.0725,156756100,0.1095,-0.1233,-0.2359,-0.1958,-0.2429,0.7538,0.9575,0.3293,2.014,0.0368,-0.7728,-0.8243,0.2288,GOOG
2022-11-11,62.93,73.32,59.8,72.37,421306600,0.1516,1.868,2.1393,0.776,0.5487,2.711,-0.1703,-0.5278,0.1334,0.768,-0.7728,-0.8243,-0.3106,AMD
2022-11-11,462.8251,563.991,457.737,561.8661,10548900,0.2068,2.0327,3.6296,2.2902,0.5487,2.7675,-0.017,1.3197,0.3871,0.768,-0.7728,-0.8243,-0.0147,ASML
2022-11-18,236.1163,241.0047,232.5156,236.0283,137343700,-0.0213,1.01,-0.2021,0.0045,-1.0344,-1.0121,-0.3079,-0.667,1.1865,0.4386,-0.5783,0.8249,-0.4964,MSFT
2022-11-18,75.22,79.16,70.16,73.57,453351100,0.0164,2.0444,1.8334,1.5207,1.3402,1.1194,-0.2167,-0.0979,0.5035,0.768,-0.5783,0.8249,2.8508,AMD
2022-11-18,560.2481,592.9402,554.5656,578.1635,6927900,0.0286,2.921,2.093,2.1683,0.5487,-0.2616,-0.0121,-0.6004,-0.0627,0.768,-0.5783,0.8249,-1.1638,ASML
2022-11-18,94.8509,99.7375,94.4665,97.1353,127449900,0.011,1.425,-0.5285,-0.3792,-0.2429,-0.5605,-0.4794,-0.3924,1.2796,0.2015,-0.5783,0.8249,1.7099,GOOG
2022-11-18,146.8983,151.454,144.1175,149.186,382679700,0.0106,1.0178,0.0652,0.3596,0.5487,-0.686,-0.3154,-1.1956,0.9937,0.3468,-0.5783,0.8249,-0.2539,AAPL
2022-11-18,16.1985,16.9776,15.1019,15.3905,2926241000,-0.0579,0.9607,1.7264,1.624,0.5487,1.1082,-0.1066,0.1182,0.9253,-0.1104,-0.5783,0.8249,-0.7399,NVDA
2022-11-18,60.9381,63.3977,55.5959,57.6324,80131100,-0.0651,0.4058,0.2061,0.5375,-0.2429,1.4412,-0.4602,-1.0522,1.6794,-0.2165,-0.5783,0.8249,-1.1351,MU
2022-11-25,566.5057,594.5776,559.712,576.8769,3215800,-0.0022,0.1998,1.5594,3.1905,0.5487,-0.4081,-1.8129,-1.9633,-0.0668,0.7332,-1.111,1.0459,1.8647,ASML
2022-11-25,15.1288,16.5072,15.0619,16.2505,1472780000,0.0544,-0.189,1.2757,2.5983,1.3402,0.2952,-0.8158,-2.2631,0.5577,0.7134,-1.111,1.0459,-0.8833,NVDA
2022-11-25,57.0815,58.1736,55.9009,57.4652,32281400,-0.0029,-1.0288,0.5107,0.5428,-0.2429,-0.9237,-1.4739,-2.1053,0.9974,-0.259,-1.111,1.0459,1.1725,MU
2022-11-25,72.21,78.22,71.57,75.14,214629000,0.0211,0.3455,1.5462,2.017,2.1317,0.2845,-0.8781,-2.1942,0.7869,0.768,-1.111,1.0459,-0.3192,AMD
2022-11-25,148.0717,149.7185,144.8866,146.0502,204025500,-0.0212,-0.2825,-0.634,0.291,0.5487,-1.0832,-1.5094,-2.1744,0.5749,0.0273,-1.111,1.0459,2.1369,AAPL
2022-11-25,236.2338,243.3473,235.5293,242.1633,74769700,0.0257,-0.0869,0.2673,0.3888,-0.2429,-1.103,-1.5374,-1.7445,0.8795,0.768,-1.111,1.0459,1.6641,MSFT
2022-11-25,96.8969,98.3956,93.7683,96.9366,63702500,-0.002,-0.0269,-0.0987,-0.2088,-0.2429,-0.7216,-1.8673,-1.4482,0.8664,0.1707,-1.111,1.0459,-0.1781,GOOG
2022-12-02,16.0068,17.2487,15.5014,16.8601,2009789000,0.0368,1.0438,1.4008,2.0788,1.3402,0.658,-1.4933,-0.9959,0.3689,0.768,-1.3156,1.7667,2.6692,NVDA
2022-12-02,578.7678,600.9717,562.1878,590.3961,5154500,0.0232,0.1291,2.1284,1.8507,0.5487,-0.2785,-2.0806,-0.953,-0.7577,0.768,-1.3156,1.7667,1.5538,ASML
2022-12-02,96.5394,101.8927,93.7485,100.1447,120675600,0.0326,0.2537,1.1741,-0.2911,-0.2429,0.1074,-1.987,-0.3582,-0.5261,0.768,-1.3156,1.7667,0.8731,GOOG
2022-12-02,73.81,79.23,72.57,74.98,309909200,-0.0021,0.1037,1.5007,1.6164,1.3402,0.2924,-1.6331,-0.9344,0.7088,0.7347,-1.3156,1.7667,-0.3789,AMD
2022-12-02,240.7837,250.6076,233.0831,249.5313,137898700,0.03,0.5808,1.1129,0.1771,-0.2429,-0.1665,-1.5899,-0.2278,0.0089,0.768,-1.3156,1.7667,0.2272,MSFT
2022-12-02,56.3928,56.9831,51.759,53.7955,97558900,-0.066,-1.0405,-0.4358,-0.4313,-1.0344,0.497,-0.9709,0.5396,1.1858,-1.1909,-1.3156,1.7667,-1.1197,MU
2022-12-02,143.1215,147.0561,138.3982,145.7544,401088500,-0.002,-0.4465,0.4034,-0.2012,-0.2429,-0.4337,-1.3984,-0.0754,-0.931,-0.0028,-1.3156,1.7667,0.015,AAPL
2022-12-09,246.5861,248.3571,236.997,240.1379,109602000,-0.0384,-0.2529,-0.2305,0.0835,-0.2429,-0.7322,-0.3899,-0.7289,-1.1027,0.1799,-0.4536,1.4224,-0.7545,MSFT
2022-12-09,99.1366,101.0584,92.3878,92.4374,114959500,-0.0801,-0.7623,-0.5433,-0.5253,-0.2429,0.4153,-0.5523,-0.4872,-0.6636,-0.4343,-0.4536,1.4224,-0.5397,GOOG
2022-12-09,16.6632,17.5664,15.6522,16.9849,2058131000,0.0074,0.432,0.175,1.3382,1.3402,0.8817,-0.6758,-0.7116,-1.4876,0.768,-0.4536,1.4224,-0.2175,NVDA
2022-12-09,74.54,75.17,68.52,68.59,286959900,-0.0891,-1.331,-0.6799,0.5302,0.5487,0.4931,-0.9152,-0.9288,-1.0698,-0.5938,-0.4536,1.4224,-0.3076,AMD
2022-12-09,53.4905,54.9564,51.5918,53.9825,66703500,0.0035,-0.9575,-1.3764,-0.1252,-0.2429,-0.3614,0.5994,-0.5369,-0.9638,-1.1435,-0.4536,1.4224,0.6946,MU
2022-12-09,589.8016,595.718,571.9837,582.5886,4481700,-0.0133,-0.0152,0.1343,1.315,-0.2429,-0.8943,-1.1792,-0.9396,-2.0396,0.5614,-0.4536,1.4224,0.4283,ASML
2022-12-09,145.715,148.8212,138.053,140.183,341500000,-0.039,-0.6773,-0.6621,-0.9276,-1.0344,-0.0039,-0.1755,-0.5724,-1.4397,-0.1747,-0.4536,1.4224,-1.583,AAPL
2022-12-16,52.6543,56.9536,50.785,51.2277,79432800,-0.0524,-0.7803,-1.2612,-0.8207,-1.0344,1.0721,-0.0776,0.1061,-1.1174,-1.8431,-0.4495,1.2208,1.4073,MU
2022-12-16,17.0209,18.7723,16.3945,16.5553,2567579000,-0.0256,-0.381,0.4672,0.9659,0.5487,1.6449,0.0009,0.3725,-1.5136,0.3729,-0.4495,1.2208,-1.1441,NVDA
2022-12-16,68.54,75.21,64.8,65.41,321699900,-0.0475,-1.9213,-1.259,0.1446,-0.2429,2.0281,-0.4827,-0.4056,-1.063,-1.2549,-0.4495,1.2208,1.2297,AMD
2022-12-16,242.1242,258.2397,238.269,239.4236,229935300,-0.003,-0.6819,-0.0645,0.5457,-0.2429,0.1589,0.9552,1.4395,-1.1265,0.1352,-0.4495,1.2208,-0.3221,MSFT
2022-12-16,581.7795,627.0943,551.4366,559.7997,6838900,-0.0399,-0.8364,-0.4863,1.3129,-0.2429,1.4358,-0.4601,0.1333,-1.357,-0.0416,-0.4495,1.2208,0.2374,ASML
2022-12-16,92.4573,99.1217,89.3982,90.2425,165406600,-0.024,-1.4991,-0.8607,0.1169,-0.2429,0.7595,0.6341,0.4256,-0.814,-0.7767,-0.4495,1.2208,-0.2025,GOOG
2022-12-16,140.7155,147.8844,131.8702,132.6393,505728900,-0.0553,-1.3711,-1.259,-0.459,-1.0344,1.08,0.5502,0.9019,-1.0937,-0.9646,-0.4495,1.2208,0.3445,AAPL
2022-12-23,133.231,134.9073,127.8371,130.0262,384620400,-0.0199,-1.1228,-1.2468,-1.2133,-1.826,-0.5577,1.0541,-0.1109,-0.9917,-1.2383,-0.784,-0.0245,-1.73,AAPL
2022-12-23,90.2623,90.5801,86.3491,89.1996,106804800,-0.0116,-0.6077,-0.9475,-0.8101,-1.0344,-0.7291,0.8707,-0.5803,-0.861,-0.9393,-0.784,-0.0245,0.1884,GOOG
2022-12-23,16.5564,16.6113,14.8679,15.1916,1996695000,-0.086,-1.5963,-0.8043,-0.7844,-0.2429,0.9325,0.2563,-0.6117,-0.6004,-0.8814,-0.784,-0.0245,-0.464,NVDA
2022-12-23,65.12,67.85,62.26,64.52,262686500,-0.0137,-0.9399,-1.5744,-1.1208,-1.0344,0.2385,-0.2808,-0.8264,-1.37,-1.4399,-0.784,-0.0245,-1.1741,AMD
2022-12-23,51.3261,51.4442,47.6466,49.388,112198100,-0.0366,-1.3016,-1.5662,-1.922,-1.826,-0.002,1.1808,1.4721,-1.1179,-1.4667,-0.784,-0.0245,-0.9401,MU
2022-12-23,239.5899,240.3336,228.8364,233.5919,128396500,-0.0247,-0.5034,-0.5204,-0.4844,-1.0344,-0.685,1.6338,-0.3272,-1.0823,-0.2299,-0.784,-0.0245,0.1634,MSFT
2022-12-23,559.5365,569.1961,528.8135,537.4299,4504600,-0.0408,-1.194,-0.8356,-0.5823,-1.0344,-0.0453,0.4792,-0.6703,-0.9942,-0.6335,-0.784,-0.0245,1.2222,ASML
2022-12-30,15.0598,15.0857,13.8709,14.6002,1481381000,-0.0397,-1.7798,-1.4977,-0.6454,-0.2429,0.1539,-0.529,-1.2188,-0.9382,-1.4253,-0.5577,-0.8467,0.7596,NVDA
2022-12-30,63.87,65.18,61.96,64.77,154168000,0.0039,-0.2715,-1.5201,-1.2171,-1.0344,-0.6728,-1.0193,-1.4982,-1.118,-1.3879,-0.5577,-0.8467,0.7255,AMD
2022-12-30,48.8075,50.2636,47.7352,49.2835,52871900,-0.0021,-0.6473,-0.9876,-1.4399,-1.826,-0.6336,0.6329,-0.9043,-1.0627,-1.4562,-0.5577,-0.8467,-1.093,MU
2022-12-30,233.5625,236.7132,229.13,234.6584,75854900,0.0046,-0.4053,-0.7506,-0.2864,-0.2429,-1.1022,-1.0023,-1.1139,-1.1716,-0.1631,-0.5577,-0.8467,0.9364,MSFT
2022-12-30,88.703,88.8917,85.783,88.1269,70821500,-0.0121,-0.4524,-1.3521,-0.9869,-1.826,-1.0291,-0.9003,-1.238,-1.1186,-1.1067,-0.5577,-0.8467,1.5254,GOOG
2022-12-30,129.5529,129.5825,124.1195,128.1231,307184100,-0.0147,-0.5945,-1.362,-1.407,-2.6175,-0.8474,-0.1767,-0.6942,-0.8767,-1.1495,-0.5577,-0.8467,0.0257,AAPL
2022-12-30,532.2444,541.3288,515.6354,532.5856,2956700,-0.0091,-0.7924,-1.1275,-0.8705,-1.826,-0.7091,-0.9273,-1.0435,-0.998,-0.7616,-0.5577,-0.8467,0.4702,ASML
2023-01-06,66.0,66.88,60.05,63.96,210649700,-0.0126,-0.257,-0.8271,-1.4751,-1.826,0.7357,-1.5363,-0.707,-1.5812,-1.5279,-0.6398,-0.3242,1.1995,AMD
2023-01-06,128.4682,129.0796,122.4432,127.8174,369948500,-0.0024,-0.3666,-1.0305,-1.2627,-2.6175,-0.6183,-0.6398,0.1291,-0.5919,-1.1544,-0.6398,-0.3242,-0.0394,AAPL
2023-01-06,547.0893,583.5437,531.9714,580.7853,3499100,0.0866,0.8666,-0.2219,-0.1902,-1.0344,0.2918,-1.5466,-0.7612,0.0174,0.5137,-0.6398,-0.3242,-1.327,ASML
2023-01-06,237.8482,240.4608,214.629,220.0889,159562600,-0.0641,-0.9188,-0.9838,-0.9736,-1.0344,0.997,-0.8481,0.6079,-0.5806,-1.0752,-0.6398,-0.3242,-0.5281,MSFT
2023-01-06,49.8554,56.4916,48.8594,55.9788,76600800,0.1274,1.4874,0.1352,-0.4425,-1.0344,1.4651,-1.0534,0.1129,0.921,0.768,-0.6398,-0.3242,-0.94,MU
2023-01-06,89.2194,90.9278,84.9884,87.5608,97533700,-0.0064,-0.3849,-0.6849,-1.0206,-1.826,-0.2257,-1.3323,-0.3077,-1.4731,-1.195,-0.6398,-0.3242,-0.5279,GOOG
2023-01-06,14.837,14.9958,14.0207,14.845,1626813000,0.0166,-0.4441,-1.414,-0.9344,-0.2429,-0.2786,-1.0849,-0.7368,-0.7216,-1.2002,-0.6398,-0.3242,0.592,NVDA
2023-01-13,66.22,71.65,65.67,71.0,271184600,0.1044,1.0522,0.5491,-0.6594,-1.0344,0.179,-0.2236,0.3451,0.3377,0.768,-1.1547,-0.5045,-0.2243,AMD
2023-01-13,88.5888,92.348,86.1107,92.1693,113236000,0.0513,0.4404,-0.0024,-0.8772,-1.826,-0.2296,-0.2941,0.2491,-0.5546,0.7226,-1.1547,-0.5045,-0.7104,GOOG
2023-01-13,56.0281,57.6551,54.8744,56.1366,65838900,0.0028,1.5516,0.6352,0.0842,-0.2429,-0.6772,-0.3125,-0.2552,0.6084,0.768,-1.1547,-0.5045,1.2911,MU
2023-01-13,221.5762,234.7367,221.537,234.0811,131675800,0.0616,-0.1756,-0.3983,-0.7312,-1.0344,-0.508,0.2331,0.0504,0.5711,0.374,-1.1547,-0.5045,0.4649,MSFT
2023-01-13,15.2696,16.906,15.1267,16.883,2240313000,0.1286,1.7479,-0.0163,-0.2314,-0.2429,0.7013,-0.1705,0.8566,1.2812,0.6742,-1.1547,-0.5045,0.5768,NVDA
2023-01-13,128.6555,133.0437,126.3382,132.8859,333335200,0.0389,0.3317,-0.177,-0.9495,-1.826,-0.6544,-0.318,-0.2329,-0.2879,-0.0452,-1.1547,-0.5045,0.258,AAPL
2023-01-13,598.4668,644.0348,597.3069,643.0114,5001100,0.1018,2.3096,1.0617,0.4117,-1.0344,-0.1062,-0.3505,0.4761,0.386,0.768,-1.1547,-0.5045,0.3209,ASML
2023-01-20,634.6385,659.0162,611.1674,632.4454,4622600,-0.0166,0.9659,1.2811,0.3867,-1.0344,-0.0325,0.2669,0.0271,0.4238,0.5113,-0.7935,0.3194,-0.4488,ASML
2023-01-20,56.3634,57.7833,54.5096,57.6453,46858600,0.0265,0.2384,1.2069,0.2607,-0.2429,-0.4981,-1.1626,-1.2672,0.2487,0.768,-0.7935,0.3194,0.8812,MU
2023-01-20,16.883,17.8561,16.7152,17.8222,1968625000,0.0541,2.2362,1.253,0.1265,-0.2429,-0.3198,0.3189,-0.0403,0.5036,0.768,-0.7935,0.3194,-0.2909,NVDA
2023-01-20,232.8482,237.1633,225.7151,235.0498,123872800,0.0041,0.7127,-0.1375,-0.4058,-0.2429,-0.6977,-0.5179,-0.2674,0.8942,0.4826,-0.7935,0.3194,-0.698,MSFT
2023-01-20,70.87,72.78,67.27,70.07,177107500,-0.0132,1.0444,0.5538,-0.0784,-1.0344,0.041,-0.206,-1.1572,0.4753,0.5633,-0.7935,0.3194,-0.4411,AMD
2023-01-20,92.1494,98.7443,90.2226,98.6052,124989900,0.0675,1.4031,0.7144,0.2526,-1.0344,0.2332,0.2673,0.4443,0.1103,0.768,-0.7935,0.3194,0.4798,GOOG
2023-01-20,132.9549,136.6823,131.9097,135.9526,271823400,0.0228,0.6599,0.21,-0.4764,-1.0344,-1.0333,-0.8686,-1.2999,-0.1781,0.768,-0.7935,0.3194,-0.2883,AAPL
2023-01-27,72.22,77.08,71.54,75.4,302750900,0.0733,0.6393,1.183,0.8462,-0.2429,-0.0864,0.2223,0.9479,0.9122,0.768,-1.0232,0.7019,-1.6107,AMD
2023-01-27,641.4128,667.6231,638.4594,650.5166,7260000,0.0282,0.0076,1.6184,0.9079,-0.2429,-0.7933,1.4561,1.6594,0.4752,0.768,-1.0232,0.7019,0.7448,ASML
2023-01-27,18.0469,20.6085,17.8012,20.3458,2632581000,0.1324,2.2855,2.8127,1.3364,0.5487,1.5057,0.8036,1.4485,0.0735,0.768,-1.0232,0.7019,1.3166,NVDA
2023-01-27,98.4562,100.8896,94.6145,100.0255,143746600,0.0143,0.9215,0.9536,0.5461,-0.2429,-0.3514,1.1769,0.9818,-0.1797,0.768,-1.0232,0.7019,1.3538,GOOG
2023-01-27,136.1991,145.1825,135.9822,143.9006,338655600,0.0568,0.8933,0.8583,0.382,-0.2429,-0.3218,-0.4631,-0.2276,0.7186,0.768,-1.0232,0.7019,0.4467,AAPL
2023-01-27,58.0989,63.4433,58.0397,62.9799,69261100,0.0885,1.3541,2.028,1.3392,0.5487,0.2178,-0.9381,-0.0651,0.269,0.768,-1.0232,0.7019,-0.402,MU
2023-01-27,235.9109,244.453,225.9304,242.8189,198648400,0.0325,0.3336,0.1159,-0.1341,0.5487,-0.0171,0.9467,1.1463,1.0752,0.768,-1.0232,0.7019,0.7066,MSFT
2023-02-03,633.5662,680.9279,630.9346,662.4374,5620300,0.0182,0.4597,0.998,1.3591,0.5487,-0.0372,1.7386,0.4332,0.1297,0.768,-1.0116,0.0549,-0.2471,ASML
2023-02-03,19.9312,21.9283,18.9321,21.0801,2640747000,0.0355,2.0423,2.9833,2.2659,1.3402,1.6081,1.3319,1.1563,-0.263,0.768,-1.0116,0.0549,-0.9821,NVDA
2023-02-03,142.9441,155.1913,139.3547,152.3514,480249700,0.0571,1.3392,1.397,0.9712,0.5487,0.6657,0.8754,1.3669,-1.6544,0.768,-1.0116,0.0549,0.4263,AAPL
2023-02-03,98.0739,108.0804,96.8572,104.5048,156510500,0.0438,0.6131,1.4089,0.9704,0.5487,0.7508,1.4253,1.1317,-0.7468,0.768,-1.0116,0.0549,-0.1127,GOOG
2023-02-03,61.8853,63.0292,57.8326,61.5402,88992200,-0.0231,0.7078,0.6643,1.4422,0.5487,0.1843,0.9614,0.776,-0.1971,0.4109,-1.0116,0.0549,0.8848,MU
2023-02-03,239.2475,258.9932,236.9872,252.7896,152686100,0.0402,0.8038,1.0612,0.3628,1.3402,0.2487,1.3049,0.0917,-0.8831,0.768,-1.0116,0.0549,0.8032,MSFT
2023-02-03,74.23,88.94,72.03,86.09,436642400,0.1326,2.5372,2.4983,1.9661,0.5487,2.948,2.2325,1.9535,0.9314,0.768,-1.0116,0.0549,1.996,AMD
2023-02-10,101.9871,107.9314,93.2221,94.2153,279981700,-0.1037,-0.9227,0.0051,0.2695,0.5487,1.9534,2.2366,2.3322,1.7759,-0.7701,-0.5873,-0.1347,0.2734,GOOG
2023-02-10,20.7864,22.9983,20.7664,21.2449,2750611000,0.0078,0.4195,1.8883,2.6295,2.1317,0.693,0.8639,1.2754,-0.2291,0.768,-0.5873,-0.1347,-0.267,NVDA
2023-02-10,60.0907,61.5205,58.4243,58.9863,55232300,-0.0424,-0.9964,0.2548,1.1339,0.5487,-0.6043,0.3788,-0.7118,0.167,-0.2226,-0.5873,-0.1347,-2.0905,MU
2023-02-10,251.8992,270.8034,249.2964,257.4374,196239000,0.0182,0.6176,0.6679,0.4674,1.3402,0.1621,0.4475,1.3079,-1.1241,0.768,-0.5873,-0.1347,0.7127,MSFT
2023-02-10,150.4482,153.0712,147.3695,149.1373,330758800,-0.0213,0.3219,0.8515,0.9208,0.5487,-0.9562,0.7493,-0.3132,1.8459,0.4384,-0.5873,-0.1347,-0.5648,AAPL
2023-02-10,84.63,88.0,80.47,81.48,268299200,-0.055,0.8662,1.0535,1.5152,-0.2429,0.3811,1.3968,0.1274,1.486,-0.0685,-0.5873,-0.1347,-1.7652,AMD
2023-02-10,650.4926,667.851,633.6131,641.1444,4201400,-0.0327,-0.3325,-0.2202,1.1783,0.5487,-0.5818,-0.1371,-0.3554,-0.8873,0.2658,-0.5873,-0.1347,-0.1487,ASML
2023-02-17,21.5177,23.0272,20.9422,21.3678,2448882000,0.0058,0.033,1.4501,2.5464,2.1317,0.5085,0.3173,0.5105,0.0473,0.768,-0.6819,-0.2762,-1.5514,NVDA
2023-02-17,149.078,154.3913,148.9792,150.6581,316792400,0.0101,-0.289,0.7367,1.0168,1.3402,-1.0132,-0.3346,-0.4062,1.3612,0.5943,-0.6819,-0.2762,-0.1808,AAPL
2023-02-17,643.8601,665.2038,632.392,636.8268,4388800,-0.0068,-0.6569,-0.1313,0.4633,-0.2429,-0.6281,-0.9042,-0.1991,-0.9206,0.164,-0.6819,-0.2762,-0.3008,ASML
2023-02-17,94.3643,97.2147,92.0203,93.9471,189331400,-0.0029,-1.5301,-0.6323,0.2971,0.5487,-0.5351,2.0667,0.702,1.0182,-0.8102,-0.6819,-0.2762,0.8237,GOOG
2023-02-17,81.57,86.19,77.37,78.5,253391700,-0.0373,-1.3452,0.8354,1.3263,-0.2429,0.8732,-0.4505,-0.0329,1.2318,-0.6093,-0.6819,-0.2762,-0.7168,AMD
2023-02-17,261.8797,269.0519,251.1176,253.1383,170204900,-0.0168,-0.1256,0.4779,0.8292,1.3402,-0.1512,0.6677,0.517,-0.5424,0.5071,-0.6819,-0.2762,0.7699,MSFT
2023-02-17,58.9863,61.4416,57.6946,58.1876,57978100,-0.0136,-0.8729,-0.109,0.0544,-0.2429,-0.3104,-0.6151,-0.4231,0.0122,-0.4207,-0.6819,-0.2762,-0.9079,MU
2023-02-24,249.6266,251.9416,243.3682,244.4669,105098500,-0.0349,-0.8166,-0.1326,0.0905,0.5487,-1.0342,-0.6764,-1.4772,-0.1647,-0.0191,-0.3234,-0.5174,-0.5266,MSFT
2023-02-24,20.9802,23.8654,20.4017,23.264,2630910000,0.085,1.0385,1.0205,2.2124,2.1317,1.7748,0.0488,0.7172,-1.1204,0.768,-0.3234,-0.5174,0.5732,NVDA
2023-02-24,148.3373,149.4237,143.9129,144.8906,213742300,-0.039,-0.5196,-0.1317,0.4202,0.5487,-0.961,-0.9744,-1.5357,1.2794,0.003,-0.3234,-0.5174,0.0169,AAPL
2023-02-24,623.2293,629.0219,598.5252,604.0541,4128700,-0.0528,-0.9194,-0.8653,-0.7203,-1.0344,-0.6537,-0.8169,-0.5897,-0.9521,-0.6088,-0.3234,-0.5174,-0.4517,ASML
2023-02-24,77.15,81.79,75.92,78.09,217423700,-0.0052,-0.6968,0.1237,0.4868,-1.0344,-0.0445,-0.777,-0.6055,0.7993,-0.6837,-0.3234,-0.5174,0.0518,AMD
2023-02-24,57.5269,58.9173,56.038,57.3692,50889800,-0.0142,-0.5054,-1.0393,-0.0756,-1.0344,-0.6611,-0.6125,-0.9103,-1.9617,-0.6237,-0.3234,-0.5174,0.3624,MU
2023-02-24,92.6063,92.7801,88.256,88.7427,121977600,-0.057,-0.9226,-1.2782,-0.5319,-0.2429,-0.6416,-0.434,-0.5133,0.8014,-1.5881,-0.3234,-0.5174,0.5957,GOOG
2023-03-03,58.3454,58.7299,53.9574,55.9887,58543400,-0.0244,-0.6451,-1.0504,-0.4651,-1.826,0.204,-0.7311,-0.2083,-1.4362,-0.9661,-0.8845,-0.4561,0.7499,MU
2023-03-03,616.7822,624.5578,589.2551,622.614,4800400,0.0303,-0.4374,-0.7556,-0.3618,-0.2429,-0.5004,-0.6304,-0.1649,-0.5309,-0.1711,-0.8845,-0.4561,-2.0788,ASML
2023-03-03,79.64,81.63,76.65,81.52,248748200,0.043,0.348,-0.6881,0.9168,-0.2429,-0.392,-1.0042,-0.2741,-1.3341,-0.0613,-0.8845,-0.4561,0.7104,AMD
2023-03-03,23.6476,23.8774,22.4108,23.8674,2170791000,0.0256,1.2969,0.9313,1.9941,2.1317,-0.3832,-0.3067,-0.9333,-1.0356,0.768,-0.8845,-0.4561,-0.8807,NVDA
2023-03-03,145.8782,149.236,142.1154,149.157,273994900,0.029,-0.2739,-0.3858,0.4677,0.5487,-0.7215,-1.3227,-0.5695,0.0217,0.4404,-0.8845,-0.4561,0.8099,AAPL
2023-03-03,247.6451,250.7448,240.9258,250.4211,126814600,0.0241,-0.284,-0.2792,0.2431,0.5487,-0.932,-1.4071,-0.6636,-0.4847,0.3422,-0.8845,-0.4561,-1.1896,MSFT
2023-03-03,89.4777,93.4704,88.9116,93.381,133166200,0.0509,-0.2222,-1.2136,-0.6586,-0.2429,-0.6949,-1.332,-0.4241,0.7348,-0.8948,-0.8845,-0.4561,-0.9182,GOOG
2023-03-10,612.787,618.4428,585.5431,587.2819,5545100,-0.0584,-0.5101,-0.9889,-1.0247,-1.0344,-0.5171,0.4195,0.4974,-0.0046,-1.0043,0.3319,0.7013,0.1317,ASML
2023-03-10,251.5394,255.159,242.8778,243.8489,117910500,-0.0266,-0.1765,-0.6852,-0.2095,-0.2429,-0.6567,-0.82,-0.8395,-0.4487,-0.0566,0.3319,0.7013,0.5762,MSFT
2023-03-10,56.4817,57.8326,53.77,54.1645,63646900,-0.0331,-0.8919,-0.9665,-1.3962,-2.6175,-0.0486,-0.1305,0.2084,-1.2193,-1.1043,0.3319,0.7013,-1.5838,MU
2023-03-10,151.8828,154.3617,145.7794,146.6584,313350800,-0.0169,0.0144,-0.3457,-0.0965,-0.2429,-0.4555,-0.4614,-0.0181,-0.0956,0.1842,0.3319,0.7013,-0.5673,AAPL
2023-03-10,23.8684,24.4351,22.7084,22.9472,2442279000,-0.0393,-0.322,0.5045,0.6793,1.3402,-0.0427,-0.4406,-0.0345,-0.0736,0.1657,0.3319,0.7013,-0.2893,NVDA
2023-03-10,93.7187,95.6455,90.1828,90.3914,135073900,-0.0325,0.0962,-0.5693,-1.0172,-1.0344,-0.4082,-1.0965,-0.4577,-0.2873,-1.3417,0.3319,0.7013,-0.3858,GOOG
2023-03-10,82.03,87.81,80.67,82.67,344800400,0.014,0.5985,-0.0625,0.4628,-0.2429,0.2318,0.0244,0.8416,-1.3901,0.1474,0.3319,0.7013,-1.3549,AMD
2023-03-17,579.3793,623.6103,576.2241,619.0094,5031200,0.0526,-0.2191,-0.451,-0.7609,-1.0344,-0.0104,0.667,-0.054,1.1985,0.2286,0.4781,1.0773,1.713,ASML
2023-03-17,53.2178,56.9156,52.0247,55.8704,88112800,0.031,-0.1711,-0.5621,-0.9818,-1.826,0.2608,1.1202,1.5404,-0.3352,-0.0572,0.4781,1.0773,-0.3284,MU
2023-03-17,89.9495,102.7866,89.3287,101.7636,232819600,0.1185,0.9757,0.5302,-0.4454,-1.0344,1.3641,0.0451,1.1051,1.0047,0.768,0.4781,1.0773,0.384,GOOG
2023-03-17,81.39,98.75,78.52,97.84,427982800,0.1685,2.2324,1.8015,0.7376,-0.2429,3.2033,1.6469,1.4537,0.4446,0.768,0.4781,1.0773,0.8667,AMD
2023-03-17,22.7344,26.3785,22.2797,25.7051,2853086000,0.1135,0.8222,1.4805,1.2767,1.3402,2.0357,0.1924,1.3913,1.3368,0.768,0.4781,1.0773,-2.4164,NVDA
2023-03-17,145.9769,154.7962,145.8683,153.0778,410426600,0.0428,0.1943,-0.0495,-0.2055,-0.2429,-0.4603,0.869,0.9888,0.6201,0.768,0.4781,1.0773,-0.1501,AAPL
2023-03-17,242.6816,277.9263,241.0434,274.1007,237284200,0.1169,1.0328,0.527,0.3777,-0.2429,1.4212,0.6051,1.6863,1.7334,0.768,0.4781,1.0773,-1.8462,MSFT
2023-03-24,100.3731,106.7793,100.105,105.3391,148115600,0.0345,1.849,1.3595,0.6125,-0.2429,-0.336,0.9833,-0.4496,0.0526,0.768,-0.21,1.1835,-0.0695,GOOG
2023-03-24,153.1469,160.1292,152.2383,158.2627,350100100,0.0333,0.8479,0.606,0.2128,0.5487,-0.6692,1.113,0.2107,-0.6685,0.768,-0.21,1.1835,0.7654,AAPL
2023-03-24,25.5952,27.5676,25.1105,26.7583,2797259000,0.0402,1.8569,1.074,1.5244,1.3402,0.3665,0.5387,0.9614,0.8,0.768,-0.21,1.1835,-0.2305,NVDA
2023-03-24,96.3,102.43,92.9,97.95,436911800,0.0011,2.0646,1.8592,1.1675,0.5487,0.5015,1.7941,1.208,0.2854,0.768,-0.21,1.1835,-0.0898,AMD
2023-03-24,55.9098,60.919,55.2984,60.3076,84811900,0.0764,1.2552,0.2587,-0.0723,-1.0344,0.4004,1.4764,1.0759,0.6514,0.768,-0.21,1.1835,1.2318,MU
2023-03-24,271.6975,275.6997,264.3798,275.219,177681500,0.0041,1.4321,0.8797,0.2694,-0.2429,-0.8846,1.7237,0.4335,1.1902,0.768,-0.21,1.1835,0.6861,MSFT
2023-03-24,631.3272,658.327,620.4845,632.5289,4753800,0.0216,0.8228,0.2235,-0.3454,-0.2429,-0.4232,0.1199,-0.063,0.6653,0.6625,-0.21,1.1835,1.05,ASML
