Date,open,high,low,close,volume,return,price_to_sma_4w,price_to_sma_8w,price_to_sma_12w,price_to_ema_8w,price_to_ema_12w,macd_histogram,return_lag_1w,return_lag_2w,return_lag_3w,rsi_14w,stochastic_14w,roc_4w,volatility_12w,atr_pct_14w,bb_position_20w,volume_ratio_20w,mfi_14w,obv_roc_4w,bench_corr_12w,bench_beta_12w,ticker
2019-05-24,3.7861,3.8643,3.5958,3.6025,2209208000,-0.0755,-2.3526,-2.3511,-1.9404,-2.1924,-1.9033,-1.126,-1.4777,-1.566,0.4171,-0.8348,-2.0499,-1.8616,0.5494,0.5298,-1.4237,-0.6795,-0.5657,-0.8061,0.5272,2.2347,NVDA
2019-05-24,183.2041,184.5271,178.413,179.358,3796900,-0.0583,-1.125,-0.9302,-0.5972,-0.8159,-0.6042,0.0409,0.1314,-0.9792,0.0466,-0.1783,-0.5941,-0.9704,-0.4425,-0.8023,-0.2538,0.2398,0.2046,-0.0301,1.0066,0.9966,ASML
2019-05-24,119.547,121.1722,117.8651,119.2824,92123900,-0.0144,-0.3306,-0.1265,0.0816,-0.0394,0.1056,0.5579,0.1087,-0.3357,-0.2251,1.2852,0.6922,-0.4456,-1.3404,-1.313,0.5082,-0.8088,0.8717,-0.2834,0.5034,-0.7689,MSFT
2019-05-24,44.0226,45.0973,42.6529,42.9311,627880400,-0.0545,-1.6844,-1.3798,-1.0288,-1.2587,-0.9745,-0.2228,-0.8696,-1.3221,0.5747,-0.1429,-1.3201,-1.2937,-0.4356,-0.5584,-0.5052,0.2275,0.1388,-0.3095,0.8482,0.898,AAPL
2019-05-24,26.98,27.59,26.03,26.44,263516900,-0.0393,-0.9377,-0.8461,-0.3702,-0.6008,-0.3534,0.2003,-0.3976,-0.2516,0.1387,0.0513,-0.0148,-0.6851,0.6055,0.3994,-0.0006,-0.8365,-0.5712,-0.4324,-0.8898,0.8133,AMD
2019-05-24,56.8361,57.5323,56.0774,56.2883,114770000,-0.0251,-0.6315,-0.8959,-0.7817,-0.7962,-0.7107,-0.3041,-0.1249,-0.4122,-1.3844,-0.3302,-1.3671,-1.1915,-0.9568,-1.0245,-0.7006,-0.5594,-0.4248,-1.1933,-1.0257,-0.951,GOOG
2019-05-24,33.9192,35.0221,32.172,33.1871,139785900,-0.0588,-2.2667,-2.2064,-1.9038,-2.1621,-1.9535,-1.4577,-1.5006,-2.0464,0.4455,-1.4853,-1.7771,-1.9272,0.1595,0.8912,-2.0633,-0.1469,-0.9602,-2.0476,0.0935,1.2229,MU
2019-05-31,182.0228,182.741,176.6175,177.7043,3062400,-0.0093,-0.8061,-0.9584,-0.7357,-0.8018,-0.6528,-0.2768,-1.1618,0.1449,-0.9824,-0.2761,-0.7534,-1.1017,-0.5127,-0.8739,-0.4355,-0.3391,-0.2041,-0.1802,0.8243,0.6774,ASML
2019-05-31,119.9816,120.9454,116.5233,116.8635,89367900,-0.0205,-0.5462,-0.4337,-0.229,-0.3314,-0.1729,0.3247,-0.3574,0.1221,-0.3388,0.768,0.235,-0.5554,-1.3271,-1.2923,0.2258,-0.8153,0.5336,-0.2763,0.5512,-0.7694,MSFT
2019-05-31,42.9191,43.3197,41.9764,41.9956,418765600,-0.022,-1.2201,-1.4759,-1.2469,-1.2972,-1.0917,-0.7069,-1.0922,-0.8608,-1.3254,-0.3895,-1.6111,-1.7299,-0.4157,-0.6486,-0.7674,-0.7473,-0.1332,-0.5137,0.8682,0.8677,AAPL
2019-05-31,56.3146,57.188,54.6351,54.8064,107258000,-0.0267,-0.8018,-1.0813,-1.0123,-0.9874,-0.9144,-0.5788,-0.5537,-0.1125,-0.4153,-0.5443,-2.0078,-0.8381,-0.9136,-0.9884,-1.2075,-0.6734,-0.4492,-1.3888,-0.6808,-0.7634,GOOG
2019-05-31,27.27,29.67,27.06,27.41,380876100,0.036,-0.1,-0.3231,-0.1726,-0.0969,0.0238,0.0524,-0.8135,-0.3865,-0.2547,0.0973,0.3552,-0.4826,0.3526,0.4399,0.2266,0.1817,-0.4312,-0.3708,-1.5849,-0.1933,AMD
2019-05-31,3.6201,3.6529,3.3641,3.3658,1772176000,-0.068,-2.2239,-2.6332,-2.4455,-2.5375,-2.2975,-1.9686,-1.4758,-1.4718,-1.5694,-1.1136,-2.0703,-2.5148,0.6436,0.6921,-1.788,-1.067,-0.8586,-1.0708,0.613,2.3633,NVDA
2019-05-31,33.3335,33.4994,31.4008,31.8303,95119400,-0.0417,-1.71,-2.2906,-2.1516,-2.2342,-2.1084,-2.0511,-1.1708,-1.4948,-2.0499,-1.6901,-1.9564,-2.4126,0.0512,0.8524,-2.1921,-0.9724,-1.2799,-2.2747,-0.0407,0.8727,MU
2019-06-07,32.1622,34.5536,31.6937,33.1773,115839300,0.0414,-0.2601,-1.563,-1.6952,-1.3783,-1.4855,-2.0378,-0.8581,-1.1635,-1.4982,-1.3912,-1.5866,-1.3511,0.1217,0.6588,-1.7635,-0.5065,-0.9008,-2.1652,0.1691,1.1821,MU
2019-06-07,3.377,3.6496,3.2947,3.6153,2389092000,0.0715,-0.1694,-1.516,-1.7444,-1.2991,-1.378,-1.9314,-1.3379,-1.4699,-1.4752,-0.7611,-1.3515,-1.4397,0.2722,0.4982,-1.2554,-0.3952,-0.4868,-0.6819,0.4879,1.6961,NVDA
2019-06-07,178.2051,187.5416,176.06,185.8028,2687900,0.0446,0.1146,-0.3927,-0.316,-0.1567,-0.1495,-0.2957,-0.2634,-1.1544,0.142,0.0086,0.0268,-0.3235,-0.7104,-0.8924,0.0572,-0.6002,-0.1823,-0.0024,0.6309,0.2601,ASML
2019-06-07,28.75,32.6,27.29,32.41,552672100,0.1676,2.5847,1.6415,1.3808,1.9665,1.8128,0.5423,0.5658,-0.8045,-0.3896,0.83,1.2681,1.1752,1.0158,0.3673,1.4777,1.4744,0.1001,0.2112,-0.7037,1.4254,AMD
2019-06-07,117.0241,124.9612,112.4509,124.158,147636900,0.0605,0.4662,0.1932,0.2966,0.4171,0.4406,0.3528,-0.4689,-0.3461,0.1192,1.0565,1.2029,0.1009,-1.2243,-1.0792,0.7729,0.5697,0.589,0.1821,0.6031,-0.5723,MSFT
2019-06-07,42.1227,46.0376,40.8442,45.613,617392800,0.0826,0.5755,-0.4447,-0.4689,-0.1099,-0.151,-0.6124,-0.4972,-1.0845,-0.864,0.0171,-0.4882,-0.544,-0.3455,-0.5297,-0.0829,0.2852,-0.0805,-0.2727,0.8808,1.0229,AAPL
2019-06-07,52.9129,53.1821,50.9017,52.9397,272762000,-0.0347,-1.0455,-1.2946,-1.2591,-1.2273,-1.1624,-0.8936,-0.5823,-0.5434,-0.1155,-1.0562,-1.5466,-0.9739,-0.9799,-0.8208,-1.6931,2.541,-1.0078,-2.3785,-2.5764,-1.7704,GOOG
2019-06-14,33.53,34.3,30.02,30.36,370731400,-0.0653,0.6531,0.5753,0.4966,0.5978,0.7113,0.5854,2.9739,0.5814,-0.8076,0.7488,0.2372,0.6885,0.9015,0.7857,0.7593,0.0244,0.4523,0.2635,-0.8486,1.1121,AMD
2019-06-14,185.472,191.5105,180.0194,181.4558,2491400,-0.0237,-0.1186,-0.5936,-0.5817,-0.4588,-0.4164,-0.4254,0.7221,-0.2518,-1.1576,0.0784,-0.5262,-0.632,-0.7203,-0.7992,-0.3427,-0.6811,0.1514,-0.2022,0.5423,0.1797,ASML
2019-06-14,53.2844,54.725,53.0142,53.8987,122622000,0.018,-0.3703,-0.8962,-1.0105,-0.8144,-0.8646,-0.9561,-0.7283,-0.5722,-0.5465,-0.9027,-1.2983,-0.8136,-0.9786,-0.9386,-1.4027,-0.484,-1.0268,-2.4762,-2.4685,-1.7194,GOOG
2019-06-14,3.6714,3.7857,3.5492,3.5939,1848052000,-0.0059,0.1154,-1.2148,-1.654,-1.1466,-1.2831,-1.942,1.2152,-1.3314,-1.4732,-0.6441,-1.3997,-0.8904,0.1366,0.3974,-1.2339,-0.9214,-0.1772,-0.7116,0.6958,1.6514,NVDA
2019-06-14,125.1029,126.8416,123.506,125.1502,102505800,0.008,0.454,0.1755,0.2684,0.3607,0.4034,0.3688,1.0147,-0.4583,-0.3492,1.3497,1.067,0.0725,-1.2237,-1.1748,0.7366,-0.4877,0.9691,0.099,0.5632,-0.5966,MSFT
2019-06-14,33.7727,35.1295,31.4692,31.8791,105984800,-0.0399,-0.5459,-1.6075,-1.8766,-1.5922,-1.6932,-2.2232,0.665,-0.8492,-1.1667,-1.2493,-1.943,-1.0614,-0.0488,0.8598,-1.8491,-0.64,-0.7871,-14.1702,0.329,1.0521,MU
2019-06-14,46.0112,47.2058,45.649,46.2343,447372400,0.0135,0.7484,-0.1939,-0.3426,0.0209,-0.0363,-0.5243,1.4189,-0.4867,-1.0877,0.1627,-0.3473,-0.0547,-0.3687,-0.6769,-0.0025,-0.5975,0.2511,0.003,0.9403,1.0098,AAPL
2019-06-21,30.25,31.36,28.97,29.1,374823600,-0.0424,-0.634,-0.0442,-0.0711,-0.1128,0.0923,0.3802,-1.2901,3.001,0.5786,0.372,-0.2454,0.6585,0.9309,0.8329,0.3137,0.2246,0.0572,0.2003,-1.5129,0.1756,AMD
2019-06-21,3.5922,3.9092,3.5693,3.7708,1974200000,0.0481,0.8511,-0.3922,-1.0877,-0.3963,-0.6744,-1.5801,-0.2024,1.2339,-1.3347,-1.0101,-1.0008,0.1831,0.2676,0.2818,-0.9388,-0.6072,-0.3063,0.2315,0.8071,1.6556,NVDA
2019-06-21,46.2727,48.1797,46.0975,47.6831,526635600,0.0309,0.8376,0.2385,-0.0667,0.3336,0.2432,-0.3401,0.1538,1.4386,-0.4897,-0.0301,0.1169,0.7475,-0.332,-0.7894,0.2929,-0.1149,0.2336,0.3532,0.9196,0.8104,AAPL
2019-06-21,53.9448,55.8235,53.9448,55.7127,137534000,0.0331,0.3374,-0.2948,-0.6543,-0.3035,-0.4526,-0.8071,0.2348,-0.7189,-0.5753,-0.9491,-0.8286,-0.3196,-0.9001,-1.0541,-0.8892,-0.193,-1.1099,-1.8712,-1.8539,-1.4342,GOOG
2019-06-21,125.3202,130.1391,125.2257,129.421,133967200,0.0336,0.7169,0.518,0.4943,0.6323,0.6476,0.4555,0.0519,1.0324,-0.4613,1.3214,1.2099,0.5208,-1.1842,-1.2345,0.9956,0.3497,0.9559,0.4798,0.6327,-0.6423,MSFT
2019-06-21,181.4369,192.4082,179.065,191.1419,3187500,0.052,0.6007,0.0936,-0.1232,0.2101,0.1359,-0.2798,-0.5273,0.7384,-0.2548,-0.0347,0.3567,0.3505,-0.5903,-0.8052,0.3906,0.0403,0.1457,0.0088,0.6761,0.2616,ASML
2019-06-21,31.762,34.417,31.3716,32.455,134763400,0.0179,-0.0867,-1.0553,-1.5645,-1.1116,-1.3333,-2.0658,-0.8246,0.6811,-0.8524,-1.2973,-1.7776,-0.424,0.0044,0.7687,-1.5727,0.0271,-1.1958,-0.5566,0.3655,0.9076,MU
2019-06-28,32.4062,38.458,31.8303,37.6674,280183200,0.1489,2.0933,1.0468,-0.0175,0.8604,0.316,-1.0807,0.2339,-0.8156,0.6783,-0.8333,-0.3498,1.389,0.839,0.7103,-0.4921,2.9859,-1.1504,-2.6448,-1.6084,0.1139,MU
2019-06-28,29.32,31.11,28.67,30.37,280184100,0.0427,-0.2816,0.3861,0.3407,0.3732,0.4802,0.3372,-0.8699,-1.2834,2.9988,0.1609,-0.0458,0.7237,0.4965,0.6122,0.5871,-0.5157,-0.0667,0.07,-2.2093,-0.7456,AMD
2019-06-28,192.2003,198.2293,187.2203,196.4905,2546800,0.0276,0.6497,0.4583,0.1281,0.4416,0.3559,-0.0973,0.8582,-0.5169,0.7357,0.3756,0.9933,0.7036,-0.8017,-0.8359,0.7335,-0.4646,0.1014,0.2094,0.3638,-0.1152,ASML
2019-06-28,129.4494,130.7722,125.4147,126.5769,124214400,-0.0222,-0.1204,0.1582,0.1508,0.156,0.2532,0.3922,0.5205,0.065,1.0298,0.8985,0.6766,0.5042,-1.0956,-1.2002,0.6536,0.1195,0.4303,0.4752,0.6799,-0.4027,MSFT
2019-06-28,47.6256,48.3524,46.846,47.4768,469474000,-0.0043,0.1455,0.2929,-0.1194,0.1471,0.1088,-0.2598,0.4711,0.1675,1.436,-0.217,0.0508,0.9225,-0.3883,-0.883,0.1762,-0.3881,0.1605,0.3736,0.8821,0.8395,AAPL
2019-06-28,55.6,55.7187,53.2476,53.6782,149018000,-0.0372,-0.2973,-0.6082,-0.9277,-0.7294,-0.8026,-0.8743,0.5122,0.2489,-0.722,-1.3596,-1.3554,-0.411,-0.919,-1.0024,-1.4548,0.1157,-1.583,9.7815,-2.1179,-1.5342,GOOG
2019-06-28,3.7922,4.109,3.745,4.0807,2021996000,0.079,1.4878,0.8251,-0.174,0.5913,0.1898,-0.9361,0.7859,-0.1904,1.2313,-0.8547,-0.3021,1.645,0.3782,0.1089,-0.4009,-0.5099,-0.484,2.4459,-0.2124,1.0603,NVDA
2019-07-05,31.79,32.04,30.73,31.5,155471500,0.0365,0.5972,0.669,0.6262,0.679,0.7452,0.3989,0.6882,-0.8611,-1.2867,0.4698,0.2006,-0.4771,0.4488,0.321,0.7827,-1.5518,0.2707,-0.1916,-1.9532,-0.5958,AMD
2019-07-05,204.0882,204.6741,195.7912,198.2104,1932300,0.0087,0.495,0.4815,0.1799,0.3887,0.3407,0.0303,0.4114,0.8753,-0.52,0.417,0.5563,0.36,-0.8008,-0.8841,0.7489,-0.9884,0.5012,0.1701,0.2639,-0.2496,ASML
2019-07-05,129.0998,130.1486,127.5313,129.5061,69621700,0.0229,0.1243,0.3257,0.2816,0.3416,0.4052,0.3821,-0.5007,0.5359,0.0621,0.9889,1.1044,0.1508,-1.083,-1.2929,0.8275,-1.1873,0.815,0.2756,0.6786,-0.4574,MSFT
2019-07-05,48.7362,49.1944,48.1317,48.9905,291262800,0.0314,0.4165,0.6457,0.184,0.4389,0.3732,-0.0915,-0.1732,0.4862,0.1646,0.0196,0.5358,0.4241,-0.3464,-1.0026,0.5145,-1.3267,0.5929,0.2287,0.9011,0.8009,AAPL
2019-07-05,4.2879,4.3222,3.9179,3.9813,1753172000,-0.0247,0.4758,0.5874,-0.2704,0.0958,-0.1465,-0.6746,1.3519,0.8026,-0.1934,-1.0132,-0.5262,0.6641,0.3804,0.2659,-0.5985,-0.7281,-0.595,0.1065,-0.4473,0.725,NVDA
2019-07-05,54.5269,56.259,54.3135,56.1949,89184000,0.0458,0.3149,0.0062,-0.415,-0.083,-0.2688,-0.6444,-0.775,0.5276,0.246,-0.7712,-0.7037,0.3133,-0.749,-1.073,-0.7489,-1.0827,-1.2562,-0.9058,-1.7346,-1.2583,GOOG
2019-07-05,40.1759,40.7127,37.8723,38.4775,122590200,0.0213,1.7201,1.3188,0.2703,0.8642,0.4412,-0.4883,2.633,0.248,-0.8188,-0.7032,-0.1279,1.1805,0.8482,0.565,-0.2967,-0.2678,-0.6723,-5.8627,-1.4809,0.1644,MU
2019-07-12,55.8761,57.2616,54.9822,56.8559,116716000,0.0117,0.2809,0.1811,-0.2277,0.0197,-0.1556,-0.4452,0.745,-0.7657,0.5248,-0.9279,-0.5325,0.2549,-0.7573,-1.1133,-0.5856,-0.5357,-1.2336,-1.5042,-1.6993,-1.2525,GOOG
2019-07-12,48.1701,49.0289,47.5944,48.7674,406402800,-0.0046,0.0599,0.4614,0.1343,0.2245,0.2144,-0.0277,0.4807,-0.1611,0.4834,-0.2341,0.4644,0.2542,-0.3725,-1.0788,0.3833,-0.7129,0.2301,-0.0171,0.84,0.7004,AAPL
2019-07-12,31.8,34.03,30.1,33.21,286089100,0.0529,1.2115,1.0611,1.0468,1.1216,1.1513,0.5714,0.575,0.7044,-0.8643,0.2582,0.8761,0.5991,0.494,0.3355,1.052,-0.4267,0.2034,0.2546,-1.8193,-0.452,AMD
2019-07-12,128.8825,131.547,127.9093,131.2447,102201900,0.0133,0.1537,0.3658,0.3154,0.3686,0.4313,0.3831,0.325,-0.4901,0.5331,0.9849,1.2724,0.2004,-1.0892,-1.3599,0.8659,-0.3818,0.8348,0.246,0.6549,-0.4887,MSFT
2019-07-12,38.0968,43.6313,38.009,43.4458,171678900,0.1214,2.651,2.6679,1.6333,2.1525,1.663,0.3578,0.2957,2.6584,0.2451,-0.375,1.2726,2.9726,1.266,0.4126,0.6957,0.6993,-0.6261,-4.6277,-1.4884,0.4743,MU
2019-07-12,3.9216,4.2357,3.8513,4.1646,2313676000,0.045,0.6531,1.0713,0.3059,0.5667,0.2982,-0.2703,-0.5453,1.3713,0.7998,-1.1455,-0.1127,1.1721,0.4939,0.1903,-0.2687,-0.0496,-0.6705,2.0141,-0.3911,0.8875,NVDA
2019-07-12,197.0953,198.2104,194.0052,196.7268,2638800,-0.0075,-0.0504,0.3254,0.0794,0.1505,0.1564,0.0586,0.0657,0.4263,0.8725,-0.0856,0.3801,0.5134,-0.8036,-1.0078,0.5297,-0.2782,0.0804,0.1763,0.138,-0.3319,ASML
2019-07-19,4.1858,4.2914,4.0958,4.1853,1766576000,0.0049,0.235,0.877,0.4138,0.438,0.2524,-0.0039,0.7306,-0.535,1.3687,-1.0962,-0.0441,0.7406,0.4455,0.0154,-0.2572,-0.7023,-0.7468,1.1596,-0.1721,1.0419,NVDA
2019-07-19,196.8591,214.502,193.117,211.3173,5911900,0.0715,0.882,1.0018,0.7883,0.9402,0.8489,0.3185,-0.2314,0.0789,0.4235,0.3631,1.0424,0.7022,-0.5438,-0.8596,1.4039,2.6724,0.2975,0.2513,-1.0667,-0.711,ASML
2019-07-19,33.34,34.86,32.42,32.51,278127400,-0.0213,0.2181,0.439,0.6562,0.5314,0.6703,0.5583,0.874,0.5907,0.7017,0.356,0.4195,0.8048,0.5365,0.3377,0.7428,-0.502,0.5976,0.4122,-1.634,-0.2411,AMD
2019-07-19,43.6215,44.9002,41.5815,44.4317,143186500,0.0224,1.4831,2.4139,1.8152,1.8454,1.573,0.9054,2.1295,0.3101,2.6562,-0.1419,1.2063,3.0273,1.2412,0.2891,0.7907,0.0789,-0.1315,-13.8036,-1.3905,0.5769,MU
2019-07-19,131.7549,132.9171,127.2478,129.0903,138962800,-0.0166,-0.1615,0.0263,0.089,0.026,0.1362,0.2811,0.1503,0.3395,-0.4932,0.695,0.6885,-0.2519,-1.2019,-1.3105,0.5678,0.5033,0.3521,-0.1114,0.8173,-0.5887,MSFT
2019-07-19,56.9533,57.5353,56.0971,56.121,125010000,-0.013,-0.0153,0.0192,-0.2539,-0.1973,-0.3132,-0.3608,0.1202,0.7615,-0.7689,-1.1006,-0.7228,-0.1647,-0.8423,-1.1812,-0.7929,-0.3554,-1.1628,2.6188,-1.8897,-1.4087,GOOG
2019-07-19,48.9569,49.535,48.5419,48.5971,349566400,-0.0035,-0.1029,0.2172,0.1013,0.0739,0.0936,-0.0229,-0.1774,0.4959,-0.1641,-0.3261,0.4098,-0.0602,-0.3722,-1.1875,0.2708,-0.9978,0.1724,-0.225,0.8569,0.7193,AAPL
2019-07-26,212.8955,221.5988,212.8955,218.1496,3326500,0.0318,0.9898,1.0826,1.0482,1.0574,1.0048,0.555,1.216,-0.2196,0.076,0.4684,1.0666,0.7434,-0.5109,-0.9286,1.5668,0.1782,0.3163,0.2604,-0.9545,-0.6746,ASML
2019-07-26,129.8368,133.8715,129.7612,133.5502,101242300,0.034,0.2466,0.2527,0.3665,0.3756,0.4241,0.2963,-0.3969,0.1639,0.3366,0.7927,1.273,0.2569,-1.1537,-1.3611,0.9267,-0.4151,0.4024,0.1794,0.9344,-0.5347,MSFT
2019-07-26,32.8,34.77,32.74,34.02,198470500,0.0454,0.5656,0.6911,0.9883,0.9127,1.0045,0.6304,-0.4839,0.8911,0.5879,0.5756,1.0007,0.8313,0.5704,0.131,1.0583,-1.1827,0.8493,0.2805,-1.5271,-0.1929,AMD
2019-07-26,45.3882,47.5356,45.1247,46.3546,156371100,0.0424,1.2871,2.3241,2.2319,1.8771,1.7282,1.3196,0.3169,2.1526,0.3072,-0.0916,1.0757,1.806,1.2631,0.1005,0.9555,0.3671,0.0225,3.7412,-1.3065,0.5869,MU
2019-07-26,56.2873,62.8474,55.6651,62.0956,220012000,0.1012,1.2954,1.1457,0.7845,1.0311,0.7544,0.1157,-0.3321,0.1337,0.7588,-0.4139,0.8243,1.1545,-0.477,-0.9676,0.8032,1.4523,-0.9304,-2.1817,-1.2124,-0.7987,GOOG
2019-07-26,4.2066,4.4449,4.1992,4.35,1777212000,0.0386,0.6877,0.9739,0.8908,0.7551,0.5734,0.3029,-0.0034,0.747,-0.5381,-0.7958,0.3315,0.3532,0.4758,-0.1518,0.0083,-0.6758,-0.361,0.7778,-0.0549,1.0636,NVDA
2019-07-26,48.8513,50.3098,48.8417,49.8325,348612800,0.0251,0.1555,0.2747,0.3862,0.3048,0.2934,0.0561,-0.1579,-0.1653,0.4931,-0.3198,0.8056,0.2085,-0.4066,-1.2539,0.6216,-0.9813,0.1629,-0.0321,1.0107,0.6551,AAPL
2019-08-02,50.0052,53.102,48.3668,48.9401,879082000,-0.0181,-0.1971,-0.0678,0.1596,-0.0406,0.0069,0.0095,0.3657,-0.1457,-0.1683,-0.4748,0.1701,-0.2384,-0.6428,-0.9744,0.2392,1.8591,0.3346,-0.3193,0.6133,-0.0565,AAPL
2019-08-02,61.6307,61.9446,59.043,59.2937,174922000,-0.0462,0.0762,0.3348,0.2509,0.1607,0.0872,0.2162,1.7583,-0.3207,0.1308,-0.9155,0.0987,0.2573,-0.373,-0.8864,0.0239,0.5572,-1.3378,-0.5201,-0.8507,-0.577,GOOG
2019-08-02,45.7494,46.54,41.2106,43.0261,147595600,-0.0745,-0.7309,0.8112,1.1847,0.4218,0.5471,1.3479,0.6818,0.3314,2.1502,-0.311,0.3759,0.8139,1.0766,0.4841,0.3108,0.1487,-0.0568,1.2886,-1.3944,0.1982,MU
2019-08-02,217.9228,218.537,206.1861,207.8115,2697300,-0.0485,-0.2244,0.2479,0.4057,0.1511,0.2612,0.4977,0.4887,1.2347,-0.2226,-0.0805,0.2951,0.1981,-0.5125,-0.811,0.7023,-0.3752,-0.0879,0.113,-0.8578,-0.7098,ASML
2019-08-02,133.7014,133.7108,127.6352,129.3549,143400300,-0.0319,-0.3781,-0.2179,-0.0427,-0.1532,-0.0302,0.1511,0.528,-0.3858,0.161,0.0558,0.6074,-0.2396,-1.067,-1.2804,0.4116,0.6749,-0.1282,-0.1013,1.0516,-0.4571,MSFT
2019-08-02,34.14,34.18,28.94,29.44,378600700,-0.1446,-1.8972,-0.9766,-0.6013,-1.0833,-0.7229,0.1113,0.7374,-0.4733,0.8884,-0.2815,-0.762,-0.8064,1.2992,0.9462,-0.3275,0.3362,0.3961,-0.1248,-0.6212,1.22,AMD
2019-08-02,4.3428,4.3716,3.9577,4.0051,1654908000,-0.0826,-0.9649,-0.2646,0.0279,-0.4754,-0.4306,0.1812,0.613,0.0095,0.7442,-0.9294,-0.2081,-0.1764,0.4864,0.1739,-0.6471,-0.7487,-0.2617,1.063,-0.0168,0.9345,NVDA
2019-08-09,47.4936,48.8227,46.1959,48.3965,692845600,-0.0112,-0.3783,-0.2779,-0.0161,-0.2216,-0.1589,-0.0883,-0.4247,0.3804,-0.1487,-0.8415,0.0194,-0.2964,-0.7597,-0.9204,-0.0021,0.8591,-0.2723,-0.4217,0.7117,-0.1491,AAPL
2019-08-09,28.26,35.55,27.65,34.19,493251800,0.1496,0.8374,0.7125,0.7911,0.8929,0.9059,0.2668,-2.7411,0.7538,-0.4763,0.1822,0.8385,0.0311,1.7814,1.0923,1.0082,1.3825,0.4661,0.0199,-1.2416,0.9517,AMD
2019-08-09,58.1044,59.841,56.6195,58.9968,165698000,-0.005,-0.2026,0.1251,0.1767,0.0066,-0.0283,0.2428,-0.9392,1.7796,-0.3238,-0.4762,0.2285,0.103,-0.3712,-0.8622,-0.0424,0.3664,-1.1758,-14.6506,-0.8303,-0.5483,GOOG
2019-08-09,41.3863,42.1574,39.7269,40.5273,139102300,-0.0598,-1.5384,-0.3122,0.3763,-0.4504,-0.2195,1.0614,-1.4581,0.698,0.3285,-0.6524,-0.1495,-0.8221,0.9954,0.6064,-0.1208,0.0668,-0.4301,0.0321,-1.4847,0.0643,MU
2019-08-09,125.9533,131.6982,123.5722,130.1203,159824000,0.0059,-0.2209,-0.2041,-0.0437,-0.1046,-0.0133,0.0413,-0.6782,0.5434,-0.3889,0.1903,0.7288,-0.3049,-1.0687,-1.1823,0.4295,1.0879,-0.6472,-0.0263,1.1384,-0.4093,MSFT
2019-08-09,204.4757,208.4162,198.7302,204.1071,2646700,-0.018,-0.7425,-0.1608,0.1471,-0.1564,-0.0187,0.332,-0.9827,0.504,1.2321,-0.2617,0.0187,0.1018,-0.4797,-0.8084,0.3751,-0.3853,-0.4203,0.1199,-0.7843,-0.6232,ASML
2019-08-09,3.8215,3.9336,3.6998,3.831,1974104000,-0.0445,-1.4172,-0.8934,-0.4191,-0.9447,-0.8558,-0.0973,-1.6062,0.6288,0.0065,-1.2279,-0.5316,-0.9364,0.3552,0.274,-0.9315,-0.2288,-0.2408,-0.0168,-0.0083,0.8129,NVDA
2019-08-16,40.0685,44.0022,39.9904,42.5088,115684700,0.0477,-0.4309,-0.0945,0.6803,0.165,0.2633,0.9136,-1.1893,-1.4521,0.6952,-0.0559,0.2671,-0.6112,0.8513,0.4746,0.1958,-0.4079,-0.0074,-0.0318,-1.9573,-0.3811,MU
2019-08-16,58.5598,59.8296,57.6326,58.4798,128162000,-0.0088,-0.5665,-0.0637,0.0488,-0.157,-0.1638,0.2095,-0.1858,-0.9307,1.7771,-0.4065,0.0815,0.1416,-0.4038,-0.9129,-0.1886,-0.3677,-0.7739,3.2199,-0.9349,-0.5274,GOOG
2019-08-16,204.1639,208.6525,195.6779,201.1399,3039700,-0.0146,-0.7896,-0.4191,-0.1046,-0.3519,-0.2159,0.1261,-0.4232,-0.9745,0.5012,-0.0126,-0.2028,-0.6543,-0.6995,-0.7338,0.1055,0.0005,-0.4322,-0.1405,-1.1686,-0.9393,ASML
2019-08-16,3.7788,4.0138,3.6622,3.9646,2536196000,0.0343,-0.515,-0.5536,-0.1473,-0.3944,-0.4329,-0.1332,-0.9079,-1.6009,0.626,-0.7445,-0.0951,-0.6946,0.1501,0.2064,-0.6263,0.5465,0.3286,0.0958,-0.4137,0.4302,NVDA
2019-08-16,34.16,34.65,29.21,31.18,478611400,-0.0922,-0.7865,-0.5693,-0.3347,-0.4889,-0.2697,-0.0228,2.6447,-2.7413,0.751,-0.1627,-0.236,-0.5904,1.9899,1.7026,0.0241,1.1824,0.3286,-0.1195,-1.3783,1.1547,AMD
2019-08-16,129.5156,131.1502,125.3773,129.0557,130689700,-0.0082,-0.38,-0.3021,-0.1956,-0.2356,-0.1453,-0.0898,0.0142,-0.6685,0.5406,0.2486,0.56,-0.2317,-1.0856,-1.1609,0.2478,0.3414,-0.1474,-0.0188,1.1608,-0.2985,MSFT
2019-08-16,48.0666,51.0813,47.9534,49.7232,644382400,0.027,0.0404,-0.0036,0.1437,0.0965,0.0979,-0.0594,-0.2984,-0.4138,0.3776,-0.0648,0.3872,-0.0248,-1.0098,-0.9009,0.393,0.6035,0.3016,-0.168,0.4753,-0.4811,AAPL
2019-08-23,59.1001,59.9393,56.9975,57.1732,110446000,-0.0226,-0.6006,-0.4394,-0.2232,-0.4464,-0.4174,0.0864,-0.255,-0.1737,-0.9339,-0.5604,-0.2902,-0.9289,-0.4156,-0.8731,-0.5134,-0.7294,-0.6863,-6.5696,-0.9763,-0.5235,GOOG
2019-08-23,204.8914,206.583,198.0687,198.9192,1870100,-0.0111,-0.554,-0.573,-0.3109,-0.461,-0.3442,-0.0814,-0.362,-0.4122,-0.9777,-0.1759,-0.3685,-1.0073,-0.6951,-0.773,-0.1005,-1.0967,-0.2788,-0.265,-1.1491,-0.891,ASML
2019-08-23,4.0779,4.3098,4.0163,4.0362,2577088000,0.0179,0.2227,-0.3171,-0.1089,-0.15,-0.2323,-0.0811,0.5341,-0.8993,-1.6043,-0.3077,0.1163,-0.866,-0.1182,0.1746,-0.4152,0.6082,1.0268,0.176,-0.9333,-0.203,NVDA
2019-08-23,32.0,32.19,29.4,29.54,288311400,-0.054,-1.1379,-1.1709,-0.9247,-1.0648,-0.8182,-0.4891,-1.7811,2.6702,-2.7449,-0.2917,-0.8214,-1.3914,2.0698,1.764,-0.5251,-0.3848,0.3648,-0.4214,-0.8885,2.0146,AMD
2019-08-23,43.602,44.3633,41.64,41.9329,98897100,-0.0136,-0.1902,-0.4214,0.2941,-0.0937,0.0282,0.752,0.7801,-1.182,-1.4554,0.2117,0.146,-1.0711,0.7616,0.3938,0.1017,-0.7337,0.3649,-0.4478,-2.1605,-0.6034,MU
2019-08-23,50.7153,51.6351,48.3989,48.7938,567620000,-0.0189,-0.2275,-0.2832,-0.1784,-0.2085,-0.1626,-0.1379,0.4013,-0.2869,-0.4168,0.1568,0.1296,-0.4133,-1.0252,-0.8004,0.0264,0.1486,0.866,-0.401,0.4394,-0.476,AAPL
2019-08-23,130.6863,132.241,125.8987,126.4581,117702400,-0.0203,-0.5089,-0.5506,-0.4663,-0.48,-0.3791,-0.2796,-0.2443,0.0271,-0.6717,-0.0759,0.1478,-0.698,-1.0863,-1.1018,-0.1476,-0.0054,-0.6138,-0.2776,1.1641,-0.2506,MSFT
2019-08-30,127.9749,131.9471,126.6097,130.6957,104916800,0.033,0.0863,-0.1573,-0.1732,-0.0371,-0.0304,-0.2703,-0.4661,-0.2325,0.0242,0.3286,0.8201,-0.1378,-1.2784,-1.1568,0.3953,-0.346,-0.2543,0.0205,1.1775,-0.4513,MSFT
2019-08-30,30.34,31.87,29.6,31.45,244407400,0.0627,-0.2465,-0.4219,-0.2784,-0.1554,-0.1097,-0.5088,-1.0831,-1.7766,2.668,-0.0123,-0.3172,0.3732,1.481,1.2848,0.0516,-0.7583,0.6661,-0.0248,-1.4297,0.9353,AMD
2019-08-30,49.5691,50.6743,48.9575,50.2626,439958400,0.0297,0.2269,0.0497,0.048,0.1384,0.1221,-0.0814,-0.4393,0.4161,-0.2899,0.9703,0.5368,0.0091,-1.4546,-0.9198,0.4702,-0.5224,1.3348,-0.0589,0.4289,-1.0105,AAPL
2019-08-30,202.0943,211.6859,200.6296,210.3629,1701900,0.0559,0.4904,0.0311,0.1666,0.2562,0.2408,-0.0074,-0.2971,-0.3508,-0.4153,0.6161,0.4855,-0.121,-0.6405,-0.8312,0.643,-1.2324,0.1367,-0.1603,-1.1191,-0.7251,ASML
2019-08-30,57.4697,59.5177,57.2562,59.0012,106470000,0.0315,0.0387,-0.1228,0.0123,-0.0282,-0.0791,0.1181,-0.5075,-0.2433,-0.1767,-0.1623,0.2298,-0.2729,-0.4704,-0.9731,0.0302,-0.8257,-0.3436,6.8738,0.4605,0.4988,GOOG
2019-08-30,42.6942,44.8319,40.7616,44.1876,78016200,0.0524,0.7231,0.0262,0.6178,0.507,0.5286,0.7618,-0.3436,0.7967,-1.1853,0.6481,0.6201,0.0089,0.7784,0.2771,0.4384,-1.17,0.7118,-0.0914,-2.0328,-0.3406,MU
2019-08-30,4.115,4.2496,3.9546,4.1663,1513380000,0.0317,0.6603,0.0102,0.1036,0.2097,0.0837,0.0758,0.2337,0.5496,-0.9025,0.2422,0.5007,0.1258,-0.2598,0.0478,-0.041,-0.8172,1.4592,0.6529,-1.35,-0.5237,NVDA
2019-09-06,4.0934,4.504,4.0603,4.4434,1596520000,0.0644,1.2169,0.742,0.6135,0.8975,0.7069,0.3998,0.487,0.2477,0.5468,0.8877,1.1534,1.1814,-0.1638,0.0015,0.6925,-0.7031,1.8114,1.4609,-1.0671,-0.2786,NVDA
2019-09-06,49.7063,51.6303,49.1742,51.351,329948400,0.0214,0.3586,0.2411,0.183,0.3102,0.2786,0.0181,0.4491,-0.4285,0.4133,1.3555,0.8385,0.3094,-1.4393,-0.961,0.7351,-1.1131,1.6544,0.3286,0.4649,-1.0153,AAPL
2019-09-06,30.83,32.05,30.48,30.56,194178100,-0.0287,-0.2379,-0.6446,-0.5735,-0.5171,-0.4344,-0.6799,1.0532,-1.0753,-1.7801,-0.1899,-0.729,-1.1663,1.3901,1.096,-0.2911,-1.2076,0.6029,-0.4386,-1.485,0.696,AMD
2019-09-06,58.4515,60.2398,57.7647,59.837,100580000,0.0141,0.2478,-0.0252,0.07,0.091,0.0304,0.1811,0.4823,-0.497,-0.2463,0.1363,0.4676,-0.1036,-0.4734,-1.0253,0.3174,-0.9474,-0.0225,0.1862,0.373,0.3577,GOOG
2019-09-06,43.5337,48.4532,43.3775,47.7992,96727400,0.0786,1.4861,0.8967,1.1466,1.3126,1.2525,0.9793,0.865,-0.3323,0.794,1.0444,1.1939,1.3541,0.7044,0.1834,0.9038,-0.7682,0.996,0.4899,-1.6242,-0.0186,MU
2019-09-06,129.5107,133.0848,128.648,131.8713,83791500,0.009,0.1975,-0.0519,-0.1252,0.0224,0.0183,-0.2451,0.5096,-0.4554,-0.2355,0.6202,1.0067,-0.1106,-1.2777,-1.211,0.5114,-0.8704,0.0578,-0.0717,1.0949,-0.5357,MSFT
2019-09-06,208.5108,226.9001,206.857,225.4354,2885800,0.0692,1.3901,0.7107,0.7274,0.9949,0.897,0.2734,0.9302,-0.2856,-0.3538,0.9803,1.2261,0.6928,-0.5499,-0.7697,1.336,-0.0301,0.5884,-0.011,-0.6699,-0.405,ASML
2019-09-13,59.7908,61.671,59.2257,61.5568,141326000,0.0283,0.5571,0.1906,0.2833,0.3577,0.2737,0.3102,0.1637,0.4976,-0.5001,0.5914,0.8779,0.235,-0.4847,-1.0967,0.9355,-0.1766,0.6493,-0.9022,0.3688,0.57,GOOG
2019-09-13,30.93,31.18,29.51,30.69,255026800,0.0042,-0.0758,-0.5054,-0.5731,-0.4088,-0.3728,-0.7581,-0.6194,1.0712,-1.0786,-0.6885,-0.7666,-0.368,1.3348,0.8338,-0.2917,-0.6768,0.1073,0.0115,-0.8526,1.7676,AMD
2019-09-13,132.3359,132.4876,127.5199,130.1839,129776500,-0.0129,-0.1016,-0.2271,-0.2632,-0.1936,-0.1669,-0.2973,0.0701,0.525,-0.4585,0.0255,0.115,-0.1522,-1.3469,-1.2101,0.1739,0.2593,-0.445,-0.0796,0.8946,-0.5811,MSFT
2019-09-13,51.7314,54.5198,50.8236,52.6729,701467600,0.0254,0.5774,0.4392,0.3663,0.4926,0.4539,0.1539,0.2984,0.4642,-0.4316,1.1484,0.6164,0.2942,-1.4622,-0.8997,0.9776,0.8144,1.6811,0.2948,0.2257,-1.0153,AAPL
2019-09-13,48.3555,50.1613,47.3404,49.2926,108002900,0.0308,1.3383,1.1302,1.1213,1.327,1.3298,1.172,1.3445,0.8821,-0.3353,1.0513,1.1669,1.179,0.6958,-0.0044,0.9532,-0.5107,1.0261,0.384,-1.256,0.5916,MU
2019-09-13,225.9268,237.4084,225.0101,235.2916,3816700,0.0428,1.4484,1.1003,1.0121,1.2382,1.1675,0.5584,1.1731,0.9476,-0.2886,1.0075,1.2007,1.2691,-0.5806,-0.8448,1.4599,0.8292,0.6842,0.1983,-0.9139,-0.4339,ASML
2019-09-13,4.4744,4.6859,4.4468,4.5252,1784280000,0.0182,0.905,0.85,0.6466,0.8545,0.7368,0.6419,1.0849,0.5022,0.2448,0.7622,0.8436,1.0184,-0.2102,-0.1461,0.8528,-0.4104,1.8093,0.9906,-1.2238,-0.2721,NVDA
2019-09-20,61.0582,61.7991,60.4131,61.0785,128190000,-0.0078,0.0719,0.1177,0.0872,0.1235,0.0979,0.3443,0.4249,0.1774,0.4948,0.4291,0.6978,0.3735,-0.5889,-1.1871,0.6977,-0.2754,0.6712,-0.6358,0.4487,0.4498,GOOG
2019-09-20,128.7713,134.9714,128.6101,132.1937,133467100,0.0153,-0.016,-0.0177,-0.1423,-0.023,-0.0313,-0.2729,-0.3297,0.0834,0.5221,0.0959,0.4959,0.1709,-1.3879,-1.1985,0.4198,0.3308,-0.3776,0.2868,0.6668,-0.7436,MSFT
2019-09-20,232.5417,238.2399,231.2093,232.2677,2862500,-0.0129,0.4002,0.8104,0.7036,0.7212,0.7746,0.6501,0.6896,1.1916,0.9449,1.0684,0.981,1.2502,-0.5429,-0.9245,1.0549,-0.156,0.7315,0.1756,-0.7317,-0.2756,ASML
2019-09-20,4.4501,4.5167,4.2849,4.2951,1308752000,-0.0522,-0.4407,0.1814,0.0334,-0.0411,0.0104,0.5916,0.2402,1.103,0.4994,0.3902,0.1347,0.3368,-0.2559,-0.1069,0.3604,-1.0558,1.4776,0.377,-0.4889,0.2492,NVDA
2019-09-20,30.37,31.32,29.65,30.05,255848100,-0.0211,-0.5678,-0.5679,-0.7722,-0.6221,-0.5761,-0.9036,-0.0161,-0.6095,1.0685,-0.53,-1.042,-0.077,1.3027,0.6894,-0.5556,-0.616,-0.3362,0.0447,-0.6454,1.9963,AMD
2019-09-20,48.3458,50.0735,47.604,47.9846,86347500,-0.0269,0.1184,0.7012,0.5918,0.6136,0.7524,1.1614,0.4694,1.3638,0.8794,1.0499,0.9303,1.0443,0.2737,-0.0577,0.6729,-0.998,0.9844,0.4866,-0.1208,1.2721,MU
2019-09-20,52.4273,53.8793,52.3647,52.4273,569162000,-0.0047,0.1255,0.2935,0.2259,0.264,0.2801,0.1927,0.3715,0.3127,0.4614,0.9898,0.4797,0.4278,-1.4613,-0.9915,0.8218,0.1594,1.7055,0.3425,0.2351,-1.0153,AAPL
2019-09-27,232.6456,236.1893,227.9018,230.3021,2599600,-0.0085,-0.2039,0.5223,0.4698,0.3901,0.5031,0.6167,-0.3307,0.7058,1.1889,0.813,0.7952,0.6071,-0.518,-0.975,0.8022,-0.39,0.2991,0.0364,-0.4131,0.0212,ASML
2019-09-27,4.2954,4.4526,4.2113,4.272,1472032000,-0.0054,-0.6613,0.0099,-0.0841,-0.153,-0.0964,0.4837,-1.0492,0.2543,1.1004,0.1815,-0.05,-0.0054,-0.2935,-0.1738,0.2832,-0.762,1.1028,0.0548,0.1079,0.7229,NVDA
2019-09-27,48.3556,48.99,41.8841,42.1769,174011700,-0.129,-2.1063,-0.8949,-0.8206,-1.1147,-0.7572,0.6623,-0.5862,0.4846,1.3612,0.3059,-0.1562,-0.6309,0.9702,0.6741,-0.1477,0.9132,0.8006,-0.1225,-0.0395,2.4364,MU
2019-09-27,52.7211,53.5735,52.2852,52.6898,465780800,0.005,-0.0073,0.2379,0.2134,0.207,0.2378,0.2036,-0.1794,0.3862,0.3098,0.8302,0.5768,0.1968,-1.5269,-1.1053,0.7503,-0.3456,1.28,0.3127,-0.0185,-1.1707,AAPL
2019-09-27,131.9946,133.3787,128.9609,130.5725,108228800,-0.0123,-0.2542,-0.1882,-0.2766,-0.222,-0.2027,-0.3221,0.1866,-0.3183,0.0804,-0.3889,0.0126,-0.2376,-1.4104,-1.2195,0.0923,-0.2411,-0.8293,-0.0296,0.6286,-0.7614,MSFT
2019-09-27,60.8834,61.9908,60.0933,60.8382,139810000,-0.0039,-0.156,0.0258,-0.0235,-0.009,-0.0082,0.3255,-0.2366,0.4399,0.1745,0.2125,0.6127,0.0454,-0.6596,-1.2321,0.541,-0.0369,0.2137,0.0959,0.32,0.3104,GOOG
2019-09-27,30.12,30.8,28.35,28.72,270401100,-0.0453,-1.0013,-1.0718,-1.1347,-1.0661,-0.9835,-1.1958,-0.4797,-0.0033,-0.6126,-0.5383,-1.6141,-0.9954,1.303,0.769,-1.067,-0.4473,-0.2536,-0.3748,-0.6363,2.0995,AMD
2019-10-04,28.89,29.54,27.43,29.01,208790000,0.01,-0.5626,-0.7015,-0.9327,-0.7764,-0.7865,-1.2689,-0.9227,-0.469,-0.0062,-0.6623,-1.4131,-0.6769,1.2038,0.6181,-1.013,-0.9615,-0.6061,-0.0584,-0.7325,1.8908,AMD
2019-10-04,231.5022,236.4067,225.1803,232.5039,2909400,0.0095,-0.1668,0.434,0.4226,0.3591,0.4722,0.566,-0.2495,-0.3193,0.703,0.7513,0.892,0.0474,-0.541,-0.9889,0.7524,-0.0282,-0.1284,0.0347,-0.1745,0.1813,ASML
2019-10-04,41.9719,43.5532,40.7518,43.4849,131406000,0.0305,-1.1264,-0.6286,-0.5206,-0.5765,-0.3844,0.3047,-2.4558,-0.5761,0.4817,0.0419,-0.5223,-1.0259,0.5408,0.4413,-0.0195,-0.0217,0.2477,-0.041,0.0209,1.9225,MU
2019-10-04,60.6336,61.1431,57.7265,60.0391,141526000,-0.0132,-0.4303,-0.169,-0.2075,-0.2217,-0.1925,0.2402,-0.166,-0.2248,0.437,0.4347,0.2057,-0.1995,-0.641,-1.1428,0.2618,0.0331,0.2015,1.3979,0.1212,0.2354,GOOG
2019-10-04,130.8759,132.9616,126.2969,130.9422,116299800,0.0028,-0.164,-0.1626,-0.2456,-0.1949,-0.1907,-0.3453,-0.3198,0.2004,-0.3213,-0.0676,0.1228,-0.2915,-1.4275,-1.1788,0.0974,-0.0121,-0.82,0.0128,0.564,-0.7981,MSFT
2019-10-04,53.1906,54.9532,51.8012,54.6618,634486800,0.0367,0.4139,0.5187,0.5072,0.5518,0.5409,0.3131,-0.0024,-0.1674,0.3833,1.1517,1.2109,0.3397,-1.45,-1.0931,1.0498,0.625,1.3226,0.3835,0.3042,-0.9293,AAPL
2019-10-04,4.2979,4.5553,4.2315,4.5259,1561676000,0.0577,0.3823,0.4927,0.4572,0.5258,0.4776,0.58,-0.1927,-1.0412,0.2514,0.1216,0.793,-0.0653,-0.2382,-0.2943,0.7763,-0.5138,1.087,0.0461,0.0481,0.7888,NVDA
2019-10-11,130.0132,133.701,128.5722,132.4212,103704700,0.0112,-0.0266,-0.0617,-0.1516,-0.0731,-0.0939,-0.3173,-0.0421,-0.3084,0.1975,-0.1949,0.5637,-0.0777,-1.449,-1.2095,0.3344,-0.3401,-0.7465,0.3432,0.5585,-0.8393,MSFT
2019-10-11,54.4836,57.2214,54.0165,56.8771,588705600,0.0397,0.8253,0.8204,0.8,0.8576,0.8318,0.4867,0.5789,0.0105,-0.1703,1.2212,1.2178,0.4751,-1.3886,-1.0928,1.348,0.3815,1.3851,0.2987,0.2496,-0.8556,AAPL
2019-10-11,4.5908,4.7092,4.3899,4.6259,1973360000,0.0219,0.7112,0.5286,0.6028,0.6152,0.5836,0.69,0.9633,-0.1807,-1.0445,0.3965,1.0535,-0.0329,-0.2289,-0.3346,0.8627,0.1402,1.1135,0.0556,0.1028,0.8411,NVDA
2019-10-11,59.8107,61.002,59.0464,60.3594,97384000,0.0053,-0.2306,-0.1514,-0.2136,-0.1649,-0.1564,0.1834,-0.3359,-0.1539,-0.2279,0.1865,0.249,-0.401,-0.6608,-1.2,0.2861,-0.8759,0.2208,3.6547,0.0128,0.1297,GOOG
2019-10-11,233.7985,248.0205,228.2231,245.6959,3393900,0.0552,0.7185,0.8383,0.893,0.9004,0.9432,0.6652,0.0803,-0.2377,-0.3224,0.9573,1.1801,0.1609,-0.6341,-0.9165,1.0984,0.477,0.0003,0.0206,0.8267,0.7078,ASML
2019-10-11,28.9,30.2,27.92,29.75,226181400,0.0252,0.0865,-0.3215,-0.6146,-0.3667,-0.4642,-1.1547,0.0901,-0.9141,-0.4721,-0.7145,-1.1034,-0.4996,1.2338,0.4646,-0.8422,-0.7853,-0.5618,-0.0723,-0.6707,2.0025,AMD
2019-10-11,43.2408,44.7245,41.5912,44.0217,91416500,0.0123,-0.3343,-0.5306,-0.3893,-0.3606,-0.2484,0.1012,0.4653,-2.4545,-0.5792,0.0211,-0.3929,-1.173,0.5281,0.324,-0.0029,-0.8667,0.2225,-0.0628,0.2032,2.095,MU
2019-10-18,60.205,62.7369,60.1762,61.8512,112980000,0.0244,0.1897,0.0348,0.0447,0.1093,0.0725,0.2218,0.0036,-0.3246,-0.1569,0.287,0.8526,-0.1177,-1.3349,-1.2315,0.5977,-0.5531,0.2289,0.3887,0.4524,-0.5843,GOOG
2019-10-18,132.4307,134.4215,129.4633,130.2691,107485700,-0.0164,-0.2767,-0.3126,-0.2987,-0.3085,-0.2962,-0.377,0.1118,-0.0294,-0.3114,-0.591,-0.0779,-0.3578,-1.5491,-1.2049,-0.1897,-0.2665,-1.1333,0.0035,0.2157,-1.0375,MSFT
2019-10-18,56.5617,57.3394,56.1523,56.9253,422709600,0.0008,0.4226,0.5744,0.6808,0.6079,0.651,0.5583,0.6335,0.5946,0.0075,1.3027,1.1977,0.5278,-1.3929,-1.2036,1.2425,-0.5509,1.7082,0.6383,0.1199,-0.819,AAPL
2019-10-18,4.6172,4.9567,4.5861,4.7378,1863984000,0.0239,0.6953,0.5816,0.786,0.7093,0.6952,0.7967,0.3062,0.9808,-0.1837,0.3246,0.7494,0.6803,-0.2621,-0.3308,1.0315,-0.0366,1.1055,0.3211,0.0486,0.9395,NVDA
2019-10-18,29.71,31.41,29.38,30.97,205444900,0.0402,0.7418,0.1104,-0.1224,0.1405,-0.0294,-0.8714,0.3673,0.1034,-0.9173,-0.7826,-0.5928,0.0409,1.2188,0.2454,-0.3846,-0.9244,-0.639,0.3343,-0.805,2.0576,AMD
2019-10-18,43.8851,45.437,42.1964,42.4307,84791900,-0.0368,-0.4325,-0.9873,-0.6831,-0.7685,-0.6301,-0.2005,0.1308,0.4804,-2.4582,-0.5977,-1.1938,-1.2508,0.4896,0.3744,-0.3031,-1.008,-0.2029,-0.0672,0.0192,2.0936,MU
2019-10-18,245.5258,254.5693,238.4479,240.4229,6902200,-0.0217,0.1051,0.2501,0.5547,0.3626,0.4984,0.6134,0.9165,0.0937,-0.2407,0.7923,0.5417,0.0805,-0.6016,-0.8066,0.772,3.5629,0.6044,-0.0921,0.6165,0.8085,ASML
2019-10-25,31.5,32.86,30.83,32.71,188127000,0.0547,1.1892,0.7607,0.3643,0.7213,0.503,-0.4536,0.642,0.382,0.1005,-0.468,0.1354,0.9967,0.6581,0.0126,0.449,-0.9744,-0.7257,0.921,-1.8514,0.7202,AMD
2019-10-25,243.598,250.8744,239.6385,249.4664,3697600,0.0369,0.4452,0.4597,0.7944,0.6755,0.765,0.634,-0.4911,0.9338,0.0907,0.6932,1.0295,0.505,-0.7816,-0.9014,0.9666,0.4964,0.5428,0.0908,0.4352,1.0611,ASML
2019-10-25,62.1874,63.0485,61.6084,62.8266,104074000,0.0156,0.3403,0.1345,0.1587,0.2171,0.1755,0.2854,0.3531,0.0165,-0.3276,0.5412,1.2218,0.0591,-1.5684,-1.332,0.7839,-0.5989,0.2167,-0.6046,-0.1853,-0.8942,GOOG
2019-10-25,57.1925,59.4102,57.1444,59.3741,388122000,0.0421,0.6739,0.8571,0.9703,0.9311,0.9517,0.6896,-0.0784,0.6494,0.5918,1.5414,1.3147,0.8902,-1.4124,-1.2537,1.4548,-0.6958,1.7211,0.5556,0.0048,-0.5115,AAPL
2019-10-25,131.2551,133.8053,128.5627,133.4166,140342800,0.0239,0.0874,-0.0457,-0.0789,-0.0104,-0.0531,-0.3104,-0.3938,0.1252,-0.0323,-0.0708,0.8605,-0.0371,-1.6083,-1.2446,0.7945,0.5561,-0.6164,0.3446,-0.1044,-0.9361,MSFT
2019-10-25,4.7993,5.1082,4.7513,5.0873,1525616000,0.0712,1.262,1.2024,1.3696,1.3779,1.3138,1.0335,0.3438,0.3206,0.9782,0.6206,1.2749,1.4549,-0.5695,-0.4421,1.4998,-0.505,1.1083,0.6246,-0.5941,0.5871,NVDA
2019-10-25,42.909,47.1159,42.8699,46.8817,88850800,0.0998,1.031,0.1474,0.2701,0.541,0.4509,0.0054,-0.7678,0.1443,0.4776,-0.2663,0.2558,0.7551,0.6441,0.1825,0.346,-0.8952,-0.2902,0.5397,0.1223,3.6677,MU
2019-11-01,136.8959,138.0999,135.2368,136.2512,132099700,0.021,0.3076,0.1699,0.1014,0.1892,0.1252,-0.1909,0.3432,-0.3828,0.1223,-0.2147,0.8915,0.1285,-1.5693,-1.2974,1.5394,0.3111,-0.5495,0.3269,0.0965,-0.7953,MSFT
2019-11-01,5.1311,5.1957,4.9199,5.0388,1241360000,-0.0096,0.5117,0.8484,0.9915,0.8664,0.9296,1.1228,1.209,0.3584,0.3177,0.3998,0.9762,0.7707,-0.7705,-0.4658,1.1876,-0.9223,1.0881,0.3353,-1.105,-0.1795,NVDA
2019-11-01,252.6793,255.9395,246.7164,255.7128,2927800,0.0247,0.4663,0.5768,0.8606,0.7659,0.8563,0.6789,0.5822,-0.4805,0.9311,0.6821,1.3112,0.6516,-0.8574,-1.0038,1.0481,-0.2339,0.5462,0.0857,0.3803,0.8235,ASML
2019-11-01,59.5764,61.6255,57.1299,61.599,654221600,0.0368,0.8136,1.0431,1.1578,1.1132,1.1464,0.8412,0.6773,-0.0658,0.6466,1.5988,1.3181,0.8907,-1.4665,-1.1473,1.4975,0.7557,1.7679,0.496,0.1088,-0.5867,AAPL
2019-11-01,33.16,35.0,32.03,34.89,340272700,0.0645,1.5625,1.4068,1.0676,1.3025,1.0732,0.0409,0.9069,0.6579,0.3791,-0.3879,1.0478,1.5594,0.0029,-0.0945,1.1882,0.6199,-0.5964,0.9084,-0.0467,2.1373,AMD
2019-11-01,47.3404,47.9944,45.3492,47.2233,74113900,0.0073,0.7482,0.2617,0.2139,0.4469,0.4045,0.1284,1.7325,-0.7585,0.1414,-0.4084,0.3671,0.5294,0.4743,0.0454,0.3791,-1.21,-0.4538,0.3258,-0.0308,3.0566,MU
2019-11-01,63.3391,64.5239,62.1171,63.2541,180686000,0.0068,0.2147,0.132,0.1684,0.1927,0.169,0.3276,0.1926,0.3677,0.0136,-0.2435,0.778,0.2432,-1.5814,-1.339,0.8094,1.0235,0.1775,-1.2608,-0.3048,-0.9814,GOOG
2019-11-08,258.7213,260.9991,251.214,253.6817,3261100,-0.008,0.1444,0.3462,0.5592,0.4302,0.5756,0.6247,0.3589,0.5979,-0.4835,1.077,0.9433,0.0575,-0.8847,-1.0333,0.8276,0.0687,0.9392,-0.0944,0.0035,0.5454,ASML
2019-11-08,63.3887,65.7371,63.384,65.1228,144362000,0.0291,0.4183,0.4164,0.3844,0.4467,0.4003,0.4311,0.0303,0.2064,0.3649,0.8504,1.095,0.4671,-1.5556,-1.3692,1.1326,0.2223,0.746,-1.6956,-0.4646,-0.9729,GOOG
2019-11-08,5.1199,5.2654,5.0766,5.1679,1416036000,0.0253,0.4684,0.9591,1.0278,0.919,1.0,1.1691,-0.2692,1.2277,0.3555,1.1678,1.1173,0.8046,-0.7788,-0.6011,1.2053,-0.6052,1.4872,0.2582,-0.8887,0.0301,NVDA
2019-11-08,137.3035,138.4033,135.7583,138.3748,86257400,0.0155,0.3952,0.27,0.2034,0.2769,0.2182,-0.0672,0.2911,0.3578,-0.3858,0.5062,1.3175,0.1674,-1.5763,-1.4054,1.6281,-0.7677,-0.1169,0.2788,0.0431,-0.798,MSFT
2019-11-08,35.19,37.18,34.76,36.29,313571600,0.0393,1.342,1.6476,1.3681,1.4289,1.277,0.4509,1.0874,0.9242,0.6552,0.4531,1.0138,1.7107,-0.4119,-0.2131,1.3886,0.3781,-0.0272,0.8534,0.1111,1.5815,AMD
2019-11-08,48.2091,48.7069,45.8275,46.0617,89280100,-0.0249,0.0182,0.0559,-0.1185,-0.0155,0.0268,0.0839,0.0391,1.7537,-0.7617,-0.1758,-0.0112,0.1796,0.4654,0.0323,0.1315,-0.8218,0.0535,-0.0207,0.1943,3.4719,MU
2019-11-08,61.9626,62.8997,61.4906,62.8273,423960800,0.0197,0.7049,1.0059,1.1543,1.0367,1.1182,0.9419,0.5797,0.6934,-0.0688,1.9279,1.3092,0.6939,-1.4722,-1.2676,1.3496,-0.5149,1.7309,0.4117,0.3531,-0.4465,AAPL
2019-11-15,45.603,47.3599,44.6757,46.5693,74886800,0.011,-0.2077,0.2476,-0.0928,0.0634,0.0876,0.0705,-0.5498,0.0522,1.7512,0.1848,0.1238,0.6314,0.4493,-0.0849,0.2126,-1.0013,0.1816,0.2824,0.588,5.1198,MU
2019-11-15,5.1671,5.2694,4.9903,5.0786,2398836000,-0.0174,-0.2155,0.4495,0.6169,0.4287,0.5903,1.0885,0.3693,-0.2576,1.2251,1.3636,0.9206,0.4054,-0.6898,-0.5901,0.8504,0.9617,1.2744,-0.048,-0.6257,0.886,NVDA
2019-11-15,137.787,142.1954,137.2087,142.1764,93138900,0.0271,0.5011,0.5029,0.3897,0.4875,0.4207,0.098,0.1893,0.3054,0.3549,0.7087,1.3201,0.5773,-1.6298,-1.4369,1.8788,-0.5645,0.3918,0.5529,-0.6433,-0.9468,MSFT
2019-11-15,252.5997,261.4926,251.6317,260.9706,2417700,0.0283,0.3042,0.5256,0.6312,0.6215,0.7365,0.6175,-0.2399,0.3736,0.5951,1.3772,1.297,0.5249,-0.9524,-1.1123,0.9329,-0.7003,1.2726,0.1734,-0.1386,0.7906,ASML
2019-11-15,64.7161,66.2904,64.2359,66.2899,118012000,0.0178,0.4259,0.5126,0.4434,0.5038,0.4746,0.5292,0.4392,0.0434,0.2035,1.0831,1.3238,0.404,-1.6943,-1.415,1.2937,-0.3215,1.27,-2.329,-1.2685,-1.3332,GOOG
2019-11-15,35.96,39.37,35.58,38.56,298611900,0.0607,1.4676,2.0483,1.8147,1.8002,1.6916,0.8572,0.6264,1.1055,0.9215,0.1878,1.0934,1.9334,-0.5874,-0.2104,1.6133,0.2102,-0.131,0.8251,-0.5812,1.1321,AMD
2019-11-15,62.3829,64.1894,62.3781,64.1846,461333600,0.0214,0.5345,0.951,1.1349,0.9993,1.113,1.0023,0.2676,0.5953,0.6907,2.1358,1.323,0.8961,-1.6696,-1.3453,1.2568,-0.3006,2.235,0.3927,-0.1242,-0.7987,AAPL
2019-11-22,5.0711,5.3363,5.0681,5.2452,1974228000,0.0323,0.2719,0.5466,0.7648,0.6694,0.7921,1.0424,-0.413,0.3839,-0.2606,1.3822,1.1001,0.0447,-0.689,-0.6849,0.9668,0.2547,1.2799,-0.0171,-0.8354,0.951,NVDA
2019-11-22,259.1673,262.1665,251.3279,252.6661,2572800,-0.0323,-0.397,-0.0398,0.1198,0.0256,0.2182,0.4489,0.4248,-0.2281,0.3707,1.1087,0.8203,-0.1161,-0.8653,-1.0757,0.5294,-0.5814,1.2525,-0.0154,-0.1928,1.2319,ASML
2019-11-22,38.65,41.79,38.19,39.15,385245000,0.0152,0.8586,1.6979,1.757,1.4921,1.5134,1.1067,1.017,0.6423,1.1028,0.9255,0.6992,1.5081,-0.6912,-0.1452,1.3693,0.9585,0.6518,0.8779,-1.0212,0.7441,AMD
2019-11-22,64.1942,64.7256,62.89,63.2233,455825200,-0.0151,-0.0767,0.4506,0.7444,0.5173,0.7071,0.9273,0.2975,0.2818,0.5926,1.8011,1.0113,0.3428,-1.5148,-1.3671,0.9169,-0.3728,2.2322,0.2075,0.113,-0.1427,AAPL
2019-11-22,46.8036,47.2526,43.9631,44.7733,81122500,-0.0393,-0.7487,-0.3419,-0.5056,-0.4761,-0.3802,-0.1179,0.1068,-0.5395,0.0493,-0.2371,-0.622,-0.6262,0.4387,-0.0007,-0.3878,-0.8027,-0.2363,-0.0381,0.7032,5.9585,MU
2019-11-22,142.2713,143.4878,141.2238,142.2987,105644400,0.0009,0.1955,0.3714,0.3205,0.3276,0.3113,0.1802,0.4023,0.2031,0.3025,0.8694,1.0942,0.3582,-1.7055,-1.524,1.4376,-0.2891,0.3729,0.4516,-1.1452,-1.1987,MSFT
2019-11-22,66.1583,66.3226,64.1187,64.3268,128928000,-0.0301,-0.2874,0.0319,0.043,-0.0349,0.0302,0.4539,0.2313,0.4542,0.0405,0.6522,0.5967,-0.0186,-1.5483,-1.3885,0.6367,-0.123,0.8025,-2.0044,-1.402,-1.0592,GOOG
2019-11-29,142.6888,145.0669,142.6127,144.0015,74202700,0.0119,0.1581,0.3706,0.3682,0.3402,0.3371,0.2475,-0.0781,0.4172,0.2002,1.3684,1.1311,0.2727,-1.7028,-1.5949,1.347,-1.0503,0.7829,0.3507,-0.9622,-1.045,MSFT
2019-11-29,39.5,40.17,38.81,39.15,140612800,0.0,0.2834,1.1786,1.4934,1.0711,1.1973,1.1913,0.1842,1.0347,0.6396,1.4003,0.6992,0.8482,-0.8123,-0.3179,1.1156,-1.4691,0.768,0.5597,0.0717,1.8271,AMD
2019-11-29,254.6972,259.8982,254.4789,256.8421,1506300,0.0164,-0.0978,0.0141,0.1803,0.1611,0.3066,0.332,-0.6859,0.4397,-0.2311,1.2719,1.0299,-0.1903,-1.0924,-1.1762,0.594,-1.527,1.4759,-0.052,-0.6375,0.4551,ASML
2019-11-29,44.9978,47.1159,44.8416,46.3741,54405900,0.0351,0.0244,-0.0011,-0.1206,-0.008,-0.0088,-0.1095,-0.8139,0.1202,-0.5426,-0.0098,-0.0438,-0.388,0.2505,-0.1994,0.0915,-1.4218,-0.318,-0.0655,0.5998,5.6066,MU
2019-11-29,63.4479,64.7256,63.3972,64.5444,301081200,0.0207,0.1028,0.4544,0.7637,0.5941,0.7634,0.8555,-0.3701,0.3118,0.2789,2.1258,1.2849,0.1927,-1.5151,-1.4515,0.9178,-1.221,2.2234,0.1271,0.2679,0.0627,AAPL
2019-11-29,5.3733,5.5069,5.3604,5.3947,1249060000,0.0281,0.4923,0.631,0.896,0.8032,0.9161,1.0405,0.4972,-0.402,0.3811,1.4238,1.0784,0.394,-0.8186,-0.7696,1.0072,-0.8513,1.2325,0.1444,-1.2197,0.4427,NVDA
2019-11-29,64.5175,65.47,64.4653,64.8045,73770000,0.0074,-0.2594,0.0063,0.0512,0.0054,0.0532,0.3864,-0.6442,0.2454,0.4514,1.0865,0.755,-0.013,-1.5544,-1.4813,0.6683,-1.2944,0.8689,-9.8629,-1.5119,-1.0634,GOOG
2019-12-06,64.6079,66.7433,63.5153,66.5754,134394000,0.027,0.1636,0.1963,0.2681,0.2738,0.2786,0.4081,0.0416,-0.6344,0.2425,1.0808,1.2607,-0.0325,-1.5614,-1.4396,1.0414,0.0326,0.9102,2.252,-1.7828,-1.2436,GOOG
2019-12-06,46.4326,47.1745,43.4849,46.784,86768800,0.0088,0.1214,0.0148,0.0196,0.0432,0.035,-0.087,0.5493,-0.8049,0.1173,-0.1903,0.1042,-0.0909,0.2105,-0.1822,0.1799,-0.4639,-0.6965,0.2316,0.5715,5.3373,MU
2019-12-06,64.5493,65.4501,61.8974,65.3801,456599200,0.0129,0.1605,0.3971,0.7065,0.5564,0.7251,0.786,0.2848,-0.359,0.3089,2.1113,1.3093,0.1293,-1.5169,-1.3738,0.8635,-0.3689,2.2307,0.1257,0.3115,0.0519,AAPL
2019-12-06,256.358,267.6143,247.8162,265.83,3505300,0.0344,0.353,0.3293,0.4411,0.4869,0.5743,0.3364,0.2063,-0.6763,0.4369,1.2401,1.2242,0.1933,-1.1299,-1.0729,0.7871,0.4534,1.5337,0.1349,-0.7784,0.2182,ASML
2019-12-06,39.32,40.22,37.15,39.63,198241400,0.0122,0.0956,0.8719,1.3748,0.91,1.0759,1.1909,-0.0939,0.198,1.0321,1.2844,0.8128,0.5829,-0.8255,-0.2972,1.0045,-0.8442,0.3625,0.4366,0.1082,1.7766,AMD
2019-12-06,5.3877,5.4012,4.9873,5.281,1527812000,-0.0213,-0.043,0.1409,0.5116,0.2949,0.4806,0.9163,0.4206,0.5125,-0.4051,1.0919,0.7932,-0.0362,-0.738,-0.6255,0.686,-0.3719,0.8077,-0.0447,-1.1174,0.6636,NVDA
2019-12-06,144.4106,144.4676,139.5021,144.3535,103331700,0.0024,-0.0021,0.2617,0.3004,0.2344,0.2584,0.2679,0.1239,-0.0656,0.4143,1.1852,1.1948,0.152,-1.7644,-1.5781,1.1281,-0.2747,0.3472,0.3453,-0.6574,-1.0542,MSFT
2019-12-13,65.2086,66.4886,63.9793,66.4524,568117600,0.0163,0.3108,0.362,0.6711,0.5697,0.7303,0.727,0.1417,0.299,-0.362,2.1109,1.3161,0.0825,-1.5827,-1.3864,0.8378,0.1892,2.2498,0.1355,0.048,-0.0983,AAPL
2019-12-13,267.7566,276.9723,263.1156,275.1311,2852600,0.0344,0.7773,0.5594,0.6635,0.7407,0.8017,0.4164,0.5359,0.2202,-0.6794,1.1583,1.2036,0.2495,-1.1408,-1.0963,0.9304,-0.1534,1.5474,0.1399,-0.9796,0.2301,ASML
2019-12-13,5.2581,5.6994,5.2493,5.5752,1561116000,0.0542,0.5764,0.5858,0.8777,0.8377,0.9397,0.9174,-0.484,0.4355,0.5097,1.1034,1.0403,0.6336,-0.9685,-0.6162,0.9463,-0.3001,0.8347,0.2215,-1.7556,-0.2007,NVDA
2019-12-13,66.4473,67.5105,66.348,66.9335,122588000,0.0054,0.2219,0.1389,0.2429,0.2191,0.2405,0.4113,0.3997,0.0547,-0.6375,1.0316,1.1235,-0.1436,-1.5885,-1.5244,0.9529,-0.1242,0.9445,1.1434,-2.1506,-1.4015,GOOG
2019-12-13,46.4326,51.0691,45.3199,49.9759,124515400,0.066,1.0956,0.6095,0.6976,0.785,0.6818,0.166,0.0673,0.5648,-0.808,-0.235,0.9639,0.4162,0.3538,-0.1194,1.0249,0.661,-0.6123,0.2891,0.5993,6.4868,MU
2019-12-13,143.7066,147.3404,143.0027,146.998,100477600,0.0182,0.1925,0.3035,0.3998,0.3447,0.3593,0.3135,-0.0492,0.1374,-0.0685,1.2609,1.2687,0.07,-1.7572,-1.5999,1.1993,-0.347,0.387,0.3306,0.0459,-0.5952,MSFT
2019-12-13,39.46,42.95,38.82,41.15,260165800,0.0376,0.5227,0.9167,1.5046,1.1078,1.26,1.2139,0.1292,-0.0814,0.1951,1.7082,0.9298,0.3634,-0.949,-0.2252,1.0848,-0.2251,0.4483,0.3754,-0.1207,1.5275,AMD
2019-12-20,5.6227,5.9834,5.5946,5.958,2034124000,0.0664,1.2773,1.2097,1.3275,1.4176,1.4703,1.0685,0.8987,-0.4734,0.4327,1.2789,1.2753,0.9698,-0.9101,-0.6842,1.2186,0.4575,0.8926,0.2046,-1.6649,0.7776,NVDA
2019-12-20,67.364,67.7861,66.9908,67.0209,191176000,0.0013,0.0443,0.0527,0.1703,0.1278,0.1658,0.3828,0.0043,0.4146,0.0518,0.8352,1.0655,0.1403,-1.6006,-1.6148,0.8149,1.4137,1.0061,6.5788,-2.9451,-1.6861,GOOG
2019-12-20,147.5497,150.7649,146.256,149.7376,152135400,0.0185,0.3063,0.3569,0.4758,0.4338,0.4476,0.3747,0.2385,-0.0365,0.1345,1.6861,1.1813,0.232,-1.83,-1.6161,1.2276,0.962,0.9349,0.3469,-0.4275,-0.5257,MSFT
2019-12-20,41.73,44.26,41.73,44.15,256747900,0.0704,1.3406,1.3761,1.924,1.6785,1.7893,1.3502,0.5952,0.1428,-0.0844,1.8432,1.3018,0.8977,-1.2917,-0.366,1.2964,-0.2016,0.8904,0.2813,-1.2527,0.3897,AMD
2019-12-20,66.8992,68.2637,66.8944,67.4885,732720000,0.0155,0.2942,0.357,0.6194,0.5699,0.726,0.6759,0.204,0.1553,0.2962,2.104,1.1639,0.366,-1.6092,-1.4462,0.817,1.1465,2.2605,0.3417,-0.1546,0.412,AAPL
2019-12-20,276.4029,281.9645,274.4193,278.6427,2667100,0.0127,0.5368,0.542,0.6277,0.666,0.7549,0.4618,0.5358,0.5513,0.2173,1.0556,1.1252,0.678,-1.1862,-1.1938,0.887,-0.3322,1.5333,0.2955,-1.4138,0.4721,ASML
2019-12-20,51.4986,54.5928,51.1179,53.7436,206151400,0.0727,1.6475,1.3565,1.2933,1.4567,1.3195,0.546,1.1145,0.0805,0.562,-0.0089,1.1155,1.5387,-0.3369,-0.2148,1.5713,2.8435,-0.341,0.821,-0.0459,5.165,MU
2019-12-27,67.3327,67.7628,66.6827,67.1351,58730000,0.0017,-0.0951,-0.0195,0.0907,0.0625,0.1076,0.3356,-0.07,0.0173,0.4117,1.0236,1.104,0.088,-1.6577,-1.6781,0.7127,-1.5323,0.732,3.7592,-2.9644,-1.7539,GOOG
2019-12-27,44.58,47.31,44.39,46.18,194462800,0.045,1.4042,1.5108,2.0023,1.7855,1.9373,1.4974,1.1945,0.611,0.1399,2.0995,1.1308,1.3553,-1.3567,-0.4419,1.2796,-0.7432,1.2863,0.3583,-1.1394,0.3374,AMD
2019-12-27,150.413,151.7733,149.4617,151.212,59640800,0.0098,0.257,0.3153,0.451,0.3961,0.429,0.4111,0.2442,0.2526,-0.0394,1.6692,1.2491,0.2126,-1.8435,-1.6899,1.1228,-1.3295,0.8644,0.3205,-0.3913,-0.5506,MSFT
2019-12-27,5.9866,6.0187,5.8694,5.8957,931420000,-0.0105,0.5964,0.7933,0.9493,0.8841,1.0454,1.0871,1.122,0.9159,-0.4765,1.6324,1.0928,0.5903,-0.8983,-0.8102,0.9743,-1.3272,1.195,0.065,-1.6717,0.7941,NVDA
2019-12-27,280.4554,283.3027,276.4693,281.5659,1152700,0.0104,0.2886,0.5181,0.5674,0.5813,0.6916,0.471,0.1383,0.5513,0.5485,1.2701,1.2224,0.6202,-1.1871,-1.2873,0.8496,-1.7741,1.4982,0.2767,-1.4342,0.4471,ASML
2019-12-27,67.7517,70.9977,67.7131,69.9906,386438000,0.0364,0.618,0.6246,0.799,0.8301,0.9521,0.6991,0.1894,0.2179,0.1523,2.2291,1.1457,0.5153,-1.6106,-1.4118,0.9483,-0.7118,2.2578,0.3429,-0.0534,0.484,AAPL
2019-12-27,53.9095,54.7685,52.6015,52.7382,63029800,-0.0189,0.5864,0.8964,0.8833,0.8081,0.8318,0.6826,1.2369,1.1327,0.0776,0.0297,0.8317,0.9818,-0.2769,-0.3095,1.1202,-1.0925,0.0108,0.5751,-0.1745,5.1293,MU
2020-01-03,69.9084,72.5989,68.8844,71.8333,526723200,0.026,0.6653,0.7445,0.8724,0.9,1.0264,0.7399,0.5726,0.2032,0.215,2.2514,1.1989,0.6417,-1.6575,-1.3654,0.9777,0.1258,2.6159,0.3356,-0.2607,0.0775,AAPL
2020-01-03,151.2406,152.8958,148.8244,150.8886,78456100,-0.0021,-0.0045,0.1485,0.3093,0.2214,0.2863,0.3861,0.0855,0.2583,0.2497,1.9353,1.0675,0.1702,-1.8109,-1.6902,0.9054,-0.7758,1.2759,0.1692,-0.2289,-0.42,MSFT
2020-01-03,5.8738,5.9714,5.728,5.8758,931980000,-0.0034,0.0082,0.5325,0.6885,0.5756,0.7798,0.9949,-0.2861,1.1402,0.9132,1.6397,1.0523,0.7648,-0.8582,-0.8584,0.8186,-1.2473,1.2318,0.1074,-1.484,1.0336,NVDA
2020-01-03,67.0412,68.1586,66.0026,67.5706,92114000,0.0065,-0.0407,0.0039,0.0613,0.0695,0.1087,0.2958,-0.0627,-0.0574,0.0143,1.166,1.1324,-0.0974,-1.6587,-1.6646,0.7041,-0.7099,1.1733,1.9685,-2.8867,-1.7252,GOOG
2020-01-03,52.4844,54.1633,51.401,53.2262,65556900,0.0092,0.1426,0.7727,0.8052,0.6742,0.7419,0.7342,-0.4396,1.2557,1.13,1.0131,0.9501,0.9859,-0.2754,-0.4005,1.0217,-0.9704,0.2541,0.4885,-0.2284,4.7773,MU
2020-01-03,46.14,49.39,44.66,48.6,226281400,0.0511,1.4038,1.7088,2.1316,1.9457,2.1314,1.6357,0.7292,1.2131,0.6082,2.527,1.2017,1.7681,-1.3653,-0.3842,1.2737,-0.2575,1.6945,0.3487,-1.3538,0.0183,AMD
2020-01-03,281.3286,287.8772,278.4244,282.7807,1622200,0.0043,0.0692,0.3957,0.4843,0.4413,0.5727,0.4348,0.0972,0.1519,0.5485,1.4007,1.0477,0.3334,-1.3327,-1.3187,0.7931,-1.2665,1.8359,0.2099,-1.2247,0.2219,ASML
2020-01-10,67.0412,71.2588,67.0412,71.0006,161692000,0.0495,0.6533,0.5321,0.47,0.6014,0.5675,0.417,0.0245,-0.0501,-0.0603,1.7307,1.2521,0.3069,-1.4938,-1.5627,1.3199,0.8807,1.6744,1.534,-1.7136,-0.6236,GOOG
2020-01-10,70.9542,75.514,70.703,74.9488,670091600,0.0425,0.9149,1.0504,1.0959,1.161,1.2728,0.8348,0.3819,0.5883,0.2003,2.2656,1.2346,0.899,-1.6522,-1.2867,1.1177,0.9163,2.6159,0.3296,-0.1879,0.0928,AAPL
2020-01-10,5.7825,6.1865,5.7564,6.0812,1426008000,0.0344,0.2649,0.6921,0.843,0.8089,0.9748,0.9538,-0.1558,-0.2745,1.1376,1.6203,1.1248,0.5716,-0.8461,-0.8238,0.9368,-0.2653,1.2513,0.092,-1.2809,1.2727,NVDA
2020-01-10,52.4649,57.0818,51.889,55.3151,139906600,0.0385,0.4108,0.9978,0.9925,0.9369,0.9886,0.8301,0.0748,-0.4288,1.2531,1.0647,0.9364,0.7135,-0.4122,-0.3426,1.2159,1.1575,0.8661,0.449,-0.3658,3.9331,MU
2020-01-10,278.244,288.4372,277.5417,281.1008,2659600,-0.006,-0.1539,0.1971,0.2796,0.2094,0.3645,0.3335,-0.015,0.1106,0.149,1.2717,0.9099,-0.0378,-1.415,-1.3099,0.6894,-0.2448,1.7964,0.0655,-2.2106,-0.9073,ASML
2020-01-10,149.4237,155.2644,148.8814,153.4761,112305200,0.017,0.1196,0.2441,0.3475,0.3206,0.3705,0.3882,-0.1331,0.0989,0.2554,1.9831,1.0964,0.1596,-1.9691,-1.6394,0.9817,0.158,1.7452,0.1685,-0.0284,-0.9064,MSFT
2020-01-10,48.02,49.96,47.14,48.17,280409800,-0.0089,0.4269,1.1842,1.5783,1.2912,1.5906,1.6291,0.8413,0.7456,1.2105,2.3973,1.048,1.2762,-1.16,-0.3992,1.0016,0.3851,2.0162,0.1365,-2.7707,-1.1346,AMD
2020-01-17,75.2652,76.9799,74.7604,76.9775,652055600,0.0267,0.7882,1.0743,1.1509,1.1608,1.3008,0.914,0.6835,0.3967,0.5855,2.2634,1.3236,1.0115,-1.705,-1.3647,1.1162,0.7368,2.6159,0.2947,-0.5104,-0.3409,AAPL
2020-01-17,6.1643,6.297,6.0864,6.2046,1480016000,0.0201,0.4626,0.6806,0.8797,0.8102,0.98,0.9261,0.535,-0.1436,-0.2775,1.6298,1.1405,0.136,-1.0404,-0.937,0.9374,-0.1617,1.253,0.0544,-1.89,0.0043,NVDA
2020-01-17,283.4736,290.3259,282.3537,284.7643,2812000,0.0129,-0.0055,0.1751,0.3008,0.2618,0.3931,0.2616,-0.2029,-0.0022,0.1077,1.1092,0.9596,-0.0354,-1.4815,-1.3527,0.7573,-0.1447,1.7954,0.0658,-2.7619,-1.492,ASML
2020-01-17,48.66,51.05,47.91,50.93,229651300,0.0557,0.8383,1.497,1.8117,1.6307,1.8978,1.6238,-0.2566,0.8582,0.7428,2.4092,1.3052,1.1259,-1.1568,-0.5201,1.0763,-0.2054,2.0367,0.119,-2.7017,-1.0889,AMD
2020-01-17,55.6469,56.9061,54.5049,56.2814,107537800,0.0173,0.5241,0.8499,1.0098,0.8728,0.9608,0.8928,0.6109,0.0881,-0.4318,1.0916,1.1412,0.1874,-0.7884,-0.4869,1.1385,0.168,0.9198,0.2675,-0.9001,1.8507,MU
2020-01-17,71.3184,73.5614,70.8164,73.5164,161276000,0.0348,0.8856,0.77,0.708,0.8347,0.8006,0.5807,0.8127,0.0376,-0.053,1.833,1.3126,0.626,-1.4395,-1.5661,1.4964,0.7889,1.721,1.0027,-1.281,-0.1978,GOOG
2020-01-17,153.8756,159.3073,153.3999,158.9553,124758900,0.0351,0.5216,0.5205,0.572,0.6199,0.6361,0.4735,0.2174,-0.1208,0.096,2.0522,1.2851,0.3139,-1.895,-1.6314,1.2049,0.4679,1.7698,0.1384,0.0775,-0.6448,MSFT
2020-01-24,158.5558,159.9922,156.4344,156.9957,98254900,-0.0124,0.0836,0.2171,0.3076,0.2661,0.348,0.445,0.5484,0.2314,-0.1237,2.0864,1.0,0.1082,-1.7873,-1.6502,0.8619,-0.2702,2.1864,0.0359,0.302,-0.3228,MSFT
2020-01-24,73.4533,74.6498,72.7645,72.8371,135666000,-0.0093,0.2838,0.4511,0.4732,0.4657,0.516,0.6134,0.5436,0.8295,0.0346,1.5462,0.8516,0.5202,-1.3937,-1.5812,1.1132,0.157,1.7432,0.5399,-0.8087,0.1131,GOOG
2020-01-24,282.9325,286.3017,276.716,280.7686,3372400,-0.0141,-0.2697,-0.1422,0.0669,-0.0259,0.1301,0.1152,0.1432,-0.191,-0.0051,1.1908,0.6832,-0.2543,-1.4466,-1.3514,0.5163,0.3816,1.1397,-0.0379,-2.3177,-1.1886,ASML
2020-01-24,6.168,6.459,6.1372,6.2345,1075184000,0.0048,0.2772,0.5051,0.7332,0.6211,0.8159,0.8519,0.2741,0.5505,-0.1466,1.5958,0.8772,0.2777,-1.0835,-0.9342,0.8228,-0.8828,1.2277,0.1689,-1.3831,0.2842,NVDA
2020-01-24,50.96,52.81,49.47,50.35,210007500,-0.0115,0.1731,0.9088,1.3104,1.0288,1.3762,1.5238,0.9262,-0.2449,0.8555,2.242,0.9436,0.5676,-1.0695,-0.4778,0.8449,-0.4457,2.0542,-0.0125,-2.0932,-0.451,AMD
2020-01-24,55.9983,59.1121,55.8715,56.379,102127500,0.0017,0.224,0.553,0.8559,0.6303,0.7665,0.8741,0.2232,0.6267,0.0851,1.4328,0.7521,0.3799,-0.7811,-0.5136,0.9528,0.0048,1.3038,0.4695,-0.8074,1.6606,MU
2020-01-24,76.6056,78.0885,76.2336,76.8761,463685200,-0.0013,0.2897,0.7581,0.9197,0.8084,1.0104,0.8876,0.3951,0.6996,0.3938,2.2363,1.1274,0.6389,-1.6796,-1.4218,0.9396,-0.3533,2.6159,0.1751,-0.2523,-0.2811,AAPL
2020-01-31,153.2953,165.5665,152.3916,161.9326,179472700,0.031,0.3503,0.4333,0.5022,0.5266,0.5724,0.4841,-0.321,0.5639,0.2285,2.1102,0.9168,0.4166,-1.7344,-1.4356,1.0495,1.8129,2.2061,0.2045,-2.2093,-1.7105,MSFT
2020-01-31,53.8314,55.8227,51.44,51.8207,124467900,-0.0843,-1.2786,-0.663,-0.1617,-0.5857,-0.2974,0.5159,-0.0621,0.2372,0.624,0.1858,-0.2616,-0.4624,-0.3364,-0.2,0.137,0.6164,0.778,0.2402,0.3555,3.1932,MU
2020-01-31,5.9298,6.2044,5.7803,5.8848,1701284000,-0.0577,-0.8569,-0.3946,-0.0088,-0.2787,0.0154,0.5379,-0.0059,0.2883,0.5477,0.62,0.0561,-0.2159,-0.7342,-0.721,0.3147,0.3135,0.7223,0.1311,-0.3237,1.3913,NVDA
2020-01-31,48.45,50.85,46.1,47.0,354354900,-0.0689,-1.0049,-0.2469,0.3016,-0.1144,0.3367,1.1423,-0.3036,0.9435,-0.2479,1.3826,0.3738,-0.5199,-0.5059,-0.1711,0.4114,1.174,1.4238,-0.1837,-0.5661,1.6233,AMD
2020-01-31,71.0637,73.0069,70.577,71.2241,163338000,-0.0224,-0.4102,0.0521,0.1498,0.0289,0.1441,0.5037,-0.2638,0.5592,0.8268,1.007,0.3951,0.2478,-1.3302,-1.5447,0.6667,0.7535,1.2069,0.0392,-0.3139,0.031,GOOG
2020-01-31,272.54,283.1033,265.9059,266.3709,5557400,-0.0526,-0.9987,-0.7899,-0.5149,-0.6992,-0.4803,-0.2351,-0.3526,0.1568,-0.194,0.1641,-0.5428,-0.7414,-1.146,-1.1676,-0.1345,2.3673,0.3321,-0.195,-0.6697,0.1702,ASML
2020-01-31,74.8836,79.1801,73.6326,74.7508,866734800,-0.028,-0.4541,0.1736,0.4449,0.2168,0.4844,0.6952,-0.118,0.4099,0.6969,1.6419,0.6413,0.1291,-1.4402,-1.2146,0.6238,1.8053,1.841,-0.0028,0.4289,0.2343,AAPL
2020-02-07,5.8666,6.3283,5.8604,6.2621,1143364000,0.0621,0.2104,0.2095,0.4757,0.4792,0.6229,0.4628,-1.1507,0.007,0.2855,0.989,0.8694,0.0333,-0.6553,-0.7343,0.6936,-0.7358,0.7345,0.1077,0.0241,0.8072,NVDA
2020-02-07,269.1898,293.8471,268.8956,289.4433,5134400,0.0831,0.4792,0.1606,0.2577,0.3934,0.4081,-0.1347,-1.0576,-0.3413,0.1539,0.5846,0.9989,0.0326,-0.7619,-1.0306,0.7485,1.7899,0.4787,-0.0244,0.3462,0.8572,ASML
2020-02-07,162.123,176.5821,162.0945,174.9269,167007100,0.0772,1.2528,1.1732,1.1741,1.3106,1.2753,0.723,0.473,-0.3096,0.5611,2.2082,1.1862,1.0041,-1.3048,-1.2897,1.5413,1.4182,2.2247,0.2274,-0.2354,-0.5341,MSFT
2020-02-07,73.4925,78.545,72.9901,77.4749,652341200,0.0358,0.086,0.3939,0.6668,0.5477,0.7408,0.6007,-0.6071,-0.1056,0.4071,1.6618,0.9964,0.0681,-1.3995,-1.1194,0.7824,0.6085,1.8562,-0.0047,0.2281,-0.4794,AAPL
2020-02-07,51.9769,57.7553,51.7328,55.5201,104515600,0.069,0.0264,0.033,0.4182,0.3138,0.4206,0.4341,-1.6374,-0.0495,0.2343,0.496,0.5428,-0.1966,-0.1815,-0.1696,0.6504,0.0231,0.8349,0.1815,0.3389,2.0154,MU
2020-02-07,46.4,50.67,46.23,49.73,237800900,0.0565,-0.069,0.1835,0.695,0.5409,0.8403,0.9016,-1.3544,-0.2921,0.9408,1.4094,0.7441,0.0565,-0.523,-0.2087,0.591,-0.1634,1.4242,-0.0323,-0.4423,0.6418,AMD
2020-02-07,72.6032,73.9936,70.8303,73.4588,236154000,0.0309,0.0297,0.3003,0.389,0.3403,0.398,0.4865,-0.5038,-0.2522,0.5564,1.1538,0.9647,0.0762,-1.2899,-1.5214,0.9173,2.1795,1.2682,0.1375,-0.2893,-0.5365,GOOG
2020-02-14,6.2848,7.3419,6.2798,7.2129,3112748000,0.1414,2.3425,1.796,1.7982,2.1024,2.0587,0.8391,1.044,-1.1433,0.004,1.3703,1.1379,1.2048,0.0413,-0.521,1.5432,2.726,0.9382,0.1858,-0.0762,2.0993,NVDA
2020-02-14,174.632,181.405,172.9864,176.3158,194512400,0.0079,0.87,0.9939,1.0525,1.0359,1.0922,0.8572,1.3193,0.4882,-0.3126,2.2026,0.9326,0.7345,-1.3223,-1.2597,1.3,1.9458,2.2592,0.2555,-0.6159,-0.7152,MSFT
2020-02-14,288.5607,302.9677,288.5227,300.1964,3222600,0.0365,0.9474,0.5121,0.4991,0.694,0.6834,0.0313,1.427,-1.0497,-0.3444,0.8674,1.1532,0.2489,-0.8455,-1.0738,1.0604,0.0067,0.5024,-0.0143,0.2757,0.7159,ASML
2020-02-14,76.0587,79.2155,75.9788,78.666,492263600,0.0153,0.2811,0.3481,0.6361,0.5505,0.7324,0.5347,0.5615,-0.5971,-0.1086,1.6603,1.2161,-0.0357,-1.5103,-1.1528,0.7968,-0.2644,1.8727,-0.0219,-0.0538,-0.773,AAPL
2020-02-14,54.9539,59.727,54.8563,57.1013,134486600,0.0281,0.5158,0.2957,0.5114,0.5282,0.6029,0.45,1.1686,-1.6323,-0.0525,0.8014,0.7746,-0.1008,-0.3312,-0.1676,0.7791,0.9414,0.9161,0.1923,0.1763,1.6588,MU
2020-02-14,49.47,55.4,49.35,55.31,285691100,0.1063,1.6715,1.2271,1.5936,1.6962,1.8436,1.0186,0.9398,-1.3479,-0.2951,1.5778,1.3085,0.5296,-0.1937,-0.2443,0.9963,0.3821,1.4533,-0.014,-0.3546,1.3673,AMD
2020-02-14,73.215,75.9617,73.215,75.5202,121188000,0.0277,0.4471,0.4668,0.5453,0.5438,0.5794,0.5332,0.4718,-0.4933,-0.2552,1.1678,1.2034,0.0112,-1.428,-1.5294,1.0742,-0.2859,1.2654,0.0687,-0.4057,-0.7852,GOOG
2020-02-21,76.3444,78.5934,75.1679,75.7852,476635200,-0.0373,-0.3861,-0.2505,0.0898,-0.0871,0.1625,0.2957,0.1855,0.5771,-0.6002,0.983,0.6508,-0.3546,-1.232,-1.0906,0.428,-0.3106,1.4754,-0.0242,0.352,-0.3372,AAPL
2020-02-21,55.7055,58.8095,54.5537,55.6274,92684700,-0.0262,0.0586,-0.1232,0.0724,0.0305,0.1754,0.3213,0.4203,1.1871,-1.6357,0.5308,0.4662,-0.347,-0.2519,-0.0905,0.4566,-0.2076,0.816,0.0166,0.2462,1.3287,MU
2020-02-21,176.5631,179.4967,169.0711,170.3493,143224700,-0.0344,-0.2206,0.3354,0.5056,0.3072,0.4813,0.7678,0.0509,1.3385,0.4854,1.4117,0.4273,0.5213,-1.1045,-1.1217,0.8028,0.6213,1.7019,0.2397,-0.0267,-0.3147,MSFT
2020-02-21,75.2352,76.0846,73.5189,73.7508,97966000,-0.0237,-0.0892,0.0108,0.1719,0.0716,0.182,0.4394,0.4128,0.4869,-0.4964,0.662,0.693,-0.1186,-1.3034,-1.4945,0.667,-0.7558,0.9176,0.1305,0.0598,-0.6008,GOOG
2020-02-21,7.1096,7.8733,7.0902,7.3195,2892728000,0.0147,1.7553,1.5998,1.6541,1.7078,1.8042,1.075,2.4941,1.0619,-1.1466,1.5381,0.6719,1.3064,0.0466,-0.3409,1.349,2.118,1.5844,0.2685,-0.4104,1.1788,NVDA
2020-02-21,291.7495,301.4588,289.2154,290.4208,4104000,-0.0331,0.1021,0.0315,0.0344,0.0703,0.1673,-0.0324,0.574,1.4467,-1.053,0.3482,0.5509,0.0741,-0.7156,-1.0436,0.5716,0.7396,-0.0208,-0.0321,0.4662,0.6716,ASML
2020-02-21,54.94,59.27,52.89,53.28,291205000,-0.0374,0.5874,0.4788,0.8621,0.7517,1.0425,0.9403,1.8532,0.9572,-1.3512,1.1237,0.4037,0.2842,-0.0385,0.0623,0.692,0.3917,1.4867,-0.0401,0.0979,1.556,AMD
2020-02-28,48.18,51.24,41.04,45.48,468449900,-0.1583,-2.2699,-1.3654,-0.9019,-1.3504,-0.83,0.2296,-0.7785,1.8749,0.9546,0.058,-0.7946,-0.5147,1.0686,1.3299,-0.1795,2.168,0.7541,-0.0827,0.8146,0.715,AMD
2020-02-28,6.7251,7.0158,6.0218,6.7261,4699812000,-0.0845,-0.5995,0.2236,0.4525,0.1803,0.497,0.8923,0.1746,2.5189,1.0592,0.697,-0.0268,1.0323,0.4219,0.4082,0.6116,4.6495,0.5341,0.1279,0.0171,-0.3068,NVDA
2020-02-28,160.0285,166.7723,144.9863,154.5344,382778100,-0.0974,-1.8454,-0.9095,-0.5712,-0.9721,-0.6512,0.2884,-0.7241,0.0641,1.3359,0.1193,-0.8552,-0.6325,-0.391,-0.441,-0.1709,5.545,0.6526,-0.0941,0.8619,-0.598,MSFT
2020-02-28,70.8208,71.4183,63.1181,66.5113,286304000,-0.1033,-1.7359,-1.2177,-0.8768,-1.2103,-0.9417,-0.0637,-0.5279,0.4277,0.4841,-0.2266,-1.185,-0.8132,-0.5199,-0.8102,-0.694,2.9854,0.5766,-0.0464,1.1256,-0.6213,GOOG
2020-02-28,71.9626,73.6379,62.0637,66.1768,1398039200,-0.1356,-2.3616,-1.7289,-1.2636,-1.6866,-1.2674,-0.4843,-0.7769,0.1993,0.5743,-0.2174,-1.2346,-1.2415,-0.043,-0.1572,-0.7001,4.1963,0.6559,-0.0906,1.1972,-0.1256,AAPL
2020-02-28,274.3338,280.8635,252.4384,262.6221,6396500,-0.1006,-1.7454,-1.0859,-0.9667,-1.1805,-0.9267,-0.5317,-0.7,0.5896,1.4442,-0.2527,-1.1621,-0.3535,-0.1781,-0.4504,-0.777,2.5342,-0.3059,-0.057,0.88,-0.3942,ASML
2020-02-28,52.0354,54.134,47.233,51.3033,179761400,-0.0809,-1.4432,-1.0514,-0.8189,-0.9845,-0.7267,-0.1288,-0.5726,0.4352,1.1845,0.1813,-0.4385,-0.3174,0.1244,0.5021,-0.3078,2.1188,0.5315,-0.0322,0.1942,-0.4469,MU
2020-03-06,47.42,50.2,44.66,48.59,560502400,0.0661,-0.9645,-0.6018,-0.3744,-0.3508,-0.0842,-0.1113,-2.9919,-0.7692,1.8724,0.261,-0.3168,-0.4316,1.1347,1.1022,0.1148,2.7902,1.1362,0.0262,0.7742,0.7477,AMD
2020-03-06,67.1212,70.0283,62.624,64.4793,239380000,-0.031,-1.7267,-1.4418,-1.1442,-1.3607,-1.1505,-0.5675,-1.9855,-0.5175,0.4249,-0.53,-1.606,-1.3081,-0.4756,-0.4796,-1.1401,1.8057,0.2806,-0.6454,0.8963,-0.6633,GOOG
2020-03-06,157.682,166.9249,148.8016,154.1146,313160600,-0.0027,-1.325,-0.9473,-0.6351,-0.8494,-0.6275,-0.1186,-1.8777,-0.7147,0.0612,0.0242,-0.8893,-1.2793,-0.3973,-0.1915,-0.2594,3.5036,0.8677,-0.3397,0.8147,-0.6221,MSFT
2020-03-06,51.928,54.2804,48.8046,50.2394,154924600,-0.021,-1.3808,-1.1598,-1.0239,-1.069,-0.8718,-0.5467,-1.5754,-0.5624,0.4324,-0.0863,-0.6611,-1.0687,-0.0105,0.639,-0.5765,1.2806,0.6572,-0.2504,0.2111,-0.5463,MU
2020-03-06,265.3839,286.615,261.4452,273.4417,6889400,0.0404,-0.7337,-0.5654,-0.5682,-0.5147,-0.4339,-0.6636,-1.936,-0.6904,0.5868,-0.1127,-0.4954,-0.7172,-0.157,-0.3959,-0.3218,2.9557,-0.0023,-0.0109,0.8513,-0.3872,ASML
2020-03-06,68.3362,73.5943,67.2323,69.9702,1293800800,0.0557,-0.8844,-1.002,-0.7721,-0.7539,-0.5837,-0.7568,-2.576,-0.7677,0.1964,-0.0227,-0.4902,-1.0842,0.0696,-0.1196,-0.323,3.1998,0.859,-0.0119,1.059,-0.0804,AAPL
2020-03-06,6.8962,7.0952,6.4255,6.6258,3196684000,-0.015,-1.1331,-0.1018,0.1399,-0.0988,0.2061,0.5801,-1.6416,0.1883,2.5167,0.5094,-0.145,0.2831,0.4101,0.5038,0.4259,2.045,0.7073,-0.0976,-0.1133,-0.3862,NVDA
2020-03-13,59.8554,63.6221,55.2867,60.572,330242000,-0.0625,-1.8654,-1.8795,-1.6444,-1.8284,-1.6216,-1.1862,-0.6619,-1.982,-0.5206,-1.1293,-1.2108,-1.9761,-0.3127,0.0457,-1.8308,3.136,-0.3081,-1.0959,0.998,-0.7049,GOOG
2020-03-13,44.3926,47.438,37.0915,41.9622,176779500,-0.18,-3.2476,-2.735,-2.4416,-2.8656,-2.4542,-1.7425,-0.4775,-1.5699,-0.5655,-0.8908,-1.3431,-2.569,0.8032,2.1897,-1.96,1.6849,0.4995,-0.4741,0.5034,-0.0404,MU
2020-03-13,43.03,46.34,39.0,43.9,452840300,-0.1015,-1.768,-1.5758,-1.3496,-1.4987,-1.1318,-0.8216,1.1172,-2.9932,-0.7724,-0.186,-1.2302,-2.0498,1.3518,1.9458,-0.5471,1.4888,0.866,-0.1986,0.8711,0.606,AMD
2020-03-13,144.0324,154.4389,132.1854,151.5011,378099100,-0.0171,-0.9231,-1.0806,-0.8117,-0.9188,-0.7503,-0.474,-0.1437,-1.8737,-0.7178,-0.1409,-0.7407,-1.4713,-0.3908,0.1895,-0.4968,4.237,0.4085,-0.5944,0.5123,-0.9358,MSFT
2020-03-13,251.9353,266.0767,221.9346,243.8681,10051700,-0.1145,-1.9019,-1.6789,-1.5519,-1.7631,-1.5285,-1.3264,0.6453,-1.9322,-0.6935,-0.9277,-1.1545,-1.8852,0.3198,0.5035,-1.8622,4.9241,-0.6992,-0.3046,0.9998,-0.1753,ASML
2020-03-13,63.8503,69.3433,60.0374,67.2928,1616839600,-0.039,-0.8672,-1.2644,-1.143,-1.096,-0.9289,-1.1443,0.9267,-2.5753,-0.7708,-0.3354,-0.7887,-1.5052,0.1317,0.3051,-0.7479,4.0345,0.1806,-0.2438,0.9185,-0.3675,AAPL
2020-03-13,5.9747,6.5022,5.3745,5.9981,3146148000,-0.0995,-2.1325,-1.2517,-0.8747,-1.2914,-0.8857,-0.0764,-0.3691,-1.6365,0.1854,0.02,-1.1046,-1.7156,0.6893,1.3209,-0.34,1.7641,0.4618,-0.3709,0.2189,-0.2748,NVDA
2020-03-20,39.08,43.37,36.75,39.61,480035600,-0.1028,-2.2782,-2.3826,-2.152,-2.3708,-1.9748,-1.8354,-1.9522,1.1354,-2.9969,-0.5966,-1.6428,-2.4935,1.5294,2.5878,-1.2144,1.647,0.3809,-0.2736,0.8074,0.1472,AMD
2020-03-20,58.5728,62.7198,55.1957,55.4959,1620263600,-0.1927,-2.9647,-2.9153,-2.6572,-3.0158,-2.6063,-2.4722,-0.8082,0.944,-2.579,-1.1904,-2.0319,-2.5919,1.1897,1.4477,-2.1684,3.5853,-0.3557,-0.3848,1.0456,0.0416,AAPL
2020-03-20,36.457,38.2042,30.3857,35.2466,176949700,-0.1744,-4.3125,-3.8883,-3.5428,-4.1258,-3.6235,-3.5636,-3.3899,-0.4669,-1.5733,-1.6017,-1.5114,-3.4626,1.4384,3.8396,-2.4892,1.4867,0.0944,-0.571,0.8198,0.0937,MU
2020-03-20,133.5399,143.2216,128.7706,131.0122,421347800,-0.1453,-2.3911,-2.4493,-2.0349,-2.3926,-2.056,-1.423,-0.407,-0.1314,-1.8772,-1.1024,-1.9296,-2.2672,0.4326,0.9863,-1.8584,4.3708,-0.1863,-0.7701,0.828,-0.5702,MSFT
2020-03-20,54.4275,57.505,51.5115,53.2516,392004000,-0.1288,-2.7135,-2.843,-2.5854,-2.8926,-2.5942,-2.2581,-1.2383,-0.6522,-1.9855,-1.6586,-1.8337,-2.6822,0.252,0.7831,-2.5661,3.8207,-0.8336,-1.5653,1.1508,-0.5708,GOOG
2020-03-20,5.2901,5.7361,4.4999,5.1242,4005020000,-0.1575,-3.354,-2.7098,-2.1957,-2.792,-2.268,-1.3341,-1.9158,-0.3579,-1.6399,-0.7762,-1.4454,-2.8761,1.3829,2.7105,-1.3921,2.6499,-0.0456,-0.6222,0.6793,-0.0171,NVDA
2020-03-20,209.4162,235.5731,181.513,205.0979,10222500,-0.1731,-3.445,-3.1043,-2.8005,-3.2967,-2.8952,-2.7097,-2.1895,0.6613,-1.9357,-1.6551,-1.4145,-2.822,1.0853,1.9845,-2.8105,4.3474,-1.1986,-0.4725,1.1434,0.0165,ASML
2020-03-27,40.62,47.98,38.95,46.58,450538700,0.1621,0.6811,-0.5506,-0.6455,-0.0955,-0.1733,-1.4376,-1.9766,-1.9486,1.1327,-0.3423,-0.591,-0.0159,2.1511,2.0995,-0.2668,1.2725,0.4705,0.0268,0.9753,0.2914,AMD
2020-03-27,52.7053,58.1009,50.3324,55.158,365006000,0.0352,-1.2396,-2.1751,-2.1756,-2.0089,-1.9887,-2.5014,-2.4521,-1.2313,-0.6553,-1.4542,-1.4376,-1.7357,0.3377,0.8679,-1.9932,2.9726,-0.7017,-1.0253,1.0651,-0.7719,GOOG
2020-03-27,5.1232,6.553,4.9442,6.2943,3873888000,0.2057,0.7684,-0.5221,-0.3516,0.038,-0.0189,-0.9806,-2.9769,-1.912,-0.361,-0.3111,-0.2667,-0.7959,2.4289,2.3035,-0.0449,2.1689,0.0947,-0.3142,0.8568,0.3889,NVDA
2020-03-27,36.1056,44.6562,34.8367,42.4404,247207200,0.1857,-0.1741,-1.8301,-1.9704,-1.4776,-1.6313,-2.9444,-3.2868,-3.3931,-0.47,-1.2768,-0.6782,-1.7539,2.4755,3.0816,-1.43,2.8477,0.0696,-0.2451,0.9306,0.4604,MU
2020-03-27,130.6879,149.4312,126.4051,142.7923,358740500,0.0861,-0.4393,-1.3554,-1.2325,-1.0066,-1.0113,-1.4468,-2.7541,-0.396,-0.1344,-0.7305,-1.0618,-0.8999,0.7395,0.9809,-1.0926,2.8224,-0.0194,-0.4563,0.9534,-0.5682,MSFT
2020-03-27,213.8579,263.0302,211.3334,239.7585,6907300,0.1561,-0.2234,-1.3375,-1.3756,-1.0193,-1.1552,-2.269,-3.2638,-2.1869,0.6585,-1.0438,-0.4446,-0.9976,1.8952,1.8927,-1.4416,1.7807,-1.0097,-0.1758,1.1825,0.2462,ASML
2020-03-27,55.2151,62.6229,51.47,59.9745,1384190000,0.0776,-1.1577,-1.84,-1.9049,-1.6499,-1.6125,-2.549,-3.6227,-0.7991,0.9413,-0.9388,-1.0327,-1.0564,1.3894,1.488,-1.5482,2.2923,-0.2485,-0.0746,1.0731,-0.1225,AAPL
2020-04-03,47.24,48.53,41.7,42.59,402412500,-0.0896,-0.4235,-1.3812,-1.4033,-1.176,-1.0869,-1.8257,2.8737,-1.973,-1.9521,-0.7064,-1.1931,-1.319,2.3038,2.5838,-0.9527,0.7633,0.0766,-0.2816,0.8639,0.3548,AMD
2020-04-03,250.1511,256.3771,229.9165,232.1563,4100200,-0.0322,0.0059,-1.3901,-1.5288,-1.2246,-1.3419,-2.3453,2.7649,-3.2664,-2.1905,-1.1779,-0.6573,-1.5617,1.9006,1.9377,-1.5864,-0.1842,-0.8832,-0.4138,1.2119,0.2998,ASML
2020-04-03,6.3598,6.8589,5.9371,6.0746,3548100000,-0.0355,0.5161,-0.9048,-0.7055,-0.4504,-0.4287,-1.0804,3.6714,-2.9781,-1.9154,-0.3988,-0.488,-0.9634,2.4391,2.492,-0.3788,1.623,0.2811,-0.3744,0.8188,0.4085,NVDA
2020-04-03,60.7008,63.5453,57.3503,58.4421,837010800,-0.0259,-0.7655,-1.7385,-1.9596,-1.6512,-1.6722,-2.7909,1.3271,-3.627,-0.8023,-1.1917,-1.2204,-1.6833,1.2905,1.5158,-1.6315,0.1563,-0.1729,-0.3129,1.0676,-0.1567,AAPL
2020-04-03,145.4059,157.1765,143.088,146.7318,290191400,0.0272,0.3523,-0.7737,-0.942,-0.528,-0.6405,-1.3419,1.4825,-2.7543,-0.3991,-0.6419,-0.8184,-0.6521,0.7571,0.8625,-0.8438,1.4862,0.1632,-0.1075,0.9152,-0.5483,MSFT
2020-04-03,43.1139,44.4805,38.3897,40.2345,167920500,-0.0534,-0.0298,-1.9743,-2.209,-1.8189,-1.9392,-3.1718,3.3066,-3.2895,-3.397,-1.3368,-0.9337,-1.9868,2.4156,3.2815,-1.6085,0.8565,0.1633,-0.2883,0.8896,0.4369,MU
2020-04-03,55.8697,58.3661,53.6235,54.5209,233660000,-0.0116,-0.636,-1.9051,-2.101,-1.7826,-1.8679,-2.6638,0.5501,-2.4508,-1.2346,-1.501,-1.5216,-1.5923,0.1544,0.8336,-1.8429,0.7343,-0.4204,-1.4683,1.1598,-0.8342,GOOG
2020-04-10,246.7628,270.6134,246.2123,262.717,3196400,0.1237,2.1655,0.3402,-0.2741,0.4498,0.0416,-1.5292,-0.6838,2.791,-3.2702,-0.7379,0.1977,0.4528,2.3058,1.5358,-0.5641,-0.8029,-0.8157,-0.1229,1.2611,0.2928,ASML
2020-04-10,152.9223,162.1556,150.3087,157.5199,229584000,0.0709,1.6098,0.304,-0.2301,0.3852,0.1359,-0.8998,0.4044,1.5025,-2.758,-0.2948,-0.1518,0.1213,0.8843,0.6361,-0.1352,0.4564,0.2774,0.3997,0.9256,-0.6603,MSFT
2020-04-10,6.3568,6.9298,6.2992,6.5488,2580412000,0.0752,1.6013,0.1842,0.0127,0.5003,0.37,-0.7415,-0.7442,3.7018,-2.9819,-0.1651,-0.0103,0.5808,2.545,2.0832,0.1856,0.34,0.5354,-0.0706,0.742,0.1448,NVDA
2020-04-10,42.3135,48.6191,42.3038,45.0271,140039300,0.1125,1.9107,-0.2936,-1.0397,-0.1978,-0.6404,-2.3202,-1.0711,3.3352,-3.2933,-0.9976,-0.3786,0.4152,2.7614,2.797,-1.0059,0.159,0.4521,0.0496,0.9602,0.3847,MU
2020-04-10,60.7395,65.7749,60.3715,64.8767,735437600,0.1045,1.5462,-0.2052,-0.878,-0.1495,-0.4678,-2.1242,-0.5677,1.3463,-3.6309,-0.8783,-0.4323,-0.5462,1.6363,1.1222,-0.8977,-0.2641,-0.1435,-0.0472,1.1299,-0.1572,AAPL
2020-04-10,56.5133,60.862,56.1627,60.1608,184050000,0.0984,1.3872,-0.4113,-1.0716,-0.3342,-0.7128,-2.0057,-0.3066,0.5657,-2.4544,-1.0133,-0.7774,-0.2892,0.5639,0.5712,-1.1205,-0.084,-0.3486,-0.4972,1.2138,-0.7394,GOOG
2020-04-10,44.3,50.25,44.06,48.38,329593600,0.1275,1.6559,0.4022,-0.1179,0.5382,0.3227,-1.237,-1.7334,2.9003,-1.9765,-0.505,-0.3194,0.6713,2.6062,2.0699,-0.0549,0.1231,0.1295,-0.038,0.9365,0.2861,AMD
2020-04-17,156.7664,171.6942,154.8109,170.3588,238965600,0.0784,1.8794,1.3652,0.5299,1.2132,0.9057,-0.309,1.205,0.4193,1.4999,-0.0351,0.6414,2.421,1.0512,0.4394,0.6603,0.454,0.3744,1.3576,0.99,-0.6421,MSFT
2020-04-17,60.0481,64.2816,58.9763,63.7264,206980000,0.0576,1.6366,0.5913,-0.3936,0.3784,-0.0681,-1.3387,1.7084,-0.2951,0.5629,-1.0022,-0.3069,1.5066,0.7364,0.3689,-0.6912,0.1609,-0.3245,-3.7309,1.2364,-0.7251,GOOG
2020-04-17,6.489,7.4466,6.4006,7.2803,2580244000,0.1059,2.034,1.6364,1.0307,1.6577,1.4214,-0.1252,1.2823,-0.7348,3.6999,0.0454,0.7266,3.4838,2.7386,1.6996,0.9975,0.2482,0.6159,0.4222,0.7976,0.1388,NVDA
2020-04-17,64.9542,69.7814,64.3538,68.462,829547200,0.0538,1.5657,0.6757,-0.2405,0.48,0.1094,-1.4966,1.8185,-0.5575,1.3437,-0.8492,0.0069,1.8325,1.7428,0.8133,-0.5011,-0.0191,-0.123,0.3383,1.1322,-0.2163,AAPL
2020-04-17,43.8265,47.2233,43.3287,44.6074,128554600,-0.0094,0.5388,-0.023,-0.9345,-0.3212,-0.6845,-1.9406,1.9666,-1.0633,3.3332,-1.1754,-0.4272,2.1144,2.7546,2.5158,-1.0411,-0.1706,0.0406,0.1294,0.7578,0.1251,MU
2020-04-17,48.47,58.08,48.23,56.6,413426200,0.1569,3.106,2.4944,1.5174,2.3563,1.9669,-0.2704,2.2399,-1.7287,2.8982,-0.0814,0.9211,3.556,3.072,1.6453,1.1583,0.7393,0.2195,0.3198,0.9836,0.4152,AMD
2020-04-17,260.8568,286.0835,258.1614,280.5978,6088700,0.0658,1.9156,1.2974,0.4237,1.106,0.686,-0.8044,2.1703,-0.6741,2.7888,-0.4985,0.6981,3.0193,2.4076,1.2041,0.0096,0.9147,-0.4285,0.4436,1.2442,0.2,ASML
2020-04-24,63.1181,64.226,60.0744,63.5307,182934000,-0.0031,0.8306,0.6336,-0.3232,0.1966,-0.1381,-0.9372,0.9603,1.7294,-0.2981,-1.2318,-0.3327,1.1103,0.7333,0.2751,-0.6951,-0.2306,-0.3284,-0.1921,1.2286,-0.7266,GOOG
2020-04-24,276.8014,282.8376,264.3874,278.3842,2964600,-0.0079,0.9539,1.0781,0.2961,0.6854,0.4367,-0.4165,1.1117,2.1935,-0.6772,-0.5663,0.6361,1.1924,2.3454,1.0216,-0.0892,-1.0429,-0.4267,0.0669,1.2705,0.1832,ASML
2020-04-24,55.98,58.63,51.41,56.18,401739000,-0.0074,1.8638,1.959,1.241,1.6066,1.4766,0.1749,2.7791,2.2634,-1.7321,-0.2265,0.8577,1.5895,2.9535,1.6889,0.9405,0.5291,0.3205,-0.0236,1.0361,0.3875,AMD
2020-04-24,7.1537,7.3096,6.6524,7.2123,2444392000,-0.0094,1.0971,1.3672,0.7298,1.0747,1.0184,0.153,1.8447,1.3013,-0.738,-0.0367,0.6581,1.0578,2.6432,1.5732,0.7892,0.0244,0.6789,-0.0542,0.8354,0.1151,NVDA
2020-04-24,168.4797,170.5018,158.4451,166.4957,194561900,-0.0229,0.6034,0.911,0.2534,0.5788,0.4548,-0.0729,1.3407,1.2237,0.4164,-0.2854,0.4028,1.2356,1.053,0.4221,0.3163,-0.2327,0.0662,0.515,1.0425,-0.6189,MSFT
2020-04-24,67.2879,68.5129,64.257,68.5032,678844800,0.0006,0.8775,0.6229,-0.1551,0.3188,0.0488,-1.1132,0.891,1.8401,-0.5606,-0.9758,0.0119,1.0256,1.7352,0.6358,-0.5159,-0.5778,-0.4524,0.1922,1.1245,-0.2201,AAPL
2020-04-24,43.4556,44.0022,40.2052,43.1042,123147000,-0.0343,-0.2226,-0.1575,-1.1139,-0.709,-0.9666,-1.7834,-0.2653,1.9888,-1.0665,-1.3234,-0.6013,-0.0913,2.6698,2.4509,-1.1882,-0.3211,-0.3168,-0.3203,0.788,0.103,MU
2020-05-01,280.2443,290.7086,265.3732,266.1935,3898200,-0.0448,-0.5771,0.5216,-0.1008,-0.0766,-0.1531,-0.346,-0.2389,1.1299,2.1912,-0.6557,0.295,1.0645,2.2279,1.1136,-0.4913,-0.4789,-0.4452,0.081,1.2252,0.1522,ASML
2020-05-01,168.4415,172.0757,161.5738,166.5147,212120100,0.0001,-0.0056,0.7755,0.3026,0.388,0.3316,0.0668,-0.5138,1.36,1.2211,-0.2262,0.4039,0.9605,0.8654,0.3025,0.2498,-0.0657,0.1545,0.3693,1.0541,-0.6759,MSFT
2020-05-01,68.22,72.3839,67.3485,69.9799,790054000,0.0213,0.4262,0.9103,0.167,0.4489,0.2153,-0.7337,-0.0828,0.9081,1.8376,-0.8759,0.1928,1.5129,1.7088,0.4688,-0.3596,-0.2291,-0.3866,0.4563,1.0932,-0.1992,AAPL
2020-05-01,43.9241,48.9412,43.4556,43.9827,134424500,0.0202,-0.2473,0.3367,-0.7213,-0.3722,-0.6714,-1.4403,-0.7215,-0.2537,1.9864,-1.2616,-0.4996,0.5928,2.5448,2.2906,-1.0321,-0.0931,-0.3084,0.0285,0.726,0.0619,MU
2020-05-01,57.44,58.0,49.09,49.88,388977400,-0.1189,-1.2324,0.2693,-0.0804,-0.3034,-0.1121,-0.0296,-0.2302,2.8053,2.2611,-0.5145,-0.093,1.2812,3.2106,2.3998,-0.1633,0.3572,-0.0698,-0.0209,0.7793,0.4332,AMD
2020-05-01,7.3468,7.5761,6.9943,7.0427,2019464000,-0.0238,-0.0987,0.9248,0.3574,0.466,0.5364,0.2002,-0.2656,1.8664,1.2987,-0.1345,0.4872,1.177,2.6227,1.4772,0.4763,-0.5107,0.7361,0.0511,0.8052,0.1448,NVDA
2020-05-01,64.3596,67.5373,61.1913,65.5817,261738000,0.0318,0.5653,1.0327,0.1155,0.4823,0.1654,-0.4907,-0.1502,0.9778,1.7269,-1.0123,-0.062,1.561,0.7357,0.2504,-0.4459,0.7982,-0.2285,-11.3691,1.1231,-0.7229,GOOG
2020-05-08,64.9669,69.4627,64.5085,68.9467,143108000,0.05,0.892,1.4886,0.7591,0.9326,0.6222,-0.0009,0.4879,-0.1379,0.9751,-0.6493,0.382,1.0595,0.8048,0.0723,-0.0627,-0.8638,0.0975,4.418,1.1424,-0.7229,GOOG
2020-05-08,70.0041,75.3349,69.3142,75.2815,672706400,0.073,1.157,1.718,1.0251,1.1962,0.9169,-0.1791,0.2966,-0.0703,0.9054,-0.4649,0.8421,1.186,1.8524,0.2314,0.2249,-0.621,0.0135,0.4123,1.1179,-0.1681,AAPL
2020-05-08,166.4384,176.4635,165.7803,176.1582,158545200,0.0563,0.5669,1.277,0.9302,0.9371,0.8342,0.3401,-0.0918,-0.5033,1.3574,-0.1111,0.9998,0.8149,0.9685,0.0491,0.7706,-0.7902,0.1489,0.2782,1.0902,-0.6531,MSFT
2020-05-08,49.82,53.51,49.73,53.19,256931900,0.0643,-0.4408,0.8038,0.6527,0.4851,0.5337,0.0489,-2.2715,-0.2184,2.8031,-0.2062,0.4065,0.6481,3.0741,1.7822,0.343,-0.756,-0.0216,-0.0456,0.8295,0.3211,AMD
2020-05-08,266.7086,290.4701,263.2364,290.3651,3662300,0.0869,0.6498,1.3971,0.8809,0.9503,0.7431,0.0659,-0.9137,-0.2271,1.1272,-0.2338,0.9713,0.6994,2.3758,0.7722,0.3049,-0.6511,-0.0483,0.0894,1.2352,0.1727,ASML
2020-05-08,43.1335,47.3014,42.5673,47.0964,98205700,0.0684,0.8956,1.0509,0.1664,0.4806,0.0815,-0.8336,0.2755,-0.712,-0.2567,-0.7947,-0.1389,0.1762,2.655,1.811,-0.6203,-0.7715,0.059,-0.024,0.759,0.0708,MU
2020-05-08,6.9953,7.7891,6.9953,7.7828,1722864000,0.0999,1.0565,1.8544,1.4149,1.5534,1.5015,0.5376,-0.5295,-0.254,1.864,0.303,1.2329,1.4336,2.4267,1.0563,1.1687,-0.8516,0.9906,-0.0124,0.9928,0.0765,NVDA
2020-05-15,46.5986,47.5649,41.4936,43.3482,135557300,-0.0829,-0.6176,-0.3384,-0.4555,-0.6782,-0.8207,-0.8435,1.1585,0.2898,-0.7151,-1.27,-0.573,-0.4784,2.7383,2.1901,-1.0136,-0.0323,-0.3263,-0.0361,0.7017,0.0865,MU
2020-05-15,174.6988,178.8576,167.5735,174.7084,196126700,-0.0083,0.2705,0.6958,0.8098,0.5551,0.5544,0.4499,0.9369,-0.0793,-0.5064,-0.4993,0.9102,-0.004,0.9324,0.0058,0.5653,-0.3654,0.1723,-0.0138,1.104,-0.6638,MSFT
2020-05-15,284.8326,291.796,270.2475,279.052,4391600,-0.0397,-0.1203,0.376,0.4768,0.1795,0.1455,0.1444,1.4974,-0.9051,-0.2301,-0.6098,0.6548,-0.2779,2.3854,0.7902,-0.0711,-0.2895,-0.4676,-0.2112,1.2135,0.1724,ASML
2020-05-15,52.9,56.58,51.3,54.2,341967100,0.0188,0.1491,0.5673,0.8469,0.5463,0.598,0.1298,1.0825,-2.2693,-0.2214,-0.2802,0.5589,-0.6035,3.0562,1.5669,0.434,-0.0994,0.0456,-0.0645,0.8155,0.3097,AMD
2020-05-15,74.7888,77.6021,72.8735,74.6941,834147600,-0.0078,0.5437,1.0963,0.9507,0.7536,0.6265,0.1002,1.2431,0.311,-0.0733,-0.6444,0.7702,0.574,1.8234,0.1581,0.1208,-0.1419,0.0503,0.1659,1.1222,-0.177,AAPL
2020-05-15,7.7779,8.4682,7.5659,8.4585,3177944000,0.0833,1.9921,2.1881,2.2689,2.191,2.1458,0.9566,1.7358,-0.5191,-0.257,0.3914,1.3157,1.1989,2.5422,0.7961,1.4878,0.728,1.0981,0.0238,0.8725,0.0793,NVDA
2020-05-15,68.4456,70.3451,65.7456,68.1928,158522000,-0.011,0.3219,0.9132,0.7191,0.518,0.3515,0.2529,0.8222,0.5031,-0.1409,-0.8674,0.2826,0.3892,0.7963,0.0455,-0.1577,-0.6969,0.0162,0.2491,1.1412,-0.7243,GOOG
2020-05-22,283.9646,311.2172,283.936,304.6354,3773900,0.0877,1.1904,1.1538,1.325,1.1672,1.0178,0.4867,-0.8215,1.5175,-0.9083,-0.4454,1.1515,0.6029,2.2951,0.5669,0.7027,-0.7088,-0.4405,-0.0269,1.2362,0.4895,ASML
2020-05-22,54.98,56.98,53.78,55.17,251866100,0.0177,0.6031,0.526,0.8619,0.58,0.6402,0.205,0.2505,1.1005,-2.2729,-0.4999,0.7053,-0.388,2.4999,1.208,0.5113,-0.8506,0.033,0.166,0.6378,0.2633,AMD
2020-05-22,76.0194,77.8934,75.3276,77.4079,532904800,0.0357,0.6516,1.1506,1.2027,0.963,0.8601,0.3838,-0.2373,1.262,0.3081,-0.5595,1.1754,0.9178,1.3253,-0.1096,0.3865,-1.1465,0.0577,0.138,1.0324,-0.2101,AAPL
2020-05-22,8.7272,9.0585,8.6475,8.992,3879148000,0.0612,2.0892,2.4084,2.7062,2.3826,2.4237,1.3269,1.4304,1.757,-0.5222,0.2656,1.2744,1.9483,2.3568,0.4676,1.5175,1.2888,1.1636,0.4422,0.9045,0.3374,NVDA
2020-05-22,44.7343,45.9153,43.1823,43.8655,86404500,0.0119,-0.4715,-0.2414,-0.1901,-0.446,-0.6276,-0.6979,-1.6122,1.1769,0.2869,-1.3574,-0.4627,-0.0734,2.672,1.7824,-0.8965,-1.094,-0.4519,0.2731,0.9196,0.5315,MU
2020-05-22,67.6247,70.2935,67.2523,70.0417,149056000,0.0268,0.3742,0.8779,0.9693,0.6698,0.5301,0.4931,-0.2951,0.8391,0.5003,-0.8845,0.5265,0.6751,0.4667,-0.1742,0.0409,-0.8581,0.0323,3.4328,1.0652,-0.7157,GOOG
2020-05-22,177.1789,178.5523,174.6019,175.5297,143271300,0.0047,0.1018,0.4281,0.7382,0.426,0.4632,0.4911,-0.2452,0.9543,-0.0822,-0.5164,1.07,0.2495,0.5797,-0.2535,0.5173,-1.0811,0.1329,0.2079,0.9785,-0.6785,MSFT
2020-05-29,71.3751,71.5603,69.0917,70.9604,145190000,0.013,0.2435,0.6299,1.02,0.6163,0.5326,0.6648,0.3959,-0.2836,0.8363,-0.6964,1.2279,0.4945,0.4182,-0.3704,0.1479,-0.9037,0.2933,0.8922,1.1606,-0.7133,GOOG
2020-05-29,307.5925,314.7657,296.7657,314.3174,2795900,0.0313,0.9803,1.078,1.5452,1.2236,1.1403,0.7708,1.5121,-0.8124,1.5149,-0.2376,1.3125,1.3661,2.2856,0.3166,0.8681,-1.2846,-0.1108,0.1861,1.2515,0.4909,ASML
2020-05-29,56.01,56.08,49.09,53.8,272370300,-0.0251,-0.2648,-0.1416,0.4829,0.0815,0.2162,0.1131,0.2309,0.2647,1.0979,-0.4658,0.5738,0.4642,2.4681,1.3733,0.2264,-0.6794,-0.3184,0.2333,0.6423,0.2471,AMD
2020-05-29,178.2366,178.3897,168.9202,175.281,151531300,-0.0014,-0.1749,0.1344,0.5993,0.253,0.3223,0.4684,-0.008,-0.2334,0.9516,-0.3355,1.0922,0.2353,0.5786,-0.3209,0.4168,-0.9916,0.1223,-0.0291,0.9704,-0.6829,MSFT
2020-05-29,45.1149,48.3946,42.8504,46.7645,145001700,0.064,0.4902,0.3404,0.5664,0.3667,0.0746,-0.2904,0.1233,-1.6069,1.1743,-1.0544,0.255,0.3288,2.7785,1.4977,-0.4979,0.14,-0.0528,0.2507,0.8521,0.5506,MU
2020-05-29,78.527,78.7066,76.0,77.1773,525560400,-0.003,0.1084,0.6598,1.0647,0.6397,0.6327,0.5177,0.5595,-0.2255,1.2594,-0.4153,1.1332,0.6783,1.2735,-0.2791,0.3376,-1.1564,0.3165,-0.0191,1.0859,-0.2185,AAPL
2020-05-29,9.122,9.1469,7.9664,8.8418,3426824000,-0.0168,0.586,1.4936,2.1489,1.5047,1.7289,1.451,1.0259,1.4501,1.7545,0.1522,1.1009,2.0251,2.36,0.7089,1.1156,0.6642,0.6053,0.3887,0.8822,0.3251,NVDA
2020-06-05,70.4375,71.836,69.7591,71.4307,139412000,0.0066,0.1977,0.4392,0.9317,0.4962,0.4656,0.7613,0.1447,0.4107,-0.2866,-0.0636,1.2599,0.0886,0.2142,-0.5518,0.2239,-0.9739,0.797,0.6541,1.1025,-0.6775,GOOG
2020-06-05,308.947,347.3698,308.5845,340.7498,3721000,0.0807,1.8123,1.7425,2.175,1.9031,1.8072,1.1377,0.479,1.5322,-0.8156,0.3455,1.1883,1.302,1.9586,0.2448,1.3137,-0.7625,0.3761,0.1726,1.1703,0.5463,ASML
2020-06-05,77.1312,80.5296,77.0001,80.4689,497736000,0.0418,0.6103,0.863,1.3672,0.9513,0.9322,0.6941,-0.1485,0.5751,-0.2285,0.4075,1.3169,0.3788,1.227,-0.4756,0.6592,-1.2349,0.8483,-0.0367,1.2371,0.0757,AAPL
2020-06-05,53.31,54.11,52.01,53.1,225262300,-0.0131,-0.5112,-0.4409,0.1758,-0.151,-0.005,-0.0413,-0.5542,0.2449,0.2618,-0.0428,0.4651,-0.2443,2.1996,1.0657,0.0886,-1.0661,0.0911,0.0345,0.4871,0.2896,AMD
2020-06-05,46.3546,53.5093,44.4805,52.4356,148448300,0.1145,2.3007,1.6269,1.6641,1.6605,1.253,0.3884,1.0778,0.1369,-1.6103,-0.423,1.0616,0.7711,2.2959,1.3456,0.2597,0.167,0.5229,0.2882,0.549,0.3861,MU
2020-06-05,174.6019,179.5662,173.4637,179.0593,149383400,0.0213,0.1659,0.2071,0.6794,0.398,0.4471,0.4826,-0.1198,0.0049,-0.2364,0.4029,1.2916,-0.084,0.5512,-0.5154,0.5498,-1.0292,0.6542,-0.0324,1.2114,-0.4054,MSFT
2020-06-05,8.7997,8.9669,8.6251,8.8902,2052664000,0.0055,0.052,1.0527,1.8022,1.1494,1.4329,1.4159,-0.4022,1.0437,1.4475,0.5,1.1362,1.0263,2.0021,0.4234,0.9466,-0.7957,1.1681,0.377,0.7282,0.3146,NVDA
2020-06-12,53.197,53.3336,46.2277,47.5259,113649300,-0.0983,-0.2097,0.1807,0.2726,-0.0193,-0.0672,0.4565,2.0017,1.0959,0.1339,-0.6478,0.4446,0.6212,1.7319,1.8529,-0.3156,-0.5668,0.0756,0.3578,0.1297,0.8492,MU
2020-06-12,8.8476,9.4683,8.6567,8.9027,2642964000,0.0014,-0.1682,0.7336,1.3145,0.8338,1.1477,1.2889,0.0061,-0.3912,1.041,0.5659,0.9371,0.234,1.0145,0.4283,0.7958,-0.2585,1.1796,0.2942,0.1814,0.3109,NVDA
2020-06-12,70.6336,73.2119,68.83,70.1787,165526000,-0.0177,-0.2913,0.0566,0.4876,0.1088,0.1524,0.726,0.0271,0.1583,0.4079,0.016,0.8734,0.0277,-0.7768,-0.5119,0.1003,-0.6254,0.89,0.8911,0.7007,-0.9716,GOOG
2020-06-12,53.3,59.0,52.11,53.5,348224700,0.0075,-0.3026,-0.259,0.0162,-0.0836,0.0247,-0.143,-0.3336,-0.5439,0.242,-0.1866,0.4839,-0.3433,1.8479,1.1362,0.122,-0.108,0.0129,0.0334,0.6472,1.3723,AMD
2020-06-12,334.788,337.125,317.4557,327.2522,4501100,-0.0404,0.1775,0.8998,1.2363,0.8626,0.9805,1.2239,1.3845,0.4942,1.5297,0.0792,0.9118,1.295,0.9615,0.2888,0.8165,-0.3388,-0.1647,0.1878,0.9951,0.8041,ASML
2020-06-12,177.8541,189.887,176.4193,179.5758,203096100,0.0029,0.086,0.1587,0.4405,0.284,0.3547,0.4612,0.2966,-0.1075,0.002,0.436,0.772,0.0165,-0.6323,-0.4606,0.4869,-0.4059,0.609,0.2072,0.8591,-0.7851,MSFT
2020-06-12,80.1655,86.1175,79.4543,82.2409,811826800,0.0218,0.5635,0.8464,1.2501,0.9397,0.9633,0.8314,0.6708,-0.1363,0.5723,0.3142,0.9437,0.6623,-0.538,-0.4336,0.7713,-0.2248,0.7977,0.1482,0.8802,-0.6886,AAPL
2020-06-19,8.7858,9.4134,8.7145,9.2303,2122592000,0.0361,0.4196,0.8157,1.3718,1.0304,1.3033,1.2004,-0.0682,0.019,-0.3943,1.0828,1.1612,0.0046,0.0329,0.2719,0.8569,-0.7983,1.5725,0.1652,-0.1799,-0.4375,NVDA
2020-06-19,52.58,56.07,52.41,54.23,245993100,0.0136,0.0504,-0.0313,0.0305,0.0417,0.113,-0.1799,0.0435,-0.3223,-0.547,0.2087,0.5954,-0.3797,1.3157,0.898,0.1802,-0.9038,0.1039,0.0294,0.3997,1.0964,AMD
2020-06-19,69.0674,72.5038,68.9243,71.0995,190050000,0.013,-0.1089,0.0482,0.4094,0.185,0.2155,0.6952,-0.4176,0.0401,0.1554,0.5379,1.0102,-0.096,-0.7825,-0.5884,0.2119,-0.3018,1.5002,0.7479,0.9248,-0.7177,GOOG
2020-06-19,46.2277,51.4888,45.9739,49.6147,94286300,0.043,0.0527,0.5136,0.5992,0.4509,0.3455,0.6028,-1.8938,2.0242,1.0932,0.0025,0.7516,0.9273,0.9822,1.5985,-0.0058,-0.9469,0.1967,0.3385,-0.2758,0.2765,MU
2020-06-19,176.5532,190.6235,176.008,186.6636,168517400,0.0387,0.5519,0.4759,0.6298,0.6364,0.662,0.5357,-0.0411,0.3109,-0.1104,0.7241,1.1144,0.3304,-0.8569,-0.464,0.7514,-0.8294,1.1941,0.2088,0.6983,-0.8744,MSFT
2020-06-19,80.8937,86.552,80.7311,84.8916,779940400,0.0317,0.7357,0.9147,1.2864,1.0558,1.0996,0.9591,0.3049,0.6869,-0.1392,0.6653,1.1631,0.6239,-0.663,-0.473,0.8977,-0.3179,1.5311,0.1685,0.7906,-0.6415,AAPL
2020-06-19,321.9486,351.1663,321.1091,344.0407,3454100,0.05,0.5787,1.2173,1.4733,1.2282,1.3194,1.3006,-0.8338,1.404,0.4914,0.6221,1.1812,0.9122,0.4795,0.1747,0.997,-0.8978,0.5066,0.1621,0.8777,0.6012,ASML
2020-06-26,345.6719,354.6575,342.0471,345.0805,2730200,0.003,0.1766,0.8263,1.1357,0.9129,1.0737,1.3054,0.8221,-0.8249,1.4014,1.3167,1.0969,0.6344,0.3603,-0.0398,0.8621,-1.2824,1.1672,0.1506,0.7756,0.38,ASML
2020-06-26,54.67,55.37,49.45,50.1,262944600,-0.0792,-1.1407,-1.0036,-0.8876,-0.9567,-0.7592,-0.5714,0.1543,0.0567,-0.3253,0.2222,-0.1845,-0.8362,1.2592,1.2182,-0.4876,-0.7724,0.1904,0.0348,0.4269,1.0237,AMD
2020-06-26,85.2849,90.3922,85.2388,85.8408,883003200,0.0111,0.4255,0.7244,1.0589,0.8851,0.9838,1.0165,0.4869,0.3193,0.6841,2.122,0.9266,0.7613,-0.8379,-0.489,0.869,-0.0122,2.2533,0.3365,0.7721,-0.8484,AAPL
2020-06-26,49.8782,50.1711,46.1496,47.3307,90394500,-0.0471,-0.9165,-0.2074,-0.0482,-0.2784,-0.2507,0.5236,0.6936,-1.8899,2.0218,0.3714,0.1995,-0.1225,0.9579,1.5989,-0.26,-1.0188,0.2778,0.0405,-0.2806,0.222,MU
2020-06-26,187.2757,195.0809,186.4053,187.7922,182956600,0.006,0.3254,0.3589,0.4774,0.5044,0.5669,0.5629,0.6149,-0.0284,0.3081,2.0324,0.9633,0.4006,-0.8433,-0.5533,0.7238,-0.6578,1.8601,0.4272,0.9329,-0.7993,MSFT
2020-06-26,9.2689,9.6103,9.0945,9.1244,2191104000,-0.0115,0.031,0.2638,0.8708,0.5842,0.8995,1.034,0.5679,-0.0556,0.0161,1.7332,0.9701,0.0527,-0.0847,0.172,0.6612,-0.7685,1.9987,0.2591,-0.2073,-0.5708,NVDA
2020-06-26,70.9644,73.2955,67.14,67.5329,204528000,-0.0515,-0.8686,-0.6346,-0.3052,-0.5277,-0.3996,0.4666,0.1448,-0.4066,0.0372,1.0991,0.4712,-0.6556,-0.5415,-0.3516,-0.1731,-0.081,1.7031,-0.0796,0.8301,-0.5216,GOOG
2020-07-03,9.1391,9.705,8.8703,9.5801,1400844000,0.0487,0.632,0.572,1.0819,0.9958,1.2362,0.9676,-0.3051,0.5835,-0.0586,1.6128,1.2114,0.4556,-0.1544,0.0803,0.797,-1.5043,1.9776,0.2044,-0.2132,-0.2636,NVDA
2020-07-03,85.7485,89.9286,85.2703,88.3847,495648000,0.0292,0.5421,0.8443,1.1017,0.9824,1.0886,1.0673,0.1097,0.5022,0.3164,2.0983,1.1175,0.6388,-1.2742,-0.5873,0.9571,-1.289,2.2353,0.3224,0.1773,-1.2373,AAPL
2020-07-03,67.4474,73.6435,66.8927,72.7372,149738000,0.0742,0.497,0.2089,0.3139,0.4259,0.3861,0.5295,-1.0361,0.1584,-0.4097,1.2541,1.1701,-0.0679,-0.7383,-0.3733,0.5187,-0.8561,1.6523,-0.0501,0.4899,-0.5258,GOOG
2020-07-03,50.15,53.19,48.42,52.34,153633800,0.0437,-0.2351,-0.4554,-0.519,-0.2923,-0.2517,-0.6116,-1.5441,0.1679,0.0537,-0.0533,0.0157,-0.3556,0.8823,0.9781,-0.0966,-1.6423,-0.1579,0.1761,0.1337,1.0415,AMD
2020-07-03,47.5259,51.2155,46.4424,48.6386,116299100,0.0273,-0.0123,0.0861,0.1715,0.0542,0.0212,0.5261,-0.9567,0.7099,-1.8933,0.0223,0.2292,-0.8684,0.627,1.3841,0.0512,-0.4572,0.1482,0.0046,-0.8312,0.0088,MU
2020-07-03,187.2661,198.9739,185.1331,197.2904,122388900,0.0493,0.8307,0.8209,0.8184,0.9411,0.9598,0.6918,0.0165,0.6307,-0.0313,2.0152,1.2216,0.6692,-0.9635,-0.5968,1.0307,-1.3838,1.8161,0.3843,0.8679,-0.6436,MSFT
2020-07-03,346.1965,358.5495,341.5988,356.0121,2257400,0.0312,0.5806,0.904,1.2039,1.0286,1.1858,1.3021,-0.0386,0.8389,-0.828,1.1799,1.2569,0.166,0.0035,-0.2367,0.9221,-1.5527,1.0865,0.1012,0.3863,0.266,ASML
2020-07-10,73.5,76.6668,73.1425,76.563,151030000,0.0513,1.0913,0.6892,0.7088,0.9037,0.8259,0.7214,1.2653,-1.0281,0.1555,1.4896,1.3068,0.5735,-0.769,-0.5377,0.9426,-0.8641,1.643,0.5687,0.4658,-0.3513,GOOG
2020-07-10,368.47,380.7847,364.2633,377.5987,3074500,0.0589,1.0518,1.2046,1.5993,1.4692,1.5937,1.3847,0.4771,-0.0259,0.8362,1.4691,1.2435,1.1284,-0.019,-0.3751,1.0825,-1.0369,1.1032,0.3283,0.5059,0.6386,ASML
2020-07-10,49.5366,50.2004,47.5649,49.4878,88070300,0.0173,0.1308,0.1023,0.2639,0.1945,0.1495,0.5697,0.4052,-0.9483,0.7071,0.306,0.2967,0.135,0.6205,1.0322,0.3232,-1.0523,0.0652,0.2197,-0.1246,0.912,MU
2020-07-10,9.7092,10.6196,9.68,10.4442,2031396000,0.0864,1.581,1.382,1.7453,1.7983,1.9551,1.1118,0.7985,-0.2936,0.5807,1.9705,1.186,1.2988,-0.2747,-0.0214,1.0645,-0.8349,1.9743,0.1564,-0.5083,-0.3209,NVDA
2020-07-10,52.9,58.15,52.07,55.88,251586800,0.0654,0.8552,0.3226,0.1693,0.5089,0.4235,-0.3651,0.7069,-1.5385,0.165,0.5329,0.6143,0.1633,0.1834,0.7951,0.4449,-0.8145,0.2922,0.1282,-0.2824,0.3074,AMD
2020-07-10,89.8145,93.5211,89.7829,93.1352,564072000,0.0524,0.9728,1.1796,1.4109,1.3502,1.4371,1.1834,0.4408,0.1231,0.4994,2.391,1.2844,0.9397,-1.2814,-0.6983,1.1143,-1.0727,2.2363,0.2768,0.1325,-1.1179,AAPL
2020-07-10,199.7487,206.9703,198.9452,204.3782,158397600,0.0353,0.8889,1.0271,1.0416,1.102,1.1365,0.8394,0.8095,0.0295,0.6279,2.0386,1.1685,0.9895,-1.2344,-0.7128,1.1093,-0.9378,1.7961,0.33,0.669,-0.8788,MSFT
2020-07-17,56.68,58.35,52.26,55.04,226589700,-0.0151,0.4671,0.1305,0.0274,0.149,0.1445,-0.3104,1.1043,0.7232,-1.5419,0.0957,0.0744,-0.0975,0.1895,0.8882,0.2415,-0.9555,-0.0971,-0.0283,-0.3229,0.1789,AMD
2020-07-17,50.0832,51.03,46.8036,48.2872,85680800,-0.0246,-0.2198,-0.3506,-0.0936,-0.2019,-0.1786,0.4912,0.223,0.4201,-0.9515,-0.1791,-0.0099,-0.4654,0.5948,1.0219,0.1448,-1.0385,-0.357,0.0262,-0.2022,0.6911,MU
2020-07-17,10.5596,10.7562,9.7528,10.1674,2014984000,-0.0269,0.5173,0.7937,1.092,0.9571,1.2476,1.0735,1.4872,0.8152,-0.2967,1.6251,0.8646,0.6666,-0.1956,0.1423,0.7626,-0.749,1.5418,-0.0356,-0.368,-0.2396,NVDA
2020-07-17,76.9733,78.3206,73.6709,75.2624,160362000,-0.0171,0.4432,0.3419,0.3655,0.421,0.4523,0.7574,0.8446,1.2843,-1.0313,1.0669,0.7867,0.2874,-0.7256,-0.5035,0.6702,-0.6707,1.6505,-0.1012,0.5276,-0.3489,GOOG
2020-07-17,379.5161,384.2951,355.3349,365.904,6893600,-0.0315,0.0994,0.475,0.9612,0.6609,0.9117,1.3026,0.9839,0.4923,-0.0288,1.0272,0.8285,0.3315,0.0681,-0.2524,0.737,1.2829,0.3373,0.0294,0.5793,0.6798,ASML
2020-07-17,94.4411,97.053,91.152,93.5308,718600800,0.0042,0.5614,0.9105,1.1566,1.0193,1.183,1.2135,0.8646,0.4559,0.1202,2.3639,0.959,0.6688,-1.2971,-0.6751,0.9402,-0.4725,2.2466,0.2552,0.1427,-1.1838,AAPL
2020-07-17,205.153,206.4156,192.6322,194.0574,169482800,-0.0518,-0.3423,0.1723,0.3201,0.1439,0.3306,0.7166,0.5523,0.8263,0.0266,1.1226,0.4827,0.1202,-0.9973,-0.5562,0.5635,-0.6969,1.3195,0.143,0.5819,-0.6674,MSFT
2020-07-24,93.6182,96.3685,86.5569,89.9261,665196000,-0.0393,-0.4434,0.146,0.4834,0.2355,0.5012,1.0325,-0.0162,0.8817,0.453,1.6457,0.5855,0.1907,-0.9776,-0.3704,0.5748,-0.568,1.7611,0.0992,0.2314,-0.8327,AAPL
2020-07-24,10.2399,10.5671,9.7443,10.1604,1814132000,-0.0007,-0.0183,0.5517,0.7569,0.6638,0.9742,0.9238,-0.5857,1.5072,0.8125,1.4683,0.8306,0.7727,-0.288,0.1436,0.6374,-0.9142,1.1493,-0.0205,-0.3969,-0.412,NVDA
2020-07-24,55.23,69.94,54.83,69.4,537078300,0.2318,3.6377,2.913,2.3855,3.0327,2.6917,0.5816,-0.3712,1.1225,0.7205,0.4659,1.2387,3.1703,1.2081,0.7811,1.7687,1.7554,0.0482,0.2388,-3.6142,-2.121,AMD
2020-07-24,196.0852,204.6364,188.9209,192.5461,231764900,-0.0078,-0.6105,-0.0733,0.1098,-0.0399,0.1449,0.5202,-1.0426,0.5679,0.8235,0.6832,0.3138,-0.0059,-0.9785,-0.4464,0.4151,0.1776,0.7066,-0.0573,0.6014,-0.6901,MSFT
2020-07-24,75.2481,78.8102,73.9142,75.0797,137542000,-0.0024,-0.115,0.2177,0.2189,0.2368,0.3026,0.7138,-0.4075,0.8616,1.2817,0.8332,0.6473,0.7569,-0.7339,-0.4851,0.5488,-0.9425,1.636,0.0041,0.8457,-0.2773,GOOG
2020-07-24,366.2092,376.3586,349.8596,350.7276,5126100,-0.0424,-0.801,-0.2362,0.2523,-0.0658,0.2527,1.0042,-0.6699,1.0015,0.4895,0.5541,0.3817,-0.0849,0.0546,-0.1357,0.4086,0.2635,-0.2986,-0.1709,0.6678,0.629,ASML
2020-07-24,48.4727,52.9041,48.3555,48.8241,104414900,0.0111,-0.1535,-0.2787,-0.0668,-0.0807,-0.0855,0.4463,-0.5435,0.237,0.4172,-0.0886,0.1272,0.0491,0.5907,0.9314,0.2775,-0.5821,0.1062,0.2347,-0.2613,0.5452,MU
2020-07-31,90.9893,103.3255,90.5403,103.175,847635600,0.1374,1.5453,1.5766,1.7628,1.8511,1.9025,1.2017,-0.8134,-0.0034,0.879,1.9132,1.3098,1.2474,-0.3532,-0.3308,1.1793,0.2246,2.1514,0.1268,-0.5082,-0.4087,AAPL
2020-07-31,75.2649,76.5248,72.2074,73.644,183320000,-0.0193,-0.5501,-0.0779,-0.0438,-0.107,0.0016,0.5715,-0.1384,-0.3966,0.8589,0.6343,0.3275,-0.1193,-0.7948,-0.4674,0.3126,-0.1844,1.1409,-0.5488,0.0567,-0.5848,GOOG
2020-07-31,360.5622,366.0948,334.5686,337.4112,4994300,-0.0387,-1.2853,-0.6958,-0.2772,-0.5664,-0.2395,0.5684,-0.8694,-0.6601,0.9988,0.3425,0.0079,-0.6904,-0.0135,0.0431,0.1355,0.3585,-0.7393,-0.3398,-0.4374,-0.0213,ASML
2020-07-31,69.28,78.96,67.02,77.43,486977700,0.1095,3.8042,3.8148,3.3684,3.6666,3.4735,1.3404,4.1505,-0.36,1.1199,0.8461,1.1537,4.001,1.3541,0.7229,1.8889,1.2975,0.1956,0.3376,-3.4768,-1.9343,AMD
2020-07-31,49.3902,50.4737,47.9358,48.8631,81398400,0.0008,-0.1604,-0.1543,-0.0905,-0.1094,-0.1127,0.4003,0.1086,-0.5332,0.2341,0.0861,0.0099,-0.1886,0.4534,0.6911,0.2196,-1.0285,0.1685,0.1808,-0.6525,0.2754,MU
2020-07-31,10.1981,10.7305,10.1751,10.5793,1543236000,0.0404,0.2997,0.8002,0.9321,0.9528,1.2056,0.8564,-0.1064,-0.5755,1.5047,1.6317,1.1642,0.6911,-0.5488,-0.0755,0.7255,-1.1605,1.1439,-0.0132,-0.8766,-0.8017,NVDA
2020-07-31,192.7087,196.1809,190.3557,196.0948,149168500,0.0183,-0.2268,0.0172,0.2094,0.1327,0.2644,0.4018,-0.237,-1.0346,0.5651,1.0848,0.5098,-0.2828,-1.1341,-0.6361,0.4697,-0.8165,0.7372,-0.0432,0.3361,-0.8748,MSFT
2020-08-07,73.8268,75.3268,72.4368,74.2166,195728000,0.0077,-0.2475,-0.0674,-0.0356,-0.0465,0.0327,0.4565,-0.4473,-0.1261,-0.3996,0.5251,0.2325,-0.4998,-0.8139,-0.5925,0.3303,0.1557,0.5693,-0.3999,0.0179,-0.5663,GOOG
2020-08-07,202.3216,208.1755,201.1643,203.2399,217546700,0.0358,0.5165,0.2812,0.4607,0.4818,0.5533,0.4103,0.2405,-0.2252,-1.0378,1.2459,0.9283,-0.2785,-1.1129,-0.6915,0.7326,0.3081,0.7749,-0.0163,0.2047,-0.8481,MSFT
2020-08-07,344.3746,356.0026,343.23,349.1918,3261700,0.0343,-0.25,-0.3726,-0.1004,-0.0898,0.1047,0.3291,-0.8025,-0.8606,-0.6632,0.684,0.3386,-0.8932,-0.1338,-0.1485,0.2821,-0.5973,-0.3648,-0.3176,-0.5866,-0.1709,ASML
2020-08-07,78.19,87.29,77.06,84.85,384452400,0.0915,3.4524,4.2615,4.0467,3.883,3.8901,1.9454,1.9107,4.1832,-0.363,1.6602,1.1106,4.3458,1.4367,0.5716,1.8642,0.4572,0.7978,0.3586,-3.4744,-1.9029,AMD
2020-08-07,10.6966,11.4663,10.6794,11.1621,1559812000,0.0536,1.0458,1.1443,1.2815,1.3436,1.5504,0.9068,0.6457,-0.094,-0.5786,1.8999,1.0927,0.3772,-0.7003,-0.1691,0.9245,-1.052,1.1579,-0.0323,0.3004,-0.2876,NVDA
2020-08-07,49.1852,50.2492,46.9012,47.5844,89937200,-0.0265,-0.4865,-0.4849,-0.4377,-0.4562,-0.4148,0.2534,-0.0792,0.122,-0.5363,-0.1355,-0.3517,-0.5687,0.1962,0.6465,-0.0967,-0.7546,-0.2725,0.0075,-0.9708,-0.1379,MU
2020-08-07,105.0586,111.0908,104.7601,108.0811,1003474000,0.0465,1.7138,1.7383,1.9432,1.9346,2.0483,1.4151,2.4224,-0.8044,-0.0063,1.9581,1.0791,1.1869,-0.4042,-0.3937,1.2422,0.9554,2.1802,0.1594,-0.6304,-0.4688,AAPL
2020-08-14,47.682,48.5508,44.2169,44.5098,113809900,-0.0668,-1.3757,-1.1231,-1.0995,-1.1857,-1.0604,-0.1212,-0.5793,-0.0667,0.1191,-0.7496,-1.2213,-0.9197,0.3891,0.8496,-0.9514,-0.0192,-0.6942,-0.0191,-0.9082,0.0861,MU
2020-08-14,73.8536,76.3401,73.1534,74.8741,139814000,0.0088,-0.0484,-0.037,-0.0012,0.0135,0.0702,0.3795,0.0479,-0.4365,-0.1291,0.2885,0.3001,-0.2749,-0.8409,-0.6854,0.3714,-0.5814,0.579,0.0228,-0.0858,-0.6466,GOOG
2020-08-14,11.2964,11.6826,10.7597,11.5254,1987616000,0.032,1.0512,1.1985,1.4053,1.3665,1.5905,0.9644,0.8879,0.6617,-0.097,1.8509,1.1942,0.9493,-0.7898,-0.1992,0.955,-0.443,1.2042,0.1453,0.177,-0.4607,NVDA
2020-08-14,202.4652,202.6661,194.3061,199.8156,141723900,-0.017,0.0285,-0.0445,0.1615,0.1062,0.2315,0.3127,0.5614,0.2546,-0.2282,0.7482,0.6243,0.0325,-1.0526,-0.7171,0.531,-0.6946,0.392,-0.0048,0.3289,-0.7228,MSFT
2020-08-14,109.528,112.8766,106.1308,111.7726,941551200,0.0336,1.4656,1.7127,1.9657,1.8294,2.0165,1.5566,0.7567,2.4469,-0.8075,1.9378,1.2302,1.4918,-0.4051,-0.4805,1.2052,0.8261,2.2062,0.1704,-0.675,-0.4962,AAPL
2020-08-14,85.05,85.16,76.1,81.3,336724400,-0.0427,0.6081,2.7144,2.9452,2.2127,2.5399,2.1959,1.5816,1.9327,4.1814,1.2294,0.8003,3.9811,1.588,0.7739,1.2533,0.0893,0.5737,0.3429,-3.2144,-1.5712,AMD
2020-08-14,347.9422,360.7052,342.9629,353.9898,2754900,0.0136,0.1887,-0.2469,-0.0825,0.038,0.1816,0.1884,0.5345,-0.7934,-0.8638,0.4996,0.421,-0.5167,-0.3841,-0.2798,0.3072,-0.8535,-0.3745,-0.1087,-0.5779,-0.417,ASML
2020-08-21,75.2188,79.343,74.886,78.4839,164388000,0.0471,0.6705,0.3321,0.4117,0.527,0.5081,0.4641,0.0676,0.0611,-0.4396,0.7134,1.0895,0.1708,-0.7403,-0.7623,0.9049,-0.1141,0.603,0.6402,0.0089,-0.5361,GOOG
2020-08-21,11.8116,12.7659,11.7778,12.6411,3668628000,0.0924,1.8346,1.9234,2.1537,2.1669,2.3306,1.1814,0.4925,0.9051,0.659,1.9074,1.2356,1.9253,-0.6232,-0.2616,1.2887,1.6419,1.2903,0.417,0.3797,-0.209,NVDA
2020-08-21,82.09,84.41,79.12,83.81,191157300,0.0304,0.312,2.2332,2.8206,1.9936,2.3765,2.2035,-0.8763,1.602,1.9303,1.2677,1.0197,1.6031,1.4947,0.5197,1.1729,-1.1552,0.5529,0.2048,-3.2239,-1.6259,AMD
2020-08-21,200.4852,207.346,199.8347,204.249,132379400,0.0219,0.1733,0.1028,0.2624,0.2915,0.3769,0.2807,-0.405,0.577,0.2517,0.9805,0.9841,0.3071,-1.058,-0.8398,0.7168,-0.749,0.3565,0.1701,0.3729,-0.7585,MSFT
2020-08-21,359.2935,366.276,348.6863,354.9629,2352700,0.0027,0.1828,-0.2561,-0.155,0.0057,0.1318,0.0674,0.156,0.5499,-0.7966,0.758,0.3307,-0.1228,-0.4008,-0.3727,0.2834,-1.1148,-0.0133,0.096,-0.7245,-0.5733,ASML
2020-08-21,44.8026,44.8416,41.2399,41.64,94799500,-0.0666,-1.8859,-1.7073,-1.6282,-1.739,-1.5858,-0.6566,-1.3168,-0.5692,-0.0696,-0.6674,-1.9635,-1.5278,0.3608,0.9878,-1.8257,-0.4242,-0.6136,-0.1972,-1.3799,-0.3859,MU
2020-08-21,112.8961,121.4608,110.8534,120.9769,835695200,0.0791,1.6072,2.2227,2.4757,2.348,2.5322,1.737,0.521,0.7732,2.4446,2.0977,1.2883,2.8178,-0.3711,-0.5088,1.3935,0.405,2.2217,0.3042,-0.4076,-0.3579,AAPL
2020-08-28,12.8407,13.1041,12.4657,13.1038,1955648000,0.0359,1.4572,1.8637,2.1804,2.0323,2.2738,1.3531,1.5979,0.5078,0.9024,1.899,1.3238,1.8766,-0.6602,-0.4275,1.2614,-0.4562,1.2506,0.4137,0.5636,-0.2096,NVDA
2020-08-28,362.718,368.966,356.0312,361.974,2512800,0.0196,0.2251,-0.0365,-0.0034,0.1841,0.267,0.0288,-0.0436,0.1697,0.5471,0.5585,0.4574,0.4131,-0.6902,-0.5349,0.3725,-0.9743,-0.0464,0.3521,-0.5208,-0.7785,ASML
2020-08-28,79.1573,82.3971,78.4914,81.6617,220220000,0.0397,0.9474,0.6618,0.7237,0.8379,0.8035,0.6206,0.7682,0.0809,0.0582,0.8023,1.1628,0.7314,-0.6863,-0.8556,1.2715,0.8001,0.6901,2.0249,0.137,-0.4523,GOOG
2020-08-28,84.55,87.72,82.35,85.55,217345300,0.0205,0.2326,1.6893,2.5476,1.704,2.1283,2.1326,0.4628,-0.8676,1.5995,1.2866,1.1363,0.6961,1.4324,0.3306,1.0506,-0.8768,0.5878,0.1158,-3.1895,-1.6186,AMD
2020-08-28,125.1864,125.2715,119.6954,121.4025,1063638000,0.0035,0.8348,1.6873,2.0703,1.7422,2.0514,1.8041,1.355,0.5364,0.7704,2.0787,1.0571,1.3297,-0.3203,-0.5885,1.163,1.2196,2.2555,0.3059,-0.8725,-0.6264,AAPL
2020-08-28,42.089,44.7245,41.8645,44.5976,79062100,0.0686,-0.1529,-0.7977,-0.8652,-0.648,-0.7453,-0.6302,-1.314,-1.3101,-0.5723,-0.4236,-1.1444,-0.9997,-0.0188,0.6131,-0.9671,-0.7798,-0.631,-0.189,-0.9042,-0.3837,MU
2020-08-28,205.9461,221.6325,203.6833,219.4847,171999700,0.0719,1.0568,0.8697,0.8686,1.0575,1.0462,0.4757,0.3079,-0.394,0.5742,1.2779,1.1855,0.8233,-0.8307,-0.8131,1.3236,-0.0521,0.4146,0.1717,0.2928,-0.5503,MSFT
2020-09-04,44.2657,47.0378,43.8167,45.3687,93199100,0.0171,0.4387,-0.4565,-0.6607,-0.3596,-0.5094,-0.5308,1.1624,-1.3074,-1.3135,-0.634,-0.9308,-0.6402,-0.3628,0.4568,-0.7609,-0.3545,-0.7499,-0.0347,-2.2633,-1.5402,MU
2020-09-04,13.1387,14.6819,11.6691,12.5841,4294980000,-0.0405,0.0307,0.9594,1.3322,0.9544,1.3424,1.2606,0.5643,1.6185,0.505,1.5394,0.1469,0.8949,-0.4272,0.4489,0.8657,2.2997,1.9,0.1409,0.7526,0.0154,NVDA
2020-09-04,358.5877,382.6543,336.5908,350.4795,4536900,-0.0323,-0.4289,-0.3213,-0.393,-0.3016,-0.1617,-0.1611,0.2642,-0.0309,0.1668,0.163,-0.1939,-0.1968,-0.7316,-0.1556,0.0467,0.6688,-0.4816,0.0911,-0.528,-0.9338,ASML
2020-09-04,81.8345,86.07,76.8547,79.0113,237526000,-0.033,-0.0333,0.1758,0.2521,0.1784,0.2652,0.5721,0.6328,0.7848,0.0779,0.3506,0.0731,0.3408,-0.6216,-0.5089,0.7301,1.0574,0.1342,0.5692,0.2422,-0.4688,GOOG
2020-09-04,85.05,94.28,76.33,82.01,366578900,-0.0423,-0.433,0.5105,1.5777,0.6968,1.2097,1.8782,0.2824,0.478,-0.8708,1.0927,0.4147,-0.5247,1.5775,1.0442,0.7002,0.5538,0.3505,-0.0725,-2.6958,-1.1252,AMD
2020-09-04,217.6534,223.2721,196.7414,205.4283,206644900,-0.0662,-0.3316,-0.0088,0.0241,-0.0617,0.1081,0.3257,1.2233,0.3223,-0.397,0.5328,0.1065,-0.1343,-0.4599,-0.3589,0.4791,0.5581,0.274,-0.0204,0.6814,-0.0622,MSFT
2020-09-04,124.0993,134.2156,107.8647,117.6599,1167976600,-0.0313,-0.2082,0.8481,1.3277,0.8608,1.2729,1.6456,-0.0296,1.3743,0.5336,1.7228,0.3406,0.5528,-0.1347,0.2164,0.8322,1.5254,1.5255,0.1245,-0.3655,-0.2938,AAPL
2020-09-11,197.9974,205.9941,192.954,195.6291,167684900,-0.0489,-1.1669,-0.6268,-0.5163,-0.6822,-0.4602,-0.0252,-1.3056,1.242,0.3194,0.0351,-0.6636,-0.4142,-0.3456,-0.2592,-0.1082,-0.0759,-0.1217,-0.0329,0.7432,-0.2316,MSFT
2020-09-11,43.9143,45.3687,43.3873,44.988,70532900,-0.0084,0.2144,-0.4499,-0.6627,-0.4354,-0.5642,-0.4823,0.22,1.1809,-1.3107,-1.4089,-1.0211,-0.1345,-0.488,0.2688,-0.9163,-0.9294,-1.2939,0.005,-2.7511,-1.9272,MU
2020-09-11,11.6988,13.0255,11.6686,12.1275,2867540000,-0.037,-0.9178,0.1879,0.6538,0.2163,0.6528,0.9392,-0.8348,0.5799,1.6159,1.1449,-0.1168,0.2317,-0.2363,0.6489,0.5686,0.5338,1.3202,-0.0639,0.8991,-0.0359,NVDA
2020-09-11,78.05,83.31,75.04,76.34,215382000,-0.0716,-1.5001,-0.8135,0.4499,-0.3884,0.1781,1.3368,-0.8676,0.2966,0.4751,0.7028,-0.0054,-0.7677,1.8396,1.2847,0.3044,-0.816,0.0323,-0.0461,-1.8384,-0.3919,AMD
2020-09-11,329.4462,350.222,327.424,342.6672,3745600,-0.0225,-0.7089,-0.4971,-0.6155,-0.5567,-0.4152,-0.4046,-0.6847,0.2784,-0.0338,-0.4536,-0.7925,-0.5116,-0.8337,-0.1297,-0.2074,0.0114,-0.9033,-0.0986,-0.6052,-1.246,ASML
2020-09-11,76.1544,78.6657,74.3591,75.5192,152026000,-0.0452,-0.9465,-0.3993,-0.2742,-0.4589,-0.2958,0.3217,-0.6979,0.6488,0.782,-0.1051,-0.5457,-0.1533,-0.4693,-0.4258,0.0767,-0.3522,-0.2326,-0.0099,0.4869,-0.4791,GOOG
2020-09-11,110.8412,117.2125,106.999,108.9444,771441800,-0.077,-1.5513,-0.3763,0.2379,-0.3325,0.171,1.1769,-0.6671,-0.0168,1.3717,0.9262,-0.2443,-0.4526,0.2987,0.4803,0.3538,-0.0022,1.1205,-0.0046,0.2025,0.1269,AAPL
2020-09-18,76.8,80.33,73.85,74.93,250418600,-0.0186,-1.3376,-1.1334,-0.0568,-0.5779,-0.0941,0.727,-1.4055,-0.8588,0.2938,0.5911,-0.1099,-1.1644,1.5963,1.2209,0.1618,-0.4151,-0.3716,-0.1533,-1.9686,-0.6246,AMD
2020-09-18,47.194,50.9227,47.1452,49.5269,110819500,0.0961,1.2926,0.762,0.2893,0.7721,0.472,-0.0237,-0.2481,0.234,1.1782,-0.2428,0.34,1.4422,-0.1125,0.1986,0.3607,0.2449,-0.7477,0.2224,-3.9382,-2.4491,MU
2020-09-18,111.5902,115.5881,103.1956,103.9252,944587000,-0.0472,-1.7354,-1.1289,-0.4048,-0.867,-0.3919,0.5326,-1.5029,-0.6574,-0.0197,0.5328,-0.6006,-1.4732,0.4564,0.7394,0.0553,0.6176,0.6471,-0.1266,0.2993,0.3492,AAPL
2020-09-18,76.4272,77.6685,71.3681,72.5033,186462000,-0.0408,-1.3491,-0.8413,-0.737,-0.8893,-0.7083,-0.0465,-0.9215,-0.6883,0.646,-0.2839,-1.0801,-0.9018,-0.5292,-0.244,-0.5813,0.3002,-0.2696,-0.4884,0.5201,-0.5202,GOOG
2020-09-18,195.8305,201.9766,188.1695,192.139,167764400,-0.018,-1.2267,-0.8396,-0.7125,-0.7985,-0.6185,-0.3637,-0.9887,-1.2989,1.2394,-0.1047,-0.9145,-0.7526,-0.3243,-0.2103,-0.382,-0.0373,-0.5708,-0.1594,0.8897,-0.1317,MSFT
2020-09-18,352.7212,357.4811,338.7657,349.4493,4079900,0.0196,-0.2542,-0.2495,-0.4298,-0.258,-0.1996,-0.4829,-0.5066,-0.675,0.2755,-0.018,-0.5501,-0.3664,-0.81,-0.2608,-0.0895,0.2654,-0.4168,-0.0474,-0.8046,-1.2978,ASML
2020-09-18,13.0412,13.2745,11.9523,12.1522,3976656000,0.002,-0.694,-0.0545,0.4277,0.1345,0.5162,0.6066,-0.7705,-0.8259,0.5771,1.1478,-0.1167,-0.5707,-0.2729,0.7021,0.5132,1.684,1.408,-0.0465,0.8799,-0.0792,NVDA
2020-09-25,101.6879,109.7809,100.2872,109.2168,847212600,0.0497,-0.2881,-0.6204,-0.0626,-0.1487,0.1328,0.1996,-0.9574,-1.4971,-0.6605,0.612,-0.4106,-1.1151,0.4897,0.5452,0.2516,0.2175,0.2374,-0.1341,0.5123,0.7437,AAPL
2020-09-25,74.23,78.79,73.88,78.06,265431300,0.0409,-0.1026,-0.6612,0.0703,-0.0197,0.3001,0.3809,-0.4352,-1.3993,-0.8619,0.6659,0.122,-1.002,1.595,0.8606,0.2721,-0.2687,-0.0258,-0.136,-1.8875,-0.4099,AMD
2020-09-25,11.8887,12.8443,11.8683,12.8346,3333764000,0.0546,0.4893,0.3492,0.7726,0.7163,0.9749,0.4988,-0.0566,-0.7613,-0.829,1.225,0.2437,-0.4106,-0.2572,0.4512,0.7431,0.8196,1.4751,0.0033,0.9484,0.1514,NVDA
2020-09-25,71.5136,72.9766,69.8495,71.757,178052000,-0.0103,-0.9333,-0.9271,-0.8273,-0.8721,-0.7518,-0.3478,-0.84,-0.9129,-0.6914,-0.4334,-1.2124,-1.2997,-0.8283,-0.3418,-0.7804,0.1233,-0.7062,-0.8426,0.2783,-0.8026,GOOG
2020-09-25,189.0708,200.4328,188.2941,199.2631,164800400,0.0364,-0.0455,-0.4232,-0.3572,-0.2513,-0.2033,-0.4291,-0.4234,-0.9805,-1.3022,-0.1037,-0.8153,-1.0424,-0.3783,-0.3299,0.0114,-0.0935,-0.5627,-0.154,0.7777,-0.0811,MSFT
2020-09-25,48.4239,50.3761,46.6376,47.9651,82878100,-0.032,0.2604,0.3689,-0.039,0.1412,0.0074,0.1202,1.6659,-0.2364,0.2311,-0.7034,-0.115,0.437,-0.0928,0.2567,-0.1222,-0.5356,-0.7195,0.0485,-4.3954,-2.7099,MU
2020-09-25,338.9278,349.6782,334.9025,343.8595,3831400,-0.0161,-0.3156,-0.4771,-0.5628,-0.4476,-0.3816,-0.6185,0.265,-0.4961,-0.6781,-0.497,-1.0923,-0.671,-0.8626,-0.3472,-0.3441,0.0645,-0.8324,-0.2081,-1.1793,-1.3965,ASML
2020-10-02,48.4532,50.1516,45.3882,45.437,154710700,-0.0541,-0.8047,-0.2477,-0.5192,-0.5918,-0.5946,0.0016,-0.6805,1.6868,-0.2394,-0.7321,-0.8515,-0.216,-0.0033,0.4889,-0.9338,1.491,-0.8492,-0.1849,-4.8115,-3.0123,MU
2020-10-02,79.12,85.25,77.52,81.8,266140300,0.0468,0.8559,-0.0237,0.2686,0.4972,0.7032,0.28,0.6554,-0.4243,-1.4026,1.0582,0.3992,-0.2519,1.5722,0.6879,0.404,-0.2266,0.3166,0.0149,-1.9529,-0.3087,AMD
2020-10-02,73.2095,74.4426,71.9725,72.4254,155026000,0.0093,-0.3278,-0.7821,-0.6923,-0.6305,-0.594,-0.4973,-0.2833,-0.8311,-0.9161,-0.009,-1.0939,-0.9649,-1.0223,-0.4959,-0.6988,-0.2678,-0.2776,-0.5051,0.0211,-0.9713,GOOG
2020-10-02,202.1971,205.1791,197.077,197.7002,150369100,-0.0079,-0.0073,-0.4778,-0.4089,-0.3449,-0.3008,-0.5221,0.5727,-0.4125,-0.9837,-0.1882,-0.9546,-0.5613,-0.444,-0.4338,-0.1514,-0.3059,-0.594,-0.14,0.7343,0.0257,MSFT
2020-10-02,349.0297,365.0073,347.5512,352.9406,3901700,0.0261,0.164,-0.1706,-0.24,-0.0942,-0.104,-0.5811,-0.3891,0.2792,-0.4991,-0.3208,-0.5496,-0.1674,-1.0834,-0.4291,-0.0698,0.1394,-0.7527,0.0096,-1.9356,-1.7367,ASML
2020-10-02,111.8723,114.5083,109.1584,109.9366,640562200,0.0066,0.192,-0.5657,-0.1298,-0.093,0.131,-0.0305,0.8154,-0.949,-1.5005,0.6054,-0.3618,-0.8086,0.4444,0.3258,0.2239,-0.5187,0.2264,-0.0175,0.5415,0.9991,AAPL
2020-10-02,13.0006,13.7209,12.7112,13.0225,2961952000,0.0145,0.6065,0.2939,0.73,0.6704,0.9187,0.4178,0.9064,-0.044,-0.7644,1.3413,0.3536,0.0781,-0.4685,0.3555,0.7173,0.4162,1.5256,0.2859,0.8201,0.0397,NVDA
2020-10-09,82.55,88.72,82.35,83.1,277422700,0.0158,0.7379,0.1421,0.1192,0.518,0.7066,0.2173,0.763,0.6714,-0.4274,1.0355,0.4239,0.5521,1.5191,0.5803,0.3953,-0.1247,0.5784,0.1458,-2.3503,-0.8217,AMD
2020-10-09,72.8122,75.3106,71.312,75.2461,134560000,0.0382,0.4502,-0.3248,-0.3094,-0.0946,-0.1633,-0.4175,0.0759,-0.2717,-0.8342,-0.2237,-0.9437,-0.2612,-0.9199,-0.6072,-0.0998,-0.6083,-0.2887,-0.1258,0.1858,-0.8582,GOOG
2020-10-09,198.6878,206.9721,196.3866,206.9241,121950800,0.0456,0.6227,0.0371,0.0064,0.2236,0.1699,-0.3809,-0.238,0.5883,-0.4156,-0.1958,-0.2587,0.2802,-0.4897,-0.578,0.4299,-0.7868,-0.5866,-0.0161,0.8027,-0.0894,MSFT
2020-10-09,45.8665,49.3902,45.8568,48.6972,77252600,0.0693,0.165,0.4951,0.1904,0.313,0.1596,0.1932,-1.0852,-0.6708,1.6843,-0.4859,0.0983,0.4983,0.1952,0.2624,0.0284,-0.7085,-0.9581,-0.0501,-4.0898,-2.5479,MU
2020-10-09,357.8531,371.9993,351.5669,371.0549,3113400,0.0501,0.7687,0.3937,0.2743,0.4781,0.3886,-0.3499,0.3834,-0.378,0.2763,-0.1799,0.5328,0.5018,-0.9442,-0.5644,0.8004,-0.4572,-0.693,0.2203,-1.5661,-1.5504,ASML
2020-10-09,110.8023,113.808,109.1876,113.7788,548575100,0.0344,0.6622,-0.1688,0.0682,0.2866,0.4238,-0.085,0.0264,0.8322,-0.9522,0.6423,-0.1333,0.1623,0.4536,0.0306,0.3572,-0.8659,0.2608,0.0766,0.4768,0.8315,AAPL
2020-10-09,13.1957,14.099,13.1825,13.7209,2408116000,0.0522,1.0389,0.6971,1.0441,1.107,1.2919,0.4754,0.1723,0.9237,-0.047,1.3845,0.671,0.9302,-0.5459,0.1836,0.8937,-0.1285,1.5745,0.5359,0.8118,-0.1543,NVDA
2020-10-16,209.7814,215.937,207.1159,210.6156,141624900,0.0177,0.5154,0.2139,0.1145,0.3306,0.2794,-0.2414,0.741,-0.2262,0.5855,-0.2936,0.0987,0.6193,-0.4938,-0.6874,0.6388,-0.4349,-0.6023,0.1325,0.8217,-0.0092,MSFT
2020-10-16,116.7845,121.9691,114.9266,115.7729,881222300,0.0174,0.4709,0.1249,0.0466,0.3756,0.4902,-0.0956,0.5351,0.0395,0.8295,0.5622,0.0089,0.7767,0.3292,-0.0411,0.399,0.307,0.3538,0.219,0.4071,0.7382,AAPL
2020-10-16,13.9469,14.3048,13.7259,13.7695,1565064000,0.0035,0.4783,0.5976,0.8044,0.8288,1.0571,0.4555,0.8626,0.186,0.921,1.2251,0.696,0.9452,-0.5571,-0.0066,0.7828,-1.0367,1.5769,0.3846,0.7117,-0.1446,NVDA
2020-10-16,49.3707,51.4888,48.8826,50.3761,79413600,0.0339,0.7627,0.6338,0.5288,0.5994,0.4434,0.4253,1.1748,-1.0774,-0.6739,-0.3922,0.5874,-0.078,0.2328,0.0461,0.4871,-0.5708,-0.9771,-0.0748,-4.0149,-2.499,MU
2020-10-16,377.1981,390.2474,363.1663,369.0614,4203700,-0.0054,0.3787,0.2586,0.1699,0.2443,0.2185,-0.2562,0.8225,0.3981,-0.3811,-0.698,0.1779,0.266,-1.0902,-0.4954,0.6895,0.3435,-0.622,-0.0303,-1.8945,-1.7309,ASML
2020-10-16,83.65,86.09,82.41,83.17,196007500,0.0008,0.2354,0.1657,-0.0226,0.3507,0.5478,0.1188,0.1948,0.7795,0.6687,0.9452,0.4255,0.7411,0.1708,0.3519,0.3245,-0.9192,0.2822,0.2777,0.1505,0.3764,AMD
2020-10-16,76.6256,79.1514,76.1077,78.1159,179752000,0.0374,0.8263,0.1557,0.0445,0.323,0.2032,-0.2174,0.6057,0.0892,-0.2748,-0.3203,-0.3425,0.4538,-0.8345,-0.7132,0.4864,0.1375,-0.2479,0.6264,0.0484,-0.7704,GOOG
2020-10-23,13.8607,13.9409,13.1915,13.5489,1270840000,-0.0161,-0.1107,0.3281,0.4056,0.3771,0.6503,0.3052,-0.0291,0.8796,0.1831,1.2711,0.5441,0.2618,-0.4897,-0.067,0.5838,-1.366,1.6164,0.193,0.8133,0.069,NVDA
2020-10-23,50.7275,53.5386,50.0735,51.5864,85460100,0.0237,0.868,0.7057,0.7395,0.6952,0.5753,0.6324,0.5267,1.1933,-1.0807,-0.1194,0.7846,0.4369,0.2484,-0.0587,0.9249,-0.3082,-0.55,0.0818,-4.1242,-2.5806,MU
2020-10-23,374.1075,374.1838,356.8897,361.1059,2187900,-0.0218,-0.291,-0.0173,-0.1187,-0.1311,-0.0934,-0.3021,-0.1925,0.8393,0.3953,-0.6116,-0.2524,0.2133,-1.1871,-0.5208,0.119,-1.187,-0.336,0.0172,-0.3246,-1.2325,ASML
2020-10-23,116.6872,117.1347,111.1622,111.9015,519569600,-0.034,-0.3242,-0.1722,-0.3725,-0.1783,0.0016,-0.2877,0.2242,0.5506,0.0365,0.3197,-0.2672,-0.0124,-0.2153,-0.0652,0.114,-1.0208,0.0582,0.1102,0.5568,0.2745,AAPL
2020-10-23,78.4859,81.5599,75.765,81.4923,184530000,0.0423,1.0363,0.7159,0.4066,0.7115,0.5713,0.0599,0.5914,0.6215,0.0863,0.1499,0.3649,0.968,-0.7896,-0.7132,1.0421,0.178,-0.2089,1.9806,0.0711,-0.6573,GOOG
2020-10-23,83.62,84.65,78.42,81.96,195899400,-0.0147,-0.2898,0.0493,-0.2233,0.0353,0.2517,-0.0606,-0.0784,0.2087,0.7768,0.9166,0.2627,0.2116,-0.235,0.3391,0.1899,-0.91,0.2414,0.1414,0.0565,-0.0501,AMD
2020-10-23,211.3443,213.1469,202.9833,207.3268,114335300,-0.0157,0.0017,0.1078,-0.0997,0.007,0.0197,-0.2374,0.2299,0.7575,-0.2292,-0.035,-0.2197,0.1278,-0.4763,-0.6961,0.3231,-0.8927,-0.5396,-0.0023,0.9616,0.1659,MSFT
2020-10-30,205.0448,207.4323,191.4007,194.1333,193393800,-0.0658,-1.1787,-0.6238,-0.7262,-0.8269,-0.7002,-0.5293,-0.382,0.2439,0.7547,-0.4444,-1.497,-0.3885,-0.3155,-0.4635,-0.9435,0.5207,-0.4925,-0.023,1.0397,0.0172,MSFT
2020-10-30,110.8996,114.0803,104.7812,105.8901,684467100,-0.0552,-1.2045,-0.6873,-0.902,-0.8436,-0.6099,-0.6879,-0.7166,0.2382,0.5478,0.1893,-0.88,-0.5541,-0.15,0.1194,-0.3271,-0.3972,0.0207,0.014,0.6154,-0.0142,AAPL
2020-10-30,354.4191,357.5956,340.9024,344.5558,4452100,-0.0469,-1.0779,-0.574,-0.5845,-0.7117,-0.604,-0.5438,-0.4928,-0.1805,0.8366,-0.644,-1.1476,-0.439,-1.0745,-0.4468,-1.098,0.6109,-0.2825,-0.2175,0.1215,-1.1698,ASML
2020-10-30,51.1472,51.6255,48.1213,49.1364,64483800,-0.0487,-0.4792,-0.0561,0.1753,-0.1159,-0.0819,0.5769,0.3408,0.5421,1.1907,-0.4598,0.1076,0.4892,0.3186,0.0348,0.0946,-0.8975,-0.9832,0.1894,-3.1408,-1.9317,MU
2020-10-30,82.55,84.97,74.23,75.29,406756200,-0.0849,-1.518,-0.8655,-0.9676,-1.0265,-0.7058,-0.5917,-0.3622,-0.0659,0.2058,-0.1369,-1.0434,-0.9316,-0.3369,0.8214,-0.2687,1.2131,-0.3823,-0.0341,0.7121,-0.1688,AMD
2020-10-30,80.6983,83.7767,75.2163,80.4996,224970000,-0.0123,0.2548,0.5197,0.1999,0.3368,0.2964,0.1634,0.6809,0.6072,0.6187,0.0513,0.1569,0.7545,-0.7646,-0.4634,0.7056,0.7937,-0.0996,0.6118,-0.0486,-0.9372,GOOG
2020-10-30,13.3861,13.6511,12.2626,12.4959,1700836000,-0.0809,-1.4635,-0.6756,-0.5309,-0.7301,-0.3534,-0.1866,-0.3895,-0.0163,0.8769,0.539,-0.3244,-0.5862,-0.1111,0.2849,0.0174,-0.7974,1.5771,0.0302,0.9915,0.2323,NVDA
2020-11-06,12.6192,14.5444,12.3573,14.5177,1685156000,0.15,1.1934,0.9576,0.8632,1.2016,1.2583,0.0591,-1.5751,-0.3784,-0.0193,0.9167,1.1845,0.2832,0.5957,0.2315,0.917,-0.7971,1.5935,0.0066,1.1904,0.3836,NVDA
2020-11-06,75.85,86.09,73.76,85.88,253944400,0.1316,0.878,0.6014,0.3244,0.7175,0.7251,-0.3485,-1.6479,-0.351,-0.0689,-0.0072,-0.0672,0.0659,0.3655,0.6471,0.3377,-0.344,-0.5314,-0.0381,1.1133,0.1266,AMD
2020-11-06,49.5757,54.0852,48.2579,53.8412,68383300,0.0914,0.8405,0.8466,1.0084,0.9751,0.8563,0.7899,-0.9847,0.3554,0.5393,-0.0408,1.2594,0.7029,0.355,-0.0287,1.308,-0.7447,-0.5978,0.1692,-1.8867,-1.4073,MU
2020-11-06,195.8784,215.1221,191.8801,214.5085,161978000,0.0998,0.5885,0.49,0.2366,0.4929,0.3873,-0.2634,-1.2977,-0.3709,0.241,-0.0136,0.4755,0.0941,0.1081,-0.4365,0.9144,-0.0328,-0.0704,-0.0037,1.1863,-0.0793,MSFT
2020-11-06,80.8547,89.0724,80.2523,87.4888,229894000,0.0833,1.1823,1.3911,0.9732,1.2369,1.1016,0.4994,-0.3183,0.697,0.6044,0.6803,1.044,1.2065,-0.4548,-0.4424,1.6226,0.8327,0.4024,0.6725,0.4311,-0.8824,GOOG
2020-11-06,106.1332,116.3565,104.3921,115.6511,609571800,0.0882,0.4265,0.3223,-0.0456,0.3363,0.3456,-0.5338,-1.1048,-0.707,0.2353,0.0679,-0.5355,-0.0841,0.1341,0.0235,0.2734,-0.6489,-0.0105,0.0177,0.884,-0.196,AAPL
2020-11-06,349.024,390.2196,346.381,389.0131,5984400,0.1214,1.0804,0.7723,0.6057,0.857,0.7081,-0.1607,-0.9528,-0.4822,-0.1835,0.5165,1.2572,0.1978,-0.2548,-0.4187,1.596,1.6688,0.3879,-0.1291,0.6822,-0.6218,ASML
2020-11-13,14.5082,14.6468,12.5898,13.2565,2343912000,-0.0909,-0.449,-0.3591,-0.1662,-0.2536,0.0141,-0.2206,2.6519,-1.5697,-0.3815,0.201,0.089,-0.5581,0.7297,0.7931,0.215,0.0239,1.2027,-0.1076,0.9276,0.4069,NVDA
2020-11-13,399.3552,403.5111,381.1034,401.797,4913600,0.0323,1.295,0.967,0.8472,1.0002,0.8921,0.1469,2.128,-0.9444,-0.4853,0.5295,1.2474,0.5534,-0.2309,-0.52,1.6869,0.742,0.4822,0.1199,0.6557,-0.5804,ASML
2020-11-13,55.1199,56.7987,53.0603,56.545,78340500,0.049,1.244,1.28,1.2804,1.3019,1.2025,1.0535,1.5802,-0.9765,0.3525,0.2873,1.2685,0.8513,0.0862,-0.1817,1.5253,-0.4112,-0.1506,0.1584,-1.1247,-1.1378,MU
2020-11-13,117.4147,118.8665,111.2078,116.2065,589577900,0.0048,0.5041,0.2058,0.0419,0.2601,0.2904,-0.471,1.5205,-1.0971,-0.7102,-0.1023,-0.4799,-0.1963,-0.1359,-0.0406,0.2605,-0.6814,-0.0948,-0.0021,0.9191,-0.3865,AAPL
2020-11-13,215.1988,218.7272,201.0849,207.5952,158095900,-0.0328,0.0033,-0.0563,-0.1242,-0.0755,-0.0689,-0.2742,1.7334,-1.2909,-0.3739,-0.3792,-0.1937,-0.3559,0.1485,-0.2782,0.1788,-0.0804,-0.1387,-0.1351,1.2073,0.0103,MSFT
2020-11-13,84.24,87.05,77.63,81.43,237995000,-0.0532,-0.0891,-0.2149,-0.2122,-0.1539,-0.0096,-0.5031,2.3156,-1.6429,-0.354,-0.701,-0.8041,-0.4139,0.4424,0.8927,-0.0165,-0.4953,-0.6623,-0.1366,1.0695,0.2204,AMD
2020-11-13,88.9364,90.2852,85.2814,88.2471,178316000,0.0086,0.7289,1.1607,0.9529,0.9899,0.9579,0.7034,1.4305,-0.3068,0.6943,0.6899,0.9851,0.9152,-0.5232,-0.4917,1.4563,0.0118,0.8598,0.5369,0.3515,-0.9395,GOOG
2020-11-20,402.1418,410.2334,399.1923,405.6273,3013600,0.0095,0.8805,0.8126,0.8412,0.8228,0.7948,0.3383,0.4981,2.151,-0.9476,0.517,1.1349,0.8587,-0.2354,-0.6943,1.4159,-0.6963,0.5099,0.2817,0.7433,-0.4769,ASML
2020-11-20,206.0228,208.7747,201.8132,202.2554,125116000,-0.0261,-0.3869,-0.4045,-0.3199,-0.4249,-0.3739,-0.396,-0.6936,1.7546,-1.2942,-0.4302,-0.7107,-0.4452,-0.0642,-0.3809,-0.4056,-0.6751,-0.1184,-0.1452,1.2186,-0.1047,MSFT
2020-11-20,13.1324,13.608,13.0252,13.0479,2143752000,-0.0159,-0.5746,-0.5778,-0.3255,-0.4412,-0.2011,-0.5161,-1.7577,2.6774,-1.5731,0.0203,-0.5188,-0.5556,0.7014,0.5879,0.0404,-0.2702,0.8464,-0.1368,0.9306,0.4894,NVDA
2020-11-20,58.2921,61.1423,58.1848,59.932,94674600,0.0582,1.6566,1.6913,1.6694,1.6706,1.5999,1.3359,0.8032,1.6007,-0.9797,0.8378,1.1173,1.1984,0.0527,-0.2781,1.6498,0.1488,0.4023,0.1574,-1.3822,-1.2296,MU
2020-11-20,81.21,86.1,80.48,84.64,183207500,0.0387,0.5206,0.1479,0.2041,0.2911,0.349,-0.4412,-1.068,2.3395,-1.6463,-0.2879,-0.2725,0.0592,0.4833,0.6102,0.1931,-1.0636,-0.211,-0.0511,0.9952,0.319,AMD
2020-11-20,87.9829,89.3421,86.2599,86.5174,142616000,-0.0198,0.0308,0.5797,0.6705,0.4523,0.5307,0.7171,0.0641,1.4502,-0.3099,0.4602,0.6974,0.3149,-0.5406,-0.5772,0.9618,-0.5708,0.4986,0.0477,0.2071,-0.9494,GOOG
2020-11-20,115.8752,117.8922,113.8192,114.3356,389493400,-0.0162,0.0693,-0.0743,-0.0735,-0.0524,0.0236,-0.5245,-0.0061,1.5407,-1.1004,-0.3659,-0.6672,-0.0374,-0.132,-0.1866,0.0566,-1.4315,-0.4604,0.0066,1.0299,-0.2561,AAPL
2020-11-27,86.8854,89.5869,85.3023,89.0501,113406000,0.0289,0.1146,0.6276,0.8775,0.6452,0.7043,0.7526,-0.4563,0.0774,1.4476,0.398,1.1186,0.708,-0.6066,-0.6819,1.0943,-1.0323,0.4694,0.5793,0.1548,-1.0064,GOOG
2020-11-27,409.8408,420.1158,402.9078,419.2061,1947100,0.0329,0.585,0.9628,1.0402,0.9815,0.9716,0.5296,0.0799,0.5134,2.1487,0.6687,1.2906,1.6827,-0.3104,-0.8193,1.519,-1.4631,0.5063,0.5265,0.7027,-0.5426,ASML
2020-11-27,202.7937,207.9081,200.1116,206.9083,95188300,0.0227,-0.2453,-0.1915,-0.0916,-0.116,-0.1317,-0.3725,-0.571,-0.684,1.7521,-0.4247,-0.2602,0.3514,-0.2153,-0.5525,0.0696,-1.1786,-0.1652,-0.0145,1.2543,-0.2187,MSFT
2020-11-27,114.1797,114.6085,109.7072,113.6048,365024000,-0.0064,-0.3893,-0.2059,-0.1088,-0.1739,-0.0958,-0.5984,-0.391,0.0068,1.5381,-0.9164,-0.7404,0.4136,-0.166,-0.3018,-0.0695,-1.5067,-0.8382,0.0289,0.8966,-0.3256,AAPL
2020-11-27,13.1312,13.3667,12.8458,13.2209,1135048000,0.0132,-0.5811,-0.4395,-0.2321,-0.2432,-0.0827,-0.6702,-0.3843,-1.7531,2.6752,-0.2744,-0.3238,0.2827,0.6454,0.3022,0.0869,-1.4907,0.5126,-0.0538,0.8562,0.421,NVDA
2020-11-27,85.52,88.0,83.32,87.19,147411500,0.0297,0.3982,0.4277,0.4684,0.5303,0.5595,-0.3128,0.614,-1.0601,2.3372,-0.2856,0.1498,1.1655,0.4397,0.341,0.4199,-1.3991,-0.2415,0.0871,0.9722,0.292,AMD
2020-11-27,61.1131,63.2507,60.8105,62.6943,63206900,0.0451,1.3393,1.7544,1.8753,1.7809,1.7817,1.5794,0.9712,0.82,1.5981,1.3293,1.2356,2.2057,0.0652,-0.4399,1.576,-0.8431,0.8118,0.2849,-1.3103,-1.176,MU
2020-12-04,13.2246,13.6319,12.9328,13.521,1269024000,0.0224,0.2251,-0.1375,-0.0907,0.0239,0.1149,-0.6883,0.1473,-0.3732,-1.7565,-0.3324,0.0147,-0.8352,0.589,0.0908,0.2293,-1.2956,0.4723,-0.0643,0.9438,0.6963,NVDA
2020-12-04,205.822,208.9175,202.688,206.0719,137480700,-0.0041,-0.1246,-0.2357,-0.1781,-0.1947,-0.2016,-0.384,0.3226,-0.5607,-0.6871,-0.8839,-0.3412,-0.5764,-0.3413,-0.6842,-0.0713,-0.3785,-0.2215,-0.1518,1.1784,-0.1778,MSFT
2020-12-04,87.33,96.37,86.53,94.04,282485400,0.0756,1.4741,1.2302,1.1201,1.2937,1.2465,0.034,0.4496,0.6299,-1.0634,-0.0214,0.9738,0.6092,0.3388,0.2345,1.4472,-0.0323,-0.1673,0.0899,0.7765,0.3345,AMD
2020-12-04,88.4539,91.7322,87.1536,90.7783,147764000,0.0192,0.313,0.5769,0.9167,0.6742,0.7452,0.7882,0.4344,-0.4455,0.0745,0.3082,1.1758,0.1025,-0.8075,-0.7436,1.079,-0.4508,0.4199,0.358,-0.1483,-1.1483,GOOG
2020-12-04,421.8586,444.8025,415.2799,444.6972,3583000,0.059,1.1046,1.4538,1.4683,1.4349,1.4137,0.7928,0.509,0.0932,0.5106,0.8538,1.3209,1.0339,-0.311,-0.8478,1.6892,-0.1181,0.5751,0.3881,0.6325,-0.3905,ASML
2020-12-04,113.9751,120.6107,113.8192,119.1199,543370600,0.0474,0.4013,0.3247,0.3142,0.3821,0.3675,-0.4427,-0.2113,-0.3799,0.0038,-0.6123,-0.188,0.0354,-0.371,-0.4373,0.4254,-0.7903,-1.0501,0.0235,0.7046,-0.418,AAPL
2020-12-04,63.0164,72.6017,62.0599,71.5865,132155900,0.1326,2.6305,2.9771,3.0516,3.028,2.9839,1.9524,0.7311,0.9888,0.8172,1.5034,1.2059,2.6793,0.3897,-0.2961,1.8951,1.3136,0.9657,0.3289,-1.5885,-1.0352,MU
2020-12-11,71.5377,72.8262,67.7407,68.8437,82191600,-0.0391,0.7611,1.7878,2.1535,1.6736,1.9027,2.1235,2.3345,0.7475,0.9861,1.1635,0.8642,1.6901,0.4349,-0.1898,1.248,-0.2552,1.0025,0.1754,-0.9026,-0.5895,MU
2020-12-11,444.86,451.0365,430.0748,433.4359,3291900,-0.0256,0.1959,0.817,0.9531,0.7079,0.8329,0.8314,0.9869,0.5243,0.0902,0.8593,0.8401,0.4656,-0.2113,-0.8246,1.1102,-0.2809,1.0655,0.1357,0.7367,-0.2385,ASML
2020-12-11,206.0815,208.5618,201.0249,205.0144,138057400,-0.0051,-0.164,-0.2574,-0.2851,-0.2687,-0.2715,-0.4142,-0.168,0.337,-0.5638,-0.5065,-0.201,-0.339,-0.3626,-0.7671,-0.2446,-0.2895,-0.1017,-0.1507,1.1407,-0.2132,MSFT
2020-12-11,90.3318,91.0902,86.4246,88.483,130166000,-0.0256,-0.2091,0.0467,0.4477,0.1463,0.2965,0.6745,0.258,0.4494,-0.4486,0.3481,0.8194,-0.2057,-0.9068,-0.7122,0.6567,-0.7405,0.5808,-0.0139,-0.0681,-1.2009,GOOG
2020-12-11,13.5639,13.6935,12.7878,12.9775,1313492000,-0.041,-0.4788,-0.5534,-0.5616,-0.5259,-0.3752,-0.921,0.3171,0.1609,-0.3762,-0.342,-0.5809,-0.4151,0.6677,0.1451,-0.2361,-1.2198,-0.0111,-0.0351,1.0334,0.8449,NVDA
2020-12-11,94.95,95.0,89.03,91.65,188066100,-0.0257,0.3399,0.7067,0.6362,0.6033,0.6984,0.0948,1.2908,0.4647,0.6271,0.054,0.6145,0.8783,0.3598,0.2144,1.028,-0.8726,-0.001,0.1069,0.7777,0.3622,AMD
2020-12-11,119.1784,122.7252,117.0737,119.2758,452278700,0.0013,0.2945,0.2918,0.2064,0.2527,0.2718,-0.3739,0.774,-0.1993,-0.383,-0.4025,0.8016,0.0038,-0.5373,-0.5159,0.5173,-1.1219,-0.4923,0.0139,0.7224,-0.5733,AAPL
2020-12-18,204.8606,212.3494,204.0339,210.1383,186693000,0.0247,0.1354,0.0322,-0.0755,0.0308,-0.0234,-0.3253,-0.1881,-0.1559,0.3342,0.0175,0.3688,0.1146,-0.3932,-0.8742,0.2744,0.5947,0.4261,0.0015,1.2126,-0.2329,MSFT
2020-12-18,69.6929,72.5724,69.3317,69.7515,74901900,0.0131,0.2822,1.4368,1.9143,1.3718,1.6604,2.0757,-0.8091,2.3585,0.7448,1.2331,0.9432,1.2166,0.3043,-0.2988,1.0754,-0.4829,1.3311,0.1494,-0.7435,-0.597,MU
2020-12-18,13.052,13.427,13.0346,13.2355,1259736000,0.0197,-0.1641,-0.275,-0.389,-0.2325,-0.1643,-0.9574,-0.845,0.3315,0.158,-0.0572,-0.4021,-0.1024,0.5886,-0.1167,-0.0789,-1.2791,0.4417,0.0767,1.1057,0.7815,NVDA
2020-12-18,433.1582,460.9094,432.9954,457.0023,2918200,0.0529,0.6661,1.1376,1.2887,1.1452,1.2269,0.9331,-0.5635,1.0045,0.5215,1.2247,1.2186,0.8884,-0.2271,-0.8673,1.3223,-0.5119,1.4683,0.1256,0.9652,-0.165,ASML
2020-12-18,119.4609,126.2622,118.4281,123.417,621538100,0.0341,0.5952,0.5764,0.4645,0.5553,0.5417,-0.2075,-0.0699,0.7907,-0.2023,0.3905,0.9517,0.4716,-0.5915,-0.5697,0.9859,-0.4094,0.0193,0.0811,0.8654,-0.5864,AAPL
2020-12-18,88.1468,89.2587,85.4264,85.9622,204742000,-0.0289,-0.7378,-0.3964,-0.0154,-0.2901,-0.103,0.4323,-0.5627,0.2722,0.4466,0.4616,0.4279,-0.286,-0.8188,-0.7158,0.2737,0.4883,0.4487,-0.0883,-0.5365,-1.2969,GOOG
2020-12-18,92.21,97.98,91.85,95.92,224014900,0.0455,0.6337,1.0504,0.9527,0.9704,1.0298,0.2537,-0.5652,1.3099,0.4618,0.6478,1.0349,0.9468,0.3688,0.0265,1.3364,-0.3547,0.41,0.1133,0.7965,0.3607,AMD
2020-12-25,440.7424,464.0502,439.9954,462.6042,1715200,0.0122,0.4166,0.8224,1.1637,0.9657,1.1002,0.9816,0.8755,-0.5532,1.0018,1.217,1.2859,0.6843,-0.2218,-0.8836,1.1542,-1.4737,1.4298,0.1156,0.969,-0.1666,ASML
2020-12-25,13.0388,13.3332,12.9032,12.958,764940000,-0.0212,-0.4802,-0.5886,-0.5973,-0.4876,-0.4035,-1.0971,0.2666,-0.8361,0.3286,-0.186,-0.7415,-0.4048,0.5995,-0.2537,-0.4589,-1.9064,-0.0014,0.0129,1.1201,0.7898,NVDA
2020-12-25,68.3264,70.0638,67.9847,68.8925,37707100,-0.0124,-0.4062,0.7231,1.3566,0.8267,1.1765,1.9056,0.146,-0.8001,2.3562,0.9822,0.8368,0.6431,0.0842,-0.4466,0.8303,-1.6572,1.0356,0.0657,-0.3624,-0.5524,MU
2020-12-25,121.819,130.9686,120.2892,128.591,433310200,0.0411,0.8011,0.8028,0.7722,0.8771,0.8473,0.0254,0.531,-0.0573,0.7879,1.0079,1.0606,0.9348,-0.5442,-0.5374,1.3631,-1.0982,0.5634,0.1364,0.6166,-0.6439,AAPL
2020-12-25,209.1386,216.9062,208.879,214.1375,89044300,0.0189,0.3392,0.1189,0.0529,0.1951,0.1278,-0.2005,0.3581,-0.176,-0.1589,0.2763,0.8115,0.079,-0.3934,-0.9656,0.6281,-1.172,0.8494,-0.0017,1.1456,-0.2704,MSFT
2020-12-25,85.0932,86.8055,84.3726,86.3516,82914000,0.0045,-0.5043,-0.4437,-0.1121,-0.2278,-0.089,0.2368,-0.623,-0.5525,0.2693,0.8821,0.4884,-0.4967,-0.8138,-0.8498,0.2532,-1.495,0.5906,-0.113,-0.5173,-1.2913,GOOG
2020-12-25,94.25,95.28,90.53,91.81,125466800,-0.0438,-0.4847,0.1549,0.3551,0.1451,0.3316,0.1378,0.7399,-0.5549,1.3073,0.4419,0.4583,0.2383,0.4481,0.0431,0.6543,-1.407,0.5188,0.0446,0.7877,0.4245,AMD
2021-01-01,92.93,93.14,89.43,91.71,113151200,-0.0011,-0.3845,0.0365,0.2537,0.042,0.2165,0.0018,-0.8956,0.7563,-0.558,0.3075,0.4442,-0.448,0.45,-0.1261,0.5386,-1.4893,0.1971,-0.0481,0.8972,0.6015,AMD
2021-01-01,466.4825,471.7684,458.1418,467.0379,1521100,0.0095,0.3598,0.6467,1.0472,0.7974,0.9668,0.9653,0.1292,0.8926,-0.5563,1.3793,1.2011,0.214,-0.2564,-0.9975,1.0112,-1.6142,1.8307,0.0624,0.9262,-0.1402,ASML
2021-01-01,130.5593,135.2364,128.3475,129.2926,441102200,0.0054,0.4923,0.6842,0.7091,0.6795,0.7136,0.1494,0.658,0.5465,-0.0603,0.8531,0.6691,0.5243,-0.5702,-0.5832,1.1569,-0.9958,1.1095,0.126,0.5795,-0.6184,AAPL
2021-01-01,215.7718,218.3962,211.1862,213.8203,76551100,-0.0015,0.1244,0.1052,0.008,0.0756,0.0424,-0.1406,0.2513,0.3727,-0.179,0.0597,0.7137,0.1025,-0.4792,-1.0314,0.4954,-1.3838,0.7774,0.03,1.1049,-0.3038,MSFT
2021-01-01,70.0736,73.8706,67.4869,73.3825,52583400,0.0631,0.7267,1.0729,1.7067,1.3672,1.6349,1.7926,-0.3207,0.1596,-0.8032,1.31,1.2657,-0.0079,0.0679,-0.4567,0.9829,-1.0938,1.4018,0.0037,-0.4732,-0.5558,MU
2021-01-01,86.9865,89.0129,85.6936,86.9986,100208000,0.0075,-0.1481,-0.3431,-0.1538,-0.144,-0.0467,0.1056,-0.0111,-0.613,-0.5556,1.0254,0.5362,-0.5968,-0.852,-0.9245,0.2647,-1.1769,0.9742,-0.1466,-0.6559,-1.3249,GOOG
2021-01-01,13.0266,13.1774,12.7282,13.0191,800756000,0.0047,-0.2022,-0.3579,-0.5067,-0.3802,-0.3419,-1.1395,-0.4818,0.2808,-0.8393,-0.4165,-0.996,-0.5569,0.4967,-0.4227,-0.4894,-1.8293,-0.4854,-0.0023,1.0971,0.7795,NVDA
2021-01-08,478.7876,492.4717,468.9722,487.1666,5206100,0.0422,0.6259,0.89,1.2648,1.0787,1.2196,1.0031,0.0808,0.1427,0.8899,1.4397,1.205,0.8647,-0.269,-1.0354,1.1066,1.3733,1.876,0.2677,1.0109,-0.12,ASML
2021-01-08,87.2797,89.8769,84.3726,89.7463,199298000,0.0311,0.3996,0.0206,0.0542,0.2068,0.2368,0.1129,0.0428,0.0018,-0.6162,1.1217,0.9935,-0.1033,-0.871,-0.9173,0.5153,0.5129,1.0279,0.1852,-0.5693,-1.3124,GOOG
2021-01-08,13.0682,13.615,12.5514,13.2403,2217832000,0.0168,0.031,-0.146,-0.3028,-0.1513,-0.165,-1.0715,-0.0078,-0.4711,0.2779,-0.4032,-0.6808,-0.0506,0.5099,-0.3825,-0.2197,0.2109,-0.5896,0.1124,1.0989,0.7868,NVDA
2021-01-08,92.11,96.4,89.46,94.58,220635900,0.0308,0.0666,0.1992,0.4708,0.3497,0.459,-0.0061,-0.1138,-0.887,0.7536,0.2694,0.8469,0.0528,0.4638,-0.1911,0.7651,-0.1462,0.1873,0.0469,0.9068,0.6142,AMD
2021-01-08,74.6514,82.1478,71.9867,75.569,166182400,0.0294,0.8441,0.9932,1.6545,1.3503,1.6294,1.7344,1.0621,-0.3093,0.1567,1.6616,0.7079,0.6328,0.0688,-0.1879,0.9649,2.6199,2.1179,0.1908,-0.4943,-0.5716,MU
2021-01-08,130.1013,130.189,123.1442,128.669,610791200,-0.0048,0.022,0.4493,0.5539,0.4036,0.4925,0.1655,0.0058,0.6741,0.5437,0.7658,0.6004,0.4657,-0.5615,-0.5977,0.9418,-0.2091,0.5894,0.055,0.4971,-0.6482,AAPL
2021-01-08,213.926,214.3778,203.7455,211.1286,147534500,-0.0127,-0.2684,-0.083,-0.1266,-0.1503,-0.1447,-0.1653,-0.121,0.2654,0.3699,0.0097,0.379,0.0339,-0.4826,-0.9971,0.1574,0.0272,0.2914,0.0266,1.0498,-0.3366,MSFT
2021-01-15,94.03,99.23,87.86,88.21,279733900,-0.0697,-0.8822,-0.7293,-0.3296,-0.6197,-0.3903,-0.341,0.4703,-0.1014,-0.8902,-0.2158,-0.1464,-0.9387,0.6583,0.2239,-0.0279,0.5506,-0.3905,-0.0694,0.93,0.777,AMD
2021-01-15,125.8822,128.0843,123.6119,123.8847,482792700,-0.0379,-0.7332,-0.1631,0.0534,-0.2036,-0.0369,-0.0157,-0.1824,0.0187,0.6713,0.1723,0.0733,-0.1959,-0.5422,-0.6144,0.3986,-0.6783,0.1736,-0.0154,0.5574,-0.6387,AAPL
2021-01-15,88.6965,89.106,85.4925,86.2195,123650000,-0.0401,-0.4091,-0.4749,-0.4072,-0.3772,-0.2666,-0.0683,0.4754,0.056,-0.0012,0.5083,0.1897,-0.2029,-0.7951,-0.8599,0.0475,-0.7282,0.6869,0.3231,0.1212,-1.0371,GOOG
2021-01-15,13.3819,13.9226,12.8132,12.8242,1580748000,-0.0319,-0.4408,-0.5152,-0.5786,-0.5519,-0.5126,-1.188,0.2145,0.0051,-0.4742,-0.8761,-1.2739,-0.5036,0.5324,-0.2245,-0.7874,-0.6685,-0.7277,0.0194,1.1041,0.7548,NVDA
2021-01-15,74.7588,80.2444,74.5929,78.79,85181400,0.0417,1.0683,1.1042,1.7358,1.4959,1.7677,1.6998,0.4437,1.0801,-0.3123,1.6608,0.9886,0.9142,0.0661,-0.2728,0.9943,-0.0913,2.1374,0.1904,-0.6755,-0.7052,MU
2021-01-15,479.2759,523.2294,478.2513,505.1309,4187900,0.0362,0.8489,1.0099,1.362,1.2187,1.364,1.0704,0.6787,0.0941,0.1398,1.439,0.9866,0.7001,-0.3746,-0.891,1.1235,0.4532,1.9108,0.283,0.7367,-0.3967,ASML
2021-01-15,210.023,210.446,203.832,204.428,127595000,-0.0323,-0.7607,-0.4999,-0.4447,-0.5549,-0.4991,-0.3237,-0.3258,-0.1087,0.2625,-0.5892,-0.4543,-0.4691,-0.4413,-1.0056,-0.4927,-0.3319,-0.1148,-0.1357,1.0754,-0.3202,MSFT
2021-01-22,79.3367,85.1639,79.0243,80.3128,76719900,0.0191,0.6827,0.9486,1.4978,1.3166,1.6205,1.6408,0.6704,0.4587,1.0774,1.6576,0.8789,1.2336,-0.2548,-0.2638,0.9192,-0.3483,2.1514,0.2787,-1.8682,-1.3281,MU
2021-01-22,510.3979,549.4676,508.1093,545.3021,4799600,0.0765,1.5721,1.6101,1.8316,1.8443,1.9495,1.2551,0.5691,0.6948,0.0912,1.6552,1.2561,1.3483,-0.6193,-0.863,1.3394,0.9322,1.9432,0.3425,0.507,-0.4507,ASML
2021-01-22,89.56,95.95,87.24,92.79,205817500,0.0506,0.0477,-0.2022,0.0257,0.0634,0.1443,-0.3567,-1.3704,0.4855,-0.1044,-0.0103,0.4647,-0.1351,0.3811,0.1494,0.4394,-0.2765,0.0167,0.006,0.8266,0.8942,AMD
2021-01-22,124.5083,136.2693,123.6898,135.5093,429687100,0.0897,0.7784,0.7164,0.812,0.8818,0.8773,0.1802,-0.7876,-0.1703,0.0158,0.5807,1.2429,0.2455,-0.499,-0.6095,1.2844,-0.8003,0.0399,-0.0154,0.2174,-0.4549,AAPL
2021-01-22,205.4855,221.1745,204.4088,217.2138,129140300,0.0607,0.3576,0.1847,0.087,0.2378,0.1539,-0.1657,-0.6843,-0.3144,-0.1116,-0.2644,0.8719,-0.1025,-0.5317,-0.9529,0.8641,-0.2279,-0.1306,-0.1115,0.9655,-0.1361,MSFT
2021-01-22,12.9805,13.9608,12.8087,13.6748,1069360000,0.0642,0.5638,0.2383,0.0024,0.2836,0.1794,-0.8996,-0.6785,0.2285,0.0022,-0.5291,-0.0614,0.2588,0.4303,-0.2906,0.3344,-1.267,-0.8182,0.0787,1.1626,1.1929,NVDA
2021-01-22,87.017,96.0855,86.4812,94.4065,151218000,0.0907,0.9548,0.5864,0.4077,0.7527,0.6827,0.1499,-0.8279,0.4906,0.053,0.7876,1.0506,0.5939,-0.4357,-0.7522,0.8685,-0.1668,0.6867,0.3791,0.3492,-0.3232,GOOG
2021-01-29,81.201,81.5036,72.5529,76.3986,92760600,-0.05,-0.5054,0.1768,0.6062,0.3223,0.73,1.3751,0.2566,0.6865,0.4559,1.1818,0.5198,0.1334,-0.0682,0.0598,0.5631,0.1505,1.6158,0.1667,-1.7171,-0.7342,MU
2021-01-29,139.4068,141.3751,126.8761,128.5813,716991000,-0.0525,-0.2476,-0.089,0.1388,-0.0248,0.1188,0.0606,1.5482,-0.7784,-0.1733,0.3671,0.1484,-0.2779,-0.5478,-0.2705,0.5415,0.6348,0.5512,-0.0844,0.1392,0.0491,AAPL
2021-01-29,95.3808,95.8233,89.8352,91.1631,187488000,-0.035,0.0101,0.1224,-0.0041,0.0915,0.1473,0.12,1.567,-0.8189,0.4878,0.27,0.5224,0.1931,-0.6424,-0.6452,0.4135,0.4567,0.1608,0.0404,0.0739,-0.1162,GOOG
2021-01-29,13.7439,13.7905,12.7586,12.954,1286232000,-0.0541,-0.4866,-0.3783,-0.4534,-0.4857,-0.4558,-1.0151,1.082,-0.6688,0.2256,-0.7074,-1.0888,-0.2734,-0.4277,-0.1265,-0.775,-0.8442,-0.8152,0.0115,0.7942,0.6374,NVDA
2021-01-29,94.14,95.74,85.02,85.64,291661400,-0.0802,-1.1749,-1.0341,-0.7846,-0.9518,-0.744,-0.7617,0.8329,-1.364,0.4827,-0.3248,-0.4893,-0.8134,0.0975,0.5505,-0.4623,0.765,-0.1109,-0.0361,0.7069,1.3848,AMD
2021-01-29,538.3117,544.1242,500.3429,511.5087,5196900,-0.064,-0.1889,0.4901,0.8101,0.5283,0.8311,1.1481,1.3071,0.5848,0.6921,1.1672,0.7055,0.611,-0.5802,-0.5967,0.7593,1.1694,1.497,0.1905,0.1446,0.0087,ASML
2021-01-29,220.2612,233.2585,215.5507,222.9914,243806600,0.0263,0.6723,0.396,0.3325,0.4466,0.3569,0.0164,1.0168,-0.6747,-0.3175,0.0342,0.4904,0.1492,-1.0684,-0.852,1.2292,2.0295,0.4202,0.0479,-1.1493,-1.22,MSFT
2021-02-05,92.0486,105.1057,91.9175,104.187,227630000,0.1335,1.9724,1.639,1.3206,1.6817,1.5352,0.5471,-0.7339,1.5873,-0.822,0.9288,1.1984,1.1907,0.1113,-0.5145,1.5165,1.1285,0.2213,0.0607,0.527,0.8647,GOOG
2021-02-05,524.1871,533.179,518.9681,529.3677,3222800,0.0343,0.0865,0.6206,0.9418,0.7718,1.0176,1.0302,-1.2651,1.3263,0.582,1.5373,0.9876,0.5351,-0.5779,-0.7403,0.8312,-0.355,1.9097,0.1366,0.0498,-0.3001,ASML
2021-02-05,86.83,89.48,84.66,87.9,169582500,0.026,-0.3224,-0.664,-0.5873,-0.4975,-0.4184,-0.8748,-1.5619,0.8498,-1.3673,0.1239,-0.1877,-0.8526,-0.0141,0.3058,-0.2477,-0.74,0.1139,-0.0465,0.3444,0.571,AMD
2021-02-05,13.0174,13.8935,12.8673,13.5536,1053544000,0.0452,0.2886,0.1224,-0.0073,0.1065,0.0306,-0.8204,-1.0852,1.1001,-0.6719,-0.0891,-0.2986,-0.0204,-0.7193,-0.2109,0.1051,-1.07,-0.4058,-0.024,1.1998,0.1054,NVDA
2021-02-05,77.6871,80.5568,76.6036,79.161,66220100,0.0355,-0.0356,0.4142,0.7072,0.6267,0.9457,1.1399,-1.0086,0.2707,0.6837,1.5196,0.7712,0.1902,-0.0845,-0.1404,0.6297,-0.6715,1.8819,0.0872,-1.657,-0.8861,MU
2021-02-05,225.9716,235.6138,223.4432,232.8355,129739500,0.0432,1.0475,0.7543,0.6992,0.8191,0.7128,0.2712,0.3868,1.0346,-0.6778,0.8597,1.1081,0.678,-1.0822,-0.9068,1.7268,-0.2518,0.9494,0.1999,-0.882,-1.2579,MSFT
2021-02-05,130.3255,134.1016,127.5777,133.4575,439303000,0.0372,0.308,0.2097,0.4156,0.3756,0.4441,0.085,-1.0547,1.5685,-0.7816,0.9565,0.5964,0.0991,-0.5091,-0.4367,0.8613,-0.6448,0.6274,-0.0221,0.1402,-0.1687,AAPL
2021-02-12,233.7487,236.4117,231.4992,235.5176,100275800,0.0115,0.5657,0.7121,0.6822,0.7103,0.6677,0.4406,0.697,0.4015,1.0319,0.4304,1.2403,1.1128,-1.1947,-1.0582,1.4933,-0.8101,0.9078,0.3401,-0.9366,-1.3663,MSFT
2021-02-12,88.31,94.22,87.98,93.77,201787000,0.0646,0.6584,0.179,-0.0124,0.3329,0.2674,-0.6495,0.383,-1.5564,0.8471,-0.075,0.4649,0.3269,0.0833,0.0626,0.4801,-0.2887,0.0923,0.0666,0.4554,0.8138,AMD
2021-02-12,132.7452,134.5505,130.4616,132.101,345543100,-0.0102,-0.2056,-0.0285,0.1776,0.1078,0.2133,0.022,0.5876,-1.0468,1.566,0.5202,0.3288,0.356,-0.5256,-0.5683,0.6268,-1.0472,0.5748,-0.0139,0.0027,-0.2386,AAPL
2021-02-12,13.6895,15.2492,13.6895,14.9201,2033120000,0.0961,1.4738,1.1947,0.9171,1.214,1.0079,-0.2934,0.7345,-1.0774,1.0974,-0.3253,0.9094,1.213,-0.3086,-0.2071,1.7511,0.7978,-0.3339,0.0873,0.2478,0.1701,NVDA
2021-02-12,104.5798,105.4557,102.4534,104.4904,101374000,0.0029,1.0231,1.322,1.1607,1.2479,1.2476,0.7803,2.351,-0.7245,1.5848,0.6839,1.1684,1.6408,0.0676,-0.6707,1.3021,-1.0749,0.106,0.2936,0.4714,0.805,GOOG
2021-02-12,79.7954,86.2083,79.3562,85.9058,65650800,0.0818,1.1751,1.1608,1.3086,1.4483,1.6512,1.1522,0.5564,-1.0005,0.2679,1.5632,1.2929,0.5677,0.0,-0.2675,0.9014,-0.6683,1.8989,0.0713,-1.4902,-0.69,MU
2021-02-12,534.3088,575.9548,534.3088,572.6319,3366600,0.0786,1.04,1.3019,1.5236,1.5217,1.6764,1.1142,0.5345,-1.2582,1.3237,1.5329,1.266,0.95,-0.4411,-0.7449,1.1267,-0.2234,1.8989,0.1132,-0.2008,-0.2583,ASML
2021-02-19,87.0869,89.3026,82.8701,88.7852,61400900,0.033,1.3222,1.179,1.3574,1.4576,1.6844,1.2015,1.4032,0.572,-1.0037,1.5668,1.2675,0.7016,-0.0099,-0.3184,0.9331,-0.6916,1.9073,0.0594,-1.6837,-0.8751,MU
2021-02-19,15.0228,15.3302,14.5349,14.8855,1102308000,-0.0023,0.9677,0.9171,0.7731,0.8355,0.7608,-0.0341,1.6648,0.751,-1.0807,0.3229,0.78,0.552,-0.3008,-0.2815,1.3171,-0.7802,0.2545,0.0194,0.2544,0.1193,NVDA
2021-02-19,235.5561,236.6135,231.4254,232.1866,90570200,-0.0142,-0.0484,0.3871,0.4166,0.3116,0.3542,0.4598,0.1158,0.7133,0.3987,0.6473,0.9118,0.379,-1.152,-1.1461,1.0306,-0.9724,0.5206,0.2042,-0.783,-1.2995,MSFT
2021-02-19,93.9,94.0,87.31,89.58,132524600,-0.0457,-0.0806,-0.3593,-0.5037,-0.3494,-0.2992,-0.7549,1.0897,0.3978,-1.5598,-0.0592,-0.425,-0.5346,0.166,0.1533,-0.1643,-1.1392,-0.2782,-0.014,0.5256,0.892,AMD
2021-02-19,132.2182,132.7256,124.3333,126.7339,363020300,-0.0415,-0.6854,-0.5223,-0.3451,-0.468,-0.2998,-0.223,-0.2809,0.6033,-1.05,0.0976,-0.2472,-0.8008,-0.3969,-0.4656,0.0761,-0.9002,0.1771,-0.0626,0.4176,0.0973,AAPL
2021-02-19,104.5029,106.9024,104.1577,104.343,95674000,-0.0014,0.482,0.9709,0.984,0.8722,0.9661,0.8573,-0.0406,2.3751,-0.7276,0.637,0.9379,0.6995,0.0695,-0.8093,1.1215,-1.1458,0.0293,0.0397,0.4157,0.6876,GOOG
2021-02-19,579.9,582.8973,551.6223,569.194,2985000,-0.006,0.6879,0.8629,1.1513,1.0171,1.2608,1.0998,1.3444,0.5499,-1.2615,1.4193,1.0705,0.1573,-0.3859,-0.7357,0.9167,-0.4987,1.8912,-0.0295,-0.0497,-0.1633,ASML
2021-02-26,124.9188,126.5875,115.5311,118.3318,685989200,-0.0686,-1.5952,-1.2094,-1.0147,-1.215,-0.985,-0.7083,-0.8532,-0.2693,0.6006,-0.2929,-1.1488,-0.9328,-0.2265,-0.1894,-0.7508,0.8491,0.0159,-0.0627,0.655,0.0036,AAPL
2021-02-26,87.3894,90.8741,80.4689,89.3416,105895700,0.0062,0.6524,0.925,1.2049,1.1244,1.4059,1.1641,0.5098,1.4228,0.5692,1.5056,1.1507,1.2657,-0.5753,-0.1081,0.8331,0.8572,1.2923,0.1883,-1.7503,-1.469,MU
2021-02-26,228.766,229.2574,219.5737,223.9097,170376700,-0.0363,-0.772,-0.1517,-0.0449,-0.2535,-0.1323,0.2968,-0.3547,0.1293,0.7105,0.4678,0.1412,-0.193,-1.0093,-1.0395,0.3481,0.6812,0.3923,-0.0169,-0.0683,-1.1265,MSFT
2021-02-26,88.15,88.3,79.36,84.51,231060300,-0.0583,-1.1385,-0.9417,-0.9878,-1.0077,-0.8837,-1.082,-0.9308,1.1078,0.3949,-0.4994,-1.1936,-0.3458,0.0332,0.4782,-0.9223,0.2199,-0.7023,0.0001,0.6144,0.2719,AMD
2021-02-26,14.7341,15.0917,13.1799,13.6768,2491352000,-0.0847,-0.962,-0.2651,-0.1537,-0.442,-0.3058,-0.2354,-0.1364,1.6856,0.7482,-0.2227,-0.6981,0.2631,0.054,0.2223,-0.1377,1.9053,0.1602,-0.0176,0.5875,0.279,NVDA
2021-02-26,102.6476,104.3251,99.4206,101.1508,163902000,-0.0311,-0.6135,0.31,0.5292,0.2272,0.4163,0.7358,-0.1197,-0.0279,2.3728,0.5006,0.4564,0.7375,0.1401,-0.7803,0.7131,0.0927,-0.0509,0.0703,0.3061,0.1992,GOOG
2021-02-26,562.7016,570.6879,535.9272,543.0422,5016600,-0.047,-0.5329,0.008,0.4352,0.14,0.4797,0.8454,-0.2041,1.3638,0.5471,0.9546,0.5715,0.3147,-0.2284,-0.6173,0.5264,1.0455,1.2414,-0.0281,0.2454,-0.217,ASML
2021-03-05,85.37,86.95,74.2,78.52,230213700,-0.0735,-1.9925,-1.5257,-1.5551,-1.6788,-1.5051,-1.6316,-1.1605,-0.9223,1.1051,-0.9146,-1.4878,-1.171,0.1854,1.0094,-1.6967,0.1837,-1.0657,-0.0943,0.6037,0.4103,AMD
2021-03-05,227.3014,228.8142,216.0857,223.1581,168766600,-0.0034,-0.6352,-0.2779,-0.1517,-0.2931,-0.195,0.1364,-0.7584,-0.3434,0.1264,0.2719,0.0391,-0.5961,-1.0122,-0.9868,0.2384,0.6123,-0.0642,-0.1556,-0.0772,-1.1438,MSFT
2021-03-05,92.2797,93.4607,79.893,86.8038,127312800,-0.0288,-0.3623,0.3136,0.6573,0.441,0.7919,0.9524,0.0205,0.5251,1.4202,1.1538,0.6035,0.6227,-0.6375,0.3321,0.5847,1.4921,0.6762,0.0633,-1.6451,-1.4656,MU
2021-03-05,13.8369,13.8867,11.6471,12.4272,2111076000,-0.0958,-2.3395,-1.3184,-1.0685,-1.5024,-1.2517,-0.8095,-1.6443,-0.1242,1.6831,-0.7883,-1.3546,-0.9627,0.3459,0.9119,-1.506,1.0956,0.0001,-0.1135,0.4227,0.4667,NVDA
2021-03-05,120.7617,125.6117,114.7309,118.4879,663456700,0.0013,-1.0201,-1.0788,-0.9972,-0.9964,-0.8736,-0.9964,-1.3498,-0.8444,-0.2723,-0.2462,-1.4986,-1.2192,-0.2265,-0.0988,-0.7527,0.8017,-0.1349,-0.0474,0.6118,-0.0405,AAPL
2021-03-05,102.1271,105.1857,99.8169,104.7104,166730000,0.0346,0.0372,0.5133,0.7551,0.541,0.6698,0.6883,-0.6627,-0.1074,-0.0308,0.5463,0.9933,-0.185,0.1054,-0.8474,0.9261,0.1573,0.0479,0.0057,0.0351,-0.0247,GOOG
2021-03-05,548.0982,559.5798,480.7986,504.6905,5455100,-0.0732,-1.6928,-0.9392,-0.4562,-0.8151,-0.4096,0.3075,-0.955,-0.1921,1.3612,0.336,-0.2616,-0.6407,0.0444,-0.0416,0.0381,1.3202,0.6905,-0.182,0.0987,-0.0459,ASML
2021-03-12,12.4158,13.0149,11.5347,12.8251,1993192000,0.0315,-1.0778,-0.9536,-0.7411,-0.8818,-0.8101,-0.9875,-1.848,-1.6392,-0.1271,-0.7488,-0.919,-1.4685,0.3713,0.8707,-0.9992,0.7838,-0.4706,-0.1097,0.4616,0.5519,NVDA
2021-03-12,222.9365,230.4522,218.8511,227.1569,150656000,0.0178,-0.1113,-0.2136,-0.0335,-0.0717,-0.0299,0.0769,-0.1554,-0.7491,-0.3465,0.4528,0.421,-0.5426,-1.0271,-0.9979,0.4349,0.1924,-0.0286,-0.1276,-0.118,-1.1576,MSFT
2021-03-12,78.03,81.89,73.86,81.05,221590500,0.0317,-0.7167,-1.0459,-1.1365,-1.0248,-1.0335,-1.6941,-1.4398,-1.1531,-0.9255,-1.172,-1.1113,-1.4264,0.1273,0.8775,-1.3282,0.0497,-1.6195,-0.0865,0.5872,0.366,AMD
2021-03-12,118.0098,120.2347,113.4038,118.1074,586977300,-0.0032,-0.5362,-1.0499,-0.9947,-0.8744,-0.8224,-1.1773,-0.0697,-1.3432,-0.8476,-0.5487,-1.5029,-1.1642,-0.2897,-0.1654,-0.837,0.3512,-0.5863,-0.0635,0.4685,-0.1595,AAPL
2021-03-12,104.3425,105.7171,100.3935,102.3953,151564000,-0.0224,-0.3032,-0.0387,0.3492,0.0859,0.2698,0.5331,0.5394,-0.6529,-0.1103,0.2682,0.6441,-0.4063,0.0838,-0.813,0.5909,-0.0932,-0.4096,-0.2036,0.219,0.0927,GOOG
2021-03-12,504.1159,525.2309,479.86,514.8314,5022300,0.0199,-0.8273,-0.7297,-0.3496,-0.4603,-0.1917,-0.0567,-1.4348,-0.9466,-0.1952,0.2225,-0.1896,-1.1201,-0.0267,-0.029,0.0968,0.8414,0.1879,-0.1459,-0.0106,-0.1544,ASML
2021-03-12,86.4524,88.0629,82.8408,85.6715,111050400,-0.0131,-0.6032,0.012,0.3303,0.1222,0.4675,0.6546,-0.6215,0.0335,0.5223,0.6739,0.3049,-0.2534,-0.5824,0.2491,0.4403,0.8706,0.0724,-0.0442,-1.8949,-1.5356,MU
2021-03-19,12.8338,13.48,12.5822,12.8149,1331084000,-0.0008,-0.3435,-0.8694,-0.7402,-0.7555,-0.7441,-1.0969,0.4831,-1.8438,-1.6426,-0.5568,-0.9282,-1.4569,0.3573,0.7259,-1.0449,-0.4177,-0.0926,-0.1192,0.4607,0.5258,NVDA
2021-03-19,515.8274,542.0461,513.2802,524.2063,4270000,0.018,-0.0647,-0.4511,-0.2661,-0.2002,-0.0241,-0.2525,0.2704,-1.4287,-0.9498,0.4388,-0.0066,-0.9268,-0.0242,-0.1657,0.1648,0.2852,0.257,-0.0227,-0.0491,-0.1824,ASML
2021-03-19,226.3957,231.3098,220.9902,221.9537,164952900,-0.0232,-0.3428,-0.5318,-0.3037,-0.3879,-0.3123,-0.074,0.2313,-0.1432,-0.7523,0.2228,-0.1918,-0.6182,-0.9844,-0.9702,0.0144,0.5227,-0.1001,-0.1662,-0.1108,-1.1196,MSFT
2021-03-19,81.91,84.75,77.59,79.06,218698900,-0.0249,-0.5791,-1.1026,-1.2555,-1.1452,-1.1688,-1.8495,0.4868,-1.4337,-1.1564,-1.1557,-1.3778,-1.2657,0.0945,0.8993,-1.7192,0.1435,-1.1913,-0.1086,0.6511,0.3589,AMD
2021-03-19,85.6715,93.2069,84.0805,88.346,121344500,0.0307,0.0214,0.2544,0.4488,0.4115,0.6715,0.4793,-0.3342,-0.6115,0.0306,1.1257,0.6548,-0.273,-0.6307,0.2608,0.5642,1.0885,0.1986,-0.0082,-1.9036,-1.5669,MU
2021-03-19,102.4142,105.4563,100.1983,101.4657,155300000,-0.0091,-0.3446,-0.2628,0.1115,-0.1,0.0808,0.334,-0.5032,0.5549,-0.6561,0.3837,0.5039,-0.4727,0.1022,-0.8044,0.4241,0.0426,-0.4777,-0.2686,0.2308,0.1099,GOOG
2021-03-19,118.4782,124.1479,116.79,117.0925,626343500,-0.0086,-0.3114,-0.9356,-1.0047,-0.8405,-0.8319,-1.3048,-0.1528,-0.0571,-1.3466,-0.6115,-1.6262,-0.9007,-0.3991,-0.1889,-1.0775,0.5903,-0.5156,-0.0816,0.7212,-0.1616,AAPL
2021-03-26,221.8766,232.2637,221.7513,227.8602,146927300,0.0263,0.0877,-0.2409,-0.0868,-0.0445,-0.0423,-0.0796,-0.5181,0.2453,-0.1462,0.2478,0.4189,-0.0736,-0.9515,-1.0182,0.3953,0.1629,-0.1354,-0.0196,-0.0403,-1.0592,MSFT
2021-03-26,543.5689,600.6989,531.9434,599.138,7227000,0.1336,2.1678,1.0204,0.9578,1.4406,1.379,0.1294,0.2365,0.2846,-1.432,0.7492,1.291,0.6823,0.5178,-0.1791,1.0457,2.4206,0.4732,0.209,-0.4537,0.0533,ASML
2021-03-26,101.3981,103.2042,99.8532,101.0857,147764000,-0.0038,-0.4144,-0.4589,-0.0541,-0.1788,-0.0204,0.1417,-0.2608,-0.4927,0.5521,0.5795,0.4466,-0.235,0.1125,-0.8905,0.3102,-0.0233,-0.4342,-0.2851,0.2002,0.1097,GOOG
2021-03-26,89.6344,90.2103,78.5656,85.8863,123221700,-0.0282,-0.3387,-0.2802,0.0103,-0.0822,0.209,0.2001,0.469,-0.3229,-0.6146,0.7915,0.333,-0.5706,-0.6364,0.5652,0.3357,1.0278,-0.2929,-0.1353,-2.3194,-1.7476,MU
2021-03-26,79.99,81.27,74.96,77.41,217752600,-0.0211,-0.5575,-1.2057,-1.3232,-1.1969,-1.2477,-1.9737,-0.549,0.502,-1.4371,-1.5141,-1.5988,-0.9707,0.0908,0.8656,-1.7738,0.157,-1.6807,-0.1099,0.6039,0.3348,AMD
2021-03-26,117.4243,121.2398,116.0483,118.283,488825800,0.0101,-0.111,-0.6911,-0.8373,-0.5955,-0.6546,-1.2873,-0.2519,-0.1406,-0.0601,-0.7876,-1.4816,-0.233,-0.3917,-0.3353,-0.9658,-0.1487,-0.9694,-0.0058,0.7206,-0.1461,AAPL
2021-03-26,12.8817,13.3623,12.2425,12.8084,1424804000,-0.0005,-0.0211,-0.8594,-0.7324,-0.6523,-0.6848,-1.1371,-0.1085,0.4983,-1.8473,-0.6666,-0.934,-0.7897,0.356,0.6786,-0.9928,-0.2186,-0.4748,-0.0925,0.4584,0.5324,NVDA
2021-04-02,77.03,81.31,74.85,81.09,160155500,0.0464,0.1954,-0.5349,-0.7587,-0.4567,-0.6587,-1.6815,-0.48,-0.5387,0.4992,-1.0889,-1.1059,0.0595,0.1574,0.6255,-1.2687,-0.6138,-1.3747,-0.0156,0.6446,0.3801,AMD
2021-04-02,227.9662,233.9884,222.6764,233.5163,123981000,0.0245,0.3497,0.064,0.0836,0.2051,0.1713,-0.0024,0.387,-0.5076,0.2424,0.2989,1.0037,0.1803,-0.9564,-1.0459,0.6876,-0.2865,-0.0757,0.1337,0.2827,-0.9773,MSFT
2021-04-02,100.7048,106.4188,100.096,106.161,108506000,0.049,0.4879,0.1259,0.3212,0.3976,0.4499,0.1675,-0.1625,-0.2492,-0.4957,0.7725,1.2121,-0.1071,0.1516,-0.9228,0.7068,-0.7422,-0.155,-0.305,0.2432,0.1265,GOOG
2021-04-02,588.6906,612.372,570.2666,610.0834,5774400,0.0181,1.52,1.017,0.9474,1.2621,1.2913,0.3635,2.3523,0.2506,0.2817,0.7763,1.2735,1.6136,0.5,-0.2291,1.0255,1.3007,0.6422,0.459,-0.5986,-0.1105,ASML
2021-04-02,118.7124,121.1813,115.9898,120.0298,359904000,0.0147,0.1149,-0.3444,-0.6374,-0.3474,-0.456,-1.1692,0.0914,-0.2401,-0.1435,-1.0187,-1.2693,-0.1145,-0.3688,-0.4728,-0.7923,-0.8334,-1.0171,-0.0254,0.7677,-0.141,AAPL
2021-04-02,85.6617,92.1234,83.2118,90.2006,100742700,0.049,0.4413,0.1389,0.3798,0.4748,0.6487,0.1405,-0.6108,0.4841,-0.326,1.0616,0.8974,0.116,-0.5794,0.4573,0.619,0.2679,0.0136,-0.0089,-2.135,-1.6575,MU
2021-04-02,12.7894,13.8367,12.6695,13.7785,1096776000,0.073,0.9274,0.0123,-0.0263,0.3089,0.1178,-0.7722,-0.1031,-0.0961,0.4955,-0.1874,-0.0653,0.7303,0.5352,0.422,0.1687,-0.753,-0.2101,0.0093,0.5123,0.7039,NVDA
2021-04-09,81.74,83.79,80.35,82.76,172214600,0.0204,0.4985,-0.0746,-0.5041,-0.1693,-0.4017,-1.3768,0.7564,-0.4694,-0.5418,-0.9765,-0.8822,-0.0431,0.0413,0.3242,-1.0229,-0.4333,-1.0617,-0.0271,0.5861,0.1669,AMD
2021-04-09,233.9114,246.6591,233.8535,246.5242,130514300,0.0542,1.0296,0.6952,0.5025,0.7668,0.6725,0.2309,0.3551,0.4018,-0.5107,0.6475,1.3133,0.5231,-0.9691,-1.0862,1.3199,-0.1531,0.0144,0.116,0.3612,-0.9911,MSFT
2021-04-09,106.9154,113.6741,106.8498,113.5172,144210000,0.067,1.323,0.8674,0.8148,1.0793,1.0547,0.3906,0.803,-0.1504,-0.2522,0.9906,1.3058,0.7292,0.1078,-0.9443,1.1726,-0.0265,-0.0588,-0.0508,0.257,0.0428,GOOG
2021-04-09,120.8788,129.8273,120.0981,129.7883,447820500,0.0782,1.2165,0.6936,0.1237,0.6213,0.3776,-0.6953,0.1745,0.1047,-0.2431,-0.467,-0.0837,0.6435,-0.1338,-0.5566,0.3108,-0.3382,-1.0214,0.0429,0.7378,0.0609,AAPL
2021-04-09,91.6842,94.0854,90.2591,93.0215,92159400,0.0308,0.6453,0.4077,0.5654,0.6866,0.8252,0.1658,0.8035,-0.6008,0.4813,1.0001,1.1604,0.5278,-0.6068,0.1552,0.7836,0.0002,0.1192,0.1162,-1.6226,-1.4664,MU
2021-04-09,624.0163,625.309,592.1573,607.4214,5129300,-0.0044,0.5866,0.8507,0.7213,0.8457,0.9689,0.4349,0.2376,2.3764,0.2477,0.7213,0.9351,1.3578,0.5033,-0.2911,0.868,0.7319,0.7734,0.231,-0.7182,-0.2342,ASML
2021-04-09,13.8342,14.4367,13.6785,14.3654,1138288000,0.0417,1.1913,0.6229,0.3169,0.693,0.4913,-0.3915,1.2429,-0.0907,-0.099,-0.0222,0.4601,0.8305,0.5275,0.1479,0.7401,-0.5914,0.0631,-0.0182,0.4814,0.6149,NVDA
2021-04-16,82.06,83.95,77.94,82.15,250353300,-0.0074,0.1561,-0.0236,-0.4725,-0.2758,-0.4629,-1.1882,0.2794,0.773,-0.4724,-1.1929,-0.9639,0.1156,-0.1071,0.283,-1.0575,0.6059,-1.5633,-0.0362,0.4552,0.0853,AMD
2021-04-16,245.4258,251.4865,245.339,251.2359,124563200,0.0189,0.7794,0.8112,0.5756,0.7636,0.7155,0.4132,0.8986,0.3697,0.3989,0.8737,1.3061,0.9349,-1.134,-1.2053,1.2963,-0.3073,0.4358,0.2775,0.2012,-1.1296,MSFT
2021-04-16,112.5423,114.546,111.1625,114.1071,124916000,0.0052,0.8151,0.7801,0.694,0.8286,0.8814,0.5031,1.1327,0.8198,-0.1534,0.9266,1.2726,0.8702,-0.1022,-1.0412,1.0052,-0.4238,-0.1025,0.2507,-0.001,-0.1728,GOOG
2021-04-16,92.9141,94.6418,87.3113,88.4924,93413500,-0.0499,-0.359,-0.2262,-0.0574,-0.1373,0.1043,-0.0698,0.4699,0.8202,-0.6039,0.4349,0.3779,-0.2147,-0.4087,0.2851,0.3259,-0.008,-0.4372,-0.0156,-2.0508,-1.5037,MU
2021-04-16,604.7782,620.4637,594.3021,618.3091,3753600,0.0178,0.1497,0.9438,0.7982,0.8091,0.9494,0.4738,-0.1739,0.2516,2.3741,0.6722,1.1622,1.3549,0.3565,-0.4455,0.8872,-0.3058,0.7622,0.2082,-0.98,-0.3967,ASML
2021-04-16,14.2554,16.1753,14.1052,15.8742,2864724000,0.0999,2.1481,1.8899,1.2953,1.7342,1.4609,0.2164,0.6698,1.2617,-0.0937,0.3085,1.1035,1.8775,0.7013,0.1434,1.7231,2.6076,0.1864,0.1184,0.2018,0.7804,NVDA
2021-04-16,129.3199,131.74,127.4756,130.9203,444178800,0.0087,0.812,0.7523,0.2496,0.5256,0.3585,-0.4003,1.3372,0.1883,0.1018,-0.377,0.0538,0.8128,-0.5267,-0.6998,0.3852,-0.3792,-0.5591,0.1179,0.745,-0.2411,AAPL
2021-04-23,82.13,83.3,78.51,82.76,197202400,0.0074,-0.0231,0.1054,-0.3688,-0.1823,-0.3651,-0.9778,-0.2293,0.2936,0.7702,-0.8367,-0.7052,0.3806,-0.3562,0.14,-0.9162,-0.0846,-1.0759,0.0721,0.1246,-0.2014,AMD
2021-04-23,130.286,132.2572,128.1294,131.0765,421147600,0.0012,0.3204,0.5936,0.2444,0.3607,0.263,-0.2128,0.0651,1.3565,0.1854,-0.0912,0.0728,0.7252,-0.6806,-0.8154,0.3295,-0.4817,-0.153,0.1104,0.5639,-0.353,AAPL
2021-04-23,610.6004,642.8139,586.7946,642.4595,6630800,0.0383,0.5669,1.1721,1.0149,1.0387,1.1615,0.5647,0.2314,-0.1618,0.2488,0.7054,1.3166,0.4088,0.1365,-0.4103,1.0252,1.5371,0.8612,0.1796,-1.5826,-0.8306,ASML
2021-04-23,15.4991,15.7695,14.748,15.2285,1460616000,-0.0415,0.3939,1.0983,0.6606,0.7276,0.6968,0.4016,1.7347,0.6859,1.2591,0.2221,0.6307,1.4382,0.6497,0.2128,0.9454,-0.1205,-0.2455,0.1215,0.0684,0.857,NVDA
2021-04-23,88.5022,88.5119,81.894,83.9731,105702500,-0.0524,-1.2534,-0.7736,-0.6635,-0.7803,-0.4989,-0.4978,-1.0077,0.4851,0.8175,-0.1318,-0.3174,-0.4259,-0.3937,0.3917,-0.1764,0.4227,-0.8564,-0.0056,-2.535,-1.6868,MU
2021-04-23,113.8201,115.5006,112.0557,114.9782,120158000,0.0076,0.329,0.6641,0.5682,0.6697,0.7654,0.5425,0.001,1.1511,0.817,1.2733,1.2628,0.9835,-0.2249,-1.1266,0.8929,-0.496,0.2518,0.6208,-0.1963,-0.246,GOOG
2021-04-23,250.706,252.238,246.3219,251.6311,114031400,0.0016,0.3129,0.633,0.4797,0.5459,0.563,0.4949,0.2528,0.9158,0.3668,1.2386,1.2808,0.6913,-1.1453,-1.2898,1.0906,-0.508,0.8024,0.2455,1.0238,-0.7614,MSFT
2021-04-30,15.1485,15.6328,14.9609,14.9734,946892000,-0.0169,-0.3376,0.5598,0.3807,0.2922,0.3497,0.4132,-0.8541,1.7559,0.6831,-0.0826,0.4438,0.536,0.6358,0.0805,0.6166,-1.0836,-0.532,0.0508,0.2776,1.5592,NVDA
2021-04-30,84.4026,88.0337,83.3094,84.0122,82883600,0.0005,-0.9159,-0.7203,-0.7045,-0.6606,-0.4659,-0.7907,-1.0536,-0.9996,0.4823,-0.226,-0.3114,-0.8348,-0.4358,0.2441,-0.2379,-0.3003,-0.8324,-0.016,-2.9277,-1.8254,MU
2021-04-30,131.5741,133.76,127.905,128.2855,501621500,-0.0215,-0.4213,0.1817,0.0518,-0.0398,-0.0539,-0.1905,-0.072,0.0784,1.3539,-0.9748,-0.2663,0.3777,-0.7429,-0.8149,-0.0888,-0.0296,-0.5813,0.0517,0.5219,-0.1314,AAPL
2021-04-30,638.6773,646.9988,618.3186,620.6168,3130000,-0.0346,-0.2095,0.3715,0.476,0.3073,0.5348,0.4415,0.6076,0.2454,-0.1648,0.2011,0.7876,-0.077,0.2261,-0.4277,0.6502,-0.8132,0.8333,0.0309,-1.4658,-0.4123,ASML
2021-04-30,83.35,89.2,81.42,81.62,326321100,-0.0139,-0.3271,-0.1318,-0.4454,-0.3626,-0.4973,-0.8767,0.0416,-0.2175,0.2907,-1.2523,-0.8691,-0.1716,-0.3994,0.2389,-1.0044,1.6183,-0.9512,-0.0549,0.2077,0.1507,AMD
2021-04-30,252.1224,253.5966,239.9239,242.988,169214700,-0.035,-0.564,0.04,0.0637,-0.0622,0.0507,0.3795,-0.0651,0.2669,0.9131,0.5027,0.3764,0.1286,-1.1114,-1.1705,0.5173,0.6202,0.3103,0.094,0.6289,-0.6018,MSFT
2021-04-30,115.2081,121.7855,114.4304,119.687,191230000,0.0401,0.5405,0.9732,0.8833,0.9541,1.0267,0.6421,0.0454,0.014,1.1484,1.1779,1.1008,0.8951,-0.9914,-1.0979,1.0468,0.859,0.346,0.6571,-1.2099,-1.2441,GOOG
2021-05-07,128.8515,130.8325,123.6405,127.2815,453802300,-0.0079,-0.4799,-0.0363,0.0032,-0.1814,-0.1755,-0.2146,-0.4879,-0.0594,0.0754,-0.5925,0.1558,-0.3998,-0.7446,-0.7867,-0.25,-0.2612,-1.1418,-0.0076,0.6421,-0.0585,AAPL
2021-05-07,84.8906,84.9297,80.0688,83.9243,73786000,-0.001,-0.4311,-0.7029,-0.6962,-0.5839,-0.4532,-0.9919,-0.0853,-1.0457,-1.0028,0.1044,-0.6952,-1.0924,-0.8086,0.1277,-0.3207,-0.5867,-0.8085,-0.1095,-3.3655,-2.1622,MU
2021-05-07,119.3195,120.1627,114.7994,119.1193,134604000,-0.0048,0.2013,0.6523,0.7018,0.6111,0.7496,0.6356,0.641,0.0585,0.011,1.4696,1.0206,0.2062,-0.9779,-1.0904,0.8574,-0.1958,0.3714,0.3031,-1.0114,-1.1367,GOOG
2021-05-07,631.6419,635.08,591.4986,632.4678,4317900,0.0189,-0.0341,0.2982,0.59,0.4104,0.6,0.3508,-0.7271,0.6235,0.2425,0.7015,1.0285,0.1346,0.0415,-0.4428,0.7056,-0.0592,0.8356,0.187,-1.6902,-0.7175,ASML
2021-05-07,81.97,82.0,76.47,78.81,243443300,-0.035,-0.7697,-0.5229,-0.6436,-0.7494,-0.8183,-0.9341,-0.3478,0.0547,-0.2205,-1.0075,-1.2481,-0.6505,-0.6766,0.265,-1.3091,0.4495,-0.8804,-0.1563,0.4557,-0.0619,AMD
2021-05-07,15.0886,15.2101,13.9766,14.7766,1323968000,-0.0132,-0.7235,0.1622,0.2466,0.0081,0.1039,0.3269,-0.4032,-0.8453,1.7534,0.1163,0.2997,0.0233,0.3414,0.131,0.3823,-0.357,-0.5559,-0.0295,0.3556,1.2579,NVDA
2021-05-07,244.1635,245.0789,235.771,243.2578,127808000,0.0011,-0.479,-0.053,0.0464,-0.0914,0.005,0.259,-0.7338,-0.0525,0.264,0.3493,0.3873,-0.3462,-1.1166,-1.1919,0.4479,-0.1888,-0.239,0.0885,0.5999,-0.6109,MSFT
2021-05-14,78.2,78.3,72.5,74.59,225676700,-0.055,-1.3607,-1.0955,-1.0271,-1.2747,-1.2772,-1.1807,-0.7353,-0.3365,0.0518,-1.449,-1.7474,-1.0414,-0.6375,0.4066,-1.7215,0.1308,-0.9036,-0.1574,0.5015,-0.0346,AMD
2021-05-14,14.7517,14.7704,13.4266,14.2088,1401916000,-0.0392,-0.9407,-0.4816,-0.1253,-0.5162,-0.3655,0.0835,-0.3361,-0.3922,-0.8484,-0.2731,-0.1161,-1.1552,0.3921,0.2917,-0.1037,-0.2623,-0.8838,-0.1557,0.4719,1.3464,NVDA
2021-05-14,82.9189,82.9677,74.5831,77.7944,109958200,-0.0758,-1.264,-1.4095,-1.3172,-1.3841,-1.1785,-1.5133,-0.113,-0.0728,-1.0489,-0.5924,-1.5303,-1.2962,-0.6103,0.4957,-1.2568,0.4268,-1.1603,-0.1238,-2.2918,-1.5396,MU
2021-05-14,622.6049,625.3323,576.4688,622.0862,5648700,-0.0166,-0.3881,-0.1685,0.3256,0.0576,0.2743,0.1733,0.2525,-0.7177,0.6207,0.4456,0.8174,-0.1754,0.0585,-0.2923,0.4855,0.6628,0.3728,0.0321,-1.6223,-0.6911,ASML
2021-05-14,117.9374,118.0919,110.7447,115.0209,146344000,-0.035,-0.5251,-0.0014,0.2277,-0.0143,0.2006,0.4425,-0.1809,0.657,0.0556,0.4668,0.2961,-0.1587,-0.849,-0.9161,0.4733,-0.0219,-0.1833,0.0263,-0.7993,-0.9466,GOOG
2021-05-14,126.4995,126.6266,119.5005,124.5836,514165600,-0.0214,-0.6551,-0.3972,-0.2049,-0.4512,-0.4153,-0.3257,-0.2377,-0.4773,-0.0624,-1.214,-0.2777,-0.6565,-0.8191,-0.713,-0.59,0.0684,-1.1579,-0.0679,0.655,-0.2077,AAPL
2021-05-14,241.7258,242.5544,229.3923,239.1049,153151300,-0.0172,-0.5731,-0.3795,-0.1593,-0.3325,-0.2226,0.0829,-0.0735,-0.7243,-0.0554,-0.2101,0.0111,-0.6554,-1.1079,-1.0974,0.1432,0.2779,-0.6938,-0.0371,0.6129,-0.6327,MSFT
2021-05-21,606.8453,626.3982,582.5961,613.8846,4558100,-0.0133,-0.4241,-0.3707,0.076,-0.1713,0.0412,-0.0499,-0.3969,0.2666,-0.7208,-0.0196,0.6507,-0.6218,-0.0545,-0.2515,0.3067,-0.1219,-0.0051,-0.1323,-2.3178,-0.9,ASML
2021-05-21,74.22,78.81,72.76,77.17,236064000,0.034,-0.3804,-0.689,-0.6235,-0.6663,-0.8082,-1.0721,-1.1014,-0.7259,-0.3396,-1.7867,-1.3362,-0.8254,-0.6452,0.2714,-1.2826,0.1828,-0.9117,-0.1419,0.1975,0.5001,AMD
2021-05-21,114.6812,117.6449,112.4068,116.458,103158000,0.0124,-0.3455,-0.0579,0.2366,0.0819,0.2496,0.2929,-0.7349,-0.1688,0.6542,0.5331,0.5145,-0.1157,-0.9643,-0.9577,0.5078,-0.8798,-0.1654,0.0097,-1.3486,-0.9364,GOOG
2021-05-21,14.123,15.1854,13.5107,14.9557,1741820000,0.0512,0.1437,-0.0724,0.3383,0.1545,0.1725,0.0965,-0.8113,-0.3247,-0.3952,-0.4799,0.4309,-0.3874,0.1993,0.2863,0.4015,0.2843,-0.9325,-0.0616,0.1185,1.831,NVDA
2021-05-21,237.5632,239.8308,230.4339,236.779,114541800,-0.0098,-0.4661,-0.5555,-0.3065,-0.4303,-0.3364,-0.096,-0.4091,-0.061,-0.7275,-0.4356,-0.1996,-0.7502,-1.2253,-1.1076,-0.0514,-0.5609,-1.0339,-0.1325,0.4126,-0.368,MSFT
2021-05-21,77.2088,80.0297,74.3391,78.79,93405200,0.0127,-0.7264,-1.1453,-1.1037,-1.0017,-0.9299,-1.6917,-1.4825,-0.1006,-0.0758,-1.095,-1.3293,-0.774,-0.5953,0.3742,-1.2157,-0.1367,-1.4785,-0.0064,-1.1515,-0.404,MU
2021-05-21,123.9677,125.1212,120.0968,122.609,386352000,-0.016,-0.6412,-0.6442,-0.3976,-0.5953,-0.5606,-0.4626,-0.4861,-0.2259,-0.4804,-1.2516,-0.5376,-0.7994,-1.1478,-0.7549,-0.814,-0.6626,-1.4929,-0.1165,0.0367,-0.4233,AAPL
2021-05-28,123.176,125.434,121.7488,121.8075,357615000,-0.0066,-0.5179,-0.7441,-0.4862,-0.5972,-0.5888,-0.5673,-0.3864,-0.4755,-0.2289,-0.9407,-0.6714,-0.675,-1.1411,-0.856,-0.8751,-0.7762,-1.1683,-0.1102,-0.0243,-0.3739,AAPL
2021-05-28,15.1759,16.2384,15.1395,16.2054,2586676000,0.0803,1.3686,0.7085,0.9883,1.0529,0.959,0.3754,0.8442,-0.8023,-0.3278,-0.0776,1.3002,0.4968,-0.138,0.0637,1.1073,1.7847,-0.6752,0.049,0.0627,1.3532,NVDA
2021-05-28,621.8365,652.5107,620.1655,648.6979,3743200,0.0552,0.4471,0.2288,0.4546,0.4794,0.5699,-0.0136,-0.3368,-0.3858,0.2637,0.322,1.2489,0.17,-0.3512,-0.4075,0.7387,-0.5865,0.04,-0.0339,-2.8734,-1.5265,ASML
2021-05-28,79.4733,82.7237,77.8042,82.1283,88229100,0.0415,0.1986,-0.5101,-0.6599,-0.3556,-0.4254,-1.5436,0.139,-1.4766,-0.1036,-1.0491,-0.7706,-0.4272,-0.4871,0.1411,-0.7747,-0.1818,-1.4183,-0.003,-1.0187,-0.0997,MU
2021-05-28,239.3093,244.283,239.0389,241.1346,99583800,0.0182,-0.0721,-0.3801,-0.1839,-0.1743,-0.146,-0.1513,-0.2728,-0.3981,-0.0639,-0.0934,0.195,-0.2966,-1.2182,-1.1923,0.1587,-0.8339,-0.7266,-0.0198,0.5369,-0.2209,MSFT
2021-05-28,77.26,81.09,76.8,80.08,187737300,0.037,0.4525,-0.2156,-0.2671,-0.1376,-0.3634,-0.7972,0.5287,-1.0937,-0.729,-1.2586,-0.5319,-0.3958,-0.8561,0.0376,-0.829,-0.4344,-0.574,-0.0139,0.1338,0.1959,AMD
2021-05-28,117.5456,121.317,117.2035,119.7585,125008000,0.0279,0.2033,0.1111,0.4176,0.3458,0.4564,0.2538,0.1335,-0.7254,-0.1718,0.7201,1.016,-0.224,-0.9833,-1.0354,0.6736,-0.3831,-0.1032,-0.0418,-0.519,-0.41,GOOG
2021-06-04,81.01,82.91,80.26,81.58,134836000,0.0186,0.6497,0.0421,-0.0808,0.0599,-0.1658,-0.5247,0.5838,0.5441,-1.097,-0.7538,-0.2266,0.0809,-0.8988,-0.2022,-0.5578,-1.0745,-0.1877,0.0917,-0.0394,0.1018,AMD
2021-06-04,242.6316,243.0372,234.6833,242.2066,93208800,0.0044,0.0374,-0.2978,-0.1923,-0.1385,-0.1262,-0.1828,0.2399,-0.2612,-0.4012,0.4213,0.2921,-0.2675,-1.2303,-1.232,0.1974,-0.9431,-0.6252,-0.0339,0.5361,-0.165,MSFT
2021-06-04,120.2769,121.859,118.3317,121.7548,80618000,0.0165,0.4236,0.2108,0.442,0.4109,0.5085,0.2456,0.4178,0.147,-0.7286,1.1805,1.3079,-0.0341,-1.0749,-1.1383,0.7803,-1.2598,0.2958,0.1318,0.3944,0.0545,GOOG
2021-06-04,122.2669,123.3226,120.3607,123.0587,278314500,0.0102,-0.1524,-0.5404,-0.4167,-0.4013,-0.4443,-0.5713,-0.2139,-0.3753,-0.4786,0.0551,-0.4625,-0.5221,-1.1397,-0.9982,-0.6985,-1.2161,-1.0242,-0.0652,0.2039,-0.1718,AAPL
2021-06-04,82.8896,83.7096,79.9321,81.7574,48714600,-0.0045,0.243,-0.3581,-0.6667,-0.3862,-0.454,-1.4797,0.6659,0.1526,-1.4799,-1.1298,-0.8327,-0.4572,-0.4914,-0.0067,-0.877,-1.3791,-1.1113,0.0124,-0.8103,0.1517,MU
2021-06-04,657.6005,660.8177,633.9467,656.2175,3031900,0.0115,0.4904,0.2525,0.3696,0.4522,0.5495,0.008,0.916,-0.3255,-0.3889,0.7453,1.2376,0.1021,-0.3471,-0.539,0.7376,-1.0066,0.4157,-0.0508,-2.8244,-1.4476,ASML
2021-06-04,16.2309,17.6185,15.865,17.536,2264100000,0.0789,2.1025,1.4387,1.6026,1.7463,1.6299,0.7715,1.3755,0.8611,-0.8054,0.7059,1.2779,1.4186,-0.0073,-0.0165,1.5378,1.1117,-0.0116,0.1681,-0.1146,1.5319,NVDA
2021-06-11,121.7329,125.4907,121.2241,124.8422,125510000,0.025,0.5147,0.3891,0.5304,0.566,0.6443,0.2856,0.2088,0.4327,0.1441,1.1631,1.238,0.5242,-1.1174,-1.2131,0.9094,-0.3104,0.2773,0.3908,0.335,-0.0307,GOOG
2021-06-11,123.3324,125.5709,122.0225,124.4858,327048100,0.0115,0.0797,-0.3202,-0.3498,-0.2313,-0.3071,-0.5109,0.0932,-0.202,-0.3783,0.1701,-0.2243,-0.2362,-1.1489,-1.1018,-0.4337,-0.8955,-0.5682,-0.011,0.1765,-0.1772,AAPL
2021-06-11,241.4243,249.6431,241.2601,249.0636,107035100,0.0279,0.3897,0.0681,0.001,0.1725,0.1351,-0.1011,-0.0126,0.2539,-0.2642,0.6826,0.8806,0.1382,-1.2769,-1.2981,0.6501,-0.6311,-0.172,0.0818,0.5318,-0.232,MSFT
2021-06-11,653.2212,676.8462,649.6679,669.4035,2843000,0.0199,0.5197,0.3807,0.3745,0.5343,0.623,0.054,0.1171,0.9333,-0.3286,1.4898,1.1956,0.4419,-0.3474,-0.6682,0.7879,-1.0871,0.8085,0.0752,-2.8338,-1.4444,ASML
2021-06-11,17.529,17.9002,17.1386,17.7865,1985340000,0.0142,1.2191,1.4224,1.4408,1.4395,1.4519,1.0169,1.3508,1.3949,0.8584,1.3624,1.2632,1.9928,-0.0333,-0.2014,1.3064,0.5188,0.5207,0.289,-0.3129,1.3287,NVDA
2021-06-11,81.4,82.65,79.7,81.31,137335300,-0.0033,0.1538,0.0166,-0.1397,-0.0503,-0.2227,-0.3485,0.2459,0.5995,0.5413,-0.1937,-0.2816,0.5657,-0.9454,-0.3533,-0.5261,-1.0095,-0.0833,0.1224,-0.2421,-0.078,AMD
2021-06-11,81.201,82.9482,76.6427,77.4431,95466800,-0.0542,-0.7947,-0.8112,-1.0856,-0.989,-0.9703,-1.6924,-0.1767,0.682,0.1496,-1.242,-1.5548,-0.2692,-0.4523,0.1415,-1.5561,0.0713,-1.0355,0.0226,-0.8136,0.233,MU
2021-06-18,124.9453,129.5689,124.2121,127.5259,457142800,0.0241,0.3639,0.0277,-0.1652,0.0535,-0.0599,-0.3594,0.1173,0.1066,-0.205,0.4558,0.1318,0.1246,-1.1229,-1.1454,0.0297,-0.009,-0.0502,0.0459,0.0227,-0.216,AAPL
2021-06-18,77.5992,81.1229,74.3098,75.1102,110613400,-0.0306,-1.1532,-1.0102,-1.2708,-1.1823,-1.1703,-1.8971,-1.0864,-0.1646,0.6792,-1.3121,-1.9406,-0.6415,-0.4478,0.2601,-1.8967,0.5132,-1.013,-0.1054,-0.7411,0.3025,MU
2021-06-18,17.867,19.3328,17.5462,18.5982,2650044000,0.0446,1.0367,1.6817,1.6021,1.6007,1.6536,1.2238,0.1658,1.3702,1.3924,1.4152,0.9719,1.92,-0.0615,-0.1789,1.3484,1.4918,1.0649,0.3062,-0.2366,1.3634,NVDA
2021-06-18,81.51,85.77,78.96,84.65,220182400,0.0403,0.4994,0.5005,0.2059,0.3926,0.1816,-0.0538,-0.1546,0.26,0.5967,-0.1176,0.3981,0.6261,-0.9053,-0.3677,0.0701,0.1975,0.3865,0.1118,-0.3546,-0.086,AMD
2021-06-18,124.8154,126.332,123.3061,124.7141,150110000,-0.001,0.1523,0.243,0.3341,0.3643,0.4762,0.2596,0.3646,0.2227,0.4299,1.4593,1.1163,0.3963,-1.1261,-1.2899,0.8316,0.2437,0.7658,0.1511,0.496,0.0446,GOOG
2021-06-18,671.7851,682.7908,642.0714,644.4724,4154800,-0.038,-0.4664,-0.1121,-0.0939,-0.1069,0.0677,-0.1136,0.2704,0.1306,0.9306,0.9808,0.5558,0.2104,-1.07,-0.5758,0.345,-0.2091,0.7881,0.0859,-2.4797,-1.5921,ASML
2021-06-18,249.0733,253.3227,245.7124,250.551,129177100,0.006,0.2255,0.1516,-0.0182,0.1483,0.1264,-0.0446,0.4173,0.0002,0.2511,0.6103,1.0065,0.284,-1.3045,-1.3438,0.6618,-0.0357,-0.183,0.1994,0.5842,-0.2599,MSFT
2021-06-25,18.3951,19.3777,17.784,18.9896,2184172000,0.0208,0.6624,1.5409,1.5239,1.4163,1.5469,1.3461,0.7232,0.1795,1.3676,1.4662,1.1391,1.2868,-0.146,-0.1667,1.2091,0.602,1.1568,0.2756,-0.5929,0.9797,NVDA
2021-06-25,124.8854,126.9274,124.2837,126.1319,119352000,0.0113,0.1206,0.3031,0.3042,0.3611,0.469,0.2347,-0.1127,0.3793,0.2199,1.6346,1.2241,0.2403,-1.2155,-1.3858,0.8058,-0.3023,1.2229,0.1355,0.1284,-0.2535,GOOG
2021-06-25,250.9276,258.6828,249.0926,255.9497,117966900,0.0213,0.3534,0.3419,0.1265,0.3166,0.2811,0.0557,0.0151,0.4322,-0.0027,1.1053,1.0725,0.3129,-1.3136,-1.3677,0.9075,-0.2742,0.3111,0.2009,0.586,-0.2075,MSFT
2021-06-25,651.6079,670.2966,645.7497,659.0123,2531700,0.0223,-0.1075,0.0761,0.073,0.1293,0.2417,-0.1668,-0.7888,0.2846,0.1277,1.0103,0.7883,-0.089,-1.0609,-0.7101,0.4855,-1.256,0.7607,0.0635,-2.4518,-1.5413,ASML
2021-06-25,83.49,87.14,82.21,85.62,172539400,0.0114,0.3905,0.5689,0.2782,0.384,0.2228,0.1699,0.6432,-0.1424,0.2571,0.2158,0.5955,0.3812,-1.0202,-0.4289,0.2807,-0.4792,0.3583,0.1033,-0.6715,-0.396,AMD
2021-06-25,127.3695,131.6119,126.304,130.1163,354155800,0.0201,0.4351,0.2628,-0.0249,0.228,0.1099,-0.1824,0.3479,0.1307,0.1037,0.7533,0.6272,0.3727,-1.1134,-1.1827,0.4839,-0.644,-0.1564,0.0959,0.1524,-0.0514,AAPL
2021-06-25,75.0126,80.8594,73.8999,80.0687,88568900,0.0639,0.2093,-0.16,-0.5591,-0.2374,-0.4136,-1.5654,-0.6539,-1.0787,-0.1676,-1.0993,-1.0637,-0.4506,-0.3449,0.1162,-1.1024,-0.2038,-1.1405,-0.1011,-0.8937,0.3976,MU
2021-07-02,671.2281,677.8258,647.7952,660.2895,3238600,0.0019,-0.0998,0.032,0.0205,0.0664,0.1735,-0.2287,0.3146,-0.7796,0.2817,0.4437,0.6444,-0.1746,-1.0686,-0.7618,0.4202,-0.7877,0.658,0.0644,-1.9643,-1.1083,ASML
2021-07-02,126.1368,127.9723,123.9096,127.8441,111346000,0.0135,0.1469,0.3619,0.3423,0.3854,0.4863,0.2218,0.1131,-0.1003,0.3764,1.7304,1.3083,0.212,-1.5129,-1.421,0.8027,-0.4872,1.6569,0.1522,-0.8713,-1.0591,GOOG
2021-07-02,130.4096,136.8513,130.3509,136.8122,321267200,0.0502,0.913,0.8022,0.4644,0.7348,0.5757,0.1173,0.2743,0.3625,0.1278,1.0168,1.3176,0.757,-1.4087,-1.2124,1.3401,-0.85,0.2896,0.0974,-0.2256,-0.5702,AAPL
2021-07-02,19.3191,20.4606,19.277,20.4424,2012536000,0.0737,1.3841,2.0049,2.0505,1.9604,2.072,1.5233,0.2874,0.7396,0.1766,1.6097,1.316,1.2333,-0.0607,-0.3186,1.3778,0.327,1.5015,0.2546,-0.0138,2.2164,NVDA
2021-07-02,86.38,95.27,86.15,94.7,256540200,0.1008,1.6867,1.6241,1.2785,1.4985,1.2325,0.6484,0.1147,0.6592,-0.1454,0.9826,1.2389,1.1899,-0.4898,-0.4404,1.8499,0.6624,0.8608,0.1325,-0.1095,1.2708,AMD
2021-07-02,257.0796,268.4854,256.8092,268.1474,104367600,0.0466,0.7792,0.7925,0.5526,0.7593,0.6842,0.2687,0.2964,0.0281,0.4293,1.2321,1.2989,0.7158,-1.3776,-1.3724,1.3913,-0.5831,0.2792,0.1996,0.3643,-0.2039,MSFT
2021-07-02,80.6544,83.3582,77.0038,78.4094,153551600,-0.0209,0.0053,-0.3129,-0.6188,-0.4885,-0.6088,-1.4899,1.0766,-0.644,-1.0819,-1.0515,-1.3355,-0.5907,-0.4352,0.1699,-1.2835,1.5822,-0.4938,-0.1673,-1.5969,-0.1053,MU
2021-07-09,94.88,95.44,87.45,90.9,177380500,-0.041,0.2676,0.7164,0.7054,0.5647,0.5226,0.7993,1.7515,0.1282,0.6564,0.3415,0.6514,0.8115,-0.3704,-0.2523,1.1269,-0.47,0.4729,0.1254,-0.2081,1.4701,AMD
2021-07-09,128.5697,129.7519,127.1697,128.6938,72916000,0.0066,0.127,0.267,0.3052,0.3201,0.4273,0.192,0.153,0.1266,-0.1032,1.6256,1.167,0.0429,-1.5142,-1.4974,0.7379,-1.3138,1.648,0.1054,-0.7412,-0.9761,GOOG
2021-07-09,268.5143,271.0833,264.912,268.4274,103360900,0.001,0.4179,0.6096,0.5005,0.5361,0.5315,0.3737,0.7585,0.3108,0.0252,1.1253,1.1075,0.4568,-1.3911,-1.4361,1.1283,-0.617,0.2747,0.1912,0.3003,-0.2267,MSFT
2021-07-09,662.1144,668.1453,638.4796,663.9582,2664600,0.0055,0.0508,-0.0001,0.0165,0.0614,0.1543,-0.2756,-0.0584,0.329,-0.7827,0.3639,0.722,-0.3011,-1.0785,-0.8159,0.3942,-1.1596,0.2531,0.0598,-2.0426,-1.1477,ASML
2021-07-09,20.6924,20.8296,19.6579,20.0066,1665060000,-0.0215,0.3418,1.113,1.533,1.1412,1.3994,1.5346,1.2559,0.3017,0.7368,1.3103,0.9462,0.8722,-0.2253,-0.316,1.0002,-0.2752,1.5493,0.1424,-0.214,1.7427,NVDA
2021-07-09,78.8584,79.854,74.1439,76.8574,82709000,-0.02,-0.3504,-0.5404,-0.6972,-0.6711,-0.7631,-1.4757,-0.4773,1.0946,-0.6472,-1.563,-1.5898,-0.2961,-0.5054,0.1844,-1.413,-0.5216,-0.933,-0.1667,-1.1853,0.2546,MU
2021-07-09,136.9198,142.3743,136.9198,141.8464,418559700,0.0361,0.98,1.0643,0.7877,0.9541,0.822,0.4108,0.8249,0.2885,0.3596,1.1398,1.2455,1.0014,-1.3172,-1.266,1.5357,-0.239,0.3404,0.1019,-0.4458,-0.485,AAPL
2021-07-16,91.22,91.9,85.68,85.89,161808100,-0.0567,-0.9053,-0.1857,0.0535,-0.3079,-0.2068,0.6542,-0.8437,1.7728,0.1253,-0.2495,-0.0908,-0.1,-0.1812,-0.1189,0.2507,-0.6479,0.1104,0.0214,0.0663,2.1018,AMD
2021-07-16,20.196,20.4881,18.0337,18.1215,2231580000,-0.099,-1.4455,-0.4588,0.2446,-0.3925,0.0372,1.1475,-0.4884,1.2748,0.2989,0.4743,0.0808,-0.4555,0.2068,0.2014,0.3268,0.6506,1.0496,0.0061,-0.317,2.385,NVDA
2021-07-16,128.9511,132.0921,128.7192,130.9494,82916000,0.0174,0.2302,0.3041,0.3757,0.4014,0.4932,0.1924,0.0274,0.1667,0.1237,1.4554,1.1421,0.2119,-1.5096,-1.5468,0.7994,-1.0355,1.6231,0.2911,-1.0174,-1.1103,GOOG
2021-07-16,76.8672,78.8291,73.0506,73.2166,78603900,-0.0485,-1.1587,-1.0138,-1.0565,-1.1409,-1.1695,-1.6569,-0.4599,-0.4666,1.092,-2.0475,-2.0482,-0.4518,-0.5219,0.2903,-1.7781,-0.6093,-1.3687,-0.1544,-1.1705,0.2183,MU
2021-07-16,142.9217,146.6264,140.3997,143.0976,504249300,0.0088,0.5715,0.9143,0.7991,0.7792,0.7292,0.5933,0.5677,0.8417,0.2857,0.7692,0.8819,0.8483,-1.3201,-1.2596,1.3219,0.3762,0.3882,0.1027,-0.6083,-0.6002,AAPL
2021-07-16,269.6057,274.3766,267.114,271.1412,116956500,0.0101,0.2269,0.5183,0.5397,0.4776,0.5018,0.435,-0.0747,0.775,0.3079,0.8623,1.0796,0.4959,-1.3912,-1.4833,1.0699,-0.2594,0.275,0.1786,0.0885,-0.3594,MSFT
2021-07-16,672.2557,694.3537,659.6461,660.1743,3401500,-0.0057,-0.1797,-0.1838,-0.0674,-0.0779,0.0205,-0.3578,0.0076,-0.0458,0.3262,0.3411,0.3387,-0.0143,-1.1647,-0.8089,0.268,-0.6302,0.1952,0.074,-1.2391,-0.7356,ASML
2021-07-23,140.517,145.3752,138.4838,145.2188,441563700,0.0147,0.3226,0.8143,0.8428,0.7205,0.7168,0.7134,0.0669,0.5834,0.839,0.8222,1.1476,0.795,-1.4077,-1.2431,1.2342,0.0399,-0.1171,0.1065,-0.8459,-0.997,AAPL
2021-07-23,130.2641,137.865,127.6634,136.8793,99522000,0.0443,0.7085,0.6657,0.7378,0.7974,0.8412,0.3109,0.2242,0.0405,0.1638,1.6323,1.2004,0.5226,-1.4803,-1.3918,1.071,-0.5967,1.6192,0.2584,0.3146,-0.5965,GOOG
2021-07-23,84.99,92.37,84.24,92.15,162242700,0.0704,0.1087,0.4948,0.7055,0.5567,0.5159,0.7289,-1.1318,-0.8347,1.7703,0.1859,0.8366,0.4437,-0.0177,-0.1991,1.0619,-0.6038,0.5814,0.0181,0.2647,2.2687,AMD
2021-07-23,647.142,726.7853,644.9717,718.4877,4958000,0.0846,1.0846,0.7448,0.7139,0.9207,0.8728,-0.0787,-0.1985,0.0205,-0.0487,0.7759,1.1364,0.5671,-0.8515,-0.6605,1.1141,0.4378,0.2749,0.1074,-0.6785,-0.0654,ASML
2021-07-23,17.8763,19.8437,17.8266,19.5154,2074262000,0.0741,-0.1655,0.1948,0.8232,0.5345,0.7722,0.9354,-1.9058,-0.4778,1.2721,0.454,0.7207,0.0151,0.2802,0.1201,0.6571,0.4021,1.0342,0.003,-0.19,2.2846,NVDA
2021-07-23,269.3835,280.065,265.0568,279.756,129711800,0.0313,0.411,0.6859,0.7533,0.6948,0.7063,0.539,0.0903,-0.0622,0.7723,0.9729,1.3032,0.5915,-1.5487,-1.422,1.2625,0.0767,0.3005,0.1769,0.5769,-0.627,MSFT
2021-07-23,72.0745,75.3933,71.4498,74.1243,85625900,0.0123,-0.5563,-0.7149,-0.8383,-0.81,-0.9259,-1.5891,-0.9824,-0.4491,-0.4697,-1.7379,-1.5417,-0.8845,-0.4995,0.1127,-1.5045,-0.3486,-1.3236,-0.1497,-0.9275,0.2517,MU
2021-07-30,144.9353,146.4602,139.3342,142.5795,423324000,-0.0183,-0.2426,0.3307,0.5286,0.2693,0.3506,0.6838,0.1755,0.0802,0.5806,0.4907,0.817,0.1427,-1.3591,-1.1777,0.8301,-0.028,-0.5927,0.0577,-0.7494,-0.8653,AAPL
2021-07-30,279.1089,280.2196,273.266,275.1589,129460200,-0.0166,-0.0489,0.2605,0.4531,0.2716,0.361,0.5067,0.4788,0.1037,-0.0651,0.6356,0.9856,0.0014,-1.4726,-1.4502,0.8705,0.0962,0.3396,0.0824,0.6934,-0.3971,MSFT
2021-07-30,19.269,19.8098,18.7002,19.4566,1029275000,-0.003,0.0258,-0.0059,0.5438,0.3159,0.5601,0.7566,1.2629,-1.9019,-0.4809,0.6651,0.6937,-0.6549,0.256,0.0208,0.5451,-1.2276,1.3261,-0.0712,-0.2455,2.2121,NVDA
2021-07-30,92.01,106.97,89.1,106.19,527380300,0.1418,2.4414,1.9885,2.0733,2.1718,1.967,1.1767,1.1941,-1.1243,-0.8379,0.7286,1.2471,0.8414,0.4806,-0.0344,2.0116,4.088,0.8572,0.0817,-1.9947,0.2205,AMD
2021-07-30,73.9974,76.2425,70.7764,75.7251,77371000,0.0214,0.0357,-0.3347,-0.5422,-0.4389,-0.6241,-1.3781,0.1317,-0.9741,-0.4522,-1.2728,-1.0998,-0.5314,-0.4523,0.026,-1.1935,-0.5556,-0.895,-0.0006,-1.252,0.0424,MU
2021-07-30,137.3104,139.0594,133.8979,134.3019,163142000,-0.019,0.077,0.2544,0.4146,0.3187,0.4446,0.2695,0.717,0.2382,0.0375,1.2202,0.753,0.2165,-1.4116,-1.361,0.7565,0.8722,1.659,0.06,0.38,-0.4114,GOOG
2021-07-30,728.149,738.2329,704.0054,736.3506,3411700,0.0246,1.0179,0.8752,0.8428,0.9512,0.9445,0.1374,1.4559,-0.1865,0.0176,0.7285,1.2844,0.7873,-0.8445,-0.7523,1.3156,-0.566,0.1592,0.1061,-0.7468,-0.0847,ASML
2021-08-06,740.259,773.7087,737.0899,752.2349,2943900,0.0213,0.8121,0.9591,0.901,0.9341,0.9686,0.3048,0.3558,1.4757,-0.1895,1.2642,0.954,0.944,-0.9051,-0.8104,1.488,-0.8566,0.1776,0.107,-0.9619,0.2148,ASML
2021-08-06,77.1502,81.1034,75.6178,80.0395,99322300,0.0554,0.9465,0.3155,0.0008,0.2676,-0.0119,-0.9316,0.2973,0.1453,-0.9773,-0.8241,0.1498,0.136,-0.5538,-0.1395,-0.5402,0.1513,-0.8676,0.1322,-2.6377,-1.0052,MU
2021-08-06,105.93,122.49,103.83,110.11,780433600,0.0362,2.1387,1.946,2.1049,2.0399,1.9814,1.5363,2.5025,1.2127,-1.1275,0.9244,0.4824,1.6357,0.2198,0.3121,1.7086,6.2738,1.1741,0.32,-3.1187,-1.1486,AMD
2021-08-06,276.5593,279.7173,274.0289,279.5531,80827200,0.0158,0.0647,0.2807,0.4838,0.3452,0.421,0.4861,-0.3972,0.494,0.1007,1.3878,1.2794,0.1365,-1.5673,-1.5305,0.9544,-0.972,0.8598,0.0716,0.5308,-0.2122,MSFT
2021-08-06,143.0683,144.7105,141.9148,143.0673,284559400,0.0034,-0.2174,0.1562,0.4385,0.1919,0.28,0.6166,-0.4297,0.1893,0.0772,0.8592,0.8781,-0.1534,-1.4592,-1.2863,0.753,-0.8954,-0.1478,0.0483,-1.4895,-1.0657,AAPL
2021-08-06,19.6571,20.6879,19.1782,20.3217,1140496000,0.0435,0.8237,0.3428,0.7174,0.7208,0.8897,0.7056,-0.1492,1.2819,-1.9054,0.8951,1.0908,-0.0903,0.0954,-0.0916,0.712,-1.0344,1.5398,-0.0029,-0.5304,2.6295,NVDA
2021-08-06,134.5636,136.1484,133.2715,136.1046,81158000,0.0133,0.0664,0.2869,0.4085,0.3508,0.4643,0.2382,-0.4419,0.7333,0.2354,1.0983,0.9693,0.2789,-1.675,-1.4481,0.8065,-0.977,1.2624,0.0631,-0.321,-0.8706,GOOG
2021-08-13,20.4015,20.4634,19.3877,20.1441,846321000,-0.0088,0.1223,0.1012,0.3648,0.3864,0.5941,0.5877,0.7026,-0.137,1.2793,0.9024,1.0093,0.7557,0.1255,-0.167,0.5748,-1.4979,1.567,0.0333,-0.2189,3.163,NVDA
2021-08-13,111.31,112.33,104.36,110.55,481264900,0.004,0.9291,1.5133,1.772,1.5245,1.619,1.7062,0.5698,2.5273,1.2101,1.1502,0.5123,2.3044,0.2485,0.2385,1.3513,2.462,0.7444,0.493,-2.9617,-0.8857,AMD
2021-08-13,279.8333,282.8754,275.439,282.8271,81500400,0.0116,0.0872,0.2383,0.4506,0.3506,0.4264,0.4691,0.1962,-0.3862,0.4912,1.4432,1.3209,0.151,-1.6384,-1.568,0.9608,-0.901,1.2991,0.0566,0.5321,-0.3988,MSFT
2021-08-13,758.8998,765.4495,745.762,757.6898,2707200,0.0072,0.2782,0.7802,0.7827,0.7447,0.8331,0.3838,0.2969,0.3704,1.4731,1.2275,1.048,1.0742,-0.9618,-0.9457,1.273,-0.9134,0.6292,0.1979,-1.0561,0.0356,ASML
2021-08-13,136.0182,137.904,135.5015,137.4653,70838000,0.0099,0.025,0.2587,0.3681,0.3342,0.4445,0.2081,0.1503,-0.4311,0.7306,1.241,1.1327,0.2098,-1.6731,-1.5359,0.8568,-1.1689,1.7277,0.0531,-0.2791,-0.8467,GOOG
2021-08-13,79.7759,80.0785,67.1648,69.2244,183487000,-0.1452,-1.6194,-1.3365,-1.3264,-1.5412,-1.4904,-1.3736,0.9206,0.3117,0.1424,-1.4386,-1.6513,-0.7105,0.3293,0.7158,-1.8623,2.5796,-1.0461,0.0583,-2.2185,0.3684,MU
2021-08-13,143.126,146.2979,142.2449,145.965,298082900,0.0201,0.0802,0.2024,0.4998,0.335,0.3977,0.5935,-0.0313,-0.4188,0.1864,1.1234,1.2411,-0.0525,-1.5496,-1.3617,0.8723,-0.7484,0.295,0.0346,-1.8506,-1.3814,AAPL
2021-08-20,756.6047,759.6202,731.0398,756.9407,2383800,-0.001,0.0013,0.5354,0.6249,0.5001,0.6322,0.3734,0.0384,0.3112,0.3675,1.4447,1.0258,0.243,-1.0605,-0.9964,1.0357,-1.0736,0.8481,0.0886,-1.2215,-0.2706,ASML
2021-08-20,20.0912,20.8196,18.7212,20.7707,2143670000,0.0306,0.4228,0.3517,0.4822,0.6161,0.7773,0.5425,-0.2546,0.7189,-0.1399,1.2043,1.2966,0.3383,-0.0108,-0.0991,0.6798,0.5794,1.868,0.0337,-0.6006,2.3098,NVDA
2021-08-20,283.1555,295.938,279.2949,294.5059,135064000,0.0405,0.639,0.5389,0.7141,0.7101,0.7424,0.5516,0.1193,0.2101,-0.3892,1.9232,1.2497,0.236,-1.5613,-1.4882,1.2481,0.4115,1.8624,0.0564,-0.5827,-0.7593,MSFT
2021-08-20,137.0621,138.0458,134.436,137.4961,88106000,0.0002,0.007,0.1237,0.2473,0.2029,0.3243,0.1436,0.0883,0.1639,-0.4341,1.9411,1.1246,-0.1896,-1.6842,-1.562,0.7802,-0.7224,1.8607,0.0439,-0.305,-0.885,GOOG
2021-08-20,145.4168,148.4908,141.4618,145.0742,429361600,-0.0061,-0.0363,-0.0444,0.278,0.1265,0.2183,0.5164,0.2733,-0.0186,-0.4218,1.3765,0.9151,-0.2381,-1.5518,-1.303,0.6795,0.1819,0.841,-0.0178,-0.795,-0.8484,AAPL
2021-08-20,110.2,111.58,101.98,104.65,353112300,-0.0548,-0.7471,0.4313,0.8627,0.4124,0.6756,1.5897,-0.0208,0.5855,2.5251,1.0197,0.1049,0.9678,0.4887,0.4144,0.7586,0.8873,0.5162,0.3514,-2.5128,0.0229,AMD
2021-08-20,68.5216,70.1614,67.3893,68.5509,82311700,-0.0098,-1.4543,-1.2294,-1.2801,-1.3841,-1.4167,-1.5477,-2.7516,0.9379,0.3088,-1.1658,-1.7897,-0.8929,0.2153,0.4827,-1.794,-0.4304,-0.9746,-0.0665,-2.6177,-0.3741,MU
2021-08-27,20.9254,22.6726,20.9044,22.5867,1763469000,0.0838,1.3705,1.3051,1.1888,1.4662,1.5288,0.7329,0.467,-0.2429,0.7161,1.3152,1.2853,1.1904,0.0147,-0.2287,1.0817,-0.0912,1.8882,0.1061,-0.0084,2.9667,NVDA
2021-08-27,293.4318,295.7541,287.2197,290.0161,101283900,-0.0154,0.0662,0.2095,0.3809,0.2978,0.4032,0.5091,0.647,0.1328,0.2072,1.7585,0.9954,0.2472,-1.4642,-1.4908,0.8636,-0.3909,2.2766,0.0686,-1.9114,-1.3604,MSFT
2021-08-27,145.1916,147.688,143.7428,145.4756,272129100,0.0028,-0.0807,-0.1049,0.1627,0.0743,0.1626,0.4289,-0.2059,0.2875,-0.0215,1.6973,0.9597,-0.0501,-1.5379,-1.3592,0.6023,-0.911,1.2362,0.024,-1.3181,-1.152,AAPL
2021-08-27,69.1463,75.1883,67.2527,72.2307,112219100,0.0523,-0.2355,-0.4859,-0.6813,-0.5423,-0.7528,-1.2926,-0.2729,-2.7518,0.9352,-0.9413,-1.0338,-0.6366,0.3745,0.4313,-1.2874,0.4399,-0.5225,-0.0396,-2.1812,0.3456,MU
2021-08-27,138.0538,144.0254,137.8049,143.568,88538000,0.0432,0.5366,0.4965,0.5684,0.6285,0.6849,0.2212,-0.0898,0.1016,0.161,2.0246,1.266,0.3795,-1.5633,-1.536,1.1173,-0.6577,1.8633,0.2085,-0.0828,-0.5958,GOOG
2021-08-27,763.5193,801.6842,763.0775,799.9075,2758100,0.0552,0.6922,0.9532,1.0579,1.0115,1.0808,0.5019,-0.112,0.0515,0.3084,1.8006,1.2907,0.5324,-0.9406,-1.035,1.3513,-0.7137,1.3665,0.077,-0.9201,0.0722,ASML
2021-08-27,105.3,111.78,104.86,111.4,278032600,0.0625,0.2408,0.9915,1.2849,1.0344,1.1996,1.5102,-1.098,-0.008,0.5827,1.1176,0.4991,0.2037,0.5398,0.1407,1.0065,0.0197,0.5813,0.2642,-2.3062,0.3032,AMD
2021-09-03,112.61,114.49,108.5,109.92,226745400,-0.0134,-0.0171,0.4997,0.8473,0.5645,0.7957,1.3874,1.0505,-1.0903,-0.011,0.943,0.3426,-0.2445,0.5637,0.0522,0.7592,-0.5126,0.6323,0.0338,-2.304,0.3472,AMD
2021-09-03,806.6493,828.776,794.4239,824.0991,3097000,0.0298,0.8287,0.9911,1.1943,1.0863,1.1761,0.6299,0.917,-0.0996,0.0486,1.7676,1.2424,0.6138,-0.9296,-1.098,1.3266,-0.4198,1.3717,0.0767,-0.8708,0.1492,ASML
2021-09-03,145.8672,151.7214,145.4854,151.0557,386647700,0.0376,0.3977,0.2751,0.3988,0.4587,0.4862,0.4642,-0.0433,-0.194,0.2846,1.9398,1.2518,0.2634,-1.4807,-1.3806,0.8977,-0.0437,1.2626,0.0298,-1.2001,-0.9948,AAPL
2021-09-03,291.3708,295.3091,290.4612,291.3902,92650700,0.0047,-0.0437,0.139,0.2924,0.2298,0.3378,0.4408,-0.3751,0.663,0.1299,1.725,1.0717,0.1444,-1.4758,-1.5643,0.7687,-0.5745,2.2791,0.0712,-2.1476,-1.493,MSFT
2021-09-03,72.3479,72.9628,70.5812,72.0453,65651000,-0.0026,0.2678,-0.417,-0.6474,-0.5089,-0.7127,-1.1292,0.8635,-0.2612,-2.7555,-1.2353,-1.0719,-1.1107,0.2957,0.1809,-1.2665,-0.9267,-0.5962,-0.147,-1.8853,0.74,MU
2021-09-03,143.721,145.8226,142.5296,143.791,100444000,0.0016,0.2896,0.3355,0.4548,0.4434,0.5375,0.2311,0.6973,-0.0773,0.0987,1.9721,1.0728,0.2691,-1.5664,-1.5787,0.961,-0.3253,1.8614,0.2125,-0.3442,-0.7167,GOOG
2021-09-03,22.7803,22.9929,22.0758,22.7973,1192563000,0.0093,0.9546,1.1945,1.053,1.1692,1.3141,0.8297,1.4408,0.4821,-0.2459,1.2076,1.2307,0.8457,0.0186,-0.3845,0.9477,-0.9153,1.8672,0.1051,0.0027,3.0257,NVDA
2021-09-10,109.96,110.58,104.98,105.2,136343300,-0.0439,-0.6322,-0.3552,0.1741,-0.1554,0.1441,1.0799,-0.3387,1.0684,-1.0935,0.5883,-0.0258,-0.6564,0.6981,0.0416,0.3866,-1.457,0.4315,-0.0827,-1.7626,1.0475,AMD
2021-09-10,143.7657,145.0265,140.7781,140.9564,78350000,-0.0199,-0.2284,-0.0371,0.1309,0.042,0.1878,0.114,-0.0654,0.7136,-0.0802,1.4221,0.6517,-0.0052,-1.4724,-1.5629,0.6177,-0.8582,1.5043,0.1167,0.0111,-0.5434,GOOG
2021-09-10,291.2644,292.3578,285.8167,286.136,71787600,-0.0182,-0.4555,-0.1759,-0.0156,-0.099,0.0421,0.2839,-0.0073,-0.364,0.6602,1.3342,0.7148,-0.1261,-1.3831,-1.585,0.4646,-1.0691,2.3032,0.017,-1.5046,-1.1627,MSFT
2021-09-10,71.9965,73.8218,69.4098,71.7427,62282600,-0.0042,0.0065,-0.4377,-0.6518,-0.502,-0.6947,-0.985,-0.1409,0.8805,-0.2642,-1.2315,-1.1136,0.0917,0.2703,0.0969,-1.2368,-0.9853,-0.8481,-0.0732,-2.152,0.0292,MU
2021-09-10,830.9945,840.6653,816.2337,824.8289,3275100,0.0009,0.4142,0.6371,0.9648,0.7802,0.9333,0.6512,0.4516,0.9343,-0.1026,1.745,1.0578,0.5527,-1.1495,-1.1681,1.0782,-0.1468,1.4005,0.0818,-0.5286,-0.2355,ASML
2021-09-10,151.7117,153.9535,145.5734,145.8378,354897400,-0.0352,-0.2963,-0.2033,-0.0907,-0.1298,-0.0135,0.3273,0.5953,-0.0305,-0.197,1.2152,0.4602,-0.237,-1.2553,-1.2464,0.3979,-0.2575,1.1406,-0.0092,-0.4385,-0.3682,AAPL
2021-09-10,22.7873,22.8532,21.933,22.433,897773000,-0.0161,0.0946,0.6209,0.6903,0.6308,0.8579,0.7594,0.076,1.4605,0.4793,0.8841,0.999,0.7735,0.0387,-0.4651,0.711,-1.3864,1.5728,0.1055,0.142,2.6991,NVDA
2021-09-17,287.9164,295.4349,284.5587,290.1613,134785900,0.014,-0.1094,-0.0573,0.0243,0.0347,0.1321,0.1898,-0.427,0.0056,-0.367,1.2858,0.9331,-0.3595,-1.3934,-1.5657,0.5248,0.6108,2.3126,0.0163,-1.7814,-1.3208,MSFT
2021-09-17,147.4629,148.2363,142.6953,142.989,492884800,-0.0197,-0.6095,-0.4242,-0.3706,-0.3916,-0.2636,0.1179,-0.7375,0.611,-0.0335,0.8473,0.0711,-0.3562,-1.1905,-1.2301,0.1176,0.7827,0.6267,-0.0131,-0.2843,-0.1551,AAPL
2021-09-17,105.26,106.82,102.63,103.88,199074800,-0.0126,-0.839,-0.6765,-0.1174,-0.3272,-0.0599,0.7246,-0.8974,-0.3274,1.0658,0.5241,-0.1289,-0.2943,0.7264,-0.1011,0.2395,-0.7315,0.3404,-0.057,-1.5308,1.4516,AMD
2021-09-17,22.6386,22.9181,21.7863,21.8562,1114329000,-0.0261,-0.6523,0.0993,0.2761,0.1085,0.3829,0.537,-0.3888,0.0893,1.458,0.6178,0.6148,0.2319,0.1025,-0.4681,0.458,-1.0253,1.2166,0.0214,0.3265,3.0696,NVDA
2021-09-17,142.2277,144.592,140.1028,140.502,140072000,-0.0032,-0.3947,-0.1191,0.0035,-0.063,0.0743,-0.0186,-0.4584,-0.0528,0.7108,1.2176,0.521,-0.0364,-1.4548,-1.5563,0.4848,0.8549,0.8973,-0.0187,0.1962,-0.417,GOOG
2021-09-17,72.7774,73.4216,70.0443,72.5236,78317900,0.0108,-0.0537,-0.2699,-0.4593,-0.319,-0.5292,-0.7856,-0.1709,-0.1287,0.8778,-0.8899,-0.9498,0.2821,0.0857,-0.0796,-1.0404,-0.4807,-0.4538,0.046,-2.7934,-0.9645,MU
2021-09-17,834.7687,860.4201,818.625,825.7701,4895900,0.0011,0.0116,0.4239,0.7644,0.5531,0.7376,0.5952,-0.0777,0.4667,0.9316,1.7005,0.7934,0.5731,-1.1221,-1.1336,0.9085,1.1228,1.4789,0.1759,-0.3268,-0.0543,ASML
2021-09-24,286.7359,291.1579,280.1464,289.6581,120872700,-0.0017,-0.1375,-0.1588,-0.0606,-0.0507,0.0435,0.0884,0.1619,-0.4161,0.0026,1.2239,0.8684,-0.2402,-1.5413,-1.5325,0.4212,0.256,1.8085,0.0101,-2.6799,-1.8283,MSFT
2021-09-24,101.58,106.86,99.51,105.8,174135500,0.0183,-0.2334,-0.4483,-0.0202,-0.0919,0.0911,0.4895,-0.325,-0.8887,-0.3304,0.4807,-0.0841,-0.6729,0.4594,-0.1611,0.2848,-0.9805,0.0746,-0.0742,-2.1895,0.4208,AMD
2021-09-24,140.7765,144.3693,138.2997,143.8309,394033300,0.0059,-0.4419,-0.3651,-0.3521,-0.2911,-0.2111,-0.0232,-0.455,-0.7281,0.6083,0.7538,0.0798,-0.3291,-1.369,-1.2313,0.1251,0.0627,0.17,-0.0058,-0.7844,-0.582,AAPL
2021-09-24,21.1037,22.4899,20.6207,22.0368,1289064000,0.0082,-0.3747,0.0125,0.2959,0.1265,0.3581,0.3406,-0.5708,-0.3777,0.0864,0.5023,0.7003,-0.4442,-0.0768,-0.3848,0.4441,-0.7256,0.7544,0.0094,0.1049,2.9179,NVDA
2021-09-24,138.0554,141.9322,136.1215,141.6636,107338000,0.0082,-0.1684,-0.0983,0.0017,-0.0064,0.0992,-0.1054,-0.153,-0.4476,-0.0558,1.2918,0.679,-0.3464,-1.4572,-1.5199,0.4939,0.0092,0.3766,-0.0076,0.4618,-0.0657,GOOG
2021-09-24,70.8642,73.0018,69.4879,72.2795,88360000,-0.0034,-0.1235,-0.2379,-0.4232,-0.3441,-0.5303,-0.6363,0.1043,-0.1588,-0.1317,-0.7348,-1.001,-0.2234,0.0789,-0.1904,-1.0283,-0.189,-0.3857,-0.1007,-2.4808,-0.3719,MU
2021-09-24,805.6312,853.4959,796.8151,834.3846,3952600,0.0104,0.0097,0.3568,0.6653,0.4945,0.6766,0.5241,-0.073,-0.0651,0.4639,2.3894,0.9253,0.151,-1.1399,-1.0366,0.8386,0.3604,1.3993,0.1861,0.6695,0.8785,ASML
2021-10-01,21.6666,21.7554,20.1626,20.7005,1268665000,-0.0626,-1.1136,-0.7857,-0.388,-0.701,-0.3977,-0.0862,0.0568,-0.5606,-0.3807,-0.0388,-0.1839,-1.041,0.0872,-0.1458,-0.0459,-0.7519,0.3046,-0.0481,0.3724,2.2484,NVDA
2021-10-01,140.6232,141.5315,132.096,135.535,151054000,-0.0442,-0.7406,-0.6382,-0.4949,-0.5862,-0.4204,-0.3771,0.0569,-0.1408,-0.4507,0.3576,-0.2715,-0.736,-1.2105,-1.3025,-0.1007,1.1939,-0.2089,-0.1408,0.8526,0.0559,GOOG
2021-10-01,105.07,108.44,99.81,102.45,277766300,-0.0322,-0.5141,-0.7303,-0.4467,-0.5095,-0.3046,0.1767,0.2414,-0.3137,-0.8919,0.2548,-0.4565,-0.829,0.43,-0.0363,0.0186,0.1443,-0.2504,-0.0865,-1.7318,0.2938,AMD
2021-10-01,809.8568,814.2745,699.5011,712.4084,7929200,-0.158,-2.2974,-1.4844,-1.0198,-1.5261,-1.0972,-0.184,0.0961,-0.0604,-0.0681,0.0335,-0.9424,-1.4254,0.3544,-0.1498,-0.487,3.4557,0.5944,0.0485,0.7911,3.2551,ASML
2021-10-01,142.4114,142.8911,136.1851,139.6507,441421300,-0.0295,-0.6302,-0.6888,-0.635,-0.63,-0.5261,-0.2536,0.0136,-0.4443,-0.7312,0.208,-0.7354,-0.8956,-1.3938,-1.1317,-0.2638,0.4535,-0.267,-0.054,-0.1637,-0.778,AAPL
2021-10-01,71.8891,74.0658,68.5196,69.3896,118653000,-0.0408,-0.7353,-0.5123,-0.7437,-0.8022,-0.9022,-0.6848,-0.1556,0.1178,-0.1618,-1.4627,-1.6075,-0.5546,0.118,-0.0632,-1.4656,0.7312,-0.8566,-0.1438,-2.1523,-0.471,MU
2021-10-01,286.5521,286.8714,272.1829,279.74,155541500,-0.0348,-0.6181,-0.5898,-0.4522,-0.5096,-0.3707,-0.1473,-0.1256,0.1756,-0.4192,0.4872,-0.0828,-0.5822,-1.3714,-1.3602,-0.0306,1.1631,1.2187,-0.0728,-1.1962,-1.2087,MSFT
2021-10-08,700.0103,723.7984,680.9278,701.3259,6145200,-0.0157,-1.877,-1.5599,-1.2092,-1.4383,-1.1348,-0.7944,-2.9874,0.1095,-0.0634,-0.1009,-1.1121,-1.5507,0.3665,-0.1677,-0.6725,1.9148,0.0508,-0.0627,0.7591,3.3214,ASML
2021-10-08,138.7794,141.1877,135.3627,139.8954,382910100,0.0018,-0.3949,-0.6043,-0.5994,-0.527,-0.4761,-0.3993,-0.6338,0.0266,-0.4473,-0.2239,-1.2458,-0.5889,-1.4037,-1.1437,-0.3092,0.0074,-0.6454,-0.0111,0.0756,-0.6643,AAPL
2021-10-08,134.7772,139.3633,130.275,139.1041,112594000,0.026,-0.1731,-0.3381,-0.2812,-0.2053,-0.1382,-0.4475,-0.9035,0.0701,-0.1438,0.4719,0.0999,-0.3453,-1.1855,-1.211,0.1884,0.1325,-0.6715,-0.0407,1.0142,0.2318,GOOG
2021-10-08,20.463,21.2794,19.5159,20.7893,1330296000,0.0043,-0.6718,-0.7789,-0.4516,-0.5532,-0.3412,-0.3932,-1.2392,0.07,-0.5637,-0.3882,-0.1255,-0.8759,-0.434,-0.0994,-0.0735,-0.6187,-0.1801,0.0038,0.8651,1.7491,NVDA
2021-10-08,69.0084,70.0542,67.4737,68.5392,80839400,-0.0123,-0.7556,-0.6473,-0.8114,-0.8266,-0.9361,-0.7106,-0.8409,-0.1434,0.1148,-1.4116,-1.7393,-0.6234,0.0475,-0.206,-1.4908,-0.4164,-1.467,-0.1632,-2.308,-0.668,MU
2021-10-08,278.095,287.0359,271.1765,285.3038,122462500,0.0197,-0.222,-0.3618,-0.2944,-0.2195,-0.1604,-0.2357,-0.7317,-0.1133,0.1727,0.2842,0.1592,-0.255,-1.3505,-1.2974,0.1478,0.2829,1.2402,-0.0083,-1.0873,-1.1146,MSFT
2021-10-08,101.74,107.95,99.82,105.06,184660100,0.0252,-0.0157,-0.3453,-0.3463,-0.1542,-0.0471,0.0293,-0.6829,0.2555,-0.3167,0.0158,-0.2246,-0.2411,0.2501,-0.085,0.131,-0.8635,-0.2792,-0.025,-1.8877,-0.027,AMD
2021-10-15,694.1328,758.3429,692.7691,758.1124,4988800,0.0779,0.0121,-0.6587,-0.4984,-0.2855,-0.2394,-0.7992,-0.3809,-2.9887,0.1066,0.2771,-0.2898,-0.9524,0.3274,-0.2613,-0.0661,0.9397,0.4179,-0.0591,0.7321,3.578,ASML
2021-10-15,68.3241,68.7738,64.1895,66.1542,94472000,-0.0354,-0.9949,-1.0179,-1.0622,-1.1111,-1.1879,-0.8391,-0.3196,-0.832,-0.1464,-1.4642,-1.6796,-1.0044,0.0638,-0.1374,-1.7775,-0.0036,-1.4649,-0.2835,-2.8805,-1.204,MU
2021-10-15,20.5339,21.8871,20.47,21.8183,976757000,0.0483,0.2847,-0.263,-0.0485,0.0892,0.163,-0.4,-0.0155,-1.2321,0.0671,0.0229,0.5513,-0.2446,-0.5766,-0.2439,0.3348,-1.1459,-0.2692,0.0543,0.7623,1.6125,NVDA
2021-10-15,138.8498,141.2335,135.3239,140.7121,98176000,0.0115,0.0465,-0.2308,-0.1866,-0.0781,-0.0466,-0.4599,0.382,-0.8949,0.0671,0.5152,0.3676,-0.2161,-1.328,-1.2225,0.3035,-0.225,-0.6017,0.0953,0.7021,-0.0841,GOOG
2021-10-15,139.2787,141.8533,136.2732,141.7946,354098200,0.0135,-0.0896,-0.4049,-0.4448,-0.3071,-0.3145,-0.4327,-0.0618,-0.6239,0.0237,-0.4977,-0.8986,-0.303,-1.4078,-1.1795,-0.2059,-0.2118,-0.6837,0.04,0.1311,-0.5283,AAPL
2021-10-15,104.62,112.84,104.02,112.12,202059400,0.065,0.9057,0.3709,0.1688,0.615,0.5994,0.1597,0.3667,-0.6733,0.2526,0.4964,0.4026,0.4707,0.2289,-0.2043,0.5445,-0.6757,-0.0117,0.0556,-2.0272,-0.0617,AMD
2021-10-15,283.4363,294.593,282.8847,294.3607,113336700,0.0313,0.3261,0.0312,-0.0147,0.1491,0.1407,-0.1789,0.2667,-0.7223,-0.1163,0.5451,1.1504,-0.1016,-1.3506,-1.329,0.5053,0.0259,1.2562,-0.0151,-1.1903,-1.0781,MSFT
2021-10-22,21.7055,23.0837,21.6007,22.6805,934217000,0.0388,0.9227,0.2223,0.2297,0.4842,0.4985,-0.2745,0.7906,-0.0026,-1.2354,0.9433,1.0633,0.0285,-0.5447,-0.3423,0.6724,-1.1497,0.2602,0.0447,0.8023,1.6933,NVDA
2021-10-22,111.9,121.56,111.37,119.82,195164100,0.0664,1.6223,1.1335,0.7831,1.2433,1.1778,0.443,1.0969,0.3814,-0.6764,1.0259,1.0868,0.9401,-0.3795,-0.2749,0.9527,-0.777,0.236,0.0583,0.026,1.3234,AMD
2021-10-22,140.2537,143.2673,136.2382,137.6828,94852000,-0.0218,-0.2412,-0.4354,-0.4295,-0.3761,-0.3118,-0.5779,0.1166,0.3968,-0.8981,0.0601,-0.1993,-0.4773,-1.3162,-1.1504,-0.108,-0.3336,-0.9641,-0.0213,-0.0823,-0.4745,GOOG
2021-10-22,743.4092,776.7435,728.1874,769.2238,6243800,0.0146,0.7485,-0.4219,-0.3874,-0.1042,-0.1011,-0.771,1.3316,-0.3698,-2.9924,0.3815,-0.1145,-0.9185,0.3157,-0.3188,0.0111,1.7135,0.5366,-0.0325,0.9142,3.7477,ASML
2021-10-22,140.4339,147.0223,140.15,145.5637,340691300,0.0262,0.3729,-0.0785,-0.1949,0.0191,-0.0444,-0.3419,0.153,-0.0492,-0.6271,-0.2738,-0.2097,-0.123,-1.3709,-1.19,0.1367,-0.3356,-0.7841,0.0361,0.142,-0.4644,AAPL
2021-10-22,65.4993,67.6399,64.7955,65.988,77270200,-0.0025,-0.6048,-0.9169,-0.9777,-0.9575,-1.0859,-0.8589,-0.7423,-0.3082,-0.8352,-1.2254,-1.713,-0.9975,0.0237,-0.2676,-1.6931,-0.5706,-1.4472,-0.2895,-2.6004,-0.9133,MU
2021-10-22,293.7415,301.018,292.89,299.1505,91315900,0.0161,0.4862,0.1876,0.0823,0.254,0.2385,-0.1001,0.4783,0.2809,-0.7254,0.5982,1.1475,0.0599,-1.3884,-1.3964,0.6945,-0.5449,1.2424,0.0562,-1.2656,-1.1715,MSFT
2021-10-29,145.5538,149.9495,143.3316,146.6503,392740000,0.0074,0.2755,0.0648,-0.1393,0.0477,-0.0093,-0.2622,0.3864,0.1667,-0.0521,-0.3617,-0.011,0.213,-1.3681,-1.1853,0.2464,0.0343,-0.2921,0.0876,-0.1389,-0.8016,AAPL
2021-10-29,22.9271,25.6576,22.7245,25.5159,1488830000,0.1178,2.2781,1.6175,1.3356,1.7988,1.6724,0.2268,0.6158,0.8073,-0.0056,1.1503,1.2547,1.8235,-0.0704,-0.3355,1.6425,-0.0512,0.2421,0.1122,0.9066,2.2749,NVDA
2021-10-29,68.0505,69.5167,65.9294,67.5422,79558000,0.0233,-0.0168,-0.5408,-0.6071,-0.5347,-0.7451,-0.7019,-0.1399,-0.7329,-0.3112,-1.1457,-1.4007,-0.4643,-0.1235,-0.3874,-1.306,-0.4807,-1.0657,-0.1458,-2.3408,-0.9201,MU
2021-10-29,299.3441,321.251,296.538,320.8833,159314400,0.0701,1.2143,0.9511,0.7183,1.0049,0.9052,0.1965,0.2017,0.4935,0.278,0.8773,1.299,1.0686,-1.0677,-1.2819,1.5396,1.1306,1.2848,0.1693,-0.5282,-0.5423,MSFT
2021-10-29,767.9945,789.3434,753.109,780.6617,3748500,0.0148,0.5809,-0.1517,-0.2681,0.0401,0.0189,-0.6911,0.1725,1.3509,-0.3728,0.0766,-0.1861,0.6162,0.3083,-0.4445,0.0937,-0.1708,0.511,0.1004,0.4876,2.5666,ASML
2021-10-29,120.52,128.08,118.6,120.23,306860900,0.0034,0.8591,1.0171,0.7342,0.9292,0.9626,0.587,1.1222,1.115,0.3785,0.8834,0.6396,1.3022,-0.4172,-0.2362,0.8709,0.3462,0.3524,0.1813,-0.5545,0.363,AMD
2021-10-29,137.867,148.1045,135.8191,147.2627,162562000,0.0673,0.6861,0.3786,0.2011,0.4634,0.3898,-0.3523,-0.4923,0.13,0.3939,0.2828,1.1635,0.5343,-0.996,-1.0506,0.9707,1.4384,-0.7966,0.1632,0.2745,0.0323,GOOG
2021-11-05,67.4151,72.0776,67.3858,71.2761,60972300,0.0538,0.8667,0.1432,-0.0848,0.1708,-0.1358,-0.329,0.3323,-0.1276,-0.736,-0.9052,-0.6505,0.1231,-1.0152,-0.4878,-0.5835,-1.0008,-1.1249,-0.0291,-0.5763,-0.6575,MU
2021-11-05,147.1579,149.5474,142.6036,148.2266,116416000,0.0065,0.4922,0.3796,0.2028,0.3786,0.3457,-0.2203,1.1377,-0.4817,0.1271,0.5905,1.0911,0.3494,-0.9969,-1.0563,0.9743,0.2498,-0.8792,0.1575,-0.0604,-0.3553,GOOG
2021-11-05,774.9283,822.8905,764.9117,815.5343,3437800,0.0437,0.7129,0.4294,0.124,0.5064,0.4274,-0.454,0.1764,0.1863,1.3483,0.1968,0.4741,1.2078,0.3657,-0.4925,0.458,-0.3759,0.5239,0.2231,0.4781,2.2397,ASML
2021-11-05,145.8574,149.225,144.6924,148.3153,324080300,0.0113,0.2098,0.182,-0.0357,0.1165,0.0606,-0.1721,0.0423,0.4012,0.1638,0.0483,0.2933,0.3018,-1.3927,-1.2524,0.511,-0.4399,0.1616,0.0825,-0.0087,-0.9235,AAPL
2021-11-05,320.6317,327.8212,315.8033,325.1796,121622700,0.0133,0.8103,0.9073,0.7327,0.874,0.8474,0.3899,1.1901,0.2155,0.4907,1.1791,1.1655,1.0041,-1.0674,-1.3083,1.4701,0.1821,1.295,0.1636,-0.7711,-0.8248,MSFT
2021-11-05,25.5977,31.3372,25.1765,29.6925,2804653000,0.1516,3.599,3.3097,2.7947,3.3006,3.1225,0.9548,2.0627,0.6316,0.8045,1.5481,0.8809,3.55,0.5082,0.0249,2.1396,2.4586,0.5737,0.1442,0.918,2.9705,NVDA
2021-11-05,119.45,141.22,118.13,136.34,317335300,0.1257,2.1283,2.322,1.9959,2.2613,2.1794,1.0072,-0.0313,1.1405,1.1124,0.9368,0.9264,2.3982,0.1627,-0.0283,1.5965,0.3988,0.2968,0.2028,-0.1818,1.2488,AMD
2021-11-12,137.7,155.65,137.7,147.89,443022500,0.0813,2.3633,2.8401,2.6307,2.7044,2.6951,1.4417,2.2083,-0.0185,1.1378,1.1069,0.8542,2.5861,0.0516,0.0442,1.7341,1.4994,0.178,0.2436,-0.8618,0.3939,AMD
2021-11-12,326.3794,327.7535,319.2384,325.8182,108386100,0.002,0.3393,0.7329,0.6562,0.6341,0.6759,0.4738,0.1496,1.2087,0.2126,1.1206,1.2038,0.7138,-1.1356,-1.3674,1.2715,-0.1441,1.3302,0.1573,-0.2957,-0.7105,MSFT
2021-11-12,823.7279,825.1145,784.829,819.9922,3089500,0.0055,0.4241,0.5136,0.1109,0.3982,0.3657,-0.3117,0.7062,0.1901,0.1834,0.1174,0.5585,0.491,0.3637,-0.5634,0.4408,-0.6499,0.5369,0.1911,0.3736,2.0373,ASML
2021-11-12,148.9805,150.008,144.3373,148.6284,87484000,0.0027,0.2702,0.3213,0.1618,0.2671,0.2684,-0.1465,0.0256,1.156,-0.4848,0.518,1.0864,0.2672,-0.9987,-1.0956,0.9198,-0.5024,-0.5254,0.1453,-0.1289,-0.4348,GOOG
2021-11-12,30.0887,32.2454,28.7204,30.3292,2531279000,0.0212,2.22,2.9368,2.6212,2.6586,2.7286,1.3991,2.6816,2.0855,0.6288,1.5331,0.8425,3.2131,0.5123,0.1526,1.6757,1.8793,0.8,0.1777,0.8805,2.832,NVDA
2021-11-12,148.4428,148.5997,144.5898,147.0506,281799900,-0.0086,-0.1386,0.027,-0.1369,-0.0699,-0.0872,-0.1609,0.1128,0.0554,0.3984,-0.1259,0.0621,0.0978,-1.3885,-1.3013,0.3261,-0.743,-0.1805,0.0438,-0.0001,-0.9436,AAPL
2021-11-12,71.667,76.2611,71.4715,75.5573,92843700,0.0583,1.3737,0.8415,0.4502,0.7911,0.4493,0.1406,0.8913,0.3469,-0.1306,-0.9087,0.357,1.025,-0.8348,-0.5776,0.3097,-0.0033,-1.1635,0.1442,-1.7456,-1.154,MU
2021-11-19,76.0069,81.9694,73.4949,81.1581,100123100,0.0715,1.7762,1.618,1.1402,1.4463,1.1045,0.6703,0.9741,0.9085,0.344,0.826,1.1689,1.7995,-0.7061,-0.4977,1.2941,0.3189,-0.4349,0.328,-1.6701,-1.0042,MU
2021-11-19,30.4909,33.0218,28.7424,32.919,2393479000,0.0819,2.0344,3.3691,3.2413,3.0102,3.1589,1.7628,0.2946,2.7073,2.0831,1.7333,1.2995,3.7544,0.5054,0.1847,1.6536,1.5623,1.1857,0.208,0.8818,2.8032,NVDA
2021-11-19,147.4232,157.8645,146.4134,157.4037,462419300,0.068,0.8308,0.7655,0.5183,0.7199,0.5965,0.1059,-0.2506,0.1263,0.0525,0.3656,1.2544,0.4885,-1.0331,-1.2222,2.0326,0.5879,-0.079,0.0502,-0.0951,-0.4734,AAPL
2021-11-19,148.9805,150.8179,147.3417,148.9333,95216000,0.002,-0.0705,0.2652,0.1502,0.1737,0.197,-0.1144,-0.0443,0.0386,1.1534,0.4597,1.0122,0.4918,-1.1109,-1.1963,0.8603,-0.2683,-0.46,0.2583,-0.4065,-0.7365,GOOG
2021-11-19,148.0,158.89,142.86,155.41,262181200,0.0496,2.0094,2.8196,2.8723,2.6084,2.7333,1.7674,1.3949,2.2318,-0.0215,1.2352,1.1248,2.3919,0.0212,0.0459,1.5775,-0.3079,0.8711,0.2495,-0.9237,0.2931,AMD
2021-11-19,823.2371,848.3866,815.7653,825.3264,3522300,0.0065,0.2032,0.6192,0.1514,0.3282,0.3252,-0.2143,0.0059,0.7225,0.1872,0.1165,0.6595,0.4143,0.2665,-0.6701,0.4454,-0.3409,0.5763,0.151,0.1759,1.668,ASML
2021-11-19,326.6117,334.5379,323.2153,332.6088,101090100,0.0206,0.2316,0.7738,0.7549,0.6831,0.7368,0.546,-0.0579,0.1633,1.2061,1.1755,1.2205,0.7577,-1.1789,-1.4027,1.2719,-0.3274,1.3581,0.1569,0.3749,-0.4671,MSFT
2021-11-26,33.45,34.5777,30.8182,31.44,2004729000,-0.046,0.0586,1.8795,2.2472,1.5722,1.9545,1.8354,1.4063,0.3089,2.705,1.2792,0.616,1.8196,0.6862,0.4693,1.0925,0.7934,1.24,0.1253,1.0623,2.6985,NVDA
2021-11-26,823.2371,827.724,747.1815,752.9683,4106800,-0.0918,-1.3946,-0.6295,-0.7106,-0.8914,-0.7163,-0.5687,0.0249,0.0189,0.7198,-0.5222,-0.7104,-0.5424,0.5228,-0.2807,-0.6858,0.0339,0.4545,0.062,0.408,1.79,ASML
2021-11-26,334.0725,338.968,318.0775,319.5898,107337200,-0.0399,-0.534,0.0393,0.2299,-0.02,0.1386,0.4046,0.2838,-0.0453,0.1604,0.3355,0.3526,-0.2649,-0.9895,-1.2249,0.6183,-0.1718,0.8986,0.0679,0.7079,-0.2577,MSFT
2021-11-26,157.14,161.88,145.3,154.81,218449000,-0.0039,0.6604,1.989,2.413,1.8338,2.1224,1.8829,0.8142,1.4145,2.2294,1.5794,0.9387,2.3089,-0.0087,0.1864,1.2435,-0.7592,1.4061,0.1438,-0.547,0.2596,AMD
2021-11-26,149.1213,149.7199,141.5171,141.8354,76190000,-0.0488,-0.8379,-0.4212,-0.3467,-0.5051,-0.3878,-0.3193,-0.0563,-0.0316,0.0357,-0.191,-0.162,-0.5546,-0.9266,-1.0615,-0.1965,-0.8018,-0.4449,0.1157,0.0457,-0.4866,GOOG
2021-11-26,81.7739,85.7326,80.1318,81.5393,104751800,0.0047,0.8965,1.3824,1.0662,1.0963,0.9167,0.9986,1.2153,0.9916,0.9057,0.958,0.6625,1.5995,-0.7141,-0.4774,1.1769,0.4278,0.068,0.3331,-1.7178,-1.1977,MU
2021-11-26,158.5115,162.4527,153.2958,153.737,359933200,-0.0236,0.1142,0.2943,0.2447,0.2052,0.1973,0.1566,1.1518,-0.2389,0.1234,0.1153,0.2306,0.1971,-1.0612,-1.1092,1.0616,-0.169,-0.0999,0.0065,0.0398,-0.668,AAPL
2021-12-03,156.2468,166.9626,154.7076,158.6684,669611100,0.0316,0.4083,0.5014,0.5092,0.4866,0.4507,0.278,-0.5254,1.1702,-0.2419,0.3451,0.432,0.3867,-1.1245,-0.9727,1.464,2.0909,0.1205,0.0258,-0.8007,-1.1436,AAPL
2021-12-03,157.5,164.46,140.72,144.01,318731700,-0.0723,-1.0108,0.4744,1.2012,0.4183,0.8714,1.6596,-0.1647,0.831,1.4119,0.7837,0.254,0.2671,0.1925,0.7453,0.6935,0.1518,0.7799,0.0274,-0.4301,0.5145,AMD
2021-12-03,324.6888,328.8959,308.2963,313.1239,177332000,-0.0204,-0.7478,-0.3562,-0.0649,-0.3161,-0.1452,0.1767,-0.8249,0.2981,-0.0482,0.2541,0.0284,-0.5565,-0.9808,-1.087,0.2759,1.5041,0.3057,-0.0245,0.7409,-0.2824,MSFT
2021-12-03,765.4757,801.7463,731.6123,742.8584,5829100,-0.0135,-1.2215,-0.8708,-0.7573,-0.9104,-0.7899,-0.8459,-1.7738,0.0379,0.016,-0.9534,-0.9018,-1.0157,0.521,-0.1357,-0.9946,1.1514,0.0039,-0.0365,0.3925,1.67,ASML
2021-12-03,143.3177,145.8638,140.0238,141.5518,144280000,-0.002,-0.6582,-0.4717,-0.3705,-0.4731,-0.3966,-0.4658,-0.9879,-0.0437,-0.0345,-0.6545,-0.2089,-0.6267,-0.9532,-1.0796,-0.3159,0.9787,-0.9062,-0.0208,-0.1544,-0.6633,GOOG
2021-12-03,82.4777,87.0424,78.822,79.7799,119985900,-0.0218,-0.0923,0.8149,0.7117,0.5064,0.4757,1.1032,-0.0081,1.234,0.989,0.4149,0.244,0.8236,-0.6662,-0.2534,0.7455,0.8298,-0.5602,0.1574,-1.5436,-1.0951,MU
2021-12-03,32.3013,33.3452,30.0734,30.6354,2578613000,-0.0259,-0.5958,0.8836,1.5919,0.8047,1.2577,1.6304,-0.9355,1.4259,0.3061,0.9227,0.4345,0.0509,0.7172,0.6135,0.7996,1.8048,0.5164,0.0055,1.0676,2.6295,NVDA
2021-12-10,730.688,779.3312,713.8573,752.7949,4069400,0.0133,-0.5608,-0.7022,-0.5489,-0.614,-0.5867,-0.9385,-0.3413,-1.7693,0.035,-1.0913,-0.7137,-0.9525,0.5342,-0.1001,-0.8622,-0.0477,-0.3427,-0.0257,0.2948,1.2755,ASML
2021-12-10,142.5982,148.5882,139.6911,147.6645,104634000,0.0423,0.2024,-0.0194,0.0236,0.0807,0.0514,-0.3767,-0.1305,-0.9797,-0.0466,-0.224,0.8023,-0.2866,-0.8454,-1.067,0.6383,-0.0999,-0.8945,-0.0118,0.0824,-0.5724,GOOG
2021-12-10,161.0704,176.1098,161.0606,175.9333,569227700,0.1033,1.606,1.5341,1.4852,1.6131,1.4637,0.6769,0.4842,-0.515,1.1676,0.7755,1.3093,1.504,-0.6318,-0.8824,2.2434,1.2707,0.2338,0.0745,-0.4038,-0.5732,AAPL
2021-12-10,141.14,147.04,134.2,138.55,256357600,-0.0387,-1.4388,-0.3261,0.5035,-0.2017,0.2599,1.1995,-1.4178,-0.1525,0.8283,0.5729,-0.0317,-0.7867,0.2956,0.8331,0.3896,-0.4876,0.3291,-0.089,-1.719,-0.6518,AMD
2021-12-10,29.8239,32.3881,27.9853,30.1413,2704874000,-0.0163,-0.8774,0.1869,1.0868,0.3577,0.8109,1.2952,-0.5685,-0.927,1.4234,0.7778,0.323,-0.284,0.6862,0.893,0.5995,1.9399,-0.0694,-0.1015,0.1121,1.2996,NVDA
2021-12-10,314.0352,332.5021,309.4596,332.0562,146125400,0.0587,0.308,0.1988,0.4422,0.4068,0.4451,0.2133,-0.4681,-0.8159,0.2952,0.6137,0.9775,-0.0604,-0.8156,-1.0524,0.9134,0.6998,0.3946,-0.0128,0.9333,-0.1313,MSFT
2021-12-10,79.9852,85.0777,78.7145,83.6115,73640500,0.0469,0.3444,1.0565,1.1032,0.9122,0.855,1.2334,-0.4932,0.0048,1.2314,0.7216,0.8138,0.7114,-0.5885,-0.3175,1.1146,-0.6045,-0.5127,0.1318,-1.1889,-0.9541,MU
2021-12-17,147.4351,147.5528,140.8243,141.8324,146966000,-0.0403,-0.35,-0.5643,-0.3938,-0.4745,-0.4195,-0.5151,0.6802,-0.1182,-0.9829,-0.4359,-0.1625,-0.6501,-0.7329,-0.9997,-0.4294,1.0718,-1.0084,-0.1256,0.2994,-0.508,GOOG
2021-12-17,330.2531,333.268,307.5402,313.8897,191504300,-0.0563,-0.5145,-0.5776,-0.2245,-0.4193,-0.2642,-0.0122,0.9809,-0.4574,-0.8191,0.1837,0.0668,-0.726,-0.5662,-0.8099,0.1036,1.7025,0.1144,-0.0972,1.0052,0.0414,MSFT
2021-12-17,177.5706,178.5608,166.3646,167.7861,769299200,-0.0474,0.2906,0.6335,0.7788,0.5676,0.6351,0.7442,1.7972,0.4994,-0.5181,0.5735,0.4763,0.3528,-0.4218,-0.7104,1.1713,2.507,-0.081,0.0043,-0.0775,-0.3513,AAPL
2021-12-17,84.6574,85.41,79.1152,81.1288,78777500,-0.0301,-0.2525,0.322,0.6462,0.2681,0.337,1.2059,0.765,-0.4827,0.0019,0.4233,0.4446,-0.2325,-0.5066,-0.2107,0.6638,-0.4447,-0.5782,-0.0179,-0.8837,-0.8605,MU
2021-12-17,30.1922,31.1015,27.1988,27.7488,3384800000,-0.0827,-1.6293,-1.09,-0.0225,-0.7651,-0.2466,0.6924,-0.3915,-0.5583,-0.9302,0.3312,-0.2168,-1.6154,1.0335,1.3276,0.1212,2.7501,-0.4318,-0.2116,0.3418,1.5843,NVDA
2021-12-17,138.25,147.93,130.6,137.75,284366100,-0.0058,-0.9838,-0.5923,0.2175,-0.2818,0.1074,0.7426,-0.8015,-1.4117,-0.1555,0.7803,-0.0736,-1.2321,0.3264,0.9624,0.2848,-0.1104,0.1243,-0.1731,-1.6068,-0.7017,AMD
2021-12-17,751.5721,770.1265,715.6386,722.0125,5031800,-0.0418,-0.7059,-1.1059,-0.8391,-1.0196,-0.9581,-1.1936,0.1494,-0.33,-1.7727,-1.2893,-1.2965,-1.334,0.5554,0.0001,-1.4186,0.5637,-0.7308,-0.11,0.2693,0.9646,ASML
2021-12-24,27.2537,30.0026,27.094,29.5843,1724438000,0.0641,-0.1215,-0.5288,0.3735,0.1076,0.4132,0.3832,-1.608,-0.3805,-0.5614,0.6324,0.1973,-0.7502,0.8475,1.0355,0.3692,-0.08,-0.1331,-0.1424,0.1811,1.4571,NVDA
2021-12-24,80.2882,92.8583,79.0859,92.2913,135704400,0.1289,1.7289,1.5481,1.8643,1.7672,1.6549,1.4432,-0.6457,0.7816,-0.4857,0.9518,1.2568,0.9344,-0.0548,-0.1063,1.6714,1.2633,-0.3746,0.0061,-1.0813,-0.4907,MU
2021-12-24,139.7234,147.5628,139.2967,146.1424,72068000,0.0299,0.0919,-0.1829,-0.1501,-0.0691,-0.0968,-0.4589,-0.8316,0.6963,-0.1212,-0.1547,0.5505,0.0387,-0.8303,-1.0007,0.299,-0.9552,-0.6127,-0.0572,0.1474,-0.5742,GOOG
2021-12-24,164.9822,173.3843,164.1783,172.8255,359176900,0.0296,0.309,0.7537,0.9101,0.7434,0.8005,0.8009,-0.9619,1.8187,0.4966,0.9073,0.8728,0.8664,-0.518,-0.7718,1.2523,-0.41,-0.0433,0.0451,-0.3126,-0.455,AAPL
2021-12-24,310.2545,326.0944,307.8504,324.4464,97516400,0.0331,0.0592,-0.1865,-0.004,0.0126,0.0703,-0.0569,-1.1239,0.9985,-0.4604,0.301,0.596,-0.0952,-0.6474,-0.8473,0.4687,-0.5833,0.079,-0.0388,0.9551,0.0577,MSFT
2021-12-24,719.8268,775.7878,716.7939,771.6379,2516600,0.0665,0.4801,-0.2897,-0.2404,-0.0724,-0.1959,-0.9599,-0.8582,0.163,-0.3331,-0.8655,-0.288,-0.0105,-0.2229,-0.1483,-0.5035,-1.1698,-0.8796,-0.0456,0.2745,0.2304,ASML
2021-12-24,135.97,149.02,133.52,146.14,191558100,0.0591,0.4691,-0.1409,0.5638,0.4395,0.6705,0.5678,-0.1999,-0.7924,-1.415,1.0214,0.3654,-0.7236,0.2398,0.7884,0.5376,-0.8178,0.4264,-0.1108,-1.8818,-0.8607,AMD
2021-12-31,91.6071,94.5688,89.9845,91.147,96016900,-0.0125,0.7671,0.951,1.4158,1.1157,1.1712,1.5764,2.2663,-0.6359,0.7788,0.8566,0.9412,1.0281,-0.0543,-0.1859,1.217,0.183,0.084,0.0259,-1.0772,-0.488,MU
2021-12-31,173.6196,177.7765,173.6,174.0902,340248100,0.0073,0.0036,0.5848,0.7854,0.6013,0.6951,0.8098,0.4479,-0.9536,1.8162,0.9179,0.9723,0.6284,-0.5262,-0.9014,1.0833,-0.5543,0.3334,0.0257,-0.3102,-0.4629,AAPL
2021-12-31,764.8885,786.9375,764.8499,766.5635,2129200,-0.0066,0.188,-0.2732,-0.3798,-0.1915,-0.2816,-0.868,1.1232,-0.8494,0.1601,-0.9636,-0.3365,0.0523,-0.2386,-0.3334,-0.6092,-1.4292,-0.574,-0.0079,0.2856,0.2174,ASML
2021-12-31,325.1929,333.7622,325.1638,326.0266,84645800,0.0049,-0.0428,-0.1296,-0.0652,0.0116,0.0605,-0.092,0.5118,-1.1164,0.9959,0.3424,0.6752,0.1343,-0.6483,-0.962,0.4505,-0.8946,0.4344,0.0404,0.9987,0.0779,MSFT
2021-12-31,147.51,156.73,143.55,143.9,257101800,-0.0154,0.162,-0.4138,0.1382,0.093,0.3437,0.3532,0.9886,-0.1879,-0.7956,0.8672,0.2432,-0.2361,0.312,0.7964,0.3661,0.0267,0.7379,-0.1048,-1.8593,-0.7998,AMD
2021-12-31,29.6043,31.2712,29.2759,29.3558,1742810000,-0.0078,-0.0596,-0.6062,0.0186,-0.067,0.2138,0.1103,1.0788,-1.6027,-0.3835,0.5704,0.1458,-0.5979,0.8712,0.8815,0.259,-0.1207,0.1696,-0.1305,0.1718,1.4756,NVDA
2021-12-31,146.4612,147.4177,143.6942,143.6961,79178000,-0.0169,-0.3138,-0.3446,-0.3506,-0.3113,-0.3037,-0.5083,0.4542,-0.8227,0.6936,-0.374,0.1458,-0.0956,-0.8307,-1.0755,-0.2223,-0.7696,-0.2428,-0.027,0.284,-0.5124,GOOG
2022-01-07,29.759,30.6533,27.0062,27.1958,2280890000,-0.0764,-1.0399,-1.3503,-0.9079,-1.0049,-0.6517,-0.4457,-0.2359,1.0969,-1.6061,0.4148,-0.3416,-1.0917,1.1554,1.2663,-0.1878,0.7304,-0.0016,-0.127,0.3908,1.4612,NVDA
2022-01-07,766.1785,769.6641,702.6979,728.0112,6192400,-0.0516,-0.6605,-0.7198,-0.8583,-0.8117,-0.8039,-1.0325,-0.2147,1.1414,-0.8526,-0.3587,-1.1189,-0.5199,-0.3805,-0.1148,-1.2898,1.2294,-0.4871,-0.1143,0.5914,-0.1237,ASML
2022-01-07,174.345,179.3549,167.6783,168.796,481949000,-0.0309,-0.3985,-0.0308,0.2873,0.0281,0.2002,0.6551,0.0396,0.463,-0.9568,0.843,0.5083,-0.5873,-0.4076,-0.7694,0.6092,0.4108,0.2476,-0.0314,-0.0055,-0.4573,AAPL
2022-01-07,143.4935,145.6135,134.8661,136.0733,146242000,-0.0545,-0.9714,-0.8729,-0.8642,-0.9357,-0.8505,-0.7806,-0.4029,0.4693,-0.8258,-0.4622,-1.1152,-0.922,-0.6547,-0.8472,-1.6947,0.9486,-0.2383,-0.1493,0.5284,-0.4669,GOOG
2022-01-07,145.14,152.42,131.13,132.0,328244300,-0.0863,-1.2757,-1.2757,-0.859,-1.0005,-0.6478,-0.1931,-0.3767,1.0062,-0.1909,0.4652,-0.3826,-0.6465,0.6439,1.3423,-0.1681,0.8611,0.5987,-0.1209,-1.1171,-0.2651,AMD
2022-01-07,91.8907,96.3331,91.47,92.4191,104221800,0.0139,0.5394,0.7996,1.2525,0.9646,1.073,1.5931,-0.3223,2.29,-0.639,1.2199,0.9102,0.7003,-0.2187,-0.2849,1.0887,0.4079,0.6209,0.0481,-0.6965,-0.6516,MU
2022-01-07,325.0863,327.6551,300.5993,304.4284,173959800,-0.0685,-0.9508,-0.8656,-0.7833,-0.8558,-0.6953,-0.4251,-0.0049,0.5271,-1.1196,0.0279,-0.4075,-0.9636,-0.3698,-0.6767,-0.516,1.1791,0.3593,-0.0564,1.1061,0.1543,MSFT
2022-01-14,92.2332,96.0004,89.0824,95.2665,90618900,0.0303,0.3672,0.9341,1.2573,1.0574,1.1758,1.5962,0.1599,-0.3109,2.2877,1.4018,1.2112,1.3085,-0.2668,-0.3271,1.0874,0.0079,1.0003,0.1864,-0.4623,-0.5509,MU
2022-01-14,689.9016,749.0206,674.679,716.8709,7996100,-0.0154,-0.9212,-0.6882,-0.952,-0.8698,-0.8828,-1.1518,-1.0386,-0.2027,1.1388,-0.3592,-1.2489,-0.2922,-0.3934,0.0565,-1.382,2.134,-0.5771,-0.1509,0.5708,-0.1327,ASML
2022-01-14,300.0177,313.5117,294.4534,300.706,193260900,-0.0123,-0.9858,-0.8631,-0.9062,-0.8684,-0.7601,-0.693,-1.3488,0.008,0.5243,-0.1637,-0.9945,-0.6,-0.3707,-0.6271,-0.7111,1.4707,-0.1629,-0.0594,1.0862,0.1612,MSFT
2022-01-14,134.1808,142.2123,132.2356,138.8364,131632000,0.0201,-0.4867,-0.5251,-0.6747,-0.5545,-0.571,-0.8198,-1.0918,-0.3919,0.4665,-0.5082,-0.8672,-0.4157,-0.6537,-0.7879,-1.0966,0.495,-0.2801,-0.013,0.6523,-0.3961,GOOG
2022-01-14,129.08,141.25,125.03,136.88,379191300,0.0363,-0.5603,-0.6588,-0.6028,-0.416,-0.23,-0.4367,-1.6742,-0.3655,1.0036,0.5143,-0.2268,-0.2851,0.5631,1.2303,-0.0121,1.3626,0.1407,-0.0044,-1.1988,-0.3699,AMD
2022-01-14,26.5311,28.5413,25.5958,26.8914,2318186000,-0.0113,-1.1093,-1.1867,-1.1293,-0.9738,-0.7128,-0.8897,-1.4931,-0.2241,1.0943,0.3514,-0.5275,-0.502,1.1627,1.2844,-0.2844,0.7344,-0.147,-0.1095,0.3634,1.4721,NVDA
2022-01-14,165.7665,173.7078,164.8744,169.6783,422655700,0.0052,-0.3509,-0.0812,0.2088,0.0278,0.1733,0.5013,-0.6593,0.0527,0.4602,0.8591,0.5607,-0.1298,-0.4121,-0.7883,0.5587,-0.0505,0.1761,0.0337,-0.022,-0.4561,AAPL
2022-01-21,26.2107,26.588,23.2193,23.3301,2066724000,-0.1421,-2.6361,-2.3531,-2.3218,-2.3982,-1.998,-1.9536,-0.3,-1.4873,-0.2271,-0.3053,-1.6215,-2.0949,1.3893,1.9976,-0.983,0.2624,-0.4041,-0.1922,0.6034,1.2191,NVDA
2022-01-21,135.6716,137.4588,129.1174,129.2078,112028000,-0.0719,-1.2712,-1.2433,-1.2608,-1.3172,-1.2357,-1.1861,0.2742,-1.0841,-0.395,-1.0681,-2.0602,-1.2519,-0.7002,-0.5716,-2.3469,-0.0288,-0.674,-0.1058,0.9231,-0.6868,GOOG
2022-01-21,134.5,136.39,118.39,118.81,313201800,-0.1416,-2.2432,-1.9076,-1.9045,-1.9887,-1.6229,-1.3097,0.5708,-1.6692,-0.3686,-0.3029,-1.5981,-1.8797,1.2365,1.9336,-0.8072,0.5587,-0.2122,-0.0941,-0.1224,0.5096,AMD
2022-01-21,713.5011,713.5396,668.9019,668.9211,5997800,-0.0692,-1.5563,-1.3321,-1.482,-1.5261,-1.4643,-1.5402,-0.3762,-1.0306,-0.2058,-1.2786,-2.074,-1.4041,-0.2447,0.1922,-1.962,0.7548,-1.0761,-0.2381,0.6455,-0.3428,ASML
2022-01-21,168.1489,169.1587,159.1194,159.2272,400041100,-0.0636,-1.1801,-0.9079,-0.5167,-0.7862,-0.5555,0.1217,0.0016,-0.6495,0.0498,0.2084,-0.4207,-0.9237,-0.1503,-0.6268,-0.1264,-0.2084,-0.1882,-0.0083,0.541,-0.3007,AAPL
2022-01-21,294.7635,304.3024,286.5625,286.9697,181632200,-0.0468,-1.2931,-1.2572,-1.2635,-1.2723,-1.15,-1.0775,-0.3191,-1.3423,0.005,-0.6456,-2.048,-1.2487,-0.5721,-0.5291,-1.309,1.068,-0.6101,-0.1431,0.9037,-0.5617,MSFT
2022-01-21,93.4759,93.8868,79.7671,80.1683,93361900,-0.1726,-2.2581,-1.2069,-0.7334,-1.3017,-0.8729,1.0842,0.4617,0.1736,-0.3139,0.2723,-0.4179,-1.3885,1.1221,0.6227,-0.2086,0.0509,0.9311,0.0023,0.4824,0.8698,MU
2022-01-28,78.544,82.9668,73.8961,77.5655,120032800,-0.033,-2.1602,-1.5451,-1.11,-1.4547,-1.1117,0.3882,-3.253,0.4768,0.1707,0.1126,-0.7737,-1.5443,1.1234,0.8168,-0.4534,0.7833,0.7592,-0.0163,0.3268,0.9504,MU
2022-01-28,115.4,117.16,99.35,105.24,520769200,-0.1213,-3.0295,-2.7919,-2.7455,-2.9362,-2.5308,-2.5362,-2.6859,0.5864,-1.6726,-0.8848,-1.7669,-2.6002,1.0414,2.6778,-1.3955,2.4702,-0.634,-0.1459,-0.986,-0.1489,AMD
2022-01-28,283.2569,299.058,267.6012,298.8253,352234000,0.0405,-0.0872,-0.7151,-0.814,-0.5886,-0.6309,-1.0628,-0.9499,-0.3077,-1.3456,-0.4992,-0.5875,-0.9656,-0.4676,-0.4014,-0.8232,4.0761,-1.1779,-0.0605,0.7722,-0.3891,MSFT
2022-01-28,22.2881,24.0118,20.8488,22.7971,3451684000,-0.0231,-1.9299,-2.2241,-2.3477,-2.2251,-1.98,-2.6451,-2.6948,-0.2885,-1.4906,-0.4781,-1.5921,-2.201,0.5416,2.1069,-1.0935,2.0601,-0.7294,-0.2379,0.6596,0.6105,NVDA
2022-01-28,125.1709,132.464,123.7948,132.3836,191552000,0.0243,-0.4147,-0.8647,-0.9447,-0.814,-0.8669,-1.2091,-1.4098,0.2884,-1.0873,-0.7571,-0.9943,-0.9241,-0.6461,-0.5901,-1.682,1.7887,-0.8168,0.0321,0.9208,-0.52,GOOG
2022-01-28,156.8841,167.0116,151.6683,166.992,688258600,0.0476,-0.0625,-0.408,-0.1283,-0.1075,-0.0323,0.0195,-1.2578,0.0145,-0.6526,0.3256,0.1577,-0.5891,-0.0811,-0.5555,0.2918,1.5724,-0.6724,0.0106,0.747,0.0091,AAPL
2022-01-28,641.3065,663.0573,597.6123,621.0096,9110100,-0.0743,-1.962,-1.9235,-1.9457,-2.0852,-1.9887,-2.0986,-1.3613,-0.365,-1.0338,-1.672,-1.7573,-1.905,-0.2729,0.528,-2.2846,2.3399,-1.7225,-0.3174,0.0077,-0.55,ASML
2022-02-04,626.5268,665.5607,619.4017,628.5584,5091100,0.0121,-1.0629,-1.5509,-1.6505,-1.5827,-1.6507,-2.2034,-1.4545,-1.3549,-0.3681,-1.7155,-1.655,-1.4349,-0.2529,0.409,-1.9275,0.0129,-1.6922,-0.2061,0.1574,-0.5137,ASML
2022-02-04,166.8254,172.7862,166.1881,169.227,458553300,0.0133,0.1889,-0.1812,-0.1064,0.0199,0.062,-0.0162,0.7779,-1.2508,0.0116,0.3571,0.334,-0.2068,-0.0976,-0.6779,0.3534,0.084,-0.6114,0.0625,0.6675,-0.1151,AAPL
2022-02-04,77.2622,83.3484,76.3424,79.4247,92254100,0.0237,-1.0302,-1.2078,-0.9212,-0.933,-0.7637,-0.0151,-0.6981,-3.2555,0.474,0.1253,-0.661,-1.4701,1.0507,0.6896,-0.3234,-0.095,0.7914,-0.0243,0.3989,0.8444,MU
2022-02-04,299.4942,305.4754,290.7794,296.5764,202857400,-0.0076,-0.1057,-0.633,-0.8119,-0.6036,-0.6584,-1.0864,0.6473,-0.9415,-0.3107,-1.0421,-0.6946,-0.4569,-0.4724,-0.4578,-0.9513,1.0169,-1.1204,-0.0719,0.6563,-0.4995,MSFT
2022-02-04,23.1385,25.7685,23.0087,24.2733,2392031000,0.0627,-0.1995,-1.2341,-1.662,-1.1292,-1.1656,-2.5517,-0.517,-2.6947,-0.2915,-0.6582,-1.2267,-1.1777,0.718,1.7839,-0.8401,0.4247,-0.6552,-0.1342,0.764,0.7771,NVDA
2022-02-04,133.2859,151.0662,131.375,142.044,281164000,0.0704,0.7721,0.0647,-0.2061,0.1448,-0.073,-0.848,0.3507,-1.4035,0.2855,-0.7528,0.1997,0.1579,-0.3308,-0.3502,-0.3085,3.6041,-0.5929,0.2703,0.7367,-0.3198,GOOG
2022-02-04,107.93,130.06,106.9,123.6,589550400,0.1608,0.241,-0.8933,-1.2541,-0.6297,-0.7415,-2.0763,-2.3143,-2.6858,0.5836,-0.4146,-0.8087,-0.7909,1.6528,2.2025,-0.6551,2.7865,-0.4625,0.0242,-0.6989,0.4419,AMD
2022-02-11,296.7993,302.383,285.2151,286.01,176801000,-0.0363,-0.5689,-0.9295,-1.0399,-0.9487,-0.9643,-1.2443,-0.2322,0.6633,-0.9447,-1.3384,-1.1978,-0.6606,-0.4869,-0.4041,-1.4242,0.4482,-1.5064,-0.0698,0.6404,-0.4681,MSFT
2022-02-11,24.3262,26.8744,23.7284,23.904,2430181000,-0.0153,0.114,-1.1991,-1.5565,-1.1187,-1.19,-2.6094,1.0549,-0.5065,-2.6984,-1.4193,-1.3181,-1.2097,0.3339,1.8545,-0.9459,0.3875,-0.7247,-0.1429,0.6483,0.3858,NVDA
2022-02-11,629.8487,656.8854,602.0221,604.9011,4185100,-0.0384,-0.9679,-1.7427,-1.7624,-1.736,-1.8193,-2.4165,0.1274,-1.4485,-1.3582,-2.2381,-1.9756,-1.6077,-0.2881,0.5203,-1.9887,-0.515,-2.0321,-0.1747,0.1028,-0.5193,ASML
2022-02-11,79.6106,92.605,78.7495,87.83,117323100,0.1006,1.4333,-0.1122,0.0252,0.4138,0.3375,0.1215,0.3398,-0.6885,-3.2594,0.3042,0.1617,-0.9182,1.1886,0.691,0.3276,0.6192,0.8807,-0.0044,-0.4612,0.373,MU
2022-02-11,169.6883,173.4089,164.9568,165.5458,412902000,-0.022,-0.124,-0.4335,-0.3743,-0.304,-0.2244,-0.1518,0.1496,0.7945,-1.2541,0.1399,-0.0259,-0.4443,-0.2225,-0.6676,0.0643,-0.221,-0.9368,0.0163,0.6239,-0.2027,AAPL
2022-02-11,123.56,132.96,111.81,113.18,533187300,-0.0881,-0.5053,-1.6293,-1.8105,-1.5555,-1.526,-2.4992,2.8503,-2.3124,-2.6895,-1.0542,-1.3525,-1.7573,1.6426,2.7954,-1.1668,1.9502,-0.9621,-0.1439,-0.7655,0.4528,AMD
2022-02-11,142.7323,142.8688,132.3826,133.2184,179320000,-0.0641,-0.3051,-0.6358,-0.7561,-0.7059,-0.7587,-0.9448,1.1957,0.3653,-1.4069,-1.1547,-0.9001,-0.5864,-0.175,-0.1644,-1.4557,1.1242,-1.0848,0.0933,0.8098,-0.0602,GOOG
2022-02-18,284.7788,292.2646,278.121,279.6947,160125500,-0.0223,-0.876,-0.973,-1.1482,-1.0566,-1.0858,-1.389,-0.7581,-0.2203,0.6605,-1.4497,-1.4985,-0.453,-0.5238,-0.4267,-1.716,0.1258,-1.8391,-0.0657,0.6098,-0.4882,MSFT
2022-02-18,164.2991,170.1596,163.1407,164.2304,362252300,-0.008,-0.4272,-0.4528,-0.5073,-0.387,-0.3195,-0.288,-0.4965,0.1632,0.7918,0.1377,-0.2363,0.048,-0.2532,-0.7206,-0.0799,-0.5311,-0.9807,0.0186,0.5933,-0.2138,AAPL
2022-02-18,602.8887,641.2583,596.9672,623.7633,4241600,0.0307,-0.026,-1.0881,-1.3496,-1.0836,-1.3247,-2.1829,-0.7962,0.1409,-1.4519,-2.0569,-1.7122,-0.8251,-0.4078,0.3417,-1.6129,-0.3904,-2.3495,-0.0528,-0.1673,-0.7231,ASML
2022-02-18,132.4591,137.0084,129.4214,129.5807,141806000,-0.0277,-0.8511,-0.7863,-0.9526,-0.9288,-0.9645,-1.0688,-1.2683,1.2143,0.3624,-1.295,-1.3534,-0.2038,-0.2343,-0.1661,-1.8048,0.2892,-1.4407,0.0813,0.7796,-0.1014,GOOG
2022-02-18,90.012,94.425,86.8025,88.8476,103616200,0.0115,1.1204,0.0973,0.0717,0.4018,0.3551,0.2256,1.7479,0.3543,-0.6917,0.1822,0.2101,0.7261,1.1891,0.6065,0.3381,0.2301,0.9151,0.141,-0.4182,0.4542,MU
2022-02-18,115.51,121.88,109.89,113.83,610732700,0.0057,-0.1822,-1.2006,-1.5295,-1.2204,-1.3013,-2.5166,-1.7063,2.8767,-2.316,-1.3977,-1.3186,-0.5992,1.6558,2.5255,-1.201,2.382,-1.5947,0.0262,-0.6704,0.5974,AMD
2022-02-18,23.8891,26.5321,23.0566,23.5976,3444819000,-0.0129,-0.1971,-1.0086,-1.4542,-1.0827,-1.1875,-2.6118,-0.3745,1.0728,-0.5096,-1.5895,-1.3939,-0.1281,0.3235,1.9785,-1.0712,1.5423,-1.2416,-0.1851,0.6185,0.4018,NVDA
2022-02-25,87.9082,91.9494,81.9883,88.1626,83442100,-0.0077,0.3194,0.0535,-0.0948,0.1577,0.166,0.2349,0.1171,1.7691,0.3515,-0.105,0.0865,0.9764,1.1707,0.7119,0.2134,-0.3871,0.5352,0.1802,-0.5828,0.2633,MU
2022-02-25,161.9529,163.6316,149.2111,161.8254,414293700,-0.0148,-0.5618,-0.5206,-0.6694,-0.5311,-0.468,-0.4468,-0.2399,-0.486,0.1603,-0.3131,-0.6523,-0.5024,-0.2748,-0.5274,-0.3139,-0.1973,-1.3616,-0.0408,0.5387,-0.2958,AAPL
2022-02-25,22.9917,24.1715,20.8508,24.1116,2464600000,0.0215,-0.0446,-0.4336,-1.0637,-0.6558,-0.8514,-2.3575,-0.3301,-0.3634,1.0702,-2.1087,-1.2667,0.2795,0.3937,1.9068,-1.0337,0.1934,-1.6915,-0.0307,0.6651,0.4608,NVDA
2022-02-25,276.8485,289.1173,263.7541,288.8065,169083700,0.0321,-0.0887,-0.3976,-0.7783,-0.5115,-0.6579,-1.2382,-0.5026,-0.7487,-0.2234,-1.3872,-0.9424,-0.5252,-0.4407,-0.3802,-1.3151,0.248,-2.1548,-0.1176,0.6273,-0.4244,MSFT
2022-02-25,115.27,121.23,104.26,121.06,532725500,0.0616,0.3645,-0.1791,-0.8152,-0.2969,-0.5558,-2.0601,0.011,-1.7015,2.8746,-1.4077,-0.9412,1.0973,1.7548,2.2104,-0.9162,1.4764,-1.461,0.246,-0.5905,0.6999,AMD
2022-02-25,129.1015,134.4688,123.9165,133.6052,134740000,0.0306,-0.3064,-0.3003,-0.6082,-0.4255,-0.5657,-0.9337,-0.6007,-1.2614,1.2116,-1.1065,-0.8519,-0.1479,-0.1716,-0.1987,-1.2345,0.1032,-1.7947,0.0464,0.8452,-0.0367,GOOG
2022-02-25,614.78,642.356,577.4021,642.3367,5274200,0.0293,0.3895,-0.4576,-0.9615,-0.5654,-0.8961,-1.7968,0.4683,-0.7871,0.138,-1.9021,-1.1928,0.0737,-0.3133,0.3321,-1.3283,0.2543,-2.3145,0.1455,-0.0735,-0.6241,ASML
2022-03-04,120.31,124.61,106.81,108.41,594098900,-0.1104,-1.143,-1.2078,-1.6546,-1.5582,-1.586,-2.4535,1.0336,0.024,-1.7049,-1.6099,-1.6015,-1.3139,1.9539,2.8029,-1.5463,1.7252,-1.8518,0.0013,-0.0085,1.8209,AMD
2022-03-04,285.8923,294.4599,278.9564,281.5695,157389300,-0.0254,-0.329,-0.588,-0.8888,-0.7516,-0.8573,-1.249,0.4931,-0.4921,-0.7519,-1.3008,-1.2096,-0.6759,-0.6951,-0.3789,-1.5695,-0.0125,-1.7992,-0.1085,0.4313,-0.5887,MSFT
2022-03-04,623.5901,647.5843,560.0226,572.2412,7157500,-0.1156,-1.4007,-1.4605,-1.8138,-1.8123,-1.902,-2.1571,0.4433,0.4835,-0.7903,-1.8928,-1.9026,-1.02,0.0786,0.949,-1.8575,1.294,-2.3406,-0.0262,-0.3997,-0.2595,ASML
2022-03-04,160.0682,165.8108,158.9982,160.1762,418671400,-0.0102,-0.4934,-0.5659,-0.693,-0.5902,-0.5475,-0.591,-0.3639,-0.2281,-0.489,-0.2239,-0.8382,-0.7013,-0.9182,-0.5949,-0.519,-0.1884,-1.3216,-0.0861,0.511,-0.8022,AAPL
2022-03-04,86.5481,92.0472,78.7886,80.1487,116774600,-0.0953,-1.5494,-0.8971,-1.0106,-1.0562,-0.8757,-0.1597,-0.2355,0.1305,1.7666,-0.5603,-1.1273,-0.1489,1.3835,1.3099,-0.5775,0.5848,0.0614,0.0138,-0.6155,0.69,MU
2022-03-04,23.947,24.6187,22.4436,22.8968,2075527000,-0.0517,-0.7673,-0.7911,-1.3272,-1.1652,-1.2728,-2.4634,0.3007,-0.3187,-0.3665,-2.0858,-1.5174,-0.7298,0.4264,1.9436,-1.3463,-0.3594,-1.7674,-0.1499,1.1241,1.1213,NVDA
2022-03-04,132.3786,135.7846,129.5222,131.224,122508000,-0.018,-0.2612,-0.4663,-0.6871,-0.5989,-0.707,-0.9146,0.4661,-0.5907,-1.2647,-0.946,-1.1486,-0.9015,-0.2831,-0.2669,-1.4174,-0.197,-1.4623,-0.1435,0.7926,0.0512,GOOG
2022-03-11,280.2775,281.4043,262.2775,272.0595,184358500,-0.0344,-0.7531,-0.8511,-1.1042,-1.0409,-1.1118,-1.3589,-0.5585,0.5083,-0.4952,-1.3471,-1.6093,-0.6598,-0.7833,-0.2874,-1.8019,0.3884,-1.7846,-0.1159,0.4712,-0.6896,MSFT
2022-03-11,80.002,81.1859,71.0781,71.2542,119185100,-0.1176,-2.757,-1.8228,-1.9843,-2.1972,-1.9047,-0.9733,-1.8386,-0.2237,0.1276,-0.8642,-2.0507,-1.8948,1.6902,1.8573,-1.5333,0.5815,0.0896,-0.1537,-0.4745,1.0465,MU
2022-03-11,22.778,23.1803,20.6147,22.0623,2296305000,-0.0371,-1.0969,-0.929,-1.4944,-1.3941,-1.4874,-2.5876,-1.0403,0.315,-0.3218,-2.0884,-1.6565,-0.9093,0.2937,2.0139,-1.5204,-0.1663,-1.7062,-0.1538,1.0871,0.8893,NVDA
2022-03-11,131.0075,133.2879,125.0053,129.5887,157552000,-0.0125,-0.3711,-0.5135,-0.7365,-0.6699,-0.7723,-0.9101,-0.4231,0.4812,-0.5938,-0.9941,-1.3524,-0.4698,-0.3316,-0.2646,-1.4996,0.5007,-1.4609,-0.1422,0.6572,-0.1039,GOOG
2022-03-11,594.4544,603.7072,538.0118,564.0858,6196700,-0.0144,-1.3547,-1.2768,-1.7665,-1.6536,-1.817,-2.2071,-2.2094,0.4584,0.4807,-1.8846,-1.7184,-0.8248,0.064,1.0476,-1.7335,0.7298,-2.3185,-0.0555,-0.5966,-0.4176,ASML
2022-03-11,108.53,111.71,100.08,104.29,520400400,-0.0387,-1.4959,-1.248,-1.7971,-1.7208,-1.7678,-2.6965,-2.1145,1.0514,0.021,-1.5029,-1.7818,-0.9225,1.9546,2.7729,-1.6408,0.9785,-1.8687,0.0042,0.0722,1.8578,AMD
2022-03-11,160.3627,161.9922,151.6652,151.891,521334100,-0.0531,-1.1008,-1.0367,-1.1265,-1.1313,-1.0361,-0.9212,-0.2814,-0.3528,-0.2311,-0.7632,-1.7722,-0.9572,-0.8852,-0.46,-1.2775,0.4144,-1.8696,-0.0933,0.5413,-0.7741,AAPL
2022-03-18,70.2072,79.454,66.8705,77.7025,133700600,0.0866,-0.5595,-0.7918,-1.0775,-0.8307,-0.8638,-0.9938,-2.2475,-1.8344,-0.2268,-0.7408,-0.825,-1.3363,1.4242,1.6747,-0.9761,0.9038,0.1683,-0.1257,-0.5825,0.0352,MU
2022-03-18,272.3218,292.3909,267.9311,291.8372,176939300,0.0702,0.4138,-0.0154,-0.3261,-0.0455,-0.297,-0.9815,-0.7229,-0.5482,0.5055,-1.3247,-0.6691,0.1538,-0.5129,-0.355,-0.9343,0.2381,-1.7678,-0.0002,0.7474,-0.7382,MSFT
2022-03-18,21.8317,26.5236,21.1229,26.4078,2751432000,0.1798,1.9309,1.1646,0.3986,0.9997,0.4952,-1.441,-0.7737,-1.0323,0.3122,-1.0543,-0.2269,0.8216,1.3113,1.665,-0.5235,0.2962,-1.2006,0.0241,1.2242,1.2572,NVDA
2022-03-18,577.2768,658.012,555.863,654.6035,7524100,0.1488,1.3364,0.5979,-0.2096,0.3856,-0.1546,-1.2577,-0.3567,-2.207,0.4555,-1.1257,-0.4827,0.207,0.8121,0.8282,-0.8257,1.3491,-1.7959,-0.0092,0.2083,0.1281,ASML
2022-03-18,102.99,115.42,101.04,113.46,524883500,0.0843,0.1316,-0.1655,-0.8141,-0.4488,-0.7589,-2.1354,-0.8032,-2.1116,1.0487,-1.1115,-1.2387,-0.258,2.0653,2.2521,-1.1682,0.9048,-1.438,-0.0124,-0.0455,0.9152,AMD
2022-03-18,148.6712,161.4621,147.346,160.9713,503123700,0.0581,0.1199,-0.355,-0.5053,-0.2651,-0.3521,-0.8007,-1.0662,-0.2698,-0.3558,-1.1622,-0.6278,-0.4044,-0.6996,-0.4554,-0.56,0.2593,-1.9465,-0.0478,0.7139,-0.9184,AAPL
2022-03-18,129.6855,135.9829,125.5538,135.8717,162498000,0.0473,0.3298,-0.0017,-0.197,-0.0166,-0.2264,-0.6359,-0.3235,-0.4122,0.4784,-0.9858,-0.5694,0.1991,-0.2541,-0.3246,-0.7505,0.6082,-1.3687,0.0071,0.4638,-0.6216,GOOG
2022-03-25,653.0243,672.1658,638.5625,661.8248,5348500,0.011,1.3998,0.6339,0.0461,0.3734,-0.0659,-0.721,2.6309,-0.3454,-2.2106,-0.9013,-0.3841,0.0384,0.8292,0.5661,-0.699,0.0586,-1.366,-0.0079,0.2044,0.0717,ASML
2022-03-25,77.2915,78.1722,73.4656,76.4207,121545000,-0.0166,-0.1493,-0.9678,-1.0959,-0.8987,-0.9455,-1.1033,1.4923,-2.2452,-1.8379,-0.6937,-0.9728,-1.4047,1.4242,1.4442,-1.1937,0.4555,0.5325,-0.1577,-0.6843,-0.103,MU
2022-03-25,113.73,121.4,112.21,119.67,511971400,0.0533,1.2891,0.3133,-0.1071,0.2338,-0.1534,-1.5253,1.4491,-0.7941,-2.1151,-0.9198,-0.8709,-0.3306,2.1822,1.7319,-0.832,0.7219,-1.0077,-0.0153,0.0449,0.9911,AMD
2022-03-25,160.5099,172.064,160.0191,171.5142,446083700,0.0634,1.1064,0.4091,0.1645,0.5061,0.3134,-0.4504,0.9692,-1.0584,-0.2728,-0.3317,0.4915,0.299,-0.4526,-0.5408,0.3819,-0.1382,-1.4063,-0.0013,0.6256,-0.7745,AAPL
2022-03-25,135.9174,140.9946,133.6966,140.5596,121524000,0.0339,0.7552,0.3371,0.1799,0.3416,0.1118,-0.3141,0.773,-0.3121,-0.4153,-0.5468,0.0147,0.23,-0.1941,-0.4617,-0.1622,-0.287,-0.9571,0.0002,0.5926,-0.5659,GOOG
2022-03-25,290.3412,296.7622,286.4653,294.9942,128717300,0.0108,0.5217,0.1435,-0.1241,0.0376,-0.1892,-0.7069,1.1909,-0.7134,-0.5513,-0.9284,-0.519,-0.0402,-0.5024,-0.5201,-0.7518,-0.6282,-1.3829,-0.0141,0.7433,-0.7752,MSFT
2022-03-25,26.4617,28.3096,25.5313,27.6447,3097249000,0.0458,2.1372,1.4534,0.9762,1.2797,0.8592,-0.715,3.1978,-0.7644,-1.0356,-0.5094,0.1675,1.0638,1.3887,1.3841,-0.2086,0.6795,-0.5659,0.0411,1.2501,1.2543,NVDA
2022-04-01,169.011,176.3145,168.7853,171.1118,465395100,-0.0023,0.7091,0.3595,0.1269,0.3026,0.1881,-0.266,1.0676,0.9867,-1.0616,-0.5721,0.4488,0.3732,-0.5032,-0.6143,0.3026,-0.0737,-0.972,-0.0039,0.5469,-0.778,AAPL
2022-04-01,76.9001,84.3856,72.4675,74.542,206107700,-0.0249,-0.2742,-1.1699,-1.1594,-1.0468,-1.0947,-1.2428,-0.3984,1.5123,-2.2488,-1.365,-1.1895,-0.8467,1.4015,1.7188,-1.4036,2.512,0.5947,-0.2341,-0.3523,0.2296,MU
2022-04-01,654.8442,688.0721,637.2434,642.9242,4315300,-0.029,0.2166,0.215,-0.1407,-0.1196,-0.401,-0.4619,0.107,2.6563,-0.3485,-1.4312,-0.6421,0.8607,0.7869,0.5819,-0.8307,-0.545,-1.6298,0.0305,0.09,0.0728,ASML
2022-04-01,27.7086,28.8966,26.2221,26.6664,2418640000,-0.036,0.5835,0.786,0.5894,0.4663,0.2778,-0.431,0.7442,3.226,-0.7676,-0.9806,-0.1445,1.2235,1.2702,1.4338,-0.3969,-0.1032,-0.5079,0.0327,1.0956,1.1794,NVDA
2022-04-01,117.7,125.67,106.1,108.19,545457900,-0.1008,-0.7263,-0.7356,-0.9442,-1.0645,-1.1798,-1.6785,0.8818,1.4689,-0.7973,-1.3679,-1.5508,-0.2472,2.2328,2.3758,-1.2814,0.9123,-1.3303,-0.0072,-0.3412,0.826,AMD
2022-04-01,139.7283,143.1827,137.8536,139.7437,126494000,-0.0058,0.3165,0.2891,0.0936,0.1352,-0.0161,-0.1344,0.5272,0.7896,-0.3151,-0.7786,-0.0869,0.3436,-0.3369,-0.5658,-0.1938,-0.2184,-0.8643,-0.0018,0.4523,-0.6699,GOOG
2022-04-01,295.6257,306.9133,295.6257,300.5701,148667800,0.0187,0.5666,0.3638,0.0841,0.1988,-0.0149,-0.426,0.1031,1.2095,-0.7166,-1.065,-0.254,0.3662,-0.7046,-0.6543,-0.4668,-0.3048,-1.3082,0.0945,0.7279,-0.895,MSFT
2022-04-08,301.2209,306.0973,287.8059,288.4762,143329800,-0.0411,-0.5267,-0.176,-0.3066,-0.3948,-0.4814,-0.4123,0.249,0.1165,1.2069,-1.3234,-0.7126,0.3032,-0.6213,-0.5568,-0.9384,-0.4306,-1.5835,0.115,0.8,-0.8359,MSFT
2022-04-08,109.97,110.94,100.42,101.0,459554700,-0.0688,-1.8624,-1.3788,-1.3431,-1.6695,-1.7036,-1.9827,-1.9402,0.8989,1.4663,-1.446,-1.9687,-0.5077,2.2106,2.492,-1.5235,0.2334,-1.6488,0.0047,-0.2752,0.785,AMD
2022-04-08,171.367,175.2151,166.0955,166.9692,393099200,-0.0245,-0.2382,0.029,-0.1165,-0.1195,-0.1464,-0.2535,-0.1369,1.0856,0.984,-0.8084,0.009,0.6467,-0.4727,-0.5906,-0.2251,-0.4985,-1.3393,0.0034,0.5769,-0.7836,AAPL
2022-04-08,647.5073,656.2211,587.3387,588.2341,4647700,-0.0889,-1.6614,-0.8453,-0.86,-1.1864,-1.2615,-0.6278,-0.6243,0.1204,2.6541,-1.6539,-1.3376,0.1485,0.9665,0.9462,-1.3655,-0.3889,-1.8633,0.0552,0.1759,0.2021,ASML
2022-04-08,75.2465,76.499,69.4017,70.6853,116778400,-0.0531,-1.2501,-1.4683,-1.4146,-1.4816,-1.4879,-1.5395,-0.5496,-0.3874,1.5097,-1.4558,-1.6344,-0.2998,1.3558,1.8024,-1.6936,0.1338,0.1932,-0.2488,-0.2991,0.1678,MU
2022-04-08,139.8673,143.0647,132.8434,133.0997,97788000,-0.0487,-0.7634,-0.3279,-0.3749,-0.5325,-0.5592,-0.2108,-0.2004,0.5426,0.7868,-0.9385,-0.9149,0.0098,-0.245,-0.4015,-0.9845,-0.8339,-1.1313,0.0309,0.5186,-0.6109,GOOG
2022-04-08,26.6824,27.5109,23.0226,23.0795,2620341000,-0.1445,-2.3336,-0.9813,-0.7787,-1.3935,-1.2647,-0.8705,-0.7535,0.7606,3.2239,-1.3775,-1.24,0.1776,1.7672,2.3255,-1.2193,0.118,-0.9095,0.0242,0.9678,1.4635,NVDA
2022-04-15,283.4442,284.2408,271.331,271.8264,115664800,-0.0594,-1.3254,-0.8593,-0.8537,-1.0555,-1.0435,-0.6346,-0.8458,0.2631,0.1136,-1.2411,-1.441,-0.8344,-0.5505,-0.4356,-1.578,-0.9165,-1.5224,0.0048,0.7605,-0.5134,MSFT
2022-04-15,584.4887,599.3743,570.0074,575.6593,3675900,-0.0216,-1.4813,-0.9851,-0.9471,-1.2353,-1.3317,-0.7475,-1.7215,-0.6144,0.1175,-1.5436,-1.468,-1.2936,0.8748,0.7698,-1.4035,-0.9104,-1.7831,-0.1,0.1984,0.5673,ASML
2022-04-15,69.1273,72.2628,68.6766,68.7158,77221900,-0.0283,-1.2088,-1.4195,-1.5606,-1.5437,-1.5875,-1.7671,-1.0665,-0.5393,-0.3904,-1.5964,-1.8591,-1.25,0.6398,1.5595,-1.7223,-0.876,-0.151,-0.3858,-1.138,-0.5526,MU
2022-04-15,22.1761,22.7381,21.1269,21.2217,2323505000,-0.0839,-2.8955,-1.794,-1.4973,-2.0873,-1.9116,-1.5073,-2.7387,-0.7442,0.7579,-1.347,-1.8253,-1.9624,1.4594,2.4602,-1.6068,-0.2433,-0.867,-0.1301,0.8823,1.692,NVDA
2022-04-15,98.6,99.59,92.92,93.06,335856900,-0.0819,-2.474,-2.0206,-1.9001,-2.2774,-2.2537,-2.5009,-1.3529,-1.9365,0.8962,-1.384,-2.0645,-1.816,1.9659,2.5836,-1.7807,-0.6474,-1.6163,-0.1581,-0.536,0.86,AMD
2022-04-15,131.9967,132.0356,126.2476,126.3881,90218000,-0.0517,-1.4063,-0.9176,-0.8695,-1.0717,-1.0324,-0.4644,-0.9857,-0.1885,0.5398,-0.9054,-1.7512,-0.8453,-0.3621,-0.3489,-1.7118,-1.0054,-1.0542,-0.1007,0.304,-0.5238,GOOG
2022-04-15,165.6145,168.1276,162.0119,162.2573,297460200,-0.0286,-0.8272,-0.3121,-0.4256,-0.4888,-0.4639,-0.3655,-0.5426,-0.1246,1.083,-0.7851,-0.3251,-0.1588,-0.6538,-0.6392,-0.8799,-1.076,-1.2648,-0.0415,0.3607,-0.7772,AAPL
2022-04-22,21.1638,22.6313,19.4667,19.4817,2788378000,-0.0855,-2.881,-2.4446,-2.1407,-2.6404,-2.4576,-2.3,-1.6303,-2.7388,-0.7473,-1.4848,-2.069,-2.8352,1.6034,2.9159,-1.8936,0.2793,-0.8504,-0.2871,0.944,1.7177,NVDA
2022-04-22,160.9124,168.3828,158.5368,158.8215,376787700,-0.0214,-0.8714,-0.5468,-0.5982,-0.6878,-0.6555,-0.5221,-0.618,-0.5322,-0.1276,-0.9604,-0.7282,-0.8824,-0.7753,-0.5845,-1.3305,-0.5084,-1.2406,-0.0861,0.6636,-0.8542,AAPL
2022-04-22,270.9326,284.9111,265.5609,266.1923,124842800,-0.0209,-1.2459,-0.9893,-0.9637,-1.1246,-1.1397,-0.8227,-1.1823,-0.8369,0.2602,-1.2736,-1.7763,-1.0909,-0.6696,-0.3564,-1.6589,-0.723,-1.4502,-0.083,0.9597,-0.641,MSFT
2022-04-22,574.8698,628.308,573.6374,585.0374,5699600,0.0162,-0.5843,-0.6529,-0.7435,-0.8417,-1.0306,-0.6745,-0.4895,-1.7168,-0.6175,-1.4058,-1.1639,-1.2532,0.7566,0.6954,-1.2106,0.2008,-1.2681,-0.0904,0.0632,0.2446,ASML
2022-04-22,92.03,97.91,87.94,88.14,371862600,-0.0543,-2.0643,-2.1873,-2.249,-2.4608,-2.4755,-2.9479,-1.5929,-1.3464,-1.94,-1.6079,-2.0603,-2.5545,1.737,2.6564,-1.8264,-0.419,-1.5736,-0.303,-0.2168,0.8349,AMD
2022-04-22,68.8334,74.6928,67.9123,68.0103,87986000,-0.0103,-0.8505,-1.1519,-1.5617,-1.3923,-1.506,-1.8517,-0.6112,-1.0586,-0.5424,-1.8051,-1.9338,-1.2005,0.6247,1.4932,-1.6405,-0.5564,-0.2017,-0.387,-1.2322,-0.7027,MU
2022-04-22,126.544,131.0269,118.3307,118.801,136816000,-0.0619,-1.7846,-1.4704,-1.3714,-1.5989,-1.5186,-0.8789,-1.0412,-0.9775,-0.1915,-1.292,-2.0255,-1.5954,-0.2485,-0.0396,-2.2271,-0.0076,-1.0419,-0.2227,0.4532,-0.4341,GOOG
2022-04-29,570.7103,578.0858,523.7906,542.826,8521000,-0.0749,-1.1926,-1.455,-1.3417,-1.5679,-1.6377,-0.923,0.202,-0.4789,-1.7202,-1.3777,-1.6806,-1.6033,0.8839,0.9905,-1.5787,1.5592,-1.2946,-0.1503,0.1607,0.4038,ASML
2022-04-29,19.1692,20.0936,18.2588,18.5153,2864931000,-0.0509,-2.1269,-2.7231,-2.3923,-2.7163,-2.6209,-2.9386,-1.6601,-1.6252,-2.7424,-1.2212,-1.9924,-2.9268,1.4614,2.8791,-1.9431,0.3569,-0.8625,-0.3157,0.9013,1.5105,NVDA
2022-04-29,265.4735,282.6575,262.2776,269.5824,216395500,0.0127,-0.4777,-0.7768,-0.765,-0.7931,-0.8966,-0.827,-0.4773,-1.175,-0.84,-0.9192,-1.5182,-1.1391,-0.6425,-0.3395,-1.4533,0.8104,-1.4671,-0.0575,0.6122,-0.7537,MSFT
2022-04-29,89.86,91.79,84.02,85.52,439876600,-0.0302,-1.5301,-2.2127,-2.2542,-2.3519,-2.4586,-3.1872,-1.0883,-1.5875,-1.3497,-1.3554,-1.9702,-2.0785,0.7873,2.5062,-1.7579,-0.0226,-1.5718,-0.3064,-0.0674,0.166,AMD
2022-04-29,67.0403,69.8916,64.5319,66.8149,93726300,-0.0177,-0.6588,-1.0913,-1.5984,-1.3547,-1.5049,-1.8972,-0.2828,-0.6012,-1.0619,-1.3188,-1.8148,-1.1441,0.5801,1.3732,-1.5921,-0.4252,-0.1578,-0.3396,-1.3831,-0.8343,MU
2022-04-29,158.1638,163.1506,152.5291,154.7574,541697200,-0.0259,-0.8865,-0.8087,-0.7803,-0.8944,-0.8607,-0.7219,-0.4857,-0.608,-0.5353,-0.7046,-1.2049,-1.0728,-0.7728,-0.4977,-1.7183,0.5585,-1.2857,-0.092,0.6638,-0.8615,AAPL
2022-04-29,118.6178,122.4401,112.3554,114.1851,216638000,-0.0396,-1.5857,-1.73,-1.5704,-1.7628,-1.7186,-1.2728,-1.2273,-1.0332,-0.9807,-1.1345,-1.9137,-1.8434,-0.58,0.1085,-2.3199,1.5114,-1.1342,-0.2798,0.7095,-0.6558,GOOG
2022-05-06,269.767,282.5603,263.5112,266.8722,175769700,-0.0101,-0.2872,-0.8696,-0.8083,-0.7936,-0.9096,-0.8371,0.1378,-0.4667,-1.1782,-1.3393,-1.7245,-0.8902,-0.6933,-0.2992,-1.4644,0.1239,-1.2919,-0.0707,0.5876,-0.7865,MSFT
2022-05-06,153.8347,163.4254,150.4578,154.6211,566928200,-0.0009,-0.5327,-0.8442,-0.7341,-0.7665,-0.7883,-0.819,-0.5684,-0.4751,-0.6111,-1.1588,-1.2209,-0.882,-0.7859,-0.3979,-1.5769,0.8037,-1.2338,-0.1034,0.6359,-0.8598,AAPL
2022-05-06,85.66,99.69,85.32,95.34,747496400,0.1087,0.8885,-0.8761,-1.174,-0.7097,-1.1777,-2.3745,-0.6463,-1.0806,-1.5909,-0.7578,-1.2883,-0.7239,1.1816,2.0502,-1.2299,1.7598,-1.0607,-0.0829,-0.7541,0.0062,AMD
2022-05-06,113.1323,122.306,112.6287,114.8739,163128000,0.006,-0.7709,-1.5048,-1.4097,-1.3857,-1.4678,-1.3932,-0.8194,-1.2202,-1.0364,-1.2681,-1.8533,-1.4377,-0.693,0.1133,-1.9633,0.3975,-0.6624,-0.1515,0.6814,-0.7517,GOOG
2022-05-06,18.5093,20.3652,17.9593,18.6431,2956283000,0.0069,-0.9899,-2.4647,-2.1793,-2.1657,-2.2648,-3.0625,-1.0253,-1.6551,-1.6285,-1.1342,-1.8619,-1.9257,1.4821,2.7002,-1.7199,0.4901,-0.39,-0.1597,0.9588,1.6404,NVDA
2022-05-06,66.7856,72.4098,66.2173,68.9314,77847200,0.0312,0.0753,-0.6742,-1.1226,-0.7645,-1.0385,-1.6248,-0.4185,-0.2712,-0.6043,-1.0323,-1.5742,-0.4483,0.1486,1.1426,-1.3154,-0.8473,0.2346,-0.1786,-0.3043,-0.4561,MU
2022-05-06,537.983,576.1061,528.4083,534.1766,5531200,-0.0161,-1.0466,-1.5652,-1.399,-1.4762,-1.6031,-1.0451,-1.4649,0.2159,-0.482,-1.1633,-1.8595,-1.0403,0.8614,0.9657,-1.5421,-0.0262,-1.1635,-0.1699,0.1411,0.4139,ASML
2022-05-13,152.3108,154.0902,136.4535,144.623,686227300,-0.0668,-1.2606,-1.4706,-1.2733,-1.4209,-1.3646,-1.178,-0.11,-0.5582,-0.4782,-1.6564,-1.3779,-1.1884,-0.5793,0.0108,-2.3203,1.4274,-1.7511,-0.1272,0.391,-0.7624,AAPL
2022-05-13,18.0032,18.2238,15.5404,17.6758,3455261000,-0.0533,-1.115,-2.5058,-2.4376,-2.3607,-2.476,-3.364,0.0321,-1.0173,-1.6585,-1.5388,-1.531,-1.7039,1.505,3.0424,-1.7976,0.9339,-0.8125,-0.2066,0.9851,1.663,NVDA
2022-05-13,112.5334,117.2824,109.3651,115.7236,173382000,0.0074,-0.1886,-1.195,-1.2594,-1.0643,-1.2346,-1.3532,0.0163,-0.8104,-1.2235,-1.8311,-1.4354,-0.974,-0.69,0.0422,-1.731,0.4856,-1.3875,-0.0111,0.5088,-0.8217,GOOG
2022-05-13,262.3358,265.9202,242.869,253.6516,221997200,-0.0508,-0.9353,-1.2622,-1.2175,-1.2607,-1.3126,-1.0337,-0.2788,0.1514,-0.4697,-1.5302,-1.5022,-0.8194,-0.5944,-0.0732,-1.9362,0.7877,-1.8585,-0.1107,0.5038,-0.7328,MSFT
2022-05-13,92.87,96.57,83.27,95.12,685179400,-0.0023,0.7238,-0.6278,-1.0541,-0.6373,-1.0752,-1.9399,1.8962,-0.6365,-1.0838,-1.4015,-1.2639,-0.034,1.174,2.073,-1.1851,1.1534,-1.5949,-0.162,-0.7739,-0.028,AMD
2022-05-13,514.0214,534.4578,493.992,531.5786,6332000,-0.0049,-0.7625,-1.3266,-1.3255,-1.2765,-1.4686,-1.0477,-0.3879,-1.459,0.213,-1.2513,-1.4162,-0.9051,0.8051,0.8487,-1.5041,0.2832,-1.596,-0.2153,0.2237,0.405,ASML
2022-05-13,67.8046,71.1654,64.5417,70.4697,106565800,0.0221,0.3892,-0.2477,-0.7128,-0.3941,-0.7155,-1.2809,0.4771,-0.4076,-0.2742,-1.056,-1.3993,-0.0041,0.1797,0.9969,-1.113,-0.0436,-0.1448,0.001,-0.4679,-0.5335,MU
2022-05-20,252.5247,260.6553,239.949,245.9078,164627300,-0.031,-1.1533,-1.3599,-1.3843,-1.4,-1.4637,-1.2236,-1.0241,-0.2672,0.1485,-1.4843,-1.772,-0.9018,-0.6776,0.0396,-2.1584,-0.2327,-1.8301,-0.1291,0.4946,-0.8395,MSFT
2022-05-20,114.5998,116.4307,105.65,108.57,139618000,-0.0638,-0.9864,-1.5513,-1.6876,-1.6143,-1.7032,-1.5923,0.0411,0.0293,-0.8135,-1.7824,-1.81,-0.9893,-0.6534,0.2911,-2.0617,-0.2328,-1.3089,-0.0134,0.5481,-0.7972,GOOG
2022-05-20,17.4791,18.3396,15.7281,16.6655,3012852000,-0.0589,-1.4895,-2.4368,-2.682,-2.5752,-2.7045,-3.692,-1.0694,0.0451,-1.0205,-1.6031,-1.7881,-1.505,1.4674,3.2984,-1.8737,0.3604,-1.2209,-0.23,0.925,1.5142,NVDA
2022-05-20,93.86,104.22,88.26,93.5,743529100,-0.0172,0.0811,-0.4244,-1.0026,-0.7539,-1.1304,-1.6315,-0.1362,1.9182,-0.6396,-1.1851,-1.2544,0.3073,0.9847,2.2947,-1.2221,1.2913,-1.058,-0.2566,-1.0313,-0.3738,AMD
2022-05-20,70.068,73.223,64.7769,67.5106,89572600,-0.0429,-0.424,-0.5798,-0.8993,-0.8646,-1.0759,-1.2245,0.3102,0.4923,-0.4106,-1.9344,-1.7357,-0.2942,0.1924,1.2214,-1.2841,-0.4954,-0.5687,-0.0005,-0.4395,-0.5372,MU
2022-05-20,143.0894,147.238,130.3681,135.2639,548244700,-0.0669,-1.7677,-1.8931,-1.7503,-1.9232,-1.8392,-1.6776,-1.3177,-0.0976,-0.5613,-1.808,-1.7123,-1.5383,-0.4206,0.3856,-2.5864,0.476,-1.7619,-0.1394,0.5691,-0.5683,AAPL
2022-05-20,516.9685,546.1786,498.4711,516.5711,4802700,-0.0286,-0.7039,-1.2922,-1.4238,-1.3859,-1.5745,-1.0962,-0.1831,-0.3769,-1.4623,-1.1995,-1.679,-1.2621,0.7444,0.8935,-1.6366,-0.546,-1.2599,-0.3466,0.0965,0.2251,ASML
2022-05-27,532.4703,566.0335,521.6027,565.5682,4672800,0.0906,0.8874,0.0095,-0.5516,-0.0888,-0.5155,-0.5838,-0.6182,-0.1711,-0.3799,-0.9239,-0.8211,0.1404,0.7048,0.5582,-0.9343,-0.5801,-0.9148,-0.1817,0.6128,0.0459,ASML
2022-05-27,248.7606,266.1404,246.7549,266.0431,142680100,0.0787,0.4441,-0.2305,-0.5898,-0.2432,-0.5325,-0.8565,-0.6615,-1.016,-0.2703,-0.796,-0.7501,-0.3452,-0.2789,-0.1445,-1.11,-0.5706,-1.4399,-0.1475,0.7882,-0.6791,MSFT
2022-05-27,91.66,102.4,89.52,102.26,597026600,0.0896,1.0021,0.8332,-0.0578,0.4278,-0.1151,-0.8555,-0.4084,-0.1239,1.9158,-0.8646,-0.5523,1.4981,1.0187,1.8469,-0.6778,0.375,-0.5546,-0.0225,-0.452,-0.3442,AMD
2022-05-27,67.3832,71.9591,64.5711,71.8415,75343100,0.0622,0.448,0.262,-0.1825,0.0035,-0.346,-0.774,-0.8793,0.3246,0.4895,-1.6122,-1.1716,0.4346,0.1814,0.9757,-0.8408,-0.8531,-0.6858,0.2034,0.0661,-0.6243,MU
2022-05-27,135.4606,147.1496,134.8216,147.1102,495921700,0.084,0.0712,-0.7142,-0.9161,-0.6256,-0.8288,-1.3942,-1.3187,-1.3111,-0.1006,-1.1385,-0.8361,-0.6654,0.0039,0.1554,-1.4478,0.1471,-1.3605,-0.0803,0.8624,-0.4115,AAPL
2022-05-27,16.2462,18.8488,15.7531,18.7789,3744525000,0.1194,0.7589,-0.5398,-1.5467,-0.7836,-1.3156,-2.7131,-1.1714,-1.0615,0.0422,-1.1697,-1.2504,-0.1037,1.9621,2.6814,-1.28,1.0489,-0.6773,0.0073,1.0309,1.3783,NVDA
2022-05-27,109.3556,112.1009,101.5133,112.0323,190056000,0.0314,-0.2932,-0.8568,-1.2886,-0.9753,-1.2138,-1.4168,-1.2621,0.0542,0.0263,-1.4137,-1.2165,-0.3957,-0.53,0.2544,-1.6129,0.6865,-1.326,0.2494,0.6256,-0.9425,GOOG
2022-06-03,102.43,109.5,99.55,106.3,456252800,0.0387,1.2274,1.2702,0.3373,0.7489,0.2588,-0.2204,1.5458,-0.3974,-0.1269,-0.9838,-0.2285,0.7852,1.0263,1.5294,-0.3373,-0.4207,-0.6109,-0.0829,-0.5854,-0.3643,AMD
2022-06-03,18.9476,19.5855,18.0911,18.688,2456049000,-0.0048,0.6465,-0.2431,-1.4713,-0.7251,-1.2187,-2.2216,2.092,-1.164,-1.0648,-1.27,-1.2735,-0.2081,1.9532,2.3603,-1.2217,-0.324,-0.2929,-0.1867,1.0806,1.5144,NVDA
2022-06-03,265.3518,270.3759,254.7097,262.9078,135187100,-0.0119,0.2825,-0.2276,-0.6794,-0.3858,-0.618,-0.6818,1.347,-0.6517,-1.0192,-1.0945,-0.9092,-0.3604,-0.3215,-0.1784,-1.1876,-0.6569,-1.0398,-0.1397,0.7562,-0.6791,MSFT
2022-06-03,112.3104,117.0967,111.8074,113.7853,132456000,0.0155,0.0603,-0.4195,-1.0436,-0.6398,-0.9334,-1.1655,0.4809,-1.2552,0.0513,-1.5757,-1.0735,-0.3129,-0.4887,0.0435,-1.3706,-0.4078,-0.9289,0.2125,0.617,-0.8698,GOOG
2022-06-03,146.5499,149.1747,142.0178,142.9223,338923400,-0.0289,-0.0983,-0.8223,-1.1447,-0.8804,-1.0349,-1.3832,1.4432,-1.3121,-1.3144,-1.1902,-1.1458,-0.897,-0.0699,0.0832,-1.63,-0.8057,-1.0299,-0.0683,0.7999,-0.4462,AAPL
2022-06-03,71.9885,73.8893,67.7164,68.5297,70728200,-0.0472,-0.4583,-0.2879,-0.6274,-0.6136,-0.8132,-0.6942,1.0445,-0.8705,0.3218,-1.7151,-1.5806,-0.2807,-0.2911,1.0567,-1.1281,-0.9615,-0.3434,0.0226,0.1687,-0.8784,MU
2022-06-03,566.7411,566.9543,539.9933,546.4404,2564600,-0.0344,0.0736,-0.3041,-0.8643,-0.5334,-0.8272,-0.4001,1.5652,-0.6082,-0.1741,-1.2023,-1.156,-0.0267,0.7348,0.4549,-1.1803,-1.5737,-1.0619,-0.1462,0.6398,0.1546,ASML
2022-06-10,264.8941,266.9583,245.8785,246.3264,120495800,-0.0651,-0.8501,-0.8718,-1.1702,-1.1138,-1.2096,-0.814,-0.3109,1.3664,-0.6549,-1.2567,-1.7507,-0.4842,-0.4749,0.0279,-1.8003,-0.8669,-1.4431,-0.1093,0.6197,-0.5389,MSFT
2022-06-10,115.949,118.587,110.1075,110.6702,127210000,-0.0278,-0.2644,-0.5493,-1.1427,-0.8784,-1.1121,-1.0763,0.1904,0.4961,-1.2585,-1.601,-1.3276,-0.6147,-0.6918,0.1016,-1.4764,-0.5193,-1.3138,0.0293,0.2759,-0.8821,GOOG
2022-06-10,144.5444,147.3363,134.7429,134.8117,354267700,-0.0584,-0.8915,-1.2348,-1.5513,-1.4131,-1.488,-1.5909,-0.6226,1.463,-1.3154,-1.3602,-1.7457,-0.828,-0.1727,0.2887,-1.9684,-0.699,-1.3983,-0.0493,0.8635,-0.121,AAPL
2022-06-10,19.1063,19.304,16.8438,16.9486,2035394000,-0.0977,-1.0683,-1.0718,-1.9953,-1.7336,-1.9985,-2.3386,-0.1826,2.1149,-1.1673,-1.3245,-1.7161,-0.5924,0.9649,2.8004,-1.5122,-0.7677,-0.6124,-0.1497,0.8597,1.0641,NVDA
2022-06-10,69.3135,70.6853,61.0241,61.3572,85590300,-0.1106,-1.8978,-1.4382,-1.489,-1.7927,-1.7909,-1.0889,-0.9579,1.0624,-0.8737,-1.6834,-2.0259,-1.3705,-0.2816,1.6562,-1.7189,-0.5407,-0.2124,-0.1779,-0.3318,-0.7863,MU
2022-06-10,561.913,565.6455,503.5414,505.6064,3155500,-0.0777,-1.1888,-1.0458,-1.3898,-1.3667,-1.498,-0.5437,-0.7238,1.5856,-0.6113,-1.0239,-1.871,-0.6605,-0.0832,0.8194,-1.7146,-1.2194,-0.9077,-0.1031,0.2118,-0.3563,ASML
2022-06-10,108.27,109.57,94.25,94.82,470826100,-0.1143,-1.0311,-0.2693,-0.6825,-0.8497,-0.9889,-0.2525,0.6155,1.5661,-0.4004,-0.9508,-1.1486,-0.2572,1.1247,2.1476,-1.0731,-0.3785,-0.5297,-0.0409,-0.6109,0.1046,AMD
2022-06-17,482.8433,496.5613,447.7486,458.8974,5754000,-0.0969,-2.4401,-1.8061,-1.9782,-2.2074,-2.2178,-0.9928,-1.5158,-0.7143,1.5831,-1.2537,-1.9167,-1.2146,0.0745,1.2384,-2.1059,0.2821,-0.854,-0.1275,0.2481,-0.1184,ASML
2022-06-17,91.26,92.03,79.43,81.57,485635800,-0.1505,-3.1554,-1.9157,-1.7753,-2.398,-2.2863,-0.8787,-2.1862,0.6314,1.5635,-1.1877,-1.9171,-1.3553,1.4138,3.0429,-1.7969,-0.2899,-0.472,0.0255,-0.6427,0.38,AMD
2022-06-17,15.9761,16.8428,15.3051,15.8562,2813852000,-0.0666,-2.0747,-1.5438,-2.1398,-2.1631,-2.3658,-2.5197,-1.8826,-0.1706,2.1125,-1.3503,-1.9366,-0.6579,0.742,2.8731,-1.604,0.0911,-0.5926,-0.1556,0.7268,0.8479,NVDA
2022-06-17,58.8097,59.7307,52.5191,54.6258,107886800,-0.1162,-3.0619,-2.4222,-2.2638,-2.7348,-2.6223,-1.8351,-2.1179,-0.9496,1.0597,-1.5964,-1.8497,-1.9136,0.0976,2.2798,-2.0534,0.0972,-0.1177,-0.2114,-0.0771,-0.2794,MU
2022-06-17,130.6237,135.0182,126.8585,129.3359,541168600,-0.0415,-1.4661,-1.4172,-1.7142,-1.6368,-1.7096,-1.8147,-1.1635,-0.6127,1.4604,-1.2894,-1.9041,-0.6161,-0.4877,0.2944,-2.024,0.5285,-1.3759,-0.0501,0.8258,-0.3988,AAPL
2022-06-17,238.654,248.5756,235.1488,241.1271,184153000,-0.0213,-1.1631,-0.9802,-1.2125,-1.175,-1.2848,-0.9098,-1.2866,-0.2994,1.3638,-1.1846,-1.7913,-0.4009,-0.5102,-0.0228,-1.8336,0.3812,-1.4229,-0.1227,0.5213,-0.5526,MSFT
2022-06-17,106.7157,111.3013,104.9106,107.1324,174258000,-0.0325,-0.8281,-0.785,-1.228,-1.1179,-1.308,-1.0786,-0.6021,0.2042,0.4933,-1.6638,-1.6161,-0.3462,-0.8653,0.0876,-1.5717,0.3879,-1.2993,0.0107,0.0603,-1.0683,GOOG
2022-06-24,108.9564,117.8311,108.5507,117.7323,126764000,0.0943,0.786,0.344,-0.1475,0.1823,-0.2298,-0.534,-0.6887,-0.592,0.2013,-1.3731,-0.7516,0.2197,-0.1763,-0.0722,-0.795,-0.3866,-1.4136,-0.0248,0.6681,-0.6321,GOOG
2022-06-24,131.1645,139.5109,131.0661,139.2652,315960300,0.074,0.2265,-0.3825,-0.8678,-0.4989,-0.8066,-1.4023,-0.853,-1.1561,-0.6158,-1.2519,-1.2218,-0.6999,-0.0709,0.0571,-1.3055,-0.8756,-1.5235,-0.0605,1.0417,-0.3914,AAPL
2022-06-24,243.6683,260.9216,242.9381,260.649,115652800,0.0779,0.4548,0.0256,-0.3311,-0.0648,-0.3767,-0.5321,-0.4844,-1.2798,-0.3025,-1.1917,-0.8668,-0.4082,-0.142,-0.1932,-0.9054,-0.7903,-1.5698,-0.1282,0.8166,-0.5445,MSFT
2022-06-24,16.4503,17.1143,15.8293,17.1004,1856057000,0.0755,-0.2143,-0.5455,-1.0942,-0.9293,-1.4042,-1.8953,-1.3136,-1.8786,-0.1736,-1.9916,-1.6255,-1.0181,1.1645,2.1352,-1.2392,-0.9148,-0.7471,-0.2116,0.9133,0.619,NVDA
2022-06-24,84.17,87.53,80.23,87.08,363583800,0.0654,-1.2997,-1.2098,-1.0094,-1.2478,-1.4254,-0.8379,-2.8496,-2.1837,0.6286,-1.3308,-1.5121,-1.5393,1.4788,2.3579,-1.3595,-0.9091,-0.5899,-0.0359,0.0549,0.2995,AMD
2022-06-24,474.0502,499.809,461.5247,499.5278,3574100,0.0848,-0.2802,-0.7163,-1.0154,-0.8603,-1.1761,-0.7252,-1.8685,-1.5101,-0.7174,-1.7669,-1.3422,-1.2598,0.5407,0.8236,-1.4022,-0.9025,-1.121,-0.1389,0.7199,-0.0189,ASML
2022-06-24,55.6742,57.8102,53.8517,57.2615,58030800,0.0471,-1.1943,-1.7273,-1.6774,-1.7421,-1.9069,-1.8156,-2.2214,-2.1151,-0.9528,-1.9736,-1.5686,-2.0203,0.3039,1.7447,-1.6402,-1.2709,-0.3105,-0.2171,0.1947,-0.4667,MU
2022-07-01,261.1456,261.2332,246.2388,252.7429,126549000,-0.0308,0.0395,-0.2749,-0.5264,-0.4727,-0.6763,-0.423,1.3315,-0.4738,-1.2831,-1.4074,-1.2412,-0.5705,-0.1651,-0.1814,-1.1858,-0.5518,-1.9618,-0.1299,0.8161,-0.5796,MSFT
2022-07-01,17.2861,17.3041,14.3705,14.5013,2635149000,-0.1649,-2.1132,-2.0818,-2.2063,-2.6072,-2.7302,-2.4347,1.2891,-1.3069,-1.882,-2.466,-2.0438,-2.2064,1.3002,3.1619,-1.6311,-0.083,-1.2959,-0.2351,0.8912,0.6954,NVDA
2022-07-01,87.36,88.22,72.69,73.67,467525800,-0.1672,-2.6351,-2.6947,-2.2732,-2.8616,-2.7664,-1.6156,1.1029,-2.8502,-2.1872,-1.8511,-2.0115,-2.9382,1.953,3.4403,-1.9771,-0.3174,-1.0347,-0.2457,-0.0504,0.5301,AMD
2022-07-01,58.3786,59.3682,50.3635,52.5681,126159000,-0.0855,-1.5122,-2.3007,-2.2127,-2.3724,-2.4535,-2.2324,0.7689,-2.2191,-2.1186,-2.09,-1.8542,-2.2848,0.4155,2.2807,-1.8604,0.6521,-0.8411,-0.291,0.2021,-0.3981,MU
2022-07-01,499.2467,501.2632,429.92,436.0956,4827700,-0.1358,-1.7707,-1.9872,-2.0217,-2.2484,-2.3029,-1.1664,1.4594,-1.8645,-1.5135,-2.1014,-1.9931,-2.0114,0.8218,1.544,-1.9833,-0.2111,-1.6221,-0.1843,0.565,0.104,ASML
2022-07-01,140.2876,141.0642,131.5086,136.5813,373549800,-0.0195,0.0711,-0.4235,-0.8885,-0.6729,-0.9246,-1.2413,1.2604,-0.8442,-1.1593,-1.8368,-1.4063,-0.6209,-0.0732,0.0637,-1.3632,-0.4919,-1.9645,-0.0637,0.9887,-0.4319,AAPL
2022-07-01,118.1266,118.4395,106.377,108.3396,148774000,-0.0831,-0.6251,-0.6102,-0.8022,-0.8985,-1.0699,-0.5564,1.6335,-0.679,-0.5951,-1.9465,-1.5176,-0.6517,-0.0213,0.2865,-1.3605,0.0851,-1.8464,-0.1693,0.5912,-0.5535,GOOG
2022-07-08,135.4409,145.0556,134.6151,144.5542,278219600,0.0567,0.859,0.295,-0.2216,0.0943,-0.2657,-0.7717,-0.4501,1.2793,-0.8474,-1.4247,-0.8308,0.4084,0.1247,-0.0947,-0.8226,-1.095,-2.1723,-0.023,1.0538,-0.3919,AAPL
2022-07-08,406.3911,441.3985,400.0701,439.1203,6383000,0.0069,-0.9866,-1.661,-1.7732,-1.775,-1.9785,-1.2205,-2.5802,1.4792,-1.8679,-2.0017,-1.5563,-1.3898,0.8517,1.3917,-1.7439,0.5899,-1.6165,-0.0135,0.4895,-0.0988,ASML
2022-07-08,71.98,80.47,71.6,79.35,348094700,0.0743,-0.4203,-1.6849,-1.525,-1.5511,-1.7956,-1.4579,-3.1556,1.1211,-2.854,-1.3956,-1.4049,-1.6691,2.0701,2.7642,-1.4973,-0.9329,-0.8973,-0.0622,0.0894,0.4912,AMD
2022-07-08,51.1278,59.3273,51.0396,58.0609,99539400,0.0994,0.6999,-0.9218,-1.2173,-0.8358,-1.2618,-1.6526,-1.6596,0.7855,-2.2226,-1.5145,-1.0735,-0.7034,0.89,1.8742,-1.3472,-0.0965,-1.273,-0.0928,0.4086,-0.1145,MU
2022-07-08,106.7838,119.6164,105.5273,119.3517,126516000,0.0968,0.9201,0.5665,0.2408,0.3962,0.0159,-0.0768,-1.6161,1.6542,-0.6822,-1.2912,-0.6154,0.463,0.3772,0.2028,-0.5511,-0.3512,-1.9072,-0.0398,0.7017,-0.3458,GOOG
2022-07-08,249.413,261.9731,248.0304,260.6101,87284100,0.0307,0.3695,0.0686,-0.178,-0.0591,-0.3127,-0.174,-0.6578,1.3507,-0.4769,-1.3438,-0.8548,0.2824,-0.2252,-0.3278,-0.7837,-1.2481,-2.15,-0.0472,0.9159,-0.7262,MSFT
2022-07-08,14.1538,16.013,14.034,15.8143,2141338000,0.0867,-0.164,-0.958,-1.2188,-1.1878,-1.6469,-1.8457,-3.1123,1.3082,-1.3102,-2.0953,-1.6254,-0.8199,1.6026,2.5436,-1.2665,-0.5581,-1.777,-0.066,0.9816,0.7658,NVDA
2022-07-15,117.8436,117.9871,108.5824,112.0006,157342000,-0.0636,-0.5643,-0.2992,-0.3712,-0.5133,-0.6816,-0.0198,1.6785,-1.6108,1.6517,-1.3114,-0.9067,0.1717,0.3844,0.4246,-1.0078,0.2502,-1.9378,-0.0328,0.4896,-0.4001,GOOG
2022-07-15,57.0497,60.5742,56.2741,60.4073,84574100,0.0396,0.9885,-0.2652,-0.7444,-0.2433,-0.7391,-1.0929,1.7257,-1.6545,0.7827,-1.1503,-0.6714,0.7047,0.9725,1.4468,-1.1018,-0.5226,-0.7828,0.1511,0.3727,-0.0324,MU
2022-07-15,435.8339,461.2533,416.1923,461.1078,5352500,0.0489,-0.0675,-0.9428,-1.1468,-0.9076,-1.2968,-0.8941,0.0327,-2.5795,1.4767,-1.516,-1.1655,-0.1868,0.9615,1.135,-1.3828,0.0207,-1.1869,0.2122,0.5687,0.0692,ASML
2022-07-15,143.2073,148.3096,139.7174,147.6313,366316600,0.0211,0.619,0.4255,0.0663,0.2714,-0.0561,-0.375,0.9449,-0.4393,1.2767,-1.1798,-0.3743,1.019,0.1512,-0.213,-0.591,-0.5033,-1.7795,0.0381,1.0028,-0.354,AAPL
2022-07-15,15.5028,15.7584,14.4433,15.7384,2259892000,-0.0048,-0.2219,-0.9331,-1.0944,-1.045,-1.5063,-1.4698,1.4931,-3.1141,1.3056,-1.8016,-1.4089,-0.2949,1.501,2.2727,-1.1972,-0.4175,-1.373,-0.0456,0.9529,0.7226,NVDA
2022-07-15,258.653,259.5098,239.4621,249.9582,139698000,-0.0417,-0.6226,-0.4784,-0.5483,-0.5967,-0.7319,-0.163,0.4673,-0.648,1.3481,-1.3215,-1.063,0.0939,-0.1727,-0.164,-1.1888,-0.2167,-2.1308,-0.0301,0.7932,-0.6978,MSFT
2022-07-15,77.85,81.2,74.43,81.11,392922700,0.0219,0.0383,-1.2423,-1.2655,-1.0319,-1.3864,-1.1929,1.266,-3.1577,1.1184,-1.1526,-1.2232,-0.2791,2.0486,2.3242,-1.323,-0.6455,-0.5202,0.1738,0.0285,0.4853,AMD
2022-07-22,60.9571,62.518,59.0426,60.1716,82639300,-0.0039,0.6465,-0.0077,-0.6964,-0.2916,-0.7142,-0.7018,0.6315,1.7468,-1.6579,-1.0602,-0.7044,0.2192,0.9712,1.1805,-1.0649,-0.5379,-0.3757,-0.0325,0.3143,-0.0946,MU
2022-07-22,252.9084,258.3414,246.6283,253.5023,113061900,0.0141,-0.2136,-0.2281,-0.3538,-0.3553,-0.5286,-0.0645,-0.8579,0.4825,-0.6511,-0.9276,-0.821,-0.4713,-0.1703,-0.3118,-0.9635,-0.6998,-1.7901,-0.0302,1.0333,-0.6289,MSFT
2022-07-22,148.1916,153.638,144.2199,151.485,360988700,0.0258,0.7109,0.7162,0.3634,0.4668,0.1726,-0.0001,0.2918,0.9623,-0.4424,-0.8794,-0.0589,0.545,0.1673,-0.3049,-0.3192,-0.5229,-1.4144,0.0405,1.0068,-0.3644,AAPL
2022-07-22,468.8442,530.1534,456.1345,517.9478,8491200,0.1162,2.1466,0.6718,0.052,0.628,0.0068,-0.1223,0.8007,0.0458,-2.5832,-0.9083,-0.3192,0.0961,1.3246,0.9266,-0.6734,1.6884,-0.6346,0.2962,0.4972,0.2643,ASML
2022-07-22,82.21,91.58,80.94,88.1,431299400,0.0827,1.6812,0.0017,-0.4921,0.1127,-0.4212,-0.5487,0.3078,1.2849,-3.1615,-0.659,-0.5976,-0.126,2.1956,1.8738,-0.8189,-0.3821,-0.1807,0.1789,0.128,0.6211,AMD
2022-07-22,112.669,115.5393,106.8687,107.6235,162849500,-0.0399,-0.8986,-0.7258,-0.7203,-0.9207,-1.0184,-0.1075,-1.2577,1.6994,-1.6142,-1.2433,-1.3708,-0.9871,0.385,0.4923,-1.2352,0.3161,-1.9798,-0.1921,-0.0171,-0.6562,GOOG
2022-07-22,16.2776,18.1168,15.9781,17.2931,3227141000,0.0942,1.6483,0.3769,-0.1013,0.2418,-0.4157,-0.6358,-0.1819,1.5131,-3.1179,-1.2059,-0.7861,-0.1299,1.75,1.8642,-0.8312,0.5779,-0.8758,0.0199,0.9642,0.8924,NVDA
2022-07-29,519.0723,559.3052,502.7077,556.9009,5762500,0.0725,2.354,1.6399,0.8042,1.3311,0.7279,0.6079,2.0344,0.8174,0.0428,-0.682,0.9196,2.2153,1.462,0.7004,-0.2038,0.2195,-0.6589,0.5391,0.5636,0.3039,ASML
2022-07-29,254.1255,274.5723,242.9966,273.3455,172010100,0.0754,0.9011,0.6806,0.4187,0.5802,0.2827,0.3031,0.1639,-0.8491,0.4797,-0.34,0.6579,0.4901,0.0856,-0.2399,-0.0468,0.4729,-1.3119,0.1028,1.0018,-0.5055,MSFT
2022-07-29,151.4064,160.8637,148.2506,159.7626,370548900,0.0532,1.0009,1.2417,0.9236,0.9601,0.6627,0.4329,0.3779,0.3061,0.9596,-0.4608,0.9836,1.2685,0.2768,-0.3592,0.1779,-0.4162,-1.0033,0.0921,1.0518,-0.3346,AAPL
2022-07-29,16.9935,18.2167,16.4533,18.1358,2358495000,0.0476,1.4729,1.0728,0.4336,0.7133,0.0901,0.0854,1.6308,-0.1699,1.5106,-0.751,0.1273,1.9825,1.8129,1.5274,-0.6217,-0.3672,-0.416,0.2731,0.9945,0.8413,NVDA
2022-07-29,108.14,116.1055,104.048,115.8472,161031100,0.0736,0.2108,0.1609,0.0208,0.0956,-0.1769,0.1608,-0.8237,-1.2508,1.6969,-0.6099,0.2533,0.3822,0.588,0.3586,-0.5978,0.2761,-1.5375,-0.0211,0.1424,-0.5191,GOOG
2022-07-29,60.2306,61.2516,58.4634,60.7313,64434000,0.0093,0.1325,0.3255,-0.4958,-0.1724,-0.5618,-0.3344,-0.1654,0.6474,1.7443,-0.9778,-0.5767,1.1411,0.9308,0.8516,-0.9456,-1.0113,-0.7795,0.2327,0.4054,-0.1586,MU
2022-07-29,86.57,94.81,84.71,94.47,373204900,0.0698,1.8377,1.1586,0.2415,0.8882,0.3197,0.1447,1.4196,0.3222,1.2823,-0.2839,-0.0275,2.2623,2.0381,1.4977,-0.3679,-0.691,0.1515,0.4336,0.5986,0.7394,AMD
2022-08-05,114.7448,118.6878,113.4834,117.4165,97443400,0.0135,0.5689,0.2381,0.1501,0.1799,-0.0592,0.3909,1.2542,-0.8147,-1.2541,-0.3592,0.5248,-0.3724,0.5919,0.1278,-0.4157,-0.9429,-1.1171,-0.0364,0.2394,-0.4508,GOOG
2022-08-05,270.5025,276.325,265.2058,275.4584,102686000,0.0077,0.7666,0.5939,0.4254,0.4822,0.2687,0.5595,1.2859,0.1776,-0.8522,-0.3662,0.8149,0.2735,-0.0441,-0.3902,0.1173,-0.843,-0.84,0.1065,1.0209,-0.5814,MSFT
2022-08-05,555.7375,576.0291,541.69,561.0247,4046000,0.0074,1.2197,1.5423,0.8326,1.0446,0.6361,1.0974,1.2337,2.057,0.8147,-0.359,1.0328,2.2206,1.4602,0.5143,-0.0725,-0.6421,-0.073,0.4458,0.5866,0.3442,ASML
2022-08-05,95.59,104.59,93.62,102.31,564069300,0.0797,2.1636,2.1466,1.0572,1.6281,1.0827,0.8472,1.1842,1.4393,0.3193,0.0313,0.6742,2.3242,2.174,1.1623,0.2319,0.4365,0.5841,0.4603,0.6256,0.8896,AMD
2022-08-05,61.3596,63.8041,59.7691,61.3203,63558600,0.0097,0.0554,0.4531,-0.2725,-0.0745,-0.4268,-0.009,0.0756,-0.1533,0.6446,-0.8638,-0.4916,0.2661,0.91,0.6585,-0.8219,-0.9676,-0.3631,0.1643,0.6605,-0.0152,MU
2022-08-05,18.1548,19.2452,17.9631,18.9606,2179862000,0.0445,1.4424,1.4825,0.8597,1.0423,0.4972,0.7185,0.7773,1.6515,-0.1729,-0.4065,0.57,1.5264,1.7831,1.1249,-0.3729,-0.5353,0.0471,0.2543,0.9821,0.8423,NVDA
2022-08-05,158.288,164.3636,156.9314,162.7804,322415000,0.0187,0.7723,1.1657,1.0175,0.9079,0.7049,0.7536,0.8802,0.3927,0.3032,-0.2172,1.1805,0.8834,0.0683,-0.49,0.3577,-0.6951,-0.5278,0.0937,1.1678,-0.4341,AAPL
2022-08-12,100.06,102.37,93.67,100.83,415329800,-0.0146,0.7381,1.5324,0.8132,0.9877,0.6881,1.2507,1.3658,1.2028,1.4367,-0.3052,0.5417,1.9162,2.1714,1.0983,0.2971,-0.4245,0.0821,0.2303,0.6946,1.1227,AMD
2022-08-12,561.6951,566.1265,518.6837,559.7128,4558800,-0.0023,0.228,1.1532,0.7261,0.7088,0.4554,1.3896,0.0412,1.2525,2.0546,-0.3017,1.0089,1.6578,1.4304,0.488,0.0272,-0.3334,-0.0213,0.2398,0.6058,0.4862,ASML
2022-08-12,17.4758,18.69,16.699,18.681,3234965000,-0.0149,0.2854,0.983,0.5825,0.5522,0.2081,1.0932,0.7204,0.7939,1.649,-0.4855,0.7703,1.4207,1.6851,1.2249,-0.3194,0.6108,-0.5084,0.2271,0.8759,0.8673,NVDA
2022-08-12,60.8589,64.2263,56.6864,63.8532,96472400,0.0405,0.5865,0.7304,0.2041,0.3761,0.0062,0.3824,0.0829,0.0889,-0.1563,-0.8325,-0.1258,0.2741,0.9458,0.6455,-0.4538,0.0843,-0.8335,0.1658,0.7091,0.1729,MU
2022-08-12,163.7846,169.4944,160.7131,169.4255,318771500,0.04,0.8869,1.2543,1.2561,1.1361,0.9741,1.0475,0.2487,0.8973,0.3898,-0.0193,1.3185,1.0735,-0.1938,-0.6116,0.7978,-0.6865,0.0047,0.0888,1.1832,-0.5439,AAPL
2022-08-12,276.5683,284.2213,270.2979,284.2213,109517800,0.0313,0.7517,0.7369,0.6352,0.6988,0.5088,0.809,0.0471,1.305,0.1747,-0.1345,1.324,0.9804,-0.0955,-0.5251,0.6304,-0.6898,-0.3651,0.2257,1.0142,-0.5248,MSFT
2022-08-12,118.3104,121.8164,115.7678,121.8164,85775100,0.0368,0.8841,0.5091,0.4424,0.5311,0.2864,0.6642,0.1525,1.2731,-0.8179,-0.2198,1.324,0.5441,0.4575,-0.0996,0.0818,-1.1579,-1.2622,0.1072,0.1118,-0.4979,GOOG
2022-08-19,63.5194,63.9318,59.1801,59.4059,59047100,-0.0722,-0.7754,-0.2626,-0.37,-0.6292,-0.7747,0.4037,0.6472,0.0962,0.086,-1.1882,-0.7682,-0.3416,0.902,0.7859,-0.9682,-0.925,-0.6896,0.2092,0.6721,0.2912,MU
2022-08-19,168.8546,173.4126,168.6478,168.8546,322647200,-0.0034,0.2748,0.8752,1.0736,0.7643,0.7217,1.1939,0.6387,0.2629,0.8946,0.368,0.9912,0.7826,-0.4097,-0.7459,0.7863,-0.6198,0.6493,0.0429,1.1245,-0.6353,AAPL
2022-08-19,100.51,101.85,94.59,95.95,328564600,-0.0496,-0.6469,0.6747,0.3274,0.0873,-0.0016,1.3435,-0.3606,1.3852,1.2002,-0.4658,0.105,0.557,2.0469,1.1106,-0.034,-0.901,0.2718,0.0419,0.6662,1.2368,AMD
2022-08-19,553.0559,561.3259,529.0721,529.8787,3522800,-0.0548,-0.943,0.3157,0.1893,-0.1791,-0.2408,1.4078,-0.1367,0.0543,1.2499,-0.5047,0.4327,-0.026,1.2921,0.502,-0.3209,-0.9061,0.1239,0.0255,0.5328,0.5225,ASML
2022-08-19,18.673,19.1353,17.7434,17.8223,2212740000,-0.0471,-0.7765,0.2843,0.1215,-0.2024,-0.3609,1.1925,-0.3658,0.7367,0.7912,-0.4645,0.2446,0.0407,1.3914,1.228,-0.4573,-0.4962,-0.0128,-0.0427,0.7901,0.7778,NVDA
2022-08-19,283.3354,286.4316,278.6287,279.2044,92198200,-0.0178,-0.0783,0.3842,0.3924,0.2595,0.1865,0.896,0.4795,0.0603,1.3024,0.0663,0.845,0.6654,-0.2979,-0.6454,0.5534,-1.005,0.1886,0.1268,0.9429,-0.6022,MSFT
2022-08-19,121.3794,122.4222,116.8702,117.3172,84579400,-0.0376,-0.2896,0.0263,-0.0032,-0.1054,-0.2012,0.7156,0.5797,0.1661,1.2705,-0.4329,0.4942,0.5655,0.5062,-0.137,-0.1875,-1.1564,-1.158,0.1666,0.2865,-0.2391,GOOG
2022-08-26,167.053,168.3919,161.0183,161.0773,307194600,-0.0472,-0.6887,-0.0019,0.4285,-0.0469,0.0508,1.0966,-0.1557,0.6546,0.26,0.4416,0.4235,-0.1567,-0.3195,-0.6964,0.3234,-0.7068,0.7914,-0.001,1.2483,-0.6183,AAPL
2022-08-26,94.4,97.6,90.9,91.18,297853400,-0.051,-1.4463,-0.295,-0.0662,-0.5951,-0.5702,1.193,-1.0021,-0.3494,1.3826,-0.5656,-0.3219,-0.5367,2.0347,1.1164,-0.4219,-1.0581,-0.2253,-0.1031,0.7292,1.0632,AMD
2022-08-26,17.4638,17.9201,16.2127,16.2357,2842058000,-0.0932,-2.0119,-1.0214,-0.7087,-1.2966,-1.2709,0.9493,-0.9554,-0.3547,0.734,-0.5728,-0.7266,-1.1539,1.5842,1.5197,-1.0956,0.1808,0.0058,-0.2564,0.874,0.8042,NVDA
2022-08-26,514.3593,524.981,494.4181,495.5551,3861900,-0.067,-1.6611,-0.7045,-0.4197,-0.9797,-0.9216,1.1608,-1.0967,-0.1244,0.0514,-0.6337,-0.2302,-1.2014,1.3714,0.5987,-0.8442,-0.6949,-0.2783,-0.1186,0.5661,0.4334,ASML
2022-08-26,58.4732,60.152,56.3134,56.5784,63752800,-0.0488,-1.3694,-0.9545,-0.6894,-1.1115,-1.1814,0.247,-1.4156,0.6632,0.0933,-1.1818,-1.1766,-0.8328,0.9052,0.7878,-1.27,-0.6974,-0.5861,0.043,0.6097,0.1013,MU
2022-08-26,115.3109,116.9795,110.4641,110.5435,96331300,-0.0595,-1.2081,-0.7382,-0.5868,-0.8382,-0.8161,0.5226,-0.7829,0.5953,0.1632,-0.4183,-0.6067,-0.6333,0.6248,-0.0543,-1.0131,-0.91,-1.1062,-0.0004,0.4435,-0.2004,GOOG
2022-08-26,275.2332,275.604,261.4754,261.5828,104858200,-0.0652,-1.1264,-0.4935,-0.2919,-0.6332,-0.5612,0.7064,-0.4199,0.4947,0.0573,-0.1727,-0.3227,-0.6091,-0.0965,-0.4851,-0.4273,-0.7114,0.2969,0.0045,0.9941,-0.5216,MSFT
2022-09-02,56.2643,57.7271,53.7903,55.3022,68927700,-0.0228,-1.324,-1.1534,-0.8281,-1.19,-1.2749,0.0817,-0.9867,-1.4094,0.6604,-1.6063,-1.361,-1.0954,0.592,0.7251,-1.3438,-0.5048,-1.0068,-0.11,0.3238,-0.1925,MU
2022-09-02,158.6457,160.3685,152.2664,153.3887,390399000,-0.0489,-1.3397,-0.6928,-0.2002,-0.6715,-0.5069,0.7968,-0.9572,-0.1435,0.6519,-0.2536,-0.1377,-0.7385,-0.3808,-0.6082,-0.1522,-0.1387,0.2582,-0.0458,1.2043,-0.6115,AAPL
2022-09-02,492.0372,496.9253,447.8888,454.011,5507400,-0.0876,-2.3102,-1.7513,-1.1863,-1.8127,-1.6663,0.654,-1.32,-1.089,-0.1274,-1.2537,-1.0326,-1.9126,1.4113,0.9165,-1.4625,0.1975,-0.7547,-0.2488,0.5963,0.6095,ASML
2022-09-02,110.0271,111.199,107.3951,107.9413,110234800,-0.0238,-1.27,-0.8736,-0.8012,-0.9873,-0.9751,0.2857,-1.1827,-0.7737,0.5926,-0.6487,-1.3543,-0.9415,0.6184,-0.1831,-1.4035,-0.636,-1.0012,-0.12,0.5314,-0.0617,GOOG
2022-09-02,259.3971,260.9095,248.2934,249.8448,114016200,-0.0459,-1.5397,-0.9829,-0.7617,-1.0819,-0.9775,0.3674,-1.2874,-0.409,0.4919,-0.8434,-1.1005,-1.0499,-0.1949,-0.4412,-1.1374,-0.5169,-0.1471,-0.0831,0.955,-0.5398,MSFT
2022-09-02,90.05,91.19,78.52,80.24,375000400,-0.1278,-2.6815,-1.7989,-1.1933,-1.9684,-1.7583,0.6348,-1.0274,-0.994,-0.3525,-1.1685,-1.3011,-2.133,2.1022,1.7792,-1.3428,-0.5852,-0.7446,-0.2776,0.7109,1.2552,AMD
2022-09-02,15.996,16.3135,13.2501,13.6266,3522045000,-0.1752,-3.6722,-2.7437,-2.1482,-2.9789,-2.7152,0.1223,-1.8009,-0.947,-0.3577,-1.4238,-1.8724,-2.7119,2.0464,2.6794,-2.2047,0.8387,-0.5852,-0.4625,0.7765,1.2608,NVDA
2022-09-09,107.4,111.2388,105.7861,111.0202,86945900,0.0281,-0.28,-0.5227,-0.5524,-0.5017,-0.5997,0.2428,-0.53,-1.1754,-0.7768,-0.5964,-0.7848,-1.0114,0.6075,-0.344,-0.796,-1.0864,-1.1047,-0.1151,0.6117,0.0992,GOOG
2022-09-09,80.41,85.68,77.74,85.45,294615500,0.0629,-0.7734,-1.1582,-0.6241,-0.9086,-0.9597,0.4164,-2.4339,-1.0194,-0.9972,-1.1251,-0.8348,-1.5754,1.7041,1.3822,-0.861,-1.0708,-1.2069,-0.1483,0.6199,1.0348,AMD
2022-09-09,249.9814,258.7922,245.8248,258.0409,87859500,0.0323,-0.4689,-0.6438,-0.4956,-0.5295,-0.5602,0.2484,-0.9344,-1.2806,-0.412,-0.5944,-0.5574,-1.0422,-0.1846,-0.5639,-0.5637,-1.0436,-0.2314,-0.089,1.0832,-0.3773,MSFT
2022-09-09,13.7104,14.4566,13.33,14.3697,2159893000,0.0531,-1.6088,-2.0932,-1.6255,-1.8878,-1.9396,-0.2229,-3.3013,-1.7966,-0.9502,-1.2438,-1.4459,-2.266,2.0821,2.0912,-1.6787,-0.5889,-0.9924,-0.2783,0.8895,1.5803,NVDA
2022-09-09,154.0384,155.3674,150.3073,154.9244,314117000,0.01,-0.7306,-0.6415,-0.241,-0.4631,-0.3766,0.5678,-0.9893,-0.9488,-0.1465,-0.0197,-0.0256,-0.9846,-0.5373,-0.746,-0.03,-0.6653,-0.1486,-0.0454,0.9707,-0.7461,AAPL
2022-09-09,456.1198,488.9858,449.259,486.8673,3698400,0.0699,-0.3478,-1.0304,-0.5576,-0.6958,-0.807,0.5258,-1.6969,-1.3133,-1.0922,-0.8869,-0.398,-1.3779,1.3057,0.6085,-0.8261,-0.7856,-0.7204,-0.1386,0.5288,0.6337,ASML
2022-09-09,55.3022,56.6275,52.7594,56.3919,61504800,0.0195,-0.3416,-0.8256,-0.662,-0.7662,-0.9481,0.091,-0.5116,-0.9784,-1.4128,-1.3525,-1.0663,-1.2605,0.1318,0.5345,-1.1174,-0.7302,-1.414,-0.1384,0.1126,-0.5394,MU
2022-09-16,111.2288,111.8744,101.1627,102.9256,165898700,-0.0757,-1.1017,-1.3531,-1.1779,-1.3208,-1.2953,-0.0588,0.4211,-0.5196,-1.1787,-0.7662,-1.7926,-1.3119,0.4462,-0.0186,-1.9785,0.646,-1.1427,-0.1661,0.5123,-0.0524,GOOG
2022-09-16,492.4746,496.5852,446.9364,454.0694,4660800,-0.0697,-0.9312,-1.6478,-1.1577,-1.3998,-1.4072,0.2384,1.1854,-1.692,-1.3166,-0.8398,-1.0315,-1.4919,1.2267,0.8779,-1.3344,-0.1226,-0.7632,-0.1618,0.4554,0.566,ASML
2022-09-16,56.4115,57.0791,50.5505,51.8857,93580700,-0.0833,-1.2858,-1.5811,-1.3796,-1.6044,-1.6482,-0.1906,0.2634,-0.5011,-0.9817,-1.2084,-1.7012,-1.3465,0.2896,0.9242,-1.5859,0.4132,-1.3964,-0.1831,0.3066,-0.2891,MU
2022-09-16,259.3288,260.9583,236.1846,238.7995,147336700,-0.0775,-1.1941,-1.4667,-1.1784,-1.3619,-1.2805,-0.1205,0.4971,-0.9259,-1.2839,-0.6471,-1.8324,-1.5064,-0.1992,-0.2222,-1.6692,0.3099,-0.2745,-0.1135,1.0735,-0.362,MSFT
2022-09-16,14.3518,14.5295,12.6019,13.1822,2981998000,-0.0863,-1.7636,-2.6655,-2.196,-2.4929,-2.487,-0.745,0.8784,-3.3041,-1.8,-1.1693,-1.7775,-2.5269,2.0099,2.4968,-1.9648,0.2922,-1.0101,-0.3354,0.8354,1.5336,NVDA
2022-09-16,84.89,85.35,74.68,76.51,381444900,-0.1105,-1.7715,-2.2026,-1.57,-2.0105,-1.9067,-0.1029,1.0579,-2.4326,-1.0226,-1.0626,-1.5686,-2.0173,1.8702,1.8951,-1.5515,-0.51,-1.1246,-0.1677,0.8008,1.3797,AMD
2022-09-16,157.11,161.7074,146.0643,148.3581,568337900,-0.0433,-0.9332,-1.1251,-0.7248,-0.922,-0.8001,0.2442,0.0885,-0.9811,-0.952,0.0522,-0.5049,-1.3005,-0.6056,-0.4442,-0.4617,1.1478,-0.3126,-0.0615,0.9379,-0.7934,AAPL
2022-09-23,146.9897,156.2732,146.2513,148.0923,473543200,-0.0018,-0.5623,-1.0393,-0.8025,-0.7989,-0.7454,0.0056,-0.8868,0.1019,-0.9843,0.318,-0.708,-0.9407,-0.6396,-0.4236,-0.4578,0.5083,-0.3149,-0.0729,0.7576,-0.8995,AAPL
2022-09-23,51.0217,51.8071,47.5659,49.1858,115651200,-0.0534,-1.6397,-1.8921,-1.8129,-1.9188,-1.954,-0.5446,-1.6186,0.2776,-0.5042,-0.9499,-1.7439,-1.3824,0.1307,1.0198,-1.7618,1.1066,-1.3872,-0.2536,0.2701,-0.4528,MU
2022-09-23,236.5846,241.6487,229.4911,232.1451,147350000,-0.0283,-1.1686,-1.5635,-1.3787,-1.449,-1.4107,-0.4661,-1.5126,0.5124,-0.9291,-0.6752,-1.916,-1.2224,-0.2045,-0.2446,-1.8401,0.3452,-0.1979,-0.1348,1.0329,-0.403,MSFT
2022-09-23,446.6837,462.7378,415.2949,423.837,4652300,-0.0689,-1.4935,-2.0381,-1.7629,-1.9287,-1.8925,-0.2089,-1.3707,1.2039,-1.6954,-0.7379,-1.6153,-1.5065,0.8348,1.1372,-1.6934,-0.1021,-0.707,-0.1822,0.4933,0.2383,ASML
2022-09-23,101.8431,103.313,97.3439,98.496,117266800,-0.044,-1.3939,-1.6296,-1.5143,-1.5925,-1.5705,-0.4179,-1.4799,0.436,-0.5227,-0.7946,-1.9182,-1.1911,0.2884,0.0114,-2.226,-0.3565,-1.0534,-0.1858,0.4116,-0.2569,GOOG
2022-09-23,75.39,78.41,66.82,67.96,387292600,-0.1185,-2.5881,-3.0242,-2.5265,-2.9241,-2.7353,-0.9567,-2.1171,1.0759,-2.4362,-0.9379,-1.9718,-2.4767,1.5409,2.5623,-1.9642,-0.3735,-1.0544,-0.1968,0.9164,1.1372,AMD
2022-09-23,12.9964,14.0142,12.2423,12.501,3324653000,-0.0531,-1.5054,-2.7565,-2.544,-2.6202,-2.6647,-1.2135,-1.6731,0.8955,-3.3079,-1.1105,-1.9488,-2.2593,1.4979,2.7015,-1.9758,0.6373,-1.001,-0.397,0.7498,0.9765,NVDA
2022-09-30,231.2962,236.448,227.0811,227.2469,146921600,-0.0213,-1.1306,-1.5397,-1.4747,-1.4402,-1.4566,-0.7391,-0.6113,-1.5069,0.5096,-1.2452,-2.0649,-1.0275,-0.2735,-0.33,-1.8782,0.4314,-0.6542,-0.1538,1.0019,-0.3656,MSFT
2022-09-30,12.476,12.8076,11.9317,12.1244,2742012000,-0.0306,-1.5457,-2.4994,-2.6329,-2.4864,-2.6281,-1.5029,-1.0653,-1.6682,0.8928,-1.4601,-1.9848,-1.2021,1.205,2.4636,-1.8674,0.0525,-1.3375,-0.4129,0.594,0.7908,NVDA
2022-09-30,49.0189,51.1101,47.9194,49.1858,118848400,0.0,-1.1017,-1.5948,-1.7,-1.5805,-1.7312,-0.6786,-1.0722,-1.6134,0.2747,-1.2252,-1.7439,-1.2053,-0.4077,0.8291,-1.6436,1.1878,-1.772,-0.1845,-0.0393,-0.909,MU
2022-09-30,97.9398,100.7108,95.3773,95.4965,119479200,-0.0309,-1.41,-1.695,-1.6305,-1.6615,-1.6827,-0.734,-0.8993,-1.474,0.4332,-1.3448,-2.0594,-1.2468,-0.2111,-0.0142,-2.194,-0.2541,-1.4888,-0.2013,0.2924,-0.6128,GOOG
2022-09-30,421.8448,430.9116,402.2729,403.6334,5224000,-0.0488,-1.8699,-2.1268,-2.1301,-2.1246,-2.1196,-0.6597,-1.3553,-1.3643,1.2013,-1.1965,-2.0055,-1.2085,0.8922,1.1219,-1.8049,0.2813,-1.0586,-0.1902,0.7655,0.6217,ASML
2022-09-30,147.3343,152.3157,135.8554,136.0523,577537000,-0.0848,-1.6056,-1.7575,-1.5516,-1.6459,-1.4986,-0.5037,-0.1267,-0.8781,0.099,-0.6275,-1.7059,-1.2267,-0.4084,0.0029,-1.2435,1.3189,-0.7966,-0.0864,0.2525,-0.7941,AAPL
2022-09-30,67.87,68.8,62.83,63.36,434376500,-0.0701,-2.8298,-3.1482,-2.9515,-3.1434,-3.02,-1.7701,-2.2634,-2.1143,1.0732,-1.2763,-2.0312,-2.0858,1.4268,2.6263,-1.9895,0.0196,-1.4508,-0.2249,0.8811,1.2078,AMD
2022-10-07,96.5592,103.025,96.3606,98.8933,107302500,0.035,-0.1712,-0.9924,-1.222,-0.9733,-1.1613,-0.6925,-0.6601,-0.8906,-1.4774,-0.8845,-1.6326,-1.1933,-0.2095,-0.0935,-1.6445,-0.496,-1.0636,-0.181,0.3991,-0.5756,GOOG
2022-10-07,64.46,70.29,58.22,58.44,510241700,-0.0808,-2.5595,-3.2869,-3.3816,-3.4284,-3.3502,-2.5938,-1.377,-2.2613,-2.1178,-1.0473,-2.0582,-3.0188,1.4623,3.2503,-1.9941,0.6297,-1.4289,-0.4009,0.7128,1.093,AMD
2022-10-07,229.696,244.4978,227.5104,228.5544,142125400,0.0057,-0.4251,-1.1586,-1.3591,-1.127,-1.2404,-0.821,-0.4843,-0.6013,-1.5103,-1.0658,-1.99,-1.2377,-0.3133,-0.3038,-1.677,0.3508,-0.1874,-0.127,1.0887,-0.3802,MSFT
2022-10-07,50.0792,54.1928,49.716,52.0542,108453300,0.0567,0.4144,-0.623,-1.0705,-0.6542,-0.9955,-0.4205,-0.0939,-1.0644,-1.6168,-0.5421,-1.1589,-0.9081,-0.3023,0.6414,-1.195,0.7868,-1.212,-0.1197,0.0965,-0.7804,MU
2022-10-07,411.6507,461.3578,409.1435,422.0099,6939300,0.0445,-0.3384,-1.2291,-1.6898,-1.251,-1.4669,-0.6431,-0.9881,-1.3488,-1.3676,-0.6088,-1.6506,-1.4049,0.8775,1.1038,-1.4,1.2396,-0.5837,-0.1278,0.9416,0.7046,ASML
2022-10-07,12.3322,13.6396,12.0076,12.0615,2955426000,-0.0052,-0.7992,-1.9512,-2.5179,-2.1045,-2.377,-1.5261,-0.6538,-1.0574,-1.6716,-1.0596,-2.014,-1.6469,1.2046,2.4243,-1.6973,0.2874,-0.9328,-0.6549,0.6224,0.7926,NVDA
2022-10-07,136.0622,145.2472,135.5503,137.913,435940600,0.0136,-0.806,-1.3179,-1.3813,-1.2047,-1.2023,-0.7321,-1.6463,-0.1144,-0.8812,-0.4362,-1.7855,-1.1983,-0.426,-0.0582,-1.1355,0.3251,-0.8299,-0.0774,0.3842,-0.7666,AAPL
2022-10-14,227.3933,231.4816,213.8112,223.0123,154871900,-0.0245,-0.5674,-1.1086,-1.4913,-1.2219,-1.3415,-0.9308,0.0112,-0.4737,-0.6044,-1.4001,-1.6438,-0.8127,-0.328,-0.2025,-1.7366,0.6272,-0.5909,-0.1363,1.1528,-0.2743,MSFT
2022-10-14,421.6698,421.8253,352.9059,368.4352,9215100,-0.1358,-1.9111,-2.2261,-2.609,-2.5349,-2.5312,-1.2188,0.7213,-0.9798,-1.3522,-1.0047,-1.8378,-1.8936,0.7458,1.9312,-1.9608,2.3577,-0.6498,-0.2158,0.7343,0.5805,ASML
2022-10-14,138.2378,142.2742,132.2819,136.2296,424188400,-0.0123,-0.6301,-1.1447,-1.4179,-1.1438,-1.1921,-0.8976,0.1548,-1.6412,-0.1173,-0.8803,-1.7482,-0.9508,-0.4825,-0.0391,-1.1907,0.2668,-1.1794,-0.07,0.2797,-0.782,AAPL
2022-10-14,12.0226,12.1095,10.8,11.2135,3422306000,-0.0729,-1.4096,-2.08,-2.8276,-2.5206,-2.7389,-1.7673,-0.1891,-0.644,-1.0606,-1.6014,-1.908,-1.5472,0.8006,2.614,-1.7834,0.8169,-0.9603,-0.7729,0.5687,0.524,NVDA
2022-10-14,99.1714,100.6016,94.6225,96.5195,110928000,-0.0243,-0.3274,-0.9843,-1.3673,-1.0984,-1.2719,-0.7278,0.546,-0.6503,-0.8938,-1.5672,-1.8425,-0.7786,-0.2426,-0.0951,-1.7077,-0.3346,-1.5106,-0.1596,1.14,-0.1904,GOOG
2022-10-14,57.31,60.14,54.57,55.94,543679900,-0.0437,-1.9148,-3.0666,-3.461,-3.289,-3.3414,-3.1157,-1.5738,-1.3707,-2.2648,-1.3792,-1.9813,-2.6019,1.0922,3.1479,-1.9,0.8867,-1.4476,-0.47,0.5811,0.8038,AMD
2022-10-14,52.2116,55.0155,49.5159,51.8672,116181000,-0.0036,0.3436,-0.4514,-0.9873,-0.6087,-0.9307,-0.2233,0.9438,-0.0814,-1.0676,-1.2076,-1.197,-0.2325,-0.302,0.6989,-1.1994,0.9582,-1.1851,-0.159,0.1101,-0.6985,MU
2022-10-21,57.35,60.49,55.71,58.82,430665900,0.0502,-0.2658,-1.969,-2.8154,-2.1904,-2.5561,-2.7869,-0.8943,-1.5683,-1.374,-1.3251,-1.7856,-1.4162,0.9757,2.5031,-1.6177,0.1043,-1.4998,-0.2865,0.5232,0.5244,AMD
2022-10-21,383.3327,449.8227,377.8615,449.191,10025400,0.1982,1.6768,0.245,-0.6901,0.1889,-0.3673,-0.4425,-2.5795,0.7376,-0.9831,-0.5684,-0.6079,0.2986,1.8586,1.4387,-0.7606,2.4295,-0.4858,0.0456,0.699,1.4495,ASML
2022-10-21,230.096,238.0092,228.6032,236.2431,122568300,0.0576,0.4833,-0.2553,-0.8372,-0.3449,-0.6317,-0.6463,-0.5433,0.0242,-0.4767,-0.817,-1.0246,-0.0735,-0.4703,-0.3543,-1.0752,-0.0991,-0.1443,-0.0189,1.2313,-0.4791,MSFT
2022-10-21,11.5042,12.7537,11.5032,12.451,3025159000,0.1047,0.6432,-0.4657,-1.6987,-0.9052,-1.4878,-1.1016,-1.4285,-0.1771,-0.6471,-1.2177,-1.41,-0.2646,1.1829,2.0272,-1.295,0.3481,-0.9458,-0.4486,0.7078,0.8372,NVDA
2022-10-21,53.7168,55.3696,50.8244,55.1434,88733600,0.0612,1.0038,0.3679,-0.2998,0.2012,-0.225,0.2001,-0.1597,0.9613,-0.0844,-1.0794,-0.5287,0.8396,-0.0812,0.4597,-0.6188,0.0112,-1.198,0.1144,0.5222,-0.4071,MU
2022-10-21,138.8778,145.5524,138.0902,144.9814,397216400,0.0623,0.7169,-0.2303,-0.7547,-0.2253,-0.4501,-0.651,-0.3187,0.1685,-1.6446,-0.6062,-1.0251,-0.4147,-0.419,-0.2266,-0.6142,0.0417,-1.1635,-0.0131,0.3635,-0.7668,AAPL
2022-10-21,98.8436,103.5116,97.5624,100.7903,120609600,0.0433,0.4158,-0.3179,-0.8499,-0.4131,-0.7116,-0.4749,-0.5387,0.5616,-0.6534,-1.0469,-1.3204,-0.0238,-0.4522,-0.2097,-1.1941,-0.0954,-1.0141,-0.0035,1.1153,-0.5053,GOOG
2022-10-28,58.57,62.72,56.66,62.01,403638900,0.0528,0.9129,-0.9952,-2.0326,-1.2127,-1.7935,-2.1257,0.8253,-0.8856,-1.5717,-1.515,-1.5689,-0.4174,0.7948,2.0355,-1.3364,-0.0625,-1.6205,-0.0666,0.6292,0.4257,AMD
2022-10-28,101.3961,104.3857,91.2754,95.9236,215828700,-0.0495,-0.5821,-0.7394,-1.1595,-0.9551,-1.1362,-0.4918,0.6988,-0.5283,0.5588,-1.0665,-1.5672,-0.1899,-0.4271,0.197,-1.532,1.9621,-1.0581,-0.0753,0.4383,-0.7481,GOOG
2022-10-28,457.1596,482.2027,446.6351,475.3807,8827700,0.0567,1.9784,0.9166,0.0442,0.7847,0.2282,0.1953,3.5346,-2.5788,0.7349,-0.7816,-0.209,1.3393,1.9718,1.0433,-0.3532,1.5575,-0.4962,0.3341,0.7897,1.6227,ASML
2022-10-28,144.9026,155.0524,141.8902,153.3198,512851100,0.0559,1.2429,0.4888,-0.1392,0.4455,0.1473,-0.2517,1.0461,-0.3073,0.1656,-0.4189,-0.3362,0.8907,-0.2559,-0.2688,-0.1082,0.8284,-1.0639,0.0621,0.3689,-0.6297,AAPL
2022-10-28,12.493,13.8334,12.0495,13.8174,2660045000,0.1041,2.1126,0.8534,-0.4313,0.4805,-0.2976,-0.1958,1.8227,-1.4224,-0.1801,-1.2699,-0.8602,1.0029,1.5221,1.5959,-0.8038,-0.0795,-1.0703,-0.0616,0.6015,1.0588,NVDA
2022-10-28,55.3205,56.5109,50.6276,53.1659,102624800,-0.0365,-0.1193,-0.0371,-0.5434,-0.3391,-0.608,0.3685,1.0275,-0.1476,0.9586,-1.2264,-0.9321,0.4848,-0.067,0.6518,-0.9208,0.438,-1.6785,-0.0328,0.1115,-0.5878,MU
2022-10-28,237.8433,244.9466,220.2997,230.1448,223302200,-0.0262,-0.1032,-0.4494,-0.9422,-0.6323,-0.843,-0.561,0.9613,-0.5329,0.0212,-1.0342,-1.31,-0.1168,-0.4861,-0.1172,-1.2792,2.0202,-0.6988,-0.0568,0.9311,-0.6127,MSFT
2022-11-04,465.5269,470.0262,426.0685,456.9085,6915200,-0.0396,0.7137,0.5005,-0.1737,0.0587,-0.2689,0.4828,0.9436,3.5643,-2.5825,-1.2039,-0.4903,0.5005,1.9817,1.1742,-0.6256,0.5519,-1.0123,0.0481,0.7998,1.5906,ASML
2022-11-04,53.038,55.9895,51.0703,55.2516,76616800,0.0385,0.3496,0.4964,-0.0139,0.1418,-0.1728,0.6292,-0.7625,1.0453,-0.1505,-1.0377,-0.5067,0.3127,-0.0761,0.5129,-0.5332,-0.3687,-1.3038,-0.0704,-1.0655,-1.1506,MU
2022-11-04,13.7615,14.2119,12.9405,14.139,2704427000,0.023,1.7199,1.2009,0.0901,0.5946,-0.0633,0.4758,1.8125,1.8443,-1.4257,-1.4223,-0.7307,1.2907,1.5794,1.3593,-0.6707,-0.0263,-1.098,0.5292,0.0921,0.6726,NVDA
2022-11-04,150.7799,153.0343,132.5112,136.4556,510660400,-0.1165,-1.0257,-0.7737,-1.1097,-1.0915,-1.0965,-0.4886,0.93,1.064,-0.3103,-1.3346,-1.7295,-0.3226,0.115,0.3643,-1.3476,0.8267,-1.5088,-0.0034,0.3257,-0.3622,AAPL
2022-11-04,60.75,63.93,58.03,62.19,479821400,0.0029,0.6468,-0.4199,-1.6248,-0.9764,-1.5629,-1.5955,0.8731,0.8421,-0.8888,-1.868,-1.5567,0.337,0.8343,1.8344,-1.2453,0.4796,-1.6651,0.2547,-0.0522,-0.0029,AMD
2022-11-04,95.129,95.6951,82.8828,86.1107,205326600,-0.1079,-1.968,-1.6192,-1.8714,-2.0169,-2.024,-0.9207,-0.9999,0.7151,-0.5314,-1.9143,-1.7969,-1.37,-0.2438,0.7895,-2.0825,1.6691,-1.6874,-0.2904,0.4153,-0.6224,GOOG
2022-11-04,228.0861,230.018,208.2495,216.0163,170779600,-0.0634,-1.0572,-0.9384,-1.3173,-1.2797,-1.3764,-0.7286,-0.5727,0.9788,-0.536,-1.8827,-1.7368,-0.7134,-0.5159,0.1522,-1.7232,0.8771,-1.2657,-0.1985,0.9381,-0.6609,MSFT
2022-11-11,86.7464,96.6983,86.3689,96.0725,156756100,0.1095,0.1204,-0.2248,-0.7004,-0.4067,-0.752,-0.549,-2.0697,-0.9918,0.7123,-1.3934,-0.9407,-0.2702,0.4661,0.529,-1.1972,0.5432,-1.6105,-0.1089,0.8057,-0.335,GOOG
2022-11-11,462.8251,563.991,457.737,561.8661,10548900,0.2068,2.9169,3.045,2.128,2.6174,1.9913,1.284,-0.8195,0.9611,3.5623,-0.4879,1.2561,4.4038,2.8991,0.9202,0.808,2.0769,-0.7171,0.4701,1.026,1.6426,ASML
2022-11-11,216.6018,241.9707,215.909,241.112,170431600,0.1099,0.7119,0.4135,-0.1108,0.2344,-0.1336,-0.2608,-1.2538,-0.5625,0.9762,-1.1958,-0.6459,0.4869,0.227,0.0233,-0.6913,0.7917,-1.1677,-0.0511,1.1162,-0.3845,MSFT
2022-11-11,55.5172,62.158,54.5629,61.5087,88115800,0.1073,1.6717,1.6616,1.1377,1.3856,0.9489,1.1299,0.6107,-0.7532,1.0427,-0.477,0.7696,1.4111,0.2533,0.38,0.5705,-0.0351,-1.2282,0.2163,-0.0771,-0.8568,MU
2022-11-11,135.2032,147.9238,132.7182,147.6181,461034600,0.0786,0.1139,0.2117,-0.2171,0.0143,-0.1966,-0.2434,-2.2273,0.9473,1.0613,-0.9918,-0.8072,0.5084,0.4452,0.2387,-0.5694,0.4017,-1.4454,0.0578,0.6175,-0.4338,AAPL
2022-11-11,62.93,73.32,59.8,72.37,421306600,0.1516,2.4646,1.7115,0.1235,1.0106,0.1219,-0.3966,-0.0408,0.8902,0.8394,-1.7275,-0.8089,2.3626,1.7664,1.5468,-0.6681,0.044,-1.9517,0.6668,0.5065,0.4313,AMD
2022-11-11,14.2109,16.3693,13.7425,16.3074,2816073000,0.1427,2.7919,2.8559,1.8315,2.2142,1.4459,1.3423,0.3274,1.834,1.8419,-1.052,0.171,3.7795,2.1598,1.1023,0.0552,0.041,-1.0801,1.6505,0.4577,0.669,NVDA
2022-11-18,16.1985,16.9776,15.1019,15.3905,2926241000,-0.0579,0.4693,1.5852,1.1982,0.8653,0.5083,1.8014,2.5184,0.3419,1.8316,-1.1568,-0.2028,1.8541,2.0466,1.3529,-0.2623,0.1409,-0.5169,0.5784,0.3417,0.6104,NVDA
2022-11-18,94.8509,99.7375,94.4665,97.1353,127449900,0.011,0.5373,-0.0642,-0.4797,-0.2419,-0.5768,-0.2639,1.9104,-2.0666,-0.995,-1.5852,-0.8494,-0.5493,0.4121,0.3254,-1.054,-0.0817,-1.5619,-0.0974,0.7163,-0.3458,GOOG
2022-11-18,236.1163,241.0047,232.5156,236.0283,137343700,-0.0213,0.2837,0.1095,-0.2378,-0.1328,-0.3793,-0.0615,1.9184,-1.2468,-0.5656,-1.5044,-0.8669,-0.2373,0.1112,-0.1147,-0.8565,0.0587,-1.1526,-0.1702,1.0925,-0.4191,MSFT
2022-11-18,560.2481,592.9402,554.5656,578.1635,6927900,0.0286,2.1204,2.8285,2.3006,2.2658,1.9118,1.8692,3.692,-0.8104,0.9584,-0.3896,1.1148,2.3045,2.7933,0.663,0.8573,0.3059,-0.2324,0.3496,0.9954,1.6694,ASML
2022-11-18,60.9381,63.3977,55.5959,57.6324,80131100,-0.0651,0.0973,0.4943,0.3854,0.1876,0.0433,1.299,1.8703,0.6265,-0.7563,-0.9954,0.0159,0.169,0.3274,0.7712,-0.1759,-0.227,-1.1856,-0.0255,-0.3954,-0.8969,MU
2022-11-18,75.22,79.16,70.16,73.57,453351100,0.0164,1.5973,1.7883,0.5332,0.9177,0.2257,0.3643,2.6817,-0.0281,0.8874,-1.6213,-0.7087,1.9837,1.7778,1.4886,-0.6038,0.275,-1.4087,0.6004,0.4823,0.5196,AMD
2022-11-18,146.8983,151.454,144.1175,149.186,382679700,0.0106,0.1813,0.3366,-0.0368,0.0817,-0.1058,-0.0508,1.3457,-2.2249,0.9446,-1.1979,-0.6777,0.0266,0.4051,0.0544,-0.5044,-0.1663,-1.429,0.0556,0.5505,-0.4259,AAPL
2022-11-25,72.21,78.22,71.57,75.14,214629000,0.0211,1.0405,1.7613,0.8399,0.9058,0.3632,0.9505,0.2072,2.7073,-0.031,-1.3953,-0.4498,1.6393,1.4583,1.2685,-0.5087,-1.3836,-1.0652,0.4851,0.4653,0.3505,AMD
2022-11-25,15.1288,16.5072,15.0619,16.2505,1472780000,0.0544,0.7634,1.8262,1.6547,1.2854,0.9652,2.1114,-1.1533,2.5433,0.339,-0.8099,0.5271,1.3246,1.2809,1.0449,0.0129,-1.3617,-0.614,0.3661,0.5408,0.2675,NVDA
2022-11-25,148.0717,149.7185,144.8866,146.0502,204025500,-0.0212,0.0066,-0.0488,-0.2139,-0.248,-0.3556,-0.0033,0.0996,1.3651,-2.2285,-1.2644,-0.7786,-0.6477,0.3436,-0.1025,-0.7566,-1.4392,-1.7561,0.0068,0.4403,-0.4702,AAPL
2022-11-25,566.5057,594.5776,559.712,576.8769,3215800,-0.0022,1.0496,2.1028,1.9943,1.6086,1.4921,2.1875,0.4296,3.7224,-0.8136,-0.2155,1.0751,1.6548,2.5804,0.506,0.7034,-1.3848,0.0441,0.117,0.9301,1.5462,ASML
2022-11-25,57.0815,58.1736,55.9009,57.4652,32281400,-0.0029,-0.3287,0.2103,0.3176,0.0528,-0.043,1.3216,-1.2856,1.8921,0.6237,-0.6698,0.0505,0.4843,0.3043,0.5067,-0.2009,-1.7925,-1.122,0.075,-0.4574,-0.8989,MU
2022-11-25,236.2338,243.3473,235.5293,242.1633,74769700,0.0257,0.5412,0.337,0.0583,0.1496,-0.1063,0.1922,-0.484,1.9404,-1.2501,-1.2643,-0.3633,0.2315,0.0843,-0.3578,-0.5797,-1.2917,-1.218,-0.0336,1.05,-0.4076,MSFT
2022-11-25,96.8969,98.3956,93.7683,96.9366,63702500,-0.002,0.441,-0.1137,-0.4065,-0.2684,-0.5574,-0.0453,0.1076,1.9324,-2.0701,-1.4555,-0.6736,-0.1361,0.4072,0.1544,-1.0049,-1.4674,-1.518,0.0102,0.7668,-0.2732,GOOG
2022-12-02,16.0068,17.2487,15.5014,16.8601,2009789000,0.0368,0.6389,1.7499,1.9222,1.3838,1.1581,2.3699,0.9016,-1.1459,2.541,-0.358,1.1192,1.469,1.2524,0.9124,0.1875,-0.7831,-0.1456,0.2559,0.5434,0.3266,NVDA
2022-12-02,578.7678,600.9717,562.1878,590.3961,5154500,0.0232,0.3031,1.8206,2.0574,1.4522,1.4414,2.3325,-0.1346,0.4446,3.7205,0.0905,1.1791,2.3489,2.5248,0.3253,0.7301,-0.454,0.3872,0.3411,0.9078,1.5979,ASML
2022-12-02,56.3928,56.9831,51.759,53.7955,97558900,-0.066,-1.4579,-0.6625,-0.3337,-0.7957,-0.7529,1.1227,-0.1471,-1.2788,1.8897,-0.7404,-0.7372,-0.4619,0.4498,0.7575,-0.8267,0.4652,-1.1806,-0.1667,-0.9611,-1.011,MU
2022-12-02,143.1215,147.0561,138.3982,145.7544,401088500,-0.002,-0.3461,-0.1599,-0.1802,-0.2729,-0.3696,0.0277,-0.4828,0.113,1.3625,-1.0587,-0.5184,0.3721,0.3359,-0.1641,-0.771,-0.0196,-1.7713,0.0144,0.4741,-0.4026,AAPL
2022-12-02,73.81,79.23,72.57,74.98,309909200,-0.0021,0.0969,1.2838,0.9638,0.6073,0.2318,1.3332,0.2927,0.2211,2.7051,-1.2451,-0.1803,1.5856,1.3213,1.161,-0.501,-0.6778,-0.6611,0.2157,0.3572,0.2616,AMD
2022-12-02,240.7837,250.6076,233.0831,249.5313,137898700,0.03,0.4349,0.5836,0.4132,0.4235,0.1738,0.4688,0.3759,-0.4734,1.938,-0.7629,0.5872,1.1399,0.0778,-0.3986,-0.285,0.0868,-0.7992,0.1313,1.0506,-0.3533,MSFT
2022-12-02,96.5394,101.8927,93.7485,100.1447,120675600,0.0326,0.3589,0.2822,0.0256,0.1262,-0.1895,0.2535,-0.1313,0.121,1.9299,-1.013,-0.051,1.2089,0.42,0.0768,-0.6953,-0.1263,-1.1212,0.3039,0.7637,-0.2011,GOOG
2022-12-09,589.8016,595.718,571.9837,582.5886,4481700,-0.0133,-0.1397,0.9091,1.6202,0.8744,0.991,2.3315,0.3303,-0.1224,0.4418,0.3563,1.0721,0.0962,2.3805,0.1515,0.5605,-0.7031,0.3829,0.0662,0.8579,1.6343,ASML
2022-12-09,145.715,148.8212,138.053,140.183,341500000,-0.039,-0.8508,-0.681,-0.5282,-0.7268,-0.7515,-0.0995,-0.131,-0.4722,0.1101,-0.9935,-1.1619,-0.6738,0.324,-0.0577,-1.143,-0.4448,-1.7465,-0.0391,0.511,-0.2908,AAPL
2022-12-09,246.5861,248.3571,236.997,240.1379,109602000,-0.0384,-0.3078,-0.033,-0.0033,-0.1945,-0.3002,0.5156,0.4549,0.3907,-0.4765,-0.7142,-0.0184,-0.265,-0.1147,-0.3824,-0.6332,-0.5275,-0.7852,-0.0191,1.0119,-0.4344,MSFT
2022-12-09,74.54,75.17,68.52,68.59,286959900,-0.0891,-1.3646,-0.2054,0.0902,-0.6581,-0.7629,1.3465,-0.1329,0.3071,0.2183,-1.0745,-0.5429,-0.6903,1.2128,1.4035,-0.7939,-0.806,-0.5762,0.0165,0.2521,0.2473,AMD
2022-12-09,16.6632,17.5664,15.6522,16.9849,2058131000,0.0074,0.5772,1.1687,1.7342,1.0838,0.9904,2.5159,0.5804,0.9188,-1.1492,0.3888,1.0319,0.1373,0.9386,0.9313,0.2367,-0.6839,0.3773,0.1702,0.3101,0.077,NVDA
2022-12-09,53.4905,54.9564,51.5918,53.9825,66703500,0.0035,-0.772,-0.6778,-0.3313,-0.6376,-0.6527,0.9299,-1.302,-0.1348,-1.2821,-0.6141,-0.697,-1.3091,0.1889,0.58,-0.7406,-0.5839,-1.1712,-0.1797,-1.5087,-1.3298,MU
2022-12-09,99.1366,101.0584,92.3878,92.4374,114959500,-0.0801,-1.0188,-0.6543,-0.6975,-0.9044,-1.0082,0.1753,0.5022,-0.119,0.1181,-1.2079,-0.9544,-0.5632,0.4421,0.3391,-1.2517,-0.2071,-1.107,0.0545,0.6955,-0.1038,GOOG
2022-12-16,92.4573,99.1217,89.3982,90.2425,165406600,-0.024,-1.1321,-0.7762,-0.8616,-1.0415,-1.1394,0.0519,-1.5601,0.5176,-0.122,-1.4643,-1.2117,-0.8555,0.4042,0.497,-1.3355,0.9774,-1.503,-0.1698,0.6836,-0.057,GOOG
2022-12-16,68.54,75.21,64.8,65.41,321699900,-0.0475,-1.7147,-0.9274,-0.3691,-1.1188,-1.1592,1.1446,-1.7247,-0.1206,0.3042,-1.5283,-0.8775,-1.2081,0.8856,1.7611,-0.9042,-0.5343,-0.5568,-0.1677,0.1423,0.0256,AMD
2022-12-16,242.1242,258.2397,238.269,239.4236,229935300,-0.003,-0.4339,-0.092,-0.0618,-0.2427,-0.3325,0.5187,-0.7964,0.47,0.3878,-0.9429,-0.0645,-0.1024,-0.1541,-0.2958,-0.605,1.9947,-0.5519,-0.0696,0.9695,-0.4147,MSFT
2022-12-16,17.0209,18.7723,16.3945,16.5553,2567579000,-0.0256,-0.286,0.3776,1.1462,0.4504,0.4943,2.4948,0.0413,0.596,0.9161,0.097,0.379,0.4386,0.8322,1.1913,0.1402,-0.1407,0.792,0.2268,0.2304,0.038,NVDA
2022-12-16,581.7795,627.0943,551.4366,559.7997,6838900,-0.0399,-0.7591,0.0455,0.8822,0.1216,0.342,2.1346,-0.3376,0.3448,-0.1253,-0.0003,0.4899,-0.5096,2.2836,0.4949,0.2962,0.4333,-0.0485,-0.1362,0.8324,1.6748,ASML
2022-12-16,52.6543,56.9536,50.785,51.2277,79432800,-0.0524,-1.2092,-1.1914,-0.8814,-1.1591,-1.1155,0.6295,-0.0304,-1.2953,-0.1378,-0.9446,-1.2883,-1.21,0.1842,0.8505,-1.1897,-0.1626,-1.2,-0.1932,-1.6579,-1.3621,MU
2022-12-16,140.7155,147.8844,131.8702,132.6393,505728900,-0.0553,-1.3455,-1.2067,-0.9802,-1.2606,-1.2249,-0.3975,-0.8074,-0.1187,-0.4752,-1.2785,-1.9868,-1.2081,0.4103,0.2765,-1.5664,0.6858,-1.7899,-0.0962,0.839,0.0288,AAPL
2022-12-23,90.2623,90.5801,86.3491,89.1996,106804800,-0.0116,-0.9639,-0.8082,-0.9205,-1.0069,-1.1319,-0.0365,-0.5338,-1.5546,0.5147,-1.2133,-1.0761,-0.9337,0.3831,0.3282,-1.341,-0.4136,-1.4097,-0.2097,0.6406,-0.0721,GOOG
2022-12-23,16.5564,16.6113,14.8679,15.1916,1996695000,-0.086,-1.6056,-0.8305,0.0002,-0.7355,-0.5264,2.2097,-0.5629,0.0544,0.5932,0.0411,-0.2023,-0.8043,1.1021,1.5022,-0.2448,-0.7517,0.8677,-0.0369,0.0947,0.1858,NVDA
2022-12-23,133.231,134.9073,127.8371,130.0262,384620400,-0.0199,-1.1805,-1.2004,-1.135,-1.2746,-1.2842,-0.6391,-1.1066,-0.7983,-0.1217,-1.1704,-1.8127,-1.1976,0.1823,0.1876,-1.612,-0.1989,-1.7151,-0.109,0.8603,-0.1378,AAPL
2022-12-23,559.5365,569.1961,528.8135,537.4299,4504600,-0.0408,-1.2028,-0.6356,0.1889,-0.4493,-0.1884,1.7651,-0.8244,-0.3263,0.3419,0.0835,0.2127,-0.8328,2.2592,0.5336,0.0598,-0.7204,-0.0705,-0.1602,0.8205,1.6864,ASML
2022-12-23,51.3261,51.4442,47.6466,49.388,112198100,-0.0366,-1.1821,-1.51,-1.2304,-1.383,-1.3496,0.2815,-1.0528,-0.0176,-1.2986,-0.7296,-1.6833,-1.4697,0.2424,0.8494,-1.446,0.8658,-1.22,-0.3105,-1.5065,-1.251,MU
2022-12-23,239.5899,240.3336,228.8364,233.5919,128396500,-0.0247,-0.7376,-0.4219,-0.3395,-0.5363,-0.5783,0.4288,-0.1484,-0.7872,0.4671,-0.6338,-0.3516,-0.5417,-0.1464,-0.332,-0.7911,-0.2022,-0.5146,-0.173,0.9797,-0.3817,MSFT
2022-12-23,65.12,67.85,62.26,64.52,262686500,-0.0137,-1.2677,-1.1402,-0.5218,-1.0919,-1.1689,0.9434,-0.963,-1.7199,-0.1236,-1.2113,-0.7032,-1.4766,0.7366,1.6232,-0.9004,-0.8945,-0.4476,-0.2701,0.054,-0.1132,AMD
2022-12-30,233.5625,236.7132,229.13,234.6584,75854900,0.0046,-0.3497,-0.4859,-0.3151,-0.4202,-0.4924,0.3787,-0.5453,-0.1362,-0.7904,-0.4211,-0.2791,-0.7553,-0.1467,-0.4999,-0.6797,-1.2953,-0.4062,-0.1948,0.9767,-0.3812,MSFT
2022-12-30,48.8075,50.2636,47.7352,49.2835,52871900,-0.0021,-0.81,-1.3801,-1.2105,-1.1704,-1.2221,0.0614,-0.7635,-1.0449,-0.0205,-0.4827,-1.7212,-0.9695,0.1037,0.626,-1.4409,-1.0908,-1.107,-0.2764,-1.4636,-1.293,MU
2022-12-30,15.0598,15.0857,13.8709,14.6002,1481381000,-0.0397,-1.69,-1.3344,-0.5521,-1.0897,-0.8882,1.7286,-1.6677,-0.5526,0.0514,0.0694,-0.4545,-1.4122,1.1823,1.5088,-0.3871,-1.2574,1.059,-0.257,0.0683,0.2311,NVDA
2022-12-30,88.703,88.8917,85.783,88.1269,70821500,-0.0121,-0.5688,-0.983,-0.9456,-0.9851,-1.1301,-0.0981,-0.3067,-0.5235,-1.5579,-1.0708,-1.2456,-1.2883,0.3157,0.1419,-1.4128,-1.2486,-1.3406,-0.3354,0.6991,-0.0978,GOOG
2022-12-30,63.87,65.18,61.96,64.77,154168000,0.0039,-0.4737,-1.149,-0.5627,-0.8686,-1.0077,0.8352,-0.3447,-0.9546,-1.7234,-0.7216,-0.6687,-1.431,0.4835,1.2688,-0.8341,-1.6895,-0.2862,-0.1738,0.5301,-0.0435,AMD
2022-12-30,129.5529,129.5825,124.1195,128.1231,307184100,-0.0147,-0.8435,-1.2845,-1.2188,-1.2273,-1.286,-0.8092,-0.4582,-1.0989,-0.8015,-1.2164,-1.6345,-1.2968,0.1723,0.0586,-1.6653,-0.7441,-1.6431,-0.1049,0.8627,-0.1433,AAPL
2022-12-30,532.2444,541.3288,515.6354,532.5856,2956700,-0.0091,-0.8885,-0.945,-0.0948,-0.5126,-0.3003,1.3699,-0.8405,-0.8154,-0.3293,0.3054,0.1526,-1.0934,2.2684,0.3568,0.0256,-1.4573,-0.0355,-0.2655,0.8102,1.6897,ASML
2023-01-06,49.8554,56.4916,48.8594,55.9788,76600800,0.1274,1.5629,0.3264,-0.0125,0.542,0.1941,0.4281,-0.1327,-0.7542,-1.0481,0.0779,-0.2767,0.097,0.6935,0.4762,0.1173,-0.2964,-0.636,-0.2425,-1.7076,-1.1236,MU
2023-01-06,128.4682,129.0796,122.4432,127.8174,369948500,-0.0024,-0.4375,-1.1064,-1.1946,-1.0488,-1.1695,-0.8649,-0.3638,-0.4474,-1.1022,-0.8401,-1.5143,-1.0078,0.1711,-0.0574,-1.6477,-0.3141,-1.5581,-0.1086,0.9581,-0.0324,AAPL
2023-01-06,547.0893,583.5437,531.9714,580.7853,3499100,0.0866,0.8414,0.0669,0.4762,0.591,0.6082,1.2822,-0.2596,-0.8316,-0.8186,0.7246,0.75,-0.2566,1.7103,0.1488,0.5321,-1.1882,0.2499,-0.1609,0.9123,1.3779,ASML
2023-01-06,237.8482,240.4608,214.629,220.0889,159562600,-0.0641,-1.1639,-1.1181,-0.9387,-1.1278,-1.0974,0.1125,-0.0105,-0.535,-0.1392,-0.6798,-1.2695,-0.9661,0.0104,-0.1267,-1.5279,0.4171,-0.4201,-0.2286,0.4559,-0.4159,MSFT
2023-01-06,14.837,14.9958,14.0207,14.845,1626813000,0.0166,-0.7416,-1.01,-0.5857,-0.7189,-0.6386,1.3592,-0.8209,-1.6627,-0.5557,0.2443,-0.3501,-1.3412,0.9262,1.1974,-0.212,-1.0731,1.4549,-0.2591,-0.0372,0.0422,NVDA
2023-01-06,66.0,66.88,60.05,63.96,210649700,-0.0126,-0.3737,-1.1193,-0.7849,-0.8817,-1.0285,0.7494,-0.0231,-0.3334,-0.9578,-0.4454,-0.7804,-0.825,0.3974,1.2786,-0.8451,-1.2102,-0.1372,-0.1638,0.3923,-0.1235,AMD
2023-01-06,89.2194,90.9278,84.9884,87.5608,97533700,-0.0064,-0.4299,-0.9246,-0.931,-0.9027,-1.074,-0.1159,-0.3154,-0.2952,-0.5265,-0.9559,-1.335,-0.6949,0.3069,0.0973,-1.444,-0.6295,-0.9856,-0.3443,0.7409,-0.0177,GOOG
2023-01-13,15.2696,16.906,15.1267,16.883,2240313000,0.1286,1.7618,0.4424,0.5114,0.9423,0.7556,1.4448,0.2105,-0.8119,-1.6661,0.6169,0.5187,-0.0546,1.061,0.8435,0.6536,-0.3457,1.4534,0.0238,-0.0488,0.2126,NVDA
2023-01-13,66.22,71.65,65.67,71.0,271184600,0.1044,1.3098,0.2178,0.1256,0.5039,0.1338,1.029,-0.3243,-0.0102,-0.3364,0.4456,0.1898,0.5249,0.6425,0.9156,-0.1146,-0.7101,0.3761,-0.0147,0.537,0.2428,AMD
2023-01-13,56.0281,57.6551,54.8744,56.1366,65838900,0.0028,1.1238,0.4089,0.0012,0.3931,0.1429,0.6784,2.2384,-0.1204,-0.7573,-0.1218,-0.2426,0.6163,0.5817,0.2805,0.1627,-0.668,-0.7388,-0.0373,-2.1723,-1.4072,MU
2023-01-13,128.6555,133.0437,126.3382,132.8859,333335200,0.0389,0.3214,-0.4644,-0.7546,-0.4247,-0.6641,-0.6564,-0.1376,-0.3526,-0.4505,-0.6957,-0.9861,-0.2129,0.062,-0.2552,-1.1731,-0.5796,-1.1641,-0.0527,0.9109,-0.0888,AAPL
2023-01-13,598.4668,644.0348,597.3069,643.0114,5001100,0.1018,2.2251,1.2374,1.3008,1.6774,1.5861,1.4909,1.4923,-0.2479,-0.8347,0.8882,1.312,1.0825,1.1022,-0.006,1.0141,-0.4678,0.2579,0.0148,0.9299,0.9212,ASML
2023-01-13,221.5762,234.7367,221.537,234.0811,131675800,0.0616,0.1369,-0.368,-0.3218,-0.2196,-0.3709,0.1823,-1.2674,0.0024,-0.5381,-0.3626,-0.3183,-0.4262,0.0311,-0.3046,-0.507,-0.1927,-0.4386,-0.0471,0.4379,-0.3459,MSFT
2023-01-13,88.5888,92.348,86.1107,92.1693,113236000,0.0513,0.4804,-0.2202,-0.3482,-0.1583,-0.4546,0.1206,-0.2119,-0.3039,-0.2982,-0.8762,-0.6067,-0.0409,0.3403,-0.0758,-0.8819,-0.2785,-0.9953,-0.1411,0.7777,0.1057,GOOG
2023-01-20,132.9549,136.6823,131.9097,135.9526,271823400,0.0228,0.5535,-0.0636,-0.4243,-0.1149,-0.3817,-0.3962,0.6181,-0.1253,-0.3557,-0.5037,-0.6665,0.1729,-0.075,-0.4579,-0.8364,-0.9841,-0.7935,-0.0069,0.9621,-0.1713,AAPL
2023-01-20,92.1494,98.7443,90.2226,98.6052,124989900,0.0675,1.3404,0.6223,0.3358,0.6422,0.2655,0.5337,0.8452,-0.1999,-0.307,-0.3823,0.4104,0.7012,0.4406,-0.1666,-0.0137,-0.0212,-0.5752,0.0628,0.9321,0.3166,GOOG
2023-01-20,56.3634,57.7833,54.5096,57.6453,46858600,0.0265,0.876,0.7561,0.2105,0.5704,0.3504,0.9097,-0.0423,2.2619,-0.1233,0.0122,0.0829,1.2461,0.5416,0.0855,0.4681,-1.2967,-0.936,0.2448,-1.9402,-1.2734,MU
2023-01-20,70.87,72.78,67.27,70.07,177107500,-0.0132,0.6042,0.1675,-0.1162,0.1691,-0.0742,1.2146,1.8179,-0.3129,-0.0132,0.6056,0.0005,0.5298,0.6115,0.8423,-0.141,-1.4363,0.8836,0.0089,0.45,0.1928,AMD
2023-01-20,634.6385,659.0162,611.1674,632.4454,4622600,-0.0166,1.0005,0.8443,0.8393,0.9986,1.0706,1.5798,1.7696,1.5124,-0.251,1.318,1.0028,1.3309,1.1315,0.0271,0.755,-0.6365,0.714,0.0138,0.8064,0.9003,ASML
2023-01-20,232.8482,237.1633,225.7151,235.0498,123872800,0.0041,0.1879,-0.2701,-0.2974,-0.1775,-0.32,0.2544,1.0346,-1.2605,-0.0005,-0.1988,-0.2525,-0.1742,0.0013,-0.4007,-0.3733,-0.3634,-0.0193,0.1006,0.6788,-0.2326,MSFT
2023-01-20,16.883,17.8561,16.7152,17.8222,1968625000,0.0541,2.028,1.0062,0.8819,1.3419,1.1743,1.6741,2.2615,0.2245,-0.815,1.0178,0.8798,1.2988,0.89,0.5139,0.8759,-0.5865,1.9417,0.3151,-0.0667,0.0976,NVDA
2023-01-27,235.9109,244.453,225.9304,242.8189,198648400,0.0325,0.6682,0.1873,-0.0589,0.1977,0.0162,0.4206,-0.0183,1.0525,-1.2638,-0.3248,0.2757,0.0776,-0.18,-0.4118,0.4548,1.0261,0.0811,0.1679,0.4872,-0.3051,MSFT
2023-01-27,58.0989,63.4433,58.0397,62.9799,69261100,0.0885,1.4605,1.6933,1.0675,1.4901,1.2079,1.2864,0.3917,-0.0296,2.2596,0.1535,1.2243,2.2232,0.7279,-0.0559,1.3532,-0.5308,-0.9678,0.5016,-0.7628,-0.2809,MU
2023-01-27,18.0469,20.6085,17.8012,20.3458,2632581000,0.1324,3.0713,2.5396,2.0883,2.6794,2.4471,2.0594,0.8972,2.2852,0.2216,1.1516,1.2196,3.2435,1.2298,0.386,1.4281,0.1714,1.9614,0.6689,0.6769,1.2056,NVDA
2023-01-27,72.22,77.08,71.54,75.4,302750900,0.0733,1.3246,1.1369,0.4989,0.9772,0.6652,1.4943,-0.3353,1.8395,-0.3159,0.7196,0.7473,1.219,0.7299,0.5907,0.6397,-0.3853,0.8687,0.0495,1.0628,0.9658,AMD
2023-01-27,136.1991,145.1825,135.9822,143.9006,338655600,0.0568,1.1151,0.6993,0.1179,0.5448,0.2171,0.0228,0.3239,0.634,-0.1283,-0.536,0.1618,0.8574,-0.537,-0.5588,-0.0005,-0.5149,-0.8338,0.0399,0.9569,-0.4584,AAPL
2023-01-27,98.4562,100.8896,94.6145,100.0255,143746600,0.0143,0.9702,0.8166,0.3564,0.6109,0.3242,0.8488,1.1419,0.8622,-0.2029,-0.5354,0.6349,0.9622,-0.0906,-0.2392,0.3884,0.3403,-0.5374,0.2749,0.4998,-0.2125,GOOG
2023-01-27,641.4128,667.6231,638.4594,650.5166,7260000,0.0282,0.588,1.0541,0.842,1.056,1.1495,1.5972,-0.3972,1.7909,1.5098,1.1173,1.0833,1.7248,1.0006,-0.1443,0.7782,0.5623,0.7338,0.1933,0.5997,0.9178,ASML
2023-02-03,633.5662,680.9279,630.9346,662.4374,5620300,0.0182,0.3065,1.0732,0.8869,0.9735,1.1031,1.5847,0.4219,-0.3862,1.7885,1.062,1.0774,1.0114,-0.283,-0.1703,0.7434,-0.2458,0.7155,0.2202,-0.3608,-0.3315,ASML
2023-02-03,98.0739,108.0804,96.8572,104.5048,156510500,0.0438,0.9702,1.1953,0.7591,0.9546,0.6914,1.1628,0.168,1.1603,0.8595,-0.0108,0.8417,1.4784,-0.5234,-0.157,1.0579,0.643,0.1512,0.5621,-0.023,-0.3945,GOOG
2023-02-03,239.2475,258.9932,236.9872,252.7896,152686100,0.0402,0.7865,0.6274,0.3261,0.5876,0.3881,0.658,0.5015,-0.0054,1.0498,0.0674,0.9085,1.0819,-0.677,-0.3863,1.1659,0.1071,0.6854,0.3737,-0.1238,-0.6111,MSFT
2023-02-03,19.9312,21.9283,18.9321,21.0801,2640747000,0.0355,1.9552,2.6189,2.2359,2.4017,2.3621,2.39,2.3307,0.9144,2.2828,1.0889,1.0033,3.4773,0.8206,0.5409,1.305,0.2025,1.9859,0.6829,0.413,1.4661,NVDA
2023-02-03,142.9441,155.1913,139.3547,152.3514,480249700,0.0571,1.3822,1.3278,0.7105,1.0699,0.7434,0.4875,0.9464,0.3383,0.6312,-0.5315,1.0293,1.4646,-0.6972,-0.4605,0.805,0.5286,-0.8593,0.1038,0.7216,-0.2298,AAPL
2023-02-03,61.8853,63.0292,57.8326,61.5402,88992200,-0.0231,0.4889,1.1243,0.8022,0.7797,0.6959,1.4677,1.5266,0.4065,-0.0326,0.2082,0.9146,0.6474,0.3948,0.0381,0.8797,0.1588,-0.9644,0.161,-1.9893,-0.9237,MU
2023-02-03,74.23,88.94,72.03,86.09,436642400,0.1326,2.5564,2.608,1.8587,2.3904,1.9939,1.9651,1.2484,-0.3239,1.8371,0.9973,1.0106,2.8241,0.5664,0.7103,1.6035,0.7078,0.9351,0.2383,0.6693,1.3694,AMD
2023-02-10,150.4482,153.0712,147.3695,149.1373,330758800,-0.0213,0.3548,0.8253,0.4739,0.4929,0.3405,0.7002,0.9509,0.9638,0.3355,0.1265,0.6957,0.8499,-0.6716,-0.5348,0.4745,-0.503,-0.3456,0.0535,0.8895,-0.1753,AAPL
2023-02-10,60.0907,61.5205,58.4243,58.9863,55232300,-0.0424,-0.5838,0.3221,0.3104,0.0218,0.08,1.3993,-0.5172,1.5468,0.4036,-0.1842,0.3651,0.2187,0.3014,0.0234,0.33,-0.9387,-1.3792,-0.047,-1.9452,-0.9805,MU
2023-02-10,251.8992,270.8034,249.2964,257.4374,196239000,0.0182,0.6693,0.7446,0.4434,0.6177,0.4693,0.8535,0.6429,0.5168,-0.0084,0.618,0.5154,0.6512,-0.711,-0.3396,1.2305,0.9074,1.2135,0.3896,-0.5182,-0.8754,MSFT
2023-02-10,84.63,88.0,80.47,81.48,268299200,-0.055,0.6494,1.3835,1.0884,1.0246,0.9637,2.2166,2.3336,1.2672,-0.327,0.6016,0.454,1.0733,0.716,0.85,0.9158,-0.6531,0.8949,0.0782,0.8216,1.5878,AMD
2023-02-10,101.9871,107.9314,93.2221,94.2153,279981700,-0.1037,-1.1731,-0.2406,-0.3251,-0.5799,-0.5512,1.0708,0.7082,0.1817,1.1576,-0.0416,-0.7165,-0.0334,0.0121,0.4589,-0.5271,3.0743,-0.0488,0.1379,0.0328,0.1596,GOOG
2023-02-10,650.4926,667.851,633.6131,641.1444,4201400,-0.0327,-0.3263,0.4074,0.4236,0.2826,0.5088,1.4187,0.2386,0.4369,-0.3892,1.0267,0.7182,-0.2549,-0.2055,-0.1839,0.467,-0.9141,0.7541,0.0621,-0.0369,-0.1172,ASML
2023-02-10,20.7864,22.9983,20.7664,21.2449,2750611000,0.0078,0.9364,2.2284,1.975,1.8366,1.9668,2.5345,0.5553,2.3547,0.9117,1.0725,0.6802,2.0507,0.6063,0.5758,1.1034,0.3708,2.0121,0.6415,0.3635,1.0717,NVDA
2023-02-17,21.5177,23.0272,20.9422,21.3678,2448882000,0.0058,0.1757,1.6883,1.7464,1.3984,1.6277,2.513,0.0488,0.5708,2.3524,0.8174,0.7081,1.5264,0.5888,0.5774,0.9547,0.0274,2.0229,0.6138,0.3635,1.053,NVDA
2023-02-17,81.57,86.19,77.37,78.5,253391700,-0.0373,-0.6162,0.5465,0.6204,0.2643,0.3484,2.1563,-1.1015,2.3576,1.2646,-0.0906,0.0959,0.8324,0.7703,1.0127,0.5169,-0.7214,0.4066,0.0597,0.7247,1.5765,AMD
2023-02-17,149.078,154.3913,148.9792,150.6581,316792400,0.0101,0.0578,0.7116,0.5554,0.4456,0.3431,0.8349,-0.4842,0.9684,0.9611,-0.3169,0.8536,0.7252,-0.6974,-0.6684,0.5236,-0.5267,-0.4216,0.056,0.9998,-0.1567,AAPL
2023-02-17,58.9863,61.4416,57.6946,58.1876,57978100,-0.0136,-0.8868,-0.1002,0.1522,-0.2031,-0.1235,1.2226,-0.8699,-0.5068,1.5442,-0.8154,0.1933,-0.1463,0.3094,-0.0051,0.1161,-0.7591,-1.8991,-0.2044,-1.9485,-0.9778,MU
2023-02-17,261.8797,269.0519,251.1176,253.1383,170204900,-0.0168,-0.035,0.3857,0.2195,0.2104,0.1642,0.9011,0.2397,0.6589,0.514,-0.0972,0.2553,0.4498,-0.7055,-0.2881,0.7566,0.3737,0.6719,0.2069,-0.5628,-0.8901,MSFT
2023-02-17,643.8601,665.2038,632.392,636.8268,4388800,-0.0068,-0.4903,0.0588,0.2601,0.0789,0.3033,1.1725,-0.692,0.2527,0.434,0.3598,0.4173,-0.1682,-0.2,-0.2606,0.3615,-0.81,0.2095,0.0697,-0.0356,-0.1094,ASML
2023-02-17,94.3643,97.2147,92.0203,93.9471,189331400,-0.0029,-1.0056,-0.354,-0.3273,-0.5417,-0.5437,0.8995,-1.9915,0.7245,0.1788,-0.6368,-0.756,-0.6462,0.0121,0.3069,-0.5572,1.0314,-0.6174,-0.1508,0.0342,0.1618,GOOG
2023-02-24,249.6266,251.9416,243.3682,244.4669,105098500,-0.0349,-0.7439,-0.1272,-0.1302,-0.3124,-0.2721,0.7782,-0.4022,0.2538,0.6561,-0.2256,-0.2693,-0.1694,-0.6787,-0.346,0.073,-0.8617,0.314,0.0358,-0.4421,-0.8819,MSFT
2023-02-24,623.2293,629.0219,598.5252,604.0541,4128700,-0.0528,-1.1502,-0.7702,-0.3139,-0.623,-0.3428,0.7697,-0.2176,-0.6824,0.2498,-0.2155,-0.2565,-0.8596,-0.0624,-0.176,-0.0077,-0.888,-0.2679,-0.1102,0.1228,0.0225,ASML
2023-02-24,57.5269,58.9173,56.038,57.3692,50889800,-0.0142,-0.7095,-0.4922,-0.0537,-0.3821,-0.2982,1.0079,-0.3435,-0.8611,-0.5098,-0.5211,0.0172,-1.0155,0.1327,-0.0937,-0.0967,-0.9509,-1.8425,-0.3592,-1.3469,-0.7394,MU
2023-02-24,92.6063,92.7801,88.256,88.7427,121977600,-0.057,-1.5221,-1.0484,-0.7938,-1.1386,-1.0706,0.5871,-0.146,-1.9881,0.7217,-1.0132,-1.5219,-1.2248,0.0567,0.357,-1.2854,-0.3883,-1.025,-0.3518,0.1187,0.1458,GOOG
2023-02-24,20.9802,23.8654,20.4017,23.264,2630910000,0.085,1.2194,2.1004,2.4465,2.0946,2.2743,2.4978,0.0117,0.0619,0.568,1.3878,1.1195,1.0365,0.7068,0.6021,1.1953,0.268,2.0365,0.5495,-0.5529,0.2897,NVDA
2023-02-24,148.3373,149.4237,143.9129,144.8906,213742300,-0.039,-0.7348,0.0071,0.137,-0.1859,-0.1696,0.7709,0.0919,-0.4736,0.9657,-0.7227,0.255,-0.1686,-0.6034,-0.6499,-0.0611,-1.258,-0.8251,0.016,1.1489,-0.0684,AAPL
2023-02-24,77.15,81.79,75.92,78.09,217423700,-0.0052,-0.875,0.1865,0.5226,0.0833,0.1867,1.9709,-0.776,-1.0938,2.3553,-0.191,0.0477,0.0855,0.7717,0.8864,0.3986,-0.9477,-0.1169,-0.082,0.613,1.3074,AMD
2023-03-03,145.8782,149.236,142.1154,149.157,273994900,0.029,-0.0672,0.1406,0.392,0.1485,0.1094,0.772,-0.8085,0.1053,-0.4767,-0.3297,0.6978,-0.4144,-0.6613,-0.7452,0.2781,-0.7452,-0.5011,0.0014,1.1372,-0.0227,AAPL
2023-03-03,247.6451,250.7448,240.9258,250.4211,126814600,0.0241,-0.2333,-0.0191,0.0851,-0.0112,-0.0305,0.7276,-0.732,-0.3912,0.2509,-0.2309,0.0909,-0.312,-0.7399,-0.5186,0.4301,-0.4122,0.3761,0.0213,-0.6081,-0.9293,MSFT
2023-03-03,616.7822,624.5578,589.2551,622.614,4800400,0.0303,-0.2707,-0.5043,-0.058,-0.1836,-0.027,0.5195,-1.0612,-0.2057,-0.6855,-0.0312,0.1251,-0.7598,-0.0442,-0.3078,0.1543,-0.4654,-0.1919,-0.1154,0.3027,0.2963,ASML
2023-03-03,89.4777,93.4704,88.9116,93.381,133166200,0.0509,0.0125,-0.5318,-0.2941,-0.3556,-0.455,0.5326,-1.1373,-0.1338,-1.9916,-0.6948,-0.8393,-1.1687,-0.0554,0.0613,-0.5393,-0.1777,-0.6973,-0.3387,-0.0342,0.0663,GOOG
2023-03-03,23.6476,23.8774,22.4108,23.8674,2170791000,0.0256,1.0948,1.6578,2.3796,1.844,2.1058,2.5117,1.4628,0.0247,0.059,1.3642,1.3206,0.9376,0.6933,0.3807,1.149,-0.2196,2.0634,0.475,-0.5765,0.409,NVDA
2023-03-03,79.64,81.63,76.65,81.52,248748200,0.043,0.2398,0.3731,0.8383,0.5316,0.5644,1.8581,-0.1897,-0.7668,-1.097,-0.0837,0.4512,-0.6978,0.4839,0.5681,0.6606,-0.5545,-0.0793,-0.1214,0.4658,1.0398,AMD
2023-03-03,58.3454,58.7299,53.9574,55.9887,58543400,-0.0244,-0.7202,-0.7867,-0.3359,-0.6399,-0.5468,0.7443,-0.3532,-0.3322,-0.8643,-0.6452,-0.2797,-1.0254,0.1657,0.0111,-0.4242,-0.5641,-1.8884,-0.349,-1.4693,-0.7069,MU
2023-03-10,151.8828,154.3617,145.7794,146.6584,313350800,-0.0169,-0.3166,-0.2233,0.1204,-0.1452,-0.1327,0.6999,0.4375,-0.7994,0.1023,-0.447,0.4385,-0.376,-0.8687,-0.7017,0.0319,-0.4037,-0.02,0.0027,1.0477,-0.4353,AAPL
2023-03-10,251.5394,255.159,242.8778,243.8489,117910500,-0.0266,-0.486,-0.4134,-0.2089,-0.3823,-0.3477,0.5897,0.3467,-0.7226,-0.3942,-0.6745,-0.3067,-0.6951,-0.69,-0.5211,-0.0931,-0.5848,-0.0108,-0.1217,-0.3411,-0.8277,MSFT
2023-03-10,612.787,618.4428,585.5431,587.2819,5545100,-0.0584,-0.9747,-1.0699,-0.6886,-0.8847,-0.665,0.1113,0.4602,-1.0533,-0.2087,-0.522,-0.6013,-0.9707,0.0417,-0.2086,-0.3704,0.0318,-0.666,-0.141,0.3895,0.3353,ASML
2023-03-10,93.7187,95.6455,90.1828,90.3914,135073900,-0.0325,-0.422,-0.8945,-0.6228,-0.715,-0.7586,0.402,0.8389,-1.1297,-0.1368,-1.0493,-1.2792,-0.5875,-0.034,0.0552,-0.9436,-0.1525,-0.6876,-0.2743,-0.0238,-0.0084,GOOG
2023-03-10,82.03,87.81,80.67,82.67,344800400,0.014,0.4473,0.3134,0.7772,0.5227,0.5718,1.7901,0.6932,-0.1777,-0.7699,-0.0099,0.5864,-0.1004,0.3315,0.497,0.6869,0.4064,-0.0272,0.0297,-0.0645,0.3391,AMD
2023-03-10,23.8684,24.4351,22.7084,22.9472,2442279000,-0.0393,-0.0858,0.6161,1.5428,0.834,1.2253,2.353,0.375,1.4827,0.0218,0.955,0.8454,0.4778,0.748,0.427,0.8026,0.1567,1.5086,0.2069,-0.4876,0.4137,NVDA
2023-03-10,56.4817,57.8326,53.77,54.1645,63646900,-0.0331,-0.9478,-1.1267,-0.7104,-0.9404,-0.8406,0.4203,-0.5398,-0.342,-0.3352,-0.4521,-0.6722,-0.9507,0.0924,0.078,-0.7993,-0.3134,-1.8319,-0.3871,-1.5878,-0.9041,MU
2023-03-17,579.3793,623.6103,576.2241,619.0094,5031200,0.0526,0.1887,-0.4078,-0.2715,-0.1278,-0.077,0.0165,-1.1635,0.4753,-1.0565,-0.1739,0.051,-0.4762,0.0261,-0.2897,0.0256,-0.1456,-0.2455,0.0007,0.3241,0.0855,ASML
2023-03-17,81.39,98.75,78.52,97.84,427982800,0.1685,2.8021,2.0573,2.3717,2.497,2.3333,2.029,0.1626,0.7094,-0.1807,1.0604,1.2441,1.9449,0.9537,0.6027,1.6993,1.1928,0.5581,0.2152,0.2545,0.9966,AMD
2023-03-17,53.2178,56.9156,52.0247,55.8704,88112800,0.031,-0.1516,-0.716,-0.4973,-0.4299,-0.4527,0.3021,-0.7003,-0.5294,-0.345,-0.2956,-0.3052,-0.5808,0.0344,0.0446,-0.4686,0.7266,-1.8728,-0.1546,-1.7637,-1.1508,MU
2023-03-17,242.6816,277.9263,241.0434,274.1007,237284200,0.1169,1.4625,0.8457,0.9105,1.0772,0.8961,0.8467,-0.5808,0.3613,-0.7257,0.3969,1.1186,0.5015,-0.123,-0.3903,1.5935,1.7592,0.4793,0.0657,0.0034,-0.2491,MSFT
2023-03-17,22.7344,26.3785,22.2797,25.7051,2853086000,0.1135,1.2847,1.5638,2.4101,2.024,2.2657,2.2462,-0.8137,0.3897,1.4801,1.225,1.141,1.562,0.4489,0.4623,1.1932,0.6597,1.5706,0.2077,-0.3737,0.0403,NVDA
2023-03-17,145.9769,154.7962,145.8683,153.0778,410426600,0.0428,0.454,0.1359,0.4367,0.349,0.2869,0.7544,-0.4031,0.4525,-0.8026,0.15,1.1046,-0.0876,-0.8647,-0.7628,0.6393,0.4237,0.4717,0.009,0.9804,-0.5966,AAPL
2023-03-17,89.9495,102.7866,89.3287,101.7636,232819600,0.1185,1.5621,0.5383,0.4987,0.8186,0.5339,0.7157,-0.6896,0.8558,-1.133,0.005,0.3944,0.5049,0.4585,0.0403,0.776,1.8233,-0.1424,0.1064,0.3784,0.5749,GOOG
2023-03-24,55.9098,60.919,55.2984,60.3076,84811900,0.0764,1.1347,0.3121,0.127,0.5326,0.362,0.4987,0.4739,-0.6907,-0.5325,0.4033,0.6494,0.2227,0.1869,-0.0575,0.4087,0.5696,-1.3318,0.0962,-1.8097,-1.0852,MU
2023-03-24,153.1469,160.1292,152.2383,158.2627,350100100,0.0333,0.679,0.4128,0.6121,0.6202,0.5458,0.8743,0.6905,-0.3921,0.4496,0.8361,1.1557,0.5851,-0.9059,-0.8372,0.9277,-0.0026,1.0677,0.0484,0.9851,-0.627,AAPL
2023-03-24,631.3272,658.327,620.4845,632.5289,4753800,0.0216,0.3891,-0.0937,-0.187,0.1045,0.111,0.0214,0.8694,-1.1561,0.4725,0.1614,0.3289,0.1867,0.0084,-0.3615,0.2451,-0.2439,0.288,0.1486,0.3057,0.0804,ASML
2023-03-24,96.3,102.43,92.9,97.95,436911800,0.0011,1.5782,1.5863,1.9423,1.8188,1.8661,2.2546,2.9907,0.1763,0.7066,1.3337,0.9647,2.015,0.9591,0.6122,1.3587,1.3086,1.1154,0.4099,0.1213,0.9251,AMD
2023-03-24,100.3731,106.7793,100.105,105.3391,148115600,0.0345,1.3736,0.9096,0.7152,0.9984,0.769,1.0249,2.0757,-0.6799,0.8531,0.2938,0.9206,1.4211,0.4528,-0.1052,1.11,0.1585,0.3429,0.4124,0.3651,0.5886,GOOG
2023-03-24,271.6975,275.6997,264.3798,275.219,177681500,0.0041,0.9197,0.6859,0.8011,0.8131,0.7389,1.0192,2.0473,-0.5706,0.3584,0.4416,1.1786,0.8808,-0.1226,-0.5091,1.4084,0.5752,0.446,0.2088,-0.0283,-0.2452,MSFT
2023-03-24,25.5952,27.5676,25.1105,26.7583,2797259000,0.0402,1.3762,1.6371,2.301,1.9815,2.2712,2.2626,1.984,-0.8047,0.3868,1.4385,1.1232,1.0962,0.1628,0.3633,1.1645,0.5826,1.6165,0.1984,-0.3636,-0.1816,NVDA
