momentum_2w,momentum_4w,momentum_6w,positive_weeks_pct,price_dispersion,volume_sentiment,volume_surge,vol_regime,drawdown,market_fear,credit_sentiment,news_sentiment,date,ticker
0.5329907912989452,-0.24181879502863546,1.3463384062319532,-0.26923362717404914,-0.6538397836846594,1.5680621912801664,0.6185406131706893,0.24258759229895785,1.0013983112206621,-0.15634974712451352,-1.0013983112206621,1.0159158595984192,2020-01-03,NVDA
0.5329907912989452,-0.24181879502863546,1.3463384062319532,-0.26923362717404914,-0.6538397836846594,1.5680621912801664,0.6185406131706893,0.24258759229895785,1.0013983112206621,-0.15634974712451352,-1.0013983112206621,1.0159158595984192,2020-01-10,NVDA
0.5329907912989452,-0.24181879502863546,1.3463384062319532,-0.26923362717404914,-1.2598916293808409,1.5680621912801664,0.6185406131706893,0.24258759229895785,1.0013983112206621,-0.15634974712451352,-1.0013983112206621,1.0159158595984192,2020-01-17,NVDA
0.1414912052688553,-0.24181879502863546,1.3463384062319532,-0.26923362717404914,-1.7611442842555658,1.5680621912801664,0.6185406131706893,0.24258759229895785,1.0013983112206621,-0.15634974712451352,-1.0013983112206621,1.0159158595984192,2020-01-24,NVDA
-0.8359715541022537,-0.24181879502863546,1.3463384062319532,-0.26923362717404914,0.23513840489640023,1.5680621912801664,0.6185406131706893,0.24258759229895785,0.6307579141328231,-0.15634974712451352,-0.6307579141328231,1.0159158595984192,2020-01-31,NVDA
-0.12313683217941103,0.003899284936025476,1.3463384062319532,-0.26923362717404914,-0.8610379333482852,1.5680621912801664,0.6185406131706893,0.24258759229895785,1.0013983112206621,-0.15634974712451352,-1.0013983112206621,1.0159158595984192,2020-02-07,NVDA
2.6943226057007044,1.159342154519485,1.3463384062319532,-0.26923362717404914,1.4308043600279396,1.5680621912801664,0.6185406131706893,0.24258759229895785,1.0013983112206621,-0.15634974712451352,-1.0013983112206621,1.0159158595984192,2020-02-14,NVDA
1.970479540851966,1.2595899396862507,1.1719731199494559,-0.26923362717404914,-1.0444252543344468,1.5680621912801664,0.6185406131706893,0.24258759229895785,1.0013983112206621,-0.15634974712451352,-1.0013983112206621,1.0159158595984192,2020-02-21,NVDA
-1.0389892456056322,0.9892571218199452,0.3007865002128862,-0.26923362717404914,-0.5892970527720642,1.5680621912801664,0.6185406131706893,0.24258759229895785,0.4657551697680601,-0.15634974712451352,-0.4657551697680601,1.0159158595984192,2020-02-28,NVDA
-1.3864227840016683,0.250312900282478,0.145661749639268,-0.26923362717404914,0.4586841634818061,1.5680621912801664,0.6185406131706893,0.24258759229895785,0.375147942051486,-0.15634974712451352,-0.375147942051486,1.0159158595984192,2020-03-06,NVDA
-1.5577554351037615,-1.7209679411759409,-0.17121491661608038,-0.26923362717404914,1.0353698796296784,1.5680621912801664,0.6185406131706893,0.24258759229895785,-0.19142811074194302,-0.15634974712451352,0.19142811074194302,1.0159158595984192,2020-03-13,NVDA
-3.0652915316179485,-2.8655145485249167,-1.6354100662776911,-0.26923362717404914,-0.49287903898396024,1.5680621912801664,0.6185406131706893,0.24258759229895785,-0.9803630629333344,-0.15634974712451352,0.9803630629333344,1.0159158595984192,2020-03-20,NVDA
0.4490865939215785,-0.8139230079956093,-1.2394569089234273,0.2840063913536956,2.556635218003974,1.5680621912801664,0.6185406131706893,0.24258759229895785,0.0758969165697316,-0.15634974712451352,-0.0758969165697316,1.0159158595984192,2020-03-27,NVDA
2.1821405047763625,-0.9790972833404611,-1.5506302777221321,-0.26923362717404914,0.07259509649628064,1.5680621912801664,0.6185406131706893,0.24258759229895785,-0.12240405620781945,-0.15634974712451352,0.12240405620781945,1.0159158595984192,2020-04-03,NVDA
0.3353650181718051,0.5439460053303381,-0.5036195379378815,-0.26923362717404914,-0.6293119095905735,1.5680621912801664,0.6185406131706893,0.24258759229895785,0.3056736192800853,-0.15634974712451352,-0.3056736192800853,1.0159158595984192,2020-04-10,NVDA
2.3477632971593048,3.4070549676315145,0.40813037669888086,-0.26923362717404914,1.4300904615041787,1.5680621912801664,0.6185406131706893,0.24258759229895785,0.9660053337169008,-0.15634974712451352,-0.9660053337169008,1.0159158595984192,2020-04-17,NVDA
1.1105205977672372,1.0143318494384967,1.1631589673582634,-0.26923362717404914,-1.460590335672443,1.5680621912801664,0.6185406131706893,0.24258759229895785,0.9046263689476374,-0.15634974712451352,-0.9046263689476374,1.0159158595984192,2020-04-24,NVDA
-0.5951357560331337,1.1319609311274292,2.4160469709289774,-0.8224736457017935,1.1351011417530084,1.5680621912801664,0.6185406131706893,0.24258759229895785,0.7515166582024371,-0.15634974712451352,-0.7515166582024371,1.0159158595984192,2020-05-01,NVDA
0.8278291416985484,1.385043723027338,1.4114571273029268,-0.8224736457017935,-1.0131677270375266,1.5680621912801664,0.6185406131706893,0.24258759229895785,1.0013983112206621,-0.15634974712451352,-1.0013983112206621,1.0159158595984192,2020-05-08,NVDA
2.3804263117167177,1.1535581552604042,2.547573497194805,-0.8224736457017935,1.177143669584933,1.5680621912801664,0.6185406131706893,0.24258759229895785,1.0013983112206621,-0.15634974712451352,-1.0013983112206621,1.0159158595984192,2020-05-15,NVDA
1.7987512961783862,1.8926792778053425,2.4064927976359827,-0.26923362717404914,-0.17957385333525405,1.2761732681330573,1.160444258002814,0.24258759229895785,1.0013983112206621,-0.15634974712451352,-1.0013983112206621,2.604206200239757,2020-05-22,NVDA
0.3974557340528276,1.968411281577407,1.2511307436277066,-0.26923362717404914,-0.1700231491923673,-0.47057335562258773,0.6569177436487913,0.24258759229895785,0.8910428510866899,-0.15634974712451352,-0.8910428510866899,1.431260017601338,2020-05-29,NVDA
-0.32371289421858873,0.98329271051852,1.3834203922932922,0.2840063913536956,0.9770301059436098,-0.08667894422496021,-0.7348574945282474,0.24258759229895785,0.9265985700784866,-0.15634974712451352,-0.9265985700784866,-1.0448095672124738,2020-06-05,NVDA
-0.09194108786035447,0.20192071029537792,1.612576320733401,0.8372464098814396,0.36894324705979403,-0.12909724877081574,-0.2442202879947625,0.24258759229895785,0.9357524017063416,-0.15634974712451352,-0.9357524017063416,-0.18663507249188774,2020-06-12,NVDA
0.3075872245946399,-0.024410345908153833,1.043418757706916,0.8372464098814396,-1.286785468091953,0.27034750353305315,-0.8672935310929024,0.24258759229895785,1.0013983112206621,-0.15634974712451352,-1.0013983112206621,-0.2516923358157421,2020-06-19,NVDA
0.13762142959020282,0.02309655403529664,0.26199952177208174,0.8372464098814396,0.012799930967980003,-0.28172383050639294,-0.9440147716815422,0.24258759229895785,0.9255907990479855,-0.15634974712451352,-0.9255907990479855,-0.2813154458845281,2020-06-26,NVDA
0.30304357272356935,0.4203796725178155,0.16498327506933197,0.8372464098814396,-1.1059501909338445,0.23089588086755947,-1.6726030225036477,0.24258759229895785,1.0013983112206621,-0.15634974712451352,-1.0013983112206621,-1.021701941351996,2020-07-03,NVDA
1.6623413915735161,1.252052519748643,1.0088222750976106,0.8372464098814396,-0.7158699667292999,0.8611783198916482,-0.8749087472817331,0.24258759229895785,1.0013983112206621,-0.15634974712451352,-1.0013983112206621,-1.3125459118738294,2020-07-10,NVDA
0.6010350770111825,0.6285591260175674,0.7351295679190066,0.8372464098814396,-1.1459071674487582,-0.4582367403275205,-0.8418725683007579,0.24258759229895785,0.8262638864828815,-0.15634974712451352,-0.8262638864828815,-0.7259482588726643,2020-07-17,NVDA
-0.5255738083854893,0.7331753165641983,0.717762752413757,0.8372464098814396,4.822239339737071,-0.1565198493313543,-0.9893061581066489,0.24258759229895785,0.8218509536672348,-0.15634974712451352,-0.8218509536672348,-0.9580349413079944,2020-07-24,NVDA
0.33626742383949987,0.6526604134106048,0.7532046027292894,0.8372464098814396,2.3880086731613415,0.24060433724951621,-1.1868697723906958,0.24258759229895785,1.0013983112206621,-0.15634974712451352,-1.0013983112206621,-1.0878614201340762,2020-07-31,NVDA
1.0757628123475933,0.34313143357875686,1.3154562583532878,0.8372464098814396,0.296291244843045,0.40375071585979966,-1.083164907271565,0.24258759229895785,1.0013983112206621,-0.15634974712451352,-1.0013983112206621,-0.6828317323320001,2020-08-07,NVDA
0.9591809210700143,0.9073769972758641,1.1677595615121357,0.8372464098814396,0.2663628988811023,0.2838944807724366,-0.46264290995457463,0.24258759229895785,1.0013983112206621,-0.15634974712451352,-1.0013983112206621,-0.5838885898272419,2020-08-14,NVDA
1.5077318252620722,1.8699479110991732,1.2209180019167531,1.3904864284091845,1.335423070564641,2.2221384167550133,1.8747275172668119,0.24258759229895785,1.0013983112206621,-0.15634974712451352,-1.0013983112206621,3.1764729578905704,2020-08-21,NVDA
1.5643924998166698,1.8218950796998927,1.7925497945653126,1.3904864284091845,-0.4787077360180936,0.3352640234101097,-0.46220491037343003,0.24258759229895785,1.0013983112206621,-0.15634974712451352,-1.0013983112206621,-1.0161770574353164,2020-08-28,NVDA
-0.23701466582890396,0.8537390468545167,1.426322833379324,0.8372464098814396,-0.6216822717917456,-1.2606523117251036,2.2656772021010734,0.24258759229895785,0.7393197210635004,-0.15634974712451352,-0.7393197210635004,2.1102378097632406,2020-09-04,NVDA
-1.1283324713153786,0.19962132876773706,0.7546310679653944,0.2840063913536956,-0.6823261144402677,-0.8220870476099807,0.5556832050820705,0.24258759229895785,0.5090735471360411,-0.15634974712451352,-0.5090735471360411,0.17933757912576387,2020-09-11,NVDA
-0.6166331477633549,-0.5917566026593967,0.3346782142692993,0.8372464098814396,1.0862483941689967,-0.09883007613534803,1.6203172274880007,0.24258759229895785,0.5215162449262837,-0.15634974712451352,-0.5215162449262837,-0.5942834984627918,2020-09-18,NVDA
0.5628777552514102,-0.4339295038877382,0.516044323547315,0.8372464098814396,0.16643537945659664,0.9785485583409927,0.8353225700566109,0.24258759229895785,0.8656294060019005,-0.15634974712451352,-0.8656294060019005,-0.21675907651697426,2020-09-25,NVDA
0.7324324328341286,0.04813616939082653,-0.0917441462885806,0.8372464098814396,-0.16198350826532898,0.11319880953913494,0.4440007369497072,0.24258759229895785,0.9603913650210191,-0.15634974712451352,-0.9603913650210191,0.060984025516822166,2020-10-02,NVDA
0.699768082618265,0.8884691565318217,0.03152208503486656,1.3904864284091845,-1.0993845365864092,0.6548808734094932,-0.09092356050239184,0.24258759229895785,1.0013983112206621,-0.15634974712451352,-1.0013983112206621,-0.21137483866193668,2020-10-09,NVDA
0.5508435162268255,0.9032828953758005,0.3747254559446608,1.943726446936929,-1.1459513900163771,-0.11328692404920193,-0.9703737056482956,0.24258759229895785,1.0013983112206621,-0.15634974712451352,-1.0013983112206621,-1.2411382681773562,2020-10-16,NVDA
-0.33916800738493497,0.22932536302499135,0.5423577580790596,1.3904864284091845,-0.41287331347773787,-0.2829072814545243,-1.2171564596586955,0.24258759229895785,0.8955488686535408,-0.15634974712451352,-0.8955488686535408,-0.697938491722541,2020-10-23,NVDA
-1.3573777012929358,-0.6070794629526804,-0.10548874456407169,0.8372464098814396,-0.7021446454862728,-1.0353464732211128,-0.6721375763868399,0.24258759229895785,0.39021972152283,-0.15634974712451352,-0.39021972152283,0.2083736732980219,2020-10-30,NVDA
0.7309435190829952,0.2503673242632797,0.6438667007031751,0.8372464098814396,-0.36283683723287014,1.6960906624709917,-0.6569126630328074,0.24258759229895785,1.0013983112206621,-0.15634974712451352,-1.0013983112206621,-0.468192280394242,2020-11-06,NVDA
0.5955958096340488,-0.5793197059846626,-0.1806124176790809,0.2840063913536956,0.9985345754804154,-1.5225587219356125,0.05833124902515216,0.24258759229895785,0.42739031247477377,-0.15634974712451352,-0.42739031247477377,-0.07970500915065107,2020-11-13,NVDA
-1.4687248055800328,-0.5769137961862243,-0.6688665800411087,-0.26923362717404914,-0.032745458296110114,-0.3730937295932443,-0.2091282423509546,0.24258759229895785,0.3324406124937037,-0.15634974712451352,-0.3324406124937037,0.016943133850976077,2020-11-20,NVDA
-0.21380485028056206,0.24991844721554857,-0.6018017351802216,0.2840063913536956,-1.1433649052801387,-0.047297930829678515,-1.241014010518804,0.24258759229895785,0.4111663874097788,-0.15634974712451352,-0.4111663874097788,-0.7759321026691643,2020-11-27,NVDA
0.2821074975966669,-0.852643238384953,-0.3265527159343872,0.8372464098814396,0.9690118598252963,0.049010332715975755,-1.0240110637439066,0.24258759229895785,0.5477534582836343,-0.15634974712451352,-0.5477534582836343,0.6706164571234616,2020-12-04,NVDA
-0.4140057779543944,-0.4383092239377866,-0.030743667733167952,0.2840063913536956,-1.2221112538489192,-0.5163491610669679,-0.9312945367292407,0.24258759229895785,0.30037951135996577,-0.15634974712451352,-0.30037951135996577,0.14560947787422676,2020-12-11,NVDA
-0.44840992301748755,-0.12995225201984734,-0.954983735576564,0.2840063913536956,-0.44139143826573274,0.02619028272823986,-0.9586519203204992,0.24258759229895785,0.417824894258831,-0.15634974712451352,-0.417824894258831,-0.22266303278731742,2020-12-18,NVDA
-0.19864808491539257,-0.4281400029818025,-0.47559708040656357,-0.26923362717404914,-0.3844335702197841,-0.2634082118189825,-1.357439300018351,0.24258759229895785,0.29152769061858896,-0.15634974712451352,-0.29152769061858896,0.22611484676446036,2020-12-25,NVDA
-0.38776429162464743,-0.5781563359533455,-0.32763049189821425,-0.26923362717404914,-0.693325965029228,-0.12148147367399284,-1.2086956764406784,0.24258759229895785,0.31932977811458896,-0.15634974712451352,-0.31932977811458896,0.464939293482815,2021-01-01,NVDA
0.09777323426611423,-0.07885286444036939,-0.300874931660304,-0.26923362717404914,-0.8765649138208725,0.13647568650930278,0.18351198768644203,0.24258759229895785,0.41998044478115126,-0.15634974712451352,-0.41998044478115126,-0.030180585478647638,2021-01-08,NVDA
-0.37025625638833126,-0.5256101340309255,-0.6870202501785456,-0.26923362717404914,0.51750563748646,-0.5292131114883247,-0.42385927807445706,0.24258759229895785,0.2305923695301053,-0.15634974712451352,-0.2305923695301053,0.11053869504866277,2021-01-15,NVDA
0.23836206545073496,0.22635819741917526,0.07992879843041967,0.2840063913536956,-0.4952458357177816,0.44004776777499016,-0.8847812949497093,0.24258759229895785,0.6177645759631761,-0.15634974712451352,-0.6177645759631761,-0.6540090165785915,2021-01-22,NVDA
-0.050589133870983356,-0.298595336010107,-0.46648509712371555,-0.26923362717404914,-0.03455712607952834,-0.7369035023747357,-0.5670091537106327,0.24258759229895785,0.28971201042630834,-0.15634974712451352,-0.28971201042630834,-0.03316580917293196,2021-01-29,NVDA
-0.29239136801007126,-0.04907996980558908,0.02332768957030372,0.2840063913536956,0.43965863521490206,0.3109322648738091,-0.8211102743346705,0.24258759229895785,0.5626170339050224,-0.15634974712451352,-0.5626170339050224,-0.28401207476480456,2021-02-05,NVDA
1.7530852127889491,1.1674519719845682,0.7522593790744035,0.8372464098814396,0.7878112200366881,1.8636413520386832,0.7695776102580432,0.24258759229895785,1.0013983112206621,-0.15634974712451352,-1.0013983112206621,1.0730946519510418,2021-02-12,NVDA
1.071700148279783,0.5154766536148103,0.5937397243984252,0.2840063913536956,-0.4915615206437102,-0.17582692683859255,-0.752420702569465,0.24258759229895785,0.9860503978284246,-0.15634974712451352,-0.9860503978284246,-0.6649636528062493,2021-02-19,NVDA
-1.2406946890780162,0.23052858214115407,0.17285125514531022,-0.26923362717404914,-0.3642241798394128,-2.252784257274195,1.943926101791749,0.24258759229895785,0.4507676857269964,-0.15634974712451352,-0.4507676857269964,0.7643425208198487,2021-02-26,NVDA
-2.2824522015746784,-0.9784331665789553,-0.9762070748353014,-0.26923362717404914,0.8576113808686323,-2.1190999250431055,1.1163813636279487,0.24258759229895785,-0.1026238663151449,-0.15634974712451352,0.1026238663151449,-0.8486010892593868,2021-03-05,NVDA
-0.9725548258705519,-1.4772518774037726,-0.38407370063450536,-0.26923362717404914,-0.7979901748422173,0.48758849380843816,0.8191646635848432,0.24258759229895785,0.07356776356421599,-0.15634974712451352,-0.07356776356421599,-1.0347947759986902,2021-03-12,NVDA
0.21761175731783836,-1.4658118917164122,-0.7086635798530435,-0.26923362717404914,-0.8830064984310605,-0.15984255613928297,-0.3717265792315438,0.24258759229895785,0.06903970887151194,-0.15634974712451352,-0.06903970887151194,0.4357184810565057,2021-03-19,NVDA
-0.19615444386537953,-0.8077491944593922,-1.3427140452363104,-0.8224736457017935,1.6284828086351504,-0.15646865776687385,-0.17472858782266731,0.24258759229895785,0.06616812563714053,-0.10792610057863501,-0.06616812563714053,0.04993431731358494,2021-03-26,NVDA
0.7780158896252573,0.6913282153503776,-0.8533189949314514,-0.8224736457017935,-0.795914093277966,0.7326177799458164,-0.7028327585579506,0.47730176201563046,0.49582438515966887,0.1762684727052195,-0.49582438515966887,-0.7761997642199658,2021-04-02,NVDA
1.36836338743245,0.7902315066023434,0.05524986559222803,-0.26923362717404914,-0.29042455859079047,0.3836073443714441,-0.5474767632001717,0.41862321958646215,0.7557159720138128,0.21324451919373166,-0.7557159720138128,-0.6859821573021687,2021-04-09,NVDA
1.7572235334387885,1.8228215222593858,1.709261691395073,-0.26923362717404914,0.8379241148717332,2.967961763946991,2.346048910992597,1.0054086438781444,1.0013983112206621,0.5210796681889273,-1.0013983112206621,4.359986602217102,2021-04-16,NVDA
0.5855663983258965,1.3895063112071973,1.053778769393831,-0.26923362717404914,-0.1916016291192921,-0.7607121795099775,-0.07018971938723033,0.7706944741614714,0.7326276609036514,0.5148338316996761,-0.7326276609036514,-0.2599964919895359,2021-04-23,NVDA
-0.9021784537112014,0.4996972348926716,0.915631218360674,-0.8224736457017935,-0.5225986469516951,-0.31442663145671007,-0.9002061705289267,0.7706944741614714,0.6264270941742729,0.5642434008295469,-0.6264270941742729,-0.8648348652517767,2021-04-30,NVDA
-0.557441200453872,-0.005914205140976229,0.8080143335486739,-1.3757136642295382,-1.182277256820441,-0.3300335259833623,-0.27279606489508385,0.24258759229895785,0.5445198043686588,0.2032677486451402,-0.5445198043686588,-0.15819746155862163,2021-05-07,NVDA
-0.8298486846460138,-1.1682711764286153,-0.08406865996668057,-1.3757136642295382,-0.8568993558093213,-0.6977051353545858,-0.20547857049849103,0.47730176201563046,0.3081374111710006,0.3381433515304851,-0.3081374111710006,0.1683722283043095,2021-05-14,NVDA
-0.02525517415741343,-0.41103354894331534,-0.012158165489765973,-0.8224736457017935,-0.5284812458186703,0.7555007596161084,0.32342689889945875,0.1839090498697895,0.6190561843924133,0.1490865449168117,-0.6190561843924133,-0.11577109290582681,2021-05-21,NVDA
1.6098491689393388,0.4610665305322925,-0.1595409786009924,-0.26923362717404914,-0.3478522806675456,1.9617209504799513,1.756432823121894,-0.050805119846883275,1.0013983112206621,-0.2016555062840097,-1.0013983112206621,1.099695897761658,2021-05-28,NVDA
2.0173710743936852,1.3702302530620962,0.792358124137932,-0.26923362717404914,-0.3526043078418606,1.628340229575366,1.095569071606028,0.12523050744062136,1.0013983112206621,0.050383949243285785,-1.0013983112206621,1.7046792496695113,2021-06-04,NVDA
1.0627610233993416,1.936492357328751,1.0571827386089099,0.2840063913536956,-0.38562580100996796,0.11464489166615671,0.5553846096092991,0.12523050744062136,1.0013983112206621,0.04456742653544732,-1.0013983112206621,1.0970515836861867,2021-06-11,NVDA
0.5917580418015254,1.8647336618754258,1.5726419523104742,0.8372464098814396,-0.08094722643613504,0.9319561269068168,1.506357504910472,0.0665519650114532,1.0013983112206621,0.0001387279466064714,-1.0013983112206621,2.9220918269964713,2021-06-18,NVDA
0.6817814723982115,1.2402507076462983,2.139817553254805,0.8372464098814396,-1.009567480733305,0.2489027254364863,0.6668996060792095,-0.050805119846883275,1.0013983112206621,-0.12431774977769641,-1.0013983112206621,0.8491363348894168,2021-06-25,NVDA
1.0831357007325648,1.1874846972006476,2.361247063672523,0.8372464098814396,0.7013442540600668,1.1849140529436977,0.37990000403934865,0.12523050744062136,1.0013983112206621,0.0053557718807892415,-1.0013983112206621,0.4214840120406871,2021-07-02,NVDA
0.5024206694054066,0.831339234745555,1.3973572903645894,0.2840063913536956,-0.5893059489228333,-0.4519534886138321,-0.2642215295555994,-0.22684074713438793,0.8605341767363696,-0.2638687838347575,-0.8605341767363696,-0.3665735990562845,2021-07-09,NVDA
-1.625295692032312,-0.47818630834791814,-0.06829416371436249,0.2840063913536956,0.5754267546004892,-1.955804219411952,0.7680415810301584,0.30126613472812586,0.2511944375075297,0.30472914341955065,-0.2511944375075297,-0.21704713019728997,2021-07-16,NVDA
-0.4921878981772469,-0.014068792514074868,0.39665958404309054,0.8372464098814396,-0.1946168190649277,1.2232021336432994,0.4900096154434755,0.35994467715729417,0.7017694100617107,0.3993283255225133,-0.7017694100617107,0.030824105772006512,2021-07-23,NVDA
0.7585828798762572,-0.6748382920457249,0.024706584493925512,0.8372464098814396,1.8348371777474246,-0.17656258508553568,-1.2416290369377025,0.30126613472812586,0.6827380818342468,0.3399531933296999,-0.6827380818342468,0.4260528295944562,2021-07-30,NVDA
0.346502751143746,-0.11802541971955602,0.19952104866166312,1.3904864284091845,-0.9846449778152125,0.3013222772686439,-1.0176337356465142,0.12523050744062136,0.9623726519249783,0.07654453967590646,-0.9623726519249783,-0.20779059292130173,2021-08-06,NVDA
0.27038521872151683,0.7163603397174502,-0.41787553513296266,0.8372464098814396,1.3998141567413822,-0.21592946979856548,-1.390551447741015,0.12523050744062136,0.9049617764230293,0.10403422222676643,-0.9049617764230293,-1.4340251836758513,2021-08-13,NVDA
0.10179550507547538,0.3047473229277458,-0.033302458597675756,0.8372464098814396,-0.20591589910249444,0.4354366814559052,0.6194398642634897,-0.28551928956355604,1.0013983112206621,-0.12002106291316189,-1.0013983112206621,0.26202554578625264,2021-08-20,NVDA
1.3645367127272592,1.1451773186892704,1.4836535200911847,0.8372464098814396,0.14594492918967422,1.179210980582145,-0.05740905792752313,-0.1681622047052196,1.0013983112206621,-0.09477914791685316,-1.0013983112206621,-0.189838071883562,2021-08-27,NVDA
1.0628779836104247,0.8052236565576042,0.9136413858541668,0.8372464098814396,-1.0379089919259021,-0.0487213879397146,-0.9487342055842324,-0.1681622047052196,1.0013983112206621,-0.09852358726222198,-1.0013983112206621,-1.023819073967915,2021-09-03,NVDA
-0.2662177251074688,0.7339225024651508,0.8029946077954006,0.2840063913536956,-1.228051332563267,-0.2808191872121256,-1.3598877720831581,-0.10948366227605143,0.8958163345049523,-0.06939148329386156,-0.8958163345049523,-1.369321416896249,2021-09-10,NVDA
-0.7052421094145751,0.19977439416246104,0.2385895241495278,-0.26923362717404914,-1.259401662544319,-0.41089225407991914,-1.0200177430094297,0.0665519650114532,0.7286193027796556,0.017963646294024246,-0.7286193027796556,-0.5248301046671592,2021-09-17,NVDA
-0.40446615461131624,-0.4669987586160123,0.37301103989239337,-0.26923362717404914,-1.7701561307360556,-0.051698880945180894,-0.7081100756475122,-0.6375905441385652,0.7809776982010708,-0.25110758363111696,-0.7809776982010708,0.08324689273137603,2021-09-24,NVDA
-0.8528811923910642,-1.05562867026667,-0.3361649356286722,-0.26923362717404914,0.5237101452831826,-0.8553936185810086,-0.726003002944155,-0.050805119846883275,0.3936525028662484,-0.04062149139368977,-0.3936525028662484,0.527580581096409,2021-10-01,NVDA
-0.9004211311579733,-0.8928334687825253,-0.891312978340454,0.2840063913536956,-1.1063707666756333,-0.0960865381872581,-0.5766341876782105,-1.0483403411427425,0.4193963434683986,-0.7240614234788537,-0.4193963434683986,0.3238006230438577,2021-10-08,NVDA
0.5080139387613558,-0.2701931146127207,-0.624426491234977,0.2840063913536956,0.3571443714924938,0.3226628120841329,-1.087080806393384,-1.224375968430247,0.7176278487703367,-0.9392875012855607,-0.7176278487703367,-0.052677326235612734,2021-10-15,NVDA
0.9788306852404464,-0.0008471565953435217,-0.23116497866073035,0.8372464098814396,-0.315776860580121,0.2267866947001323,-1.0516055663839141,-1.1656974260010788,0.9675543406444378,-0.8949342926125334,-0.9675543406444378,-0.35227042184988305,2021-10-22,NVDA
1.9784546854946696,1.7695807401723875,0.9083610035610391,0.8372464098814396,0.7711900070071372,1.7769819839016587,-0.010606023748474875,-0.5202334592802289,1.0013983112206621,-0.1539383321749455,-1.0013983112206621,-0.1606381021563863,2021-10-29,NVDA
3.7572184248302025,3.4723568805843104,2.2194561149376835,1.3904864284091845,1.9703748551266524,4.577677889942925,2.3098533486729096,1.1814442711656488,1.0013983112206621,0.768610516551936,-1.0013983112206621,7.588094556847772,2021-11-05,NVDA
2.2225550759077177,3.1401130573311455,3.077255922710492,1.3904864284091845,0.0808613687147539,0.40344499531218425,1.7142677217876054,1.240122813594817,1.0013983112206621,0.7806938111025211,-1.0013983112206621,5.699057064234399,2021-11-12,NVDA
1.2041499577367996,3.6739811702891667,3.9392338061618175,1.3904864284091845,0.037537971889107624,1.9059406454162573,1.397100096027331,1.1227657287364807,1.0013983112206621,0.7746666192689432,-1.0013983112206621,5.692661174864005,2021-11-19,NVDA
0.28679452073371847,1.765705397423585,2.901315009879129,0.8372464098814396,-0.19168637173752723,-1.0450324674772502,0.7264434930675747,1.7095511530281624,0.7045193337896798,1.0198510288792237,-0.7045193337896798,1.5451469168303011,2021-11-26,NVDA
-1.0629325541102568,0.021294294445951944,2.243719442939217,0.8372464098814396,-0.22756132282275848,-0.798373821717182,1.562283300919738,1.7095511530281624,0.543010208272261,1.056288924328939,-0.543010208272261,0.385738210510832,2021-12-03,NVDA
-0.7055620669407309,-0.30902226766494323,1.0091452502644764,0.8372464098814396,1.0511924115202687,-0.5699484186487216,1.6111415012241317,1.6508726105989944,0.44383755536492475,1.0107279238907705,-0.44383755536492475,-0.16328794039945216,2021-12-10,NVDA
-1.379385049282027,-1.6221004343045438,-0.7884618418537904,0.2840063913536956,-0.754274852663628,-2.565465204239921,2.1489092089125106,1.7095511530281624,-0.036397275809867076,1.453145369720924,0.036397275809867076,-3.0775256250201446,2021-12-17,NVDA
-0.4148630462001904,-0.7688086460937128,-0.49047848123782173,0.8372464098814396,0.2752506075067685,0.8598298895137313,-0.02663584570363249,1.6508726105989944,0.33204186342437386,1.183796091779046,-0.33204186342437386,-0.031148276595811236,2021-12-24,NVDA
0.5578669078190943,-0.6186364703096449,-1.100151635895437,0.2840063913536956,-1.6320198729882405,-0.2652814700248223,-0.0653198822764382,1.6508726105989944,0.2861630832992263,1.2042622292697474,-0.2861630832992263,-0.027210093671659552,2021-12-31,NVDA
-1.2076309615064382,-1.105641685936723,-1.2950345240997594,-0.26923362717404914,-0.08005134431203577,-1.591402387945834,0.6572086345573042,1.7095511530281624,-0.14739089117480342,1.5654042329177733,0.14739089117480342,-0.6977995096219504,2022-01-07,NVDA
-1.248543683460083,-0.524024545939243,-1.2019116356764343,-0.8224736457017935,-0.807055367841235,-0.3687929648234904,0.6630366518748466,1.7095511530281624,-0.20849764065320414,1.5602093514511766,0.20849764065320414,-0.26914538756543066,2022-01-14,NVDA
-1.9895924570407684,-2.0951009418214914,-1.9578893590826931,-1.3757136642295382,0.7114302182651628,-2.41248577730392,0.2713125409099599,1.7095511530281624,-0.9233385302104956,1.7210514929746097,0.9233385302104956,-0.5754229544126149,2022-01-21,NVDA
-2.118316531111022,-2.1996898953058,-1.6116212612628633,-1.9289536827572826,1.8153249001266907,-0.7599980205951219,1.893706034777085,0.7120159317323035,-1.0303248255196051,0.38394704363010307,1.0303248255196051,-3.6077327238734567,2022-01-28,NVDA
0.335253259491284,-1.1904121342462768,-1.6194458083330665,-1.9289536827572826,1.8918751108835101,1.0139830137400065,0.44734832862824575,1.0054086438781444,-0.7340101730874088,0.5967060054523324,0.7340101730874088,-0.47968087541186505,2022-02-04,NVDA
0.4387244137494857,-1.221998244853689,-1.664557817966741,-2.4821937012850275,1.8293755107547813,-0.41936318073277423,0.43335761314149873,0.12523050744062136,-0.8081388941965372,0.03411011904559683,0.8081388941965372,-0.4574109951842695,2022-02-11,NVDA
-0.5340521631234585,-0.15529786684203073,-1.2754777372560113,-2.4821937012850275,-0.8879981675816202,-0.45626566863321216,1.632875565340877,0.0665519650114532,-0.8696461076835744,0.003472414763895832,0.8696461076835744,0.07537127889124852,2022-02-18,NVDA
-0.06897085630404158,0.24678576478503592,-1.0646492463549413,-1.9289536827572826,-0.49020935103252145,0.21509737956479147,0.2532449540820261,0.24258759229895785,-0.7664665175731922,0.08750467296796476,0.7664665175731922,0.033391705747952555,2022-02-25,NVDA
-0.5577139952356702,-0.7486677046935961,-0.446849112641971,-1.9289536827572826,0.5958495615178643,-0.8420431845407172,-0.41157822469248145,0.30126613472812586,-1.010307750732289,0.13486026322331873,1.010307750732289,0.1076036845779129,2022-03-04,NVDA
-1.26187505719972,-0.9257041150075626,-0.5463897724428741,-1.9289536827572826,-0.03860947756061561,-0.6881926238284207,-0.21065208353788983,-0.050805119846883275,-1.177827664907058,-0.033145121697886144,1.177827664907058,0.03968990890886524,2022-03-11,NVDA
1.7730256531228386,0.7814374159965907,0.32911007374575557,-1.9289536827572826,1.4401691680722555,3.252871478004964,0.5452698549772935,1.6508726105989944,-0.3055634547082224,1.5507086260234482,0.3055634547082224,0.2510612672211401,2022-03-18,NVDA
3.042478558328378,1.0202720990658998,0.828543432550192,-1.3757136642295382,-0.31643537666058696,0.7562058081288159,1.170322769987054,1.7095511530281624,-0.05729031775947694,1.603135313227307,0.05729031775947694,0.8102744003226005,2022-03-25,NVDA
-0.05489095543913177,1.1778284595693194,0.6359056690762277,-1.3757136642295382,0.17921456271316083,-0.6845012007014164,-0.12772602814686673,1.5335155257406579,-0.25366508031176876,1.426916590217182,0.25366508031176876,-0.21025429876854348,2022-04-01,NVDA
-2.28239323103939,0.14622631400959865,-0.623408697981766,-1.3757136642295382,0.18371664346094554,-2.3437376485795482,0.23922756695466416,1.7095511530281624,-0.9736388771002117,1.9561093050516232,0.9736388771002117,-0.01806437757561189,2022-04-08,NVDA
-2.779518018593016,-1.9643944723638929,-0.8445556542093132,-1.3757136642295382,-0.6253924742361517,-1.306366071161268,-0.373005270124604,1.6508726105989944,-1.3465501196660767,1.5856259114193307,1.3465501196660767,0.3426989671836652,2022-04-15,NVDA
-2.1646190856853162,-2.825178889302846,-1.1637199376147611,-1.3757136642295382,-0.012533673139864065,-1.5578676339170647,0.5203177454027176,1.6508726105989944,-1.6958163744944956,1.726991916469699,1.6958163744944956,-0.8201913065950318,2022-04-22,NVDA
-1.8034842141982328,-2.9155603564847494,-2.4889635218597954,-1.9289536827572826,-0.48589372151026977,-1.0220189358079026,0.6497500448208686,1.5921940681698266,-1.8897872044366286,1.529085835383885,1.8897872044366286,-1.0550594100359396,2022-04-29,NVDA
-0.727673778012665,-1.9281570057780615,-2.6838328290705284,-1.3757136642295382,0.7516009512588598,-0.02273921573696255,0.9197105119002567,1.5921940681698266,-1.8641372166865369,1.5084279384642916,1.8641372166865369,-0.9123911850968037,2022-05-06,NVDA
-0.7569653739091401,-1.709407115905563,-2.767866433098003,-1.3757136642295382,0.021108081568025402,-1.2229144521986441,1.7558555058007885,1.5921940681698266,-2.0583078957802066,1.5022565622236812,2.0583078957802066,-1.4228418691556761,2022-05-13,NVDA
-1.5303341632009926,-1.5132718155540543,-2.3362596291343847,-1.9289536827572826,-1.0192028320048325,-1.156012517063438,0.7805571422335635,1.5335155257406579,-2.2610950595568258,1.4254484053284269,2.2610950595568258,-0.5400239214945481,2022-05-20,NVDA
0.6151253359081048,-0.13119961096910487,-1.15017782232585,-1.3757136642295382,-0.29722107094101863,2.5534557801913946,2.022529192254857,1.7095511530281624,-1.8368857557546812,1.9764003663350518,1.8368857557546812,0.05886015321667062,2022-05-27,NVDA
1.3658177004658716,-0.23411909975221787,-0.6083422841433249,-1.3757136642295382,-0.26196961544762154,-0.21657937885556566,-0.5742749767900672,1.6508726105989944,-1.8551202679949508,1.8894581335911402,1.8551202679949508,-0.07619777620214627,2022-06-03,NVDA
-1.4206582626690467,-0.6131585051529973,-0.9280298637969849,-1.9289536827572826,-0.32145824418373375,-1.225281347241574,-1.4145118496214832,0.6533373893031351,-2.2042686041669075,0.48524331916434965,2.2042686041669075,0.20302941006072833,2022-06-10,NVDA
-2.109113155271645,-0.6777376188875058,-1.4006241573369085,-2.4821937012850275,0.6937470750090032,-1.1913833366121938,0.22686299029908122,0.41862321958646215,-2.423533368773059,0.21094854521753212,2.423533368773059,-0.11188804909274859,2022-06-17,NVDA
-0.06553510120912447,-1.033058755232221,-0.5487090878914193,-1.9289536827572826,-1.1894010292398374,0.6961433224281784,-1.6350060416258683,0.7706944741614714,-2.173803859846444,0.688852220957547,2.173803859846444,0.6304587524688631,2022-06-24,NVDA
-1.2677100449813958,-2.205042757918742,-1.2576626196369336,-1.9289536827572826,1.4133831580132428,-2.4649870064515818,-0.1095859638238225,0.8293730165906398,-2.6955100699347017,0.7855038755380944,2.6955100699347017,0.08186048537608498,2022-07-01,NVDA
-1.137239285065051,-0.8376013429416993,-1.4616929464058745,-1.3757136642295382,0.2204133851374926,0.9996417548902339,-1.0023556713309023,1.240122813594817,-2.4319515357155947,1.1007727173572108,2.4319515357155947,0.2550293802258451,2022-07-08,NVDA
0.9067924621393237,-0.31976657022378346,-1.4614519750692199,-1.3757136642295382,0.538850068156954,-0.21362636597460063,-0.7259001255584201,1.0640871863073125,-2.4471833335966546,0.9441364648221533,2.4471833335966546,-0.04245475150031015,2022-07-15,NVDA
1.0111611514249754,-0.15700600979376278,-0.16346759886653273,-0.8224736457017935,1.7516441126029645,1.7063446530452135,1.1364571295508603,1.5335155257406579,-2.1351223291461063,1.1989619509592209,2.1351223291461063,-0.011500901439960043,2022-07-22,NVDA
1.760147923710205,1.9264002800227893,0.735859202778825,-0.8224736457017935,-0.5980872432275378,0.5190813745744753,-0.6532093979399812,1.5335155257406579,-1.9659638050698438,1.223979132545929,1.9659638050698438,-0.8688200218896966,2022-07-29,NVDA
1.0482988232088415,1.4765436433178292,0.4809834619082427,-0.26923362717404914,-0.37271773545744086,0.4333985188900006,-0.9359586037525874,1.47483698331149,-1.8004132855991142,1.1312048502789842,1.8004132855991142,-0.9949821541814052,2022-08-05,NVDA
0.203222335804467,1.3722404049748704,1.7883703120520262,-0.26923362717404914,-0.49743020620818484,-0.4287064356478218,1.1491255807220797,1.2988013560239853,-1.8565329947558185,0.976583523416282,1.8565329947558185,0.9441392610169782,2022-08-12,NVDA
-0.9440299996954481,0.011265965268529202,0.6135190291533059,-0.8224736457017935,-0.7637478161369353,-0.7475732662043398,-0.8371504782886652,0.5946588468739668,-2.0288963794595123,0.5846387350203666,2.0288963794595123,-0.20145672570221462,2022-08-19,NVDA
-1.8464063857741981,-1.1670173975992217,-0.08136170193067632,-0.8224736457017935,-1.267080127942569,-1.6316050308319394,0.3652721879707246,0.8880515590198077,-2.347372082251073,0.7613664289466248,2.347372082251073,-0.244492462593382,2022-08-26,NVDA
-3.1773404380669796,-2.703646265938156,-1.8562284478199182,-0.8224736457017935,1.2480256387538413,-3.392654480466416,1.4915237697017196,1.5921940681698266,-2.8710813780880726,1.146690945498824,2.8710813780880726,-2.130745561008113,2022-09-02,NVDA
-1.6430274639320854,-2.2637783913091383,-1.8244523231957765,-0.26923362717404914,-0.675207467438831,0.5337766902797354,-0.9351841294010971,1.5921940681698266,-2.7219106405614006,1.123310493196217,2.7219106405614006,1.1103984563597593,2022-09-09,NVDA
-0.5948620863512895,-2.521168880380688,-2.5318725222740204,-0.8224736457017935,-1.0156734773801857,-1.5747703191705487,0.5273426925750008,1.47483698331149,-2.960286650275678,1.0043464883905482,2.960286650275678,-0.7609248161104724,2022-09-16,NVDA
-1.8355672423903755,-2.257221089723423,-2.7217239135766422,-0.8224736457017935,0.019212333687063557,-1.136240495452781,1.078629422799555,0.41862321958646215,-3.0970171609719306,0.4829965981923156,3.0970171609719306,-1.3682721096071575,2022-09-23,NVDA
-1.201315597796071,-1.2145656754868541,-2.64075081408788,-1.3757136642295382,-0.3925715335828068,-0.6299821899447116,0.13157858496969926,-0.050805119846883275,-3.1725995740894644,0.1383048358694933,3.1725995740894644,-0.12794335420074973,2022-09-30,NVDA
-0.6272188764707799,-1.6531910149602045,-2.18463379212876,-1.3757136642295382,0.7606412928643659,-0.23852077878802566,0.5279728541516678,-0.10948366227605143,-3.1852298873255127,0.10799422584224481,3.1852298873255127,-0.4893095057280866,2022-10-07,NVDA
-1.1362488801901882,-1.5549220416704133,-1.6016927757617654,-1.9289536827572826,0.6096855766816912,-1.5598836723819303,1.4917634271922804,-0.6962690865677335,-3.3554410651223727,-0.368131352226426,3.3554410651223727,-1.136882626865581,2022-10-14,NVDA
0.23167887308681187,-0.2898602148229778,-1.2843306369726453,-1.9289536827572826,1.8887736546562448,1.7877285502862328,0.6633925022769709,-0.1681622047052196,-3.1070408210504272,0.04842941144475233,3.1070408210504272,-0.0820004675701255,2022-10-21,NVDA
2.7773176344109993,0.9602413026768875,0.03953554411705419,-1.9289536827572826,1.7875689209119854,1.5249948717157227,-0.10535444332297798,0.5946588468739668,-2.8327786802142594,0.403302219836684,2.8327786802142594,-0.15936757548647415,2022-10-28,NVDA
1.5467354004809195,1.244071094595858,0.6430913693327347,-1.3757136642295382,1.7269943070462164,0.2126131513484692,-0.004816102689066567,0.7120159317323035,-2.7682224271815454,0.4383306018310004,2.7682224271815454,-0.09874927694495016,2022-11-04,NVDA
2.11516359067602,3.6987086027299076,2.2019793870220874,-0.8224736457017935,0.9828181586918077,2.2897139115214817,0.1328858280311103,1.7095511530281624,-2.332971457756962,1.0505742683094728,2.332971457756962,0.12543290747816582,2022-11-11,NVDA
0.947546617882791,1.7997164322223527,1.699266790414536,-0.8224736457017935,0.21063784502689714,-1.0733810062157902,0.3450713419838199,1.5335155257406579,-2.5170158722269016,0.9098519771861945,2.5170158722269016,0.24143253209773144,2022-11-18,NVDA
-0.22401820405512463,1.2775420413208496,2.960993791534942,-0.26923362717404914,-0.5535673845372843,0.3187771738188581,-2.4194070332720186,0.0665519650114532,-2.344398464703198,0.2309183198325656,2.344398464703198,-2.052588181733007,2022-11-25,NVDA
1.036311175251246,1.4199499789218526,2.2683128808521347,-0.26923362717404914,0.12446547023435178,0.2814848151901424,-1.3258129654011488,0.007873422582284881,-2.2220394816897215,0.19404829203549095,2.2220394816897215,-1.3685818082141388,2022-12-02,NVDA
0.39595647632976855,0.10653126636040934,1.358605324600591,0.2840063913536956,0.19295969361934343,-0.06015768257092494,-1.1104712538239263,-0.578912001709397,-2.1969729615774516,-0.10735179076538263,2.1969729615774516,-0.3153871311493052,2022-12-09,NVDA
-0.40970553259692455,0.40365870272618826,0.9335334657171166,0.2840063913536956,-1.0412139976733683,-0.526670026668506,-0.196959470701092,-0.6962690865677335,-2.283203659085231,-0.20505729275437093,2.283203659085231,-0.15939610972664967,2022-12-16,NVDA
-1.5240222404941006,-0.8222086182441513,-0.8100278670674824,0.2840063913536956,-0.6272010078697843,-1.1085765005878652,-1.2114462387201275,-0.28551928956355604,-2.5569344002617553,0.03912110401261993,2.5569344002617553,0.35342021072769547,2022-12-23,NVDA
-1.6833943140423264,-1.421717659112181,-0.6856612634336473,0.2840063913536956,-1.2684035058614884,-0.49693270316651816,-1.831677929523669,-0.1681622047052196,-2.6756513047722144,0.11444376668270648,2.6756513047722144,1.3375443044763167,2022-12-30,NVDA
-0.4701470183606823,-1.3517034705099562,-0.9416726300313645,0.8372464098814396,2.268399132166706,0.017226373908304747,-1.4548080960543002,-0.6375905441385652,-2.6265198074220453,-0.1291282898133459,2.6265198074220453,1.0758708515376576,2023-01-06,NVDA
1.8114469894989187,-0.0828110863448984,-0.30161811645296877,0.8372464098814396,0.885205999152198,1.7491924543139683,-0.4348292255271962,-0.28551928956355604,-2.2174276370931336,0.026038561616651853,2.2174276370931336,-0.1288249443767066,2023-01-13,NVDA
2.3742146398762958,1.2520168728395078,0.047565410184526785,0.8372464098814396,-0.06210406875943316,0.5480885563560322,-0.7859464354827219,-0.6375905441385652,-2.028923944859724,-0.14792372590116185,2.028923944859724,-0.9511764733778765,2023-01-20,NVDA
2.4321387391890834,3.1700794030792094,1.3564993583941336,0.8372464098814396,0.6969877537185584,2.2017119451221814,0.2867695270900493,0.0665519650114532,-1.5223721963908212,0.20204209138429893,1.5223721963908212,0.5553499390559654,2023-01-27,NVDA
2.1481884349212748,3.400627142534753,2.5123889911569424,0.8372464098814396,1.0877078976510453,0.45608679257833723,0.33460222806109957,-0.872304713855238,-1.3749777043403133,-0.25264519769416754,1.3749777043403133,0.7131490258634546,2023-02-03,NVDA
0.38318724241515706,1.9936063664538972,3.004170212769508,1.3904864284091845,0.3647941889724234,-0.010930736179369814,0.603264692933353,-0.9896617987135744,-1.3418892699135563,-0.4674675238763466,1.3418892699135563,0.7952308186409228,2023-02-10,NVDA
-0.005758591318628666,1.4764925267202973,2.8896803943546816,1.3904864284091845,-1.2172853208262688,-0.0575703070379689,0.08360321202235264,-1.0483403411427425,-1.3172235966627028,-0.48726650830501245,1.3172235966627028,-0.008300541174624624,2023-02-17,NVDA
1.0306362478076403,0.9933152820725931,2.442019371631469,1.3904864284091845,1.0612640692095128,1.3701667379478493,0.4555165855560513,-0.9309832562844061,-0.936607059032009,-0.375886358495135,0.936607059032009,0.2809113953607426,2023-02-24,NVDA
1.310048949990746,0.8957876677230968,2.1596993677374434,1.3904864284091845,-0.6331633994339505,0.2270761199735421,-0.325452432520754,-0.9896617987135744,-0.8154839247947061,-0.3989989600449905,0.8154839247947061,-0.3190952840502049,2023-03-03,NVDA
-0.35296897190905324,0.44231613297907085,0.6199905385920749,1.3904864284091845,-0.7990385517181989,-0.7862004137323799,0.319531468473498,-0.9309832562844061,-1.0001969916461784,-0.3574725317668748,1.0001969916461784,0.047367449552781965,2023-03-10,NVDA
0.8008508382422432,1.5116174647509186,1.286903318622426,1.943726446936929,1.4684203025117948,2.1610882438164163,1.183584842027409,-1.2830545108594154,-0.4466244132072315,-0.597350044685358,0.4466244132072315,1.1151288581825674,2023-03-17,NVDA
1.9352434618037886,1.0522135474454402,1.5791369795620025,2.496966465464673,-0.4970242002869623,0.6214993406197074,1.042294360679162,-1.2830545108594154,-0.2352245932754697,-0.8594473448423608,0.2352245932754697,0.7086545787258828,2023-03-24,NVDA
0.8361647569896777,1.1627690794552752,1.8663776886908263,2.496966465464673,-0.4585852940702645,0.33882617351226624,-0.7785755773587665,-1.2830545108594154,-0.035056142518994755,-0.8863595056739381,0.035056142518994755,-0.7527848769258532,2023-03-31,NVDA
-0.05688220743756375,1.2882061277820487,0.8634674682844261,1.943726446936929,0.04380866623590829,-0.46466539001240115,-1.1624292567113943,-1.2830545108594154,-0.18347744572740157,-0.9576427158062023,0.18347744572740157,-1.1657473197136616,2023-04-07,NVDA
-0.6467039684812959,0.09441213267384997,0.5644656963384486,1.3904864284091845,-0.30083956661299566,-0.2863983550618268,-0.7621453501519156,-1.224375968430247,-0.23943673956898295,-0.8565442398504457,0.23943673956898295,-0.22426701013952702,2023-04-14,NVDA
-0.14094532391947504,-0.14458358358827408,1.0062841869736376,1.3904864284091845,-0.7650534434967114,0.04450409751874309,-0.40819925835662957,-1.2830545108594154,-0.16703085597310735,-1.3597333854977784,0.16703085597310735,-0.09657253625964758,2023-04-21,NVDA
0.2920393317477446,-0.2638647341667171,0.2616643409968534,1.3904864284091845,-0.5903785901499315,0.14320048218307496,-0.9789518153601072,-1.2830545108594154,-0.040671827106638164,-1.344725746053525,0.040671827106638164,-0.06437300299439767,2023-04-28,NVDA
0.5534052117477848,0.2738254283624024,0.20564062410989128,1.3904864284091845,-0.33564155856153643,0.33678095577806977,-0.35263607173287936,-1.2830545108594154,0.14605849104646307,-1.3338363524772952,-0.14605849104646307,-0.18627690583310277,2023-05-05,NVDA
0.09164026245791025,0.2594995246299421,-0.16387889669392683,0.8372464098814396,0.8880615101467566,-0.2871159935923931,-1.2293024070123664,-1.1070188835719108,0.07786513659688143,-1.2607286697378717,-0.07786513659688143,-0.4538325014902629,2023-05-12,NVDA
0.9677173569273202,1.0752384089651197,0.8274789757810623,0.8372464098814396,0.5030841502016316,1.5864164362105722,0.4379809264106205,-1.0483403411427425,0.664330511691636,-1.1380679781678027,-0.664330511691636,0.22856813562049405,2023-05-19,NVDA
4.585934986089696,3.2569738555686865,3.006927395034033,0.8372464098814396,4.004523873833273,5.95585290870387,2.742237278507335,0.7706944741614714,1.0013983112206621,0.48849706949420263,-1.0013983112206621,5.466717201725967,2023-05-26,NVDA
3.104477209861365,2.976052200368021,2.9681248574067993,1.3904864284091845,0.3586768105361688,0.047067805343243195,1.2933780862850723,0.41862321958646215,1.0013983112206621,0.33197127814104693,-1.0013983112206621,2.5777987874167443,2023-06-02,NVDA
-0.2357985385204307,2.949403431373577,2.5830709975996413,0.8372464098814396,0.07068271010983135,-0.34683446603763723,-0.4284537994293963,0.1839090498697895,0.9084860260467176,0.24074508370743572,-0.9084860260467176,-1.0333930180513649,2023-06-09,NVDA
0.9114261385652039,2.92765298361449,3.2490060989601446,0.8372464098814396,0.6040464602195229,1.8068703135244644,1.0827744559290866,0.41862321958646215,1.0013983112206621,0.34660398794306413,-1.0013983112206621,2.1295785374898784,2023-06-16,NVDA
0.9499544391551432,0.47511188824361084,3.2549480619096856,0.2840063913536956,-0.2727219441916416,-0.2826754555981171,-1.0148922030785492,0.5946588468739668,0.9266420625081853,0.42169117716928045,-0.9266420625081853,-0.5933865786943688,2023-06-23,NVDA
-0.295891087276899,0.40429968806206046,2.261676659802663,0.8372464098814396,-0.3351892672629973,-0.112087397572077,0.3515705303293634,0.35994467715729417,0.9410355797067417,0.3330556713304975,-0.9410355797067417,0.07708804294106163,2023-06-30,NVDA
-0.09087073581001218,0.5829599798246873,0.35467301605520024,1.3904864284091845,-1.1696408253665895,-0.11065364597990059,-1.7863483864889325,0.30126613472812586,0.9721457119457696,0.3005588272992965,-0.9721457119457696,-1.1894498593341212,2023-07-07,NVDA
0.7737681403256632,0.31106719801598776,0.8271593870937447,1.3904864284091845,-0.3276814427265531,0.9972662644538234,0.2206227298291441,0.24258759229895785,1.0013983112206621,0.29814184082206857,-1.0013983112206621,0.015110519606364359,2023-07-14,NVDA
0.3615054869357808,0.1779415882284984,0.7293197312838069,0.8372464098814396,0.12030942070078364,-0.6685521047131284,1.1504270711790945,0.7120159317323035,0.8328228632549245,0.4414435175374953,-0.8328228632549245,0.30847563935887673,2023-07-21,NVDA
0.17918059597356217,0.6600991201884935,0.38096063190654006,0.8372464098814396,0.5313274494000865,0.5610646457731713,-0.6073480289019064,0.7706944741614714,1.0013983112206621,0.4530972486866665,-1.0013983112206621,-0.5447074930583286,2023-07-28,NVDA
-0.07294294869720488,0.1907162807815668,0.1149616563971848,0.8372464098814396,-0.2134095092470754,-0.6798484408028451,-0.7992186110754372,1.1814442711656488,0.7088245776844352,0.5950743134626925,-0.7088245776844352,-0.3747151192811373,2023-08-04,NVDA
-1.7852439840208547,-1.1383158140639345,-0.5607575497611637,0.2840063913536956,0.23399895552674008,-1.5414491305923381,0.17366389425726564,1.4161584408823216,0.1681956935258284,0.8564636189808719,-0.1681956935258284,-0.17372909506337264,2023-08-11,NVDA
-0.5731491406043819,-0.4534884329347666,-0.17510252551976196,0.2840063913536956,-0.36104373894927966,1.0685890651885763,1.1089263771387172,-0.9896617987135744,0.5136329849729144,-0.8182531490216008,-0.5136329849729144,-0.2424231196153124,2023-08-18,NVDA
1.4296502715529769,-0.3913714390566145,-0.2235803241511574,0.2840063913536956,-0.3128158755832934,1.6265621801899892,2.542020230948098,-0.872304713855238,0.8979383179784642,-0.6867603383554509,-0.8979383179784642,-0.34098991145170887,2023-08-25,NVDA
1.3526400257855318,0.4908086489172427,0.3790397401703832,0.8372464098814396,-0.22012712008039484,0.9299314109299203,0.8963783509328105,-0.8136261714260699,1.0013983112206621,-0.6438651816821582,-1.0013983112206621,0.5257285682847844,2023-09-01,NVDA
-0.30193980138772597,0.7506236732089571,-0.49453875591785196,0.2840063913536956,-0.1003588416118737,-0.8336748887939026,-0.8230960521484402,-0.9309832562844061,0.6018446661299598,-0.7120958275336717,-0.6018446661299598,-0.877723873339804,2023-09-08,NVDA
-1.388493458392722,-0.13355409250388597,-0.4381433754914558,0.2840063913536956,-0.8251759057288135,-0.641912574327059,-0.4146184748789341,-0.8136261714260699,0.3740734487166974,-0.6166192460215043,-0.3740734487166974,-0.12034660509837128,2023-09-15,NVDA
-1.286630496249636,-1.0881667978266374,-0.17629828242874904,-0.26923362717404914,-0.8307073483502974,-0.871836802461558,-0.3317542193242088,-0.4615549168510607,0.062114438577622784,-0.4672186761700835,-0.062114438577622784,0.21348554498940908,2023-09-22,NVDA
-0.29588270384618587,-1.153375999128782,-0.2772928780012953,-0.26923362717404914,-0.07584558434208735,0.45051730982215266,-0.48055959506170465,-0.4028763744218924,0.3194454199859052,-0.37391008283851096,-0.3194454199859052,0.34420515745790475,2023-09-29,NVDA
1.0910574585104467,-0.21880343688711043,-0.3514789481291359,-0.26923362717404914,-1.3891191019100089,0.5439910437921304,-0.45049397525092005,-0.5202334592802289,0.6277277235653432,-0.4477613837815326,-0.6277277235653432,-0.08536425739443235,2023-10-06,NVDA
0.39478657404877776,0.05439798035975988,-0.7687598847844855,-0.26923362717404914,-1.6277086487205161,-0.24047679960024046,-0.3506431343509182,-0.5202334592802289,0.5867229039792945,-0.47224177881538465,-0.5867229039792945,-0.17258572079440362,2023-10-13,NVDA
-1.396956027811859,-0.30173784875643195,-0.9805941019531057,-0.8224736457017935,-0.428051578702225,-1.80400580802577,0.6512827152935767,-0.22684074713438793,0.03173572212447408,-0.2759621788554134,-0.03173572212447408,-0.094255173237073,2023-10-20,NVDA
-1.569154931983448,-0.8551643921509474,-0.8757990392267959,-0.8224736457017935,0.3293460752434408,-0.4653396034763083,-0.16493880646918035,-0.22684074713438793,-0.08909694329125437,-0.30419925169975737,0.08909694329125437,0.03221389145877205,2023-10-27,NVDA
0.9336044568545764,-0.39907112151639557,0.28288434604264573,-0.26923362717404914,0.37089996123655,1.4759719315777153,-0.1976443115330473,-0.10948366227605143,0.5246036701283374,-0.10266034920594351,-0.5246036701283374,-0.04108359516362866,2023-11-03,NVDA
2.283867590713691,0.2951541669659684,0.49842079650048055,-0.26923362717404914,-1.15573734772152,0.8638574436550677,-0.40970491431064726,0.007873422582284881,0.9782388556745981,-0.005519065323255702,-0.9782388556745981,-0.2732542655854049,2023-11-10,NVDA
1.0351030513117565,1.408612319593021,0.25140014184130594,-0.26923362717404914,-1.5385510533525577,0.11213515071453573,-0.5290151573343479,-0.10948366227605143,1.0013983112206621,-0.08583745906117884,-1.0013983112206621,-0.8650411859551685,2023-11-17,NVDA
-0.32683336200955476,1.3085804386999047,0.059451667864806504,-0.8224736457017935,-1.1149461178570865,-0.5929286172630711,-0.2816404618665569,-0.10948366227605143,0.7973955417502095,-0.12205023095736513,-0.7973955417502095,-0.44687858453462165,2023-11-24,NVDA
-0.833844933799237,0.08528575084969747,0.635162317824432,-0.8224736457017935,-1.3211215565849506,-0.44134143062613246,-0.41564001579134296,-0.28551928956355604,0.6618860306469914,-0.2490690936383804,-0.6618860306469914,-0.18793942125547344,2023-12-01,NVDA
-0.2504151457203929,-0.40361979530599656,0.9495059805312951,-0.26923362717404914,-0.6568592832613303,0.05723714192647904,-0.6227988910908291,-0.5202334592802289,0.7617657865797249,-0.31149621507751174,-0.7617657865797249,0.006075079918509285,2023-12-08,NVDA
0.4002261805459042,-0.32636844800265274,0.3180608935467193,0.2840063913536956,0.789059446685419,0.28496618952390146,-0.15288124981235404,-0.9309832562844061,0.9472868004461145,-0.47364289991449493,-0.9472868004461145,-0.059331855297849616,2023-12-15,NVDA
0.17532841070428962,-0.06229176214604117,-0.2362880282957362,-0.26923362717404914,-0.015252889307140324,-0.16427145564437914,-0.797135627181478,-0.9896617987135744,0.9392448705820241,-0.49510279258018863,-0.9392448705820241,-0.18903309114772154,2023-12-22,NVDA
-0.01495489785974495,0.2588449828159928,-0.2777998704377695,-0.26923362717404914,-0.6792644985324239,-0.03979214751954484,-1.7287154013567723,-0.9896617987135744,1.0013983112206621,-0.5630939696493376,-1.0013983112206621,-0.7858534831825202,2023-12-29,NVDA
-0.10993881684333721,0.03640272746116367,-0.10944503689274968,-0.26923362717404914,-0.6386680036586404,-0.2384735665708809,-1.0862447214017457,-0.9309832562844061,0.944690618347835,-0.5406666546254547,-0.944690618347835,-0.3498192788729549,2024-01-05,NVDA
1.1544440490192058,0.7810324480227989,0.9269520010250679,0.2840063913536956,0.43995905804179986,2.3036108842716936,1.7577908809854663,-0.9896617987135744,1.0013983112206621,-0.5993228586027394,-1.0013983112206621,1.0281060473170014,2024-01-12,NVDA
2.516217759234675,1.6451970427550346,1.526469877632836,0.8372464098814396,1.6078436593342795,1.1533880100343255,-0.21904124360865715,-0.9309832562844061,1.0013983112206621,-0.5348101080308196,-1.0013983112206621,-0.33689489020934016,2024-01-19,NVDA
1.2916484077951054,1.7676839005253948,1.4976848525113113,0.8372464098814396,1.0642100761621742,0.27601892671496125,0.30208724910264445,-1.2830545108594154,1.0013983112206621,-0.8829835294312386,-1.0013983112206621,0.2309922397653143,2024-01-26,NVDA
1.247904008655389,2.769795081285464,2.2741143892272815,0.8372464098814396,0.9772145873680814,1.1551557232243173,-0.011800518664957585,-1.0483403411427425,1.0013983112206621,-0.7974614690302957,-1.0013983112206621,-0.14092909627240083,2024-02-02,NVDA
1.247904008655389,2.769795081285464,2.2741143892272815,0.8372464098814396,0.9772145873680814,1.1551557232243173,-0.011800518664957585,-1.0483403411427425,1.0013983112206621,-0.7974614690302957,-1.0013983112206621,-0.14092909627240083,2020-01-03,MU
1.247904008655389,2.769795081285464,2.2741143892272815,0.8372464098814396,-0.6538397836846594,1.1551557232243173,-0.011800518664957585,-1.0483403411427425,1.0013983112206621,-0.7974614690302957,-1.0013983112206621,-0.14092909627240083,2020-01-10,MU
0.5513468508625994,2.769795081285464,2.2741143892272815,0.8372464098814396,-1.2598916293808409,1.1551557232243173,-0.011800518664957585,-1.0483403411427425,1.0013983112206621,-0.7974614690302957,-1.0013983112206621,-0.14092909627240083,2020-01-17,MU
0.06535800074161058,2.769795081285464,2.2741143892272815,0.8372464098814396,-1.7611442842555658,1.1551557232243173,-0.011800518664957585,-1.0483403411427425,1.0013983112206621,-0.7974614690302957,-1.0013983112206621,-0.14092909627240083,2020-01-24,MU
-1.1888132130087887,-0.4849365722560135,2.2741143892272815,0.8372464098814396,0.23513840489640023,1.1551557232243173,-0.011800518664957585,-1.0483403411427425,0.46715575131404463,-0.7974614690302957,-0.46715575131404463,-0.14092909627240083,2020-01-31,MU
-0.3735686931445583,-0.22283759702854983,2.2741143892272815,0.8372464098814396,-0.8610379333482852,1.1551557232243173,-0.011800518664957585,-1.0483403411427425,0.9007279050053254,-0.7974614690302957,-0.9007279050053254,-0.14092909627240083,2020-02-07,MU
1.118037096282406,-0.12829225151025891,0.21886739167886946,0.8372464098814396,1.4308043600279396,1.1551557232243173,-0.011800518664957585,-1.0483403411427425,1.0013983112206621,-0.7974614690302957,-1.0013983112206621,-0.14092909627240083,2020-02-14,MU
-0.1549396214748397,-0.3711213953992921,-0.270406864088149,0.8372464098814396,-1.0444252543344468,1.1551557232243173,-0.011800518664957585,-1.0483403411427425,0.8308413818113194,-0.7974614690302957,-0.8308413818113194,-0.14092909627240083,2020-02-21,MU
-1.4725319627056892,-0.34198148787050403,-0.9559448670393708,0.8372464098814396,-0.5892970527720642,1.1551557232243173,-0.011800518664957585,-1.0483403411427425,0.3304650411659832,-0.7974614690302957,-0.3304650411659832,-0.14092909627240083,2020-02-28,MU
-1.4129478478658204,-1.082932094952485,-1.1049301838389973,0.8372464098814396,0.4586841634818061,1.1551557232243173,-0.011800518664957585,-1.0483403411427425,0.20734691047162426,-0.7974614690302957,-0.20734691047162426,-0.14092909627240083,2020-03-06,MU
-2.4981002391507383,-2.5627119907896967,-1.6975627544856666,0.8372464098814396,1.0353698796296784,1.1551557232243173,-0.011800518664957585,-1.0483403411427425,-0.7504836917033022,-0.7974614690302957,0.7504836917033022,-0.14092909627240083,2020-03-13,MU
-3.9796516940289255,-3.4439845805414966,-2.9718811112850556,-0.8224736457017935,-0.49287903898396024,1.1551557232243173,-0.011800518664957585,-1.0483403411427425,-1.5275898896321731,-0.7974614690302957,1.5275898896321731,-0.14092909627240083,2020-03-20,MU
-0.034424934331799786,-1.7587145125942978,-2.1821152400681565,-0.26923362717404914,2.556635218003974,1.1551557232243173,-0.011800518664957585,-1.0483403411427425,-0.695137102243523,-0.7974614690302957,0.695137102243523,-0.14092909627240083,2020-03-27,MU
1.6224121637908884,-1.9884077263401103,-2.327556081740776,-0.8224736457017935,0.07259509649628064,1.1551557232243173,-0.011800518664957585,-1.0483403411427425,-0.9504076856922492,-0.7974614690302957,0.9504076856922492,-0.14092909627240083,2020-04-03,MU
0.5965263554509871,0.38063537245153634,-1.2028292208881033,-0.8224736457017935,-0.6293119095905735,1.1551557232243173,-0.011800518664957585,-1.0483403411427425,-0.39581525977924137,-0.7974614690302957,0.39581525977924137,-0.14092909627240083,2020-04-10,MU
1.204405101263404,2.0564344844241345,-1.1282809246068632,-1.3757136642295382,1.4300904615041787,1.1551557232243173,-0.011800518664957585,-1.0483403411427425,-0.4443841212555669,-0.7974614690302957,0.4443841212555669,-0.14092909627240083,2020-04-17,MU
-0.7233671632326519,-0.11897121942981914,-0.11326773755093214,-1.3757136642295382,-1.460590335672443,1.1551557232243173,-0.011800518664957585,-1.0483403411427425,-0.6183307975181689,-0.7974614690302957,0.6183307975181689,-0.14092909627240083,2020-04-24,MU
-0.35789249365906384,0.555742163165149,1.4941909378045435,-1.3757136642295382,1.1351011417530084,1.1551557232243173,-0.011800518664957585,-1.0483403411427425,-0.5166728235201506,-0.7974614690302957,0.5166728235201506,-0.14092909627240083,2020-05-01,MU
0.9998095740173935,0.14490919341390052,0.4877138449974364,-1.3757136642295382,-1.0131677270375266,1.1551557232243173,-0.011800518664957585,-1.0483403411427425,-0.15635760923550973,-0.7974614690302957,0.15635760923550973,-0.14092909627240083,2020-05-08,MU
-0.36325263737223007,-0.5007778403649195,0.2522760240016158,-1.3757136642295382,1.177143669584933,-1.3964347224944453,0.03690919631705321,-1.0483403411427425,-0.5900915885460759,-0.7974614690302957,0.5900915885460759,-0.07076918431666099,2020-05-15,MU
-1.0531125904777396,-0.10135345532037754,-0.4994868452486645,-0.8224736457017935,-0.17957385333525405,-0.03204512269106809,-1.290715423656206,-1.0483403411427425,-0.53022695519476,-0.7974614690302957,0.53022695519476,-0.23286744218585687,2020-05-22,MU
0.8239961680455609,0.29541376084723026,0.040772315679388035,-0.26923362717404914,-0.1700231491923673,0.9369281694120609,0.2103497907809543,-1.0483403411427425,-0.1947607615981866,-0.7974614690302957,0.1947607615981866,0.013357443251634259,2020-05-29,MU
2.3082476447146916,0.7316378051260286,1.2656599860107052,0.2840063913536956,0.9770301059436098,1.8613177842474793,0.24992477371745372,-1.0483403411427425,0.4614878725897748,-0.7974614690302957,-0.4614878725897748,0.1061347110753594,2020-06-05,MU
0.027744647495767615,0.5837309758518525,0.2753660957007117,0.2840063913536956,0.36894324705979403,-1.332671090306361,-0.6845090591675004,-1.0483403411427425,-0.10665956785937455,-0.7974614690302957,0.10665956785937455,-0.5438940292658343,2020-06-12,MU
-0.8646068279648521,0.8856584441539205,0.07802151270631691,0.2840063913536956,-1.286785468091953,0.31677531333209297,-1.118280261647925,-1.0483403411427425,0.13505864963780673,-0.7974614690302957,-0.13505864963780673,-1.129659150069243,2020-06-19,MU
-0.23186920290212537,-0.14972408862940326,0.3577803224747115,0.2840063913536956,0.012799930967980003,-0.6193663192386999,-1.1752536042503685,-1.0483403411427425,-0.12924934588629075,-0.7974614690302957,0.12924934588629075,-0.1742966092121009,2020-06-26,MU
-0.4300832977716278,-0.8853538780597553,0.4812007745529254,0.2840063913536956,-1.1059501909338445,0.21644297193647574,-0.49783720143452126,-1.0483403411427425,0.022106228057096517,-0.7974614690302957,-0.022106228057096517,0.21844809188322986,2020-07-03,MU
0.40079441091033896,0.1042156540239886,0.11271824341171664,0.8372464098814396,-0.7158699667292999,0.026069813221235853,-1.1866708704125792,-1.0483403411427425,0.12037401377108935,-0.7974614690302957,-0.12037401377108935,-0.43794992010767936,2020-07-10,MU
-0.2715604306675546,-0.4879694469672196,-0.8879302231865047,0.8372464098814396,-1.1459071674487582,-0.3943666964914319,-1.1214740237722656,-1.0483403411427425,-0.018556166966731836,-0.7974614690302957,0.018556166966731836,0.16652067674705973,2020-07-17,MU
-0.35035326273663053,0.019538323105341367,-0.11253714926490901,0.8372464098814396,4.822239339737071,-0.009509257918851035,-0.5974225028599114,-1.0483403411427425,0.043566826184203246,-0.7974614690302957,-0.043566826184203246,-0.2289022765136427,2020-07-24,MU
-0.02769689265169078,-0.2149171765667298,-0.4219117072572195,0.8372464098814396,2.3880086731613415,-0.1409999930340986,-1.0492120438189079,-1.0483403411427425,0.04808531150650582,-0.7974614690302957,-0.04808531150650582,-0.10976541623950957,2020-07-31,MU
-0.5028713426123067,-0.5898512266509844,-0.2724807658523891,0.8372464098814396,0.296291244843045,-0.45353132478332175,-0.7553968933579571,-1.0483403411427425,-0.09988095701438836,-0.7974614690302957,0.09988095701438836,0.18108206937925142,2020-08-07,MU
-1.3140576924475462,-0.9359836567083097,-0.9300036902396853,0.2840063913536956,0.2663628988811023,-1.1557905703869598,0.012718430047402245,-1.0483403411427425,-0.4556803345613235,-0.7974614690302957,0.4556803345613235,-0.06103537415711816,2020-08-14,MU
-1.7703066883050125,-1.53577590218355,-1.4668798470121638,-0.26923362717404914,1.335423070564641,-1.013446975785449,-0.6753202792585953,-1.0483403411427425,-0.7877572227354038,-0.7974614690302957,0.7877572227354038,0.4732395788660954,2020-08-21,MU
-0.15442919595424184,-1.0148901412410143,-0.8682307529180245,-0.26923362717404914,-0.4787077360180936,0.6674826819922902,-1.245536935044431,-1.0483403411427425,-0.44551330115537635,-0.7974614690302957,0.44551330115537635,0.5174607156668174,2020-08-28,MU
0.9606831145058077,-0.6603758896088511,-0.8271529083139336,0.2840063913536956,-0.6216822717917456,0.08912482126262578,-0.5426398322725684,-1.0483403411427425,-0.3562816032244565,-0.7974614690302957,0.3562816032244565,0.0739318653653806,2020-09-04,MU
-0.06808599529747256,-0.16156201412567012,-0.8893217559933788,-0.26923362717404914,-0.6823261144402677,-0.23885912464330677,-1.3918542326436396,-1.0483403411427425,-0.40033286224001163,-0.7974614690302957,0.40033286224001163,-0.1548412140987048,2020-09-11,MU
0.987512448391413,1.3934447044058007,-0.014149653901168945,0.2840063913536956,1.0862483941689967,1.5656702857482465,0.43583589827484365,-1.0483403411427425,0.12489205766262594,-0.7974614690302957,-0.12489205766262594,0.35465207179984004,2020-09-18,MU
0.6630891148209023,0.40212037937623224,0.254039740068569,-0.26923362717404914,0.16643537945659664,-0.5529918118145538,-0.7948965781193551,-1.0483403411427425,-0.055830580860365416,-0.7974614690302957,0.055830580860365416,-0.42091035785042125,2020-09-25,MU
-1.2310918757236509,-0.24198435689776895,0.3527895052315294,-0.8224736457017935,-0.16198350826532898,-1.397437062605966,2.206062642229661,-1.0483403411427425,-0.34837557820272536,-0.7974614690302957,0.34837557820272536,-0.050938428075950795,2020-10-02,MU
0.014785968220368711,0.4625135023863743,0.35816495244237184,-0.26923362717404914,-1.0993845365864092,0.7032405644292469,-0.9656179908285264,-1.0483403411427425,0.028883956040550378,-0.7974614690302957,-0.028883956040550378,-0.5746339833807815,2020-10-09,MU
1.2046019466243014,-0.10585258667011217,0.49255550424607014,-0.26923362717404914,-1.1459513900163771,0.2859103930602562,-0.8057568682950365,-1.0483403411427425,0.22316116766891728,-0.7974614690302957,-0.22316116766891728,-0.15443171657120483,2020-10-16,MU
0.5759357213043973,0.40203317074399536,0.7570153354763807,-0.26923362717404914,-0.41287331347773787,0.1879164926159139,-0.4729220885092662,-1.0483403411427425,0.3632209697373142,-0.7974614690302957,-0.3632209697373142,-0.2711005269988803,2020-10-23,MU
-0.4929127957840616,0.45355382522895843,-0.36897894187276425,-0.26923362717404914,-0.7021446454862728,-0.6651450834368823,-1.373332468791007,-1.0483403411427425,0.07971250160879334,-0.7974614690302957,-0.07971250160879334,-0.6955839046088408,2020-10-30,MU
0.377009609718995,0.664309879295699,0.5809802155802568,0.2840063913536956,-0.36283683723287014,0.9697175974389667,-1.0756622280864763,-1.0483403411427425,0.6241392184081526,-0.7974614690302957,-0.6241392184081526,-0.7487642409606385,2020-11-06,MU
1.7403618128889544,0.8107452173712517,1.469527939897264,0.8372464098814396,0.9985345754804154,0.5275721596937256,-0.5650630361862753,-1.0483403411427425,0.9370147511162774,-0.7974614690302957,-0.9370147511162774,-0.5071960149793592,2020-11-13,MU
1.2609480519264538,1.1529949713367378,1.369273718521755,0.8372464098814396,-0.032745458296110114,0.8380824822644168,0.2681765397026573,-1.0483403411427425,1.0013983112206621,-0.7974614690302957,-1.0013983112206621,0.15503263312486185,2020-11-20,MU
1.205258151708633,2.1464887584953143,1.469949356706233,0.8372464098814396,-1.1433649052801387,0.365130854817148,-1.169170834897343,-1.0483403411427425,1.0013983112206621,-0.7974614690302957,-1.0013983112206621,-2.0687529727342104,2020-11-27,MU
2.2966716670399725,2.6135581632563585,2.5130478850651343,1.3904864284091845,0.9690118598252963,3.0750906924962647,1.7979157401763939,-1.0483403411427425,1.0013983112206621,-0.7974614690302957,-1.0013983112206621,3.561502887780416,2020-12-04,MU
1.0694253001248057,1.6380164342657229,2.6104679546630805,0.8372464098814396,-1.2221112538489192,-0.6975159021203622,-0.29858856639043807,-1.0483403411427425,0.7482280966794043,-0.7974614690302957,-0.7482280966794043,-0.5486137075386772,2020-12-11,MU
-0.5059817427617365,1.170967296037266,1.8413473635292261,1.3904864284091845,-0.44139143826573274,0.02348416352970141,-0.5944319803288751,-1.0483403411427425,0.8320174694740745,-0.7974614690302957,-0.8320174694740745,-0.7573701276614636,2020-12-18,MU
-0.1705363040758539,0.6053954762147706,1.279368255349458,1.3904864284091845,-0.3844335702197841,-0.23271972286164258,-1.8518957640818932,-1.0483403411427425,0.7527336891819703,-0.7974614690302957,-0.7527336891819703,-1.3844282384063695,2020-12-25,MU
0.48332046761967606,-0.036722839842501784,1.3235391710126203,1.3904864284091845,-0.693325965029228,0.49035675862664296,-1.1528578371171114,-1.0483403411427425,1.0013983112206621,-0.7974614690302957,-1.0013983112206621,-0.30152886699150344,2021-01-01,MU
1.0544802356191634,0.5951729774059187,1.184573530194541,1.3904864284091845,-0.8765649138208725,0.7370660938079724,2.47188115841076,-1.0483403411427425,1.0013983112206621,-0.7974614690302957,-1.0013983112206621,1.7482804386814665,2021-01-08,MU
0.7587867256964712,0.8727754334324727,0.42157752843940755,1.3904864284091845,0.51750563748646,0.4984470387003488,-0.04733528056963535,-1.0483403411427425,1.0013983112206621,-0.7974614690302957,-1.0013983112206621,-0.1664713140391295,2021-01-15,MU
0.6197895112438941,1.18772859117748,0.9021877162802029,1.943726446936929,-0.4952458357177816,0.11781867651418476,-0.2837424986424833,-1.0483403411427425,1.0013983112206621,-0.7974614690302957,-1.0013983112206621,-0.5706853647708797,2021-01-22,MU
-0.56606099496857,0.10264591770427678,0.382749483114558,1.3904864284091845,-0.03455712607952834,-0.9527887796626566,0.1796678291581664,-1.0483403411427425,0.6793671960252343,-0.7974614690302957,-0.6793671960252343,-0.011777843903558238,2021-01-29,MU
-0.36218335846801797,0.15862457463616111,0.7743622406462355,1.3904864284091845,0.43965863521490206,0.2875763656261563,-0.5807295592762385,-1.0483403411427425,0.906635867298739,-0.7974614690302957,-0.906635867298739,-0.3458632608404742,2021-02-05,MU
1.4050363527446694,0.5309634367518288,0.9317752983661745,1.3904864284091845,0.7878112200366881,0.8814679841677721,-0.5656069777315004,-1.0483403411427425,1.0013983112206621,-0.7974614690302957,-1.0013983112206621,-0.592141853257876,2021-02-12,MU
1.3685848667061482,0.6631013395594209,0.9626164457574985,1.3904864284091845,-0.4915615206437102,0.25210849321793743,-0.6412805552445929,-1.0483403411427425,1.0013983112206621,-0.7974614690302957,-1.0013983112206621,-0.7008100827521306,2021-02-19,MU
0.3297282896884521,1.2194476018057463,0.6641236938797012,1.3904864284091845,-0.3642241798394128,-0.02202440519885165,0.8781815229504754,-1.0483403411427425,1.0013983112206621,-0.7974614690302957,-1.0013983112206621,1.1975547664517416,2021-02-26,MU
-0.4637513565291665,0.585237116387388,0.27727946738755843,1.3904864284091845,0.8576113808686323,-0.8220782161385324,1.4541706037874198,-1.0483403411427425,0.8137003756842288,-0.7974614690302957,-0.8137003756842288,1.1166758571432849,2021-03-05,MU
-0.7026611904072292,-0.2788262584962942,0.5727287633448985,0.8372464098814396,-0.7979901748422173,-0.4146304719377435,0.8603353269662452,-1.0483403411427425,0.7299585670710403,-0.7974614690302957,-0.7299585670710403,-0.09011711818053855,2021-03-12,MU
0.04667260111856365,-0.298151722714107,0.5337871936685347,1.3904864284091845,-0.8830064984310605,0.5228171305864711,1.0803653775717665,-1.224375968430247,0.9277625332275359,-1.4163522286284902,-0.9277625332275359,-0.11554179035540484,2021-03-19,MU
-0.1476476647666546,-0.5917183703122909,-0.3132021394681836,0.8372464098814396,1.6284828086351504,-0.7393340777464891,1.0346486454610029,-1.2830545108594154,0.7458404396468233,-1.3875255855935786,-0.7458404396468233,-0.411576319060398,2021-03-26,MU
0.08774680725247648,0.08550585655533877,-0.1954066463693423,0.8372464098814396,-0.795914093277966,0.7108767611522306,0.3018426214664101,-1.1070188835719108,1.0013983112206621,-1.274052443079916,-1.0013983112206621,0.026139879186365015,2021-04-02,MU
0.8783278872427261,0.4916284811506699,-0.011465537314890308,0.8372464098814396,-0.29042455859079047,0.34133757533375614,0.038396467349346874,-1.1070188835719108,1.0013983112206621,-1.2593385604315066,-1.0013983112206621,-0.06385813192163083,2021-04-09,MU
-0.4207110094921893,-0.24066670626628847,-0.1698178886245992,0.2840063913536956,0.8379241148717332,-0.9105906869121695,0.03039426892287874,-0.8136261714260699,0.6796805411302133,-0.9618372568894558,-0.6796805411302133,-0.06943877414224837,2021-04-16,MU
-1.4182017086566303,-0.4489699307091303,-0.4559778196955261,0.2840063913536956,-0.1916016291192921,-1.0658847841385375,0.4818483363296713,-0.7549476289969016,0.3586575450696919,-0.8896016602800839,-0.3586575450696919,-0.15407818050000346,2021-04-23,MU
-0.824260034087128,-0.8522367630163165,-0.6689395393086268,0.2840063913536956,-0.5225986469516951,-0.14258730140403156,-0.2763043894763381,-0.8136261714260699,0.3614301378443476,-0.8890915452547389,-0.3614301378443476,0.10906481146560014,2021-04-30,MU
-0.186967070804807,-1.1062921560912125,-0.4779729364954893,-0.26923362717404914,-1.182277256820441,-0.16223296053988323,-0.5756179735866472,-1.2830545108594154,0.3551901782651088,-1.3685444162113667,-0.3551901782651088,0.42867419752208336,2021-05-07,MU
-1.1219846524122412,-1.3073034353270625,-1.313590132009418,-0.8224736457017935,-0.8568993558093213,-1.4618843738398184,0.5501310335341696,-1.224375968430247,-0.08023695425691448,-1.0589826021817674,0.08023695425691448,-0.5331652973455561,2021-05-14,MU
-0.958574286726718,-0.7923100788602869,-1.426158154789434,-0.8224736457017935,-0.5284812458186703,0.04219072981569933,-0.13920086305109883,-1.1656974260010788,-0.009512534850084188,-0.976308960694455,0.009512534850084188,0.0017257742701894663,2021-05-21,MU
0.529818384323851,-0.4502620413116628,-0.8354988467335238,-0.26923362717404914,-0.3478522806675456,0.4739668026529941,-0.25496071263515674,-0.6962690865677335,0.22761243250604424,-0.7500297453687435,-0.22761243250604424,-0.03459961168449117,2021-05-28,MU
0.29999913964364594,-0.47982149470718183,-0.5037822166782301,-0.26923362717404914,-0.3526043078418606,-0.18652476657765046,-1.9292605695613705,-0.6962690865677335,0.20126629780176117,-0.6941824305007216,-0.20126629780176117,0.22458702221865592,2021-06-04,MU
-0.9059988653666551,-0.2944070237461499,-0.8812162759388076,-0.8224736457017935,-0.38562580100996796,-0.996865056701033,0.14595835127765486,-0.5202334592802289,-0.10519841841013321,-0.5823215625772955,0.10519841841013321,-0.0725796989935872,2021-06-11,MU
-1.2148696399037529,-0.6616021263590857,-1.076702154953041,-0.8224736457017935,-0.08094722643613504,-0.7044978019743376,0.787290735804776,-0.4615549168510607,-0.2709096117837156,-0.5392873864234329,0.2709096117837156,-0.28355115969480993,2021-06-18,MU
0.25217125189727374,-0.4733580951010747,-0.09855740174117554,-0.8224736457017935,-1.009567480733305,0.8139634931314056,-0.2707630708781404,-0.1681622047052196,0.08131480800926322,-0.3307646985818494,-0.08131480800926322,-0.025584962137947056,2021-06-25,MU
0.3797607062246981,-0.6115160506256796,-0.34674928545903067,-1.3757136642295382,0.7013442540600668,-0.6501021278563758,2.3049932521534213,-0.4028763744218924,-0.03655561136597927,-0.44229712006992455,0.03655561136597927,-0.5976040193304504,2021-07-02,MU
-0.690279679967626,-0.3209104243774792,-0.7791193296820323,-1.3757136642295382,-0.5893059489228333,-0.40411680909126924,-0.758510569698726,-0.6962690865677335,-0.14679814893839188,-0.5225278335229052,0.14679814893839188,-0.035139043561575094,2021-07-09,MU
-1.0228802622003053,-0.4745232349961051,-1.072627823529119,-1.3757136642295382,0.5754267546004892,-0.737093900451717,-0.8612658449663618,-0.6962690865677335,-0.4054199233702617,-0.5188157634106326,0.4054199233702617,0.06386849975855305,2021-07-16,MU
-0.6323786276327296,-0.9012691924018379,-0.6237539538619111,-1.3757136642295382,-0.1946168190649277,0.02211033187421351,-0.4830655223208913,-0.5202334592802289,-0.340937631324355,-0.4547036731769831,0.340937631324355,0.15527444305877264,2021-07-23,MU
0.2567202089969219,-0.5530542085980513,-0.25189829549315546,-0.8224736457017935,1.8348371777474246,0.12514731234377768,-0.7747308513007101,-0.22684074713438793,-0.2272277269473593,-0.353861420156084,0.2272277269473593,0.09581523533780069,2021-07-30,MU
0.8365853222832265,0.1052620854977539,-0.3142107306199545,-0.26923362717404914,-0.9846449778152125,0.7905987542960622,0.2704448713644513,-0.6962690865677335,0.07923482148285045,-0.46598556181162926,-0.07923482148285045,-0.011081677006436053,2021-08-06,MU
-1.272718299657342,-0.7296745065773105,-1.1649822023313325,-0.8224736457017935,1.3998141567413822,-4.138819097688162,3.0215060776394567,1.240122813594817,-0.6890020780645079,0.8464563232290304,0.6890020780645079,-1.0743910371065164,2021-08-13,MU
-2.007325506642403,-0.9095381653271498,-1.0989437872103147,-1.3757136642295382,-0.20591589910249444,-0.2792313091014275,-0.4504224225244959,0.8880515590198077,-0.73684393595369,0.6638536773330591,0.73684393595369,0.21197670978012162,2021-08-20,MU
0.37345422332925154,-0.6567341560678027,-0.4096435259859504,-0.8224736457017935,0.14594492918967422,0.8194448965668358,0.5417337130860339,1.4161584408823216,-0.475447942910901,0.9243848039991536,0.475447942910901,-0.25168467010532325,2021-08-27,MU
0.4695422110118833,-1.1244089514027806,-0.5158947027748866,-0.8224736457017935,-1.0379089919259021,-0.17662526857701136,-0.9743246388257638,1.1227657287364807,-0.4886231780447271,0.76639801032776,0.4886231780447271,0.7223172297579596,2021-09-03,MU
-0.2656078731343503,0.06154224358007452,-0.6946981471522528,-0.8224736457017935,-1.228051332563267,-0.1927835083482481,-0.9860438375217478,1.0640871863073125,-0.5101172753933627,0.6950632681001859,0.5101172753933627,-0.3748900876794627,2021-09-10,MU
-0.09502808321859102,0.24931475723319893,-0.9956720713898195,-0.8224736457017935,-1.259401662544319,-0.006514886500853974,-0.4584373362352478,0.24258759229895785,-0.45464807764677173,0.3681265491026637,0.45464807764677173,-0.3116662349368222,2021-09-17,MU
-0.08427701580497773,-0.2492123029153276,0.009993223078208307,-0.8224736457017935,-1.7701561307360556,-0.19848233978344904,-0.16025317961216756,0.1839090498697895,-0.47198220194258145,0.3525724216427684,0.47198220194258145,-0.07051883946216779,2021-09-24,MU
-0.7298365607123688,-0.575927535792379,-0.222411254189513,-0.8224736457017935,0.5237101452831826,-0.9330544878040308,0.8047676775356396,0.35994467715729417,-0.677268417750968,0.41986427965204864,0.677268417750968,-0.3067054594734276,2021-10-01,MU
-0.8385193769434476,-0.6437393339881265,-0.6838943342134974,-0.8224736457017935,-1.1063707666756333,-0.3139268651901524,-0.39259078834782457,0.1839090498697895,-0.7376747382843285,0.30912924791953406,0.7376747382843285,0.09224844782662833,2021-10-08,MU
-0.773289814440199,-1.0194991748599735,-0.9072743925446736,-1.3757136642295382,0.3571443714924938,-0.6941545839213975,0.03492678438043388,0.24258759229895785,-0.907088502775278,0.35259470099557305,0.907088502775278,-0.07220347764980874,2021-10-15,MU
-0.6535393532517773,-1.0127062299695255,-0.8959349105670416,-1.9289536827572826,-0.315776860580121,-0.18082978420610943,-0.5963939635928713,0.1839090498697895,-0.9188931579389896,0.2984847954241748,0.9188931579389896,0.3619066000628489,2021-10-22,MU
0.08760135468448603,-0.4868153310699906,-0.8119614744260192,-1.9289536827572826,0.7711900070071372,0.1594645221308707,-0.4878651226019481,0.12523050744062136,-0.8084950820307044,0.05284170875493256,0.8084950820307044,0.04185200420597722,2021-10-29,MU
0.8408711163694196,0.09246448205133555,-0.41269401088859703,-1.3757136642295382,1.9703748551266524,0.42088672122103926,-1.0049282025235236,-1.2830545108594154,-0.5432637412423642,-1.1918911367528664,0.5432637412423642,-0.40965396307525825,2021-11-05,MU
1.3315316638974772,0.982058030159468,0.33603139999919535,-0.8224736457017935,0.0808613687147539,0.7917795085171716,0.03526492678284653,-1.224375968430247,-0.23914944232204188,-0.8550556259403836,0.23914944232204188,-0.06454785097953523,2021-11-12,MU
1.5859084983622231,1.7458378844877038,1.0298089684101654,-0.8224736457017935,0.037537971889107624,1.1402259330667885,0.4063072969547661,-1.1070188835719108,0.15869811080588922,-0.6000882580441274,-0.15869811080588922,0.5952794565736205,2021-11-19,MU
0.8285903045564765,1.5486424008776105,1.382802534682642,-0.26923362717404914,-0.19168637173752723,-0.06468587084051858,0.535025918909744,-1.1070188835719108,0.18577587182873853,-0.593358085338315,-0.18577587182873853,0.7271884820847455,2021-11-26,MU
-0.3958086278110997,0.783346027718146,1.211166579215475,-0.26923362717404914,-0.22756132282275848,-0.5836007865219431,1.0018236929340574,-0.9896617987135744,0.06079783825497961,-0.48086480573686885,-0.06079783825497961,0.7960063042133281,2021-12-03,MU
0.14404647324643008,0.672710687391012,1.4217896476782321,-0.26923362717404914,1.0511924115202687,0.4482365100860731,-0.6494493612949971,-0.578912001709397,0.33297312572464544,-0.3136435137055471,-0.33297312572464544,-0.6286075940576327,2021-12-10,MU
0.035732016951188036,-0.25823751187509497,0.6955540306471137,-0.26923362717404914,-0.754274852663628,-0.5439215946838201,-0.4684634837929641,0.007873422582284881,0.15661433066152805,-0.14492906998466903,-0.15661433066152805,-0.06802883559006483,2021-12-17,MU
1.1423405920652463,0.8926154732612068,1.3020072465027928,0.2840063913536956,0.2752506075067685,2.941484834243665,1.4285336861270854,1.1227657287364807,0.9495330505247864,0.7802111417036639,-0.9495330505247864,1.3344856795393338,2021-12-24,MU
1.3928770394579266,0.985036800288293,0.5851528364651717,0.2840063913536956,-1.6320198729882405,-0.35573934775743693,0.31737723397317197,1.1814442711656488,0.8682509923683339,0.7858106405776727,-0.8682509923683339,0.17144358129261691,2021-12-31,MU
-0.16193728305164795,0.6617576666890616,0.6605568205778862,0.8372464098814396,-0.08005134431203577,0.10027874635096194,0.6588724649030406,0.6533373893031351,0.9586084685475355,0.5122560597986631,-0.9586084685475355,0.3172079154232465,2022-01-07,MU
0.395949307770869,1.261656868565159,1.1026932484361127,1.3904864284091845,-0.807055367841235,0.3353534225256024,0.054431071135252036,0.5946588468739668,1.0013983112206621,0.43503376522775566,-1.0013983112206621,-0.04605506030382371,2022-01-14,MU
-1.8675129959476127,-1.3983865065644066,-0.6115720060667861,0.8372464098814396,0.7114302182651628,-2.6778203935318925,0.12609332117551791,1.7095511530281624,-0.04581303934670518,2.5358615540204332,0.04581303934670518,-0.13732597040692085,2022-01-21,MU
-2.545567935458242,-1.5520182115597687,-0.631536150156261,0.2840063913536956,1.8153249001266907,-0.7947717011500085,1.384396666479268,1.7095511530281624,-0.22634389301147304,2.495113210920001,0.22634389301147304,-1.0932339822788981,2022-01-28,MU
-0.2976888395446391,-1.478875646092964,-1.327247026994343,0.2840063913536956,1.8918751108835101,0.2145268134835895,-0.12347416088883174,1.5921940681698266,-0.0973942660024675,2.313661670947694,0.0973942660024675,0.04060004844503089,2022-02-04,MU
1.5055256666153887,-0.9345183856952509,-0.5766889465305474,0.2840063913536956,1.8293755107547813,1.8621839731499976,1.1164324548135351,1.7095511530281624,0.4855960989672857,2.525574099071335,-0.4855960989672857,-0.4982228495998287,2022-02-11,MU
1.3311695088840978,0.6872073101880284,-0.5930931981971828,0.2840063913536956,-0.8879981675816202,0.046880849154807294,0.4531670763440632,1.6508726105989944,0.5561799606495516,2.4681641432087265,-0.5561799606495516,0.15871958310614193,2022-02-18,MU
-0.13132912525790955,0.9340355766052589,-0.8548170343603185,0.2840063913536956,-0.49020935103252145,-0.25400871117631796,-0.6494476734959443,1.5921940681698266,0.5086723147354774,2.346993674233379,-0.5086723147354774,-0.5290546613049317,2022-02-25,MU
-1.426296201646365,-0.1757408282830283,-0.3133254917405844,-0.26923362717404914,0.5958495615178643,-1.8599006755861276,1.0707258284163006,1.7095511530281624,-0.047170899593934626,2.596064469562201,0.047170899593934626,-0.022027021626260867,2022-03-04,MU
-2.6217344955916757,-1.897717044790062,-0.9043487082962306,-0.26923362717404914,-0.03860947756061561,-2.235809214208884,1.086561915354973,1.7095511530281624,-0.6640950705706375,2.949375375238707,0.6640950705706375,-1.0453836257650124,2022-03-11,MU
-0.568216052995646,-1.3468992724953541,-0.46951615827125703,-0.26923362717404914,1.4401691680722555,1.7090098256094444,1.6314738084609317,1.5921940681698266,-0.21684204632431356,2.351536399329294,0.21684204632431356,-1.0549723365764925,2022-03-18,MU
0.7437288039239504,-1.4143087080964043,-1.2579466733309135,-0.26923362717404914,-0.31643537666058696,-0.44816015410129056,0.966909186397115,1.5921940681698266,-0.3057496129094681,2.260508953224006,0.3057496129094681,-0.6135241128440263,2022-03-25,MU
-0.6975116063182493,-0.8639640184950099,-1.484609113690778,-0.8224736457017935,0.17921456271316083,-0.8660898389843326,3.355712443896593,1.47483698331149,-0.43605762933961073,2.1481387753581997,0.43605762933961073,-1.337538913338411,2022-04-01,MU
-1.1352372720726864,-0.3245862421860688,-1.7558246227981855,-1.3757136642295382,0.18371664346094554,-0.9976533711392037,0.21916367433961062,1.4161584408823216,-0.7035555688698958,2.0098302869852387,0.7035555688698958,-0.07943977364129606,2022-04-08,MU
-1.1748251415769955,-1.261728594555656,-1.35079722249261,-1.3757136642295382,-0.6253924742361517,-0.45507826952004227,-1.074244859802344,1.0054086438781444,-0.8401575797585523,1.0288102913847343,0.8401575797585523,0.7997610726818732,2022-04-15,MU
-0.6614474000382066,-1.2129695268951892,-0.6432200125821591,-1.3757136642295382,-0.012533673139864065,-0.27947043568596575,-0.650500233290412,0.9467301014489761,-0.8890887034844139,0.9677038129886583,0.8890887034844139,0.4625421757128643,2022-04-22,MU
-0.5318179927428979,-1.1573255469385044,-1.3323809124858228,-1.9289536827572826,-0.48589372151026977,-0.38466131730935804,-0.5091458804276338,0.8880515590198077,-0.9720023172167364,0.8736288783693446,0.9720023172167364,0.31382748090157436,2022-04-29,MU
-0.007114091446291605,-0.47105483288440764,-1.0255302232339196,-1.9289536827572826,0.7516009512588598,0.20357947429088616,-1.0523167864112923,0.5359803044447988,-0.8252047126478892,0.14652689496103144,0.8252047126478892,0.11122709559677947,2022-05-06,MU
0.5169764688786526,-0.03293356508128365,-0.709552024493578,-1.9289536827572826,0.021108081568025402,0.19562737772410008,-0.016297205930425114,0.5946588468739668,-0.7185057901110198,0.17039006685514552,0.7185057901110198,-0.07771677938529356,2022-05-13,MU
-0.4420236722274039,-0.3190430901612137,-0.6387557059239122,-1.9289536827572826,-1.0192028320048325,-0.6960031754752636,-0.5989874734248322,0.5946588468739668,-0.9237485360927661,0.17161991926928852,0.9237485360927661,-0.037780030855172765,2022-05-20,MU
0.06831068880558996,0.39970470061258007,0.019850422488082317,-1.3757136642295382,-0.29722107094101863,0.5631844344763688,-1.012699763580525,0.5946588468739668,-0.6233603215015707,0.1678856961239316,0.6233603215015707,-0.6207226710775938,2022-05-27,MU
0.012642613473804947,-0.3058173165980625,-0.25591527908362977,-1.3757136642295382,-0.26196961544762154,-0.6341909923436956,-1.1010993385251902,-0.34419783199272425,-0.8530688939332014,-0.4456235187877444,0.8530688939332014,-0.02160007050387679,2022-06-03,MU
-2.0378771706753174,-1.3805831694165045,-0.9066520232002488,-1.9289536827572826,-0.32145824418373375,-1.48674314749641,-0.5951206027014178,-0.4028763744218924,-1.3505463429358737,-0.5424987128949688,1.3505463429358737,0.538132036751123,2022-06-10,MU
-2.763097063151824,-1.9162653930065803,-1.8235350555054453,-1.9289536827572826,0.6937470750090032,-1.9268197865124228,0.1537824518282743,0.1839090498697895,-1.817439392180559,-0.05316762964784871,1.817439392180559,-0.24660177130235225,2022-06-17,MU
-1.0295668345586062,-2.021491424972363,-1.6770729020482136,-1.3757136642295382,-1.1894010292398374,0.278439390561699,-1.353597830599118,0.7120159317323035,-1.6346240947561304,0.231503758151164,1.6346240947561304,2.0812239999776,2022-06-24,MU
-0.659221305626082,-2.282325119334834,-1.9240853518522791,-1.3757136642295382,1.4133831580132428,-1.721345601049996,0.7503717159015788,0.8293730165906398,-1.9601575950947328,0.3597188513420215,1.9601575950947328,-1.4137108462709767,2022-07-01,MU
-0.0018079037521055304,-0.7226947760925199,-1.709048859178024,-0.8224736457017935,0.2204133851374926,1.4353751631081482,-0.06600665510743324,1.0054086438781444,-1.5791817506826324,1.0385725698022816,1.5791817506826324,-0.026704504266813464,2022-07-08,MU
1.71933402342139,0.6660991162235164,-1.1750509483924372,-0.26923362717404914,0.538850068156954,0.3712822006931102,-0.5307666239210826,1.0054086438781444,-1.416436696643548,1.1003351985081966,1.416436696643548,-0.5502024696199057,2022-07-15,MU
0.28336392174773206,0.18724759376000794,-0.4523225509008627,-0.26923362717404914,1.7516441126029645,-0.19903515071032668,-0.5356473744914363,0.9467301014489761,-1.4327789098489505,1.0481034169996406,1.4327789098489505,-0.3069858508413686,2022-07-22,MU
-0.11127005208666292,1.0964869126802796,0.5027457860315435,-0.26923362717404914,-0.5980872432275378,-0.0537611241757215,-0.9900343235309984,0.8880515590198077,-1.3939653266518892,0.9506313580012244,1.3939653266518892,-1.405495603906384,2022-07-29,MU
0.06351627710867011,0.2335212418307311,0.2048581433363391,-0.26923362717404914,-0.37271773545744086,-0.04738811342661649,-0.9174891273895033,0.8293730165906398,-1.3531088675840452,0.8791939516370326,1.3531088675840452,-0.5328607570143721,2022-08-05,MU
0.47503436968707863,0.24142126387939739,1.2524729459912411,0.2840063913536956,-0.49743020620818484,0.5173408832638644,0.12206105939720778,0.8880515590198077,-1.1774247177401556,0.8982291940430167,1.1774247177401556,-0.022995125689179552,2022-08-12,MU
-0.5771126565540612,-0.3658595710096786,-0.14277509298601432,-0.26923362717404914,-0.7637478161369353,-0.8956283404832368,-1.3854651249966254,0.7120159317323035,-1.4858926241414923,0.8165697713513395,1.4858926241414923,0.03127530015861946,2022-08-19,MU
-1.6303228903359186,-0.8502579132308231,-0.7733278269282298,-0.26923362717404914,-1.267080127942569,-0.7173873611613485,-1.0478111239008476,0.7120159317323035,-1.682003945171488,0.8038562581023991,1.682003945171488,0.3431638853143056,2022-08-26,MU
-1.059207264035649,-1.1093056307742732,-0.9011387638733873,-0.26923362717404914,1.2480256387538413,-0.44176786070672586,-0.7325600117190634,0.35994467715729417,-1.7705268023257248,0.40399075157631203,1.7705268023257248,0.36130547628987203,2022-09-02,MU
-0.22154817023870013,-1.2721409554823357,-0.8321079860284076,0.2840063913536956,-0.675207467438831,0.08267060525741594,-1.027587521769438,0.0665519650114532,-1.6949422472154319,-0.16083311824089824,1.6949422472154319,0.6678454737368357,2022-09-09,MU
-0.9662416087682417,-1.3569095912163607,-1.4324825230289535,-0.26923362717404914,-1.0156734773801857,-1.5794737486441557,0.6467923256645023,0.24258759229895785,-2.0074948470105185,0.02749907055676388,2.0074948470105185,-0.5399245918295437,2022-09-16,MU
-1.8067562231815264,-1.3923391263678062,-1.9850627570924553,-0.26923362717404914,0.019212333687063557,-1.2741794489760234,1.5837717772936928,0.007873422582284881,-2.194754411498999,-0.17048880093339683,2.194754411498999,-1.3056456725988372,2022-09-23,MU
-0.8421555194710998,-1.2177157626244082,-1.564927848863079,-0.8224736457017935,-0.3925715335828068,-0.14912749084651172,1.6387182142024708,-0.872304713855238,-2.194754411498999,-0.9398692380517588,2.194754411498999,-1.1844580933297675,2022-09-30,MU
0.5630200702170499,-0.9245981128345484,-0.8941292658493964,-0.8224736457017935,0.7606412928643659,1.0116624534153564,1.0788929032538557,-0.8136261714260699,-1.99580724749749,-0.7834763674741392,1.99580724749749,-0.6001775944135921,2022-10-07,MU
0.5146251721667142,-0.2581822638405582,-0.7640632039640852,-0.8224736457017935,0.6096855766816912,-0.22391045471297147,1.2832444652460098,-0.7549476289969016,-2.008772801997681,-0.7774015588018401,2.008772801997681,-0.0723719734284914,2022-10-14,MU
0.5761321530910858,0.7991373060405351,-0.47284979651261294,-0.8224736457017935,1.8887736546562448,0.8452247409089947,0.05564779352908894,-0.4028763744218924,-1.781540498867262,-0.4666938323133512,1.781540498867262,-0.04962821557372087,2022-10-21,MU
0.13926320220321853,0.44920761843717794,-0.1317837455026395,-1.3757136642295382,1.7875689209119854,-0.7957938613221368,0.6231431160949964,-0.4028763744218924,-1.9186984069459871,-0.44667410558203763,1.9186984069459871,0.24880615738066345,2022-10-28,MU
-0.1545740773764934,0.2795384995360463,0.5869256864173127,-1.3757136642295382,1.7269943070462164,0.3884575270379832,-0.4473116154863586,-0.4615549168510607,-1.7740341669861441,-0.47877862751519606,1.7740341669861441,-0.2661779754701511,2022-11-04,MU
1.8186270434596192,1.3628361220688925,1.5137435745744947,-0.8224736457017935,0.9828181586918077,1.6054871502364154,-0.008415399849812936,0.24258759229895785,-1.3400406533457547,-0.0004064333440856047,1.3400406533457547,-0.11578654072294853,2022-11-11,MU
0.36915043652410806,0.13778462556395513,0.46919171912972696,-0.8224736457017935,0.21063784502689714,-1.0606276557462189,-0.3002907123506545,0.30126613472812586,-1.6088975114710842,0.06538306657291065,1.6088975114710842,-0.15764049928288373,2022-11-18,MU
-1.0166693522897265,0.4487490611000991,0.47476880330680815,-0.8224736457017935,-0.5535673845372843,-0.16672056503880023,-2.1910668933488213,0.1839090498697895,-1.6204985910501997,0.008503461084346867,1.6204985910501997,-1.21515663396699,2022-11-25,MU
-1.0273236747307724,-0.48446331052155356,-0.48962045650189046,-1.3757136642295382,0.12446547023435178,-1.3099948538812527,0.617937095188039,0.30126613472812586,-1.8750256843412154,0.16764974135164223,1.8750256843412154,-0.1792924035468407,2022-12-02,MU
-0.9513090886373868,-1.3200946086464993,-0.1996489621860004,-0.8224736457017935,0.19295969361934343,-0.10552754027160866,-0.6686219944656909,-0.10948366227605143,-1.86206118818884,-0.16970986091338383,1.86206118818884,0.5509301240744159,2022-12-09,MU
-0.7873793286042449,-1.2223461227967953,-0.8421327295926723,-0.8224736457017935,-1.0412139976733683,-0.9048470558682591,-0.16244578490469272,-0.1681622047052196,-2.0531276297695134,-0.19114929813715462,2.0531276297695134,0.08429080200176205,2022-12-16,MU
-1.263337045744937,-1.478478661880823,-1.7472044530081703,-0.8224736457017935,-0.6272010078697843,-0.879199729366882,1.135275458626791,-0.050805119846883275,-2.1807318321181213,-0.12053155654030875,2.1807318321181213,-1.1304390196798169,2022-12-23,MU
-0.6628604839244328,-0.9851191357877631,-1.3669704890034915,-1.3757136642295382,-1.2684035058614884,-0.1699321355222416,-1.2480343823354965,-0.4028763744218924,-2.187983366762668,-0.298980731854102,2.187983366762668,0.7045719609590602,2022-12-30,MU
1.5197557081155961,0.06679150155562517,-0.4999895801444734,-0.8224736457017935,2.268399132166706,1.7652908374778227,-0.3232745143010713,0.5359803044447988,-1.7235927809276275,0.49469636415225215,1.7235927809276275,-0.16435401482445075,2023-01-06,MU
1.591136784770783,0.5789410273899294,0.0055017759121248466,-0.8224736457017935,0.885205999152198,-0.11503450049860421,-0.7831028913659248,0.47730176201563046,-1.7126502582766792,0.33557272413799955,1.7126502582766792,-0.6238410122271636,2023-01-13,MU
0.19950848543228347,1.200110796216816,0.18278974857749752,-0.26923362717404914,-0.06210406875943316,0.08529670832313382,-1.4555130903571885,0.41862321958646215,-1.6080084993061017,0.29012979888754226,1.6080084993061017,-1.8731010451340637,2023-01-20,MU
1.372733109045927,2.163788478902677,1.3598173881254485,-0.26923362717404914,0.6969877537185584,1.0385286720523865,-0.5829953210031161,0.6533373893031351,-1.2380011070664285,0.5424599963368005,1.2380011070664285,-1.3513913339439645,2023-01-27,MU
0.6808245073804322,0.6096138156758897,1.481096389606903,-0.8224736457017935,1.0877078976510453,-0.5270930936656443,0.22596380387465514,0.24258759229895785,-1.337855165106839,0.11155154465632282,1.337855165106839,0.07724610451203531,2023-02-03,MU
-0.9870129498644147,0.1867490811142713,1.122815018908798,-0.8224736457017935,0.3647941889724234,-0.5908520339406966,-1.0384464950817065,0.1839090498697895,-1.5149934848491644,0.01973165494819822,1.5149934848491644,-0.47675265118631155,2023-02-10,MU
-0.873282280949372,-0.1732060734650406,-0.02408046762117868,-0.8224736457017935,-1.2172853208262688,-0.3063146575492092,-0.843555834584509,0.24258759229895785,-1.5703927012491823,0.04877378735136162,1.5703927012491823,-0.1310547398560971,2023-02-17,MU
-0.5286705306757442,-1.0304883369249604,-0.1515807678020187,-0.8224736457017935,1.0612640692095128,-0.2979237681310905,-1.0451732840267078,-0.22684074713438793,-1.627159038439815,-0.14338868895544116,1.627159038439815,0.6540977646045426,2023-02-24,MU
-0.6607757723825672,-1.0402597240811904,-0.520914585456652,-1.3757136642295382,-0.6331633994339505,-0.45363537277427535,-0.637059768070519,-0.10948366227605143,-1.7229093528257973,-0.07453206437600077,1.7229093528257973,0.3726192847602208,2023-03-03,MU
-0.8908870454455614,-0.9665856482344152,-1.3313117848399545,-1.3757136642295382,-0.7990385517181989,-0.6052843092640714,-0.3350042610636078,-0.34419783199272425,-1.8494369508591326,-0.13026637118631082,1.8494369508591326,0.15266666728269288,2023-03-10,MU
-0.20647694617706303,-0.6017085058030491,-0.982779593253293,-0.8224736457017935,1.4684203025117948,0.46759487814403944,0.942921575485893,-0.5202334592802289,-1.7311165755477003,-0.18158575650811734,1.7311165755477003,-0.32425037834338816,2023-03-17,MU
1.2646636151994106,0.19072131332549125,-0.148346968214109,-0.26923362717404914,-0.4970242002869623,1.3391600783718645,0.7436321408799689,0.24258759229895785,-1.4233463849437034,0.045692895898222,1.4233463849437034,0.1902283066424388,2023-03-24,MU
0.6474775480063671,0.290619402345631,-0.1473414522098713,-0.8224736457017935,-0.4585852940702645,-0.5666833296738243,2.848732369044096,-1.224375968430247,-1.4794295586194592,-0.7732777873861173,1.4794295586194592,1.1635614227508357,2023-03-31,MU
-0.6962578024380154,0.338842605702921,-0.24914163606087672,-1.3757136642295382,0.04380866623590829,-0.6488569436456837,0.486082074358781,-0.9896617987135744,-1.5930754762169783,-0.6728450917577768,1.5930754762169783,0.21154215554062492,2023-04-07,MU
0.3304134408719816,0.6814295242972189,0.45531408742956264,-1.3757136642295382,-0.30083956661299566,1.5315476975582016,1.669851114203167,-0.872304713855238,-1.314152142844944,-0.42058547558649717,1.314152142844944,1.3195091087374236,2023-04-14,MU
0.3792772681504544,-0.24178086019949202,0.5271606214619644,-1.9289536827572826,-0.7650534434967114,-0.43962362969604535,-0.628774301692921,-1.2830545108594154,-1.4169494661601365,-0.9067317072753993,1.4169494661601365,-0.07819729445687178,2023-04-21,MU
0.1721759097269053,0.34354002681389156,0.6952673028359757,-1.3757136642295382,-0.5903785901499315,0.7717471022487314,0.3708609184536896,-1.1656974260010788,-1.195592051753311,-0.7273035219728148,1.195592051753311,0.13329326740659408,2023-04-28,MU
-0.1587346504230279,0.14175146302524902,-0.2884685909171592,-1.3757136642295382,-0.33564155856153643,-0.7600114394798754,-0.5434315585048287,-1.0483403411427425,-1.4100963994681082,-0.6695896297220241,1.4100963994681082,-0.299651279195729,2023-05-05,MU
-0.8601780738520352,-0.49273268121386044,-0.226651035821821,-1.3757136642295382,0.8880615101467566,-0.21905443351182216,-0.3173215322824778,-1.1070188835719108,-1.4313408797547,-0.6744492137872452,1.4313408797547,0.013184186283973656,2023-05-12,MU
1.26372119731114,0.7472758139707621,0.8840434253506818,-0.8224736457017935,0.5030841502016316,2.2999227507390447,0.994999068599541,-0.050805119846883275,-0.9344875913761929,0.047373306866078754,0.9344875913761929,0.8433950255252115,2023-05-19,MU
2.5398418032517873,1.0391153108549114,1.00293833155708,-0.26923362717404914,4.004523873833273,2.039897850650748,1.8924584209853423,0.24258759229895785,-0.5397466106893245,0.17639279332487975,0.5397466106893245,2.15253411174633,2023-05-26,MU
0.0072313683051721915,0.8735747542257702,0.6466666964603559,-0.26923362717404914,0.3586768105361688,-1.2310040127784327,0.24537159503083247,0.8293730165906398,-0.8659553369341878,0.39475075628860923,0.8659553369341878,0.1795409138777104,2023-06-02,MU
-1.6436130695140634,0.38926216887383946,-0.19042493409649705,-0.8224736457017935,0.07068271010983135,-0.9729938389280255,-0.048833300466916085,1.0054086438781444,-1.122264423359477,0.6109016540053321,1.122264423359477,-0.11938789553077597,2023-06-09,MU
-0.45754821887221064,-0.32020678355559784,0.453533632505617,-0.8224736457017935,0.6040464602195229,0.37781395443589383,-0.005315168229495722,0.7706944741614714,-0.9694384696337954,0.40103719609918403,0.9694384696337954,-0.06715417225406785,2023-06-16,MU
-0.2087560678596771,-1.2734567420578682,0.20987184150677346,-0.8224736457017935,-0.2727219441916416,-0.45630476502395817,-1.2497258823609816,0.8880515590198077,-1.1325436265170883,0.46530147675514666,1.1325436265170883,1.1912159907099866,2023-06-23,MU
-1.035885826169538,-1.0176337217347289,-0.8523215777606803,-0.8224736457017935,-0.3351892672629973,-1.0180142097474505,1.9094208240566886,0.8880515590198077,-1.2812568406319098,0.48126139846367905,1.2812568406319098,-1.4008929240890458,2023-06-30,MU
-1.0604499708164878,-0.8757666579031527,-1.6089905217807117,-1.3757136642295382,-1.1696408253665895,-0.56015455498174,-0.793243416655489,0.6533373893031351,-1.4420235780169541,0.35956843638140934,1.4420235780169541,0.4581528634284676,2023-07-07,MU
0.04048199708619684,-0.7001120933059847,-0.8349642495008678,-0.8224736457017935,-0.3276814427265531,0.5671417615121349,-0.5258818955556103,0.8880515590198077,-1.2065179054261659,0.482502284453765,1.2065179054261659,0.18024267162021665,2023-07-14,MU
0.8702111852329192,-0.18928841815951883,-0.27329358065327886,-0.8224736457017935,0.12030942070078364,0.15438653026786958,-0.5900530327631381,0.7120159317323035,-1.0987209470307615,0.4001434812797708,1.0987209470307615,-0.10968650713914209,2023-07-21,MU
1.2352970531998035,0.8791140255285367,0.08405980365480463,-0.26923362717404914,0.5313274494000865,0.9293071327752789,-0.5269977762168275,1.0640871863073125,-0.7176559368152091,0.5297150619937604,0.7176559368152091,-0.6866609340145711,2023-07-28,MU
0.6467221309813865,1.073797042430483,0.2198605429454358,-0.26923362717404914,-0.2134095092470754,-0.3503477129296172,-0.8146043743873174,1.1814442711656488,-0.8062280071428642,0.5716448498843,0.8062280071428642,-1.187707760212034,2023-08-04,MU
-1.401076010054773,-0.21570174465234257,-0.15210762972819059,-0.8224736457017935,0.23399895552674008,-1.0315744436377237,-0.781222466137125,0.41862321958646215,-1.18660641421314,0.29131123597976666,1.18660641421314,-0.1023688657656585,2023-08-11,MU
-1.3307218553664564,-0.5282040652282902,0.04161771541864209,-1.3757136642295382,-0.36104373894927966,-0.30328699031096934,-0.5414804502913508,-0.5202334592802289,-1.2401617241316805,-0.1585710460146426,1.2401617241316805,0.08093977647012952,2023-08-18,MU
-0.3081495269288059,-1.1694781800456815,-0.35247654256171723,-0.8224736457017935,-0.3128158755832934,-0.12753013729085377,-0.9199412605663093,-0.7549476289969016,-1.231235883243083,-0.3237737209655763,1.231235883243083,0.7860596425512457,2023-08-25,MU
1.1821202677279172,-0.19533162324590486,0.2144738391517063,-0.26923362717404914,-0.22012712008039484,1.2769590341575998,-0.36167220790816806,-0.10948366227605143,-0.77327105616958,0.15077225575738543,0.77327105616958,-0.09231193960156911,2023-09-01,MU
1.1113992201111313,0.5305083476122716,-0.4159163954479219,-0.8224736457017935,-0.1003588416118737,-0.175424907839643,-1.2362301794460009,-0.1681622047052196,-0.7876889284595305,0.10987310476245687,0.7876889284595305,-1.031673867292842,2023-09-08,MU
-0.2718247568961565,0.6058432763767858,-0.3146723504941759,-0.8224736457017935,-0.8251759057288135,-0.2058491843096748,-0.40271059736276604,-0.4028763744218924,-0.8082875519917408,0.023175889311308775,0.8082875519917408,-0.4562393109111695,2023-09-15,MU
-0.4154465107603584,0.4497334117965962,0.19890117691270726,-0.8224736457017935,-0.8307073483502974,-0.35810809189790266,-0.1608614480562595,-0.4028763744218924,-0.8769489248672316,-0.045806056218267215,0.8769489248672316,-0.20901932554691513,2023-09-22,MU
-0.5166811558224091,-0.546909105153969,0.19714250498508482,-0.8224736457017935,-0.07584558434208735,-0.4499037433508498,1.5873771552144147,-0.5202334592802289,-0.9353104568027096,-0.16073864296940624,0.9353104568027096,-0.5101857095216397,2023-09-29,MU
0.04167171466936437,-0.26790265489203596,0.4152557897436648,-0.8224736457017935,-1.3891191019100089,0.2856087738149578,-0.18167966276504635,-0.6962690865677335,-0.7947814463448052,-0.2781029970589682,0.7947814463448052,-0.0665166593680111,2023-10-06,MU
0.06292010365425647,-0.3241616044152866,-0.4217281342551569,-1.3757136642295382,-1.6277086487205161,-0.2681273809511693,-0.8342290919503814,-0.6962690865677335,-0.8463626730005678,-0.28303770124071176,0.8463626730005678,-0.011232956431920056,2023-10-13,MU
-0.6782850876778794,-0.4506795117584549,-0.6071879078453973,-1.9289536827572826,-0.428051578702225,-0.5601781861264036,-0.22401354673374774,-1.224375968430247,-0.9832245082779186,-0.6913273839587543,0.9832245082779186,-0.019294695182424614,2023-10-20,MU
-0.8345596313759955,-0.5455755401973447,-0.7411365561129855,-1.9289536827572826,0.3293460752434408,-0.45075266476472775,-0.47597415510981766,-1.1656974260010788,-1.0912013858019505,-0.672399716711508,1.0912013858019505,0.08020800033105098,2023-10-27,MU
0.8358031261976343,0.07086642389936573,0.09261546740174513,-1.3757136642295382,0.37089996123655,1.3625024380631519,-0.2128964731026636,-0.8136261714260699,-0.6145903223287986,-0.4196650637849247,0.6145903223287986,-0.15148216568821363,2023-11-03,MU
1.703827752642968,0.518326121285753,0.4869061724417936,-0.8224736457017935,-1.15573734772152,0.399897048035516,-0.21991876925657317,-0.8136261714260699,-0.42339714359722447,-0.4092081361966763,0.42339714359722447,-0.2620944904890892,2023-11-10,MU
0.6941447057888631,1.083751278230398,0.47990204840758793,-0.8224736457017935,-1.5385510533525577,0.2369391977071057,-0.629147026362562,-0.8136261714260699,-0.2720925648562601,-0.3991622375547658,0.2720925648562601,-0.6819819600110523,2023-11-17,MU
0.0755838675682203,1.2324399250958749,0.4947954546236327,-1.3757136642295382,-1.1149461178570865,-0.22924856505942273,-1.6095372304803996,-1.2830545108594154,-0.31954676420565364,-0.9730160715487507,0.31954676420565364,-1.8461871157137602,2023-11-24,MU
-0.4471769156801035,0.14663807037110196,0.6324678449371698,-1.3757136642295382,-1.3211215565849506,-0.3903853304374634,1.0251023916604507,-1.224375968430247,-0.38419541133884505,-0.9282117329598218,0.38419541133884505,0.2364888556429771,2023-12-01,MU
-0.4959636411569444,-0.30129023650285486,0.7216286482038715,-1.3757136642295382,-0.6568592832613303,-0.31435116539821634,-0.6134130716462314,-1.1656974260010788,-0.4509073075382668,-0.8898714679654777,0.4509073075382668,-0.04579319395291872,2023-12-08,MU
0.7394539441274359,0.1769569982606931,0.5747982303166129,-0.8224736457017935,0.789059446685419,1.4975483391997897,0.85526283737554,-0.6962690865677335,-0.0073082291248033095,-0.48705145398007255,0.0073082291248033095,0.21357594633137525,2023-12-15,MU
1.7790859185102577,0.8341565307444798,0.7644583437257717,-0.26923362717404914,-0.015252889307140324,1.7846131237006249,2.860037604645923,-0.578912001709397,0.34206878914819616,-0.39930544825016695,-0.34206878914819616,2.3779312620141377,2023-12-22,MU
0.45302016583654725,0.8366675658463143,0.42999304593598997,-0.8224736457017935,-0.6792644985324239,-0.2589924595537218,-1.101577405406936,-0.5202334592802289,0.27083616025505614,-0.32792156661958377,-0.27083616025505614,-1.343947864924863,2023-12-29,MU
-0.6106895068316883,0.7436772415456937,0.3226754617580266,-0.8224736457017935,-0.6386680036586404,-0.4723542833104265,-0.1517392115781492,-0.28551928956355604,0.140676841692985,-0.24937393386062273,-0.140676841692985,-0.26887100657449,2024-01-05,MU
-0.61974090371108,-0.1385222939610481,0.3188779037076712,-0.8224736457017935,0.43995905804179986,-0.32975382438266027,-0.21985806134805422,-0.5202334592802289,0.06767835946975741,-0.31276411305510005,-0.06767835946975741,-0.10097493749088518,2024-01-12,MU
0.43995891472465704,-0.14065350277843675,0.9196014496952486,-0.26923362717404914,1.6078436593342795,0.7006477396211991,-0.31264768273391125,-0.5202334592802289,0.4202780468408188,-0.3183816502195303,-0.4202780468408188,-0.11216369223832522,2024-01-19,MU
0.6952157271060194,0.021300785868791496,0.29322844715605795,-0.26923362717404914,1.0642100761621742,-0.03198652831736996,0.6421049366665402,-1.2830545108594154,0.457466272380294,-0.8409060901837933,-0.457466272380294,0.1038878041283662,2024-01-26,MU
-0.32944262615880876,0.06093723890605109,-0.3026346005907095,-0.8224736457017935,0.9772145873680814,-0.38751911443404424,-0.3817174896122121,-1.1656974260010788,0.34934493037945263,-0.7733044388690258,-0.34934493037945263,-0.20547122768730897,2024-02-02,MU
-0.32944262615880876,0.06093723890605109,-0.3026346005907095,-0.8224736457017935,0.9772145873680814,-0.38751911443404424,-0.3817174896122121,-1.1656974260010788,1.0013983112206621,-0.7733044388690258,-1.0013983112206621,-0.20547122768730897,2020-01-03,AAPL
-0.32944262615880876,0.06093723890605109,-0.3026346005907095,-0.8224736457017935,-0.6538397836846594,-0.38751911443404424,-0.3817174896122121,-1.1656974260010788,1.0013983112206621,-0.7733044388690258,-1.0013983112206621,-0.20547122768730897,2020-01-10,AAPL
0.7323486593716549,0.06093723890605109,-0.3026346005907095,-0.8224736457017935,-1.2598916293808409,-0.38751911443404424,-0.3817174896122121,-1.1656974260010788,1.0013983112206621,-0.7733044388690258,-1.0013983112206621,-0.20547122768730897,2020-01-17,AAPL
0.147879626468158,0.06093723890605109,-0.3026346005907095,-0.8224736457017935,-1.7611442842555658,-0.38751911443404424,-0.3817174896122121,-1.1656974260010788,0.992689454960346,-0.7733044388690258,-0.992689454960346,-0.20547122768730897,2020-01-24,AAPL
-0.5479173611423427,0.09841311696698635,-0.3026346005907095,-0.8224736457017935,0.23513840489640023,-0.38751911443404424,-0.3817174896122121,-1.1656974260010788,0.8102566640886968,-0.7733044388690258,-0.8102566640886968,-0.20547122768730897,2020-01-31,AAPL
-0.08037203463017659,0.038267516325793595,-0.3026346005907095,-0.8224736457017935,-0.8610379333482852,-0.38751911443404424,-0.3817174896122121,-1.1656974260010788,1.0013983112206621,-0.7733044388690258,-1.0013983112206621,-0.20547122768730897,2020-02-07,AAPL
0.48738744449906113,-0.06417940352634909,0.38144336477687496,-0.8224736457017935,1.4308043600279396,-0.38751911443404424,-0.3817174896122121,-1.1656974260010788,1.0013983112206621,-0.7733044388690258,-1.0013983112206621,-0.20547122768730897,2020-02-14,AAPL
-0.4572959061860934,-0.37860451217791596,-0.23024711899073175,-0.8224736457017935,-1.0444252543344468,-0.38751911443404424,-0.3817174896122121,-1.1656974260010788,0.7594178365826417,-0.7733044388690258,-0.7594178365826417,-0.20547122768730897,2020-02-21,AAPL
-2.201215958168371,-1.253431621592681,-1.3337826229421632,-0.8224736457017935,-0.5892970527720642,-0.38751911443404424,-0.3817174896122121,-1.1656974260010788,-0.04765626060635852,-0.7733044388690258,0.04765626060635852,-0.20547122768730897,2020-02-28,AAPL
-1.1566139685774148,-1.098193188665189,-0.96600942855868,-0.8224736457017935,0.4586841634818061,-0.38751911443404424,-0.3817174896122121,-1.1656974260010788,0.2709844425242043,-0.7733044388690258,-0.2709844425242043,-0.20547122768730897,2020-03-06,AAPL
0.03518164518903216,-1.5134511330655454,-1.0384342622444174,-0.8224736457017935,1.0353698796296784,-0.38751911443404424,-0.3817174896122121,-1.1656974260010788,0.04608628456759589,-0.7733044388690258,-0.04608628456759589,-0.20547122768730897,2020-03-13,AAPL
-2.8137253756465475,-2.585275804275935,-2.378386371416766,-0.8224736457017935,-0.49287903898396024,-0.38751911443404424,-0.3817174896122121,-1.1656974260010788,-0.9448108044295496,-0.7733044388690258,0.9448108044295496,-0.20547122768730897,2020-03-20,AAPL
-1.5643951384937056,-1.0708304257359995,-2.042623132906056,-0.26923362717404914,2.556635218003974,-0.38751911443404424,-0.3817174896122121,-1.1656974260010788,-0.5686230216293404,-0.7733044388690258,0.5686230216293404,-0.20547122768730897,2020-03-27,AAPL
0.49645048574873546,-1.6891091445774897,-1.9787984659681668,-0.8224736457017935,0.07259509649628064,-0.38751911443404424,-0.3817174896122121,-1.1656974260010788,-0.6973408668303585,-0.7733044388690258,0.6973408668303585,-0.20547122768730897,2020-04-03,AAPL
0.8612785195555062,-0.5675839929964138,-0.4546640967229719,-0.8224736457017935,-0.6293119095905735,-0.38751911443404424,-0.3817174896122121,-1.1656974260010788,-0.1568508173282644,-0.7733044388690258,0.1568508173282644,-0.20547122768730897,2020-04-10,AAPL
2.0036533738868,1.7784756022531971,-0.46858308149176486,-0.26923362717404914,1.4300904615041787,-0.38751911443404424,-0.3817174896122121,-1.1656974260010788,0.1443019153671599,-0.7733044388690258,-0.1443019153671599,-0.20547122768730897,2020-04-17,AAPL
0.5322253121972688,0.9826373264500404,-0.18049535523295426,0.2840063913536956,-1.460590335672443,-0.38751911443404424,-0.3817174896122121,-1.1656974260010788,0.14776054618684703,-0.7733044388690258,-0.14776054618684703,-0.20547122768730897,2020-04-24,AAPL
0.10275733854762116,1.4632412894466125,1.589918033803463,0.2840063913536956,1.1351011417530084,-0.38751911443404424,-0.3817174896122121,-1.1656974260010788,0.27179895424772144,-0.7733044388690258,-0.27179895424772144,-0.20547122768730897,2020-05-01,AAPL
1.0804229890011485,1.1407999576140444,1.5478990306421645,0.2840063913536956,-1.0131677270375266,-0.38751911443404424,-0.3817174896122121,-1.1656974260010788,0.7171144944167744,-0.7733044388690258,-0.7171144944167744,-0.20547122768730897,2020-05-08,AAPL
0.678231987575603,0.5372027726934989,1.714455542158322,0.2840063913536956,1.177143669584933,-0.2672165195906531,-0.04018469801792876,-1.1656974260010788,0.6677695670282423,-0.7733044388690258,-0.6677695670282423,-0.14659944066340885,2020-05-15,AAPL
0.1801144907431358,0.876310601765991,1.0956749563586816,0.8372464098814396,-0.17957385333525405,0.19709084835741797,-0.8725321585718864,-1.1656974260010788,0.8957258287965142,-0.7733044388690258,-0.8957258287965142,-1.3249038091131229,2020-05-22,AAPL
0.24378390308977016,0.6400908186897485,0.6159068602844904,0.2840063913536956,-0.1700231491923673,-0.17735442351972006,-0.8596937082806457,-1.1656974260010788,0.8763576243749089,-0.7733044388690258,-0.8763576243749089,-1.0705687002418445,2020-05-29,AAPL
0.3239689990022392,0.3446541945946607,0.961034580175289,0.8372464098814396,0.9770301059436098,0.23704995469715445,-0.8970633141037087,-1.1656974260010788,1.0013983112206621,-0.7733044388690258,-1.0013983112206621,-0.7811140063767555,2020-06-05,AAPL
0.6558897492743475,0.6243117292862229,0.9649251105072397,1.3904864284091845,0.36894324705979403,0.16964335260073035,-0.1416724313460183,-1.1656974260010788,1.0013983112206621,-0.7733044388690258,-1.0013983112206621,-0.2648951616915262,2020-06-12,AAPL
0.5203138838407644,0.5863825158035058,0.618491697455891,1.3904864284091845,-1.286785468091953,0.3013474931364847,-0.21395711319754473,-1.1656974260010788,1.0013983112206621,-0.7733044388690258,-1.0013983112206621,-0.33591233517439845,2020-06-19,AAPL
0.37781797873646017,0.7219375554504177,0.7756799786240611,1.943726446936929,0.012799930967980003,0.025470770082513895,0.027152123317827886,-1.1656974260010788,1.0013983112206621,-0.7733044388690258,-1.0013983112206621,-0.07448067804986763,2020-06-26,AAPL
0.34439304403277515,0.6011100558846136,0.721569014307413,1.943726446936929,-1.1059501909338445,0.11060913466922831,-1.0042863790322394,-1.1656974260010788,1.0013983112206621,-0.7733044388690258,-1.0013983112206621,-1.1250345930593744,2020-07-03,AAPL
0.9024979532019298,0.8978775751430755,1.1948626505361846,1.943726446936929,-0.7158699667292999,0.3843265343170008,-0.8445824426270419,-1.1656974260010788,1.0013983112206621,-0.7733044388690258,-1.0013983112206621,-1.2731160823619154,2020-07-10,AAPL
0.5618499511762028,0.6306690015957311,0.8710587821332124,1.943726446936929,-1.1459071674487582,-0.09327342378999957,-0.35629790315110826,-1.1656974260010788,1.0013983112206621,-0.7733044388690258,-1.0013983112206621,-0.48753457870953126,2020-07-17,AAPL
-0.6183159032319965,0.15914159589993404,0.36926592345156334,1.3904864284091845,4.822239339737071,-0.6360453123528073,-0.4369394097526131,-1.1656974260010788,0.7467349711649086,-0.7733044388690258,-0.7467349711649086,-0.3042053957174935,2020-07-24,AAPL
1.1334332545482833,1.2013958880976772,1.2575481745697608,1.3904864284091845,2.3880086731613415,2.3389098823286822,0.2531199149230498,-1.1656974260010788,1.0013983112206621,-0.7733044388690258,-1.0013983112206621,0.2751065734244404,2020-07-31,AAPL
2.391227278152881,1.1416570653310203,1.5760429757867558,1.943726446936929,0.296291244843045,0.8404034602768417,1.2308649253704138,-1.1656974260010788,1.0013983112206621,-0.7733044388690258,-1.0013983112206621,1.2580055626295525,2020-08-07,AAPL
0.8815446112501005,1.4424454063129302,1.6163021392043624,1.943726446936929,0.2663628988811023,0.5379107861021,1.4081104295528641,-1.1656974260010788,1.0013983112206621,-0.7733044388690258,-1.0013983112206621,1.339361872189789,2020-08-14,AAPL
1.3397767374846774,2.7502591565782235,1.8663765326308854,2.496966465464673,1.335423070564641,1.3212649892219817,0.7124099082792812,-1.1656974260010788,1.0013983112206621,-0.7733044388690258,-1.0013983112206621,1.1892487605602575,2020-08-21,AAPL
0.9175266312497614,1.2825712206764335,1.8594880652825874,2.496966465464673,-0.4787077360180936,-0.07093985869481963,1.89021804590502,-1.1656974260010788,1.0013983112206621,-0.7733044388690258,-1.0013983112206621,1.753933924288214,2020-08-28,AAPL
-0.528703708992739,0.5162921889559324,1.9353506966868232,1.943726446936929,-0.6216822717917456,-0.8849377619122843,2.108610547441762,-1.1656974260010788,0.7977003787285208,-0.7733044388690258,-0.7977003787285208,1.03958950866471,2020-09-04,AAPL
-1.4862791490060723,-0.4753243686936378,0.09584993922274035,1.3904864284091845,-0.6823261144402677,-1.309893348770371,0.03798958176847405,-1.1656974260010788,0.3233314908039946,-0.7733044388690258,-0.3233314908039946,-0.0705363814080615,2020-09-11,AAPL
-1.6660128701237902,-1.4818947113529406,-0.5916896949241366,0.8372464098814396,1.0862483941689967,-1.024338665939383,0.87913465020989,-1.1656974260010788,0.05014618696599245,-0.7733044388690258,-0.05014618696599245,-0.8417257169139919,2020-09-18,AAPL
-0.14772964233497193,-1.1287300154628042,-0.4781388030146444,0.8372464098814396,0.16643537945659664,0.708804737691743,0.3412180131447269,-1.1656974260010788,0.3381559727330677,-0.7733044388690258,-0.3381559727330677,-0.2698041861484768,2020-09-25,AAPL
0.5570027473063347,-0.8264199352131797,-0.9764207638537438,0.8372464098814396,-0.16198350826532898,-0.06411710316696924,-0.657711743111304,-1.1656974260010788,0.3773345454368805,-0.7733044388690258,-0.3773345454368805,0.22654665428122173,2020-10-02,AAPL
0.3523311481227246,0.13113946340371274,-0.7690517918661466,0.8372464098814396,-1.0993845365864092,0.2365377657006437,-1.132405037639702,-1.1656974260010788,0.5864581552647437,-0.7733044388690258,-0.5864581552647437,-0.3992596503259449,2020-10-09,AAPL
0.4964439994430075,0.737161123796076,-0.42839277983845714,1.3904864284091845,-1.1459513900163771,0.15460007596174788,0.4857829937202697,-1.1656974260010788,0.6949920493073181,-0.7733044388690258,-0.6949920493073181,0.24827572927702346,2020-10-16,AAPL
-0.3896695740293249,-0.041139034356248515,-0.11379549503655327,0.8372464098814396,-0.41287331347773787,-0.4903414884993601,-1.4513925001166998,-1.1656974260010788,0.484279271626722,-0.7733044388690258,-0.484279271626722,-0.28275839024671884,2020-10-23,AAPL
-1.2665683877867069,-0.5754581911792682,-0.1738004974104704,0.2840063913536956,-0.7021446454862728,-0.8770731699673224,-0.5297438562824239,-1.1656974260010788,0.15709132840742865,-0.7733044388690258,-0.15709132840742865,0.057648239363330585,2020-10-30,AAPL
0.24711723689686568,-0.1118682873841093,0.1176655547405729,0.2840063913536956,-0.36283683723287014,0.9754178310348899,-0.8611242444868942,-1.1656974260010788,0.6883613118439164,-0.7733044388690258,-0.6883613118439164,-0.16197402558383753,2020-11-06,AAPL
1.0610291648817636,-0.22249511813046385,0.10395903366861708,0.2840063913536956,0.9985345754804154,-0.09137868526200446,-0.8741957191080169,-1.1656974260010788,0.7185907974313859,-0.7733044388690258,-0.7185907974313859,-0.09152011512073353,2020-11-13,AAPL
-0.32439964979961805,-0.06576006494887603,-0.27589077248213034,-0.26923362717404914,-0.032745458296110114,-0.277911234644255,-1.7831672361744095,-1.1656974260010788,0.6167657081520077,-0.7733044388690258,-0.6167657081520077,-0.3252689904536631,2020-11-20,AAPL
-0.4646495113474339,0.3790344229784356,-0.44798082508497933,-0.26923362717404914,-1.1433649052801387,-0.19768037596325733,-1.7275457787160988,-1.1656974260010788,0.5769891731518962,-0.7733044388690258,-0.5769891731518962,-0.9646001752558544,2020-11-27,AAPL
0.35326700109601095,0.005970208637412337,0.15841964254015278,0.2840063913536956,0.9690118598252963,0.4062799415731619,-0.8566596708271609,-1.1656974260010788,0.8771629238811097,-0.7733044388690258,-0.8771629238811097,-0.2736931712750897,2020-12-04,AAPL
0.4560871324777875,-0.025198520675157716,0.609427407481299,0.8372464098814396,-1.2221112538489192,-0.13648136136166708,-1.1667837199259674,-1.1656974260010788,0.8856494207210107,-0.7733044388690258,-0.8856494207210107,-0.3195202525878151,2020-12-11,AAPL
0.27979151603880204,0.4362277889443713,0.17767463745031647,0.8372464098814396,-0.44139143826573274,0.31906680321977915,-0.39515209635249376,-1.1656974260010788,1.0013983112206621,-0.7733044388690258,-1.0013983112206621,-0.35212244546710947,2020-12-18,AAPL
0.8149146916933196,0.8930689043284649,0.46489608598832394,0.8372464098814396,-0.3844335702197841,0.26122187743401504,-1.0869167268157662,-1.1656974260010788,1.0013983112206621,-0.7733044388690258,-1.0013983112206621,-1.2943217628048782,2020-12-25,AAPL
0.4266589051698446,0.48820229138309645,0.641516479040952,0.8372464098814396,-0.693325965029228,-0.0927241979771048,-0.950957661922988,-1.1656974260010788,1.0013983112206621,-0.7733044388690258,-1.0013983112206621,-0.7936655436410012,2021-01-01,AAPL
-0.17184379725108445,0.43034545403576685,0.6545212888675124,0.2840063913536956,-0.8765649138208725,-0.21935531980600245,-0.16885881032921432,-1.1656974260010788,0.9695270116358625,-0.7733044388690258,-0.9695270116358625,-0.21083272623144125,2021-01-08,AAPL
-0.7121778895425089,-0.2221084283558559,-0.020125493314228447,0.2840063913536956,0.51750563748646,-0.596867105715187,-0.6618726168772885,-1.1656974260010788,0.725020258163456,-0.7733044388690258,-0.725020258163456,-0.09168298283686208,2021-01-15,AAPL
0.4973829833140407,0.21317446409711277,0.6800089828309802,0.8372464098814396,-0.4952458357177816,0.9193754009894146,-0.92347603350655,-1.1656974260010788,1.0013983112206621,-0.7733044388690258,-1.0013983112206621,-0.4402688515878587,2021-01-22,AAPL
0.30318171029097507,-0.30297745557245326,-0.006692303111299746,0.2840063913536956,-0.03455712607952834,-1.1250690435427166,0.813078112520239,-1.1656974260010788,0.6635782500793778,-0.7733044388690258,-0.6635782500793778,-0.10037605110247273,2021-01-29,AAPL
-0.3723652858853837,0.06882758096636306,-0.03582798957673984,0.2840063913536956,0.43965863521490206,0.3143526176478235,-0.8171584146354336,-1.1656974260010788,0.9013523648840036,-0.7733044388690258,-0.9013523648840036,-0.27743456245284975,2021-02-05,AAPL
0.16901275857993822,0.32216838693527455,-0.15329108565284522,0.2840063913536956,0.7878112200366881,-0.25139309604587246,-1.3778622379343726,-1.1656974260010788,0.8352111178874476,-0.7733044388690258,-0.8352111178874476,-0.6588424858229167,2021-02-12,AAPL
-0.8210933814256848,-0.8187328198331382,-0.42111424773159045,0.2840063913536956,-0.4915615206437102,-0.5900015660977289,-1.1211458952234834,-1.1656974260010788,0.5734973151160951,-0.7733044388690258,-0.5734973151160951,0.4299825242747543,2021-02-19,AAPL
-1.5068415387080998,-0.9488864845987475,-0.6381046268171106,-0.26923362717404914,-0.3642241798394128,-1.4909357492249729,1.1138392812482678,-1.1656974260010788,0.16379643423620893,-0.7733044388690258,-0.16379643423620893,-0.6602732129988206,2021-02-26,AAPL
-1.0080889737129122,-1.2313712319785806,-1.2266768171979603,-0.26923362717404914,0.8576113808686323,-0.12275922019490759,1.2121889036606859,-1.1656974260010788,0.17140951542581406,-0.7733044388690258,-0.17140951542581406,-0.8571597626791474,2021-03-05,AAPL
-0.2037181620771736,-1.1771003412483154,-0.9050047022366223,-0.8224736457017935,-0.7979901748422173,-0.20555234421992344,0.5537551874179992,-1.1656974260010788,0.15285188597990537,-0.7733044388690258,-0.15285188597990537,-0.4057521071565019,2021-03-12,AAPL
-0.3295337606100685,-0.917241520369547,-1.2049198981881744,-1.3757136642295382,-0.8830064984310605,-0.311104874475108,0.9225746007080508,-0.28551928956355604,0.10336425408561065,-0.503095351186593,-0.10336425408561065,-0.46853755712113143,2021-03-19,AAPL
-0.16062796249255615,-0.2586813072565429,-1.0736266624604018,-1.3757136642295382,1.6284828086351504,0.002207949522760302,-0.18062068470517909,-0.22684074713438793,0.1614166023182112,-0.4546882730462533,-0.1614166023182112,-0.06890730773206465,2021-03-26,AAPL
0.13986544370103246,-0.14183233053135805,-0.6969433356015872,-0.8224736457017935,-0.795914093277966,0.016408986606886555,-1.143611995299334,-0.10948366227605143,0.24659241240439522,-0.3860616813173596,-0.24659241240439522,-0.16268091530116927,2021-04-02,AAPL
1.0590406424501526,0.6057236338078537,0.393812942453709,-0.26923362717404914,-0.29042455859079047,0.9782742994737136,-0.45111095687293096,0.7706944741614714,0.7224367724195757,0.041962916706537956,-0.7224367724195757,-0.3597438109890311,2021-04-09,AAPL
0.9757972034666875,0.772769578583257,0.4528884109501859,-0.26923362717404914,0.8379241148717332,-0.030094966976848086,-0.5326954692064548,-0.7549476289969016,0.7776360753216895,-0.5618145648098755,-0.7776360753216895,-0.45850227523121856,2021-04-16,AAPL
-0.053182639019422516,0.6863082678496459,0.48845852131672207,0.2840063913536956,-0.1916016291192921,-0.13350890860810627,-0.6712730128866758,-0.9896617987135744,0.7852491565112947,-0.7471252048883432,-0.7852491565112947,-0.522485065675138,2021-04-23,AAPL
-0.43584034222017176,0.34355924210125793,0.3848833905968352,-0.26923362717404914,-0.5225986469516951,-0.47966290852242705,-0.00236076620510626,-0.9896617987135744,0.6491556576459038,-0.7938377359567725,-0.6491556576459038,-0.08318358386851261,2021-04-30,AAPL
-0.5482348103379251,-0.42320086078515884,0.24270683342137117,-0.26923362717404914,-1.182277256820441,-0.2608858758412823,-0.351883057978171,-0.9896617987135744,0.6002007628637822,-0.7381338116438826,-0.6002007628637822,-0.025845190081276972,2021-05-07,AAPL
-0.5470210609198639,-0.6763697060685105,-0.03514261804050641,-0.26923362717404914,-0.8568993558093213,-0.48932341029808524,0.14712341255244474,-1.0483403411427425,0.468643713960571,-0.7993087959415269,-0.468643713960571,-0.10198651251284288,2021-05-14,AAPL
-0.6470218711251113,-0.8173503542172387,-0.7145475754711775,-0.26923362717404914,-0.5284812458186703,-0.3413161380162919,-0.9489244300439383,-1.1070188835719108,0.3723607815133211,-1.2762791518685477,-0.3723607815133211,0.3013758121710444,2021-05-21,AAPL
-0.4633119587730477,-0.6946052587641147,-0.8186625958286333,-0.8224736457017935,-0.3478522806675456,-0.22441604830036824,-1.0804011829475497,-1.0483403411427425,0.3332760322082039,-1.2161591134000285,-0.3332760322082039,0.26855005596660675,2021-05-28,AAPL
-0.13286551187426704,-0.5438594508780693,-0.7571923029290082,-0.26923362717404914,-0.3526043078418606,-0.05508285898377203,-1.5531527957675488,-0.9896617987135744,0.3942867083151077,-1.1662643538311313,-0.3942867083151077,0.268560950539363,2021-06-04,AAPL
0.10043255024289961,-0.26191884268840127,-0.5273327740404496,0.2840063913536956,-0.38562580100996796,-0.02299246733215625,-1.0834458351388696,-1.1070188835719108,0.46387846977773034,-1.16973614309255,-0.46387846977773034,-0.0634069007938888,2021-06-11,AAPL
0.28269387316200867,0.09395072853216259,-0.2975570988377375,0.2840063913536956,-0.08094722643613504,0.23267453113816833,0.028736817334585538,-0.872304713855238,0.6121181515867989,-1.1114373934196522,-0.6121181515867989,-0.07007692233665129,2021-06-18,AAPL
0.3963798166696447,0.3386188526752214,0.012001674556887214,0.2840063913536956,-1.009567480733305,0.09921037769756616,-0.8167657768856168,-0.8136261714260699,0.7384300464784659,-1.0868673435240976,-0.7384300464784659,-0.45021905842517884,2021-06-25,AAPL
0.7476916864186762,0.7176787951774265,0.5324155460461061,0.2840063913536956,0.7013442540600668,0.4231288176979016,-1.0754618621864223,-1.2830545108594154,1.0013983112206621,-1.6762331208777177,-1.0013983112206621,-0.8856145761128176,2021-07-02,AAPL
0.9683937788930083,0.9587214288272495,0.8870141727382415,0.2840063913536956,-0.5893059489228333,0.38071868761271443,-0.27929207015782487,-1.224375968430247,1.0013983112206621,-1.5018951340455824,-1.0013983112206621,-0.35676413828872505,2021-07-09,AAPL
0.4054471546394298,0.8076929719821843,0.8748282725836656,0.2840063913536956,0.5754267546004892,0.007010737717496241,0.5968776293078311,-1.224375968430247,1.0013983112206621,-1.5070021329046681,-1.0013983112206621,0.3449359596477678,2021-07-16,AAPL
0.1231781759293519,0.7551478908650112,0.901842730011,0.8372464098814396,-0.1946168190649277,0.08650707229640521,0.10939353686919312,-1.224375968430247,1.0013983112206621,-1.6606959040596074,-1.0013983112206621,-0.02082743956207452,2021-07-23,AAPL
-0.22566327495556612,0.11181959377972703,0.5484618331109723,0.8372464098814396,1.8348371777474246,-0.43140851689736237,-0.005898623101612607,-1.1656974260010788,0.8813104150681301,-1.5499413738244845,-0.8813104150681301,-0.0772432343636129,2021-07-30,AAPL
-0.3682248473695224,-0.1801789835987928,0.41360577510642743,1.3904864284091845,-0.9846449778152125,-0.11192434859849915,-1.6748999590379101,-1.2830545108594154,0.9035008792074608,-1.7155034199018633,-0.9035008792074608,-0.13546907729091273,2021-08-06,AAPL
0.12279339057371907,-0.08068059434579015,0.17586043456332795,1.943726446936929,1.3998141567413822,0.08715435437768,-1.3307837567659235,-1.2830545108594154,1.0013983112206621,-1.8665559169180856,-1.0013983112206621,-0.198914731081682,2021-08-13,AAPL
-0.0009375691637539632,-0.26375772125906083,-0.14576126276367793,1.943726446936929,-0.20591589910249444,-0.250799689778432,0.38313777900774115,-1.2830545108594154,0.9610689680159075,-1.8487719784157448,-0.9610689680159075,-0.07109997779884523,2021-08-20,AAPL
-0.22226709485833346,-0.07830411634795933,-0.19047694782888866,1.943726446936929,0.14594492918967422,-0.11926455102667337,-1.515144296081799,-1.1656974260010788,0.9792397944669529,-1.7975015828005583,-0.9792397944669529,-0.22784655247649407,2021-08-27,AAPL
0.3454579925954619,0.23090205175755033,-0.018712605931203132,1.943726446936929,-1.0379089919259021,0.4434168702120893,-0.03152020840591288,-1.1070188835719108,1.0013983112206621,-1.653199458138784,-1.0013983112206621,-0.08759053183992599,2021-09-03,AAPL
-0.14786248129773347,-0.26268252955788685,-0.14505983608512069,1.3904864284091845,-1.228051332563267,-0.6431039771403484,-0.3946783991053804,-0.6962690865677335,0.7731483119657674,-1.168706587711699,-0.7731483119657674,-0.06748720136969777,2021-09-10,AAPL
-0.8595790300602472,-0.3801951630217724,-0.31553333389603394,0.8372464098814396,-1.259401662544319,-0.537517293062912,1.3847692825537135,-0.6375905441385652,0.648532354651995,-0.9879696732086432,-0.648532354651995,-0.16810645255804504,2021-09-17,AAPL
-0.354799091077027,-0.3534963794243189,-0.41807151688822175,0.8372464098814396,-1.7701561307360556,-0.05481546840701707,0.1524008559585408,-0.872304713855238,0.6853586698056529,-1.3287833196502556,-0.6853586698056529,-0.07645269314353086,2021-09-24,AAPL
-0.47685483441781557,-0.9122469451573686,-0.583911095912693,0.2840063913536956,0.5237101452831826,-0.6756418096382389,0.8796304392738599,-0.9309832562844061,0.5025039638992335,-1.3440427474257401,-0.5025039638992335,-0.37657054420693276,2021-10-01,AAPL
-0.5279824083225964,-0.6097406117051032,-0.591006072678076,0.2840063913536956,-1.1063707666756333,-0.12157666719675042,0.05802015272979063,-0.9896617987135744,0.5132088456789874,-1.315857657194344,-0.5132088456789874,-0.07470519838158236,2021-10-08,AAPL
0.015925465216942755,-0.3277929791562307,-0.758214888398035,0.2840063913536956,0.3571443714924938,0.048344540774070695,-0.3449715798810946,-0.9896617987135744,0.5962868180247061,-1.2769796628339856,-0.5962868180247061,-0.054232567664507264,2021-10-15,AAPL
0.33638098304505987,-0.15023160140270167,-0.32523982063986295,0.8372464098814396,-0.315776860580121,0.21985264336095672,-0.6093824613082762,-0.6962690865677335,0.7611578832158299,-1.1589800592003308,-0.7611578832158299,-0.10450962601239867,2021-10-22,AAPL
0.25650159899068264,0.1811665448372527,-0.12499372738234572,0.8372464098814396,0.7711900070071372,-0.030680170365335196,0.1144160037306986,-0.6375905441385652,0.8086930849684634,-1.117170202134658,-0.8086930849684634,-0.05093708435339633,2021-10-29,AAPL
0.06114773554740793,0.2687667098372917,-0.08439270730767424,0.8372464098814396,1.9703748551266524,0.0021150132881521486,-0.8322126282055929,-0.6962690865677335,0.8815247273353191,-1.1296262788445368,-0.8815247273353191,-0.2996590032210337,2021-11-05,AAPL
-0.14480940621901062,0.06753865235459147,0.0745050640042521,0.8372464098814396,0.0808613687147539,-0.24884915449149297,-1.3486812898114637,-0.6375905441385652,0.8262021546059808,-1.0805939662130215,-0.8262021546059808,-0.30727425004890196,2021-11-12,AAPL
0.6007244813245028,0.45286643533739934,0.600253949521252,0.8372464098814396,0.037537971889107624,1.1771241203350238,1.1479214926873649,0.24258759229895785,1.0013983112206621,-0.13156753218131495,-1.0013983112206621,0.3556635460703436,2021-11-19,AAPL
0.39943483141607866,0.16550308313951692,0.3020597606054863,0.2840063913536956,-0.19168637173752723,-0.49331923877605005,-0.27144422665402007,0.24258759229895785,0.8474725392937934,-0.1640792686350179,-0.8474725392937934,-0.13898902516718065,2021-11-26,AAPL
-0.07724664912358058,0.3524745160284949,0.3443516903139252,0.8372464098814396,-0.22756132282275848,0.7138842186546317,3.07460106305422,0.12523050744062136,1.0013983112206621,-0.28163878450230184,-1.0013983112206621,1.0480164788645339,2021-12-03,AAPL
1.6589201020657591,1.454447807445945,1.1432137330516579,1.3904864284091845,1.0511924115202687,2.299319890636091,1.7633255061201851,0.6533373893031351,1.0013983112206621,1.06928663348114,-1.0013983112206621,2.0324157090062682,2021-12-10,AAPL
0.5521678869974155,0.31901841170040585,0.644894633768152,0.8372464098814396,-0.754274852663628,-1.4984130861633804,2.7488290473684933,1.4161584408823216,0.6954092573508869,1.5594645773294102,-0.6954092573508869,1.124786930903521,2021-12-17,AAPL
-0.4045082885081833,0.8255985361199667,0.9654455707907288,1.3904864284091845,0.2752506075067685,0.2557888597017877,-0.4179974375634836,1.1227657287364807,0.8846730442590358,1.3151952539339484,-0.8846730442590358,-0.511959699600302,2021-12-24,AAPL
0.29886335726468505,0.5908700325925486,0.4607957500612791,1.3904864284091845,-1.6320198729882405,-0.05613579070903095,-0.5906182347773544,1.0640871863073125,0.9321739548992687,1.2894803597467726,-0.9321739548992687,-0.5374963451852242,2021-12-31,AAPL
-0.47645346578218967,-0.6081892878112579,0.40209236726158426,0.8372464098814396,-0.08005134431203577,-0.6930816855790315,0.5062325038341442,1.4161584408823216,0.733336172223973,1.57018199174662,-0.733336172223973,-0.21937833929946485,2022-01-07,AAPL
-0.5022660514974155,-0.15693592281031718,0.1939900406622031,0.8372464098814396,-0.807055367841235,-0.0685675956133142,-0.020989630738389765,1.3574798984531533,0.7664755161262256,1.5526928910171423,-0.7664755161262256,-0.0737792992911319,2022-01-14,AAPL
-0.9014181045534447,-0.9399183505400442,-1.00335338786648,0.2840063913536956,0.7114302182651628,-1.0461701505204957,-0.21199184661102816,1.6508726105989944,0.3739554437674485,2.146322967226038,-0.3739554437674485,0.07133032002031073,2022-01-21,AAPL
-0.3811643199947555,-0.6099693263281294,-0.34602917328549937,0.2840063913536956,1.8153249001266907,1.0271456121335432,1.8404064736494155,1.7095511530281624,0.6655829308992435,2.279594207949069,-0.6655829308992435,-0.5926406874220689,2022-01-28,AAPL
0.6201344234161759,-0.23286822120716275,-0.46324000037960134,0.8372464098814396,1.8918751108835101,0.06678729366880265,0.13549464644439935,1.6508726105989944,0.7495230218853557,2.2036868066444986,-0.7495230218853557,-0.06735633556029158,2022-02-04,AAPL
-0.2898464902731728,-0.46707491029031234,-0.66912062464511,0.2840063913536956,1.8293755107547813,-0.4644577447816523,-0.21469100517222925,1.47483698331149,0.6112651473001807,1.8702018198844987,-0.6112651473001807,-0.023122744290254026,2022-02-11,AAPL
-0.555543456198406,0.018391190714013912,-0.5086061240386933,0.2840063913536956,-0.8879981675816202,-0.2510875197845321,-0.5599231238183929,1.2988013560239853,0.5618610138691723,1.7846462724551835,-0.5618610138691723,-0.21446755985023136,2022-02-18,AAPL
-0.46574355591476735,-0.5243858589415672,-0.6487335545696521,-0.26923362717404914,-0.49020935103252145,-0.36327583734850166,-0.1849851121290246,1.2988013560239853,0.47153214610752103,1.7409849024797273,-0.47153214610752103,-0.017105808712402307,2022-02-25,AAPL
-0.4939114214463218,-0.7205984923027413,-0.2681291845029104,-0.8224736457017935,0.5958495615178643,-0.29863601932976735,-0.17879431537432142,0.41862321958646215,0.40959402121097527,0.07795672552346343,-0.40959402121097527,0.0168054135193502,2022-03-04,AAPL
-0.961278309350484,-0.9730090212023725,-0.9703710948587666,-0.8224736457017935,-0.03860947756061561,-1.0753214981007009,0.5350010768589587,0.47730176201563046,0.0984213930736409,0.18420325098208143,-0.0984213930736409,-0.37685351920736393,2022-03-11,AAPL
-0.11635295927999019,-0.4278134932251617,-0.6669669648722706,-0.8224736457017935,1.4401691680722555,0.8715642514854294,0.35465786477564387,0.7120159317323035,0.4394575983345249,0.6893908668778203,-0.4394575983345249,-0.11636955365023652,2022-03-18,AAPL
1.4655474557087569,0.2660294889500779,-0.048879802764663326,-0.8224736457017935,-0.31643537666058696,0.8294001035067216,-0.1352016640229448,1.0640871863073125,0.835428229086334,1.3348351504645275,-0.835428229086334,-0.13927186492712887,2022-03-25,AAPL
0.6226028318252984,0.3391351528624016,-0.006278232482843175,-0.8224736457017935,0.17921456271316083,-0.18500237125853272,-0.06071370334923998,0.9467301014489761,0.8203107602522883,1.2163699275218636,-0.8203107602522883,-0.10988553384712081,2022-04-01,AAPL
-0.5170047285856205,0.6089315483149335,-0.0799643830566527,-1.3757136642295382,0.18371664346094554,-0.46401280827179775,-0.6343374905996043,1.0640871863073125,0.6647255923581413,1.3188812313932463,-0.6647255923581413,-0.4997118202329479,2022-04-08,AAPL
-0.8384960289350762,-0.1855588025908062,-0.21688895632343505,-1.3757136642295382,-0.6253924742361517,-0.42872453691104423,-1.3610525231547193,0.8293730165906398,0.4877556733535499,0.9001473201893984,-0.4877556733535499,-0.14222233338538998,2022-04-15,AAPL
-0.8009405844336213,-0.8992062257446093,0.020877904375983462,-1.9289536827572826,-0.012533673139864065,-0.42341647893022927,-0.6452313263595487,0.5946588468739668,0.3587164804342627,0.5974121880851908,-0.3587164804342627,0.2576654460083159,2022-04-22,AAPL
-0.7681421167447646,-1.0869706916840383,-0.5927830621650662,-2.4821937012850275,-0.48589372151026977,-0.627117931033066,0.8009183153806674,0.6533373893031351,0.20607870031878425,0.6087856562147053,-0.20607870031878425,-0.5448453995676718,2022-04-29,AAPL
-0.5163443257501986,-0.8987768540837252,-1.0291280230355373,-2.4821937012850275,0.7516009512588598,-0.16675099660881687,1.3858631711292575,0.5946588468739668,0.2009558733007952,0.5755069705454413,-0.2009558733007952,-0.5900140896384428,2022-05-06,AAPL
-1.0134495511081156,-1.201027588269072,-1.439370141471548,-2.4821937012850275,0.021108081568025402,-1.658507670972359,2.20939732174933,0.8293730165906398,-0.1745498113930219,1.0493961033963688,0.1745498113930219,-1.3554357501697583,2022-05-13,AAPL
-1.773711432852045,-1.5461001988160465,-1.694966490417589,-2.4821937012850275,-1.0192028320048325,-1.329284151318946,0.798162328191782,1.1814442711656488,-0.5260546016340609,1.3815181103429963,0.5260546016340609,-0.7017093263468588,2022-05-20,AAPL
0.03943045077633141,-0.6851831184048659,-0.9916630124788414,-1.9289536827572826,-0.29722107094101863,1.2934504913720952,0.2761496255621969,1.7095511530281624,-0.08113486873575905,2.401357338655846,0.08113486873575905,-0.13723516564208585,2022-05-27,AAPL
0.5413877042325665,-0.9136292252803767,-1.040881492727273,-1.9289536827572826,-0.26196961544762154,-0.4724723517193261,-1.1797740012202858,1.5921940681698266,-0.23842554431594878,2.151893440540881,0.23842554431594878,0.45549551313685666,2022-06-03,AAPL
-1.2441145880887408,-0.845558878556346,-1.250529477377488,-2.4821937012850275,-0.32145824418373375,-0.8261772876757794,-0.9929500237682134,1.4161584408823216,-0.543039761848756,1.8266769925383664,0.543039761848756,0.3408166263059699,2022-06-10,AAPL
-1.3900523336714896,-0.6365431407877098,-1.5029434915010782,-3.035433719812772,0.6937470750090032,-0.9013135504856296,0.9093920370698665,0.7120159317323035,-0.7487001483554825,1.0279422928643631,0.7487001483554825,-0.2761133323537319,2022-06-17,AAPL
0.24108923751808073,-0.7192443138834574,-0.5814509229082262,-2.4821937012850275,-1.1894010292398374,0.6940669199068011,-1.2983173793293317,1.5921940681698266,-0.3757779410301738,1.9759941973371606,0.3757779410301738,0.3311495118357863,2022-06-24,AAPL
0.5337830044420689,-0.6412469827682383,-0.24059197709160865,-2.4821937012850275,1.4133831580132428,-0.4004691043526105,-0.6992766392253036,1.47483698331149,-0.4765776861210206,1.8808594101373954,0.4765776861210206,0.12033901467482953,2022-07-01,AAPL
0.3040354796065981,0.3739046758625084,-0.4381330165525308,-1.9289536827572826,0.2204133851374926,0.42327402253428775,-1.5104699857137491,1.7095511530281624,-0.17713500802331036,2.2328667121638817,0.17713500802331036,-0.7386301576557864,2022-07-08,AAPL
0.8506458622241949,0.9761142971330319,-0.07150300975691903,-1.3757136642295382,0.538850068156954,0.1271941955113393,-0.6601587616688646,1.7095511530281624,-0.06156508497803554,2.1841419181438946,0.06156508497803554,-0.6884607276204349,2022-07-15,AAPL
0.43097144359738415,0.5086221062811074,0.589511053919835,-0.8224736457017935,1.7516441126029645,0.18698612470543666,-0.6733997424667684,1.7095511530281624,0.08317211416977358,2.1073281794787064,-0.08317211416977358,-0.4682006111583217,2022-07-22,AAPL
0.8668116702580686,1.2221624689907982,1.4023947957869416,-0.26923362717404914,-0.5980872432275378,0.5857327312494924,-0.5222635140014075,1.7095511530281624,0.39406278337514117,2.2370920462226875,-0.39406278337514117,-0.6836600875963508,2022-07-29,AAPL
0.7699262952455231,0.8423362516417136,0.9186290643147077,0.2840063913536956,-0.37271773545744086,0.07663593669111192,-0.8699368264721119,1.47483698331149,0.5074051162404266,1.7110782192411433,-0.5074051162404266,-0.8277244446892118,2022-08-05,AAPL
0.5906108424324514,1.0298178039524013,1.4404266714070904,0.8372464098814396,-0.49743020620818484,0.34065406625664063,-0.8279229708090088,0.9467301014489761,0.7569811794882318,1.1069109899064513,-0.7569811794882318,-0.9466216986509568,2022-08-12,AAPL
0.2955922526748046,0.7429020024946793,0.9131892660602937,0.2840063913536956,-0.7637478161369353,-0.19076931911404052,-0.7220673534025037,0.5359803044447988,0.7355356811282174,0.5794480569791917,-0.7355356811282174,-0.6858755196613134,2022-08-19,AAPL
-0.807004528375116,-0.18346744074989038,0.3520075193434404,0.2840063913536956,-1.267080127942569,-0.6967246229120996,-0.8034096008490067,0.7120159317323035,0.44343998170492505,0.7018300534024109,-0.44343998170492505,-0.11972781783262024,2022-08-26,AAPL
-1.3458865873707617,-0.7572638091547415,-0.21998995076285333,0.2840063913536956,1.2480256387538413,-0.8621375140170766,-0.1313943707294855,0.5359803044447988,0.15467105382648383,0.5386168358960716,-0.15467105382648383,-0.0018616780332641413,2022-09-02,AAPL
-0.6659742289276678,-1.0000476763446613,-0.5321779925163438,0.8372464098814396,-0.675207467438831,-0.027863488019280333,-0.7630526132882699,-0.050805119846883275,0.21235056729326374,0.20014379394987236,-0.21235056729326374,0.42380193005606964,2022-09-09,AAPL
-0.5971877182165753,-1.3116040994313032,-0.957042628318721,0.2840063913536956,-1.0156734773801857,-1.0748925785235952,1.4077137613463553,-0.22684074713438793,-0.03426779260519121,0.012149368043548096,0.03426779260519121,-1.2562359741708409,2022-09-16,AAPL
-0.7411228901958872,-0.9567363637079517,-1.2289025291496958,0.2840063913536956,0.019212333687063557,-0.18211059736460636,0.6659810281908303,-0.34419783199272425,-0.04425039958878573,-0.08252986592282488,0.04425039958878573,-0.4356046689662916,2022-09-23,AAPL
-1.235779969164557,-1.2388122515920088,-1.7268496563474554,-0.26923362717404914,-0.3925715335828068,-1.9995722846354016,1.8510186948173135,0.30126613472812586,-0.49644375599221313,0.2752084534471375,0.49644375599221313,-1.3188967153904774,2022-09-30,AAPL
-1.0548374060939498,-1.2108106862326393,-1.3592671099312734,-0.26923362717404914,0.7606412928643659,0.08919540806020576,0.5104617046989407,0.1839090498697895,-0.42656378784527105,0.20483457492409526,0.42656378784527105,-0.3928470435924064,2022-10-07,AAPL
-0.16298004992584214,-0.9666399985395973,-1.1265530451270855,-0.8224736457017935,0.6096855766816912,-0.3580239558924365,0.43565418434849124,-0.1681622047052196,-0.4897884936407301,0.06606944950536911,0.4897884936407301,-0.26822911475562944,2022-10-14,AAPL
0.47307559393734205,-0.43792761336048275,-0.7791301077261001,-0.8224736457017935,1.8887736546562448,0.8727361031836455,0.10453613154898515,0.24258759229895785,-0.16108913782791082,0.16330302172469308,0.16108913782791082,-0.07856704269354949,2022-10-21,AAPL
1.4179054597749698,0.8495704392984842,-0.06788939945495683,-0.8224736457017935,1.7875689209119854,1.0085138603588282,1.2597437581345534,0.7120159317323035,0.15208299175989487,0.4428955439677043,-0.15208299175989487,0.8497746256180208,2022-10-28,AAPL
-0.9283919033691133,-0.34706986085692865,-0.8840235683498029,-1.3757136642295382,1.7269943070462164,-2.362111231925051,1.2834428892865244,1.4161584408823216,-0.48130107131872346,0.9935935856442739,0.48130107131872346,-0.14581758815875337,2022-11-04,AAPL
-0.6531099107659083,0.47252871177498107,0.3077900712796989,-0.8224736457017935,0.9828181586918077,1.31009476357035,0.6637796780509252,1.7095511530281624,-0.06205965928349741,1.5495012044982268,0.06205965928349741,0.2329260384410352,2022-11-11,AAPL
1.008414540062284,-0.0026729418327589797,0.2839716472296172,-0.26923362717404914,0.21063784502689714,0.007957962781506445,-0.2156743065649698,1.6508726105989944,-0.0031732240469574814,1.4048426376076155,0.0031732240469574814,-0.11048336972953023,2022-11-18,AAPL
-0.31481201591261626,-0.6677752805383858,0.21365875339939536,-0.26923362717404914,-0.5535673845372843,-0.3163993966856651,-2.0114467609515243,1.5921940681698266,-0.12094552143277738,1.2342179454162168,0.12094552143277738,0.49081027995499243,2022-11-25,AAPL
-0.4724673973919534,0.33803418587198836,-0.272700844568205,-0.8224736457017935,0.12446547023435178,-0.1806785702741054,0.013329817398088771,1.5335155257406579,-0.1320559641442388,1.1622576028894178,0.1320559641442388,-0.07698232430617992,2022-12-02,AAPL
-0.6911175187354065,-0.6934783281621334,-0.9357858984763852,-0.8224736457017935,0.19295969361934343,-0.6573267740613891,-0.5929265958929525,1.4161584408823216,-0.3413073154227205,1.1058853213664843,0.3413073154227205,0.12539608965645102,2022-12-09,AAPL
-1.32535661465171,-1.220453532520191,-0.5152976518322319,-0.8224736457017935,-1.0412139976733683,-1.1910989784172636,1.0112608849604612,1.6508726105989944,-0.6246296219812189,1.2271045498668158,0.6246296219812189,-0.7411763398357222,2022-12-16,AAPL
-1.102171503056273,-1.2100344551303126,-1.1797715166562903,-0.8224736457017935,-0.6272010078697843,-0.4370532947543357,-0.24745847507466354,1.1814442711656488,-0.7227731076215256,0.8291146173873285,0.7227731076215256,0.11763405002565028,2022-12-23,AAPL
-0.6131427048845984,-1.3079559365551785,-1.3401558466709542,-1.3757136642295382,-1.2684035058614884,-0.32021421480117246,-1.0314287794277506,1.0640871863073125,-0.7942519892241323,0.7930604112997385,0.7942519892241323,0.7078487437510304,2022-12-30,AAPL
-0.3958817426078041,-1.022855894385877,-1.2210658121915814,-1.3757136642295382,2.268399132166706,-0.18252003217936127,-0.42195969354892676,1.0054086438781444,-0.8057323597619851,0.7701226528427013,0.8057323597619851,0.1707725931055412,2023-01-06,AAPL
0.29380162975351826,-0.23891178297757498,-0.9547755463787263,-1.3757136642295382,0.885205999152198,0.3493933631272738,-0.8290580787740995,0.8293730165906398,-0.615369104945344,0.5593489777633947,0.615369104945344,-0.07878205714065002,2023-01-13,AAPL
0.630904738180557,0.1416135473460816,-0.5314041337857389,-1.3757136642295382,-0.06210406875943316,0.09088868972766151,-1.3393832565670123,0.41862321958646215,-0.5001906004987141,0.31655868127506104,0.5001906004987141,-0.4517267451837891,2023-01-20,AAPL
0.8759084539939345,0.8167207060493327,0.30699852396029204,-0.8224736457017935,0.6969877537185584,0.6061123523481872,-0.6912301746965288,-0.6375905441385652,-0.20168377389673903,-0.34204676080920277,0.20168377389673903,-0.6206376420364998,2023-01-27,AAPL
1.3563961680413126,1.4155626610672418,0.9393547118978297,-0.8224736457017935,1.0877078976510453,0.938435761266286,0.8318273010145472,-0.9309832562844061,0.1157114357107067,-0.6216323020842429,-0.1157114357107067,0.8359917936438054,2023-02-03,AAPL
0.2838330059001748,0.8093421715266335,0.8833912568703549,-1.3757136642295382,0.3647941889724234,-0.42302414763049057,-0.696720957918886,-0.872304713855238,-0.00500366475570094,-0.5629251841609051,0.00500366475570094,-0.6041929414828339,2023-02-10,AAPL
-0.3210859079518032,0.6863689017814057,0.9903625068689184,-0.8224736457017935,-1.2172853208262688,-0.0180297152896383,-0.7829683832403496,-0.9309832562844061,0.05211823480700661,-0.5970150956865203,-0.05211823480700661,-0.5646460461126077,2023-02-17,AAPL
-0.542156867367322,-0.19520755607392387,0.34661338409720177,-0.8224736457017935,1.0612640692095128,-0.49102385847459584,-1.717218171715196,-0.578912001709397,-0.16449900702547593,-0.4275800545469568,0.16449900702547593,-0.1416742004867309,2023-02-24,AAPL
-0.3064444253897895,-0.4375846766455902,0.396057766150476,-0.26923362717404914,-0.6331633994339505,0.19488006764058755,-0.9595160353006446,-0.8136261714260699,-0.004262089841138025,-0.5349017035249632,0.004262089841138025,0.06549533468843871,2023-03-03,AAPL
-0.024203331476597083,-0.3997613121125619,-0.1719202593774983,-0.26923362717404914,-0.7990385517181989,-0.37553172332012863,-0.49252125854507417,-1.2830545108594154,-0.0981051286816917,-0.8754805289447466,0.0981051286816917,-0.011087562109857877,2023-03-10,AAPL
0.15516034402377935,-0.11530419457376533,-0.2768077099685173,0.2840063913536956,1.4684203025117948,0.6368265380633642,0.6312132061274738,-1.224375968430247,0.14299497398930863,-0.8648286368590002,-0.14299497398930863,-0.008265772675331365,2023-03-17,AAPL
0.8279897906214474,0.5481881189210349,0.13423903669809487,0.8372464098814396,-0.4970242002869623,0.38157399175140577,0.03806955047447816,-1.2830545108594154,0.3377271595332839,-0.9282171220255895,-0.3377271595332839,-0.06567067639213571,2023-03-24,AAPL
0.6337510963412141,0.5442313746368035,0.2782670751873757,1.3904864284091845,-0.4585852940702645,0.20871390904503603,-0.8963153394729442,-1.2830545108594154,0.5102057936805109,-0.9647876098804977,-0.5102057936805109,-0.5666346177608413,2023-03-31,AAPL
0.170864804057785,0.6920710917694327,0.5798375097872726,0.8372464098814396,0.04380866623590829,-0.16290380635207943,-1.5432453466197902,-1.224375968430247,0.5013046023567156,-0.9539142912894427,-0.5013046023567156,-1.130172464973872,2023-04-07,AAPL
-0.1556279339677117,0.3182331728973208,0.3724796798457959,0.8372464098814396,-0.30083956661299566,-0.10790099073153589,-0.8592344462115653,-1.1656974260010788,0.5217036433797966,-0.9313705862101143,-0.5217036433797966,-0.4248627081634452,2023-04-14,AAPL
-0.151727753979142,0.003985427701732595,0.49893577407523826,0.2840063913536956,-0.7650534434967114,-0.1629138496304639,-0.9272725313444811,-1.2830545108594154,0.5146563893424085,-1.1555741522472114,-0.5146563893424085,-0.2467550311337753,2023-04-21,AAPL
0.16496579362228153,-0.0027934615524715057,0.3784593155124325,0.2840063913536956,-0.5903785901499315,0.202644733988626,-0.7787775090658445,-1.2830545108594154,0.6875052378596569,-1.4378069288187718,-0.6875052378596569,-0.2206079046778945,2023-04-28,AAPL
0.4801969033351003,0.21588243159259432,0.29402635243813796,0.8372464098814396,-0.33564155856153643,0.2620069260457104,0.698760335420225,-1.2830545108594154,0.8317942827700715,-1.5540942929534438,-0.8317942827700715,0.13465897122052645,2023-05-05,AAPL
0.055232202489969,0.14523330805348542,0.037870655324277386,0.2840063913536956,0.8880615101467566,-0.20484669112101048,-0.8155728916014994,-1.224375968430247,0.8035559811161512,-1.5020807415101276,-0.8035559811161512,-0.29120281524758446,2023-05-12,AAPL
-0.0451432044399493,0.29250978592607346,0.16375196573166126,0.8372464098814396,0.5030841502016316,0.049632965759719226,-0.6456719068556572,-1.2830545108594154,0.8997567009447358,-1.9554542978428093,-0.8997567009447358,-0.3180518607986665,2023-05-19,AAPL
0.031470797632263306,0.05230427059883574,0.14984095846188542,0.8372464098814396,4.004523873833273,-0.1289719409200723,-0.6862697467242883,-1.2830545108594154,0.9097857279963981,-1.9496310495859046,-0.9097857279963981,-0.21859492869089472,2023-05-26,AAPL
0.2413558147674915,0.12753369032592657,0.4028005779756476,1.3904864284091845,0.3586768105361688,0.3253842672130277,-0.12592370945457532,-1.2830545108594154,1.0013983112206621,-2.0896845182833657,-1.0013983112206621,-0.11050882709202556,2023-06-02,AAPL
0.22183596430305053,0.1680686099536704,0.18352783604618952,1.3904864284091845,0.07068271010983135,-0.14812701104951378,0.7127107098759655,-1.2830545108594154,1.0013983112206621,-2.2224360804309162,-1.0013983112206621,0.12544953737416348,2023-06-09,AAPL
0.09981101229799297,0.22988795820380978,0.17559904249400426,1.3904864284091845,0.6040464602195229,0.23035176644319982,0.506726928188342,-1.2830545108594154,1.0013983112206621,-2.309731242093539,-1.0013983112206621,0.08685901836192232,2023-06-16,AAPL
0.22293669747798234,0.30306483503622467,0.2841432839695173,1.3904864284091845,-0.2727219441916416,-0.04342694159021104,-1.4233901020366022,-1.2830545108594154,1.0013983112206621,-2.3844926983132053,-1.0013983112206621,-0.5391419600188317,2023-06-23,AAPL
0.4436267887323453,0.37117760006856204,0.47082611294067495,1.943726446936929,-0.3351892672629973,0.4556673643374811,-0.019369033943071677,-1.1656974260010788,1.0013983112206621,-2.1990418284048157,-1.0013983112206621,-0.08811665794926327,2023-06-30,AAPL
0.09328280645744838,0.2124186921195453,0.321776332900328,1.3904864284091845,-1.1696408253665895,-0.3121796479054087,-1.7126950513068109,-0.9896617987135744,0.8893224767693901,-1.9502084977312475,-0.8893224767693901,-0.5817351419519912,2023-07-07,AAPL
-0.39489294922994544,0.016488753600255854,0.08060960853257479,1.943726446936929,-0.3276814427265531,-0.14839268515548462,-0.44859768019052176,-0.9896617987135744,0.8896625385082697,-1.9279033240745789,-0.8896625385082697,-0.15238798691048647,2023-07-14,AAPL
-0.09542132543736011,-0.009848126652824418,0.13051076052534696,1.943726446936929,0.12030942070078364,-0.03559921789193939,0.5307765490173638,-1.0483403411427425,0.93224489074753,-1.9663516875007134,-0.93224489074753,0.008570749085669715,2023-07-21,AAPL
0.1636717045894692,-0.17163043267783484,0.11828695238812494,1.943726446936929,0.5313274494000865,0.10996568369691956,-0.7987951302217028,-1.0483403411427425,1.0013983112206621,-1.9491961275598286,-1.0013983112206621,-0.11442297447150838,2023-07-28,AAPL
-0.8396709755381976,-0.6517548511685191,-0.49458040085226507,1.943726446936929,-0.2134095092470754,-1.379624986835014,0.6159019911936122,-0.4615549168510607,0.534410897603806,-0.6618052048642352,-0.534410897603806,-0.20247532224684223,2023-08-04,AAPL
-1.3369981719306092,-0.8329360541532196,-0.9102497004420439,1.3904864284091845,0.23399895552674008,-0.5681799391194533,1.2536339363578817,-0.34419783199272425,0.40079486001904174,-0.5528238554970274,-0.40079486001904174,-0.46064893204999585,2023-08-11,AAPL
-0.6878488562787859,-1.035699626322933,-0.9211298125725375,0.8372464098814396,-0.36104373894927966,-0.43059035788226807,-0.1306659889770383,-0.28551928956355604,0.28929779377270415,-0.4706723237560103,-0.28929779377270415,0.0019238239752780127,2023-08-18,AAPL
-0.120832649553973,-1.0097247561529874,-0.763858726107008,0.8372464098814396,-0.3128158755832934,0.18676898300910333,-0.47544974481551167,-0.34419783199272425,0.4285014915682465,-0.5165603696618001,-0.4285014915682465,0.13398554414579167,2023-08-25,AAPL
0.9129005484302102,0.11440230790124742,-0.39596806960743836,0.8372464098814396,-0.22012712008039484,0.773330871766456,-0.1327043034881949,0.1839090498697895,0.7950958363892157,0.02803376912409365,-0.7950958363892157,-0.10171994274590392,2023-09-01,AAPL
-0.21022337597872398,-0.2359989495231512,-0.9592319664338862,0.2840063913536956,-0.1003588416118737,-1.1826399417696205,0.6474248483367022,0.5946588468739668,0.413971909082212,0.4660181409529364,-0.413971909082212,-0.06320993972585845,2023-09-08,AAPL
-1.1507621365295377,-0.22915410315738394,-0.5815118717289938,-0.26923362717404914,-0.8251759057288135,-0.5471712016508318,2.17492316057556,0.5946588468739668,0.30686667191796935,0.47046106407595034,-0.30686667191796935,-0.03806553718289503,2023-09-15,AAPL
-0.4218349795155355,-0.4412448178917436,-0.4344814806456232,-0.8224736457017935,-0.8307073483502974,-0.17008344326282115,0.3714473851020023,0.24258759229895785,0.29943190293724414,0.20812307025944354,-0.29943190293724414,-0.10568010959135285,2023-09-22,AAPL
-0.45605477917509923,-1.0934969478388574,-0.4484978892529668,-0.8224736457017935,-0.07584558434208735,-0.47513990785948584,0.12350271766311116,0.30126613472812586,0.17847387060402756,0.23024224447010636,-0.17847387060402756,-0.11312801237680419,2023-09-29,AAPL
0.017138407765148023,-0.2887951404707643,-0.35723096613355804,-0.8224736457017935,-1.3891191019100089,0.38293553534669306,-0.3533013596837138,0.5946588468739668,0.39065970964324465,0.4789083684475982,-0.39065970964324465,-0.06212558929490021,2023-10-06,AAPL
0.38866397737388186,-0.06411503828021281,-0.7195429774606171,-0.8224736457017935,-1.6277086487205161,-0.0458255913562698,-0.6939967273347484,0.6533373893031351,0.4366114860491468,0.4866565674340016,-0.4366114860491468,-0.14765099570594026,2023-10-13,AAPL
-0.5103034964887094,-0.3501992768218968,-0.528254126627866,-1.3757136642295382,-0.428051578702225,-0.6856208029015719,0.17490189958033134,0.5946588468739668,0.23489919104425694,0.48381237790991594,-0.23489919104425694,-0.07719029728361501,2023-10-20,AAPL
-0.9364006101864623,-0.40709235265885424,-0.5942070229682666,-1.3757136642295382,0.3293460752434408,-0.5836819538366349,0.19711738572457235,0.1839090498697895,0.0774503483920173,0.015603156407408959,-0.0774503483920173,-0.0832599944260848,2023-10-27,AAPL
0.0981204258496855,-0.2962841178936841,-0.2340172835391318,-0.8224736457017935,0.37089996123655,0.7302229924303492,0.7042352359390476,0.5359803044447988,0.36227785259386486,0.3944931606231405,-0.36227785259386486,-0.08429987926660136,2023-11-03,AAPL
1.2151955295281276,0.12428072763704887,0.345284275773817,-0.26923362717404914,-1.15573734772152,0.8058075882635773,0.5012218409449843,1.0640871863073125,0.7000030534971704,0.7520192903213491,-0.7000030534971704,0.019517184713869724,2023-11-10,AAPL
0.778435203798642,0.603804364621546,0.19949001212074552,-0.26923362717404914,-1.5385510533525577,0.10962993104066994,-0.34114058040509926,1.0640871863073125,0.8113106192947311,0.7768883646472263,-0.8113106192947311,-0.2302583323926402,2023-11-17,AAPL
0.0643162576899531,0.8832124106886405,0.15162326043098143,-0.26923362717404914,-1.1149461178570865,-0.13687102314355387,-2.5755466817929267,0.30126613472812586,0.8207830387054373,0.3787663581250791,-0.8207830387054373,-1.554666257515391,2023-11-24,AAPL
-0.07551457095970998,0.47619241931244977,0.4727982068895865,0.2840063913536956,-1.3211215565849506,-0.06760127231665002,-1.1485388000990857,-0.22684074713438793,0.863750183043102,-0.19870732576311012,-0.863750183043102,-0.5425798876102839,2023-12-01,AAPL
0.20518992711312553,0.1796310305456245,0.8901941031789385,0.8372464098814396,-0.6568592832613303,0.1862187681957275,-0.41031880376916996,-0.4028763744218924,1.0013983112206621,-0.22237249089957445,-1.0013983112206621,-0.17663766484509322,2023-12-08,AAPL
0.24191842062849042,0.10647572420535129,0.5619833320256767,1.3904864284091845,0.789059446685419,0.05059378207036144,1.7846930641806236,-0.4028763744218924,1.0013983112206621,-0.18644159715884479,-1.0013983112206621,0.28685620798560413,2023-12-15,AAPL
-0.316850984816014,-0.08877670765496,-0.030132016968005576,1.3904864284091845,-0.015252889307140324,-0.4109231966177928,-0.7983541545358188,-0.4028763744218924,0.8686230557746148,-0.13807612192045318,-0.8686230557746148,-0.1515777906251208,2023-12-22,AAPL
-0.5044022285320338,-0.19638100291705757,-0.20246974058089753,0.8372464098814396,-0.6792644985324239,-0.1983480375172591,-1.864220854531266,-0.4615549168510607,0.8328370949638917,-0.19124097666500067,-0.8328370949638917,-0.1404943341155996,2023-12-29,AAPL
-0.9964741387940887,-0.9012832462994683,-0.6486503999058989,0.2840063913536956,-0.6386680036586404,-1.086812072057267,0.10515613345722552,0.5359803044447988,0.45323880871407113,0.5884254503815225,-0.45323880871407113,-0.10169769564467612,2024-01-05,AAPL
-0.6167444221944114,-0.7683224230329839,-0.5142180290091459,0.8372464098814396,0.43995905804179986,0.21185329095142053,-0.48683426702629806,0.35994467715729417,0.6117675014928198,0.47878896437177515,-0.6117675014928198,0.11033196585225234,2024-01-12,AAPL
0.5499677195726983,-0.346804909383073,-0.466034257613493,1.3904864284091845,1.6078436593342795,0.30746289894986895,-0.13486285445381774,0.12523050744062136,0.8003958232925789,0.37078180951201456,-0.8003958232925789,-0.059071489043375294,2024-01-19,AAPL
0.26562173391397315,-0.2600653868827719,-0.501456083806396,1.3904864284091845,1.0642100761621742,-0.0820586600829168,-0.16593637189884367,-0.22684074713438793,0.8291573707991304,0.08549569588657599,-0.8291573707991304,-0.06875941377936683,2024-01-26,AAPL
-0.5591307402150385,-0.030745555542755997,-0.6031916716146966,0.8372464098814396,0.9772145873680814,-0.8093044339238782,1.1865318919913728,-0.4615549168510607,0.6094268881359899,-0.17370245853604097,-0.6094268881359899,0.08556215325023611,2024-02-02,AAPL
-0.5591307402150385,-0.030745555542755997,-0.6031916716146966,0.8372464098814396,0.9772145873680814,-0.8093044339238782,1.1865318919913728,-0.4615549168510607,1.0013983112206621,-0.17370245853604097,-1.0013983112206621,0.08556215325023611,2020-01-03,AMD
-0.5591307402150385,-0.030745555542755997,-0.6031916716146966,0.8372464098814396,-0.6538397836846594,-0.8093044339238782,1.1865318919913728,-0.4615549168510607,0.9429352904887309,-0.17370245853604097,-0.9429352904887309,0.08556215325023611,2020-01-10,AMD
0.43092254461725243,-0.030745555542755997,-0.6031916716146966,0.8372464098814396,-1.2598916293808409,-0.8093044339238782,1.1865318919913728,-0.4615549168510607,1.0013983112206621,-0.17370245853604097,-1.0013983112206621,0.08556215325023611,2020-01-17,AMD
0.39671921495188894,-0.030745555542755997,-0.6031916716146966,0.8372464098814396,-1.7611442842555658,-0.8093044339238782,1.1865318919913728,-0.4615549168510607,0.9261486708212971,-0.17370245853604097,-0.9261486708212971,0.08556215325023611,2020-01-24,AMD
-1.162162721321456,-0.5416356648965066,-0.6031916716146966,0.8372464098814396,0.23513840489640023,-0.8093044339238782,1.1865318919913728,-0.4615549168510607,0.49151869722684327,-0.17370245853604097,-0.49151869722684327,0.08556215325023611,2020-01-31,AMD
-0.3363658527854647,0.02678356448186699,-0.6031916716146966,0.8372464098814396,-0.8610379333482852,-0.8093044339238782,1.1865318919913728,-0.4615549168510607,0.8457097925724455,-0.17370245853604097,-0.8457097925724455,0.08556215325023611,2020-02-07,AMD
2.0718733504124205,0.4934378419901439,0.6943331418300112,0.8372464098814396,1.4308043600279396,-0.8093044339238782,1.1865318919913728,-0.4615549168510607,1.0013983112206621,-0.17370245853604097,-1.0013983112206621,0.08556215325023611,2020-02-14,AMD
0.7294407175744292,0.2514050599570214,0.4613189698049575,0.8372464098814396,-1.0444252543344468,-0.8093044339238782,1.1865318919913728,-0.4615549168510607,0.7588816019378143,-0.17370245853604097,-0.7588816019378143,0.08556215325023611,2020-02-21,AMD
-2.442680748415855,-0.536575760958859,-1.09116534939381,0.8372464098814396,-0.5892970527720642,-0.8093044339238782,1.1865318919913728,-0.4615549168510607,-0.17295471835907847,-0.17370245853604097,0.17295471835907847,0.08556215325023611,2020-02-28,AMD
-1.3004610906607001,-0.4546151626874285,-0.5662131640225612,0.8372464098814396,0.4586841634818061,-0.8093044339238782,1.1865318919913728,-0.4615549168510607,0.19858525706830565,-0.17370245853604097,-0.19858525706830565,0.08556215325023611,2020-03-06,AMD
-0.6219424277685032,-2.0506114999581895,-0.7920792886642258,0.8372464098814396,1.0353698796296784,-0.8093044339238782,1.1865318919913728,-0.4615549168510607,-0.36171108780120287,-0.17370245853604097,0.36171108780120287,0.08556215325023611,2020-03-13,AMD
-2.532913531746219,-2.4882139037797,-1.7941379455560136,-1.3757136642295382,-0.49287903898396024,-0.8093044339238782,1.1865318919913728,-0.4615549168510607,-0.8742212234690879,-0.17370245853604097,0.8742212234690879,0.08556215325023611,2020-03-20,AMD
0.5978038165665744,-0.044577272044807915,-1.4614728346340975,-0.8224736457017935,2.556635218003974,-0.8093044339238782,1.1865318919913728,-0.4615549168510607,-0.041541617667937514,-0.17370245853604097,0.041541617667937514,0.08556215325023611,2020-03-27,AMD
0.7784408468980075,-1.3298542969858562,-1.7732958897927849,-0.8224736457017935,0.07259509649628064,-0.8093044339238782,1.1865318919913728,-0.4615549168510607,-0.5182119825027521,-0.17370245853604097,0.5182119825027521,0.08556215325023611,2020-04-03,AMD
0.31250808831192317,0.6331309058323963,0.15300878159256423,-0.8224736457017935,-0.6293119095905735,-0.8093044339238782,1.1865318919913728,-0.4615549168510607,0.17349746305789743,-0.17370245853604097,-0.17349746305789743,0.08556215325023611,2020-04-10,AMD
4.009212258832799,3.478241755195473,0.8894592383499866,-0.26923362717404914,1.4300904615041787,-0.8093044339238782,1.1865318919913728,-0.4615549168510607,1.0013983112206621,-0.17370245853604097,-1.0013983112206621,0.08556215325023611,2020-04-17,AMD
1.8734187305953736,1.5387329886571937,1.726402577829219,-0.26923362717404914,-1.460590335672443,-0.8093044339238782,1.1865318919913728,-0.4615549168510607,0.9523662985500975,-0.17370245853604097,-0.9523662985500975,0.08556215325023611,2020-04-24,AMD
-1.6914178642990505,1.234709384831839,1.5774239134067038,-0.8224736457017935,1.1351011417530084,-0.8093044339238782,1.1865318919913728,-0.4615549168510607,0.21688299110662673,-0.17370245853604097,-0.21688299110662673,0.08556215325023611,2020-05-01,AMD
-0.8572791450632611,0.6102494828085614,0.7223124995512088,-0.8224736457017935,-1.0131677270375266,-0.8093044339238782,1.1865318919913728,-0.4615549168510607,0.6033033477478458,-0.17370245853604097,-0.6033033477478458,0.08556215325023611,2020-05-08,AMD
0.9232789773024228,-0.6241563375096887,1.6744758949845036,-0.26923362717404914,1.177143669584933,0.14152555952710055,-0.03895769196668367,-0.4615549168510607,0.7212144273730474,-0.17370245853604097,-0.7212144273730474,-0.04571069327501373,2020-05-15,AMD
0.29444980203439924,-0.41156787988666754,0.7109534152283374,0.2840063913536956,-0.17957385333525405,0.04983340688366792,-0.9977306471271495,-0.4615549168510607,0.8344552189248957,-0.17370245853604097,-0.8344552189248957,0.06194503711625307,2020-05-22,AMD
-0.27354152251040836,0.4289267710863564,-0.6719598436483691,-0.26923362717404914,-0.1700231491923673,-0.44800730785171083,-0.7852051367313773,-0.4615549168510607,0.6745168907280878,-0.17370245853604097,-0.6745168907280878,-0.5316893748831315,2020-05-29,AMD
-0.6573408325668598,-0.2698187293842457,-0.7109654077881284,-0.26923362717404914,0.9770301059436098,-0.2787240986151322,-1.2502433784813554,-0.4615549168510607,0.5927964242697656,-0.17370245853604097,-0.5927964242697656,-0.054138337389676036,2020-06-05,AMD
-0.25057098490700214,-0.3675021443663122,0.2171928122147909,0.2840063913536956,0.36894324705979403,-0.03536105122125736,-0.10112530233251181,-0.4615549168510607,0.6394939609147252,-0.17370245853604097,-0.6394939609147252,-0.05782910205882792,2020-06-12,AMD
0.09141741610799253,-0.4033885397653686,-0.16909611551340295,0.2840063913536956,-1.286785468091953,-0.001335105439674914,-1.0859005666905088,-0.4615549168510607,0.7247165867521694,-0.17370245853604097,-0.7247165867521694,0.0624792423168765,2020-06-19,AMD
-0.9888140179815224,-0.8536792345388652,-0.862664029659773,0.2840063913536956,0.012799930967980003,-1.0277475722878244,-0.940105698658215,-0.4615549168510607,0.24256623545471143,-0.17370245853604097,-0.24256623545471143,0.3887065676939727,2020-06-26,AMD
-0.6233564511040156,-0.3796651953380579,-0.6852632254095616,0.2840063913536956,-1.1059501909338445,0.1579455857217036,-1.824824737922468,-0.4615549168510607,0.5040716390531995,-0.17370245853604097,-0.5040716390531995,0.11954594508415714,2020-07-03,AMD
1.2895207238822701,0.13210522080537226,-0.02987614021134533,0.2840063913536956,-0.7158699667292999,0.6158826694797366,-0.8667951553016794,-0.4615549168510607,0.9173433687367349,-0.17370245853604097,-0.9173433687367349,-0.3812950609027781,2020-07-10,AMD
0.4773164085379755,-0.12508816530426686,-0.04537136715469244,0.2840063913536956,-1.1459071674487582,-0.3077754918922856,-0.9935463750685147,-0.4615549168510607,0.8192788980548913,-0.17370245853604097,-0.8192788980548913,-0.19129203320946936,2020-07-17,AMD
2.9013316112670835,3.097865230564522,1.8536779485515051,0.8372464098814396,4.822239339737071,6.400282373428552,1.9756284753587448,-0.4615549168510607,1.0013983112206621,-0.17370245853604097,-1.0013983112206621,5.333301625707722,2020-07-24,AMD
5.000467392222143,3.917205617998161,2.805246280803529,0.8372464098814396,2.3880086731613415,2.471133018708441,1.4459702992213785,-0.4615549168510607,1.0013983112206621,-0.17370245853604097,-1.0013983112206621,5.155014116565269,2020-07-31,AMD
2.6552566535354596,4.257233102964949,4.741771405707001,0.8372464098814396,0.296291244843045,1.5887955650802896,0.5513257673639019,-0.4615549168510607,1.0013983112206621,-0.17370245853604097,-1.0013983112206621,2.055958135816468,2020-08-07,AMD
0.45687697457796883,3.8975516092446068,3.719561265215729,0.2840063913536956,0.2663628988811023,-0.8253056117832634,0.14178408820473726,-0.4615549168510607,0.7249431532385481,-0.17370245853604097,-0.7249431532385481,0.340241975675039,2020-08-14,AMD
-0.33564196954850295,1.5521353364595714,3.329900588011843,0.8372464098814396,1.335423070564641,0.14361858989595488,-1.206987054208984,-0.4615549168510607,0.9204084554049459,-0.17370245853604097,-0.9204084554049459,-2.088711936971931,2020-08-21,AMD
0.48609915512714325,0.6576655686188317,3.7269836790727338,1.3904864284091845,-0.4787077360180936,0.07876045039323568,-0.8690884449893419,-0.4615549168510607,1.0013983112206621,-0.17370245853604097,-1.0013983112206621,-0.8582186173264561,2020-08-28,AMD
-0.45304934172022104,-0.5464141137479078,1.0122315673452396,0.8372464098814396,-0.6216822717917456,-0.9210321133885082,0.619132929044907,-0.4615549168510607,0.7279771722952337,-0.17370245853604097,-0.7279771722952337,-0.23456764611516728,2020-09-04,AMD
-1.5504365380526715,-0.7860981627752734,-0.4141064543243464,0.2840063913536956,-0.6823261144402677,-0.930586002317558,-0.7955763690233871,-0.4615549168510607,0.29003958976641153,-0.17370245853604097,-0.29003958976641153,0.3590268870889419,2020-09-11,AMD
-1.2788831346067808,-1.17729183838629,-1.163310352540444,0.2840063913536956,1.0862483941689967,-0.3976263391241663,-0.3839620258131408,-0.4615549168510607,0.18113489444437722,-0.17370245853604097,-0.18113489444437722,0.31299744008905683,2020-09-18,AMD
0.10733687677339085,-1.0171185342367421,-0.6018916109420098,0.2840063913536956,0.16643537945659664,0.44571092023136727,-0.23573378122237468,-0.4615549168510607,0.42288833866220626,-0.17370245853604097,-0.42288833866220626,0.13394858766031564,2020-09-25,AMD
0.9879379618066921,-0.2773788550344854,-0.4862727899648792,0.2840063913536956,-0.16198350826532898,0.5439737472971417,-0.19118194105266356,-0.4615549168510607,0.7117573491313582,-0.17370245853604097,-0.7117573491313582,-0.06443256864599872,2020-10-02,AMD
0.6425998214435984,0.5156397880276067,-0.5201906096053649,0.8372464098814396,-1.0993845365864092,0.08946066453202665,-0.08890141410994665,-0.4615549168510607,0.8121658624233561,-0.17370245853604097,-0.8121658624233561,-0.16210114871625952,2020-10-09,AMD
0.03370140456460914,0.7020577296046161,-0.20849609447581322,0.8372464098814396,-1.1459513900163771,-0.14007307526965296,-0.8676404886688931,-0.4615549168510607,0.817572470144648,-0.17370245853604097,-0.817572470144648,-0.9344633521204564,2020-10-16,AMD
-0.35425197822845805,0.17976357425314704,0.22479821444776227,0.2840063913536956,-0.41287331347773787,-0.30623066164065377,-0.8436276032905828,-0.4615549168510607,0.7241150570902914,-0.17370245853604097,-0.7241150570902914,-0.45869195944125657,2020-10-23,AMD
-1.3860341415835453,-0.9477769772444565,-0.2765432379342314,-0.26923362717404914,-0.7021446454862728,-1.9552029079966646,1.1928906564331827,-0.4615549168510607,0.20894047394703408,-0.17370245853604097,-0.20894047394703408,-0.8869255788973972,2020-10-30,AMD
0.429467852847054,0.03608203314379679,0.41831051874747194,0.2840063913536956,-0.36283683723287014,1.7970090912689285,-0.2903524545897518,-0.4615549168510607,1.0013983112206621,-0.17370245853604097,-1.0013983112206621,-0.1693184402365442,2020-11-06,AMD
0.8588903745201338,-0.43718324788659885,-0.34450060686866735,-0.26923362717404914,0.9985345754804154,-0.8239704244349307,-0.430752784876943,-0.4615549168510607,0.6590119674664943,-0.17370245853604097,-0.6590119674664943,0.020678613995149694,2020-11-13,AMD
-0.3634244004100189,0.0295126352783388,-0.1765321696208258,-0.26923362717404914,-0.032745458296110114,0.24405151137737824,-0.9917358553422915,-0.4615549168510607,0.9059918784124924,-0.17370245853604097,-0.9059918784124924,-0.3642249487634232,2020-11-20,AMD
0.7211658100733487,1.1205903317610564,0.04059684567978839,0.2840063913536956,-1.1433649052801387,0.09711756226949578,-1.2350198236502574,-0.4615549168510607,1.0013983112206621,-0.17370245853604097,-1.0013983112206621,-1.8919385403143745,2020-11-27,AMD
1.234629323937473,0.5719106190739454,0.7622565129922866,0.8372464098814396,0.9690118598252963,1.069329414597973,0.007977696022073301,-0.4615549168510607,1.0013983112206621,-0.17370245853604097,-1.0013983112206621,-0.09067731936543491,2020-12-04,AMD
0.47180069562372806,0.8372911649378356,1.271543335119947,0.8372464098814396,-1.2221112538489192,-0.4286603363916877,-0.8623521452354586,-0.4615549168510607,0.833466137945904,-0.17370245853604097,-0.833466137945904,-1.00919472256314,2020-12-11,AMD
0.07500155843177056,0.9048649632900984,0.5401822485136666,0.8372464098814396,-0.44139143826573274,0.49281898028971244,-0.3884968200155408,-0.4615549168510607,1.0013983112206621,-0.17370245853604097,-1.0013983112206621,-0.47992556235606665,2020-12-18,AMD
-0.1573353419081404,0.20610194325328496,0.6171469292545628,0.2840063913536956,-0.3844335702197841,-0.49753082926139663,-1.6044930366888226,-0.4615549168510607,0.7182711936186663,-0.17370245853604097,-0.7182711936186663,-0.6833989503781589,2020-12-25,AMD
-0.7384593257091265,-0.47074270312013783,0.2970134168749325,-0.26923362717404914,-0.693325965029228,-0.1575023139530036,-1.5791135208259528,-0.4615549168510607,0.7113825621009009,-0.17370245853604097,-0.7113825621009009,0.23202813494254498,2021-01-01,AMD
0.204626053416087,0.023163833253167416,0.30595399757873987,-0.26923362717404914,-0.8765649138208725,0.3170842493870098,-0.12195983630630579,-0.4615549168510607,0.9090894926310341,-0.17370245853604097,-0.9090894926310341,-0.10897837489093479,2021-01-08,AMD
-0.6655336130932953,-0.9546973558315972,-0.763210487129787,-0.26923362717404914,0.51750563748646,-1.4043436233348563,0.64790054487186,-0.4615549168510607,0.47027677999683903,-0.17370245853604097,-0.47027677999683903,-0.46379026861957195,2021-01-15,AMD
-0.42056155637369536,-0.16218503240623033,-0.2209247933697167,0.2840063913536956,-0.4952458357177816,0.5880816323875279,-0.2865114434555705,-0.4615549168510607,0.7857810438581179,-0.17370245853604097,-0.7857810438581179,-0.09495130370979958,2021-01-22,AMD
-0.5505634804052231,-0.8311681191494923,-1.09235287029475,-0.26923362717404914,-0.03455712607952834,-1.6738855902934895,0.9364996479064671,-0.4615549168510607,0.29323626958889804,-0.17370245853604097,-0.29323626958889804,-0.5141104492171206,2021-01-29,AMD
-0.8506298348060912,-0.8698229522892355,-0.62182071488322,0.2840063913536956,0.43965863521490206,0.15990941757120905,-0.7983808649360822,-0.4615549168510607,0.4489218646210974,-0.17370245853604097,-0.4489218646210974,0.3820027001687308,2021-02-05,AMD
1.0292798330350643,0.2935202164424491,-0.14789882029741475,0.2840063913536956,0.7878112200366881,0.7946789204295824,-0.28496717313566805,-0.4615549168510607,0.8532903685286736,-0.17370245853604097,-0.8532903685286736,-0.226940697945504,2021-02-12,AMD
0.06381071251622959,-0.5561923537658575,-0.6966966431956372,-0.26923362717404914,-0.4915615206437102,-0.5766659178623706,-1.1646091492084554,-0.4615549168510607,0.5646526610538029,-0.17370245853604097,-0.5646526610538029,0.26275828533745266,2021-02-19,AMD
-1.4370524866374788,-0.36993566919713944,-0.6171391398733929,-0.8224736457017935,-0.3642241798394128,-1.1035102120751836,0.27331627388425395,-0.4615549168510607,0.2153937348572462,-0.17370245853604097,-0.2153937348572462,-0.09605276531454747,2021-02-26,AMD
-1.7517407904006639,-1.1838920324367195,-1.431970469404363,-0.8224736457017935,0.8576113808686323,-1.3305338449141897,0.2364184231588658,-0.4615549168510607,-0.1972419677818818,-0.17370245853604097,0.1972419677818818,-0.25045842124086254,2021-03-05,AMD
-0.7009094255408197,-1.435768947102212,-0.702023144649326,-0.8224736457017935,-0.7979901748422173,0.36475905896145744,0.09282078758566353,-0.4615549168510607,-0.022956489525930247,-0.17370245853604097,0.022956489525930247,-0.13802073795239764,2021-03-12,AMD
-0.0919918736289606,-1.2772379479903688,-1.0442411484706011,-0.8224736457017935,-0.8830064984310605,-0.5530786195192201,0.23799244505155548,-1.0483403411427425,-0.16004272690327323,-1.0443388401549871,0.16004272690327323,-0.22680174135604642,2021-03-19,AMD
-0.7514452987292792,-0.9863289313559661,-1.582643474952888,-0.8224736457017935,1.6284828086351504,-0.49400559481812806,0.25939437535773846,-1.0483403411427425,-0.27370646086864303,-1.0178175229431246,0.27370646086864303,-0.19210333700219961,2021-03-26,AMD
0.14739585204278624,0.029787939919957533,-1.0020348286250573,-0.8224736457017935,-0.795914093277966,0.4397789744706755,-0.7892679686488105,-0.6375905441385652,-0.02020145737394078,-0.9160274001748195,0.02020145737394078,-0.2437296256731031,2021-04-02,AMD
0.7004972246357329,-0.07145831622834613,-0.46241170989386854,-0.26923362717404914,-0.29042455859079047,0.12595131246504299,-0.5403926760708085,-1.0483403411427425,0.09484084380521536,-0.9986079998281849,-0.09484084380521536,-0.14891392282079546,2021-04-09,AMD
-0.013109773930095516,0.08508988397963897,0.025264763863739798,-0.8224736457017935,0.8379241148717332,-0.2886859310174967,0.8842598547963708,-1.1656974260010788,0.05281950830728135,-1.1133272290716159,-0.05281950830728135,0.14083841371220024,2021-04-16,AMD
-0.17956504013161778,0.34644898835541577,-0.15783629613934375,-0.26923362717404914,-0.1916016291192921,-0.036050461411495996,-0.08151629136356414,-1.224375968430247,0.09484084380521536,-1.3257207507351532,-0.09484084380521536,-0.1170688016277644,2021-04-23,AMD
-0.26171817175106843,-0.198203292381676,-0.07563789319679307,-0.8224736457017935,-0.5225986469516951,-0.48478521663355323,2.149978127843428,-1.2830545108594154,0.01630928825111835,-1.323713282106144,-0.01630928825111835,0.01644983857965775,2021-04-30,AMD
-0.7873275897736948,-0.6705095567327122,-0.17978486734543878,-1.3757136642295382,-1.182277256820441,-0.7720966913856219,0.6244442019127411,-1.2830545108594154,-0.17726456848213482,-1.6048903326438062,0.17726456848213482,-0.26193859578106243,2021-05-07,AMD
-1.2763360068821439,-1.0560735622248956,-0.8955366200227984,-1.3757136642295382,-0.8568993558093213,-1.0264481881873042,0.2279969581219416,-1.224375968430247,-0.46796933842434135,-1.516692280551838,0.46796933842434135,-0.18238313386521718,2021-05-14,AMD
-0.44454876579189,-0.8429866700493784,-0.8036438541799631,-0.8224736457017935,-0.5284812458186703,0.42723602204558314,0.34601166169229897,-1.224375968430247,-0.290239807193955,-1.4789424719066866,0.290239807193955,-0.18348553198798678,2021-05-21,AMD
0.7576710913187836,-0.41931398181349067,-0.49512504906734306,-0.26923362717404914,-0.3478522806675456,0.35432480192671906,-0.6620049935330441,-1.2830545108594154,-0.08977731894293652,-1.6693262988452728,0.08977731894293652,0.0018405272237637061,2021-05-28,AMD
0.5481264392702779,0.0508281900184921,-0.41542379549916914,-0.26923362717404914,-0.3526043078418606,0.0366015519605747,-1.5913865127790052,-1.2830545108594154,0.013553730530232932,-1.68406027511425,-0.013553730530232932,-0.3893027249511603,2021-06-04,AMD
0.016020326322914384,0.5290547270702787,-0.33921782593288613,-0.26923362717404914,-0.38562580100996796,-0.18309963953606542,-1.3814605670157258,-1.2830545108594154,-0.005046152693519236,-1.7069957394194692,0.005046152693519236,-0.8432408953681778,2021-06-11,AMD
0.29962904766565857,0.5885571059824773,0.22832629033691032,0.2840063913536956,-0.08094722643613504,0.5386043096580301,0.33761603339258867,-1.224375968430247,0.225037924095897,-1.6253665408055904,-0.225037924095897,0.10692802312613928,2021-06-18,AMD
0.49541460215682165,0.3470437551522524,0.7657983544958249,0.2840063913536956,-1.009567480733305,0.0011019625066391347,-0.6777508027040589,-1.2830545108594154,0.2918587535129033,-1.7501716145142185,-0.2918587535129033,-0.35772077980897954,2021-06-25,AMD
1.3322397715879521,1.1446835544808873,1.3434342311952163,0.2840063913536956,0.7013442540600668,1.8909678714642328,1.0215514938393806,-0.8136261714260699,0.9173556402247942,-0.9668417827115104,-0.9173556402247942,0.8728122315693644,2021-07-02,AMD
0.6056984651258321,0.7714656392673808,0.6728334096718035,0.2840063913536956,-0.5893059489228333,-0.6771831701684253,-0.7035812449124467,-0.578912001709397,0.6555839635674361,-0.8054464785724929,-0.6555839635674361,-0.5514860168918289,2021-07-09,AMD
-1.3641948382136828,-0.127593813066909,0.07335797831571196,-0.26923362717404914,0.5754267546004892,-0.8218032236607457,-0.9472558073713505,-0.4615549168510607,0.31045811116775957,-0.5577650489564075,-0.31045811116775957,-0.1516865551080797,2021-07-16,AMD
-0.004458264109060923,0.4087221146303406,0.6597348758097306,0.2840063913536956,-0.1946168190649277,0.7576567136537854,-0.851007880480031,-0.22684074713438793,0.7416931714617438,-0.3015190578087242,-0.7416931714617438,-0.46907664635526286,2021-07-23,AMD
2.830045735388179,0.8009441025177517,1.5423192864831252,0.8372464098814396,1.8348371777474246,5.582995455778008,3.56404357013347,1.0640871863073125,1.0013983112206621,0.4928715352964893,-1.0013983112206621,2.721963550613457,2021-07-30,AMD
2.302240747674751,1.5842896832397138,1.7723351434317325,1.3904864284091845,-0.9846449778152125,1.6727480166027624,3.4925589847248,0.41862321958646215,1.0013983112206621,0.18603336246819685,-1.0013983112206621,5.270143627151181,2021-08-06,AMD
0.34326405627944573,2.243865721841289,0.9078333831299339,1.3904864284091845,1.3998141567413822,-0.03366068281898312,1.3888554267675484,0.47730176201563046,1.0013983112206621,0.2716107576681405,-1.0013983112206621,5.0689322896198306,2021-08-13,AMD
-0.8109912927106644,0.9255633464829534,0.7904960661847591,0.8372464098814396,-0.20591589910249444,-1.2402170452063959,0.5429841445159412,1.240122813594817,0.6487497566636486,0.6321186003989477,-0.6487497566636486,0.9781926767625152,2021-08-20,AMD
-0.08165748253574955,0.17194236293206824,1.8523049041954838,0.8372464098814396,0.14594492918967422,0.8692121141510127,0.047066363664151414,1.2988013560239853,1.0013983112206621,0.733596411214187,-1.0013983112206621,-0.057694297656562726,2021-08-27,AMD
0.46168577349996087,-0.2701104721022152,1.0933733558109902,0.8372464098814396,-1.0379089919259021,-0.3209235366916534,-0.2649388999409621,1.3574798984531533,0.9136121119134504,0.8065051233880751,-0.9136121119134504,-0.061737154840238014,2021-09-03,AMD
-0.8882670149885441,-0.6763064557392394,-0.3794688515206991,0.2840063913536956,-1.228051332563267,-0.4867573972776151,-0.7977622648656215,1.47483698331149,0.6336458767358374,1.045252005696947,-0.6336458767358374,0.5084418373943003,2021-09-10,AMD
-0.8792734947771891,-0.3191330837237143,-0.7237587577268179,-0.26923362717404914,-1.259401662544319,-0.2966381056166999,-0.37268638759560346,1.5335155257406579,0.555350273045192,1.126483167524631,-0.555350273045192,-0.022920590725789076,2021-09-17,AMD
-0.10693826330613175,-0.6926246637600211,-0.6245824359908152,-0.26923362717404914,-1.7701561307360556,0.043458857481888144,-0.5003904690473182,1.1814442711656488,0.6692351577614545,0.7691891364449841,-0.6692351577614545,0.35077514022992995,2021-09-24,AMD
-0.35485660991436613,-0.8465880687695001,-0.464705850511897,-0.26923362717404914,0.5237101452831826,-0.670204651416345,0.11486345987039842,1.1227657287364807,0.47052999800228396,0.7730457863307866,-0.47052999800228396,-0.16098456132063857,2021-10-01,AMD
-0.2686298392977803,-0.2666744202110994,-0.7261793625420419,0.2840063913536956,-1.1063707666756333,0.13232969913275253,-0.43454661204626993,0.47730176201563046,0.6253418318395952,0.5624788981457717,-0.6253418318395952,-0.059561500105058826,2021-10-08,AMD
1.0223440347825035,0.4353133984915947,-0.16572997415074522,0.2840063913536956,0.3571443714924938,0.6610301720417068,-0.3340827502169353,0.41862321958646215,1.0013983112206621,0.5259404216025579,-1.0013983112206621,-0.533502624663108,2021-10-15,AMD
1.609416517737461,0.8982834571865294,0.7009447831802016,0.2840063913536956,-0.315776860580121,0.6414827248412984,-0.3994250694119136,-0.578912001709397,1.0013983112206621,-0.5046404790732227,-1.0013983112206621,-0.9572667151929354,2021-10-22,AMD
0.741509158204535,1.2554346563911893,0.83514224415676,0.2840063913536956,0.7711900070071372,-0.08910805854825897,0.23861686674420646,-0.6962690865677335,1.0013983112206621,-0.5580387541872195,-1.0013983112206621,0.47390974957171095,2021-10-29,AMD
1.5760830572609381,2.336327422312454,1.7914705612733741,0.2840063913536956,1.9703748551266524,2.238970380880803,0.27409431359430964,0.35994467715729417,1.0013983112206621,0.4002079686006131,-1.0013983112206621,0.999853636130486,2021-11-05,AMD
2.749952373243019,2.521705196766862,2.919817829103214,0.8372464098814396,0.0808613687147539,1.8611011139330742,0.9644103381268432,0.24258759229895785,1.0013983112206621,0.26181898617358323,-1.0013983112206621,3.8659450348471305,2021-11-12,AMD
1.6015189975036535,2.330185049630756,3.1800308715208825,0.8372464098814396,0.037537971889107624,0.5642550488666408,-0.15533714176220811,0.1839090498697895,1.0013983112206621,0.22801670365600882,-1.0013983112206621,-0.8621740666116443,2021-11-19,AMD
0.41626720419155333,2.2482513975266434,2.462428452159372,0.8372464098814396,-0.19168637173752723,-0.19394303242449687,-0.4423251096546696,0.0665519650114532,0.9758874311798987,0.19507734854370185,-0.9758874311798987,-1.9537298116462118,2021-11-26,AMD
-1.1136428586381557,0.2345523216850321,1.1592954598532696,0.8372464098814396,-0.22756132282275848,-1.3000051179525165,0.13601311552214979,0.5946588468739668,0.5166961318265637,0.47578830609642747,-0.5166961318265637,0.010115938359088607,2021-12-03,AMD
-1.5170170888727348,-0.804779387399293,0.7985792187254251,0.8372464098814396,1.0511924115202687,-0.6444808121550238,-0.29689923678975816,0.8880515590198077,0.2845498482838604,0.6289590998330239,-0.2845498482838604,0.19835020936153946,2021-12-10,AMD
-0.733091196508409,-1.2441457032812469,-0.2362010250625595,0.2840063913536956,-0.754274852663628,-0.23625862360642894,-0.04075101196666691,0.9467301014489761,0.25053555781905246,0.6800070631734054,-0.25053555781905246,0.03496360472152463,2021-12-17,AMD
0.5180114833727362,-0.7425394729038877,-0.39775659930483803,0.8372464098814396,0.2752506075067685,0.5386986644693581,-0.795715665738902,0.6533373893031351,0.6072590423257813,0.5503188332307719,-0.6072590423257813,0.324733774375341,2021-12-24,AMD
0.3889473142848311,-0.2617397851982585,-0.851126865443355,0.2840063913536956,-1.6320198729882405,-0.39169635733079805,0.07165492158415677,1.0054086438781444,0.5120191587780448,0.6691813625084265,-0.5120191587780448,-0.06965667030883975,2021-12-31,AMD
-1.4116399655508947,-0.6665662846304429,-1.385006089438552,-0.26923362717404914,-0.08005134431203577,-1.8281752225287842,1.0872789294176362,1.5335155257406579,0.0060587777081493625,1.1341155580461013,-0.0060587777081493625,-0.4244825636793371,2022-01-07,AMD
-0.8007665269718608,-0.3100624643967269,-0.6722543818199559,-0.26923362717404914,-0.807055367841235,0.701001513245065,1.6112571032481027,1.4161584408823216,0.2135453656517119,1.0128252361247623,-0.2135453656517119,-0.1412472065296907,2022-01-14,AMD
-1.451977093096261,-1.8828082658196286,-1.349553286204832,-0.8224736457017935,0.7114302182651628,-2.615197715356206,0.6897024819429464,1.7095511530281624,-0.5547498008187983,1.8935845658577548,0.5547498008187983,-0.9999225191054465,2022-01-21,AMD
-3.122992849413286,-2.5934403806527926,-2.0309779808267363,-1.3757136642295382,1.8153249001266907,-3.4545041241823378,2.653556688389458,1.6508726105989944,-1.131714988905157,1.4491805039658519,1.131714988905157,-4.887879062693764,2022-01-28,AMD
0.33381554314559014,-0.8089689731801428,-1.4352307543254372,-1.3757136642295382,1.8918751108835101,5.195782056012579,2.5955197000676384,1.7095511530281624,-0.3510899746350762,2.452324607852248,0.3510899746350762,-1.2975494046435716,2022-02-04,AMD
0.7811545244023473,-1.7621034452590785,-1.866866746209878,-1.9289536827572826,1.8293755107547813,-2.35357501894703,1.8194848054964823,1.6508726105989944,-0.7941243400446858,2.375826921250925,0.7941243400446858,-2.702697977406823,2022-02-11,AMD
-1.1861090733710324,-0.6199162091217544,-1.3144067412116198,-1.3757136642295382,-0.8879981675816202,0.014355299180947788,2.0514706583300173,1.7095511530281624,-0.7664877695900686,2.3250742010842367,0.7664877695900686,-0.8036201058531004,2022-02-18,AMD
0.7070053140659972,1.0532885923999902,-1.1535736980347802,-0.8224736457017935,-0.49020935103252145,1.3502345124827453,1.3320545723510808,1.7095511530281624,-0.45908497381887975,2.3756982471181227,0.45908497381887975,1.7609718882117715,2022-02-25,AMD
-0.7858813160686988,-1.3247556363203408,-0.9492804375858889,-0.8224736457017935,0.5958495615178643,-2.755294425846625,1.575362619430869,1.7095511530281624,-0.9969336305554146,2.5592508611823974,0.9969336305554146,-1.7694785986725734,2022-03-04,AMD
-1.9435267123757143,-0.9387517215382398,-0.3773122979255186,-0.8224736457017935,-0.03860947756061561,-0.9446805843159144,0.9666066805103171,1.7095511530281624,-1.1721066749958413,2.4864270615108617,1.1721066749958413,-0.7336289396425045,2022-03-11,AMD
0.41360397210041183,-0.2833830165393214,-0.9092404907707015,-0.8224736457017935,1.4401691680722555,1.6567443471899788,0.9097903322376535,1.7095511530281624,-0.7822194356972973,2.5600849775662327,0.7822194356972973,-0.09499176748309826,2022-03-18,AMD
1.6983261141999368,-0.35502754479277115,0.10622085738081355,-0.26923362717404914,-0.31643537666058696,0.9212751130762131,0.7470524435806708,1.7095511530281624,-0.5181845521036398,2.614545718779131,0.5181845521036398,-0.1424497572480036,2022-03-25,AMD
-0.7710236966318148,-0.27275446460677216,-0.6725252879779845,-0.26923362717404914,0.17921456271316083,-2.1232434218819707,0.9256825517715691,1.7095511530281624,-1.0062875766524526,2.586968617950881,1.0062875766524526,-0.0855112583383308,2022-04-01,AMD
-2.1661896932505367,-0.5296668858692772,-1.5187755720963343,-0.8224736457017935,0.18371664346094554,-1.2745592304577427,0.2780814586022167,1.6508726105989944,-1.3119899498462844,2.4852237076241495,1.3119899498462844,-0.13683232740870485,2022-04-08,AMD
-1.9603388802859256,-1.8200243290362397,-1.3431163880313082,-0.8224736457017935,-0.6253924742361517,-1.108813702380867,-0.6688754121137114,1.47483698331149,-1.6495805987067553,2.125949849494138,1.6495805987067553,0.9394632459141453,2022-04-15,AMD
-1.800913804847415,-2.548317980729487,-1.439754990628736,-0.8224736457017935,-0.012533673139864065,-0.8593390909067753,-0.4281859809724035,1.2988013560239853,-1.8587676092276753,1.7841193931354427,1.8587676092276753,0.8904694394431045,2022-04-22,AMD
-1.211292979326485,-2.07887288373952,-2.105632051559044,-1.3757136642295382,-0.48589372151026977,-0.6116754970792299,0.012614741102224792,0.7706944741614714,-1.9701641023348224,0.41348670348128447,1.9701641023348224,-0.04049018166799803,2022-04-29,AMD
0.8606331619393897,-0.7428486058797161,-1.7927554778384065,-0.8224736457017935,0.7516009512588598,2.736129750834566,2.07413285081198,0.9467301014489761,-1.5526402925816614,0.9005246279950911,1.5526402925816614,-0.8569425616028362,2022-05-06,AMD
1.2498576235014722,-0.062421721969752486,-1.1916786816550087,-1.3757136642295382,0.021108081568025402,-0.19959694792561125,1.5287048031060717,0.8880515590198077,-1.5619939142943848,0.8406435644861759,1.5619939142943848,0.14795187430783988,2022-05-13,AMD
-0.42531794347945917,0.2742063032587439,-0.8525490428054474,-1.9289536827572826,-1.0192028320048325,-0.5342471005660318,1.7950834993872666,0.8293730165906398,-1.6308727065126796,0.5686089248100841,1.6308727065126796,0.5905864939796167,2022-05-20,AMD
0.776270446208771,1.4486205969101675,0.40870570026914477,-1.3757136642295382,-0.29722107094101863,1.5086994426159168,0.5928213308408087,0.8293730165906398,-1.2584175558987216,0.5964080176714581,1.2584175558987216,0.5928412827166631,2022-05-27,AMD
1.563667370848297,0.7454704386916574,1.18952865787848,-0.8224736457017935,-0.26196961544762154,0.3812380974017056,-0.6005618580984664,0.8293730165906398,-1.0866460053816391,0.5465244010406244,1.0866460053816391,-0.48989508331345255,2022-06-03,AMD
-1.1060195722757495,-0.2825427315739644,0.4807267563406088,-1.3757136642295382,-0.32145824418373375,-1.623383835001477,-0.6011430977484296,0.8293730165906398,-1.5747493543147666,0.5747019835195982,1.5747493543147666,-0.05905443183178382,2022-06-10,AMD
-3.141992521954608,-1.365638949507307,-1.3637946417763807,-1.9289536827572826,0.6937470750090032,-2.123125065272647,-0.44602575245123643,1.0054086438781444,-2.1381088910920645,0.8001945612100297,2.1381088910920645,0.2508146621314455,2022-06-17,AMD
-1.2190009603243406,-1.5471264418398434,-0.927352154818862,-1.3757136642295382,-1.1894010292398374,0.580610196993034,-1.381380298044411,1.0054086438781444,-1.9038362683668784,0.8136400379705642,1.9038362683668784,1.0861557752813562,2022-06-24,AMD
-1.4128219120065928,-2.926818877689901,-1.85669641873195,-1.3757136642295382,1.4133831580132428,-2.301778117790831,-0.4485755139879972,1.2988013560239853,-2.473998792990864,1.217884621342634,2.473998792990864,0.7754954406540508,2022-07-01,AMD
-1.309928428564151,-1.6751252779890557,-1.943767055640217,-0.8224736457017935,0.2204133851374926,0.6739707515324075,-1.3127252483502603,1.2988013560239853,-2.232498238966808,1.2798145042171019,2.232498238966808,1.231938861214792,2022-07-08,AMD
1.1064298667627246,-0.30417490006638004,-2.0379981335688515,-0.26923362717404914,0.538850068156954,0.12186829999711613,-0.8627738530671131,1.240122813594817,-2.1576669945748193,1.1867236543820472,2.1576669945748193,-0.03787515024371225,2022-07-15,AMD
1.2245993656160787,-0.15314116281125945,-0.827878230025198,0.2840063913536956,1.7516441126029645,1.0256478248743368,-0.48945661588109357,1.47483698331149,-1.860468356189347,1.2884515619465733,1.860468356189347,-0.10831528142614111,2022-07-22,AMD
1.9178718534595338,2.2023377562004804,0.8406295957009018,0.2840063913536956,-0.5980872432275378,0.7166186365673861,-0.8830900806565402,1.1227657287364807,-1.589630484749002,1.0614007401026317,1.589630484749002,-1.7578117122182144,2022-07-29,AMD
1.8743145472047862,2.2633578927753977,0.9626632012571037,0.8372464098814396,-0.37271773545744086,1.3467372035881382,0.6223038366780869,1.4161584408823216,-1.2562918654848678,1.1637935427552428,1.2562918654848678,1.0648052016646352,2022-08-05,AMD
0.6777097763188779,1.8610310637945378,2.374408292085541,0.8372464098814396,-0.49743020620818484,-0.3430290354822002,-0.515120928055592,1.3574798984531533,-1.3192178811451538,1.1177052421659708,1.3192178811451538,-0.9667575978738393,2022-08-12,AMD
-0.9711470447169921,0.5204445004583157,1.212578805598541,0.2840063913536956,-0.7637478161369353,-0.674084435137166,-1.0793067097910316,1.0054086438781444,-1.5267044690887162,0.9564196433075101,1.5267044690887162,-0.7571924248558053,2022-08-19,AMD
-1.3982583766553345,-0.5582085428625178,0.5929661080134483,-0.26923362717404914,-1.267080127942569,-0.6464311427001674,-1.1965561430122615,0.9467301014489761,-1.7295137595994454,0.9258944617777727,1.7295137595994454,0.24305247080751327,2022-08-26,AMD
-2.2644784567255414,-2.1326459070941106,-0.9615356570840278,-0.26923362717404914,1.2480256387538413,-1.6539128716831721,-0.6555445695372251,1.1814442711656488,-2.1946575111264743,0.9570704576751967,2.1946575111264743,1.026504534671394,2022-09-02,AMD
-0.9797900429614667,-1.582715132432643,-1.0071668213121885,0.2840063913536956,-0.675207467438831,0.4959743356246053,-1.1858561204012619,0.41862321958646215,-1.9731403284216693,0.560724012204273,1.9731403284216693,1.3143552186879082,2022-09-09,AMD
-0.7715003614626359,-2.0185265030663544,-2.14876597315482,-0.26923362717404914,-1.0156734773801857,-1.5034646199606572,-0.5358029681771532,0.5946588468739668,-2.3532483537866784,0.7074483055283879,2.3532483537866784,0.8288967423013418,2022-09-16,AMD
-2.7859258360245818,-2.471607789519527,-2.6865784544621225,-0.26923362717404914,0.019212333687063557,-1.677626788827265,-0.4204394474394903,0.30126613472812586,-2.7167748261400946,0.40346634924903524,2.7167748261400946,0.7569063336289935,2022-09-23,AMD
-2.36815508142355,-2.086097388151093,-2.7861113468795558,-0.8224736457017935,-0.3925715335828068,-1.217741279762077,0.06753361787703643,0.1839090498697895,-2.912356185351955,0.27184171701904747,2.912356185351955,-0.119584011569438,2022-09-30,AMD
-1.9633415254105109,-3.0062827699939416,-2.927551693854565,-1.3757136642295382,0.7606412928643659,-1.6292848834970624,1.142176939692647,0.1839090498697895,-3.1215433580650314,0.2943961722470245,3.1215433580650314,-1.8337413400295317,2022-10-07,AMD
-1.6707986322658541,-2.59513769163687,-2.5178987081276882,-1.9289536827572826,0.6096855766816912,-1.0235676156368796,1.691990314790511,-0.34419783199272425,-3.2278376102871635,-0.09855753563079905,3.2278376102871635,-2.1445200107339417,2022-10-14,AMD
-0.09676482791463664,-1.4256714411918667,-2.5820311019111175,-1.9289536827572826,1.8887736546562448,0.6870626537574275,0.23896646400622765,-0.5202334592802289,-3.1053865863134638,-0.24591193919093526,3.1053865863134638,-0.2027788596649823,2022-10-21,AMD
1.2021645157459333,-0.44054181455183217,-1.692278462077103,-1.9289536827572826,1.7875689209119854,0.6831809844414998,-0.07270501682961603,-0.6375905441385652,-2.9697551788672,-0.46070618541625846,2.9697551788672,-0.05892665259845689,2022-10-28,AMD
0.5499959009992746,0.3034164578650114,-0.9301066137558693,-1.3757136642295382,1.7269943070462164,-0.09613382919847213,0.9482660528982625,-0.6375905441385652,-2.962101979731834,-0.43184056666455345,2.962101979731834,0.2061350950505445,2022-11-04,AMD
1.947863841779177,2.3012772831198847,0.7244762351523323,-0.8224736457017935,0.9828181586918077,2.456549566635177,0.1292907600283289,0.6533373893031351,-2.5292716095157832,0.5582994006655658,2.5292716095157832,0.06420927037038537,2022-11-11,AMD
2.1505565568363383,1.9275142122132942,1.5746559451508988,-0.26923362717404914,0.21063784502689714,0.13538096302621333,0.5752765395096385,0.6533373893031351,-2.4782504982028866,0.5249511199970828,2.4782504982028866,0.5586582253750135,2022-11-18,AMD
0.30782593501101396,1.5878490570408377,2.189019544935301,0.2840063913536956,-0.5535673845372843,0.02706808318616278,-2.2227554723033216,0.1839090498697895,-2.41149772078276,0.2082588593635656,2.41149772078276,-2.487477122672097,2022-11-25,AMD
0.06448355724690599,1.534930809340839,1.6900474387431839,-0.26923362717404914,0.12446547023435178,-0.17477444084656704,-1.021759074754521,-0.1681622047052196,-2.4183003842451325,0.059572364697891136,2.4183003842451325,-1.2762747102036187,2022-12-02,AMD
-1.2895756878014097,-0.7097048790670935,0.46153205307024175,-0.26923362717404914,0.19295969361934343,-1.1169545296828285,-1.1541589145089626,-0.22684074713438793,-2.689988791358471,-0.04756784437810481,2.689988791358471,0.2930828677098239,2022-12-09,AMD
-1.8048267283654913,-1.2204696557230679,0.06567432196350513,-0.26923362717404914,-1.0412139976733683,-0.7432492845113913,-0.7341236734455298,-0.7549476289969016,-2.8251947687760803,-0.33517063365130145,2.8251947687760803,0.44558589826544065,2022-12-16,AMD
-0.9351623909571931,-1.4852518293949288,-1.1018080514316935,-0.26923362717404914,-0.6272010078697843,-0.29718780263010797,-1.2792833871569824,-0.9309832562844061,-2.8630358210007287,-0.47917908613660687,2.8630358210007287,1.0140414834000497,2022-12-23,AMD
-0.30415911597444134,-1.440283872094824,-1.182994589554273,0.2840063913536956,-1.2684035058614884,-0.12349599926161052,-2.0598875947555646,-1.2830545108594154,-2.8524063957785155,-0.7090684627286281,2.8524063957785155,1.770478955576455,2022-12-30,AMD
-0.2900870126013211,-0.842619032255084,-1.395548525434817,0.2840063913536956,2.268399132166706,-0.26401819135579774,-1.3617847032557642,-1.2830545108594154,-2.8868456296955056,-0.7858866045221053,2.8868456296955056,0.6152537402395303,2023-01-06,AMD
1.0452520448910987,0.48874184197295606,-0.6982671480357749,0.2840063913536956,0.885205999152198,1.1575275678603505,-0.7721812456271508,-0.9896617987135744,-2.5875209765118647,-0.538500283578163,2.5875209765118647,-0.594207456725119,2023-01-13,AMD
1.0368719959645263,0.49360736941921046,-0.15434315984696823,-0.26923362717404914,-0.06210406875943316,-0.25357247268436783,-1.4552744975559515,-1.1070188835719108,-2.6270624513138703,-0.5550657029330078,2.6270624513138703,-1.084045673111243,2023-01-20,AMD
0.609569963827307,1.1733678179340348,0.8011604051844297,-0.26923362717404914,0.6969877537185584,0.8864878055421836,-0.3631691455574213,-0.8136261714260699,-2.4004430277240503,-0.4436080327308714,2.4004430277240503,-0.6189194474753259,2023-01-27,AMD
2.7317361286880857,2.756396904776132,2.124106066265654,-0.26923362717404914,1.0877078976510453,2.6128361520667056,0.7728901041503171,-1.1656974260010788,-1.945929025803549,-0.6147433769479784,1.945929025803549,2.0901137187005774,2023-02-03,AMD
0.8472428211867764,1.029637005904639,1.5680398907281738,-0.8224736457017935,0.3647941889724234,-0.8011840426261592,-0.6213558021170725,-0.8136261714260699,-2.1419353284675906,-0.45923361032053056,2.1419353284675906,-0.9048283800828426,2023-02-10,AMD
-1.3022184676103326,0.792046122201011,1.3446639890307055,-1.3757136642295382,-1.2172853208262688,-0.5810744808305256,-0.6732699687391357,-0.6375905441385652,-2.26863821984547,-0.3899971545581383,2.26863821984547,-0.8196471698496016,2023-02-17,AMD
-0.7093582511709927,0.055427653137826154,0.41597737231827475,-1.3757136642295382,1.0612640692095128,-0.20447107197508413,-0.894827902074397,-0.578912001709397,-2.2860706329143703,-0.37377840601782264,2.2860706329143703,-0.3582492211199476,2023-02-24,AMD
0.3103193859990821,-0.7171231724284888,0.8789628579332329,-0.8224736457017935,-0.6331633994339505,0.4089894467099179,-0.5471391919112485,-1.1656974260010788,-2.1402349058902335,-0.6150307861040162,2.1402349058902335,0.18627505781426623,2023-03-03,AMD
0.5672741146388711,-0.12797487047114023,0.3909148670609578,-0.26923362717404914,-0.7990385517181989,0.10287212596971969,0.48006151633073385,-1.2830545108594154,-2.09133948499119,-0.7395134100989755,2.09133948499119,-0.016003167301215093,2023-03-10,AMD
2.369687277319431,1.8892552596141008,0.6828160150981746,0.2840063913536956,1.4684203025117948,3.903294366883311,1.3179544040793412,0.007873422582284881,-1.4463460403595296,-0.025400397330103852,1.4463460403595296,2.4236835828916625,2023-03-17,AMD
2.1740326065072666,1.9584727904433523,1.1611116379962028,0.2840063913536956,-0.4970242002869623,-0.12360003885773484,1.4892194924735975,0.0665519650114532,-1.4416690673110109,-0.0010452468934097994,1.4416690673110109,2.7229998788385976,2023-03-24,AMD
-0.15743897758087927,1.5055256708086562,1.4991564254144358,0.8372464098814396,-0.4585852940702645,-0.1397672867157606,-0.04612014346147863,0.007873422582284881,-1.4391177846763457,-0.014355541646093532,1.4391177846763457,-0.19179562068326497,2023-03-31,AMD
-0.8919793309320826,0.7766872325064365,1.0300539159788293,0.2840063913536956,0.04380866623590829,-0.7606615480806368,-1.0165374770470836,0.1839090498697895,-1.6746658865267072,0.05261609828707574,1.6746658865267072,-0.9894052767402024,2023-04-07,AMD
-0.9928840295479183,-0.7968539144354322,0.6027166059086879,0.2840063913536956,-0.30083956661299566,-0.25137707403683646,-0.5219408013421665,0.1839090498697895,-1.7052786830681714,0.057708746123102186,1.7052786830681714,0.18777463455324067,2023-04-14,AMD
-0.7359013810215047,-1.1010336048529326,0.19606836805353225,-0.26923362717404914,-0.7650534434967114,-0.5951783254565849,-0.6793741352092048,0.24258759229895785,-1.84643743704379,0.07326116406732185,1.84643743704379,0.4575772934136867,2023-04-21,AMD
-0.5098792160991436,-1.022367449515048,-0.9422512249587488,-0.26923362717404914,-0.5903785901499315,-0.0015926919342168395,-0.3425770479204977,-1.0483403411427425,-1.8064706944052877,-0.47628771090681665,1.8064706944052877,0.18757961713119653,2023-04-28,AMD
0.02347191589893179,-0.5026420773701784,-0.9147667147048278,0.2840063913536956,-0.33564155856153643,-0.02048950199807853,1.7807977459685649,-1.224375968430247,-1.7864876474703513,-0.5969577364425233,1.7864876474703513,-0.44637900007648873,2023-05-05,AMD
0.659663622432173,0.077881954320873,-0.5159656376336069,0.8372464098814396,0.8880615101467566,1.0689228908648172,0.9304255174019709,-1.224375968430247,-1.5560414621206906,-0.5995483967118636,1.5560414621206906,0.21125722208306616,2023-05-12,AMD
2.085412867253702,1.4565319436027664,0.7402698482299777,1.3904864284091845,0.5030841502016316,1.9483752454020606,0.7354712300034939,-0.7549476289969016,-1.1070546445373868,-0.3478874710522444,1.1070546445373868,0.9844797733206759,2023-05-19,AMD
4.067250634389183,3.4126336422684345,2.4898979889725905,1.3904864284091845,4.004523873833273,3.9926862464117785,1.1367037808438327,0.8880515590198077,-0.20525424761093883,0.4725067408746325,0.20525424761093883,3.324682864169436,2023-05-26,AMD
1.2692588333541586,2.459514196132191,2.11310974758101,0.8372464098814396,0.3586768105361688,-1.2635057662378846,-0.014733124954149532,1.1227657287364807,-0.5951414869094825,0.7508634835765191,0.5951414869094825,-0.17635651943025676,2023-06-02,AMD
-0.3910761171115863,2.45490535034051,2.586513082010755,0.8372464098814396,0.07068271010983135,0.8834874945115117,0.4193643196948908,0.30126613472812586,-0.2949666224371632,0.1262317621321346,0.2949666224371632,0.7514772392522824,2023-06-09,AMD
0.0602871032802699,0.9178061674665801,2.140742644257735,0.2840063913536956,0.6040464602195229,-1.0426275884114027,1.730192709859543,0.41862321958646215,-0.5007521390347393,0.2199038629089434,0.5007521390347393,1.4748700978244353,2023-06-16,AMD
-1.699420851124393,-1.4212603902849648,0.8165363428191348,-0.26923362717404914,-0.2727219441916416,-1.325605968562143,-0.3445937477728168,0.8293730165906398,-0.9289053740101133,0.4858949930992387,0.9289053740101133,0.28829432739019506,2023-06-23,AMD
-0.8338563902869992,-0.5467929431378562,0.24543476485544083,0.2840063913536956,-0.3351892672629973,0.38172485385594945,-0.1269851160666687,0.6533373893031351,-0.7630862756667249,0.3598438429810214,0.7630862756667249,-0.03220697751767048,2023-06-30,AMD
0.1862075804762172,-1.0737714798546543,-1.1064536498684268,0.2840063913536956,-1.1696408253665895,-0.20082785201655293,-1.6393538745018206,0.6533373893031351,-0.7945496078811825,0.36877306874943366,0.7945496078811825,1.0419414769635278,2023-07-07,AMD
0.04736434715680053,-0.5551720509910192,-0.43023084744859286,0.8372464098814396,-0.3276814427265531,0.21885634971206136,-0.10765483526112596,0.47730176201563046,-0.6767753947638442,0.282782215540223,0.6767753947638442,-0.03456766110446522,2023-07-14,AMD
-0.4293571601837707,-0.18072083518950208,-1.1262956654745548,0.2840063913536956,0.12030942070078364,-0.8723493144793136,0.3040267938614924,0.8293730165906398,-0.8889389557559259,0.41449185144097356,0.8889389557559259,-0.05301557129208757,2023-07-21,AMD
-0.5068607236434389,-0.327680700485591,-0.7435316995835888,0.2840063913536956,0.5313274494000865,0.0870469189677867,-0.5694049948271461,0.8293730165906398,-0.8034782861417237,0.4168683101489209,0.8034782861417237,-0.03368006657967258,2023-07-28,AMD
0.37936665941798065,-0.05128260573046169,0.0732254705367338,0.2840063913536956,-0.2134095092470754,0.4550960244300891,1.8332160777244024,0.6533373893031351,-0.6818776356488598,0.38659048442640565,0.6818776356488598,0.22347114696305095,2023-08-04,AMD
-0.7871693775214719,-0.8834399750281902,-0.7170429421988332,-0.26923362717404914,0.23399895552674008,-1.1621055021417024,-0.2853253367631928,0.47730176201563046,-1.032648667981895,0.3159114583482954,1.032648667981895,0.10053379719664582,2023-08-11,AMD
-1.319689181220094,-0.6865546001434033,-0.8085340029753458,-0.8224736457017935,-0.36104373894927966,-0.4249955174467005,-0.3346135337776452,-1.2830545108594154,-1.1227863106446156,-1.1685804089581087,1.1227863106446156,0.06546820394578831,2023-08-18,AMD
-0.8093282262046553,-1.0803177351535456,-1.1718063881202294,-0.8224736457017935,-0.3128158755832934,-0.6387561981895513,0.148939116793724,-1.2830545108594154,-1.2588428237352183,-1.3019975685270795,1.2588428237352183,-0.14662295145545953,2023-08-25,AMD
0.3034606719455029,-0.7337924910266231,-0.41004348668999663,-0.8224736457017935,-0.22012712008039484,0.7770046109657532,-0.5813240460976724,-1.224375968430247,-0.952715507089205,-1.1926066040024603,0.952715507089205,0.15601990878891084,2023-09-01,AMD
0.29865120277729734,-0.374842666796794,-0.754636170589772,-0.8224736457017935,-0.1003588416118737,-0.45674682424807284,-1.3378135203571924,-1.224375968430247,-1.095575008026495,-1.1890610558802541,1.095575008026495,0.053679472312693516,2023-09-08,AMD
-1.105656956973675,-0.5819477346301057,-1.2129560233810712,-0.8224736457017935,-0.8251759057288135,-0.681669020771855,-0.79427295400355,-1.2830545108594154,-1.2911563672383546,-1.4096155067114817,1.2911563672383546,0.13686718721529545,2023-09-15,AMD
-1.366641410100461,-0.770083573390443,-1.0816140941819243,-1.3757136642295382,-0.8307073483502974,-0.8104590035141863,-0.7015104560302317,-1.2830545108594154,-1.5160750438665032,-1.398293616850725,1.5160750438665032,0.2173572928302089,2023-09-22,AMD
-0.012692135632354499,-0.782328478548929,-0.4932519476469873,-0.8224736457017935,-0.07584558434208735,0.7666773289954363,-0.5396594111745743,-0.9896617987135744,-1.2346077472039447,-1.033788491886625,1.2346077472039447,0.1635825016921065,2023-09-29,AMD
1.281773643274379,-0.16074357752586596,0.04400024328207664,-0.8224736457017935,-1.3891191019100089,0.4210997662330874,-0.5411395711818284,-0.872304713855238,-1.0466795871274517,-0.9354281860258492,1.0466795871274517,-0.1118849677240201,2023-10-06,AMD
0.1015631821254172,0.05364457510868955,-0.6017683652697925,-0.8224736457017935,-1.6277086487205161,-0.42219533361130296,-0.4614895937030827,-0.9309832562844061,-1.1380927089153476,-0.9815226853307998,1.1380927089153476,-0.18785334972135953,2023-10-13,AMD
-0.824327712915986,0.2524787352188882,-0.6054660985296216,-1.3757136642295382,-0.428051578702225,-0.5694612627626953,-0.49046531350833383,-0.872304713855238,-1.2775507159292945,-0.9601539475974461,1.2775507159292945,-0.2786640517944795,2023-10-20,AMD
-1.2288975925232666,-0.796009566055005,-0.6747804496821644,-1.9289536827572826,0.3293460752434408,-0.8774202404473709,-0.4111194036748873,-0.7549476289969016,-1.5062958299329685,-0.9232692245197403,1.5062958299329685,0.12164298459852163,2023-10-27,AMD
1.1262059108794589,0.15152913489262293,0.9039665288657392,-1.3757136642295382,0.37089996123655,3.3886848920985275,1.5933562341935064,0.007873422582284881,-0.8336658148466914,0.11993702449897108,0.8336658148466914,0.36875402369276283,2023-11-03,AMD
2.7467045879672733,0.8630085834123898,0.8058660987968014,-0.8224736457017935,-1.15573734772152,0.7008158361617913,-0.1255930707785735,0.1839090498697895,-0.5641037469158364,0.19650400808973695,0.5641037469158364,-0.19630631485694816,2023-11-10,AMD
0.7699373896296438,1.3529852564828038,0.5974433778660923,-0.26923362717404914,-1.5385510533525577,0.08975631775536334,-0.40784851259017574,0.007873422582284881,-0.4777925416286411,0.1463000024882008,0.4777925416286411,-0.5850464121452941,2023-11-17,AMD
0.21987523882009463,2.0808412880569875,0.8822529076388622,-0.26923362717404914,-1.1149461178570865,-0.026608867623057142,-1.760389293149069,-0.22684074713438793,-0.4059378477078139,0.038332208117555416,0.4059378477078139,-2.9567007777303127,2023-11-24,AMD
-0.09827706090561895,0.4536177629822567,1.0895945356909278,-0.26923362717404914,-1.3211215565849506,-0.2265001893393015,-1.266784333426715,-0.28551928956355604,-0.445054054673323,-0.003432564486928533,0.445054054673323,-0.7661591924919339,2023-12-01,AMD
0.5086059669666556,0.5030680925865759,2.1431457422663938,0.2840063913536956,-0.6568592832613303,1.0553451057917795,0.9465674534254925,-0.4028763744218924,-0.12489581888175248,-0.05806398079810891,0.12489581888175248,0.4655408012058335,2023-12-08,AMD
1.6834516580034358,1.0820093505903314,1.434377664629418,0.8372464098814396,0.789059446685419,1.6929654418172908,1.7546693765662664,-0.6375905441385652,0.3100600795559944,-0.19945691804149693,-0.3100600795559944,1.722358756007886,2023-12-15,AMD
0.8753272404036992,0.9752949454739495,0.9791904813901909,0.8372464098814396,-0.015252889307140324,-0.10390950651656652,-0.42473229632214876,-0.6375905441385652,0.32919356397088156,-0.2249699478668592,-0.32919356397088156,-0.4577321106632856,2023-12-22,AMD
0.5763172996945578,1.6105695295221658,1.3065817532489885,0.8372464098814396,-0.6792644985324239,0.5651843050262814,-0.7360901754028617,-0.578912001709397,0.6612567041098405,-0.19674014042988353,-0.6612567041098405,-1.0808146076010285,2023-12-29,AMD
-0.27260582882841866,0.39708522166127547,0.6575907303857078,0.8372464098814396,-0.6386680036586404,-1.0326688330489155,-0.20583788252566174,-0.1681622047052196,0.28582532740903566,0.026599117936296397,-0.28582532740903566,-0.1804280162209069,2024-01-05,AMD
-0.25299138619385786,0.208401872479643,1.1990894769337155,1.3904864284091845,0.43995905804179986,0.8801921351876678,0.6308679497725713,-0.28551928956355604,0.625116398846864,-0.0832983694943332,-0.625116398846864,0.12637296246735222,2024-01-12,AMD
3.0962225000839507,1.904020689514221,2.2490036291179103,1.943726446936929,1.6078436593342795,5.0102018920957265,2.6091355432793977,0.6533373893031351,1.0013983112206621,0.4008403471338415,-1.0013983112206621,4.007827806108089,2024-01-19,AMD
2.4869147934401834,1.5068037892909198,1.683262844634295,1.943726446936929,1.0642100761621742,0.3611995124774019,2.62961633501462,-0.4028763744218924,1.0013983112206621,-0.10789589722662561,-1.0013983112206621,3.647334077413033,2024-01-26,AMD
0.07112035240564185,2.199404323057919,1.674744429125896,1.943726446936929,0.9772145873680814,-0.08871301222388828,1.8870664455155488,-0.1681622047052196,1.0013983112206621,-0.06445963666364066,-1.0013983112206621,4.209968108027292,2024-02-02,AMD
0.07112035240564185,2.199404323057919,1.674744429125896,1.943726446936929,0.9772145873680814,-0.08871301222388828,1.8870664455155488,-0.1681622047052196,1.0013983112206621,-0.06445963666364066,-1.0013983112206621,4.209968108027292,2020-01-03,ASML
0.07112035240564185,2.199404323057919,1.674744429125896,1.943726446936929,-0.6538397836846594,-0.08871301222388828,1.8870664455155488,-0.1681622047052196,0.9621412211420102,-0.06445963666364066,-0.9621412211420102,4.209968108027292,2020-01-10,ASML
-0.09024592403815261,2.199404323057919,1.674744429125896,1.943726446936929,-1.2598916293808409,-0.08871301222388828,1.8870664455155488,-0.1681622047052196,1.0013983112206621,-0.06445963666364066,-1.0013983112206621,4.209968108027292,2020-01-17,ASML
-0.19460908285653875,2.199404323057919,1.674744429125896,1.943726446936929,-1.7611442842555658,-0.08871301222388828,1.8870664455155488,-0.1681622047052196,0.9086828684716933,-0.06445963666364066,-0.9086828684716933,4.209968108027292,2020-01-24,ASML
-1.0020581243230933,-0.7601742181718866,1.674744429125896,1.943726446936929,0.23513840489640023,-0.08871301222388828,1.8870664455155488,-0.1681622047052196,0.5745985494175282,-0.06445963666364066,-0.5745985494175282,4.209968108027292,2020-01-31,ASML
0.21386046382135146,0.003222244228627798,1.674744429125896,1.943726446936929,-0.8610379333482852,-0.08871301222388828,1.8870664455155488,-0.1681622047052196,1.0013983112206621,-0.06445963666364066,-1.0013983112206621,4.209968108027292,2020-02-07,ASML
1.4374507038686177,0.2165903117848152,0.13714721167159155,1.943726446936929,1.4308043600279396,-0.08871301222388828,1.8870664455155488,-0.1681622047052196,1.0013983112206621,-0.06445963666364066,-1.0013983112206621,4.209968108027292,2020-02-14,ASML
-0.13656090838842547,0.0441252266569612,-0.06999033498116577,1.943726446936929,-1.0444252543344468,-0.08871301222388828,1.8870664455155488,-0.1681622047052196,0.786225564777321,-0.06445963666364066,-0.786225564777321,4.209968108027292,2020-02-21,ASML
-1.7733970047065815,-0.3775860549553219,-0.8780391891443246,1.943726446936929,-0.5892970527720642,-0.08871301222388828,1.8870664455155488,-0.1681622047052196,0.174343207768321,-0.06445963666364066,-0.174343207768321,4.209968108027292,2020-02-28,ASML
-0.9240307626483818,-0.7362732584803784,-0.5016689408642798,1.943726446936929,0.4586841634818061,-0.08871301222388828,1.8870664455155488,-0.1681622047052196,0.4124948100583821,-0.06445963666364066,-0.4124948100583821,4.209968108027292,2020-03-06,ASML
-1.0888911896885263,-1.8882550829921376,-0.927020709918597,1.943726446936929,1.0353698796296784,-0.08871301222388828,1.8870664455155488,-0.1681622047052196,-0.23845456273594007,-0.06445963666364066,0.23845456273594007,4.209968108027292,2020-03-13,ASML
-3.362232512218083,-2.8121835099365633,-2.4345835704520384,-1.3757136642295382,-0.49287903898396024,-0.08871301222388828,1.8870664455155488,-0.1681622047052196,-1.0918325956009574,-0.06445963666364066,1.0918325956009574,4.209968108027292,2020-03-20,ASML
-0.3941496499257113,-1.0128333568518781,-1.7783211566192851,-0.8224736457017935,2.556635218003974,-0.08871301222388828,1.8870664455155488,-0.1681622047052196,-0.3289110965985235,-0.06445963666364066,0.3289110965985235,4.209968108027292,2020-03-27,ASML
1.5003926722377214,-1.5692257384924808,-1.7731709649852037,-0.8224736457017935,0.07259509649628064,-0.08871301222388828,1.8870664455155488,-0.1681622047052196,-0.49624464836413745,-0.06445963666364066,0.49624464836413745,4.209968108027292,2020-04-03,ASML
1.0397794902533433,0.4176374427348213,-0.3089130217885595,-0.8224736457017935,-0.6293119095905735,-0.08871301222388828,1.8870664455155488,-0.1681622047052196,0.1764326228849915,-0.06445963666364066,-0.1764326228849915,4.209968108027292,2020-04-10,ASML
2.4774480633230307,2.948916267776771,-0.1208811066851682,-0.26923362717404914,1.4300904615041787,-0.08871301222388828,1.8870664455155488,-0.1681622047052196,0.570009120154928,-0.06445963666364066,-0.570009120154928,4.209968108027292,2020-04-17,ASML
0.5798185380884735,1.1471124163458895,0.7196164043463332,-0.26923362717404914,-1.460590335672443,-0.08871301222388828,1.8870664455155488,-0.1681622047052196,0.5212870550639733,-0.06445963666364066,-0.5212870550639733,4.209968108027292,2020-04-24,ASML
-0.8332441391601562,1.0209986803309155,1.8586967885465036,-0.8224736457017935,1.1351011417530084,-0.08871301222388828,1.8870664455155488,-0.1681622047052196,0.25295366636073746,-0.06445963666364066,-0.25295366636073746,4.209968108027292,2020-05-01,ASML
0.3684617227720599,0.6608887815000671,1.2262297271512927,-0.8224736457017935,-1.0131677270375266,-0.08871301222388828,1.8870664455155488,-0.1681622047052196,0.7850008512467767,-0.06445963666364066,-0.7850008512467767,4.209968108027292,2020-05-08,ASML
0.43554045654036866,-0.30304017734995564,1.1601283483733877,-0.8224736457017935,1.177143669584933,-0.7032277217243306,-0.15130653636788927,-0.1681622047052196,0.5359842903500286,-0.06445963666364066,-0.5359842903500286,-0.05646253390443604,2020-05-15,ASML
0.4462464292314081,0.5656602535369046,0.8509078259733314,-0.26923362717404914,-0.17957385333525405,0.9398720865829273,-0.5021254293589652,-0.1681622047052196,1.0013983112206621,-0.06445963666364066,-1.0013983112206621,-0.6474343336675417,2020-05-22,ASML
1.4296794012524379,1.318430209536407,0.5639599241191371,-0.26923362717404914,-0.1700231491923673,0.13017785686696368,-0.944367633662278,-0.1681622047052196,1.0013983112206621,-0.06445963666364066,-1.0013983112206621,-2.003526662286711,2020-05-29,ASML
1.3300176981696437,1.2552040928815125,1.3206017624368953,0.2840063913536956,0.9770301059436098,0.8255187138828417,-0.5610637107764274,-0.1681622047052196,1.0013983112206621,-0.06445963666364066,-1.0013983112206621,-1.2110812398785495,2020-06-05,ASML
0.3444527813569639,1.2483017137588412,1.3595829924928302,0.2840063913536956,0.36894324705979403,-0.6982973079286514,-0.2355128871446695,-0.1681622047052196,0.7396591884275504,-0.06445963666364066,-0.7396591884275504,-0.5773250673138626,2020-06-12,ASML
-0.05658262035654716,0.8707654293858577,1.0352188070486086,0.2840063913536956,-1.286785468091953,0.4082118580670286,-0.6616021142118522,-0.1681622047052196,1.0013983112206621,-0.06445963666364066,-1.0013983112206621,-1.0644586017326674,2020-06-19,ASML
0.5141523260197002,0.5967682685551621,1.4123288469698754,0.8372464098814396,0.012799930967980003,-0.1225338090021871,-0.9122203656299619,-0.1681622047052196,1.0013983112206621,-0.06445963666364066,-1.0013983112206621,-1.1148979105507775,2020-06-26,ASML
0.26352250432415003,0.1347538686180489,0.9171520518998367,0.8372464098814396,-1.1059501909338445,0.08367774719941595,-1.0773232239267314,-0.1681622047052196,1.0013983112206621,-0.06445963666364066,-1.0013983112206621,-0.6338981746626163,2020-07-03,ASML
1.0203863502313855,1.0839525048444227,1.1552366559801739,0.8372464098814396,-0.7158699667292999,0.46434047049756705,-0.6904627259121607,-0.1681622047052196,1.0013983112206621,-0.06445963666364066,-1.0013983112206621,-1.4241332951733885,2020-07-10,ASML
0.1742455433811889,0.2980196247988842,0.22626978127290784,0.8372464098814396,-1.1459071674487582,-0.84806630936259,0.9317529743506918,-0.1681622047052196,0.7967494703908501,-0.06445963666364066,-0.7967494703908501,0.6163249449109982,2020-07-17,ASML
-1.085744725307033,-0.11266024533363796,0.2110744828159606,0.8372464098814396,4.822239339737071,-0.8582342154971426,0.22089110787152577,-0.1681622047052196,0.5311727479700056,-0.06445963666364066,-0.5311727479700056,-0.030101918912620602,2020-07-24,ASML
-1.1711388345818456,-0.709847360838307,-0.4519366275819482,0.2840063913536956,2.3880086731613415,-0.8175887733437155,0.3221184263884618,-0.1681622047052196,0.2981479960040779,-0.06445963666364066,-0.2981479960040779,-0.2386292867147993,2020-07-31,ASML
-0.23532161097163493,-0.909882398550764,-0.22474697963389337,0.8372464098814396,0.296291244843045,0.2864949974748299,-0.5854013493429139,-0.1681622047052196,0.5042990626303532,-0.06445963666364066,-0.5042990626303532,0.3205635123708493,2020-08-07,ASML
0.4461100618529417,-0.5384925507412995,-0.352929023098461,0.8372464098814396,0.2663628988811023,0.0034183408578878516,-0.9130727359487507,-0.1681622047052196,0.5882626780425808,-0.06445963666364066,-0.5882626780425808,0.16927580802135495,2020-08-14,ASML
0.030885629383272606,-0.14998477351615935,-0.7482898663603247,0.8372464098814396,1.335423070564641,-0.1224689640660948,-1.1307656235412713,-0.1681622047052196,0.605288438716529,-0.06445963666364066,-0.605288438716529,-0.18310878588119767,2020-08-21,ASML
0.10763700077514739,0.37852426479434026,-0.3897975987145146,0.8372464098814396,-0.4787077360180936,0.05734458450636333,-0.9527233038918407,-0.1681622047052196,0.7279766318627312,-0.06445963666364066,-0.7279766318627312,-0.674286954538527,2020-08-28,ASML
-0.34039721357148506,-0.2229930760438248,-0.31669665458454077,0.8372464098814396,-0.6216822717917456,-0.7610888479863531,0.7684707494471814,-0.1681622047052196,0.5268340545193939,-0.06445963666364066,-0.5268340545193939,-0.04762055142385344,2020-09-04,ASML
-0.8587508660515502,-0.5334909594213975,-0.19805667353590106,0.2840063913536956,-0.6823261144402677,-0.5000543246249062,0.05188497830862893,-0.1681622047052196,0.3901240173114735,-0.06445963666364066,-0.3901240173114735,-0.07470400432477253,2020-09-11,ASML
-0.2169948987353082,-0.39028448134160465,-0.3061725314901515,0.2840063913536956,1.0862483941689967,0.1894526372334095,0.3351451002675722,-0.1681622047052196,0.5088062750004401,-0.06445963666364066,-0.5088062750004401,-0.10701393644860241,2020-09-18,ASML
-0.13525726310375305,-0.6906588896142204,-0.5200411510031498,-0.26923362717404914,0.16643537945659664,-0.40551999926983673,0.11130071911209288,-0.1681622047052196,0.41098879946527256,-0.06445963666364066,-0.41098879946527256,-0.10134753856769713,2020-09-25,ASML
-0.052344095078218855,-0.1939730540948457,-0.3530519755571195,-0.26923362717404914,-0.16198350826532898,0.28478287292061133,0.19525490708455812,-0.1681622047052196,0.5699010705688573,-0.06445963666364066,-0.5699010705688573,-0.06027420648185773,2020-10-02,ASML
0.8275333805570746,0.46596128021440275,-0.12877126531084349,0.2840063913536956,-1.0993845365864092,0.5297969075659185,-0.46476267279540023,-0.1681622047052196,0.8868872980242257,-0.06445963666364066,-0.8868872980242257,-0.3988388724803635,2020-10-09,ASML
0.4020540025324208,0.2333869178129057,0.07471729907342838,0.2840063913536956,-1.1459513900163771,-0.243290991087118,0.4300139431827867,-0.1681622047052196,0.8520001368280119,-0.06445963666364066,-0.8520001368280119,0.10494514598061563,2020-10-16,ASML
-0.5209927423686095,0.1814508248727488,0.08048294575574778,0.2840063913536956,-0.41287331347773787,-0.34984954233818044,-1.2232778966933577,-0.1681622047052196,0.7127874599207127,-0.06445963666364066,-0.7127874599207127,-0.5693317226732733,2020-10-23,ASML
-1.0250799969686717,-0.4618667097197192,-0.41356848624180204,-0.26923362717404914,-0.7021446454862728,-1.0181396776405203,0.688957060270917,-0.1681622047052196,0.423174054795061,-0.06445963666364066,-0.423174054795061,-0.19824343568141786,2020-10-30,ASML
0.804531532005595,0.1661501500066283,0.6451423092117979,-0.26923362717404914,-0.36283683723287014,3.0298862740460444,1.7216819198184656,-0.1681622047052196,1.0013983112206621,-0.06445963666364066,-1.0013983112206621,0.5824860439405664,2020-11-06,ASML
1.935900741896073,0.5169345501711158,0.6969620735586007,-0.26923362717404914,0.9985345754804154,0.49710416443783345,0.8104177913762153,-0.1681622047052196,1.0013983112206621,-0.06445963666364066,-1.0013983112206621,0.509585193082996,2020-11-13,ASML
0.3642811727495928,0.8180167137429306,0.36726942913680377,-0.26923362717404914,-0.032745458296110114,-0.03525243078314441,-0.7165386762385543,-0.1681622047052196,1.0013983112206621,-0.06445963666364066,-1.0013983112206621,-0.8122260160629851,2020-11-20,ASML
0.3721627029274158,1.6306402126441006,0.6783431011454837,0.2840063913536956,-1.1433649052801387,0.11297518964237355,-1.4469668340356399,-0.1681622047052196,1.0013983112206621,-0.06445963666364066,-1.0013983112206621,-2.665854071801249,2020-11-27,ASML
1.0469439658025015,0.9907871623959735,1.3749523890936954,0.8372464098814396,0.9690118598252963,0.7659254916405166,-0.09729032736599194,-0.1681622047052196,1.0013983112206621,-0.06445963666364066,-1.0013983112206621,-0.21083180526920545,2020-12-04,ASML
0.25268056299458114,0.4302755083357545,1.5677902051631785,0.2840063913536956,-1.2221112538489192,-0.5080774717370841,-0.2921802127546173,-0.1681622047052196,0.8340690272356128,-0.06445963666364066,-0.8340690272356128,-0.2608184405450541,2020-12-11,ASML
0.17278549763468617,0.8472886053712241,0.9617665414705172,0.8372464098814396,-0.44139143826573274,0.5541633301927287,-0.5711220837978876,-0.1681622047052196,1.0013983112206621,-0.06445963666364066,-1.0013983112206621,-0.6330222754169941,2020-12-18,ASML
0.6773593258797321,0.6459647808820794,0.791027435056203,0.8372464098814396,-0.3844335702197841,-0.05384549738756003,-1.5566854333248736,-0.1681622047052196,1.0013983112206621,-0.06445963666364066,-1.0013983112206621,-1.3177156456277048,2020-12-25,ASML
0.10006528940557426,0.18216906324132365,0.7914516439343098,0.8372464098814396,-0.693325965029228,-0.0818577815898831,-1.567568710230921,-0.1681622047052196,1.0013983112206621,-0.06445963666364066,-1.0013983112206621,-0.7233689744080508,2021-01-01,ASML
0.4965407114800918,0.8238651878345453,0.8695561170887163,1.3904864284091845,-0.8765649138208725,0.8443908896427201,1.4137661498478107,-0.1681622047052196,1.0013983112206621,-0.06445963666364066,-1.0013983112206621,1.3497302396774418,2021-01-08,ASML
0.859038006062103,0.6615372288856517,0.678542022506674,1.943726446936929,0.51750563748646,0.5188495422016028,0.5098659368056555,-0.1681622047052196,1.0013983112206621,-0.06445963666364066,-1.0013983112206621,0.35868503378573063,2021-01-15,ASML
1.3400117274323102,1.300850482114808,1.5687810998708887,2.496966465464673,-0.4952458357177816,1.4958905212271767,1.0014361563303864,-0.1681622047052196,1.0013983112206621,-0.06445963666364066,-1.0013983112206621,1.3760694553321875,2021-01-22,ASML
-0.018791654308689277,0.5736698239570048,0.5573896344734152,1.943726446936929,-0.03455712607952834,-1.5099433426805238,1.2203594870745091,-0.1681622047052196,0.5919056184392201,-0.06445963666364066,-0.5919056184392201,0.8772622143923595,2021-01-29,ASML
-0.5516629549488092,0.49888256468594194,0.7399041355637165,1.943726446936929,0.43965863521490206,0.33188335230976307,-0.3160049766914593,-0.1681622047052196,0.8083130385736169,-0.06445963666364066,-0.8083130385736169,-0.33650629469408405,2021-02-05,ASML
1.3420714343450197,0.908001563400318,1.3356540737557925,1.943726446936929,0.7878112200366881,1.034576558904662,-0.18304264784522892,-0.1681622047052196,1.0013983112206621,-0.06445963666364066,-1.0013983112206621,-0.3262343393550508,2021-02-12,ASML
0.7784456725584208,0.1262571153976496,0.9151652157078776,1.3904864284091845,-0.4915615206437102,-0.22720710477948153,-0.44723937109707895,-0.1681622047052196,0.9617291907351146,-0.06445963666364066,-0.9617291907351146,-0.25940435590225036,2021-02-19,ASML
-0.837558863550099,0.28148217450012863,0.235248107077672,0.8372464098814396,-0.3642241798394128,-1.1274490304244285,1.0553306044762103,-0.1681622047052196,0.6599588359222118,-0.06445963666364066,-0.6599588359222118,0.484503735039822,2021-02-26,ASML
-1.6226134054485664,-0.6608317625616066,-0.85413913449317,0.8372464098814396,0.8576113808686323,-1.7570781981977153,1.289897844328742,-0.1681622047052196,0.2174126677380231,-0.06445963666364066,-0.2174126677380231,-0.5852272411147021,2021-03-05,ASML
-0.8410782235051697,-1.133636963942339,-0.2642186031970523,0.8372464098814396,-0.7979901748422173,0.25671527480255313,0.88148240245609,-0.1681622047052196,0.3344307524457282,-0.06445963666364066,-0.3344307524457282,-0.8112094887449596,2021-03-12,ASML
0.31283337662678656,-0.9430210805262301,-0.38258293181051606,0.8372464098814396,-0.8830064984310605,0.1643028631467761,0.32420834286105904,0.5359803044447988,0.4426073327805629,-0.20177053466804284,-0.4426073327805629,-0.2744438124392245,2021-03-19,ASML
1.9056635887041666,0.644003526235883,0.025687342482797023,0.8372464098814396,1.6284828086351504,3.9495443064212448,2.2840905922038885,1.0640871863073125,1.0013983112206621,0.6899206328361471,-1.0013983112206621,1.759135664136573,2021-03-26,ASML
1.9065180578602838,1.5624900840477076,0.21182060259308935,0.8372464098814396,-0.795914093277966,0.2648773498548609,1.2227300378102202,1.0640871863073125,1.0013983112206621,0.7088455656333341,-1.0013983112206621,2.211321331173408,2021-04-02,ASML
-0.003519044555955137,1.310240660380004,0.5521684671498712,0.2840063913536956,-0.29042455859079047,-0.23469277132078092,0.7213230657095159,1.1227657287364807,0.972567416488362,0.7755279922581897,-0.972567416488362,1.0893935670326018,2021-04-09,ASML
-0.007873167497983658,1.3073690916063176,1.328604973021139,0.2840063913536956,0.8379241148717332,0.10255104619187666,-0.27103726062663375,0.9467301014489761,1.0013983112206621,0.6209269961394429,-1.0013983112206621,-0.5451831958461907,2021-04-16,ASML
0.5549670830482247,0.37424834789373035,1.4945507906688276,0.8372464098814396,-0.1916016291192921,0.7856140658798582,1.5491540303155593,0.9467301014489761,1.0013983112206621,0.37113619140799087,-1.0013983112206621,0.8411489606972313,2021-04-23,ASML
-0.13203835257884522,-0.10481312723235583,1.0283840422310928,0.2840063913536956,-0.5225986469516951,-0.5339169134050609,-0.7562913273015409,1.0054086438781444,0.7767455912059208,0.5699962174168248,-0.7767455912059208,-0.1902869479584151,2021-04-30,ASML
-0.37760620797939715,0.10380262583808578,0.09374209948289466,0.2840063913536956,-1.182277256820441,0.14426643458941704,-0.021746365455003552,0.8880515590198077,0.8986327987936064,0.35207295546344425,-0.8986327987936064,-0.08853640950531945,2021-05-07,ASML
-0.14941602502915804,-0.20192164531768322,-0.16820863062186303,0.2840063913536956,-0.8568993558093213,-0.46492973424636574,0.8070244978785772,1.0054086438781444,0.791858314529506,0.4511604422852888,-0.791858314529506,-0.033615278140677135,2021-05-14,ASML
-0.5537092511351955,-0.6422145291774606,-0.23402396248423485,0.2840063913536956,-0.5284812458186703,-0.34725580523521615,-0.1314855854970682,0.6533373893031351,0.707505145069796,0.35364152836083057,-0.707505145069796,-0.02399475406407111,2021-05-21,ASML
0.3651620694905183,0.1387295991974379,0.04652372890998172,0.8372464098814396,-0.3478522806675456,0.5616984432998564,-0.7664335750207304,-0.22684074713438793,1.0013983112206621,-0.006887276462144594,-1.0013983112206621,-0.29982571898418336,2021-05-28,ASML
0.6985447824985025,0.07174398533789529,-0.155531026268437,0.8372464098814396,-0.3526043078418606,-0.0299650793774773,-1.2675469704492068,-0.1681622047052196,1.0013983112206621,0.06895114533887796,-1.0013983112206621,-0.3911062392834539,2021-06-04,ASML
0.2268818300659703,0.40693969675628633,0.26116811427179254,0.8372464098814396,-0.38562580100996796,0.048759928587677456,-1.2750317926579064,-0.1681622047052196,1.0013983112206621,0.11133497323461199,-1.0013983112206621,-0.7691036179933922,2021-06-11,ASML
-0.40747992344744666,0.17858722579672087,-0.17326480788161272,0.2840063913536956,-0.08094722643613504,-0.6914061694002706,-0.2117560627456829,-1.0483403411427425,0.7553016866965447,-1.2491057888052124,-0.7553016866965447,-0.15887442759768353,2021-06-18,ASML
-0.377233474373267,-0.11669973825293128,0.12091027770789985,0.2840063913536956,-1.009567480733305,0.05259937248585874,-1.4088752867553391,-0.9896617987135744,0.8988262139327359,-1.2020294946579173,-0.8988262139327359,-0.2361601640165953,2021-06-25,ASML
0.13295686266964787,-0.2010842458441102,0.23917996585827056,0.8372464098814396,0.7013442540600668,-0.12692978817052888,-0.8636177343759582,-0.9896617987135744,0.9114324863794869,-1.1920438409987177,-0.9114324863794869,-0.11155329322864266,2021-07-02,ASML
-0.08400038255597864,-0.32589547248095546,-0.14015983915264724,0.8372464098814396,-0.5893059489228333,-0.09657416798080744,-1.265004980680022,-1.0483403411427425,0.9476458704498426,-1.1845740798507083,-0.9476458704498426,0.009959191273146768,2021-07-09,ASML
-0.1817830383819458,-0.04302965619015879,-0.2676165192614858,0.2840063913536956,0.5754267546004892,-0.21921973281979318,-0.6515843293325666,-1.224375968430247,0.9102972157100592,-1.3132056909194387,-0.9102972157100592,-0.20258413724185764,2021-07-16,ASML
0.8662337955213844,0.5304183305903232,0.2226635878423167,0.8372464098814396,-0.1946168190649277,1.4436060556297137,0.5224065570686701,-0.578912001709397,1.0013983112206621,-0.6672537180937003,-1.0013983112206621,0.28534046129554747,2021-07-23,ASML
1.2897568559997232,0.7475289603142219,0.7271005259847734,0.8372464098814396,1.8348371777474246,0.16524079229768052,-0.5728906688662389,-0.5202334592802289,1.0013983112206621,-0.6322630086666098,-1.0013983112206621,-0.6357142564850843,2021-07-30,ASML
0.41853820397644315,0.9021242749603908,0.7190466310481668,1.3904864284091845,-0.9846449778152125,0.08999546967810973,-0.8524178970698361,-0.6962690865677335,1.0013983112206621,-0.7232627481495693,-1.0013983112206621,-1.0475253573452101,2021-08-06,ASML
0.18945932055620843,1.030560536029454,0.763151772460284,1.943726446936929,1.3998141567413822,-0.07095271882696395,-0.9913819176255255,-0.6962690865677335,1.0013983112206621,-0.8123525959879995,-1.0013983112206621,-1.2244124119186732,2021-08-13,ASML
-0.09990493323618217,0.21073103961566603,0.7087371474641194,1.3904864284091845,-0.20591589910249444,-0.15893661092307435,-1.156526974659427,-0.7549476289969016,0.9948647560681746,-0.9827222595998915,-0.9948647560681746,-0.5561152720081567,2021-08-20,ASML
0.5299433123572888,0.496161813397006,1.2305085787591685,1.3904864284091845,0.14594492918967422,0.5236278542969295,-0.7492268318784828,-0.578912001709397,1.0013983112206621,-0.7489368674384962,-1.0013983112206621,-0.6020602592894511,2021-08-27,ASML
0.9502181115104343,0.5764185305005597,0.7593596324458652,1.3904864284091845,-1.0379089919259021,0.2570161455300061,-0.4179968962471699,-0.5202334592802289,1.0013983112206621,-0.7245350570472477,-1.0013983112206621,-0.41811846836286737,2021-09-03,ASML
0.21716181671189463,0.5161520785320103,0.5638651600567214,1.943726446936929,-1.228051332563267,-0.13593739375871128,-0.15590874839820532,-1.1656974260010788,1.0013983112206621,-1.1105778877730372,-1.0013983112206621,-0.1795499696706736,2021-09-10,ASML
-0.15374346045004392,0.5363538035172708,0.40065376170854206,1.943726446936929,-1.259401662544319,-0.12435408148216305,1.492104918616675,-0.9309832562844061,1.0013983112206621,-1.0516411354918362,-1.0013983112206621,0.8022006099310928,2021-09-17,ASML
-0.0320447315582492,0.12005403951791978,0.4259040364700814,1.943726446936929,-1.7701561307360556,0.034647367044735686,0.5107082976799142,-1.1070188835719108,1.0013983112206621,-1.0794774103117384,-1.0013983112206621,0.07090375557635444,2021-09-24,ASML
-1.9276550932489462,-1.4347199732707183,-0.7401655174895039,1.3904864284091845,0.5237101452831826,-5.152868936078706,3.3891274760682637,1.4161584408823216,0.035443539524386516,1.3586559169197685,-0.035443539524386516,-2.988902185670966,2021-10-01,ASML
-2.2102067472193134,-1.5583230561139703,-1.20941903552776,1.3904864284091845,-1.1063707666756333,-0.55295607600013,1.7878071317732944,1.4161584408823216,-0.05232166959169521,1.3275455185868743,0.05232166959169521,-2.315437371161845,2021-10-08,ASML
0.6373559992339781,-0.9682191079028901,-0.8949064976957488,1.3904864284091845,0.3571443714924938,1.5290101697246468,0.8924542506216074,1.240122813594817,0.3973821196249876,1.1861087771719958,-0.3973821196249876,-0.7368718462633241,2021-10-15,ASML
1.0532344403144418,-0.9348084697331269,-0.8026922694669381,1.3904864284091845,-0.315776860580121,0.2155043607096395,1.5623251862318577,1.1814442711656488,0.4853758751464254,1.1049849756384897,-0.4853758751464254,-1.143891255245445,2021-10-22,ASML
0.1991897824216389,0.5787859005108797,-0.7095236210070012,1.3904864284091845,0.7711900070071372,0.07042818881438292,-0.1181816005249521,1.1227657287364807,0.5759557881911811,1.0383496538947132,-0.5759557881911811,-0.20890431027138515,2021-10-29,ASML
0.5870616117875948,1.1622876907973714,-0.4761387298572881,1.3904864284091845,1.9703748551266524,0.4612942433670426,-0.3014320912585036,1.3574798984531533,0.8521192560528463,1.123893880313546,-0.8521192560528463,-0.6012513096050341,2021-11-05,ASML
0.4619737777681985,0.4553429351397359,0.7886664705610945,1.943726446936929,0.0808613687147539,-0.08247156216866536,-0.5619387890422554,1.2988013560239853,0.8874224125530499,1.1019320411406097,-0.8874224125530499,-0.5291740917635972,2021-11-12,ASML
-0.02666878266871775,0.3797129491479955,0.9765940253940218,1.943726446936929,0.037537971889107624,-0.059010356469694054,-0.27913502283534974,0.9467301014489761,0.9296662134904824,0.910485594112102,-0.9296662134904824,-0.28522016623493496,2021-11-19,ASML
-1.220388057466148,-0.5638525435836959,-0.36098107653056943,1.3904864284091845,-0.19168637173752723,-1.5399557320310646,0.07096611791259215,1.47483698331149,0.35664517549574937,1.3267040525030847,-0.35664517549574937,-0.08237674423414823,2021-11-26,ASML
-1.4519479821005015,-1.0307260351564942,-0.5612601609040494,0.8372464098814396,-0.22756132282275848,-0.44266170741760974,1.1521452478802567,1.4161584408823216,0.2765817865567682,1.2988816909320906,-0.2765817865567682,-0.9431933464116741,2021-12-03,ASML
-0.1824954601790955,-0.9683544831601567,-0.5716118595336936,0.8372464098814396,1.0511924115202687,0.057220828838249,-0.007877860712563191,1.47483698331149,0.35527292864664184,1.296770934386167,-0.35527292864664184,-0.03985221358248439,2021-12-10,ASML
-0.5368921495730967,-1.3446264974114093,-1.1470136311314885,0.2840063913536956,-0.754274852663628,-0.914088908962525,0.5916185333938795,1.5335155257406579,0.11150058745083574,1.3171799031821902,-0.11150058745083574,-0.697666362033368,2021-12-17,ASML
0.1391671903166144,-0.039284653728942534,-0.7411674374405455,0.8372464098814396,0.2752506075067685,0.49723060598686947,-1.0870359497832751,0.12523050744062136,0.5044933945876608,0.1839711408825951,-0.5044933945876608,-0.3133134406572795,2021-12-24,ASML
0.6061581230481751,0.022655353332032016,-0.83027093085622,0.8372464098814396,-1.6320198729882405,-0.20181143651736566,-1.2950297517849718,-0.050805119846883275,0.46430990075783324,0.1581725500522874,-0.46430990075783324,-0.444225269377172,2021-12-31,ASML
-0.8995040499251546,-0.5416418057755106,-0.553024647121386,0.2840063913536956,-0.08005134431203577,-1.2696579152135978,1.2335406131612392,-0.1681622047052196,0.15900386096237049,-0.11317412658354531,-0.15900386096237049,-0.41162681903703285,2022-01-07,ASML
-1.005033546717958,-0.3170730971315349,-0.5664135044207526,-0.26923362717404914,-0.807055367841235,-0.5643555468600406,2.0334607446800046,-0.1681622047052196,0.07078301166103448,-0.1281490452344837,-0.07078301166103448,-0.1851023592037531,2022-01-14,ASML
-1.213120323375266,-1.4136990549276967,-1.1232737165051088,-0.8224736457017935,0.7114302182651628,-1.4690363806365456,0.7716214199844886,-0.050805119846883275,-0.3089439355869418,0.11122895419071088,0.3089439355869418,-0.9525166294803061,2022-01-21,ASML
-1.882350548457885,-1.90775528856346,-1.3307228783016574,-1.3757136642295382,1.8153249001266907,-2.1718202163546354,2.1639381741595365,-0.10948366227605143,-0.6883653472803002,0.0399704248250086,0.6883653472803002,-3.356187354089846,2022-01-28,ASML
-0.947921366474936,-1.4441071338084142,-1.66244770265916,-1.3757136642295382,1.8918751108835101,0.042337408493410444,0.04944675931589202,-0.10948366227605143,-0.6285854518166588,0.06493808327126514,0.6285854518166588,-0.0937550783738904,2022-02-04,ASML
-0.50986858512492,-1.614558908283141,-1.8480048314010222,-1.9289536827572826,1.8293755107547813,-0.6353436228735113,-0.43384679953865934,-0.22684074713438793,-0.815932009730816,0.007885582858841328,0.815932009730816,0.629773042096503,2022-02-11,ASML
-0.27670278530456704,-0.8426679809978602,-1.354795739288969,-1.3757136642295382,-0.8879981675816202,0.27455552964683844,-0.3297598488738201,-0.4028763744218924,-0.6665570812827872,-0.16613471061593718,0.6665570812827872,0.15960994475887616,2022-02-18,ASML
0.6084918041048831,0.043819994794817727,-1.0690329262972764,-0.8224736457017935,-0.49020935103252145,0.3584664827906198,0.2784359891125483,-0.22684074713438793,-0.5194710063477195,-0.003184820783584081,0.5194710063477195,0.010303756194398637,2022-02-25,ASML
-1.2313597168802497,-1.0349259757629112,-1.3645267539633152,-1.3757136642295382,0.5958495615178643,-2.618330877378492,1.2364752542146225,0.47730176201563046,-1.0745724566953923,0.6057340825003804,1.0745724566953923,-1.0436243774328005,2022-03-04,ASML
-1.7308207015989219,-0.8423733069490829,-0.9793591790500269,-1.3757136642295382,-0.03860947756061561,-0.42844846413549864,0.7141915959612672,0.41862321958646215,-1.1391571529648536,0.5761986603663596,1.1391571529648536,-0.5029950701685805,2022-03-11,ASML
1.6531958269099996,0.1752407671246707,-0.009661153317793467,-1.3757136642295382,1.4401691680722555,3.5292027708428173,1.2912943102713075,1.7095511530281624,-0.42232764727626937,2.0141555344467497,0.42232764727626937,0.4879787412914361,2022-03-18,ASML
2.0268087043261636,0.008974788077308483,0.3740487692659925,-0.8224736457017935,-0.31643537666058696,0.02734082944749797,0.09492771140198432,1.7095511530281624,-0.3651411724632347,2.023788004664746,0.3651411724632347,-0.05166410891114828,2022-03-25,ASML
-0.4067597216299746,0.8199946019480197,-0.08775100992014223,-0.8224736457017935,0.17921456271316083,-0.51345037494646,-0.5123802354114391,1.5921940681698266,-0.5148192154234515,1.9400050103834081,0.5148192154234515,-0.6543841469123512,2022-04-01,ASML
-1.595475615482639,0.11751526985912507,-0.9251873729813093,-0.8224736457017935,0.18371664346094554,-1.3055990654223288,-0.36803091034003665,1.7095511530281624,-0.947920948283272,2.2032886795601945,0.947920948283272,-0.21410668872280186,2022-04-08,ASML
-1.511813116828828,-1.3047551745798416,-0.2680295141351184,-0.8224736457017935,-0.6253924742361517,-0.37991891808556233,-0.8996619932309746,1.6508726105989944,-1.0475042339152913,2.0289596082971446,1.0475042339152913,0.8706468478044744,2022-04-15,ASML
-0.2487667740975534,-1.2649364398769363,-0.04094410165322848,-0.26923362717404914,-0.012533673139864065,0.12391183309209364,0.2455074462449486,1.4161584408823216,-0.9732368205528155,1.805107200121858,0.9732368205528155,-0.2839124735424609,2022-04-22,ASML
-0.9058424832397217,-1.610197928681049,-1.5555871411033273,-0.8224736457017935,-0.48589372151026977,-1.8843878640709946,1.6115111103679112,1.6508726105989944,-1.3075164435204887,1.984145480654755,1.3075164435204887,-2.0534751703044356,2022-04-29,ASML
-1.286585329855931,-1.054951044890196,-1.716721891344202,-0.8224736457017935,0.7516009512588598,-0.39677243458647626,0.011888682236433185,1.5335155257406579,-1.3760140285646987,1.9073050012619532,1.3760140285646987,-0.05383933546503928,2022-05-06,ASML
-0.4434167138588487,-0.9215786394483083,-1.5732947789634746,-1.3757136642295382,0.021108081568025402,-0.23279750599254642,0.36087661158322876,1.3574798984531533,-1.39658949975705,1.7892166510575258,1.39658949975705,-0.2667649891415174,2022-05-13,ASML
-0.5992489083954938,-1.273686227400639,-1.1991203539955622,-1.9289536827572826,-1.0192028320048325,-0.5091287003820942,-0.6795512380927288,1.1814442711656488,-1.5154365357930537,1.6677994532670752,1.5154365357930537,0.4858316037352825,2022-05-20,ASML
0.634642621200267,0.10955643437694501,-0.4392595654506515,-1.3757136642295382,-0.29722107094101863,1.0430293548550682,-0.7040131427389151,1.240122813594817,-1.1274184866406078,1.6291325149671894,1.1274184866406078,-0.2804601385152929,2022-05-27,ASML
0.5567284346673967,-0.05526937275596036,-0.7921974533551072,-1.3757136642295382,-0.26196961544762154,-0.3938552120898007,-1.7986719169719683,1.240122813594817,-1.2788953641260308,1.6313445521041277,1.2788953641260308,-0.36203168978259553,2022-06-03,ASML
-1.5296031532195946,-0.6803457404042571,-0.8110898484041044,-1.9289536827572826,-0.32145824418373375,-0.8319512022670149,-1.2822052478932437,0.1839090498697895,-1.602268675156761,0.1376715490450506,1.602268675156761,0.42954124358153656,2022-06-10,ASML
-2.2195881584762653,-1.2268442618953332,-1.3382613640403085,-2.4821937012850275,0.6937470750090032,-1.7377569725104454,0.38449314967312176,0.30126613472812586,-1.9721671585574596,0.33264119488443455,1.9721671585574596,-0.35604339141019437,2022-06-17,ASML
-0.33265324210429503,-1.2714150632229508,-0.7508138570393349,-1.9289536827572826,-1.1894010292398374,0.8105091327184216,-1.0128535596156385,1.0054086438781444,-1.6504057775763694,1.0374412980708032,1.6504057775763694,0.8332960989814359,2022-06-24,ASML
-0.8122856831347197,-2.0126808493923516,-1.4465400008350846,-1.9289536827572826,1.4133831580132428,-1.9966891260854258,-0.21047371018510314,1.0054086438781444,-2.1527403660662747,1.3410459533838666,2.1527403660662747,0.2966304845713806,2022-07-01,ASML
-1.7194502190123,-1.3996193408344093,-1.940414204399849,-1.3757136642295382,0.2204133851374926,-0.018397312564076056,0.7509940596051911,1.0054086438781444,-2.1287865722676345,1.3082729762304297,2.1287865722676345,-0.7588470646218279,2022-07-08,ASML
0.5507816516747236,-0.21316688951714594,-1.449255337371744,-1.3757136642295382,0.538850068156954,0.6416786187112783,0.06485000315152269,1.5335155257406579,-1.954662295478593,1.39622120269225,1.954662295478593,-0.06823162999596098,2022-07-15,ASML
2.106300759249965,0.06585720028310683,-0.13371411763155666,-0.8224736457017935,1.7516441126029645,2.900954084146277,1.956562510430171,1.7095511530281624,-1.5045345817324838,1.9026072049898024,1.5045345817324838,0.4319611527345294,2022-07-22,ASML
2.465815974143765,2.155995035719635,1.2443665835258075,-0.26923362717404914,-0.5980872432275378,1.118871699170899,0.2889702857463662,1.7095511530281624,-1.1960560079372498,2.0041603125501366,1.1960560079372498,0.48845092773095816,2022-07-29,ASML
0.8794821759209747,2.1611699777731004,0.5853706041113794,0.2840063913536956,-0.37271773545744086,-0.05852232593680265,-0.6954632412909794,1.6508726105989944,-1.1633990508126182,1.9043532085287025,1.1633990508126182,-1.6147005845788094,2022-08-05,ASML
-0.11527201216403515,1.60615537429191,1.7536273805279186,0.2840063913536956,-0.49743020620818484,-0.18161579046259843,-0.3380105307448214,1.5921940681698266,-1.173788712295081,1.7657254625424466,1.173788712295081,-0.6881087780553251,2022-08-12,ASML
-0.8864972070661032,-0.05460087433155373,1.1942364412464794,-0.26923362717404914,-0.7637478161369353,-0.725814836251641,-0.9576773590886015,1.47483698331149,-1.410051464082698,1.48505435337988,1.410051464082698,-0.24818269250993638,2022-08-19,ASML
-1.6391828711648064,-1.2138616858702505,0.23272129459146085,-0.26923362717404914,-1.267080127942569,-0.9233804941168323,-0.7093768120686573,1.5335155257406579,-1.6818662555322834,1.511197408221591,1.6818662555322834,0.5929125994727714,2022-08-26,ASML
-2.0027734355417013,-1.9153095786090446,-1.2108855208116038,-0.26923362717404914,1.2480256387538413,-1.5526961452928927,0.2600995800647783,1.5335155257406579,-2.01086316391853,1.4806384194693816,2.01086316391853,-0.41647920219113393,2022-09-02,ASML
-0.402808221180458,-1.387870346191113,-1.227741354599362,0.2840063913536956,-0.675207467438831,0.6806514611268987,-0.8080348410957257,1.3574798984531533,-1.750667439297167,1.2698475876316324,1.750667439297167,0.8118488693303472,2022-09-09,ASML
-0.17793073497178863,-1.5003343942567442,-1.7004747024786067,-0.26923362717404914,-1.0156734773801857,-1.1612469679973354,-0.10835992517070828,1.240122813594817,-2.010401713231445,1.0899206412971738,2.010401713231445,0.07755651319792878,2022-09-16,ASML
-1.8280909689354734,-1.51472915260589,-2.080173086368059,-0.26923362717404914,0.019212333687063557,-1.1567631210399212,-0.0833644044452662,0.7706944741614714,-2.249818599096368,0.5958297507205356,2.249818599096368,0.052964037233821294,2022-09-23,ASML
-1.5939732319239603,-1.2208752716594018,-2.0473394969928713,-0.8224736457017935,-0.3925715335828068,-0.9686298014353405,0.3865861632835688,1.0054086438781444,-2.4098151248916166,0.654535199907192,2.4098151248916166,-0.353459168898766,2022-09-30,ASML
-0.23445535494525377,-1.4145539568557495,-1.3927856331154398,-0.8224736457017935,0.7606412928643659,0.8677271232674368,1.50233582380272,0.8293730165906398,-2.2642869907600085,0.6176838629217465,2.2642869907600085,-1.46417756472414,2022-10-07,ASML
-1.2899963157322138,-1.8965641496871881,-1.6847818334558458,-1.3757136642295382,0.6096855766816912,-3.7463817017752095,2.4299477325926673,0.12523050744062136,-2.688558455566283,0.3254138059001373,2.688558455566283,-3.350464529455784,2022-10-14,ASML
0.6405961675442715,0.26557023369255706,-0.8753367486211914,-1.3757136642295382,1.8887736546562448,6.1461766534889195,2.3786501652542014,1.7095511530281624,-2.0490347714893455,1.9270788855602885,2.0490347714893455,0.9920232125083788,2022-10-21,ASML
3.5166629037354835,1.2920376723732734,0.030392061153766338,-1.3757136642295382,1.7875689209119854,1.2525869080680823,1.5692655570423275,1.7095511530281624,-1.8416325401924754,1.9891946363774522,1.8416325401924754,2.193768887712314,2022-10-28,ASML
0.039213072910461465,0.4646762740629899,0.2569329537378475,-1.3757136642295382,1.7269943070462164,-0.8736072544584877,0.5815608517887955,1.7095511530281624,-1.9879179763960686,1.9422982445664132,1.9879179763960686,0.3372730877202338,2022-11-04,ASML
2.1370744434761733,4.314459451312976,2.544523076599062,-0.8224736457017935,0.9828181586918077,6.013816946379565,2.0170433102393837,1.7095511530281624,-1.156734889420852,3.0737122541937656,1.156734889420852,8.294309398487421,2022-11-11,ASML
3.199736241706217,2.2439539323373934,2.3842572859147597,-0.26923362717404914,0.21063784502689714,0.3533621427953383,0.33690465927063695,1.6508726105989944,-1.02767347537429,2.82291710482099,1.02767347537429,0.7278074159881777,2022-11-18,ASML
0.1606265395444173,1.6032101607147216,3.8102181446505727,-0.26923362717404914,-0.5535673845372843,-0.1674867294610639,-1.2204693259077875,1.5921940681698266,-1.0378621903350946,2.493376733681152,1.0378621903350946,-2.509411087174865,2022-11-25,ASML
0.08985334950975452,2.2877534052675426,1.9786823523558745,-0.26923362717404914,0.12446547023435178,0.16128618073375345,-0.37344443314696096,1.5335155257406579,-0.9308003046379852,2.3537327161752732,0.9308003046379852,-1.2228884153314696,2022-12-02,ASML
-0.053484070217177465,0.06591762620817038,1.331481835126524,-0.26923362717404914,0.19295969361934343,-0.30661042101518005,-0.5909808124220038,1.47483698331149,-0.9926288862055697,2.1202568579982666,0.9926288862055697,-0.2937279721409829,2022-12-09,ASML
-0.839474012443019,-0.5315432055206418,1.3290746768413269,-0.26923362717404914,-1.0412139976733683,-0.8535367587522409,0.42690487154077983,1.4161584408823216,-1.1731001678280977,1.9506730064990023,1.1731001678280977,-0.1930583834445436,2022-12-16,ASML
-1.166611347016017,-0.8502588962041218,-0.6284030492657422,-0.26923362717404914,-0.6272010078697843,-0.6212865798649937,-0.617240394561523,1.3574798984531533,-1.3502517160711336,1.8390707479767336,1.3502517160711336,0.35641680285558675,2022-12-23,ASML
-0.7986026801748441,-1.107349692571233,-0.885877266428947,-0.8224736457017935,-1.2684035058614884,-0.2199846183525767,-1.2239134312234117,1.3574798984531533,-1.3886141017854028,1.7748129330147602,1.3886141017854028,1.100010106532396,2022-12-30,ASML
0.8476945092946497,-0.2820316552668635,-0.2621838903292533,-0.26923362717404914,2.268399132166706,0.6929937348436805,-0.9902673711806639,1.1227657287364807,-1.0069091628724285,1.1834975606857971,1.0069091628724285,-0.03854671315106986,2023-01-06,ASML
2.4606401208559716,1.0386874103979742,0.33772748793965474,-0.26923362717404914,0.885205999152198,1.2621057471260972,-0.37789094707799575,0.7706944741614714,-0.5141282499140385,0.3987843711967343,0.5141282499140385,-0.6740789325018864,2023-01-13,ASML
0.9530811440353698,1.283703318255593,0.31193029631206204,-0.8224736457017935,-0.06210406875943316,-0.35068816198359565,-0.5193503987871835,0.8293730165906398,-0.5978033499495237,0.4007665657190302,0.5978033499495237,-1.0450597057015123,2023-01-20,ASML
-0.03093397775780645,1.6721988920040889,0.8690891668614983,-0.26923362717404914,0.6969877537185584,0.3851988095674943,0.5539818055839911,0.47730176201563046,-0.4546916582669168,0.23422545559484498,0.4546916582669168,1.0391706081064604,2023-01-27,ASML
0.42430083514102324,0.9685636592219394,1.3830797592679995,-0.26923362717404914,1.0877078976510453,0.11407147445699005,-0.19177551642770016,-1.1070188835719108,-0.3602894034342801,-1.3067897772915915,0.3602894034342801,-0.3675494037346156,2023-02-03,ASML
-0.36302420963003296,-0.2803608748196551,1.1734845841046326,-0.8224736457017935,0.3647941889724234,-0.49551995310098046,-0.8062661916275847,-1.1070188835719108,-0.5289121034062577,-1.2286423635497945,0.5289121034062577,-0.04670996663572747,2023-02-10,ASML
-0.6718649506314355,-0.19479137584024375,0.39145014112362436,-0.8224736457017935,-1.2172853208262688,-0.2254594204394142,-0.6970558355953862,-1.1070188835719108,-0.5631044856397527,-1.2263712923190724,0.5631044856397527,-0.11774042588430125,2023-02-17,ASML
-0.9162160419927968,-0.8767512086551921,-0.7529423485130362,-1.3757136642295382,1.0612640692095128,-0.7109099900927374,-0.7392457249463801,-1.0483403411427425,-0.8226387814693437,-1.0936545920513585,0.8226387814693437,0.4743324886181117,2023-02-24,ASML
-0.4637626971411735,-0.7783332906718555,-0.4247996853121672,-0.8224736457017935,-0.6331633994339505,0.25596041207728076,-0.3769457413349478,-0.9309832562844061,-0.6756602008181509,-1.0785523818750684,0.6756602008181509,0.17390037208257444,2023-03-03,ASML
-0.533132649387849,-0.9862973963024071,-1.019748400818095,-0.8224736457017935,-0.7990385517181989,-1.0487491602873684,0.06899047083662889,-0.872304713855238,-0.955462011243046,-0.9979029794093531,0.955462011243046,-0.09856560425519904,2023-03-10,ASML
-0.2532827303587459,-0.49860933740485053,-0.7891671105877635,-0.26923362717404914,1.4684203025117948,0.6558737951558883,-0.11091340431092897,-0.872304713855238,-0.704204291063347,-1.003991807124897,0.704204291063347,-0.03495352120140632,2023-03-17,ASML
0.8015010589068161,0.1551971209193501,-0.4094499126990105,0.2840063913536956,-0.4970242002869623,0.1647847780629101,-0.21241354815578373,-0.872304713855238,-0.597142405366238,-1.01376010972636,0.597142405366238,-0.16858855723219002,2023-03-24,ASML
0.7652832912627145,0.33660527446679556,0.010078349712368503,0.2840063913536956,-0.4585852940702645,0.5550534611426656,-0.4758261601788419,-1.1656974260010788,-0.34046929747996946,-1.2029161580633447,0.34046929747996946,-0.28282843777035793,2023-03-31,ASML
0.009023981617083444,0.5543229731941555,0.14487125944600174,-0.26923362717404914,0.04380866623590829,-0.5051757515587416,-1.395801894272425,-1.2830545108594154,-0.5229563390293975,-1.6273784299551808,0.5229563390293975,-0.8668575809179654,2023-04-07,ASML
-0.45099877990051945,0.19143469212578693,0.017877555941493185,0.2840063913536956,-0.30083956661299566,0.040658229607508464,-0.5028977909711835,-1.2830545108594154,-0.4527156034358627,-1.6226720704597253,0.4527156034358627,-0.23112009175488332,2023-04-14,ASML
-0.6184818715220701,-0.4306388098470941,0.09149837320866987,-0.26923362717404914,-0.7650534434967114,-1.2900455919398093,2.1094966878251253,-1.1656974260010788,-0.6981720217457109,-1.5245356189693025,0.6981720217457109,-0.3240102349603153,2023-04-21,ASML
-0.7403724263398734,-0.8157742899409772,-0.27510335804362207,-0.26923362717404914,-0.5903785901499315,-0.0811651898990614,0.6330774414189166,-1.1656974260010788,-0.6796834891276903,-1.533431024768176,0.6796834891276903,-0.3237149780011042,2023-04-28,ASML
0.17673447594844396,-0.31995654679714386,-0.2587463653041949,0.2840063913536956,-0.33564155856153643,0.1082393316334461,-1.207722012321916,-1.1656974260010788,-0.5608398425510881,-1.529466072326812,0.5608398425510881,-0.009907739429478188,2023-05-05,ASML
0.07126101815879995,-0.47452062234585907,-0.6466025145578281,0.2840063913536956,0.8880615101467566,-0.19317610972631435,-1.2424792482239857,-1.1656974260010788,-0.5826408454213122,-1.5152043936080348,0.5826408454213122,0.14972295665622246,2023-05-12,ASML
0.6757235986028227,0.5894113943810818,0.11985675197601055,0.8372464098814396,0.5030841502016316,1.077818600162391,0.3941232100194788,-0.9309832562844061,-0.22195297583985182,-1.432412496412418,0.22195297583985182,0.16251403945184117,2023-05-19,ASML
1.5592810394616563,1.1283013781482263,0.4745634928473676,0.8372464098814396,4.004523873833273,1.2429010163621603,1.8306833615887788,-0.872304713855238,0.10335668492608674,-1.3034207590216966,-0.10335668492608674,1.7475189663428756,2023-05-26,ASML
0.38281242895414874,0.739730909483241,0.748322722583022,0.8372464098814396,0.3586768105361688,-0.37237263217761013,-0.22963364476419604,-1.2830545108594154,0.015841811597227355,-1.5362731445743547,-0.015841811597227355,-0.27370840866246837,2023-06-02,ASML
-0.5268361092592964,0.6636649783360158,0.6161545873848416,0.2840063913536956,0.07068271010983135,-0.3070721766954346,-0.5930875230036032,-1.2830545108594154,-0.05235459576873816,-1.5904799266677712,0.05235459576873816,-0.5245257488216466,2023-06-09,ASML
-0.22823892590959682,0.09456604508352333,0.49013808580145213,0.2840063913536956,0.6040464602195229,-0.013226350258234728,0.16429944697264254,-1.2830545108594154,-0.005648329425033701,-1.590548632503347,0.005648329425033701,-0.035024581801465976,2023-06-16,ASML
-0.49921508462799,-0.7049871249417733,0.2553086955609593,-0.26923362717404914,-0.2727219441916416,-0.5118962198048767,-1.1282037802040998,-1.2830545108594154,-0.19177226091223382,-1.6055478884588497,0.19177226091223382,0.32411764196680143,2023-06-23,ASML
-0.12894292976006502,-0.25389209269757307,0.011260830530983484,0.2840063913536956,-0.3351892672629973,0.42428865551365036,-0.1524157209685897,-1.2830545108594154,0.01661654517470521,-1.6290703003288278,-0.01661654517470521,-0.06959684693351345,2023-06-30,ASML
-0.20055002362906782,-0.4875623957388001,-0.6995171341634915,-0.26923362717404914,-1.1696408253665895,-0.6786425518875796,-0.4435541086280647,-1.0483403411427425,-0.20069525489083406,-1.4762293269968365,0.20069525489083406,0.016225598861634237,2023-07-07,ASML
0.3347080690277699,0.13242332332867712,-0.0162654142008756,0.2840063913536956,-0.3276814427265531,1.4628646663980678,0.9969533946236651,-0.578912001709397,0.24370596719649956,-1.3379130992158623,-0.24370596719649956,0.21727015807478214,2023-07-14,ASML
-0.24133841460433697,-0.3115889221181237,-0.5405351462027482,-0.26923362717404914,0.12030942070078364,-2.7713256197081093,3.061225152759434,-0.1681622047052196,-0.22691853386299823,-0.8371212046665638,0.22691853386299823,-0.2032815187090406,2023-07-21,ASML
-0.7816183289455347,-0.33171073002055756,-0.3469724957899252,-0.26923362717404914,0.5313274494000865,0.46054863704118926,0.25610686316534864,-0.10948366227605143,-0.03288166729883471,-0.7857306182795925,0.03288166729883471,-0.08776584306349465,2023-07-28,ASML
-0.4331699533694285,-0.46981804433866886,-0.5029933334076171,-0.26923362717404914,-0.2134095092470754,-0.8627000037039029,-0.39859621385947175,0.24258759229895785,-0.3340535350414819,-0.578721985355702,0.3340535350414819,0.029591881734545366,2023-08-04,ASML
-1.1565304859818337,-1.3028104444282342,-0.9297214590675856,-0.8224736457017935,0.23399895552674008,-0.4408363191630512,-0.5702017989193353,-0.1681622047052196,-0.4604861812179645,-0.7735724627976581,0.4604861812179645,0.6142751910318929,2023-08-11,ASML
-0.6060663811775137,-0.7141520094840221,-0.7292818073347085,-1.3757136642295382,-0.36104373894927966,-0.2734846506628526,-0.46423299261144024,-0.4028763744218924,-0.5106400119814449,-0.9913805831055196,0.5106400119814449,0.18018789177558417,2023-08-18,ASML
-0.38679861231264084,-1.0536480087902722,-1.2928334370272676,-1.3757136642295382,-0.3128158755832934,-0.2543442942652186,0.08852565718321861,-0.4028763744218924,-0.5442305230669369,-0.9675535402344915,0.5442305230669369,-0.11772749979357547,2023-08-25,ASML
-0.03985431155533493,-0.45431719274998766,-0.6200846155124048,-0.8224736457017935,-0.22012712008039484,0.04867619661120607,-0.7594542446184431,-0.28551928956355604,-0.4547323317797344,-0.9066827314140998,0.4547323317797344,0.09536350725699085,2023-09-01,ASML
-0.6323778291247332,-0.7012095891035861,-1.2152809617746272,-1.3757136642295382,-0.1003588416118737,-0.7615139727624692,-0.6687317317939726,-0.1681622047052196,-0.7242369645429783,-0.7801346314406937,0.7242369645429783,0.2585714442059113,2023-09-08,ASML
-1.4454064402113171,-1.0343177235787364,-1.1859698129990004,-1.3757136642295382,-0.8251759057288135,-1.3517818174504799,1.495597987929428,0.007873422582284881,-0.9668384896198211,-0.697778360391416,0.9668384896198211,-1.2273140148860842,2023-09-15,ASML
-1.0062308715047676,-1.1095482326878812,-1.1336960659771764,-1.9289536827572826,-0.8307073483502974,-0.41195549688807515,0.1670610079076032,-0.28551928956355604,-1.0411751447957835,-0.8403395138327914,1.0411751447957835,-0.19303428646304235,2023-09-22,ASML
-0.35029985076095127,-1.2254195492608813,-1.0527363413415893,-1.3757136642295382,-0.07584558434208735,-0.10281005086964635,0.3700512576199197,-0.28551928956355604,-1.0290442695979396,-0.836162097327402,1.0290442695979396,-0.3983995497117106,2023-09-29,ASML
0.042969984868125144,-0.6779018652347187,-0.9119470437048159,-1.3757136642295382,-1.3891191019100089,0.08409308320460805,0.05706306806157328,-1.2830545108594154,-0.9613955020295538,-1.4174134087949712,0.9613955020295538,-0.08040427236978442,2023-10-06,ASML
0.06033244480126274,-0.21001596807559708,-1.0018057717449773,-0.8224736457017935,-1.6277086487205161,-0.08018539292910493,0.34040392723528456,-1.2830545108594154,-0.9428115803398062,-1.7416324775097851,0.9428115803398062,-0.055832746391889544,2023-10-13,ASML
-0.5474939162002562,-0.35886611949178304,-0.8657407237585275,-1.3757136642295382,-0.428051578702225,-0.9032099703932119,1.4289827630692862,-1.2830545108594154,-1.0956045364899696,-1.934104285979578,1.0956045364899696,-0.20533654736549287,2023-10-20,ASML
-0.38657522903912744,-0.2352780516010685,-0.39286822082637235,-0.8224736457017935,0.3293460752434408,0.12988999467855625,0.16830244901465252,-1.2830545108594154,-1.0186245871893498,-1.9675412169917479,1.0186245871893498,-0.06676487407027944,2023-10-27,ASML
1.2243236759742955,0.4252819014588244,0.39523392147141334,-0.26923362717404914,0.37089996123655,1.271740903175929,0.0047910376472550436,-0.8136261714260699,-0.5983059583579124,-1.0324203492551818,0.5983059583579124,-0.08700493063129995,2023-11-03,ASML
1.395404492492728,0.6624357487307947,0.6081935755810566,0.2840063913536956,-1.15573734772152,0.22956143511936264,-0.5288273229437217,-0.5202334592802289,-0.45120293612583723,-0.9002629450399176,0.45120293612583723,-0.545808733520744,2023-11-10,ASML
0.6862553919519556,1.3615471061744997,0.7920539182759083,0.8372464098814396,-1.5385510533525577,0.3170840258270314,-0.6195634198261886,-0.28551928956355604,-0.25779360375943056,-0.7424935232360989,0.25779360375943056,-1.0472237797273682,2023-11-17,ASML
0.3961984222345382,1.2636538482570974,0.820613299092783,0.8372464098814396,-1.1149461178570865,-0.09889037158299656,-1.617082037313815,-0.28551928956355604,-0.21811368675496356,-0.6812482149165068,0.21811368675496356,-2.3939392113973588,2023-11-24,ASML
-0.06616406986930179,0.4194966244182042,1.1185927427030598,1.3904864284091845,-1.3211215565849506,-0.13282337761909865,-0.7909712036989854,-0.9896617987135744,-0.21016249920761224,-0.908142819922439,0.21016249920761224,-0.6439041845590382,2023-12-01,ASML
-0.08284461857159944,0.20755415311637335,1.0247125833785844,1.943726446936929,-0.6568592832613303,-0.07443278043236147,-0.753054894196451,-1.1070188835719108,-0.17718741710772912,-1.2144758433203149,0.17718741710772912,-0.3663746557427752,2023-12-08,ASML
0.9381834807926142,0.5932281159441929,0.9421918021724089,2.496966465464673,0.789059446685419,1.555279567740181,1.2287987505631317,-1.0483403411427425,0.26349944168408446,-0.8312329619613312,-0.26349944168408446,0.7640113325759332,2023-12-15,ASML
0.8461866498004957,0.5174664872687583,0.6937800852323451,1.943726446936929,-0.015252889307140324,-0.15631189766423997,-0.6479941601812411,-0.9309832562844061,0.2601458137105776,-0.7382907730701598,-0.2601458137105776,-0.5156956919858304,2023-12-22,ASML
-0.11259795063785846,0.5587036607796702,0.44058820219610806,1.943726446936929,-0.6792644985324239,-0.11066051096968522,-1.7692156640462973,-0.872304713855238,0.29436870107868573,-0.6332650282489556,-0.29436870107868573,-1.3351483733283314,2023-12-29,ASML
-1.0119211778064348,-0.16873128486932004,-0.1833718653644071,1.3904864284091845,-0.6386680036586404,-1.0123729213355577,-0.6477243942432267,0.35994467715729417,-0.12331922304872885,0.17739793147865499,0.12331922304872885,-0.12529932862677978,2024-01-05,ASML
-0.914738022881899,-0.7144664985373657,-0.09030939337202647,1.943726446936929,0.43995905804179986,5.431588212954964e-05,-0.9139409738883397,0.30126613472812586,-0.046300052860749424,0.018285925033121483,0.046300052860749424,0.3559524484278074,2024-01-12,ASML
0.8069598316720482,-0.19379099703720493,0.3307725832966743,1.943726446936929,1.6078436593342795,1.0538925734966194,0.7222753749296734,0.41862321958646215,0.3014628396059524,0.24649242092371731,-0.3014628396059524,-0.028201135999581843,2024-01-19,ASML
2.5794017882944065,1.0193371846674184,0.7991384169295755,1.943726446936929,1.0642100761621742,6.691099863165165,3.6290363629179416,1.7095511530281624,1.0013983112206621,1.1358009656587782,-1.0013983112206621,3.598066290243528,2024-01-26,ASML
2.0523678180970477,2.0629807178545114,1.0257380564073337,1.943726446936929,0.9772145873680814,0.2574206571370448,0.0034275879451333546,1.6508726105989944,1.0013983112206621,1.1204684063269914,-1.0013983112206621,-0.17780968775176406,2024-02-02,ASML
2.0523678180970477,2.0629807178545114,1.0257380564073337,1.943726446936929,0.9772145873680814,0.2574206571370448,0.0034275879451333546,1.6508726105989944,1.0013983112206621,1.1204684063269914,-1.0013983112206621,-0.17780968775176406,2020-01-03,MSFT
2.0523678180970477,2.0629807178545114,1.0257380564073337,1.943726446936929,-0.6538397836846594,0.2574206571370448,0.0034275879451333546,1.6508726105989944,1.0013983112206621,1.1204684063269914,-1.0013983112206621,-0.17780968775176406,2020-01-10,MSFT
0.5011888670655239,2.0629807178545114,1.0257380564073337,1.943726446936929,-1.2598916293808409,0.2574206571370448,0.0034275879451333546,1.6508726105989944,1.0013983112206621,1.1204684063269914,-1.0013983112206621,-0.17780968775176406,2020-01-17,MSFT
0.11245862571219985,2.0629807178545114,1.0257380564073337,1.943726446936929,-1.7611442842555658,0.2574206571370448,0.0034275879451333546,1.6508726105989944,0.919940387817813,1.1204684063269914,-0.919940387817813,-0.17780968775176406,2020-01-24,MSFT
0.05895808328353722,0.3819690395111681,1.0257380564073337,1.943726446936929,0.23513840489640023,0.2574206571370448,0.0034275879451333546,1.6508726105989944,1.0013983112206621,1.1204684063269914,-1.0013983112206621,-0.17780968775176406,2020-01-31,MSFT
1.2748166197118704,0.9614098061332154,1.0257380564073337,1.943726446936929,-0.8610379333482852,0.2574206571370448,0.0034275879451333546,1.6508726105989944,1.0013983112206621,1.1204684063269914,-1.0013983112206621,-0.17780968775176406,2020-02-07,MSFT
0.9514617633030671,0.6955047506209742,0.9161751141362758,1.943726446936929,1.4308043600279396,0.2574206571370448,0.0034275879451333546,1.6508726105989944,1.0013983112206621,1.1204684063269914,-1.0013983112206621,-0.17780968775176406,2020-02-14,MSFT
-0.5127919903258426,0.4852262227733894,0.48942607468391075,1.943726446936929,-1.0444252543344468,0.2574206571370448,0.0034275879451333546,1.6508726105989944,0.7777952679163277,1.1204684063269914,-0.7777952679163277,-0.17780968775176406,2020-02-21,MSFT
-1.7526541078899172,-0.6527538786052993,-0.5141758633607674,1.943726446936929,-0.5892970527720642,0.2574206571370448,0.0034275879451333546,1.6508726105989944,0.18510690121525386,1.1204684063269914,-0.18510690121525386,-0.17780968775176406,2020-02-28,MSFT
-1.3931200414937208,-1.2906417114791453,-0.445244722499791,1.943726446936929,0.4586841634818061,0.2574206571370448,0.0034275879451333546,1.6508726105989944,0.16937947353234403,1.1204684063269914,-0.16937947353234403,-0.17780968775176406,2020-03-06,MSFT
-0.4295074928311121,-1.4800655082402348,-0.7808782094834722,1.943726446936929,1.0353698796296784,0.2574206571370448,0.0034275879451333546,1.6508726105989944,0.07143173244084342,1.1204684063269914,-0.07143173244084342,-0.17780968775176406,2020-03-13,MSFT
-2.0884076025421434,-2.2649699562464347,-2.140541630775916,-0.8224736457017935,-0.49287903898396024,0.2574206571370448,0.0034275879451333546,1.6508726105989944,-0.6964147627911556,1.1204684063269914,0.6964147627911556,-0.17780968775176406,2020-03-20,MSFT
-0.9115354335135997,-0.9164285230183923,-1.6967597558778498,-0.26923362717404914,2.556635218003974,0.2574206571370448,0.0034275879451333546,1.6508726105989944,-0.2549379820020363,1.1204684063269914,0.2549379820020363,-0.17780968775176406,2020-03-27,MSFT
1.348296862017018,-0.6720479917210964,-1.3216219294468294,-0.26923362717404914,0.07259509649628064,0.2574206571370448,0.0034275879451333546,1.6508726105989944,-0.10730442448741878,1.1204684063269914,0.10730442448741878,-0.17780968775176406,2020-04-03,MSFT
1.1337897013584246,0.09069411913925429,-0.17079006684971548,-0.26923362717404914,-0.6293119095905735,0.2574206571370448,0.0034275879451333546,1.6508726105989944,0.29699677277750386,1.1204684063269914,-0.29699677277750386,-0.17780968775176406,2020-04-10,MSFT
1.8708532119350927,2.358895250865292,0.45636874199107247,0.2840063913536956,1.4300904615041787,0.2574206571370448,0.0034275879451333546,1.6508726105989944,0.7781520986211286,1.1204684063269914,-0.7781520986211286,-0.17780968775176406,2020-04-17,MSFT
0.5460304168822748,1.1897254935509554,0.40952874420403446,-0.26923362717404914,-1.460590335672443,0.2574206571370448,0.0034275879451333546,1.6508726105989944,0.6333771896534646,1.1204684063269914,-0.6333771896534646,-0.17780968775176406,2020-04-24,MSFT
-0.46689336077278654,0.918392465985429,1.6627267135763435,-0.26923362717404914,1.1351011417530084,0.2574206571370448,0.0034275879451333546,1.6508726105989944,0.6340919947512225,1.1204684063269914,-0.6340919947512225,-0.17780968775176406,2020-05-01,MSFT
0.559437029065586,0.7747736564344014,1.3908365971145833,-0.26923362717404914,-1.0131677270375266,0.2574206571370448,0.0034275879451333546,1.6508726105989944,0.9954945929572594,1.1204684063269914,-0.9954945929572594,-0.17780968775176406,2020-05-08,MSFT
0.4470173751908883,-0.032868277978484156,1.0775448189679322,-0.26923362717404914,1.177143669584933,-0.26294418317905416,-0.21208577560480477,1.6508726105989944,0.9411579686460899,1.1204684063269914,-0.9411579686460899,-0.14598469092418365,2020-05-15,MSFT
-0.22499854595547145,0.21717449120829996,0.5214318036204604,0.2840063913536956,-0.17957385333525405,-0.1026775200940909,-0.813284164960208,1.6508726105989944,0.9719397635318607,1.1204684063269914,-0.9719397635318607,-0.5660245876668336,2020-05-22,MSFT
-0.13782384085619875,0.20312521614498866,-0.10104294122083224,0.2840063913536956,-0.1700231491923673,-0.16380472721778475,-0.7663172068106843,1.6508726105989944,0.9626204205893315,1.1204684063269914,-0.9626204205893315,-0.5141459560374907,2020-05-29,MSFT
0.07648694513720154,-0.11175391727608563,0.23821034997570387,0.8372464098814396,0.9770301059436098,0.06984603175891707,-0.8122684905534897,1.6508726105989944,1.0013983112206621,1.1204684063269914,-1.0013983112206621,-0.21344387911858603,2020-06-05,MSFT
0.13243784649937412,-0.012601134056199958,0.25991099610475876,1.3904864284091845,0.36894324705979403,-0.1101764052141521,-0.32384993948391455,1.6508726105989944,1.0013983112206621,1.1204684063269914,-1.0013983112206621,-0.16774359784179282,2020-06-12,MSFT
0.3612105801507079,0.29698898937399093,0.1229292338320878,1.3904864284091845,-1.286785468091953,0.294141840886427,-0.6960625044850443,1.6508726105989944,1.0013983112206621,1.1204684063269914,-1.0013983112206621,-0.5219175563063873,2020-06-19,MSFT
0.4030652298076123,0.36616616291605875,0.23406359598596146,1.3904864284091845,0.012799930967980003,-0.07565130158658821,-0.5498709230293303,1.6508726105989944,1.0013983112206621,1.1204684063269914,-1.0013983112206621,-0.4762493583623802,2020-06-26,MSFT
0.5453764141321765,0.6310952402568483,0.591649481296397,1.3904864284091845,-1.1059501909338445,0.2684092096442123,-1.1383476525764487,1.6508726105989944,1.0013983112206621,1.1204684063269914,-1.0013983112206621,-1.2323264946715693,2020-07-03,MSFT
0.9450917752986557,0.9470468514897747,0.8978677478854231,1.3904864284091845,-0.7158699667292999,0.23345298120450994,-0.7680704008112704,1.6508726105989944,1.0013983112206621,1.1204684063269914,-1.0013983112206621,-1.176577726914378,2020-07-10,MSFT
-0.3882324772040652,0.08967238714793721,0.29869329839375924,1.3904864284091845,-1.1459071674487582,-0.7521711712125109,-0.5747345061719136,1.6508726105989944,0.6677218025602315,1.1204684063269914,-0.6677218025602315,-0.30827582132356596,2020-07-17,MSFT
-0.916760545372621,-0.034757614006757136,0.2146689505881576,0.8372464098814396,4.822239339737071,-0.2786815108605565,0.19563484320499352,1.6508726105989944,0.6188603031977828,1.1204684063269914,-0.6188603031977828,-0.027847247430083693,2020-07-24,MSFT
-0.04587889561456695,-0.30784011550593904,0.056555083556152574,0.8372464098814396,2.3880086731613415,0.05913594629512249,-0.7223191120148911,1.6508726105989944,0.7335897380630374,1.1204684063269914,-0.7335897380630374,-0.026840590580979134,2020-07-31,MSFT
0.5276502834370019,-0.3035687828898157,0.28775354086707516,1.3904864284091845,0.296291244843045,0.4825312197815869,0.4066297703177369,1.6508726105989944,0.9645956789430304,1.1204684063269914,-0.9645956789430304,-0.08499861128526053,2020-08-07,MSFT
0.06205439344032874,0.0031713741981559363,-0.21829713752157226,0.8372464098814396,0.2663628988811023,-0.35053815364960894,-0.9966973553384417,1.6508726105989944,0.8538868530919004,1.1204684063269914,-0.8538868530919004,-0.2477702158507813,2020-08-14,MSFT
-0.11633851417608912,0.27392139313337627,-0.3161513113733868,1.3904864284091845,1.335423070564641,0.10962864103831595,-1.2199896807198718,1.6508726105989944,0.9972218111085667,1.1204684063269914,-0.9972218111085667,-0.46248284935641587,2020-08-21,MSFT
1.0739018394763435,0.7830874045493974,0.6430715001365503,1.3904864284091845,-0.4787077360180936,0.999798696270427,-0.04822479029346209,1.6508726105989944,1.0013983112206621,1.1204684063269914,-1.0013983112206621,-0.1172119844738335,2020-08-28,MSFT
-0.10604106502653693,-0.16137020204272312,0.17588647866341522,0.8372464098814396,-0.6216822717917456,-1.345295063522922,1.1026053435825027,1.6508726105989944,0.5782244346836951,1.1204684063269914,-0.5782244346836951,-0.01589847657878313,2020-09-04,MSFT
-1.5635868092122944,-0.43745000267290074,-0.32884561559996706,0.2840063913536956,-0.6823261144402677,-0.877756307773522,-0.09978779904138341,1.6508726105989944,0.28321578454975016,1.1204684063269914,-0.28321578454975016,-0.0565998231778107,2020-09-11,MSFT
-1.0033214090474003,-0.7711416357291416,-0.7094763301550177,-0.26923362717404914,1.0862483941689967,-0.425333409095315,-0.028451315711808346,1.6508726105989944,0.1781445629243422,1.1204684063269914,-0.1781445629243422,-0.053501694582227664,2020-09-18,MSFT
0.056974111043352586,-1.0569919935844958,-0.3316913521243382,-0.26923362717404914,0.16643537945659664,0.41372888323931645,-0.14046909008104214,1.6508726105989944,0.39261750531064965,1.1204684063269914,-0.39261750531064965,0.001391662964528792,2020-09-25,MSFT
0.18899342548835965,-0.582525220338947,-0.5451411503061389,-0.8224736457017935,-0.16198350826532898,-0.2592518475059482,-0.5627327592182295,1.6508726105989944,0.34556541716479233,1.1204684063269914,-0.34556541716479233,0.030313658007560612,2020-10-02,MSFT
0.31000436843654855,0.2474345104821522,-0.7284809623458429,-0.26923362717404914,-1.0993845365864092,0.385536623851477,-1.4407057429675705,1.6508726105989944,0.6232543676163951,1.1204684063269914,-0.6232543676163951,-0.4609392607890043,2020-10-09,MSFT
0.6523103620951274,0.5818868271006031,-0.12758015473047524,0.2840063913536956,-1.1459513900163771,0.08900470369399643,-0.764885388011863,1.6508726105989944,0.7343892986497259,1.1204684063269914,-0.7343892986497259,-0.4330813287994044,2020-10-16,MSFT
-0.15478199841193752,0.09713015983662163,0.12409089005429919,-0.26923362717404914,-0.41287331347773787,-0.319194685108449,-1.5001121767494034,1.6508726105989944,0.6353785708287669,1.1204684063269914,-0.6353785708287669,-0.3790573795951918,2020-10-23,MSFT
-1.1760768788421427,-0.41212131364411725,-0.235925297817027,-0.8224736457017935,-0.7021446454862728,-1.3248982009863992,0.9569590103011356,1.6508726105989944,0.23818493287320042,1.1204684063269914,-0.23818493287320042,-0.1532999301520157,2020-10-30,MSFT
0.26151992940967744,0.06392556007296221,0.24585571891600852,-0.26923362717404914,-0.36283683723287014,1.47829317499632,-0.013745450684299245,1.6508726105989944,0.8515833453717311,1.1204684063269914,-0.8515833453717311,-0.07780785133645451,2020-11-06,MSFT
0.7034385095147196,-0.3799090570398911,0.05309930762538681,-0.8224736457017935,0.9985345754804154,-0.6406165979781243,-0.09749874984196633,1.6508726105989944,0.6434603011025236,1.1204684063269914,-0.6434603011025236,-0.060067296795783494,2020-11-13,MSFT
-0.9069337514339741,-0.4679937685510327,-0.47592362621105194,-1.3757136642295382,-0.032745458296110114,-0.4593124875069554,-1.1493532322408249,1.6508726105989944,0.48270217725999115,1.1204684063269914,-0.48270217725999115,0.07356663680743929,2020-11-20,MSFT
-0.22170404236957889,0.3176592597914511,-0.4397885742219156,-0.8224736457017935,-1.1433649052801387,0.06612109100014502,-1.7972218898357633,1.6508726105989944,0.6227784583022581,1.1204684063269914,-0.6227784583022581,-0.721130412853219,2020-11-27,MSFT
0.06071912812175763,-0.5974052284706535,-0.3556426567768943,-0.8224736457017935,0.9690118598252963,-0.20430586645621282,-0.5385959765331971,1.6508726105989944,0.5976002831016328,1.1204684063269914,-0.5976002831016328,0.05990833428654152,2020-12-04,MSFT
-0.29611893756628777,-0.36329767365551047,0.09680103584277297,-0.8224736457017935,-1.2221112538489192,-0.22163254234847823,-0.45158002861688196,1.6508726105989944,0.5657630524784887,1.1204684063269914,-0.5657630524784887,-0.03826750718520493,2020-12-11,MSFT
0.07170775099343571,0.0841386012681524,-0.45997075950998295,-0.8224736457017935,-0.44139143826573274,0.3225910702435578,1.042775886710361,1.6508726105989944,0.720020144840648,1.1204684063269914,-0.720020144840648,0.13653085974395265,2020-12-18,MSFT
0.387085403969852,0.04901350148894161,-0.08194719831017283,-0.26923362717404914,-0.3844335702197841,0.029616305904128438,-1.868660727198687,1.6508726105989944,0.8404178513665057,1.1204684063269914,-0.8404178513665057,-0.41369504389805933,2020-12-25,MSFT
0.043550059671292024,0.07217162109691709,0.10503451817467317,-0.8224736457017935,-0.693325965029228,-0.1613589842119782,-1.9166318981604584,1.6508726105989944,0.8308665903051776,1.1204684063269914,-0.8308665903051776,-0.49885430847732654,2021-01-01,MSFT
-0.35849646534046986,0.004479882800178849,-0.1629461953086931,-1.3757136642295382,-0.8765649138208725,-0.34838737286748694,0.08029229746615466,1.6508726105989944,0.7498306265313864,1.1204684063269914,-0.7498306265313864,-0.060301284344376205,2021-01-08,MSFT
-0.7389086330732695,-0.4916093829323488,-0.36966691637786564,-1.3757136642295382,0.51750563748646,-0.590292711020016,-0.42995408076425484,1.6508726105989944,0.5481084706629363,1.1204684063269914,-0.5481084706629363,0.008837706460884602,2021-01-15,MSFT
0.1874556778185381,-0.13005372613017058,0.12197757636757985,-0.8224736457017935,-0.4952458357177816,0.7552224174898063,-0.3059348290121387,1.6508726105989944,0.9330304470182563,1.1204684063269914,-0.9330304470182563,-0.09760604712496522,2021-01-22,MSFT
0.9767441894767039,0.11822927352639123,0.1340700915705491,-0.8224736457017935,-0.03455712607952834,0.5577091772947638,2.6115126469594303,1.6508726105989944,1.0013983112206621,1.1204684063269914,-1.0013983112206621,0.6024579223422253,2021-01-29,MSFT
0.7362281022164447,0.6397798150872427,0.32460596469870273,-0.26923362717404914,0.43965863521490206,0.48352622644789756,-0.27717442010579146,1.6508726105989944,1.0013983112206621,1.1204684063269914,-1.0013983112206621,-0.2928455765661418,2021-02-05,MSFT
0.535734664636175,1.0685886301337137,0.4277470984723752,0.2840063913536956,0.7878112200366881,-0.018559941838919132,-0.9411450394220436,1.6508726105989944,1.0013983112206621,1.1204684063269914,-1.0013983112206621,-1.1300224636164573,2021-02-12,MSFT
-0.2150547681005536,0.3448692237960063,0.4151125905235829,-0.26923362717404914,-0.4915615206437102,-0.29711962501518757,-1.0749749265085056,1.6508726105989944,0.9079431755930724,1.1204684063269914,-0.9079431755930724,-0.6411096885593631,2021-02-19,MSFT
-0.8071700056465138,-0.2192476801865229,0.38275246800606116,-0.26923362717404914,-0.3642241798394128,-0.8384781219492544,0.822299663798724,1.6508726105989944,0.6757279135764865,1.1204684063269914,-0.6757279135764865,-0.04464564527337078,2021-02-26,MSFT
-0.6747085581155186,-0.6168468542809303,-0.11216869422599979,-0.26923362717404914,0.8576113808686323,-0.2127955560707513,0.740037437244374,1.6508726105989944,0.6546422650244745,1.1204684063269914,-0.6546422650244745,-0.2952909927623722,2021-03-05,MSFT
0.005100470825429356,-0.5640707106102565,-0.17545361392598519,-0.26923362717404914,-0.7979901748422173,0.1503812745293897,0.2645451566426476,1.6508726105989944,0.7668297822594542,1.1204684063269914,-0.7668297822594542,-0.13240546354616362,2021-03-12,MSFT
-0.24829391707896648,-0.6386830521198521,-0.6520418047914598,-0.8224736457017935,-0.8830064984310605,-0.5725959691670939,0.6669903848230664,-0.5202334592802289,0.6208497455519117,-0.9618401616586307,-0.6208497455519117,-0.2750907698416,2021-03-19,MSFT
-0.14013446378476607,-0.10152639294794233,-0.5484183719681773,-0.26923362717404914,1.6284828086351504,0.29147019441858113,0.23576535791005426,-0.4028763744218924,0.7865643464968897,-0.8640338318949302,-0.7865643464968897,-0.04274234594881793,2021-03-26,MSFT
0.48379639267593616,0.14890469003209597,-0.269822472410007,0.2840063913536956,-0.795914093277966,0.20197550879388057,-0.3018462794829217,-0.4028763744218924,0.945249969824304,-0.83352078309091,-0.945249969824304,-0.18453310103270182,2021-04-02,MSFT
0.8634524248840103,0.4869913808150807,0.42427654509354207,0.8372464098814396,-0.29042455859079047,0.6786812257840078,-0.14340674840711512,-0.4028763744218924,1.0013983112206621,-0.7985918571782287,-1.0013983112206621,-0.1801181595303159,2021-04-09,MSFT
0.7866975273838871,0.8931961522265968,0.6051170267337969,0.8372464098814396,0.8379241148717332,0.1190839098914256,-0.3427352269323387,-1.0483403411427425,1.0013983112206621,-1.0750291161271774,-1.0013983112206621,-0.4207649885399346,2021-04-16,MSFT
0.0842189285481582,0.6529023357864329,0.4734028612354521,0.8372464098814396,-0.1916016291192921,-0.12875435943285174,-0.5809429223317941,-1.1656974260010788,1.0013983112206621,-1.0415912551784483,-1.0013983112206621,-0.5301241878154018,2021-04-23,MSFT
-0.5976107157191103,0.09794321375175223,0.37889150868677746,0.2840063913536956,-0.5225986469516951,-0.8021103821301321,0.7938160777884102,-0.872304713855238,0.7744367018794803,-0.933848258314375,-0.7744367018794803,0.15370671744282513,2021-04-30,MSFT
-0.6032908002412434,-0.37041463041898415,0.18076811153446776,0.2840063913536956,-1.182277256820441,-0.1328367918607434,-0.1941237559029185,-0.872304713855238,0.7815228411886981,-0.8871302213395444,-0.7815228411886981,-0.04802262092412297,2021-05-07,MSFT
-0.3830571174663381,-0.675358873610897,-0.13718721978366874,0.2840063913536956,-0.8568993558093213,-0.44232097007778665,0.40895366804725036,-0.7549476289969016,0.672469621441311,-0.8118464197818878,-0.672469621441311,-0.19160072316423865,2021-05-14,MSFT
-0.518710494441403,-0.7688157375463124,-0.5995454593402146,0.2840063913536956,-0.5284812458186703,-0.2723922968640883,-0.7712111585757845,-1.2830545108594154,0.6113929906862047,-1.0022925396402507,-0.6113929906862047,0.2181677352370002,2021-05-21,MSFT
-0.071468469522369,-0.32147699311754796,-0.604470926831461,0.8372464098814396,-0.3478522806675456,0.05702958008977321,-1.1036416202877093,-1.1656974260010788,0.7257697301883144,-0.9386047234149653,-0.7257697301883144,-0.014739187285425946,2021-05-28,MSFT
0.11233043643248788,-0.2927016387526725,-0.5844110386362822,0.8372464098814396,-0.3526043078418606,-0.10190973881916847,-1.1868413351314444,-1.2830545108594154,0.7539203551986847,-0.9127047125484441,-0.7539203551986847,-0.03460448782820588,2021-06-04,MSFT
0.23914803282487374,0.10742316579906822,-0.12937883740819825,1.3904864284091845,-0.38562580100996796,0.19896038368594787,-0.7609290000760393,-1.2830545108594154,0.9339808178945427,-0.9945869575165004,-0.9339808178945427,-0.297346379836185,2021-06-11,MSFT
0.25912706597970886,0.25115356186418764,-0.09311900480608822,1.3904864284091845,-0.08094722643613504,-0.05662380571713137,-0.017107833092250176,-1.2830545108594154,0.9730361237813822,-1.041729417385318,-0.9730361237813822,-0.08419999682612046,2021-06-18,MSFT
0.17249166528702925,0.2796580322077621,0.2017117191260999,1.3904864284091845,-1.009567480733305,0.15707271926331676,-0.41673694228708874,-1.2830545108594154,1.0013983112206621,-1.0475651060614504,-1.0013983112206621,-0.21511879379731919,2021-06-25,MSFT
0.7147403680296844,0.6770985746983453,0.6536347633711649,1.3904864284091845,0.7013442540600668,0.449090960359265,-0.944924327741596,-1.2830545108594154,1.0013983112206621,-1.1902154220758556,-1.0013983112206621,-0.6116821779223456,2021-07-02,MSFT
0.44121632248637394,0.4215944321654818,0.5130611262705708,1.3904864284091845,-0.5893059489228333,-0.13621002060195844,-1.0437714050598466,-1.2830545108594154,1.0013983112206621,-1.2149978247324964,-1.0013983112206621,-0.48557383147482,2021-07-09,MSFT
-0.03739254256079653,0.4601871593142335,0.558797580626317,1.3904864284091845,0.5754267546004892,-0.004652932304925093,-0.43500117473571537,-1.2830545108594154,1.0013983112206621,-1.2049100747820898,-1.0013983112206621,-0.25357589479317305,2021-07-16,MSFT
0.35784329603896076,0.5544623633747938,0.5862512615251709,1.943726446936929,-0.1946168190649277,0.3622046436455826,0.19821175791206416,-1.2830545108594154,1.0013983112206621,-1.53810089064749,-1.0013983112206621,-1.5318193822336268e-05,2021-07-23,MSFT
0.0091191176403755,-0.02750428051249602,0.40400288747527957,1.3904864284091845,1.8348371777474246,-0.41530939462283106,0.24299605266314875,-1.224375968430247,0.8928194290316679,-1.355712509609147,-0.8928194290316679,-0.04536550312873761,2021-07-30,MSFT
-0.18879826132734648,0.10566060913461785,0.3603163530277099,1.943726446936929,-0.9846449778152125,0.018004070576300713,-1.8778988767129488,-1.2830545108594154,0.996607101807775,-1.5633619062506865,-0.996607101807775,-0.4130542896756714,2021-08-06,MSFT
0.17530339423440786,0.12003193771133358,0.08729897741629677,2.496966465464673,1.3998141567413822,-0.022096447678962367,-1.6247635238726266,-1.2830545108594154,1.0013983112206621,-1.7163637696800593,-1.0013983112206621,-0.40210258869857457,2021-08-13,MSFT
0.5015437775735937,0.20381159258909304,0.3962627329564588,2.496966465464673,-0.20591589910249444,0.5896330385215526,0.7992049241197675,-1.1656974260010788,1.0013983112206621,-1.5173330974377817,-1.0013983112206621,0.12576893755481056,2021-08-20,MSFT
0.1441074445751689,0.21487053915148982,0.19561800649090744,1.943726446936929,0.14594492918967422,-0.35622070768329983,-0.6607903666003795,-0.9896617987135744,0.9006635406842972,-1.272300534375904,-0.9006635406842972,-0.25287891613252167,2021-08-27,MSFT
-0.31428441366764864,0.11345142731777384,-0.008564039459264792,1.943726446936929,-1.0379089919259021,-0.08943937573617787,-0.9533606372422523,-1.0483403411427425,0.9314911014938265,-1.2706506531856672,-0.9314911014938265,-0.2806929896931185,2021-09-03,MSFT
-0.34993546581876916,-0.15326642513981772,-0.020903857934996523,1.3904864284091845,-1.228051332563267,-0.3284393854406706,-1.6302560134231994,-0.6962690865677335,0.8136044219714167,-1.0168863866231173,-0.8136044219714167,-0.1754058406363315,2021-09-10,MSFT
-0.23326590455919485,-0.3834922165732088,-0.035083053682614364,1.3904864284091845,-1.259401662544319,0.11760476226079686,1.124282650158942,-0.7549476289969016,0.9039200069173365,-1.0074212930292559,-0.9039200069173365,-0.14939711695475466,2021-09-17,MSFT
-0.022818933533801055,-0.26583744260828546,-0.13558378281621947,0.8372464098814396,-1.7701561307360556,-0.17870658009975446,0.5003014680741322,-1.0483403411427425,0.8926298740921509,-1.3538190202345366,-0.8926298740921509,-0.07231154264598622,2021-09-24,MSFT
-0.6369075362326166,-0.603081712541493,-0.6768281877751104,0.2840063913536956,0.5237101452831826,-0.8998425644208524,2.094417464600377,-0.5202334592802289,0.670101486202064,-0.9066387174266509,-0.670101486202064,-0.46501089144673513,2021-10-01,MSFT
-0.37098773754236897,-0.28040422812472265,-0.42992673931669945,0.2840063913536956,-1.1063707666756333,0.19297631131987508,0.5409850116345873,-0.4615549168510607,0.7949338329801402,-0.822105762687279,-0.7949338329801402,-0.07691243234131949,2021-10-08,MSFT
0.48597613860866484,-0.12912190542900803,-0.23727269730677275,0.2840063913536956,0.3571443714924938,0.3531144813112617,0.09008268379266197,-0.4615549168510607,0.9981418449876229,-0.7908372050529945,-0.9981418449876229,-0.06517392593822675,2021-10-15,MSFT
0.43844691495013666,0.03014079379355726,0.019826934320097772,0.8372464098814396,-0.315776860580121,0.05846218912319846,-0.9227562945742214,-0.8136261714260699,1.0013983112206621,-0.8573164609613897,-1.0013983112206621,-0.22458639818355433,2021-10-22,MSFT
0.9677750235309605,1.0250382174711024,0.45983674897867366,0.8372464098814396,0.7711900070071372,1.430995134185613,1.8869399978098305,0.5946588468739668,1.0013983112206621,0.0770475404274607,-1.0013983112206621,1.3492820128626644,2021-10-29,MSFT
0.9283997279293374,0.9614038256351024,0.5818926595354478,0.8372464098814396,1.9703748551266524,0.07392043095670563,0.341201617377649,0.6533373893031351,1.0013983112206621,0.1376946829225782,-1.0013983112206621,0.1657059517690152,2021-11-05,MSFT
0.016266727665352452,0.6750544318101069,0.8885080804569249,0.8372464098814396,0.0808613687147539,-0.11984858643800587,-0.19206948669290747,0.30126613472812586,1.0013983112206621,0.017352800153541702,-1.0013983112206621,-0.19967095223949993,2021-11-12,MSFT
0.11135508312750608,0.718376735607241,0.8964314966162544,1.3904864284091845,0.037537971889107624,0.14109642236869024,-0.4883254756578328,0.12523050744062136,1.0013983112206621,-0.04732365855716689,-1.0013983112206621,-0.3870624116420404,2021-11-19,MSFT
-0.42298694410562565,-0.2901791162707832,0.3128769271634411,0.8372464098814396,-0.19168637173752723,-0.7268621576235134,-0.2372869565913512,1.0054086438781444,0.7427604631775796,0.5131443689578447,-0.7427604631775796,-0.06352083844575432,2021-11-26,MSFT
-0.9255335646909483,-0.5777753343970404,0.028761106332470556,0.8372464098814396,-0.22756132282275848,-0.6297266298342364,2.1986593769984397,1.1227657287364807,0.61430789707143,0.5776771096443358,-0.61430789707143,-0.5279457309789151,2021-12-03,MSFT
0.31714858035407084,-0.08845167306424355,-0.05787215286718474,0.8372464098814396,1.0511924115202687,1.0261297211620408,1.0290224281008413,1.3574798984531533,0.9904212108595136,1.1012314497093387,-0.9904212108595136,0.04877420397307946,2021-12-10,MSFT
-0.14841954919676226,-0.7449347026569056,-0.5644898382773601,0.8372464098814396,-0.754274852663628,-1.5069692883461854,2.1724131424624433,1.4161584408823216,0.6295228153672091,1.8056041801716785,-0.6295228153672091,-0.8397913419417976,2021-12-17,MSFT
-0.47138858668713796,-0.12282568924622395,-0.3422212854732775,1.3904864284091845,0.2752506075067685,0.273001660904231,-0.7152559026627644,1.4161584408823216,0.8392426640266633,1.5913023643721702,-0.8392426640266633,-0.14639128999248555,2021-12-24,MSFT
0.3127953862041396,0.1035586057451936,-0.4557239968720542,1.3904864284091845,-1.6320198729882405,-0.09613370178935879,-1.1273764014335836,1.47483698331149,0.8706346489819211,1.6066409641344386,-0.8706346489819211,-0.38534842998684005,2021-12-31,MSFT
-0.9652239413000563,-0.9792657591572939,-0.657171477956034,0.8372464098814396,-0.08005134431203577,-1.6072225280988002,1.5110070597456118,1.7095511530281624,0.44156134265281494,2.373391154323019,-0.44156134265281494,-0.9027227416065253,2022-01-07,MSFT
-1.1685201671894843,-0.6206609855423595,-0.6004750600735932,0.2840063913536956,-0.807055367841235,-0.4373932151377005,1.789430490157474,1.7095511530281624,0.367611722827836,2.3740020303975817,-0.367611722827836,-0.5791732489212191,2022-01-14,MSFT
-0.9098368890831053,-1.2604636666983542,-1.3007709309216353,-0.26923362717404914,0.7114302182651628,-1.1273198025263147,1.324748981275158,1.5335155257406579,0.09472231738999397,1.7514778489716576,-0.09472231738999397,-1.1276346233796986,2022-01-21,MSFT
-0.2592032883376428,-0.9812692157434468,-0.6611967248250312,-0.26923362717404914,1.8153249001266907,1.4025338708038941,3.4488807499446166,1.5921940681698266,0.33025041664448423,2.0146868143195613,-0.33025041664448423,-1.9870098447457603,2022-01-28,MSFT
0.2467145994732907,-0.4795862429062147,-0.9373728781344153,-0.8224736457017935,1.8918751108835101,-0.3082315841993952,0.8906581806678101,1.5335155257406579,0.28557084146414685,1.9553004962737033,-0.28557084146414685,-0.2953976592429733,2022-02-04,MSFT
-0.7256641761576796,-0.6804612546672456,-1.2057705755390313,-1.3757136642295382,1.8293755107547813,-0.793552741430301,0.42132428258815463,1.47483698331149,0.0756569868334363,1.865485771826647,-0.0756569868334363,-0.26598000200846683,2022-02-11,MSFT
-0.9043948669073825,-0.4757419869935187,-0.9034677615270488,-1.3757136642295382,-0.8879981675816202,-0.5103057980147968,0.14522560555796196,1.4161584408823216,-0.049804249703404475,1.715765920788713,0.049804249703404475,-0.09940620607450322,2022-02-18,MSFT
-0.05506403032579345,-0.546911931185803,-0.5998511786026417,-0.8224736457017935,-0.49020935103252145,0.40512000497207523,0.25469634116573314,1.5921940681698266,0.13121059670269222,1.901374812423441,-0.13121059670269222,-0.14540762264272636,2022-02-25,MSFT
-0.09421232195887813,-0.6955079439668721,-0.44864605409293645,-1.3757136642295382,0.5958495615178643,-0.5404193528724723,0.02644962801258537,1.0640871863073125,-0.012559953371466604,1.1483904349319984,0.012559953371466604,-0.06703279454313231,2022-03-04,MSFT
-0.9179495549159434,-0.6796279329608135,-0.9641100477663318,-1.3757136642295382,-0.03860947756061561,-0.749198179511218,0.40979917235167446,0.9467301014489761,-0.2014853932555409,0.9017847793654462,0.2014853932555409,-0.24018450106275643,2022-03-11,MSFT
0.2847853362523056,0.12276921336222617,-0.42796641568410004,-1.3757136642295382,1.4401691680722555,1.0837853912311446,0.26680797805813905,1.3574798984531533,0.19142095615076057,1.667116771490346,-0.19142095615076057,0.025135242377320902,2022-03-18,MSFT
0.8938947716176615,-0.06860711429510936,-0.08269143570384534,-1.3757136642295382,-0.31643537666058696,-0.01594833823110562,-0.5692877020966867,1.3574798984531533,0.2541400553146376,1.6622584137249428,-0.2541400553146376,-0.1861426369779612,2022-03-25,MSFT
0.20147905337780228,0.33225048390761924,0.23221712945773895,-0.8224736457017935,0.17921456271316083,0.11636573527010037,-0.26720650279334446,0.9467301014489761,0.36491079594675147,1.124768647010953,-0.36491079594675147,-0.2476889986767388,2022-04-01,MSFT
-0.4609222308490547,0.270114712905092,-0.3198745529524923,-0.8224736457017935,0.18371664346094554,-0.6871378332037098,-0.4128895870515029,1.0640871863073125,0.12465198233690718,1.3213962478501957,-0.12465198233690718,-0.29536239879168874,2022-04-08,MSFT
-1.3973033612431696,-0.8518961566434559,-0.5636446984944948,-0.8224736457017935,-0.6253924742361517,-0.7703692434308601,-0.9329795517193242,1.1814442711656488,-0.20611789208794631,1.4583825911592834,0.20611789208794631,0.46842218072672487,2022-04-15,MSFT
-1.1632120793304388,-1.1048919639551624,-0.4686666786426692,-1.3757136642295382,-0.012533673139864065,-0.39374537999414005,-0.7050061813554319,0.8293730165906398,-0.3180459995923363,1.1094203852314772,0.3180459995923363,0.5406941932369475,2022-04-22,MSFT
-0.28468229061323663,-1.1524191510779218,-0.867119543709087,-0.8224736457017935,-0.48589372151026977,0.10599088583313877,0.8753477611491459,0.9467301014489761,-0.25069622040203426,1.147036286516205,0.25069622040203426,-0.8008511370590823,2022-04-29,MSFT
-0.14703642007356457,-0.9069177935853975,-1.0060777471585947,-0.8224736457017935,0.7516009512588598,-0.31346776641806756,0.16641675584075036,0.7120159317323035,-0.3045371213062928,0.9872811242925013,0.3045371213062928,-0.15672903451058945,2022-05-06,MSFT
-0.9320630719011798,-0.8370430439058256,-1.4488023126507894,-0.8224736457017935,0.021108081568025402,-1.1354387166584372,0.9036245106260885,1.0054086438781444,-0.5671827083274692,1.2035042270682506,0.5671827083274692,-0.5312319753280771,2022-05-13,MSFT
-1.1798823099210833,-0.9183413428105032,-1.3866182210098628,-1.3757136642295382,-1.0192028320048325,-0.5897712866417191,-0.24343723080682605,0.6533373893031351,-0.7210221683098328,0.9568605551717632,0.7210221683098328,0.08329277727956755,2022-05-20,MSFT
0.4425118982956308,-0.36936415490162033,-0.46655051036475076,-0.8224736457017935,-0.29722107094101863,0.8842126517047323,-0.6403763541804849,1.7095511530281624,-0.3210100470719373,1.9694685292751826,0.3210100470719373,-0.004365971731386384,2022-05-27,MSFT
0.700746195231071,-0.3843862035248232,-0.4014380073652699,-0.8224736457017935,-0.26196961544762154,-0.2923893853324768,-0.720441140152134,1.6508726105989944,-0.3832944516064681,1.7948744277791526,0.3832944516064681,0.01512086403728346,2022-06-03,MSFT
-1.1232721429711332,-0.5064442458009767,-0.9400425059486303,-1.3757136642295382,-0.32145824418373375,-0.8447477340631415,-0.9211033596633275,1.4161584408823216,-0.7127044654265468,1.3068652326517525,0.7127044654265468,0.14546550379599876,2022-06-10,MSFT
-1.2345029992829204,-0.4243015567355884,-1.0143791348304034,-1.9289536827572826,0.6937470750090032,-0.5233235230368809,0.728345896975455,1.1227657287364807,-0.8159962758667282,1.1766392514914599,0.8159962758667282,-0.13625277861486282,2022-06-17,MSFT
0.560833988274861,-0.43156242581715304,-0.1105621714179698,-1.9289536827572826,-1.1894010292398374,0.7771157647419396,-1.329947972306088,1.7095511530281624,-0.4281698515640423,2.0518847844984234,0.4281698515640423,0.06865905449079579,2022-06-24,MSFT
0.43385859928109355,-0.5916116871414041,-0.1090422041437296,-1.9289536827572826,1.4133831580132428,-0.5349724933242025,-0.8871996154993411,1.6508726105989944,-0.5852340545498823,1.9116532063690543,0.5852340545498823,0.11594234298743558,2022-07-01,MSFT
-0.18146743877654017,0.2496103882854868,-0.46032769512203603,-1.3757136642295382,0.2204133851374926,0.13051694314802129,-1.8070592851000697,1.5921940681698266,-0.42894345037442705,1.6944234082601597,0.42894345037442705,-0.6740543508243731,2022-07-08,MSFT
-0.31986528917840895,0.06367828666258177,-0.6703983722910707,-1.3757136642295382,0.538850068156954,-0.742566180289636,-0.2774606612738602,1.5921940681698266,-0.6405557666566208,1.734939550354974,0.6405557666566208,-0.13765263115487789,2022-07-15,MSFT
-0.5268598415657056,-0.49373941270115573,-0.0993092523412335,-1.3757136642295382,1.7516441126029645,0.019974950636783277,-0.9474179322383836,1.5921940681698266,-0.5701476652100604,1.652454595431716,0.5701476652100604,0.09657112934632879,2022-07-22,MSFT
1.0118716235605283,0.4544089338571236,0.6619145390943211,-0.8224736457017935,-0.5980872432275378,1.2771049972618054,0.717412401074038,1.7095511530281624,-0.17593723191572033,2.1500246222266712,0.17593723191572033,0.27591787196595347,2022-07-29,MSFT
0.9233205333451062,0.24081017761614434,0.10239749169097004,-0.26923362717404914,-0.37271773545744086,-0.06288303864014788,-1.1118000371440113,1.6508726105989944,-0.13396282749708868,1.7656621707477422,0.13396282749708868,-0.4822440589051043,2022-08-05,MSFT
0.32708230579996134,0.937985467137593,0.5958435834646898,0.2840063913536956,-0.49743020620818484,0.2319790450112218,-0.878671967937344,1.5921940681698266,0.04012358066051556,1.5534938448747275,-0.04012358066051556,-0.8877932472489223,2022-08-12,MSFT
-0.006395155460009162,0.62737013317308,0.20827042712273583,-0.26923362717404914,-0.7637478161369353,-0.3307332511615075,-1.2146016295888549,1.1814442711656488,-0.05954334946047316,1.0269536854898267,0.05954334946047316,-0.9366643459769658,2022-08-19,MSFT
-1.1938237454612657,-0.6296376648118728,0.02727505641474098,-0.26923362717404914,-1.267080127942569,-0.8979081811022734,-0.8182533457078894,1.5335155257406579,-0.40961863683131405,1.3632029332325364,0.40961863683131405,0.19530900245014365,2022-08-26,MSFT
-1.5185805522462503,-1.0644173535738908,-0.4166611915626617,-0.26923362717404914,1.2480256387538413,-0.7283420167250404,-0.5824692362499275,1.240122813594817,-0.6428086609978352,1.1041093931457384,0.6428086609978352,0.34841795178822715,2022-09-02,MSFT
-0.3519850915339131,-1.056823474677599,-0.7194635352009777,0.2840063913536956,-0.675207467438831,0.1815946578574113,-1.153575419358878,1.240122813594817,-0.4799833900686718,1.0588358396471738,0.4799833900686718,0.7465380501776478,2022-09-09,MSFT
-0.7425046535852126,-1.514655019658802,-1.2811240682817466,-0.26923362717404914,-1.0156734773801857,-1.4425389192843792,0.4287326547285365,1.0640871863073125,-0.8622357803096988,0.9133399898013798,0.8622357803096988,-0.47639922634366694,2022-09-16,MSFT
-1.457466546561312,-1.2345886479729857,-1.6464276520151004,-0.26923362717404914,0.019212333687063557,-0.6377540465975524,0.4838450893947869,1.0054086438781444,-0.9944344804670766,0.8414115413140103,0.9944344804670766,-0.420748362191501,2022-09-23,MSFT
-0.7955974494687541,-1.0423279890906343,-1.6673150918845374,-0.8224736457017935,-0.3925715335828068,-0.5288699265574185,0.7154860096482423,0.8293730165906398,-1.09174241923132,0.6606641264623453,1.09174241923132,-0.4199894350023136,2022-09-30,MSFT
-0.37652255809852103,-1.2496773600736426,-1.2314400476332676,-0.26923362717404914,0.7606412928643659,-0.0480657924092382,0.6085198233836766,0.7120159317323035,-1.0657674447547356,0.5352754605029679,1.0657674447547356,-0.4317923927437714,2022-10-07,MSFT
-0.41685418932295215,-0.8305076361123769,-1.0939857607133503,-0.8224736457017935,0.6096855766816912,-0.6110280140734342,1.039490928490288,0.6533373893031351,-1.1758691679203448,0.47040795277040803,1.1758691679203448,-0.4370642802071385,2022-10-14,MSFT
0.24880718469808158,-0.10144367635242067,-0.9269815147393687,-0.8224736457017935,1.8887736546562448,0.7497163925594575,-0.11445389692172984,0.24258759229895785,-0.9130216934353299,0.1345649379930601,0.9130216934353299,-0.08387533832404186,2022-10-21,MSFT
0.22769797905865133,-0.14409825621791728,-0.5755912546407477,-1.3757136642295382,1.7875689209119854,-0.8338241288865756,2.6487655875518903,0.007873422582284881,-1.0341717535296584,0.08910607870960911,1.0341717535296584,0.1296653347964866,2022-10-28,MSFT
-1.2698138296543726,-0.7325668489489346,-0.8177225073397465,-1.9289536827572826,1.7269943070462164,-1.4008223238397404,1.199135068200985,-0.1681622047052196,-1.314852317519423,0.008147690482816314,1.314852317519423,-0.48855374974723,2022-11-04,MSFT
0.4272418452717662,0.45131133021573194,0.13296657984482202,-1.3757136642295382,0.9828181586918077,2.166375094408998,1.0803667221192739,1.7095511530281624,-0.8162954694505253,1.4626563921274733,0.8162954694505253,0.4938316763664393,2022-11-11,MSFT
1.0001044131648187,-0.2630074260823789,-0.07330622552469167,-1.3757136642295382,0.21063784502689714,-0.4864198684100051,0.11810817679258799,1.6508726105989944,-0.9172901279372994,1.19515649618567,0.9172901279372994,-0.06995955327162547,2022-11-18,MSFT
-0.12404229048674185,0.1994327939307985,0.3140928869447115,-0.8224736457017935,-0.5535673845372843,0.07829917367375665,-1.609097498313028,1.5921940681698266,-0.7954098172417889,1.0910535829096102,0.7954098172417889,-0.6308680000738555,2022-11-25,MSFT
0.5489243954738172,1.0953034011000287,0.09824681629831256,-0.8224736457017935,0.12446547023435178,0.34217857475235997,0.15109412801618316,1.47483698331149,-0.6490365558094942,1.031987146231866,0.6490365558094942,0.06024129197258269,2022-12-02,MSFT
-0.28607012239297264,-0.2902563664157051,0.004794991003272497,-0.8224736457017935,0.19295969361934343,-0.6328906318808292,-0.6301137053689772,1.3574798984531533,-0.8356478682176762,0.6828935598548245,0.8356478682176762,-0.05090170190375929,2022-12-09,MSFT
-0.6953659001686546,-0.12988423590197362,0.47790418399838913,-0.8224736457017935,-1.0412139976733683,-0.22761205110128244,2.2952529511145294,1.1814442711656488,-0.8498372830747674,0.5933460886263279,0.8498372830747674,0.15305969105369321,2022-12-16,MSFT
-0.5266809614549278,-0.5631662255469158,-0.5387778303417223,-0.8224736457017935,-0.6272010078697843,-0.5046780103457044,-0.19541035151901134,1.1814442711656488,-0.9656927989597784,0.5860498337461804,0.9656927989597784,-0.00804559991636067,2022-12-23,MSFT
-0.43300327669066435,-0.7738651062863333,-0.35382988247490355,-0.8224736457017935,-1.2684035058614884,-0.10926399005477179,-1.380496121244505,1.1227657287364807,-0.9445040124209538,0.5648927246746096,0.9445040124209538,0.5729342143254622,2022-12-30,MSFT
-0.9156495084280593,-0.9817659662796574,-0.9756573864808299,-0.8224736457017935,2.268399132166706,-1.2618008120505069,0.5193269550560845,1.4161584408823216,-1.2339451585502632,0.8091550222527105,1.2339451585502632,-0.3826144761100462,2023-01-06,MSFT
-0.2108931722128442,-0.4493089044380753,-0.7626414311894893,-0.8224736457017935,0.885205999152198,0.7821103873146396,-0.18837189552588762,1.4161584408823216,-0.9559730997998351,0.829699003097446,0.9559730997998351,-0.03259985954876217,2023-01-13,MSFT
0.6860319371664622,-0.20076798428489734,-0.46591351442248363,-0.26923362717404914,-0.06210406875943316,-0.09230313403525268,-0.39482317395181576,1.2988013560239853,-0.9367292231228558,0.7492625584102444,0.9367292231228558,-0.08912979402935378,2023-01-20,MSFT
0.29576334122766945,0.04759240076370208,-0.20822982457790068,0.2840063913536956,0.6969877537185584,0.5512384423166082,1.3182206457149155,0.7706944741614714,-0.782385650749556,0.43150091705360594,0.782385650749556,0.23775257321523927,2023-01-27,MSFT
0.7814855697796712,1.038112937686502,0.2872129068779498,0.2840063913536956,1.0877078976510453,0.5184111454371068,0.17365708662783846,-1.0483403411427425,-0.5843061603654828,-0.5246944745144051,0.5843061603654828,0.08157529184178149,2023-02-03,MSFT
0.5870471913803856,0.6133599919005269,0.39567811308193,0.8372464098814396,0.3647941889724234,0.22874123366349958,1.1489560314539407,-1.224375968430247,-0.4919723528236541,-0.5818361172316255,0.4919723528236541,0.7174244897530849,2023-02-10,MSFT
-0.1620010609971404,0.4147175822781354,0.7824721101789759,0.2840063913536956,-1.2172853208262688,-0.4445039057404611,0.4974241623314215,-1.1070188835719108,-0.5773792377886409,-0.5641218426114496,0.5773792377886409,0.19003692190114874,2023-02-17,MSFT
-0.8211314130552352,-0.19602058180489668,0.011699216134605037,-0.26923362717404914,1.0612640692095128,-0.5279178535094174,-0.9731736270912018,-0.9309832562844061,-0.7496468399657168,-0.5096771863709408,0.7496468399657168,-0.11963593657138222,2023-02-24,MSFT
-0.31624887584448963,-0.33664119469413506,0.16489658086297349,0.2840063913536956,-0.6331633994339505,0.1789390447079186,-0.43776543537759627,-1.224375968430247,-0.6313592773504096,-0.617024700857055,0.6313592773504096,-0.035845059227214135,2023-03-03,MSFT
-0.21175436569214662,-0.714508685608335,-0.2806429079533457,0.2840063913536956,-0.7990385517181989,-0.4783333739613344,-0.6340840170181715,-1.1070188835719108,-0.7619237803342825,-0.5313137430264219,0.7619237803342825,0.19856142174081995,2023-03-10,MSFT
1.0245292132593196,0.4656709618543172,0.30264882035077234,0.8372464098814396,1.4684203025117948,2.967718854508992,2.011944576691058,1.0640871863073125,-0.16093511391966284,0.5573941583396654,0.16093511391966284,1.09397833196267,2023-03-17,MSFT
1.458577671946736,0.8397798775715248,0.1916750691057216,0.8372464098814396,-0.4970242002869623,-0.07255232076453635,0.682638385894225,1.0640871863073125,-0.13871900513617,0.5418927285407038,0.13871900513617,0.5742832130895285,2023-03-24,MSFT
0.22464694587383027,0.8703440492210928,0.5421848247331097,1.3904864284091845,-0.4585852940702645,0.23903029152170158,-0.2899521309551356,-0.22684074713438793,0.011918143783143131,0.008267091303199834,-0.011918143783143131,-0.4019743485471396,2023-03-31,MSFT
0.321034051078491,1.2508006921735955,0.9273569619584913,1.3904864284091845,0.04380866623590829,-0.02198175742449345,-0.8735903918904359,-0.28551928956355604,0.0762256668366816,-0.16325574210891833,-0.0762256668366816,-1.336148239591803,2023-04-07,MSFT
-0.2749716560383361,-0.04608678398222709,0.5688548871744536,0.8372464098814396,-0.30083956661299566,-0.39450282583100943,-0.5157109527923545,-0.28551928956355604,-0.030175695561543137,-0.06834088508056857,0.030175695561543137,-0.16971353212219403,2023-04-14,MSFT
-0.43458778032445466,-0.09408777802446924,0.7778068176222548,0.2840063913536956,-0.7650534434967114,-0.16429743893076326,-0.848688474185906,-0.34419783199272425,-0.0375794484396136,-0.08631847363903311,0.0375794484396136,-0.19585007041203348,2023-04-21,MSFT
0.7603184357678295,0.3173122933348471,0.41405925035669244,0.2840063913536956,-0.5903785901499315,1.567900821406657,1.5124171910569837,0.0665519650114532,0.38139827216024036,0.16013608374617638,-0.38139827216024036,0.6630156428920285,2023-04-28,MSFT
0.9295585970905709,0.3135210084271633,0.4695346986060762,0.2840063913536956,-0.33564155856153643,-0.005653510300006215,-0.5373796267926042,0.0665519650114532,0.4474597304476681,0.14665773882400024,-0.4474597304476681,-0.35285370422619794,2023-05-05,MSFT
-0.10869837657704265,0.439352095476156,0.21079618741331227,0.2840063913536956,0.8880615101467566,-0.22154779147080475,-0.45216452464248086,-0.1681622047052196,0.4147212227981591,0.08674449276762076,-0.4147212227981591,-0.36555756349013396,2023-05-12,MSFT
0.16417844753913513,0.7584376430116138,0.3739283788400411,0.8372464098814396,0.5030841502016316,0.2734150528835473,-0.5924840831416273,-0.578912001709397,0.6108782352608138,-0.14714697457381898,-0.6108782352608138,-0.5810694544923962,2023-05-19,MSFT
0.8362561978527328,0.49154596621572644,0.8973010895197123,0.8372464098814396,4.004523873833273,0.6187754822508837,0.3011258533736698,-0.4028763744218924,0.8950393876286497,-0.09557306979409659,-0.8950393876286497,0.09494540122523289,2023-05-26,MSFT
0.5028448309634572,0.4588966358169523,0.9727270340484654,1.3904864284091845,0.3586768105361688,-0.046445102238023506,-0.43970610302293944,-0.872304713855238,0.9440592401471878,-0.29795150861160064,-0.9440592401471878,-0.3435677793383806,2023-06-02,MSFT
-0.41290535661958966,0.2670267975472155,0.16847047974835255,0.8372464098814396,0.07068271010983135,-0.49855039363671555,-0.44342555473195144,-1.2830545108594154,0.7759057770980667,-1.2481252080475849,-0.7759057770980667,-0.27056099878178047,2023-06-09,MSFT
0.08353716213385078,0.40082276508421166,0.4489769442023953,0.8372464098814396,0.6040464602195229,0.6628209514769304,0.37587127090574335,-1.224375968430247,1.0013983112206621,-1.1202922555913533,-1.0013983112206621,0.10893354389827208,2023-06-16,MSFT
0.1411260994707165,-0.19940213574883495,0.3199794705055751,0.2840063913536956,-0.2727219441916416,-0.37908559373013767,-1.0811690697755547,-1.1656974260010788,0.8602998116352538,-0.9542624695528803,-0.8602998116352538,-0.11956319305719482,2023-06-23,MSFT
-0.2461461596176377,-0.12170563105312944,0.1965219438111229,0.2840063913536956,-0.3351892672629973,0.05577073747217951,-0.7063308038902195,-1.1070188835719108,0.9668487125876798,-0.935063872477178,-0.9668487125876798,-0.1498773316307757,2023-06-30,MSFT
-0.0959444668728273,0.02270324613508753,-0.2167828013573817,0.2840063913536956,-1.1696408253665895,-0.24036566266682355,-1.3189653559045806,-1.1656974260010788,0.9027647796394066,-0.9798324677871887,-0.9027647796394066,-0.38543788135855184,2023-07-07,MSFT
-0.0038216151206855063,-0.181104919560621,-0.09780493398235597,0.8372464098814396,-0.3276814427265531,0.23092145207546397,0.1054461164213561,-1.1656974260010788,1.0013983112206621,-0.9870621121327657,-1.0013983112206621,-0.06468574018181084,2023-07-14,MSFT
0.06777161685430844,-0.027765292400675903,0.06700947615918088,0.2840063913536956,0.12030942070078364,-0.2571834547019483,2.002292676130997,-1.2830545108594154,0.9732649640865101,-1.4695849064702233,-0.9732649640865101,0.3052602112612729,2023-07-21,MSFT
-0.4329562600822089,-0.3105557022693431,-0.3958236903552777,-0.26923362717404914,0.5313274494000865,-0.4806752190169129,1.135665545433762,-1.224375968430247,0.8699111116362076,-1.349051414726232,-0.8699111116362076,-0.12494109442628618,2023-07-28,MSFT
-0.7718578871879995,-0.498739627682269,-0.4689885410433588,-0.26923362717404914,-0.2134095092470754,-0.5512484045427977,-0.5805225333887968,-1.1656974260010788,0.667226954850584,-1.131385535192515,-0.667226954850584,0.0590322997632978,2023-08-04,MSFT
-0.8328667923469151,-0.8659487141302116,-0.7293711839575281,-0.8224736457017935,0.23399895552674008,-0.4056371907979892,-0.6660490267065614,-1.1656974260010788,0.537652307153626,-1.1492848646587084,-0.537652307153626,0.30082761022848453,2023-08-11,MSFT
-0.5925239616436201,-0.9290723377902939,-0.7451484966522429,-1.3757136642295382,-0.36104373894927966,-0.29388134709744496,-0.7273982219949454,-1.2830545108594154,0.4637757572178782,-1.4654318967078352,-0.4637757572178782,0.38574714027658036,2023-08-18,MSFT
-0.07429299647888075,-0.6333726023333037,-0.7668609722673569,-1.3757136642295382,-0.3128158755832934,0.10679391534669225,-0.6418810456284143,-1.224375968430247,0.5884451460197854,-1.36308164791758,-0.5884451460197854,0.15699461090706932,2023-08-25,MSFT
0.31050473683030194,-0.2132478843899434,-0.6170250741752067,-0.8224736457017935,-0.22012712008039484,0.04015278263158399,-0.9613325838954266,-1.224375968430247,0.6973869296604893,-1.3862471546919464,-0.6973869296604893,-0.10714154744209141,2023-09-01,MSFT
0.26555125326901335,0.12362539836418669,-0.38458575391388483,-0.8224736457017935,-0.1003588416118737,0.002662588953272324,-1.2723076942275289,-1.2830545108594154,0.8049853520655209,-1.7475885780567628,-0.8049853520655209,-0.5286405716315858,2023-09-08,MSFT
-0.1191250408513821,0.12278308075844402,-0.2417747925313415,-0.8224736457017935,-0.8251759057288135,-0.3143656266032996,-0.3934692716454134,-1.2830545108594154,0.7273068699992703,-1.7873348341881543,-0.7273068699992703,-0.2131186339749223,2023-09-15,MSFT
-0.8370706165584951,-0.41597356905982424,-0.3870955854282075,-1.3757136642295382,-0.8307073483502974,-0.7125247057083184,-0.29701790407780704,-1.1656974260010788,0.47394097941209173,-1.5550275948128844,-0.47394097941209173,-0.02173741898980255,2023-09-22,MSFT
-0.7375474741751443,-0.59698211905136,-0.3283509212120673,-1.3757136642295382,-0.07584558434208735,-0.20326217044549538,-0.38950341693791746,-1.1656974260010788,0.4497747366435231,-1.53493319506175,-0.4497747366435231,0.061723593568901954,2023-09-29,MSFT
0.23216093752890343,-0.43761807022070387,-0.2150017935302789,-1.3757136642295382,-1.3891191019100089,0.33963461093143954,-0.42762209727686495,-1.0483403411427425,0.670535152710037,-1.3352895503081845,-0.670535152710037,0.007839097824928707,2023-10-06,MSFT
0.3035723863983092,-0.32072014565976714,-0.3321614015068914,-0.8224736457017935,-1.6277086487205161,-0.1301726528418132,-0.4681857896374009,-0.9896617987135744,0.6795501107059925,-1.3064146249518074,-0.6795501107059925,-0.039070725293156305,2023-10-13,MSFT
-0.20252316841576326,0.010131868175059911,-0.4771900150821285,-0.8224736457017935,-0.428051578702225,-0.19753568999876328,-0.10643442813930827,-1.0483403411427425,0.6592184780281044,-1.317779446759856,-0.6592184780281044,-0.10367136653783701,2023-10-20,MSFT
-0.09874969972965769,0.1324775569841141,-0.32059174463517404,-0.26923362717404914,0.3293460752434408,0.07171404447914437,1.4631144902095112,-1.1656974260010788,0.719443364491034,-1.468347296037109,-0.719443364491034,0.43574334596718406,2023-10-27,MSFT
0.8389956986657165,0.42416795173173427,0.5109765433081063,0.2840063913536956,0.37089996123655,0.9397781968190831,0.026765050546251248,-0.4615549168510607,1.0013983112206621,-0.7726995790813503,-1.0013983112206621,-0.07236207398642115,2023-11-03,MSFT
1.3594050460261802,0.85874086142753,0.9325831680568134,0.8372464098814396,-1.15573734772152,0.6505732420221654,0.24849626254555887,-0.28551928956355604,1.0013983112206621,-0.5943211517187903,-1.0013983112206621,0.15954058912921565,2023-11-10,MSFT
0.4629227079404398,0.9153964002597266,0.6533084134839465,0.8372464098814396,-1.5385510533525577,-0.10353775385045134,0.5310583685051374,-0.22684074713438793,1.0013983112206621,-0.548069931160926,-1.0013983112206621,0.47591441328458006,2023-11-17,MSFT
0.11412710024790658,1.0218319230277289,0.8103231601036858,0.8372464098814396,-1.1149461178570865,0.14602883443085876,-0.23300466231847558,-0.1681622047052196,1.0013983112206621,-0.5017113296010641,-1.0013983112206621,-0.3711976817568217,2023-11-24,MSFT
-0.019123611929052264,0.29926014754650876,0.7723497847426578,0.2840063913536956,-1.3211215565849506,-0.28095353096251585,0.32809500577858935,-0.050805119846883275,0.9502774560609386,-0.4090125810848857,-0.9502774560609386,0.07763476145348291,2023-12-01,MSFT
-0.2875284374452447,-0.1298441221914176,0.6864694676077157,0.2840063913536956,-0.6568592832613303,-0.160911940857106,0.06298503119580223,-0.22684074713438793,0.94537504106489,-0.43796214049466875,-0.94537504106489,-0.06663863822409988,2023-12-08,MSFT
-0.3080884761870278,-0.23438174780252935,0.07425660305068778,0.2840063913536956,0.789059446685419,-0.40105060882818505,2.9486653809452226,-0.578912001709397,0.8841013483128862,-0.8138015484410259,-0.8841013483128862,-0.03125711272313292,2023-12-15,MSFT
-0.16765412254562734,-0.3208143347529403,-0.19979533414097678,0.8372464098814396,-0.015252889307140324,-0.007443881636156329,-0.4801777744607314,-0.578912001709397,0.9515033304223925,-0.8397688548860807,-0.9515033304223925,-0.04449806341344889,2023-12-22,MSFT
0.0028210066307835773,-0.21953354705586348,-0.18961256851357416,0.8372464098814396,-0.6792644985324239,-0.11736635113200038,-1.6900177369545963,-0.6962690865677335,0.9770632167773707,-0.8934255753113107,-0.9770632167773707,-0.11666769073196091,2023-12-29,MSFT
-0.4117501313335698,-0.40580181239303,-0.4983990604959679,0.2840063913536956,-0.6386680036586404,-0.4179183436953433,-0.7475922734633242,-0.34419783199272425,0.8319299756540096,-0.6404456418340764,-0.8319299756540096,0.02814644995131625,2024-01-05,MSFT
0.24134979013252297,0.16139773618505296,-0.03997636074953712,0.8372464098814396,0.43995905804179986,0.751660300703922,0.10940920816736621,-0.050805119846883275,1.0013983112206621,-0.2738217883055091,-1.0013983112206621,-0.042138965431801234,2024-01-12,MSFT
0.89107593170163,0.3046665841467815,0.16425191604762604,0.8372464098814396,1.6078436593342795,0.2095120969451662,-0.42781318449691946,0.007873422582284881,1.0013983112206621,-0.21424114613030376,-1.0013983112206621,-0.28009773833325025,2024-01-19,MSFT
0.32720229508583926,0.39044794827533624,0.340892061577105,0.8372464098814396,1.0642100761621742,0.044020542342477105,-0.21715815482839076,-0.8136261714260699,1.0013983112206621,-0.8134391949732478,-1.0013983112206621,-0.19287877862394448,2024-01-26,MSFT
0.22128832509741364,0.7737417471364755,0.4010929726954193,0.8372464098814396,0.9772145873680814,0.23321435888949557,1.3652039651536498,-1.1656974260010788,1.0013983112206621,-1.1236619249173054,-1.0013983112206621,0.9740160489208152,2024-02-02,MSFT
0.22128832509741364,0.7737417471364755,0.4010929726954193,0.8372464098814396,0.9772145873680814,0.23321435888949557,1.3652039651536498,-1.1656974260010788,1.0013983112206621,-1.1236619249173054,-1.0013983112206621,0.9740160489208152,2020-01-03,GOOG
0.22128832509741364,0.7737417471364755,0.4010929726954193,0.8372464098814396,-0.6538397836846594,0.23321435888949557,1.3652039651536498,-1.1656974260010788,1.0013983112206621,-1.1236619249173054,-1.0013983112206621,0.9740160489208152,2020-01-10,GOOG
0.94092871786723,0.7737417471364755,0.4010929726954193,0.8372464098814396,-1.2598916293808409,0.23321435888949557,1.3652039651536498,-1.1656974260010788,1.0013983112206621,-1.1236619249173054,-1.0013983112206621,0.9740160489208152,2020-01-17,GOOG
0.14979415513222563,0.7737417471364755,0.4010929726954193,0.8372464098814396,-1.7611442842555658,0.23321435888949557,1.3652039651536498,-1.1656974260010788,0.9403400208842082,-1.1236619249173054,-0.9403400208842082,0.9740160489208152,2020-01-24,GOOG
-0.5766135574127697,0.2155173320726498,0.4010929726954193,0.8372464098814396,0.23513840489640023,0.23321435888949557,1.3652039651536498,-1.1656974260010788,0.7953659252262372,-1.1236619249173054,-0.7953659252262372,0.9740160489208152,2020-01-31,GOOG
-0.07087140755417717,0.04624816564640474,0.4010929726954193,0.8372464098814396,-0.8610379333482852,0.23321435888949557,1.3652039651536498,-1.1656974260010788,0.9962210323037561,-1.1236619249173054,-0.9962210323037561,0.9740160489208152,2020-02-07,GOOG
0.5885118534259907,-0.017855817937775416,0.5455851643066674,0.8372464098814396,1.4308043600279396,0.23321435888949557,1.3652039651536498,-1.1656974260010788,1.0013983112206621,-1.1236619249173054,-1.0013983112206621,0.9740160489208152,2020-02-14,GOOG
-0.12894548655532334,-0.14590234117009182,-0.029345932138431494,0.8372464098814396,-1.0444252543344468,0.23321435888949557,1.3652039651536498,-1.1656974260010788,0.8465843485004428,-1.1236619249173054,-0.8465843485004428,0.9740160489208152,2020-02-21,GOOG
-1.6985834716675605,-0.8310024189481776,-1.0057487863503394,0.8372464098814396,-0.5892970527720642,0.23321435888949557,1.3652039651536498,-1.1656974260010788,0.2131646868718117,-1.1236619249173054,-0.2131646868718117,0.9740160489208152,2020-02-28,GOOG
-1.780386461389985,-1.3190356789207192,-1.1475343101954005,0.8372464098814396,0.4586841634818061,0.23321435888949557,1.3652039651536498,-1.1656974260010788,0.03536473775852233,-1.1236619249173054,-0.03536473775852233,0.9740160489208152,2020-03-06,GOOG
-1.3166706833461317,-1.9778895432197785,-1.4011488632793325,0.8372464098814396,1.0353698796296784,0.23321435888949557,1.3652039651536498,-1.1656974260010788,-0.3065025789475175,-1.1236619249173054,0.3065025789475175,0.9740160489208152,2020-03-13,GOOG
-2.396872991753657,-2.6743305581918473,-2.3156580836892076,-1.3757136642295382,-0.49287903898396024,0.23321435888949557,1.3652039651536498,-1.1656974260010788,-0.9470044797187774,-1.1236619249173054,0.9470044797187774,0.9740160489208152,2020-03-20,GOOG
-1.3177146964033848,-1.7408051910908393,-2.2759027902300586,-0.8224736457017935,2.556635218003974,0.23321435888949557,1.3652039651536498,-1.1656974260010788,-0.7801988732869615,-1.1236619249173054,0.7801988732869615,0.9740160489208152,2020-03-27,GOOG
0.12395819658026294,-1.5993276836855577,-2.2111803755545725,-1.3757136642295382,0.07259509649628064,0.23321435888949557,1.3652039651536498,-1.1656974260010788,-0.835945597735811,-1.1236619249173054,0.835945597735811,0.9740160489208152,2020-04-03,GOOG
0.9753707500080354,-0.3141767242184137,-1.0071713825761286,-1.3757136642295382,-0.6293119095905735,0.23321435888949557,1.3652039651536498,-1.1656974260010788,-0.34247984646356866,-1.1236619249173054,0.34247984646356866,0.9740160489208152,2020-04-10,GOOG
1.970447947131879,1.4569794601328239,-0.39661076293497066,-0.8224736457017935,1.4300904615041787,0.23321435888949557,1.3652039651536498,-1.1656974260010788,-0.03050619423608121,-1.1236619249173054,0.03050619423608121,0.9740160489208152,2020-04-17,GOOG
0.5337240955963369,1.0660982132361958,0.044327557696902546,-0.8224736457017935,-1.460590335672443,0.23321435888949557,1.3652039651536498,-1.1656974260010788,-0.04762519351151477,-1.1236619249173054,0.04762519351151477,0.9740160489208152,2020-04-24,GOOG
0.19116066832991482,1.5106694165966426,1.3753715968672928,-0.8224736457017935,1.1351011417530084,0.23321435888949557,1.3652039651536498,-1.1656974260010788,0.13182457454149898,-1.1236619249173054,-0.13182457454149898,0.9740160489208152,2020-05-01,GOOG
0.9059763381898035,1.0160087619922051,1.5097142500721428,-0.8224736457017935,-1.0131677270375266,0.23321435888949557,1.3652039651536498,-1.1656974260010788,0.4262446605788208,-1.1236619249173054,-0.4262446605788208,0.9740160489208152,2020-05-08,GOOG
0.3274301765969487,0.3549377063290932,1.5154034915117245,-0.8224736457017935,1.177143669584933,-0.2809723250079787,-0.4962031710973932,-1.1656974260010788,0.3602872824775234,-1.1236619249173054,-0.3602872824775234,-0.47917919841673984,2020-05-15,GOOG
0.02267360073790806,0.6369167092429774,0.8850347020516321,-0.26923362717404914,-0.17957385333525405,0.15118888172100092,-0.710880617110251,-1.1656974260010788,0.5220536482959545,-1.1236619249173054,-0.5220536482959545,-0.8246440925298727,2020-05-22,GOOG
0.3372266753844554,0.45875189148749407,0.5154792006127481,0.2840063913536956,-0.1700231491923673,-0.007048723215571122,-0.7419429269841095,-1.1656974260010788,0.6024365118463502,-1.1236619249173054,-0.6024365118463502,-0.7042930904721016,2020-05-29,GOOG
0.07295742809869529,0.058488305531769536,0.5943939881618662,0.8372464098814396,0.9770301059436098,-0.07983515942382913,-0.7899706644099151,-1.1656974260010788,0.6435841910952097,-1.1236619249173054,-0.6435841910952097,-0.3686695339677851,2020-06-05,GOOG
-0.3198347778633373,-0.0016221630348933805,0.19913993725741963,0.8372464098814396,0.36894324705979403,-0.36515718514262524,-0.5049041410839294,-1.1656974260010788,0.534043956932544,-1.1236619249173054,-0.534043956932544,-0.22738795620281052,2020-06-12,GOOG
-0.23861395011158656,-0.12364876694614114,-0.08406596966341802,0.8372464098814396,-1.286785468091953,0.03536533873309131,-0.2277612533954967,-1.1656974260010788,0.6146023828463414,-1.1236619249173054,-0.6146023828463414,-0.10891702042622582,2020-06-19,GOOG
-0.6596539966950539,-0.6755045108732232,-0.38205740538169136,0.8372464098814396,0.012799930967980003,-0.914006551460283,-0.033318216613735886,-1.1656974260010788,0.30254128320590457,-1.1236619249173054,-0.30254128320590457,-0.03768447875617487,2020-06-26,GOOG
0.11376194840881734,-0.09588738136251207,-0.031163603229507935,0.8372464098814396,-1.1059501909338445,0.7053396047118105,-0.7292706997353547,-1.1656974260010788,0.7579026587074194,-1.1236619249173054,-0.7579026587074194,-0.20391415261541168,2020-07-03,GOOG
1.523141104001238,0.5367133194168734,0.2636786753635066,0.8372464098814396,-0.7158699667292999,0.43179455836484804,-0.7778407220340725,-1.1656974260010788,1.0013983112206621,-1.1236619249173054,-1.0013983112206621,-0.7442721884692396,2020-07-10,GOOG
0.26251104162495137,0.2545320361332158,0.07927141590359817,0.8372464098814396,-1.1459071674487582,-0.3543814501519587,-0.5855414694580454,-1.1656974260010788,0.8891512156839553,-1.1236619249173054,-0.8891512156839553,-0.4095157884250403,2020-07-17,GOOG
-0.4262735725609851,0.7175639774950858,0.19724069643059378,0.2840063913536956,4.822239339737071,-0.1749246780340321,-0.8040185757476058,-1.1656974260010788,0.8733788240061748,-1.1236619249173054,-0.8733788240061748,-0.9694837008803694,2020-07-24,GOOG
-0.4533897524625262,-0.1465860166053368,-0.050805490900490906,-0.26923362717404914,2.3880086731613415,-0.4300821699185037,-0.13433643370825651,-1.1656974260010788,0.7494746180802458,-1.1236619249173054,-0.7494746180802458,-0.08907575233649252,2020-07-31,GOOG
-0.32594803229901326,-0.5218390254182399,0.40950360685328446,0.2840063913536956,0.296291244843045,-0.020701654201712095,0.22195089179913632,-1.1656974260010788,0.7988909157932553,-1.1236619249173054,-0.7988909157932553,-0.1138096564406166,2020-08-07,GOOG
0.03312895287617308,-0.3000018153405302,-0.09751401301794849,0.2840063913536956,0.2663628988811023,-0.03783741780775774,-0.965410004710448,-1.1656974260010788,0.8556357064249296,-1.1236619249173054,-0.8556357064249296,-0.04338004154118224,2020-08-14,GOOG
0.5525990869342928,0.13954885511576157,-0.12876475385767017,0.2840063913536956,1.335423070564641,0.5774092861212753,-0.1682515956225614,-1.1656974260010788,1.0013983112206621,-1.1236619249173054,-1.0013983112206621,-0.11259595185905555,2020-08-21,GOOG
0.9747870392886728,0.6924915056960627,0.30790516958522496,0.2840063913536956,-0.4787077360180936,0.659698799756563,1.468146580040906,-1.1656974260010788,1.0013983112206621,-1.1236619249173054,-1.0013983112206621,0.6937082233095063,2020-08-28,GOOG
-0.0939952894678456,0.307209239782233,0.0699649190230032,0.2840063913536956,-0.6216822717917456,-0.8422751776231334,1.8169060491716391,-1.1656974260010788,0.7869443174857259,-1.1236619249173054,-0.7869443174857259,0.5170844618275169,2020-09-04,GOOG
-1.1373790532890145,-0.18010280906136525,-0.12603784382670577,-0.26923362717404914,-0.6823261144402677,-0.7586933574414447,-0.538224566403513,-1.1656974260010788,0.504379186653635,-1.1236619249173054,-0.504379186653635,-0.09577746886164168,2020-09-11,GOOG
-1.2284147602684847,-0.9183305210413918,-0.4797303954382798,-0.26923362717404914,1.0862483941689967,-0.839736858175176,0.6408711196069592,-1.1656974260010788,0.26034992979183075,-1.1236619249173054,-0.26034992979183075,-0.27718590948480043,2020-09-18,GOOG
-0.8139407197367861,-1.3107701750858056,-0.6148562092336872,-0.8224736457017935,0.16643537945659664,-0.317380835253886,0.2980408108728777,-1.1656974260010788,0.19995609177518417,-1.1236619249173054,-0.19995609177518417,-0.2102239760605228,2020-09-25,GOOG
-0.19325933816956228,-0.9805909593979889,-0.873948421450776,-0.8224736457017935,-0.16198350826532898,-0.016436115770678227,-0.4996385750129839,-1.1656974260010788,0.25404077079632703,-1.1236619249173054,-0.25404077079632703,0.1235151911406572,2020-10-02,GOOG
0.43960064227339574,-0.2865715839219745,-0.8839189301035443,-0.26923362717404914,-1.0993845365864092,0.3344794288072071,-1.156774974500269,-1.1656974260010788,0.48227799279864203,-1.1236619249173054,-0.48227799279864203,-0.05033487986677467,2020-10-09,GOOG
0.8209454667667837,0.41868202719266767,-0.39410771285738294,0.2840063913536956,-1.1459513900163771,0.4771390661434502,0.32504536170956083,-1.1656974260010788,0.714494553243718,-1.1236619249173054,-0.714494553243718,0.030203345557203578,2020-10-16,GOOG
0.8774793243463076,0.9257635428789184,0.2646937173094052,0.8372464098814396,-0.41287331347773787,0.5699948485540702,0.4243063151684688,-1.1656974260010788,0.987695953777981,-1.1236619249173054,-0.987695953777981,0.15394101460907675,2020-10-23,GOOG
0.20900163375816255,0.7152390923315199,0.49195996997187397,0.2840063913536956,-0.7021446454862728,-0.3920541955835738,1.6334908306737697,-1.1656974260010788,0.9073708528133078,-1.1236619249173054,-0.9073708528133078,0.7061616253827047,2020-10-30,GOOG
0.7574275690896021,1.1610381544760808,1.2857116201412173,0.2840063913536956,-0.36283683723287014,1.60044389007435,1.6141005660255252,-1.1656974260010788,1.0013983112206621,-1.1236619249173054,-1.0013983112206621,1.114665523063338,2020-11-06,GOOG
1.0459627739762367,0.8737362780093118,1.2800120919383207,0.2840063913536956,0.9985345754804154,-0.012654257594191918,0.06739698985109555,-1.1656974260010788,1.0013983112206621,-1.1236619249173054,-1.0013983112206621,-0.047515666549124334,2020-11-13,GOOG
-0.32094382710278657,0.28161601503524986,0.7797751647467467,-0.26923362717404914,-0.032745458296110114,-0.39645532144871626,-1.0286966450217456,-1.1656974260010788,0.8718871584239599,-1.1236619249173054,-0.8718871584239599,-0.3751216835882406,2020-11-20,GOOG
-0.06369237991676087,0.6694055685619723,0.7082320840502199,0.2840063913536956,-1.1433649052801387,0.14776739671179648,-1.7318942286701624,-1.1656974260010788,1.0013983112206621,-1.1236619249173054,-1.0013983112206621,-1.0008938076428975,2020-11-27,GOOG
0.4475507750001195,0.0721605430202341,0.5186276323241683,0.8372464098814396,0.9690118598252963,0.10825435296825521,-0.7205906648001504,-1.1656974260010788,1.0013983112206621,-1.1236619249173054,-1.0013983112206621,-0.2168380968011953,2020-12-04,GOOG
-0.26066113602755697,-0.23182539410320374,0.41097688679378436,0.8372464098814396,-1.2221112538489192,-0.4451545156045571,-1.1931871269938836,-1.1656974260010788,0.8343261764755444,-1.1236619249173054,-0.8343261764755444,-0.08652361707914374,2020-12-11,GOOG
-0.8551267010927429,-0.310946090327369,-0.4386689042735275,0.8372464098814396,-0.44139143826573274,-0.6705496373836496,0.849136454627217,-1.1656974260010788,0.6508427120024988,-1.1236619249173054,-0.6508427120024988,-0.09746684784882562,2020-12-18,GOOG
-0.48629926397541984,-0.5188461686854603,-0.46803569182017035,0.8372464098814396,-0.3844335702197841,-0.1144376179680081,-2.0519790406960343,-1.1656974260010788,0.6791832436079859,-1.1236619249173054,-0.6791832436079859,0.30045046601499503,2020-12-25,GOOG
-0.02603984132460327,-0.6174812625578123,-0.27102515762699136,0.8372464098814396,-0.693325965029228,-0.07894579703985516,-1.498425243421464,-1.1656974260010788,0.7262819606340861,-1.1236619249173054,-0.7262819606340861,0.3423688474726264,2021-01-01,GOOG
0.3210381988126628,-0.1308204049081887,-0.2545861405777446,0.8372464098814396,-0.8765649138208725,0.4331122251735823,0.7094996967785033,-1.1656974260010788,0.9262839349459657,-1.1236619249173054,-0.9262839349459657,-0.003999443652498201,2021-01-08,GOOG
-0.2936097131871649,-0.22904557015241458,-0.6774174783832789,0.2840063913536956,0.51750563748646,-0.6118159574055946,-0.8951450124118058,-1.1656974260010788,0.6695670218440173,-1.1236619249173054,-0.6695670218440173,-0.08825822418978102,2021-01-15,GOOG
0.4816424500963499,0.5567972871965011,0.17617961389653472,0.8372464098814396,-0.4952458357177816,1.2549960433648324,-0.18607497281228008,-1.1656974260010788,1.0013983112206621,-1.1236619249173054,-1.0013983112206621,-0.2018724678882882,2021-01-22,GOOG
0.5505676464140465,0.16154758604777283,0.12924389212646703,0.2840063913536956,-0.03455712607952834,-0.7720808526262826,0.6630699950266287,-1.1656974260010788,0.7743938685119336,-1.1236619249173054,-0.7743938685119336,0.12660403036138843,2021-01-29,GOOG
1.1396603632736533,1.1453968654631128,1.193233166855772,0.2840063913536956,0.43965863521490206,2.9565378070904744,1.5128260553197423,-1.1656974260010788,1.0013983112206621,-1.1236619249173054,-1.0013983112206621,1.480022371452143,2021-02-05,GOOG
1.682004201619029,1.5893479901523453,1.153264321755553,0.8372464098814396,0.7878112200366881,-0.12025737290172699,-1.2666498128069157,-1.1656974260010788,1.0013983112206621,-1.1236619249173054,-1.0013983112206621,-1.9986881851075184,2021-02-12,GOOG
-0.16050728754523372,0.6610018331265739,0.8733901190387652,0.2840063913536956,-0.4915615206437102,-0.1625831846788346,-1.2616307199783767,-1.1656974260010788,0.9920713742110655,-1.1236619249173054,-0.9920713742110655,-1.0854236840952962,2021-02-19,GOOG
-0.5865511922738991,0.698477606981236,0.9501433615500061,-0.26923362717404914,-0.3642241798394128,-0.6441062451751269,0.14630652967707292,-1.1656974260010788,0.7902091886248759,-1.1236619249173054,-0.7902091886248759,0.02790186975047072,2021-02-26,GOOG
-0.13471804032978382,-0.211365406617529,0.48362866360351103,0.2840063913536956,0.8576113808686323,0.43246668199698574,0.22098995579859634,-1.1656974260010788,1.0013983112206621,-1.1236619249173054,-1.0013983112206621,-0.06207690955568468,2021-03-05,GOOG
-0.022898304074776978,-0.4296124590919693,0.5860939702013711,0.2840063913536956,-0.7979901748422173,-0.48479934157782495,-0.06792858690308472,-1.1656974260010788,0.855302612349323,-1.1236619249173054,-0.855302612349323,-0.05406199190379779,2021-03-12,GOOG
-0.5741607203346164,-0.4951017306470262,-0.5018438406901957,-0.26923362717404914,-0.8830064984310605,-0.29358172874304894,0.09112285117855702,1.0054086438781444,0.7966387265431342,1.1213431096831739,-0.7966387265431342,-0.08164657620966403,2021-03-19,GOOG
-0.3424198630863892,-0.26069069804787215,-0.5489366605121639,-0.8224736457017935,1.6284828086351504,-0.2073792966375095,0.010400101933791291,1.1814442711656488,0.7726640897263299,1.1418463344076621,-0.7726640897263299,-0.06933425984660982,2021-03-26,GOOG
0.40969435228294493,-0.1345159907359555,-0.18460446080851015,-0.8224736457017935,-0.795914093277966,0.43824597557668143,-0.8883370461031502,1.240122813594817,1.0013983112206621,1.2005654669068488,-1.0013983112206621,-0.15822395589247368,2021-04-02,GOOG
1.3864222107718098,0.6902887216658988,0.5791551337106631,-0.26923362717404914,-0.29042455859079047,0.9276679912563386,0.006969362789194634,1.0640871863073125,1.0013983112206621,1.1377590589894588,-1.0013983112206621,-0.08817325505090849,2021-04-09,GOOG
0.7735527014591654,0.8293019319235566,0.342252951028443,-0.26923362717404914,0.8379241148717332,-0.07944694449453567,-0.4979166074087073,0.7120159317323035,1.0013983112206621,0.779678439005754,-1.0013983112206621,-0.5285518629074306,2021-04-16,GOOG
-0.01567697151240874,0.9410897326482281,0.5837355147197963,0.2840063913536956,-0.1916016291192921,-0.04973621335138964,-0.577256814970878,0.7120159317323035,1.0013983112206621,0.5972851028450145,-1.0013983112206621,-0.6621098038715295,2021-04-23,GOOG
0.443113873417293,0.8538546394592461,0.996790537649882,0.2840063913536956,-0.5225986469516951,0.6819195338781149,1.0997694624164691,-1.224375968430247,1.0013983112206621,-0.9047263496661132,-1.0013983112206621,0.8852617265775599,2021-04-30,GOOG
0.27906673511775154,0.17444815360967686,0.9881810028305691,-0.26923362717404914,-1.182277256820441,-0.21851637786271721,-0.2092768214749463,-1.1656974260010788,0.9700620293292032,-0.8351298363906902,-0.9700620293292032,-0.15219780928299884,2021-05-07,GOOG
-0.6759978813944989,-0.18539250801334314,0.29647921903821944,-0.26923362717404914,-0.8568993558093213,-0.6846523927411435,0.010495059797275429,-0.872304713855238,0.7437944207143605,-0.5552518238713016,-0.7437944207143605,-0.0704785131522817,2021-05-14,GOOG
-0.4640552012992921,-0.14306582076895763,-0.12280146792480752,0.2840063913536956,-0.5284812458186703,-0.012176885109902516,-1.203722361691313,-1.1070188835719108,0.8231373793344378,-0.7331201454605439,-0.8231373793344378,-0.1665499655433334,2021-05-21,GOOG
0.3449242615465267,-0.24989060677616992,0.04927971248812007,0.2840063913536956,-0.3478522806675456,0.23703068332754745,-0.5171686846951444,-1.1656974260010788,1.0013983112206621,-0.7324664516346779,-1.0013983112206621,-0.07141620062338405,2021-05-28,GOOG
0.39959294190842476,-0.06252423709267875,0.11784929883598118,0.8372464098814396,-0.3526043078418606,-0.00041472578198328077,-1.6367771749434417,-1.2830545108594154,1.0013983112206621,-0.87742484367517,-1.0013983112206621,-0.3020505289521496,2021-06-04,GOOG
0.36098016478169925,0.48809948031553113,0.0022596124020481776,1.3904864284091845,-0.38562580100996796,0.20628894421421534,-0.3679395281789962,-1.2830545108594154,1.0013983112206621,-0.9534849341244539,-1.0013983112206621,-0.2991718972834165,2021-06-11,GOOG
0.12992922371292345,0.3619419482803548,0.030633856212099592,1.3904864284091845,-0.08094722643613504,-0.16656485307704627,0.3726564701443934,-1.2830545108594154,0.9946167196923309,-0.9605084547604463,-0.9946167196923309,0.08852934348375721,2021-06-18,GOOG
-0.048020605055270886,0.2081122635944292,0.3922296667750973,1.3904864284091845,-1.009567480733305,0.010706428940323452,-0.4532621536035398,-1.2830545108594154,1.0013983112206621,-1.1253838597577341,-1.0013983112206621,-0.2088402329759086,2021-06-25,GOOG
0.14002702495762787,0.1802112003664827,0.4007556235201775,1.3904864284091845,0.7013442540600668,0.028266521912608842,-0.7747619301546921,-1.2830545108594154,1.0013983112206621,-1.7427110308291922,-1.0013983112206621,-0.28130388114850546,2021-07-02,GOOG
0.07908153467330331,0.013438321601243988,0.23203575569869164,1.3904864284091845,-0.5893059489228333,-0.09176319076331896,-1.9882284780243211,-1.2830545108594154,1.0013983112206621,-1.7308996176814742,-1.0013983112206621,-0.40613517739971494,2021-07-09,GOOG
0.12973103785427476,0.18007233642052597,0.23863474512880314,1.3904864284091845,0.5754267546004892,0.02832769421662739,-1.4593486241826124,-1.1656974260010788,1.0013983112206621,-1.7062301690808253,-1.0013983112206621,-0.5091357798845775,2021-07-16,GOOG
0.6303562197520269,0.4865409860759925,0.3909116533340835,1.3904864284091845,-0.1946168190649277,0.41601570323853965,-0.8237004019125134,-1.1070188835719108,1.0013983112206621,-1.6266748218967941,-1.0013983112206621,-0.5107018261613611,2021-07-23,GOOG
0.14644217205239507,0.18456372642659485,0.2485548300770602,1.3904864284091845,1.8348371777474246,-0.5325594144609924,1.2837829243095678,-1.0483403411427425,0.8769793882007433,-1.4715460639271414,-0.8769793882007433,0.3145191962160106,2021-07-30,GOOG
-0.2516336799942965,0.24611263304701497,0.26449003656087056,1.943726446936929,-0.9846449778152125,-0.009010613398466018,-1.2794827053254707,-1.2830545108594154,0.9640011842197664,-1.9928103433240258,-0.9640011842197664,-0.5491299858933972,2021-08-06,GOOG
0.12036729614010457,0.17799955900671072,0.23673852552310715,1.943726446936929,1.3998141567413822,-0.05506157398388976,-1.4247610726488942,-1.224375968430247,1.0013983112206621,-1.9739586249667156,-1.0013983112206621,-0.5585162766594293,2021-08-13,GOOG
-0.04938007254789895,-0.2158714088259452,0.18675959164810985,1.943726446936929,-0.20591589910249444,-0.1464831850005049,-0.8402022070880116,-1.2830545108594154,1.0013983112206621,-1.9809696762933755,-1.0013983112206621,-0.0975643675746908,2021-08-20,GOOG
0.38574731005802243,0.34542223393032506,0.3905043518276275,1.943726446936929,0.14594492918967422,0.38753911426515675,-0.7445734503477572,-1.1070188835719108,1.0013983112206621,-1.6940730315975419,-1.0013983112206621,-0.46257189426708173,2021-08-27,GOOG
0.4034178508283463,0.2364471731000267,0.0563338878829172,1.943726446936929,-1.0379089919259021,-0.12748431330498977,-0.3438097824259813,-1.1070188835719108,1.0013983112206621,-1.6797643152952475,-1.0013983112206621,-0.2287849284394714,2021-09-03,GOOG
-0.4112011327193417,-0.0340459008916434,0.049441311629383464,1.943726446936929,-1.228051332563267,-0.36747389377965295,-0.9287227606316423,-0.7549476289969016,0.8711406179147514,-1.4536341156766128,-0.8711406179147514,-0.25659804426070526,2021-09-10,GOOG
-0.47082661462973563,-0.06480854167767286,-0.07615763570739399,1.3904864284091845,-1.259401662544319,-0.21447146354375107,1.1457848879818016,-0.6962690865677335,0.8502598116910253,-1.3901953318692808,-0.8502598116910253,0.09365228287584931,2021-09-17,GOOG
-0.1156833821224342,-0.3705493400187908,-0.08904273964014561,1.3904864284091845,-1.7701561307360556,-0.019074052089148273,0.052630513289062465,-0.6962690865677335,0.9036359737972909,-1.3792837559033353,-0.9036359737972909,-0.07135778347327273,2021-09-24,GOOG
-0.6297303020255995,-0.7548338088287762,-0.4154586284112129,0.8372464098814396,0.5237101452831826,-1.1047729885657318,1.5856124092847534,-0.5202334592802289,0.6220076863024181,-0.8367777393310832,-0.6220076863024181,-0.6509363661524187,2021-10-01,GOOG
-0.4096312300800213,-0.3694708963724314,-0.5380744170179784,0.8372464098814396,-1.1063707666756333,0.282562558544493,0.21267209727212566,-0.4028763744218924,0.7860186745205657,-0.7708075490375453,-0.7860186745205657,-0.08575413557021459,2021-10-08,GOOG
0.30683255127874637,-0.24207919957162624,-0.4675461243208932,0.8372464098814396,0.3571443714924938,0.018199237156361427,-0.2507003044527548,-0.5202334592802289,0.8599124252265978,-1.0915179163633049,-0.8599124252265978,-0.07232090714509201,2021-10-15,GOOG
-0.30966943352567555,-0.4996686910854296,-0.48074740630789387,0.8372464098814396,-0.315776860580121,-0.4481890722142054,-0.402138973243082,-0.4615549168510607,0.7207068166709821,-1.0492850985756643,-0.7207068166709821,0.011926780920576582,2021-10-22,GOOG
0.4132366506234145,0.4980405028133925,0.039018456987040866,0.8372464098814396,0.7711900070071372,1.4791920555619107,1.8206202683921737,-0.050805119846883275,1.0013983112206621,-0.2624172908395408,-1.0013983112206621,0.9612191507734792,2021-10-29,GOOG
0.7955949727850622,0.31571099296100247,0.025981035780078453,0.8372464098814396,1.9703748551266524,-0.0377028043082696,0.36165025209012513,-0.050805119846883275,1.0013983112206621,-0.2422932974446397,-1.0013983112206621,0.08024032078314831,2021-11-05,GOOG
-0.061477997355554634,0.23457299953360972,0.392271004282295,0.8372464098814396,0.0808613687147539,-0.11393248923224716,-0.592490790833984,-0.050805119846883275,1.0013983112206621,-0.22740969972385308,-1.0013983112206621,-0.3151682891233457,2021-11-12,GOOG
-0.11885728482927743,0.4561229344432741,0.20325485968023374,0.8372464098814396,0.037537971889107624,-0.11990699535520069,-0.29450113102969433,-0.1681622047052196,1.0013983112206621,-0.47120800370877036,-1.0013983112206621,-0.2589053810344539,2021-11-19,GOOG
-0.7615552786745233,-0.5758677933763368,-0.2533861228025002,0.2840063913536956,-0.19168637173752723,-0.6914212603902381,-0.9681339000975095,0.41862321958646215,0.6864873675937685,-0.041284235939488684,-0.6864873675937685,0.18509177859212966,2021-11-26,GOOG
-0.8106816996504927,-0.6470341731761204,-0.10681758716704338,0.2840063913536956,-0.22756132282275848,-0.19098405381526062,1.271043255935369,0.35994467715729417,0.6739056609725066,-0.09778579790589596,-0.6739056609725066,-0.45029298009591023,2021-12-03,GOOG
0.34376144354231697,-0.3115380466029308,-0.2916707392900996,0.8372464098814396,1.0511924115202687,0.504935342947342,-0.08588876986409776,0.5359803044447988,0.9451045672128913,0.15828793942399183,-0.9451045672128913,-0.06407341468706869,2021-12-10,GOOG
-0.15432465445332036,-0.6700753160397727,-0.6258311324523637,0.2840063913536956,-0.754274852663628,-0.9956893684391026,1.453575997576954,0.8880515590198077,0.686354002180565,0.4170193777186411,-0.686354002180565,-0.5076383508099644,2021-12-17,GOOG
-0.31081809653533277,0.009211654226872208,-0.43340313076273274,0.8372464098814396,0.2752506075067685,0.17163700792143083,-1.1902216938071342,0.7120159317323035,0.8775763103517525,0.19554320558969093,-0.8775763103517525,-0.31710947651685584,2021-12-24,GOOG
-0.012235106068212133,-0.12323904321503373,-0.5677367939604019,0.2840063913536956,-1.6320198729882405,-0.34249282137239956,-0.9729139982352228,0.7706944741614714,0.7690432662939587,0.1984690074240896,-0.7690432662939587,-0.16999168355881986,2021-12-31,GOOG
-1.05691087514427,-0.9383081258247908,-0.6075194983181992,-0.26923362717404914,-0.08005134431203577,-1.25110130115605,1.28204451314149,0.8880515590198077,0.43084414899090634,0.5893571773066864,-0.43084414899090634,-0.7144660950584469,2022-01-07,GOOG
-0.6102140681528619,-0.43894349060306714,-0.45130363675171614,0.2840063913536956,-0.807055367841235,0.22326233752239347,0.7034323606437911,0.8293730165906398,0.5534333660149237,0.5814044493705843,-0.5534333660149237,-0.16295392987499535,2022-01-14,GOOG
-0.822043361211779,-1.2636653651880256,-1.2221661584387828,-0.26923362717404914,0.7114302182651628,-1.2260074994119587,0.001953600719198024,0.7706944741614714,0.1262429610882635,0.41811362874829877,-0.1262429610882635,-0.0470807749155889,2022-01-21,GOOG
-0.7714073715183895,-0.9403039422495819,-0.7969039240103568,-0.26923362717404914,1.8153249001266907,0.4722783170631073,2.2794038181058056,0.8880515590198077,0.2671411507015749,0.550540145193037,-0.2671411507015749,-1.1900018021897818,2022-01-28,GOOG
1.0854741248772417,0.12681435283242284,-0.5158625837333751,-0.26923362717404914,1.8918751108835101,2.4067587739730167,3.206192022074594,1.0640871863073125,0.69574170870287,1.372302000021233,-0.69574170870287,0.8930585003718368,2022-02-04,GOOG
-0.09926614726933372,-0.6072928342674702,-0.8427778365643529,-0.8224736457017935,1.8293755107547813,-1.4983976447508547,1.0290536859241326,1.1227657287364807,0.30417882459176826,1.7564958932499573,-0.30417882459176826,-0.4577650053458455,2022-02-11,GOOG
-1.2968513856456445,-0.22996820083262035,-0.6591658396019662,-0.8224736457017935,-0.8879981675816202,-0.6197291497168755,0.2925990643170469,1.1227657287364807,0.14278975007060857,1.645963416814222,-0.14278975007060857,-0.0618351868955659,2022-02-18,GOOG
-0.14258860708035656,-0.1747720324573632,-0.5860567631877923,-0.26923362717404914,-0.49020935103252145,0.35512650379748945,0.12964245683958164,1.240122813594817,0.32134166700566297,1.8228523281836346,-0.32134166700566297,-0.06036391638556884,2022-02-25,GOOG
-0.018086125710137093,-0.918089767014217,-0.19786164054265268,-0.8224736457017935,0.5958495615178643,-0.4097887242378123,-0.14147588785460902,1.1227657287364807,0.21569459633105115,1.5883905355397416,-0.21569459633105115,0.059144835665288734,2022-03-04,GOOG
-0.5623770824215043,-0.4922369718755524,-0.46535843875936683,-0.8224736457017935,-0.03860947756061561,-0.37804519538434433,0.5085513254673125,1.0640871863073125,0.14314110362112983,1.504162804081673,-0.14314110362112983,-0.19139191058532187,2022-03-11,GOOG
0.27144228871640474,0.16746458657684118,-0.628125108093781,-0.8224736457017935,1.4401691680722555,0.7694760656353987,0.6096370903317936,1.240122813594817,0.42189851157937247,1.733370622404638,-0.42189851157937247,0.19269285380858583,2022-03-18,GOOG
0.8984711099642986,0.19795631535472943,0.08993404130745716,-0.26923362717404914,-0.31643537666058696,0.3388084483188726,-0.23276243032319005,1.3574798984531533,0.6298849198884301,1.9058375059632706,-0.6298849198884301,-0.1987238385362695,2022-03-25,GOOG
0.18331307203060943,0.3100007262548575,0.2598508156976609,-0.26923362717404914,0.17921456271316083,-0.23335452825768016,-0.1762441129526097,1.0640871863073125,0.5936853494578613,1.5996435556835453,-0.5936853494578613,-0.19135971594921924,2022-04-01,GOOG
-0.8553851197979198,-0.019276020485062214,-0.33911345693331174,-0.8224736457017935,0.18371664346094554,-0.6819347163668621,-0.7834104795134931,1.3574798984531533,0.2989125832247089,1.8632291107543466,-0.2989125832247089,-0.2637057226747966,2022-04-08,GOOG
-1.396557114529768,-0.8626009356029936,-0.5800331328165913,-0.8224736457017935,-0.6253924742361517,-0.6678097712231588,-0.9756706501068876,1.0640871863073125,0.0011421416125441438,1.6160625693647512,-0.0011421416125441438,0.5278383370584769,2022-04-15,GOOG
-1.5475307064128119,-1.6024355967096857,-0.9180308463874456,-1.3757136642295382,-0.012533673139864065,-1.0880913857392247,0.030796626788042916,1.47483698331149,-0.33547148433150936,1.903248561407185,0.33547148433150936,-0.06882766680211141,2022-04-22,GOOG
-1.4090319493652539,-1.846980523593367,-1.4743917151587178,-1.9289536827572826,-0.48589372151026977,-1.073601846350377,1.5369223052126986,1.0054086438781444,-0.5402638925416101,1.0044315860703,0.5402638925416101,-2.340532691749343,2022-04-29,GOOG
-0.6004964299551384,-1.4469303056677878,-1.6428915076678976,-1.3757136642295382,0.7516009512588598,-0.04166246454321224,0.43295022667491295,0.7706944741614714,-0.5097049344095808,0.7176857397788746,0.5097049344095808,-0.5596104180435145,2022-05-06,GOOG
-0.00799728197509707,-0.989509711778523,-1.5638289633354716,-0.8224736457017935,0.021108081568025402,-0.013853466207009496,0.5659781866346245,0.7706944741614714,-0.4720072032712986,0.7138728896639434,0.4720072032712986,-0.43616178259569527,2022-05-13,GOOG
-0.8783454834282263,-1.004648601550777,-1.6542292290277056,-1.3757136642295382,-1.0192028320048325,-1.0413082866766337,-0.23507052462888903,0.7706944741614714,-0.7893854070424583,0.7749703955338348,0.7893854070424583,0.10325050086159139,2022-05-20,GOOG
-0.5857335016555396,-0.4191863980472889,-1.1390678563522392,-0.8224736457017935,-0.29722107094101863,0.46847209769769654,0.8462585881408089,1.0054086438781444,-0.6357748533218531,1.0575308594468287,0.6357748533218531,-0.18372049882589822,2022-05-27,GOOG
0.4321168124767947,-0.33756871094903146,-0.6191336809121725,-0.26923362717404914,-0.26196961544762154,0.062009582412665624,-0.4399018466523937,1.0054086438781444,-0.558000138534101,1.1234849172033103,0.558000138534101,-0.035831075285164576,2022-06-03,GOOG
-0.3343927723099723,-0.6351682114478467,-0.5358151049769511,-0.8224736457017935,-0.32145824418373375,-0.5021736333269146,-0.5825800626758746,0.47730176201563046,-0.696210371938657,0.5912617421245933,0.696210371938657,0.12767718190873484,2022-06-10,GOOG
-0.9241024804755765,-0.3703469226802298,-0.8025273390274532,-1.3757136642295382,0.6937470750090032,-0.7169969299159188,0.5087661918427332,0.12523050744062136,-0.8531706315705889,0.15205288389129287,0.8531706315705889,-0.11572642338239565,2022-06-17,GOOG
0.6330120709439251,0.18774043140585725,-0.18508281351633368,-0.8224736457017935,-1.1894010292398374,1.1971976113231382,-0.5709748406002934,1.7095511530281624,-0.3828852581616587,1.8850410522753727,0.3828852581616587,-0.2403899567727892,2022-06-24,GOOG
-0.036072681897888675,-0.6716527208266042,-0.32701025663822486,-0.8224736457017935,1.4133831580132428,-1.4366908430788263,0.18084574770088105,1.7095511530281624,-0.7996095245699059,2.1197454350623532,0.7996095245699059,-0.10871420826995318,2022-07-01,GOOG
-0.004410512116148627,0.42768297244021425,0.16443757301327183,-0.26923362717404914,0.2204133851374926,1.2533127009124885,-0.519251940834836,1.7095511530281624,-0.3110368419890547,2.9721527010065825,0.3110368419890547,-0.30862832616349645,2022-07-08,GOOG
0.25072705334280454,0.14041613031522068,-0.42582377557971063,-0.26923362717404914,0.538850068156954,-1.197752360463205,0.44519157551151073,1.7095511530281624,-0.6371853448873843,2.8398227794209707,0.6371853448873843,0.034435721198502314,2022-07-15,GOOG
-1.4308634910496654,-1.0024223519476128,-0.5121094607294961,-0.26923362717404914,1.7516441126029645,-0.828292199888231,0.5619200378736163,1.7095511530281624,-0.8313799416203503,2.702201850476983,0.8313799416203503,-0.3155360140846042,2022-07-22,GOOG
0.25777848487351696,0.3480565022265406,0.2811053804447952,-0.26923362717404914,-0.5980872432275378,1.1624208588769096,0.4957077493251759,1.7095511530281624,-0.46652094282154294,3.0079804822569383,0.46652094282154294,0.10481400468203708,2022-07-29,GOOG
0.979117267348827,-0.39622164136383287,-0.3310912678458924,-0.26923362717404914,-0.37271773545744086,-0.0052448465373156,-1.391042919896166,1.7095511530281624,-0.39689810429313577,2.8502694391463193,0.39689810429313577,0.06121922101966379,2022-08-05,GOOG
0.4765551980710704,0.5077160946392911,0.594725077192121,0.2840063913536956,-0.49743020620818484,0.20565607171519817,-1.584382422438111,1.5921940681698266,-0.20168972732528465,2.426384915514763,0.20168972732528465,-0.9235346652535898,2022-08-12,GOOG
-0.19033619032867796,0.52885924128668,-0.43574201765621784,-0.26923362717404914,-0.7637478161369353,-0.49911660604835434,-1.4626358226168628,1.5921940681698266,-0.4013045787831975,2.3952336234352343,0.4013045787831975,-0.946163303736383,2022-08-19,GOOG
-1.3579429458162404,-0.6535666197872557,-0.4063235364070227,-0.8224736457017935,-1.267080127942569,-0.772595206677237,-1.13889635407703,1.7095511530281624,-0.7018283053471339,2.494683858548079,0.7018283053471339,0.2872949402514357,2022-08-26,GOOG
-1.197231371351759,-0.9574610496705741,-0.2900319205146978,-0.8224736457017935,1.2480256387538413,-0.4379356711785218,-0.8167570607583584,1.6508726105989944,-0.8172794263466914,2.3487235587605713,0.8172794263466914,0.37556438344715287,2022-09-02,GOOG
-0.12465024906864294,-1.0264748998644249,-0.6151093046169053,-0.26923362717404914,-0.675207467438831,0.13187937167007435,-1.322387294783426,1.5921940681698266,-0.6806777016820934,2.1963377475768833,0.6806777016820934,0.7453749990722685,2022-09-09,GOOG
-0.771262095758972,-1.322802026246703,-1.2106797739511939,-0.8224736457017935,-1.0156734773801857,-1.5453270014140374,0.9352551490651002,1.2988013560239853,-1.0398087575310755,1.7495148087317218,1.0398087575310755,-0.7711626676917012,2022-09-16,GOOG
-1.6160721810849945,-1.2036723750827851,-1.7062760902456122,-0.8224736457017935,0.019212333687063557,-0.741705199176352,-0.4503213767922524,1.0640871863073125,-1.236338941449587,1.3965187538333852,1.236338941449587,0.2680049295744616,2022-09-23,GOOG
-1.0986857784502535,-1.2585740132066716,-1.666630304710731,-1.3757136642295382,-0.3925715335828068,-0.5851565901890844,-0.3159334050430489,0.7120159317323035,-1.369415621918494,0.39574480410834756,1.369415621918494,0.18354719490737872,2022-09-30,GOOG
-0.12820314181396958,-1.2058268912635322,-1.0793721374012848,-0.8224736457017935,0.7606412928643659,0.3139916699043037,-0.640184522665252,0.7120159317323035,-1.218712704998444,0.36660080490203006,1.218712704998444,0.4016618447605382,2022-10-07,GOOG
-0.04315505359729107,-0.796820187435949,-1.082463519220148,-0.8224736457017935,0.6096855766816912,-0.48244062669543225,-0.45425925329777533,0.5359803044447988,-1.3240283930854257,0.2697480695413521,1.3240283930854257,0.11132050429981444,2022-10-14,GOOG
0.06469925319159339,-0.05235152874367388,-0.9828712570859148,-0.8224736457017935,1.8887736546562448,0.522112493192069,-0.09921206898502652,0.007873422582284881,-1.1345486360491925,-0.15779612704255944,1.1345486360491925,-0.087733455287523,2022-10-21,GOOG
-0.25818502368060386,-0.21616650997978334,-0.807182205709821,-1.3757136642295382,1.7875689209119854,-1.4148164224816344,2.4798341420988037,0.007873422582284881,-1.3504675785166913,-0.12801740800557584,1.3504675785166913,-0.001100334277020765,2022-10-28,GOOG
-2.0341672998091593,-1.380107003678718,-1.2276523745880186,-1.9289536827572826,1.7269943070462164,-2.6697704671868405,1.9901180929873723,0.24258759229895785,-1.7858311846291735,0.11390053129949439,1.7858311846291735,-1.810782700899904,2022-11-04,GOOG
-0.15978717814866691,-0.29539473643746755,-0.2675979210566281,-1.3757136642295382,0.9828181586918077,2.002343940196252,0.6742487293388785,1.2988013560239853,-1.3438575282907028,1.3816289464290057,1.3438575282907028,-0.09185150187698923,2022-11-11,GOOG
1.450709878697556,-0.5707192030716233,-0.44105688401037,-0.8224736457017935,0.21063784502689714,0.01949453588067582,-0.055611918331511766,1.0640871863073125,-1.2967081158506855,1.2202574827035828,1.2967081158506855,-0.045362390117276385,2022-11-18,GOOG
-0.06503578177829095,-0.16316824467603167,-0.2800588025605202,-0.8224736457017935,-0.5535673845372843,-0.1650913381187318,-1.5133672365414483,0.9467301014489761,-1.3055207263399122,1.1532955858985685,1.3055207263399122,-0.19631031910341504,2022-11-25,GOOG
0.21494847127541034,1.1634163245446212,-0.3582105452869061,-0.8224736457017935,0.12446547023435178,0.3474246658697476,-0.09482995169433736,1.1814442711656488,-1.1631903817436962,1.1192337111490211,1.1631903817436962,-0.24230577288824617,2022-12-02,GOOG
-0.770588572584549,-0.5844184404774955,-0.576321840916091,-0.8224736457017935,0.19295969361934343,-1.2705107498726307,-0.1809605099936374,1.1814442711656488,-1.5051355777978248,1.1014235978877644,1.5051355777978248,-0.0021656154724487274,2022-12-09,GOOG
-1.4386717697722804,-0.8727221626578248,0.0380236145466838,-0.8224736457017935,-1.0412139976733683,-0.6460701958778077,1.0717739009278033,0.7706944741614714,-1.6025200856899504,0.99577844115999,1.6025200856899504,-0.6688712507868909,2022-12-16,GOOG
-0.6255972143463668,-0.9497898698468822,-0.8327466774361059,-0.8224736457017935,-0.6272010078697843,-0.30470048187494175,-0.402989904163068,0.7120159317323035,-1.6487884063264935,0.9142511852347643,1.6487884063264935,0.2176105766296212,2022-12-23,GOOG
-0.47807746847303917,-1.2995806020495126,-0.9872054586753005,-1.3757136642295382,-1.2684035058614884,-0.25712503871859943,-1.2576109913928235,0.6533373893031351,-1.6963785339136968,0.771006169555902,1.6963785339136968,1.1823804564081302,2022-12-30,GOOG
-0.4135114176368632,-0.7142695149828072,-1.0162102939958808,-1.3757136642295382,2.268399132166706,-0.2281663859190856,-0.6273634086771928,0.5359803044447988,-1.7214959123943026,0.7206293288634019,1.7214959123943026,0.21857795141628594,2023-01-06,GOOG
0.4045259995020801,-0.06925186475892427,-0.8917567075332926,-1.3757136642295382,0.885205999152198,0.597594144623281,-0.2610919697334847,0.6533373893031351,-1.517033532808246,0.740676375476987,1.517033532808246,-0.12086311362986173,2023-01-13,GOOG
1.4265992416149014,0.6626776173015223,0.17457010059699982,-0.8224736457017935,-0.06210406875943316,0.9379747607370326,0.015928008777971472,1.1814442711656488,-1.2314917518123398,0.8594309607393632,1.2314917518123398,-0.08263600691168699,2023-01-20,GOOG
0.90582288220854,0.920061228463416,0.4782642035594726,-0.26923362717404914,0.6969877537185584,0.10306350890339958,0.4269184627237152,0.30126613472812586,-1.1684786250190249,0.0835833207868782,1.1684786250190249,0.346343390144369,2023-01-27,GOOG
0.5823071182299457,1.4291946980580728,0.9385330256412471,-0.26923362717404914,1.0877078976510453,0.7077055093981108,0.7772845071563317,-0.872304713855238,-0.9697445268736903,-0.6532343660267259,0.9697445268736903,1.032666279870678,2023-02-03,GOOG
-0.9192379929224767,-0.061882516347077046,0.1917795212604752,-0.8224736457017935,0.3647941889724234,-3.3177479457740224,2.8361951262028318,0.30126613472812586,-1.4262594136330056,0.11216146273444277,1.4262594136330056,0.3826012170563891,2023-02-10,GOOG
-1.4660140033506772,-0.6662605262819005,0.21982482964161912,-0.8224736457017935,-1.2172853208262688,-0.2095229155546812,0.978682306737035,0.30126613472812586,-1.4381577071343232,0.1059359638802388,1.4381577071343232,-0.48868424981884373,2023-02-17,GOOG
-0.9192133287933983,-1.2368706606952227,-0.582397532787788,-1.3757136642295382,1.0612640692095128,-0.9024187483499931,-0.3209138701587361,0.35994467715729417,-1.669058256678956,0.17064481631510045,1.669058256678956,0.3112661463518199,2023-02-24,GOOG
-0.2562975169118414,-1.1815550804843304,-0.697543120182737,-0.8224736457017935,-0.6331633994339505,0.6206871099443373,-0.12888506837635294,0.0665519650114532,-1.4632744086331366,0.010335982263937931,1.4632744086331366,0.09201343446710858,2023-03-03,GOOG
0.05701221215015523,-0.6083435285905792,-1.0132568620166014,-0.8224736457017935,-0.7990385517181989,-0.6249782255960358,-0.10652660367201379,0.0665519650114532,-1.5959096969730653,0.03543342649780538,1.5959096969730653,-0.016934573793305333,2023-03-10,GOOG
0.9635215439769811,0.46907507567679585,-0.502651162353889,-0.26923362717404914,1.4684203025117948,3.0549515644793424,1.7288876877587547,1.2988013560239853,-1.0913646444611549,0.8427866441020969,1.0913646444611549,1.1326251974068204,2023-03-17,GOOG
1.9261698057066092,1.3726671220725992,0.5486432172006902,0.2840063913536956,-0.4970242002869623,0.4317594717400026,0.18794224705494267,1.240122813594817,-0.9327302088553525,0.8034216098958115,0.9327302088553525,0.20605084470717164,2023-03-24,GOOG
0.011826754514297723,0.6687951386608239,0.41323079249018496,0.2840063913536956,-0.4585852940702645,-0.43279189444878574,-0.15061651218215757,1.3574798984531533,-1.0235043280305929,0.8153341874750167,1.0235043280305929,-0.2521892785767319,2023-03-31,GOOG
0.161411288086468,1.4558263674679273,1.2825393165531176,0.2840063913536956,0.04380866623590829,0.3750500708417783,-0.7387285469428211,1.240122813594817,-0.8075850470721971,0.7699891743949802,0.8075850470721971,-1.5033960222907354,2023-04-07,GOOG
0.48895762529203124,0.3395456136253965,0.8848818016110888,0.2840063913536956,-0.30083956661299566,-0.08927910965287474,-0.6941042622094298,0.35994467715729417,-0.7829087222296732,0.5695294335864862,0.7829087222296732,-0.5137709664851289,2023-04-14,GOOG
-0.5291876123090764,-0.2674004583183506,0.8812227608469949,-0.26923362717404914,-0.7650534434967114,-0.545378222668565,-0.5822841119041527,0.8293730165906398,-0.9393395820995483,0.6339329373618573,0.9393395820995483,-0.06151438819974127,2023-04-21,GOOG
-0.32381601190266607,0.09808247094205615,0.09802406774295,-0.26923362717404914,-0.5903785901499315,0.22010519929435807,0.26556704038590145,0.30126613472812586,-0.8375489382082575,0.5321370922691484,0.8375489382082575,0.01687557147699046,2023-04-28,GOOG
-0.14289637500163932,-0.46969000835769126,-0.30089964405640257,-0.26923362717404914,-0.33564155856153643,-0.3579902064613563,-0.7394096672934957,-0.28551928956355604,-0.9259004780375637,-0.10546814660946102,0.9259004780375637,0.10484911904797985,2023-05-05,GOOG
0.961788774718372,0.41761101973379966,0.663589903126101,0.2840063913536956,0.8880615101467566,2.0306687697424866,0.7755524708724068,0.007873422582284881,-0.4101178662542171,0.38135508386047745,0.4101178662542171,0.4489399669498104,2023-05-12,GOOG
1.8627052757411766,1.1699254129837295,0.6484801269393526,0.8372464098814396,0.5030841502016316,0.5298721734435112,-0.090237263519652,-0.10948366227605143,-0.1752508803849153,0.021338192307744967,0.1752508803849153,-0.23824465183740848,2023-05-19,GOOG
0.6314139606289005,1.1290526478915535,0.7513943411897467,0.8372464098814396,4.004523873833273,0.10902387290115947,-0.18215276923285645,-0.1681622047052196,-0.07918851793434568,-0.028213981635830967,0.07918851793434568,-0.34576565020624905,2023-05-26,GOOG
0.02500361025871559,1.3030944318283388,1.0174681180144678,0.8372464098814396,0.3586768105361688,-0.16844975255348024,-0.6858797943811685,-0.6375905441385652,-0.08800112842357237,-0.2032387102629354,0.08800112842357237,-1.099152782589849,2023-06-02,GOOG
-0.4394587389051157,0.11027295986440358,0.6747085576591767,0.2840063913536956,0.07068271010983135,-0.3944687642855872,-0.5010303407288991,-1.1656974260010788,-0.19199534805079063,-0.8427801572972335,0.19199534805079063,-0.25056699255510023,2023-06-09,GOOG
-0.2985357847741783,-0.1978899653445518,0.9124788603310361,0.2840063913536956,0.6040464602195229,0.003761882646298657,0.06012320528875894,-1.2830545108594154,-0.13955803082634075,-0.8799351121704975,0.13955803082634075,-0.06787505227762053,2023-06-16,GOOG
-0.16401976383433997,-0.42232546825378287,0.0035492440734066276,0.2840063913536956,-0.2727219441916416,-0.2368308725232595,-0.9705454154400692,-1.2830545108594154,-0.18538563631569815,-0.9212531815351314,0.18538563631569815,0.08997221574541182,2023-06-23,GOOG
-0.49672823581445946,-0.5511724771631189,-0.44632034586836855,-0.26923362717404914,-0.3351892672629973,-0.36698518940490515,-0.6070662015506504,-1.2830545108594154,-0.27571904034375333,-0.9423409699227356,0.27571904034375333,0.07434510433119963,2023-06-30,GOOG
-0.47767248773896553,-0.44847723034687176,-0.6188117576295278,-0.8224736457017935,-1.1696408253665895,-0.2078669530120827,-1.6340266955215306,-1.224375968430247,-0.3122929817058023,-0.9038764746874829,0.3122929817058023,0.17517483159850797,2023-07-07,GOOG
0.31833303832039656,-0.14003203714543966,-0.2842037097555105,-0.26923362717404914,-0.3276814427265531,0.5548745152422894,-0.07051806042868175,-1.2830545108594154,-0.06729090141482089,-0.945849228830657,0.06729090141482089,-0.0788964525801631,2023-07-14,GOOG
-0.1615472074348321,-0.44682675294573027,-0.4633401694484552,-0.8224736457017935,0.12030942070078364,-0.9153701264530075,0.5547312016728408,-0.8136261714260699,-0.30480217816723537,-0.6896362301243065,0.30480217816723537,-0.15022383112137874,2023-07-21,GOOG
0.5609577341967178,0.6111856397844407,0.2140480217365762,-0.26923362717404914,0.5313274494000865,1.9075235984137286,0.9238270151856816,-0.4615549168510607,0.25482482094313424,-0.16283423249398205,-0.25482482094313424,0.5521086232614777,2023-07-28,GOOG
0.6915089633162949,0.3534633498818159,0.015359670072530442,-0.8224736457017935,-0.2134095092470754,-0.5667583566671994,-0.9035756177662869,-0.6962690865677335,0.05785392187743768,-0.6394911117170988,-0.05785392187743768,-0.4374077332477266,2023-08-04,GOOG
-0.45145326424353893,0.05442231580877815,0.2425298236421209,-0.8224736457017935,0.23399895552674008,-0.009580660403303326,-1.2481184359131479,-0.9309832562844061,0.1296799976508756,-0.7333915718074056,-0.1296799976508756,-0.3353926369864374,2023-08-11,GOOG
-0.2221613858979578,0.3091981681495257,0.17176916458987754,-1.3757136642295382,-0.36104373894927966,-0.3502193603139945,-0.7556454424609712,-0.872304713855238,0.03890655545742795,-0.693747888637634,-0.03890655545742795,-0.3816746755841796,2023-08-18,GOOG
-0.12869664256050314,-0.4069054250541604,-0.02232912659827929,-0.8224736457017935,-0.3128158755832934,0.12228155248794967,-0.5549331306120239,-0.7549476289969016,0.1525938003955544,-0.646132847692959,-0.1525938003955544,-0.0071157316195487085,2023-08-25,GOOG
0.6841950227189225,0.304215664039042,0.6870239831519899,-0.26923362717404914,-0.22012712008039484,0.5440993989073935,-0.19227072953259466,-0.578912001709397,0.4218321673636672,-0.5454514934999172,-0.4218321673636672,-0.1563585339308152,2023-09-01,GOOG
0.4547366805080081,0.2149682020217177,-0.0820424660585096,-0.26923362717404914,-0.1003588416118737,-0.12272734283518552,-1.6161244716992806,-0.5202334592802289,0.4394580653239135,-0.5155514472296807,-0.4394580653239135,-0.6291696442384305,2023-09-08,GOOG
-0.039941647348226625,0.43721513351516117,0.2416390581848433,0.2840063913536956,-0.8251759057288135,-0.023508085556259557,0.03744077407488774,-0.6375905441385652,0.4879292847145908,-0.5200821808767389,-0.4879292847145908,-0.06620632254868078,2023-09-15,GOOG
-0.731796236462697,-0.21779692964226818,-0.2511004088630053,0.2840063913536956,-0.8307073483502974,-0.7839509629410978,-0.7715564628687586,-0.28551928956355604,0.177269786747182,-0.26749021967108755,-0.177269786747182,-0.09179906843096021,2023-09-22,GOOG
-0.7734375018297809,-0.5700308490529419,-0.09885609965056506,0.8372464098814396,-0.07584558434208735,-0.08841339010177222,-0.6216017703995733,-0.28551928956355604,0.2037099876511372,-0.28119052759725033,-0.2037099876511372,0.07137728668132157,2023-09-29,GOOG
0.5461406905200391,-0.15802987621160008,0.1366557481609594,0.8372464098814396,-1.3891191019100089,0.5801831010876674,-0.43197781141396807,-0.1681622047052196,0.5068780050981863,-0.24188953445610195,-0.5068780050981863,-0.10015653780674609,2023-10-06,GOOG
0.47040181533966624,-0.23746931125781023,-0.21674981112758887,0.8372464098814396,-1.6277086487205161,-0.16382833600978822,-0.5391307268087967,-0.28551928956355604,0.5002679548721974,-0.45631685795936167,-0.5002679548721974,-0.07626756215640751,2023-10-13,GOOG
-0.3622244609438391,0.10897635713906495,-0.33597326703116864,0.2840063913536956,-0.428051578702225,-0.3422975293380198,-0.27148172119262987,-1.2830545108594154,0.4191878764805545,-1.3293576767701336,-0.4191878764805545,-0.1453140327388222,2023-10-20,GOOG
-1.5744170036626535,-0.8129003054172781,-1.0964628119902653,0.2840063913536956,0.3293460752434408,-2.6059356404036618,2.3200682527018746,-0.6375905441385652,-0.16864083015892645,-0.5053033799949163,0.16864083015892645,-0.9742614976009117,2023-10-27,GOOG
-0.7727645522710506,-0.779590681050671,-0.3603933479563307,0.2840063913536956,0.37089996123655,0.7902379920753786,0.27564186799396023,-0.1681622047052196,0.13849294663099884,-0.25189334219886156,-0.13849294663099884,-0.1679806445240386,2023-11-03,GOOG
0.9204499281923425,-0.5389795184668528,-0.18943162602399605,0.8372464098814396,-1.15573734772152,0.21302412132087906,-0.6663116576596765,-0.050805119846883275,0.3010931415796772,-0.20725080491915146,-0.3010931415796772,0.08305429689538997,2023-11-10,GOOG
0.4621549007887457,-0.2423601968329966,-0.4055493757754708,0.8372464098814396,-1.5385510533525577,0.15647080286029785,-0.31285682975277224,0.007873422582284881,0.42800150244247054,-0.1838444630038921,-0.42800150244247054,-0.0728604286933153,2023-11-17,GOOG
0.2155752848140682,0.7902091960254001,-0.33047281241329085,0.8372464098814396,-1.1149461178570865,-0.06266670066889257,-1.485371281770192,-0.22684074713438793,0.4844042405189,-0.31156148357778624,-0.4844042405189,-1.2769195288261697,2023-11-24,GOOG
-0.516182900158187,-0.05814317566639719,-0.4937640785688883,0.2840063913536956,-1.3211215565849506,-0.7232491677352838,0.1624263639863515,-0.1681622047052196,0.26848495956050444,-0.18769223888456402,-0.26848495956050444,-0.0487494066867739,2023-12-01,GOOG
-0.32512382065213774,-0.08758475679308582,0.4701404379669272,0.2840063913536956,-0.6568592832613303,0.30020955931409427,0.6268614308643896,0.12523050744062136,0.41478207897228586,-0.11928655797865918,-0.41478207897228586,0.006604448961846186,2023-12-08,GOOG
-0.12989559225325573,-0.4521240360513134,-0.1176299227176168,0.2840063913536956,0.789059446685419,-0.6514821349624885,2.2203811706735315,-0.22684074713438793,0.29140011626876894,-0.2823792323635305,-0.29140011626876894,-0.37095805037626495,2023-12-15,GOOG
0.3870417828842637,0.02827637015314091,0.15908268415232715,0.2840063913536956,-0.015252889307140324,0.9915089764426556,0.41540310403886394,0.35994467715729417,0.6826976235170494,0.04363612109366044,-0.6826976235170494,0.013910988419927946,2023-12-22,GOOG
0.4949863883529436,0.24172667995870767,-0.09927092837111946,-0.26923362717404914,-0.6792644985324239,-0.25338494820949287,-1.641853180693833,-0.050805119846883275,0.6038204438795408,-0.09245433764870507,-0.6038204438795408,-0.7169934710101237,2023-12-29,GOOG
-0.6551200796186484,-0.20731936266938183,-0.35529590901826247,-0.26923362717404914,-0.6386680036586404,-0.4258594808464713,-0.9832903322964959,0.41862321958646215,0.44782962217505823,-0.01789336891111327,-0.44782962217505823,-0.11037410398455319,2024-01-05,GOOG
0.11951254541165414,0.42123289569926703,0.2851968270127156,0.2840063913536956,0.43995905804179986,0.5009271149746052,-0.5300856231486171,0.5359803044447988,0.7496768481441368,0.15546604729538263,-0.7496768481441368,-0.4022977685306401,2024-01-12,GOOG
0.8010274394389523,0.06508055462004818,0.29255726069591126,0.8372464098814396,1.6078436593342795,0.18440244901866637,-0.5482537783537724,-1.224375968430247,0.914039903681557,-0.8644042907287065,-0.914039903681557,-0.23532936881458072,2024-01-19,GOOG
0.663524730217581,0.5391379677566889,0.7744185619308014,0.8372464098814396,1.0642100761621742,0.4297158716327301,-0.17354849164492406,-1.224375968430247,1.0013983112206621,-0.9728669518081611,-1.0013983112206621,-0.2096218638608657,2024-01-26,GOOG
-0.5607972083731028,0.13451693915240673,-0.2696884029662176,0.2840063913536956,0.9772145873680814,-1.7384600966823873,1.7334398220409082,-0.872304713855238,0.5610006819116565,-0.38236527388765185,-0.5610006819116565,0.4894293918740165,2024-02-02,GOOG
